{"id":"50.c4d6cc83-a000-4ae2-b2f5-d35d89f9c6ba/2064.7814960a-7cfe-424d-92b5-d9ce2fbce18c","localeLanguage":"de","localeCountry":"","localeVariant":"","localeDisplayName":"WPT","resourceBundleKey":[{"id":null,"key":"HistoryLBL","value":"Verlauf"},{"id":null,"key":"activitiesDOC","value":"Liste mit Aktivitäten"},{"id":null,"key":"activitiesLBL","value":"Aktivitäten"},{"id":null,"key":"activitySummariesDOC","value":"Die Liste der Aktivitätszusammenfassungen, die angezeigt werden sollen. Dies ist nur zutreffend, wenn die Prozess-ID-Option verwendet wird."},{"id":null,"key":"activitySummariesLBL","value":"Aktivitätszusammenfassungen"},{"id":null,"key":"addFilterLBL","value":"Filter hinzufügen"},{"id":null,"key":"alwaysShowDOC","value":"Immer anzeigen"},{"id":null,"key":"alwaysShowLBL","value":"Immer anzeigen"},{"id":null,"key":"availableActionsDOC","value":"Die Liste der verfügbaren Aktionen, die das Prozessdiagramm aktivieren wird. Diese basieren auf den Berechtigungen des aktuellen Benutzers bei Verwendung innerhalb eines Dashboards."},{"id":null,"key":"availableActionsLBL","value":"AvailableActions"},{"id":null,"key":"blocksShowingOnloadDOC","value":"Anzahl der beim Laden angezeigten Blöcke"},{"id":null,"key":"blocksShowingOnloadLBL","value":"Beim Laden angezeigte Blöcke"},{"id":null,"key":"bottomTableLabelDOC","value":"Text für die unter der Liste angezeigte Bezeichnung eingeben."},{"id":null,"key":"bottomTableLabelLBL","value":"Bezeichnung für Fußzeile hinzufügen"},{"id":null,"key":"branchIdDOC","value":"Die Verzweigungs-ID für einen bestimmten Prozess (die ID beginnt mit 2063.xxx)."},{"id":null,"key":"branchIdLBL","value":"Verzweigungs-ID"},{"id":null,"key":"brandDOC","value":"In der Titelleiste anzuzeigender Markenname"},{"id":null,"key":"brandLBL","value":"Markenname"},{"id":null,"key":"businessColumnsDOC","value":"Die Liste der möglichen Geschäftsspalten"},{"id":null,"key":"businessColumnsLBL","value":"Geschäftsspalten"},{"id":null,"key":"caseScopeDOC","value":"Wählen Sie aus, welche Fallinstanzen in Ihre Liste eingeschlossen werden, und zwar entweder alle Instanzen, die Sie anzeigen dürfen, oder lediglich die Instanzen, die Ihnen direkt zugewiesen sind."},{"id":null,"key":"caseScopeLBL","value":"Fallbereich"},{"id":null,"key":"clearFilterLBL","value":"Filter löschen"},{"id":null,"key":"customPathDOC","value":"Die Liste von ProjectedPathLinkChange für den erstellten benutzerdefinierten Pfad. Dies ist nur zutreffend, wenn die Prozessinstanz-ID-Option verwendet wird."},{"id":null,"key":"customPathLBL","value":"Benutzerdefinierter Pfad"},{"id":null,"key":"disableActionsDOC","value":"Die zu inaktivierenden Aktionen"},{"id":null,"key":"disableActionsLBL","value":"Aktionen inaktivieren"},{"id":null,"key":"disableCompleteTasksDOC","value":"Verhindert, dass Benutzer abgeschlossene Tasks öffnen."},{"id":null,"key":"disableCompleteTasksLBL","value":"Öffnen abgeschlossener Tasks inaktivieren"},{"id":null,"key":"disableFilterEventsDOC","value":"Inaktiviert das automatische Aktualisieren der Liste, wenn Filter aktualisiert werden."},{"id":null,"key":"disableFilterEventsLBL","value":"Automatisches Aktualisieren inaktivieren"},{"id":null,"key":"disableFulltextSearchDOC","value":"Funktionalität für Volltextsuche in der Suchleiste inaktivieren"},{"id":null,"key":"disableFulltextSearchLBL","value":"Volltextsuche inaktivieren"},{"id":null,"key":"disableLeftClickActivityDetailsDOC","value":"Inaktiviert das Popup-Fenter der Aktivitätsdetails, das beim Klicken auf einen Knoten angezeigt wird."},{"id":null,"key":"disableLeftClickActivityDetailsLBL","value":"Aktivitätsdetails (mit Klicken der linken Maustaste) inaktivieren"},{"id":null,"key":"disableRetrieveServicesDOC","value":"Inaktiviert Abrufservices (z. B. Team verwalten, Workstreams erstellen) im Aktionsmenü."},{"id":null,"key":"disableRetrieveServicesLBL","value":"Abrufservices inaktivieren"},{"id":null,"key":"disableRightClickMenusDOC","value":"Inaktiviert das Popup-Fenter des Kontextmenüs, das beim Klicken mit der rechten Maustaste auf einen Knoten angezeigt wird."},{"id":null,"key":"disableRightClickMenusLBL","value":"Kontextmenü (mit Klicken der rechten Maustaste) inaktivieren"},{"id":null,"key":"documentsLBL","value":"Dokumente"},{"id":null,"key":"embededViewDOC","value":"Blendet die Schaltfläche zum Schließen für das Einbetten in eine andere Ansicht aus."},{"id":null,"key":"embededViewLBL","value":"Eingebettete Ansicht"},{"id":null,"key":"enableAddWorkflowDOC","value":"Zeigt die Schaltfläche 'Workflow starten' an."},{"id":null,"key":"enableAddWorkflowLBL","value":"'Workflow starten' anzeigen"},{"id":null,"key":"enableBatchModifyDOC","value":"Ermöglicht das gleichzeitige Ändern mehrerer ausgewählter Tasks."},{"id":null,"key":"enableBatchModifyLBL","value":"Änderung im Stapelbetrieb aktivieren"},{"id":null,"key":"enableHistoryNavDOC","value":"Navigationspfad zur aktuellen Seite im Task-Viewer anzeigen."},{"id":null,"key":"enableHistoryNavLBL","value":"Breadcrumb-Pfad anzeigen"},{"id":null,"key":"enableInstanceDetailsDOC","value":"Aktion zum Anzeigen der Instanz im Überlaufmenü anzeigen."},{"id":null,"key":"enableInstanceDetailsLBL","value":"Ansichtsinstanz anzeigen"},{"id":null,"key":"enableSavedSearchEditingDOC","value":"Aktiviert die Erstellung und Bearbeitung von gespeicherten Suchen."},{"id":null,"key":"enableSavedSearchEditingLBL","value":"Gespeicherte Suchen aktivieren"},{"id":null,"key":"enterDecimalLBL","value":"Dezimalzahl eingeben..."},{"id":null,"key":"enterNumberLBL","value":"Zahl eingeben..."},{"id":null,"key":"eventONNavigationButtonClickedDOC","value":"Ereignis, wenn auf Navigationselement geklickt wird"},{"id":null,"key":"eventONNavigationButtonClickedLBL","value":"Auf Navigationselement geklickt"},{"id":null,"key":"eventONPageSizeChangedDOC","value":"Wird ausgelöst, wenn sich die Anzahl der Elemente pro Seite ändert."},{"id":null,"key":"eventONPageSizeChangedLBL","value":"Bei Änderung von Elementen pro Seite"},{"id":null,"key":"eventONPageSwitchedDOC","value":"Wird ausgelöst, wenn sich die Seitennummer ändert."},{"id":null,"key":"eventONPageSwitchedLBL","value":"Bei Seitenänderung"},{"id":null,"key":"eventOnCardBlurDOC","value":"Wird ausgelöst, wenn eine Karte den Fokus verliert"},{"id":null,"key":"eventOnCardBlurLBL","value":"Unschärfe auf Karte"},{"id":null,"key":"eventOnCardFocusDOC","value":"Wird ausgelöst, wenn eine Karte den Fokus erhält"},{"id":null,"key":"eventOnCardFocusLBL","value":"Fokus auf Karte"},{"id":null,"key":"eventOnChangeDOC","value":"Bei Änderungsereignis"},{"id":null,"key":"eventOnChangeLBL","value":"Bei Änderung"},{"id":null,"key":"eventOnExternalFetchDOC","value":"Die Methode erwartet, dass setTasks() mit der neuen Taskliste aufgerufen wird."},{"id":null,"key":"eventOnExternalFetchLBL","value":"Bei externem Abruf"},{"id":null,"key":"eventOnFilterBtnClickedDOC","value":"Wird ausgelöst, wenn auf eine Filterschaltfläche geklickt wird."},{"id":null,"key":"eventOnFilterBtnClickedLBL","value":"Bei Klicken auf Filterschaltfläche"},{"id":null,"key":"eventOnHideDOC","value":"Bei Ausblendereignis"},{"id":null,"key":"eventOnHideLBL","value":"Beim Ausblenden"},{"id":null,"key":"eventOnInstanceLaunchedLBL","value":"Bei Instanzstart"},{"id":null,"key":"eventOnInstanceUIActionDOC","value":"Auf Instanz UI-Aktionsereignis"},{"id":null,"key":"eventOnInstanceUIActionLBL","value":"Auf Instanz UI-Aktion"},{"id":null,"key":"eventOnInstanceUIActivitySelectedDOC","value":"Auf Instanz UI-Aktivitätsauswahlereignis"},{"id":null,"key":"eventOnInstanceUIActivitySelectedLBL","value":"Auf Instanz UI-Aktivität ausgewählt"},{"id":null,"key":"eventOnInstanceUIClosedDOC","value":"Bei Instanzschließungsereignis"},{"id":null,"key":"eventOnInstanceUIClosedLBL","value":"Bei Instanzschließung"},{"id":null,"key":"eventOnInstanceUICommentPostDOC","value":"Auf Instanz UI-Kommentarbeitragsereignis"},{"id":null,"key":"eventOnInstanceUICommentPostLBL","value":"Auf Instanz UI-Kommentarbeitrag"},{"id":null,"key":"eventOnInstanceUILaunchedDOC","value":"Bei Instanz-UI-Startereignis"},{"id":null,"key":"eventOnInstanceUILaunchedLBL","value":"Bei Instanz-UI-Start"},{"id":null,"key":"eventOnInstanceUITabChangeDOC","value":"Auf Instanz Ui-Registerkartenwechsel-Ereignis"},{"id":null,"key":"eventOnInstanceUITabChangeLBL","value":"Auf Instanz UI-Registerkartenwechsel"},{"id":null,"key":"eventOnLoadDOC","value":"Onload-Ereignis"},{"id":null,"key":"eventOnLoadLBL","value":"Bei Laden"},{"id":null,"key":"eventOnProcessLaunched","value":"Bei Prozessstartereignis"},{"id":null,"key":"eventOnRefreshDOC","value":"Bei Aktualisierungsereignis"},{"id":null,"key":"eventOnRefreshLBL","value":"Beim Aktualisieren"},{"id":null,"key":"eventOnSearchLaunched","value":"Bei Suchstartereignis"},{"id":null,"key":"eventOnServiceClosedDOC","value":"Bei Serviceschließungsereignis"},{"id":null,"key":"eventOnServiceClosedLBL","value":"Bei Serviceschließung"},{"id":null,"key":"eventOnServiceLaunched","value":"Bei Servicestartereignis"},{"id":null,"key":"eventOnServiceOpenedDOC","value":"Bei Serviceöffnungsereignis"},{"id":null,"key":"eventOnServiceOpenedLBL","value":"Bei Serviceöffnung"},{"id":null,"key":"eventOnShowDOC","value":"Bei Anzeigeereignis"},{"id":null,"key":"eventOnShowLBL","value":"Bei Anzeigen"},{"id":null,"key":"eventOnTaskActionDOC","value":"Bei Taskaktionsereignis"},{"id":null,"key":"eventOnTaskActionLBL","value":"Bei Taskaktion"},{"id":null,"key":"eventOnTaskClosedDOC","value":"Bei Taskschließungsereignis"},{"id":null,"key":"eventOnTaskClosedLBL","value":"Bei Taskschließung"},{"id":null,"key":"eventOnTaskLaunchedDOC","value":"Bei Taskstartereignis"},{"id":null,"key":"eventOnTaskLaunchedLBL","value":"Bei Taskstart"},{"id":null,"key":"eventOnTaskOpenedDOC","value":"Bei Tasköffnungsereignis"},{"id":null,"key":"eventOnTaskOpenedLBL","value":"Bei Tasköffnung"},{"id":null,"key":"eventOnVisibilityChangeDOC","value":"Bei Sichtbarkeitsereignis"},{"id":null,"key":"eventOnVisibilityChangeLBL","value":"Bei Änderung der Sichtbarkeit"},{"id":null,"key":"filterByProjectDOC","value":"Geben Sie den Projektnamen ein, um die Instanzliste anhand der Instanzen für das betreffende Projekt zu filtern."},{"id":null,"key":"filterByProjectLBL","value":"Nach Projekt filtern"},{"id":null,"key":"generalTaskSortingDOC","value":"Wählen Sie die Bindung aus, um die Sortierung der Liste als persistent zu definieren."},{"id":null,"key":"hideActionsMenuDOC","value":"Inaktiviert das Menü, das Zugriff auf weitere Aktionen für die Task bietet."},{"id":null,"key":"hideActionsMenuLBL","value":"Aktionsmenü inaktivieren"},{"id":null,"key":"hideCase","value":"Fälle ausblenden"},{"id":null,"key":"hideColumnSelectorDOC","value":"Selektor für die in der Liste anzuzeigenden Spalten ausblenden"},{"id":null,"key":"hideColumnSelectorLBL","value":"Spaltenselektor ausblenden"},{"id":null,"key":"hideProcess","value":"Prozesse ausblenden"},{"id":null,"key":"hideSearchBarDOC","value":"Blendet die Suchleiste aus."},{"id":null,"key":"hideSearchBarLBL","value":"Suchleiste ausblenden"},{"id":null,"key":"hideService","value":"Startbare Services ausblenden"},{"id":null,"key":"hideStatusColumnDOC","value":"Statusspalte in der Liste ausblenden"},{"id":null,"key":"hideStatusColumnLBL","value":"Statusspalte ausblenden"},{"id":null,"key":"instanceDOC","value":"InstanceData"},{"id":null,"key":"instanceFiltersDOC","value":"Bindung auswählen, um die Filter in der Instanzliste dauerhaft festzulegen."},{"id":null,"key":"instanceFiltersLBL","value":"Persistente Instanzfilter festlegen"},{"id":null,"key":"instanceIdDOC","value":"Die ID der Geschäftsprozessdefinitionsinstanz. Diese Option hat Vorrang vor der Option 'Prozess-ID'."},{"id":null,"key":"instanceIdLBL","value":"Prozessinstanz-ID"},{"id":null,"key":"instanceLBL","value":"Instanz"},{"id":null,"key":"instanceListColumnWidthDOC","value":"Bindung auswählen, um die Spaltenbreiten in der Instanzliste dauerhaft festzulegen."},{"id":null,"key":"instanceListColumnWidthLBL","value":"Persistente Spaltenbreiten festlegen"},{"id":null,"key":"instanceModeDOC","value":"Nur instanzbezogene Suchen anzeigen"},{"id":null,"key":"instanceModeLBL","value":"Instanzmodus"},{"id":null,"key":"instancesColumnsDOC","value":"Geben Sie die in der Instanzliste anzuzeigenden Spalten an."},{"id":null,"key":"instancesColumnsLBL","value":"Instanzspalten anpassen"},{"id":null,"key":"instancesEnableInstanceDetailsDOC","value":"Fähigkeit zum Öffnen einer Workflowinstanz aktivieren"},{"id":null,"key":"instancesEnableInstanceDetailsLBL","value":"Instanzstart aktivieren"},{"id":null,"key":"instancesPerPageDOC","value":"Anzahl Instanzen eingeben, die pro Seite angezeigt werden sollen."},{"id":null,"key":"instancesPerPageLBL","value":"Instanzen pro Seite festlegen"},{"id":null,"key":"instancesSortDOC","value":"Wählen Sie die Bindung aus, um die Sortierung der Instanzliste als persistent zu definieren."},{"id":null,"key":"instancesSortLBL","value":"Persistente Instanzsortierung festlegen"},{"id":null,"key":"isTaskFilterServiceEnabledDOC","value":"Intelligent Task Prioritization aktivieren, wodurch die Liste sortiert wird und die höher priorisierten Tasks an den Anfang der Liste gestellt werden."},{"id":null,"key":"isTaskFilterServiceEnabledLBL","value":"Taskpriorisierung aktivieren"},{"id":null,"key":"itemLengthDOC","value":"Länge einer Eingabeliste."},{"id":null,"key":"itemLengthLBL","value":"Elementlänge"},{"id":null,"key":"itemPerPageDOC","value":"Anzahl der Elemente pro Seite."},{"id":null,"key":"itemPerPageLBL","value":"Pro Seite"},{"id":null,"key":"localizationServiceDOC","value":"Den Service angeben, der zum Abrufen der lokalisierten Zeichenfolgen für die Verwendung in dieser Coach-Ansicht verwendet wird."},{"id":null,"key":"localizationServiceLBL","value":"Lokalisierungsservice"},{"id":null,"key":"mandatoryColumnsDOC","value":"Die Liste der obligatorischen Spalten"},{"id":null,"key":"mandatoryColumnsLBL","value":"Obligatorische Spalten"},{"id":null,"key":"maximumSearchSizeDOC","value":"Maximale Anzahl Tasks festlegen, die für eine Suche zurückgegeben werden."},{"id":null,"key":"maximumSearchSizeLBL","value":"Maximales Suchlimit festlegen"},{"id":null,"key":"numberOfTaskOptionDOC","value":"Liste mit Anzahl der verfügbaren Taskoptionen"},{"id":null,"key":"numberOfTaskOptionLBL","value":"Taskanzahlliste"},{"id":null,"key":"placeholderDOC","value":"Platzhalter für Eingabefelder"},{"id":null,"key":"placeholderLBL","value":"Platzhalter"},{"id":null,"key":"processAppAcroDOC","value":"App-Akronym zum Filtern der Liste eingeben, damit nur die Tasks für die betreffende App angezeigt werden."},{"id":null,"key":"processAppAcroLBL","value":"Nach App filtern"},{"id":null,"key":"processIdDOC","value":"Die ID der Geschäftsprozessdefinition des Prozessdiagramms, die angezeigt werden soll. Eine Snapshot-ID, Verzweigungs-ID oder Projekt-ID sind erforderlich."},{"id":null,"key":"processIdLBL","value":"Prozess-ID"},{"id":null,"key":"processModeDOC","value":"Ansicht zum Anzeigen von Prozessinformationen optimieren"},{"id":null,"key":"processModeLBL","value":"Für Prozesse optimieren"},{"id":null,"key":"projectIdDOC","value":"Die Projekt-ID für einen bestimmten Prozess (die ID beginnt mit 2066.xxx)."},{"id":null,"key":"projectIdLBL","value":"Projekt-ID"},{"id":null,"key":"projectedPathDOC","value":"Die Liste der Aktivitäts-IDs zusammen mit dem geplanten Pfad, der hervorgehoben werden soll. Die Aktivitäten müssen in der Ablaufreihenfolge angegeben werden. Dies ist nur zutreffend, wenn die Prozessinstanz-ID-Option verwendet wird."},{"id":null,"key":"projectedPathLBL","value":"Geplanter Pfad"},{"id":null,"key":"recentInstanceSearchesDOC","value":"Bindung auswählen, damit die neuesten Suchen in der Suchleiste erhalten bleiben."},{"id":null,"key":"recentInstanceSearchesLBL","value":"Persistente Suchen festlegen"},{"id":null,"key":"recentTaskSearchesDOC","value":"Bindung auswählen, damit die neuesten Suchen in der Suchleiste erhalten bleiben."},{"id":null,"key":"recentTaskSearchesLBL","value":"Persistente Suchen festlegen"},{"id":null,"key":"recentWorkstreamLimit","value":"Anzahl der in der Liste anzuzeigenden Workstreams"},{"id":null,"key":"removeFilterLBL","value":"Filter entfernen"},{"id":null,"key":"requiredOwnershipCheckDOC","value":"Prüft, ob der aktuelle Benutzer zum Öffnen der Task berechtigt ist."},{"id":null,"key":"requiredOwnershipCheckLBL","value":"Taskeigentumsrecht prüfen"},{"id":null,"key":"responsiveModeDOC","value":"Anzeigegröße zum Anzeigen der Taskliste auswählen."},{"id":null,"key":"responsiveModeLBL","value":"Responsiven Modus festlegen"},{"id":null,"key":"riskStateDOC","value":"Wird auf den ausgewählten Status einer Aktivität festgelegt, wenn Aktivitätszusammenfassungen angezeigt werden. Gültige Werte sind 'Im Plan', 'Gefährdet' und 'Überfällig'."},{"id":null,"key":"riskStateLBL","value":"Risikostatus"},{"id":null,"key":"savedSearchInstanceFilterDOC","value":"Nur instanzbezogene Filter anzeigen."},{"id":null,"key":"savedSearchInstanceFilterLBL","value":"Instanzfilter"},{"id":null,"key":"savedSearchInstanceModeDOC","value":"Nur instanzbezogene Filter und Spalten anzeigen"},{"id":null,"key":"savedSearchInstanceModeLBL","value":"Instanzmodus"},{"id":null,"key":"savedSearchNameDOC","value":"Bindung auswählen, um die gespeicherten Suchen in der Taskliste dauerhaft festzulegen"},{"id":null,"key":"savedSearchNameLBL","value":"Persistente gespeicherte Suchen festlegen"},{"id":null,"key":"scopeDOC","value":"Zeigen Sie den Suchfilter als Bereichsfilter an."},{"id":null,"key":"scopeLBL","value":"Als Bereichsfilter anzeigen"},{"id":null,"key":"selectDateLBL","value":"Datum auswählen..."},{"id":null,"key":"selectValueLBL","value":"Wert auswählen"},{"id":null,"key":"showActivitySummariesDOC","value":"Steuert, ob die Aktivitätszusammenfassungen angezeigt werden sollen. Dies ist nur zutreffend, wenn die Prozess-ID-Option verwendet wird."},{"id":null,"key":"showActivitySummariesLBL","value":"Aktivitätszusammenfassungen anzeigen"},{"id":null,"key":"showAllStatsDOC","value":"Alle statistischen Werte anzeigen (einschließlich leerer Werte)"},{"id":null,"key":"showAllStatsLBL","value":"Alle Werte anzeigen"},{"id":null,"key":"showInstanceRefreshDOC","value":"Schaltfläche für Aktualisierung anzeigen, mit der Sie die Instanzliste manuell aktualisieren können, wenn der Benachrichtigungsserver nicht verfügbar ist."},{"id":null,"key":"showOnTaskClosedDOC","value":"Task-Viewer nach Schließung der Task anzeigen."},{"id":null,"key":"showOnTaskClosedLBL","value":"Bei Taskschließung anzeigen"},{"id":null,"key":"showPageSizerDOC","value":"Zeigt den Seitensizer an."},{"id":null,"key":"showPageSizerLBL","value":"Seitensizer anzeigen"},{"id":null,"key":"showPagerStatsDOC","value":"Zeigt die Seitenstatistik an."},{"id":null,"key":"showPagerStatsLBL","value":"Seitenstatistik anzeigen"},{"id":null,"key":"showRefreshLBL","value":"Schaltfläche für Aktualisierung anzeigen"},{"id":null,"key":"showSavedSearchesDOC","value":"Zeigt eine Dropdown-Liste mit gespeicherten Suchen an."},{"id":null,"key":"showSavedSearchesLBL","value":"Gespeicherte Suchen anzeigen"},{"id":null,"key":"showSingleListDOC","value":"Alle Tasks in einer einzelnen Liste anzeigen"},{"id":null,"key":"showSingleListLBL","value":"Einzelne Liste anzeigen"},{"id":null,"key":"showSortByArrowDOC","value":"Selektor einblenden, mit dem die Taskliste in aufsteigender, absteigender oder Standardreihenfolge sortiert wird."},{"id":null,"key":"showSortByArrowLBL","value":"Selektor für Spaltensortierung einblenden"},{"id":null,"key":"showStatsDOC","value":"Eine Zusammenfassung der Taskstatistik anzeigen."},{"id":null,"key":"showStatsLBL","value":"Statistikdaten anzeigen"},{"id":null,"key":"showTaskRefreshDOC","value":"Schaltfläche für Aktualisierung anzeigen, mit der Sie die Taskliste manuell aktualisieren können, wenn der Benachrichtigungsserver nicht verfügbar ist."},{"id":null,"key":"showTotalOnlyDOC","value":"Nur gesamte Taskanzahl anzeigen"},{"id":null,"key":"showTotalOnlyLBL","value":"Nur Summe anzeigen"},{"id":null,"key":"skipClaimForTasksDOC","value":"Modaldialog zum Anfordern von Tasks ausblenden. Die Task wird automatisch beim Öffnen angefordert."},{"id":null,"key":"skipClaimForTasksLBL","value":"Taskanforderung inaktivieren"},{"id":null,"key":"skipNavDOC","value":"Den Dialog zum Öffnen von Case Client in einem neuen Fenster nicht anzeigen."},{"id":null,"key":"skipNavLBL","value":"Bestätigungsdialog überspringen"},{"id":null,"key":"snapshotIdDOC","value":"Die Snapshot-ID für einen bestimmten Prozess (die ID beginnt mit 2064.xxx)."},{"id":null,"key":"snapshotIdLBL","value":"Snapshot-ID"},{"id":null,"key":"sortByDOC","value":"Spalte angeben, nach der die Liste anfänglich sortiert wird"},{"id":null,"key":"sortByLBL","value":"Nach Spalte sortieren"},{"id":null,"key":"stepIdDOC","value":"Wird auf die den ausgewählten Aktivitätsschritt festgelegt, wenn Aktivitätszusammenfassungen angezeigt werden."},{"id":null,"key":"stepIdLBL","value":"Schritt-ID"},{"id":null,"key":"systemColumnsDOC","value":"Die Liste der möglichen internen Spalten"},{"id":null,"key":"systemColumnsLBL","value":"Interne Spalten"},{"id":null,"key":"systemDataDOC","value":"Legt die Systemdaten fest, die im Task-Viewer angezeigt werden sollen."},{"id":null,"key":"systemDataLBL","value":"Systemdaten anpassen"},{"id":null,"key":"taskActionsDOC","value":"Liste mit Aktionen festlegen, die für die Task ausgeführt werden können."},{"id":null,"key":"taskActionsLBL","value":"Taskaktionen festlegen"},{"id":null,"key":"taskDOC","value":"Legt die Task fest, die im Task-Viewer angezeigt werden soll."},{"id":null,"key":"taskFiltersDOC","value":"Bindung auswählen, um die Filter in der Taskliste dauerhaft festzulegen."},{"id":null,"key":"taskFiltersLBL","value":"Persistente Filter festlegen"},{"id":null,"key":"taskLBL","value":"Task festlegen"},{"id":null,"key":"taskLaunchEventDOC","value":"Geben Sie den Namen des Ereignisses ein, das beim Öffnen einer Task ausgelöst wird."},{"id":null,"key":"taskLaunchEventLBL","value":"Ereignis für den Taskstart festlegen"},{"id":null,"key":"taskListColumnWidthDOC","value":"Bindung auswählen, um die Spaltenbreiten in der Taskliste dauerhaft festzulegen."},{"id":null,"key":"taskListColumnWidthLBL","value":"Persistente Spaltenbreiten festlegen"},{"id":null,"key":"taskListEnableInstanceDetailsDOC","value":"Fähigkeit zum Öffnen einer Task aktivieren"},{"id":null,"key":"taskListFavoritesLBL","value":"Favoriten"},{"id":null,"key":"taskListTaskSortingDOC","value":"Wählen Sie die Bindung aus, um die Sortierung der Taskliste als persistent zu definieren."},{"id":null,"key":"taskListTaskSortingLBL","value":"Persistente Sortierung festlegen"},{"id":null,"key":"tasksColumnsDOC","value":"Geben Sie die in der Taskliste anzuzeigenden Spalten an."},{"id":null,"key":"tasksColumnsLBL","value":"Spalten anpassen"},{"id":null,"key":"tasksDOC","value":"Liste der anzuzeigenden Tasks"},{"id":null,"key":"tasksLBL","value":"Tasks"},{"id":null,"key":"tasksPerBlockDOC","value":"Die Anzahl der pro Block angezeigten Tasks"},{"id":null,"key":"tasksPerBlockLBL","value":"Tasks pro Block"},{"id":null,"key":"tasksPerPageDOC","value":"Anzahl Tasks eingeben, die pro Seite angezeigt werden sollen."},{"id":null,"key":"tasksPerPageLBL","value":"Tasks pro Seite festlegen"},{"id":null,"key":"teamsDOC","value":"Liste der Teamzusammenfassungen"},{"id":null,"key":"teamsLBL","value":"Teams"},{"id":null,"key":"titleDOC","value":"In der Titelleiste anzuzeigende Zeichenfolge"},{"id":null,"key":"titleLBL","value":"Titelzeichenfolge"},{"id":null,"key":"topTableLabelDOC","value":"Text für die oberhalb der Liste angezeigte Bezeichnung eingeben."},{"id":null,"key":"topTableLabelLBL","value":"Bezeichnung für Kopfzeile hinzufügen"},{"id":null,"key":"traversedPathDOC","value":"Die Liste der Link-IDs, die hervorgehoben werden, um den durchquerten Pfad anzuzeigen. Dies ist nur zutreffend, wenn die Prozessinstanz-ID-Option verwendet wird."},{"id":null,"key":"traversedPathLBL","value":"Durchquerter Pfad"},{"id":null,"key":"typeHereLBL","value":"Hier eingeben..."},{"id":null,"key":"useEventTriggeringFetchActionDOC","value":"Delegiert die Anforderung zum Abrufen von Tasks an ein Ereignis."},{"id":null,"key":"useEventTriggeringFetchActionLBL","value":"Ereignis zum Abrufen von Tasks verwenden"},{"id":null,"key":"workflowsLBL","value":"Workflows"},{"id":null,"key":"workplaceConfigDOC","value":"Konfiguriert Workplace-Verhalten"},{"id":null,"key":"workplaceConfigLBL","value":"Workplace-Konfiguration"},{"id":null,"key":"workplaceUserSettingsDOC","value":"Bindung zum Beibehalten von Benutzereinstellungen, die bei einer erneuten Anmeldung des Benutzers angewendet wird"},{"id":null,"key":"workplaceUserSettingsLBL","value":"Workplace-Benutzereinstellungen"},{"id":null,"key":"zoomFactorDOC","value":"Gültige Werte für die Zoomstufe des Prozessdiagramms sind die Zahlen 1 bis 10."},{"id":null,"key":"zoomFactorLBL","value":"Zoomstufe"}]}