{"id":"50.c4d6cc83-a000-4ae2-b2f5-d35d89f9c6ba/2064.7814960a-7cfe-424d-92b5-d9ce2fbce18c","localeLanguage":"pl","localeCountry":"","localeVariant":"","localeDisplayName":"WPT","resourceBundleKey":[{"id":null,"key":"HistoryLBL","value":"Historia"},{"id":null,"key":"activitiesDOC","value":"Lista działań"},{"id":null,"key":"activitiesLBL","value":"Działania"},{"id":null,"key":"activitySummariesDOC","value":"Lista podsumowań działań do wyświetlenia. Ma zastosowanie tylko wtedy, gdy używana jest opcja identyfikatora procesu."},{"id":null,"key":"activitySummariesLBL","value":"Podsumowania działań"},{"id":null,"key":"addFilterLBL","value":"Dodaj filtr"},{"id":null,"key":"alwaysShowDOC","value":"Zawsze pokazuj"},{"id":null,"key":"alwaysShowLBL","value":"Zawsze pokazuj"},{"id":null,"key":"availableActionsDOC","value":"Lista dostępnych działań, które aktywuje diagram procesu. Jest ona określona na podstawie autoryzacji bieżącego użytkownika w przypadku korzystania z panelu kontrolnego."},{"id":null,"key":"availableActionsLBL","value":"Dostępne działania"},{"id":null,"key":"blocksShowingOnloadDOC","value":"Liczba bloków wyświetlanych podczas ładowania"},{"id":null,"key":"blocksShowingOnloadLBL","value":"Bloki wyświetlane podczas ładowania"},{"id":null,"key":"bottomTableLabelDOC","value":"Wprowadź tekst etykiety wyświetlany pod listą."},{"id":null,"key":"bottomTableLabelLBL","value":"Dodaj etykietę stopki"},{"id":null,"key":"branchIdDOC","value":"Identyfikator gałęzi dla konkretnego procesu (rozpoczyna się od łańcucha 2063.xxx)."},{"id":null,"key":"branchIdLBL","value":"Identyfikator gałęzi"},{"id":null,"key":"brandDOC","value":"Nazwa firmy do wyświetlenia na pasku tytułu"},{"id":null,"key":"brandLBL","value":"Nazwa firmy"},{"id":null,"key":"businessColumnsDOC","value":"Lista możliwych kolumn biznesowych"},{"id":null,"key":"businessColumnsLBL","value":"Kolumny biznesowe"},{"id":null,"key":"caseScopeDOC","value":"Wybierz instancje spraw do uwzględnienia na liście, albo wszystkie instancje, które użytkownik może zobaczyć lub tylko te instancje, które są przypisane bezpośrednio do użytkownika."},{"id":null,"key":"caseScopeLBL","value":"Zasięg sprawy"},{"id":null,"key":"clearFilterLBL","value":"Wyczyść filtr"},{"id":null,"key":"customPathDOC","value":"Lista zmian odsyłaczy zakładanej ścieżki dla utworzonej ścieżki niestandardowej. Ma zastosowanie tylko wtedy, gdy używana jest opcja identyfikatora instancji procesu."},{"id":null,"key":"customPathLBL","value":"Ścieżka niestandardowa"},{"id":null,"key":"disableActionsDOC","value":"Działania do wyłączenia"},{"id":null,"key":"disableActionsLBL","value":"Wyłącz działania"},{"id":null,"key":"disableCompleteTasksDOC","value":"Uniemożliwiaj użytkownikom otwieranie zakończonych zadań."},{"id":null,"key":"disableCompleteTasksLBL","value":"Wyłącz otwieranie zakończonych zadań"},{"id":null,"key":"disableFilterEventsDOC","value":"Wyłącz automatyczne odświeżanie listy po zaktualizowaniu filtrów."},{"id":null,"key":"disableFilterEventsLBL","value":"Wyłącz automatyczne odświeżanie"},{"id":null,"key":"disableFulltextSearchDOC","value":"Wyłącz możliwość wyszukiwania pełnotekstowego na pasku wyszukiwania"},{"id":null,"key":"disableFulltextSearchLBL","value":"Wyłącz wyszukiwanie pełnotekstowe"},{"id":null,"key":"disableLeftClickActivityDetailsDOC","value":"Wyłącza element wywoływany Szczegóły działania, który jest wyświetlany po kliknięciu węzła."},{"id":null,"key":"disableLeftClickActivityDetailsLBL","value":"Wyłącz szczegóły działania wywoływane po kliknięciu lewym przyciskiem myszy"},{"id":null,"key":"disableRetrieveServicesDOC","value":"Wyłączenie pobierania usług (np. zarządzania zespołem, tworzenia strumieni pracy) do menu działań."},{"id":null,"key":"disableRetrieveServicesLBL","value":"Wyłącz pobieranie usług"},{"id":null,"key":"disableRightClickMenusDOC","value":"Wyłącza element wywoływany Menu kontekstowe wyświetlany po kliknięciu węzła prawym przyciskiem myszy."},{"id":null,"key":"disableRightClickMenusLBL","value":"Wyłącz menu kontekstowe wywoływane po kliknięciu prawym przyciskiem myszy"},{"id":null,"key":"documentsLBL","value":"Dokumenty"},{"id":null,"key":"embededViewDOC","value":"Ukrywa przycisk zamykania w celu osadzenia w innym widoku."},{"id":null,"key":"embededViewLBL","value":"Widok osadzony"},{"id":null,"key":"enableAddWorkflowDOC","value":"Pokaż przycisk Rozpocznij przepływ pracy."},{"id":null,"key":"enableAddWorkflowLBL","value":"Pokaż przycisk Rozpocznij przepływ pracy"},{"id":null,"key":"enableBatchModifyDOC","value":"Aktywuj jednoczesną modyfikację kilku wybranych zadań."},{"id":null,"key":"enableBatchModifyLBL","value":"Aktywuj modyfikację zbiorczą"},{"id":null,"key":"enableHistoryNavDOC","value":"Pokaż ścieżkę nawigacyjną do bieżącej strony w przeglądarce zadań."},{"id":null,"key":"enableHistoryNavLBL","value":"Pokaż ścieżkę nawigacyjną"},{"id":null,"key":"enableInstanceDetailsDOC","value":"Pokaż działanie instancji widoku w menu nadmiaru."},{"id":null,"key":"enableInstanceDetailsLBL","value":"Pokaż instancję widoku"},{"id":null,"key":"enableSavedSearchEditingDOC","value":"Aktywuj tworzenie i edytowanie zapisanych wyszukań."},{"id":null,"key":"enableSavedSearchEditingLBL","value":"Aktywuj zapisane wyszukiwania"},{"id":null,"key":"enterDecimalLBL","value":"Wprowadź liczbę dziesiętną..."},{"id":null,"key":"enterNumberLBL","value":"Wprowadź liczbę..."},{"id":null,"key":"eventONNavigationButtonClickedDOC","value":"Zdarzenie przy kliknięciu elementu nawigacji"},{"id":null,"key":"eventONNavigationButtonClickedLBL","value":"Przy kliknięciu elementu nawigacji"},{"id":null,"key":"eventONPageSizeChangedDOC","value":"Wyzwalane, kiedy liczba pozycji na stronie zostaje zmieniona."},{"id":null,"key":"eventONPageSizeChangedLBL","value":"Przy zmianie elementów na stronie"},{"id":null,"key":"eventONPageSwitchedDOC","value":"Wyzwalane przy zmianie numeru strony."},{"id":null,"key":"eventONPageSwitchedLBL","value":"Przy zmianie strony"},{"id":null,"key":"eventOnCardBlurDOC","value":"Wyzwalane, kiedy karta przestaje być aktywna"},{"id":null,"key":"eventOnCardBlurLBL","value":"Przy dezaktywowaniu karty"},{"id":null,"key":"eventOnCardFocusDOC","value":"Wyzwalane, kiedy karta zostaje aktywowana"},{"id":null,"key":"eventOnCardFocusLBL","value":"Przy aktywowaniu karty"},{"id":null,"key":"eventOnChangeDOC","value":"Zdarzenie przy zmianie"},{"id":null,"key":"eventOnChangeLBL","value":"Przy zmianie"},{"id":null,"key":"eventOnExternalFetchDOC","value":"Metoda oczekuje wywołania setTasks() na nowej liście zadań."},{"id":null,"key":"eventOnExternalFetchLBL","value":"Przy zewnętrznym pobieraniu"},{"id":null,"key":"eventOnFilterBtnClickedDOC","value":"Wyzwalane po kliknięciu przycisku filtrowania."},{"id":null,"key":"eventOnFilterBtnClickedLBL","value":"Przy kliknięciu przycisku filtrowania"},{"id":null,"key":"eventOnHideDOC","value":"Zdarzenie przy ukrywaniu"},{"id":null,"key":"eventOnHideLBL","value":"Przy ukrywaniu"},{"id":null,"key":"eventOnInstanceLaunchedLBL","value":"Przy uruchomionej instancji"},{"id":null,"key":"eventOnInstanceUIActionDOC","value":"Zdarzenie przy czynności w IU instancji"},{"id":null,"key":"eventOnInstanceUIActionLBL","value":"Przy czynności w IU instancji"},{"id":null,"key":"eventOnInstanceUIActivitySelectedDOC","value":"Zdarzenie przy wybraniu działania w IU instancji"},{"id":null,"key":"eventOnInstanceUIActivitySelectedLBL","value":"Przy wybraniu działania w IU instancji"},{"id":null,"key":"eventOnInstanceUIClosedDOC","value":"Zdarzenie przy zamknięciu instancji"},{"id":null,"key":"eventOnInstanceUIClosedLBL","value":"Przy zamknięciu instancji"},{"id":null,"key":"eventOnInstanceUICommentPostDOC","value":"Zdarzenie przy opublikowaniu komentarza w IU instancji"},{"id":null,"key":"eventOnInstanceUICommentPostLBL","value":"Przy opublikowaniu komentarza w IU instancji"},{"id":null,"key":"eventOnInstanceUILaunchedDOC","value":"Zdarzenie przy uruchomieniu IU instancji"},{"id":null,"key":"eventOnInstanceUILaunchedLBL","value":"Przy uruchomieniu IU instancji"},{"id":null,"key":"eventOnInstanceUITabChangeDOC","value":"Zdarzenie przy zmianie karty w IU instancji"},{"id":null,"key":"eventOnInstanceUITabChangeLBL","value":"Przy zmianie karty w IU instancji"},{"id":null,"key":"eventOnLoadDOC","value":"Zdarzenie przy ładowaniu"},{"id":null,"key":"eventOnLoadLBL","value":"Przy ładowaniu"},{"id":null,"key":"eventOnProcessLaunched","value":"Zdarzenie przy uruchomionym procesie"},{"id":null,"key":"eventOnRefreshDOC","value":"Zdarzenie przy odświeżaniu"},{"id":null,"key":"eventOnRefreshLBL","value":"Przy odświeżaniu"},{"id":null,"key":"eventOnSearchLaunched","value":"Zdarzenie przy uruchomionym wyszukiwaniu"},{"id":null,"key":"eventOnServiceClosedDOC","value":"Zdarzenie przy zamkniętej usłudze"},{"id":null,"key":"eventOnServiceClosedLBL","value":"Przy zamkniętej usłudze"},{"id":null,"key":"eventOnServiceLaunched","value":"Zdarzenie przy uruchomionej usłudze"},{"id":null,"key":"eventOnServiceOpenedDOC","value":"Zdarzenie przy otwartej usłudze"},{"id":null,"key":"eventOnServiceOpenedLBL","value":"Przy otwartej usłudze"},{"id":null,"key":"eventOnShowDOC","value":"Zdarzenie przy wyświetlaniu"},{"id":null,"key":"eventOnShowLBL","value":"Przy wyświetlaniu"},{"id":null,"key":"eventOnTaskActionDOC","value":"Zdarzenie przy działaniu zadania"},{"id":null,"key":"eventOnTaskActionLBL","value":"Przy działaniu zadania"},{"id":null,"key":"eventOnTaskClosedDOC","value":"Zdarzenie przy zamkniętym zadaniu"},{"id":null,"key":"eventOnTaskClosedLBL","value":"Przy zamkniętym zadaniu"},{"id":null,"key":"eventOnTaskLaunchedDOC","value":"Zdarzenie przy uruchomionym zadaniu"},{"id":null,"key":"eventOnTaskLaunchedLBL","value":"Przy uruchomionym zadaniu"},{"id":null,"key":"eventOnTaskOpenedDOC","value":"Zdarzenie przy otwartym zadaniu"},{"id":null,"key":"eventOnTaskOpenedLBL","value":"Przy otwartym zadaniu"},{"id":null,"key":"eventOnVisibilityChangeDOC","value":"Zdarzenie przy widoczności"},{"id":null,"key":"eventOnVisibilityChangeLBL","value":"Przy zmianie widoczności"},{"id":null,"key":"filterByProjectDOC","value":"Wprowadź nazwę projektu w celu filtrowania listy instancji, tak aby zawierała tylko instancje dla tego projektu."},{"id":null,"key":"filterByProjectLBL","value":"Filtruj wg projektu"},{"id":null,"key":"generalTaskSortingDOC","value":"Wybierz powiązanie, aby utrwalić sortowanie listy."},{"id":null,"key":"hideActionsMenuDOC","value":"Wyłącz menu, które zapewnia dostęp do dodatkowych działań dla zadania."},{"id":null,"key":"hideActionsMenuLBL","value":"Wyłącz menu działań"},{"id":null,"key":"hideCase","value":"Ukryj sprawy"},{"id":null,"key":"hideColumnSelectorDOC","value":"Ukryj selektor dla kolumn do wyświetlenia na liście."},{"id":null,"key":"hideColumnSelectorLBL","value":"Ukryj selektor kolumn"},{"id":null,"key":"hideProcess","value":"Ukryj procesy"},{"id":null,"key":"hideSearchBarDOC","value":"Ukryj pasek wyszukiwania."},{"id":null,"key":"hideSearchBarLBL","value":"Ukryj pasek wyszukiwania"},{"id":null,"key":"hideService","value":"Ukryj usługi uruchamiania"},{"id":null,"key":"hideStatusColumnDOC","value":"Ukryj kolumnę statusu na liście."},{"id":null,"key":"hideStatusColumnLBL","value":"Ukryj kolumnę statusu"},{"id":null,"key":"instanceDOC","value":"Dane instancji"},{"id":null,"key":"instanceFiltersDOC","value":"Wybierz powiązanie w celu trwałego ustawienia filtrów na liście instancji."},{"id":null,"key":"instanceFiltersLBL","value":"Ustaw filtry trwałe"},{"id":null,"key":"instanceIdDOC","value":"Identyfikator instancji definicji procesu biznesowego. Ta opcja ma pierwszeństwo przed opcją Identyfikator procesu."},{"id":null,"key":"instanceIdLBL","value":"Identyfikator instancji procesu"},{"id":null,"key":"instanceLBL","value":"Instancja"},{"id":null,"key":"instanceListColumnWidthDOC","value":"Wybierz powiązanie w celu trwałego ustawienia szerokości kolumn na liście instancji."},{"id":null,"key":"instanceListColumnWidthLBL","value":"Ustaw trwałą szerokość kolumn"},{"id":null,"key":"instanceModeDOC","value":"Pokaż tylko wyszukiwania powiązane z instancją"},{"id":null,"key":"instanceModeLBL","value":"Tryb instancji"},{"id":null,"key":"instancesColumnsDOC","value":"Określ, które kolumny mają być wyświetlane na liście instancji."},{"id":null,"key":"instancesColumnsLBL","value":"Konfiguruj kolumny instancji"},{"id":null,"key":"instancesEnableInstanceDetailsDOC","value":"Włącz możliwość otwierania instancji przepływu pracy."},{"id":null,"key":"instancesEnableInstanceDetailsLBL","value":"Włącz uruchamianie instancji"},{"id":null,"key":"instancesPerPageDOC","value":"Wprowadź liczbę instancji wyświetlanych na stronie."},{"id":null,"key":"instancesPerPageLBL","value":"Ustaw instancje na stronie"},{"id":null,"key":"instancesSortDOC","value":"Wybierz powiązanie, aby utrwalić sortowanie listy instancji."},{"id":null,"key":"instancesSortLBL","value":"Ustaw sortowanie trwałych instancji"},{"id":null,"key":"isTaskFilterServiceEnabledDOC","value":"Aktywuj inteligentną priorytetyzację zadań, która sortuje listę, umieszczając najlepiej dopasowane zadania do wykonania u góry."},{"id":null,"key":"isTaskFilterServiceEnabledLBL","value":"Aktywuj priorytetyzację zadań"},{"id":null,"key":"itemLengthDOC","value":"Długość listy wprowadzanych danych."},{"id":null,"key":"itemLengthLBL","value":"Długość pozycji"},{"id":null,"key":"itemPerPageDOC","value":"Liczba pozycji na stronie."},{"id":null,"key":"itemPerPageLBL","value":"Na stronie"},{"id":null,"key":"localizationServiceDOC","value":"Podaj usługę służącą do pobierania zlokalizowanych łańcuchów do użycia w tym widoku formatki."},{"id":null,"key":"localizationServiceLBL","value":"Usługa lokalizacji"},{"id":null,"key":"mandatoryColumnsDOC","value":"Lista kolumn obowiązkowych"},{"id":null,"key":"mandatoryColumnsLBL","value":"Kolumny obowiązkowe"},{"id":null,"key":"maximumSearchSizeDOC","value":"Ustaw maksymalną liczbę zadań zwracanych dla wyszukiwania."},{"id":null,"key":"maximumSearchSizeLBL","value":"Ustaw maksymalny limit wyszukiwania"},{"id":null,"key":"numberOfTaskOptionDOC","value":"Lista liczby dostępnych opcji zadań"},{"id":null,"key":"numberOfTaskOptionLBL","value":"Lista liczby zadań"},{"id":null,"key":"placeholderDOC","value":"Symbol zastępczy dla pól wejściowych"},{"id":null,"key":"placeholderLBL","value":"Symbol zastępczy"},{"id":null,"key":"processAppAcroDOC","value":"Wprowadź akronim aplikacji, aby filtrować listę i wyświetlać tylko zadania dla tej aplikacji."},{"id":null,"key":"processAppAcroLBL","value":"Filtruj według aplikacji"},{"id":null,"key":"processIdDOC","value":"Identyfikator definicji procesu biznesowego dla diagramu procesu, który ma zostać wyświetlony. Identyfikator obrazu stanu, identyfikator gałęzi lub identyfikator projektu jest wymagany."},{"id":null,"key":"processIdLBL","value":"Identyfikator procesu"},{"id":null,"key":"processModeDOC","value":"Optymalizuj widok, aby wyświetlić informacje o procesie"},{"id":null,"key":"processModeLBL","value":"Optymalizuj na potrzeby procesów"},{"id":null,"key":"projectIdDOC","value":"Identyfikator projektu dla konkretnego procesu (rozpoczyna się od łańcucha 2066.xxx)."},{"id":null,"key":"projectIdLBL","value":"Identyfikator projektu"},{"id":null,"key":"projectedPathDOC","value":"Lista identyfikatorów działań do podświetlenia znajdujących się na zakładanej ścieżce. Działania muszą być podane w kolejności przepływu. Ma zastosowanie tylko wtedy, gdy używana jest opcja identyfikatora instancji procesu."},{"id":null,"key":"projectedPathLBL","value":"Zakładana ścieżka"},{"id":null,"key":"recentInstanceSearchesDOC","value":"Wybierz powiązanie w celu trwałego ustawienia ostatniego wyszukiwania na pasku wyszukiwania."},{"id":null,"key":"recentInstanceSearchesLBL","value":"Ustaw wyszukiwania trwałe"},{"id":null,"key":"recentTaskSearchesDOC","value":"Wybierz powiązanie w celu trwałego ustawienia ostatniego wyszukiwania na pasku wyszukiwania."},{"id":null,"key":"recentTaskSearchesLBL","value":"Ustaw wyszukiwania trwałe"},{"id":null,"key":"recentWorkstreamLimit","value":"Liczba strumieni pracy, jakie będą wyświetlane na liście"},{"id":null,"key":"removeFilterLBL","value":"Usuń filtr"},{"id":null,"key":"requiredOwnershipCheckDOC","value":"Sprawdź, czy bieżący użytkownik ma uprawnienia do otwierania zadania."},{"id":null,"key":"requiredOwnershipCheckLBL","value":"Sprawdź właściciela zadania"},{"id":null,"key":"responsiveModeDOC","value":"Wybierz wielkość ekranu w celu wyświetlenia listy zadań."},{"id":null,"key":"responsiveModeLBL","value":"Ustaw tryb reaktywny"},{"id":null,"key":"riskStateDOC","value":"Ustaw wybrany stan działania podczas wyświetlania podsumowań działań. Poprawne wartości to OnTrack (Planowe), AtRisk (Zagrożone) i Overdue (Zaległe)."},{"id":null,"key":"riskStateLBL","value":"Stan ryzyka"},{"id":null,"key":"savedSearchInstanceFilterDOC","value":"Pokaż tylko filtry związane z instancją."},{"id":null,"key":"savedSearchInstanceFilterLBL","value":"Filtr instancji"},{"id":null,"key":"savedSearchInstanceModeDOC","value":"Pokaż tylko filtry i kolumny związane z instancją."},{"id":null,"key":"savedSearchInstanceModeLBL","value":"Tryb instancji"},{"id":null,"key":"savedSearchNameDOC","value":"Wybierz powiązanie w celu trwałego umieszczenia zapisanych wyszukań na liście zadań"},{"id":null,"key":"savedSearchNameLBL","value":"Ustaw trwałe zapisane wyszukiwania"},{"id":null,"key":"scopeDOC","value":"Pokazuj filtr wyszukiwania jako filtr zasięgu."},{"id":null,"key":"scopeLBL","value":"Pokaż jako filtr zasięgu"},{"id":null,"key":"selectDateLBL","value":"Wybierz datę..."},{"id":null,"key":"selectValueLBL","value":"Wybierz wartość"},{"id":null,"key":"showActivitySummariesDOC","value":"Określa, czy wyświetlane są podsumowania działań. Ma zastosowanie tylko wtedy, gdy używana jest opcja identyfikatora procesu."},{"id":null,"key":"showActivitySummariesLBL","value":"Pokaż podsumowania działań"},{"id":null,"key":"showAllStatsDOC","value":"Pokaż wszystkie wartości statystyczne, wraz z wartościami NULL"},{"id":null,"key":"showAllStatsLBL","value":"Pokaż wszystkie wartości"},{"id":null,"key":"showInstanceRefreshDOC","value":"Pokaż przycisk Odśwież, za pomocą którego można ręcznie odświeżać listę instancji, kiedy serwer powiadomień jest niedostępny."},{"id":null,"key":"showOnTaskClosedDOC","value":"Pokaż przeglądarkę zadań, kiedy zadanie zostanie zamknięte."},{"id":null,"key":"showOnTaskClosedLBL","value":"Pokaż przy zamkniętym zadaniu"},{"id":null,"key":"showPageSizerDOC","value":"Pokaż element sterujący wielkością strony."},{"id":null,"key":"showPageSizerLBL","value":"Pokaż element sterujący wielkością strony"},{"id":null,"key":"showPagerStatsDOC","value":"Pokaż statystyki strony."},{"id":null,"key":"showPagerStatsLBL","value":"Pokaż statystyki strony"},{"id":null,"key":"showRefreshLBL","value":"Pokaż przycisk Odśwież"},{"id":null,"key":"showSavedSearchesDOC","value":"Pokaż listę rozwijaną zapisanych wyszukiwań."},{"id":null,"key":"showSavedSearchesLBL","value":"Pokaż zapisane wyszukiwania"},{"id":null,"key":"showSingleListDOC","value":"Pokaż wszystkie zadania na pojedynczej liście"},{"id":null,"key":"showSingleListLBL","value":"Pokaż pojedynczą listę"},{"id":null,"key":"showSortByArrowDOC","value":"Pokaż selektor, aby sortować listę zadań w kolejności rosnącej, malejącej lub domyślnej."},{"id":null,"key":"showSortByArrowLBL","value":"Pokaż selektor sortowania kolumn"},{"id":null,"key":"showStatsDOC","value":"Pokaż podsumowanie statystyk zadania."},{"id":null,"key":"showStatsLBL","value":"Pokaż statystyki"},{"id":null,"key":"showTaskRefreshDOC","value":"Pokaż przycisk Odśwież, za pomocą którego można ręcznie odświeżać listę zadań, kiedy serwer powiadomień jest niedostępny."},{"id":null,"key":"showTotalOnlyDOC","value":"Pokaż tylko łączną liczbę zadań"},{"id":null,"key":"showTotalOnlyLBL","value":"Pokaż tylko sumę"},{"id":null,"key":"skipClaimForTasksDOC","value":"Nie wyświetlaj okna modalnego zajmowania zadania. Zadanie jest automatycznie zajmowane podczas otwierania."},{"id":null,"key":"skipClaimForTasksLBL","value":"Wyłącz zajmowanie zadań"},{"id":null,"key":"skipNavDOC","value":"Nie wyświetlaj okna dialogowego podczas otwierania aplikacji Case Client w nowym oknie."},{"id":null,"key":"skipNavLBL","value":"Pomiń okno dialogowe potwierdzenia"},{"id":null,"key":"snapshotIdDOC","value":"Identyfikator obrazu stanu dla konkretnego procesu (rozpoczyna się od łańcucha 2064.xxx)."},{"id":null,"key":"snapshotIdLBL","value":"Identyfikator obrazu stanu"},{"id":null,"key":"sortByDOC","value":"Określ kolumnę, wg której lista jest wstępnie posortowana."},{"id":null,"key":"sortByLBL","value":"Sortuj wg kolumny"},{"id":null,"key":"stepIdDOC","value":"Ustaw wybrany krok działania podczas wyświetlania podsumowań działań."},{"id":null,"key":"stepIdLBL","value":"Identyfikator kroku"},{"id":null,"key":"systemColumnsDOC","value":"Lista możliwych kolumn wewnętrznych"},{"id":null,"key":"systemColumnsLBL","value":"Kolumny wewnętrzne"},{"id":null,"key":"systemDataDOC","value":"Ustaw dane systemowe, jakie mają zostać wyświetlone w przeglądarce zadań."},{"id":null,"key":"systemDataLBL","value":"Dostosuj dane systemowe"},{"id":null,"key":"taskActionsDOC","value":"Określ listę działań, jakie mają być wykonywane dla zadania."},{"id":null,"key":"taskActionsLBL","value":"Ustaw działania zadań"},{"id":null,"key":"taskDOC","value":"Ustaw zadanie, jakie ma być wyświetlane w przeglądarce zadań."},{"id":null,"key":"taskFiltersDOC","value":"Wybierz powiązanie w celu trwałego ustawienia filtrów na liście zadań."},{"id":null,"key":"taskFiltersLBL","value":"Ustaw filtry trwałe"},{"id":null,"key":"taskLBL","value":"Ustaw zadanie"},{"id":null,"key":"taskLaunchEventDOC","value":"Wprowadź zdarzenie do uruchomienia, kiedy zadanie zostaje otwarte."},{"id":null,"key":"taskLaunchEventLBL","value":"Ustaw zdarzenie podczas uruchamiania zadań"},{"id":null,"key":"taskListColumnWidthDOC","value":"Wybierz powiązanie w celu trwałego ustawienia szerokości kolumn na liście zadań."},{"id":null,"key":"taskListColumnWidthLBL","value":"Ustaw trwałą szerokość kolumn"},{"id":null,"key":"taskListEnableInstanceDetailsDOC","value":"Aktywuj możliwość otwierania instancji zadania."},{"id":null,"key":"taskListFavoritesLBL","value":"Ulubione"},{"id":null,"key":"taskListTaskSortingDOC","value":"Wybierz powiązanie, aby utrwalić sortowanie listy zadań."},{"id":null,"key":"taskListTaskSortingLBL","value":"Ustaw trwałe sortowanie"},{"id":null,"key":"tasksColumnsDOC","value":"Określ kolumny do wyświetlenia na liście zadań."},{"id":null,"key":"tasksColumnsLBL","value":"Dostosuj kolumny"},{"id":null,"key":"tasksDOC","value":"Lista zadań do wyświetlenia"},{"id":null,"key":"tasksLBL","value":"Zadania"},{"id":null,"key":"tasksPerBlockDOC","value":"Liczba zadań wyświetlanych w poszczególnych blokach"},{"id":null,"key":"tasksPerBlockLBL","value":"Zadania w bloku"},{"id":null,"key":"tasksPerPageDOC","value":"Wprowadź liczbę zadań wyświetlanych na stronie."},{"id":null,"key":"tasksPerPageLBL","value":"Ustaw zadania na stronie"},{"id":null,"key":"teamsDOC","value":"Lista podsumowań zespołu"},{"id":null,"key":"teamsLBL","value":"Zespoły"},{"id":null,"key":"titleDOC","value":"Łańcuch tytułu wyświetlany na pasku tytułu"},{"id":null,"key":"titleLBL","value":"Łańcuch tytułu"},{"id":null,"key":"topTableLabelDOC","value":"Wprowadź tekst dla etykiety wyświetlany nad listą."},{"id":null,"key":"topTableLabelLBL","value":"Dodaj etykietę nagłówka"},{"id":null,"key":"traversedPathDOC","value":"Lista identyfikatorów odsyłaczy, które mają zostać podświetlone w celu wyświetlenia pokonanej ścieżki. Ma zastosowanie tylko wtedy, gdy używana jest opcja identyfikatora instancji procesu."},{"id":null,"key":"traversedPathLBL","value":"Pokonana ścieżka"},{"id":null,"key":"typeHereLBL","value":"Wpisz tutaj..."},{"id":null,"key":"useEventTriggeringFetchActionDOC","value":"Deleguj żądanie zadań pobierania do zdarzenia."},{"id":null,"key":"useEventTriggeringFetchActionLBL","value":"Użyj zdarzenia do pobrania zadań"},{"id":null,"key":"workflowsLBL","value":"Przepływy pracy"},{"id":null,"key":"workplaceConfigDOC","value":"Umożliwia konfigurację działania obszaru roboczego"},{"id":null,"key":"workplaceConfigLBL","value":"Konfiguracja obszaru roboczego"},{"id":null,"key":"workplaceUserSettingsDOC","value":"Wiązanie umożliwiające zachowanie ustawień użytkownika, które będą zastosowane po ponownym zalogowaniu się użytkownika"},{"id":null,"key":"workplaceUserSettingsLBL","value":"Ustawienia użytkownika obszaru roboczego"},{"id":null,"key":"zoomFactorDOC","value":"Poprawne wartości dla poziomu powiększenia diagramu procesu należą do przedziału od 1 do 10."},{"id":null,"key":"zoomFactorLBL","value":"Poziom powiększenia"}]}