{"id":"50.c4d6cc83-a000-4ae2-b2f5-d35d89f9c6ba/2064.7814960a-7cfe-424d-92b5-d9ce2fbce18c","localeLanguage":"zh","localeCountry":"TW","localeVariant":"","localeDisplayName":"WPT","resourceBundleKey":[{"id":null,"key":"HistoryLBL","value":"歷程"},{"id":null,"key":"activitiesDOC","value":"活動清單"},{"id":null,"key":"activitiesLBL","value":"活動"},{"id":null,"key":"activitySummariesDOC","value":"要顯示的活動摘要清單。只有在使用「程序 ID」選項時，此選項才適用。"},{"id":null,"key":"activitySummariesLBL","value":"活動摘要"},{"id":null,"key":"addFilterLBL","value":"新增過濾器"},{"id":null,"key":"alwaysShowDOC","value":"一律顯示"},{"id":null,"key":"alwaysShowLBL","value":"一律顯示"},{"id":null,"key":"availableActionsDOC","value":"程序圖將啟用的可用動作清單。這些動作取決於在儀表板內使用時現行使用者的授權。"},{"id":null,"key":"availableActionsLBL","value":"可用的動作"},{"id":null,"key":"blocksShowingOnloadDOC","value":"載入時顯示的區塊數"},{"id":null,"key":"blocksShowingOnloadLBL","value":"載入時顯示的區塊"},{"id":null,"key":"bottomTableLabelDOC","value":"輸入在清單下方顯示的標籤文字。"},{"id":null,"key":"bottomTableLabelLBL","value":"新增標底標籤"},{"id":null,"key":"branchIdDOC","value":"特定程序的分支 ID（開頭為 2063.xxx）。"},{"id":null,"key":"branchIdLBL","value":"分支 ID"},{"id":null,"key":"brandDOC","value":"要顯示在標題列上的品牌名稱"},{"id":null,"key":"brandLBL","value":"品牌名稱"},{"id":null,"key":"businessColumnsDOC","value":"可能的商業直欄清單"},{"id":null,"key":"businessColumnsLBL","value":"商業直欄"},{"id":null,"key":"caseScopeDOC","value":"選擇要包含在清單中的案例實例（授權您查看的所有實例，或僅直接指派給您的實例）。"},{"id":null,"key":"caseScopeLBL","value":"案例範圍"},{"id":null,"key":"clearFilterLBL","value":"清除過濾器"},{"id":null,"key":"customPathDOC","value":"已建立的自訂路徑 ProjectedPathLinkChange 清單。只有在使用「程序實例 ID」選項時，此選項才適用。"},{"id":null,"key":"customPathLBL","value":"自訂路徑"},{"id":null,"key":"disableActionsDOC","value":"要停用的動作"},{"id":null,"key":"disableActionsLBL","value":"停用動作"},{"id":null,"key":"disableCompleteTasksDOC","value":"防止使用者開啟已完成的作業。"},{"id":null,"key":"disableCompleteTasksLBL","value":"停用開啟已完成的作業"},{"id":null,"key":"disableFilterEventsDOC","value":"停用在更新過濾器時自動重新整理清單。"},{"id":null,"key":"disableFilterEventsLBL","value":"停用自動重新整理"},{"id":null,"key":"disableFulltextSearchDOC","value":"停用搜尋列上的全文檢索功能"},{"id":null,"key":"disableFulltextSearchLBL","value":"停用全文檢索"},{"id":null,"key":"disableLeftClickActivityDetailsDOC","value":"停用在按一下節點時顯示的「活動詳細資料」蹦現畫面。"},{"id":null,"key":"disableLeftClickActivityDetailsLBL","value":"停用左鍵活動詳細資料"},{"id":null,"key":"disableRetrieveServicesDOC","value":"禁止擷取服務（例如管理團隊、建立工作串流）到動作功能表。"},{"id":null,"key":"disableRetrieveServicesLBL","value":"禁止擷取服務"},{"id":null,"key":"disableRightClickMenusDOC","value":"停用在用滑鼠右鍵按一下節點時顯示的「快速功能表」蹦現畫面。"},{"id":null,"key":"disableRightClickMenusLBL","value":"停用右鍵快速功能表"},{"id":null,"key":"documentsLBL","value":"文件"},{"id":null,"key":"embededViewDOC","value":"隱藏用於內含到其他視圖的關閉按鈕。"},{"id":null,"key":"embededViewLBL","value":"內含視圖"},{"id":null,"key":"enableAddWorkflowDOC","value":"顯示「啟動工作流程」按鈕。"},{"id":null,"key":"enableAddWorkflowLBL","value":"顯示啟動工作流程"},{"id":null,"key":"enableBatchModifyDOC","value":"啟用一次修改多項選取的作業。"},{"id":null,"key":"enableBatchModifyLBL","value":"啟用批次修改"},{"id":null,"key":"enableHistoryNavDOC","value":"在作業檢視器中顯示現行頁面的導覽路徑。"},{"id":null,"key":"enableHistoryNavLBL","value":"顯示瀏覽途徑軌跡"},{"id":null,"key":"enableInstanceDetailsDOC","value":"在溢位功能表中顯示檢視實例動作。"},{"id":null,"key":"enableInstanceDetailsLBL","value":"顯示檢視實例"},{"id":null,"key":"enableSavedSearchEditingDOC","value":"啟用已儲存搜尋的建立與編輯功能。"},{"id":null,"key":"enableSavedSearchEditingLBL","value":"啟用已儲存的搜尋"},{"id":null,"key":"enterDecimalLBL","value":"輸入小數..."},{"id":null,"key":"enterNumberLBL","value":"輸入數字..."},{"id":null,"key":"eventONNavigationButtonClickedDOC","value":"按一下導覽項目時的事件"},{"id":null,"key":"eventONNavigationButtonClickedLBL","value":"按一下導覽項目時"},{"id":null,"key":"eventONPageSizeChangedDOC","value":"每頁項目數變更時觸發。"},{"id":null,"key":"eventONPageSizeChangedLBL","value":"每頁項目數變更時"},{"id":null,"key":"eventONPageSwitchedDOC","value":"頁碼變更時觸發。"},{"id":null,"key":"eventONPageSwitchedLBL","value":"頁面變更時"},{"id":null,"key":"eventOnCardBlurDOC","value":"在卡片失去焦點時觸發"},{"id":null,"key":"eventOnCardBlurLBL","value":"不以卡片為焦點"},{"id":null,"key":"eventOnCardFocusDOC","value":"在卡片獲取焦點時觸發"},{"id":null,"key":"eventOnCardFocusLBL","value":"以卡片為焦點"},{"id":null,"key":"eventOnChangeDOC","value":"變更事件時"},{"id":null,"key":"eventOnChangeLBL","value":"變更時"},{"id":null,"key":"eventOnExternalFetchDOC","value":"方法預期透過新的作業清單來呼叫 setTasks()。"},{"id":null,"key":"eventOnExternalFetchLBL","value":"外部提取時"},{"id":null,"key":"eventOnFilterBtnClickedDOC","value":"在按一下過濾器按鈕時觸發"},{"id":null,"key":"eventOnFilterBtnClickedLBL","value":"在按一下過濾器按鈕時"},{"id":null,"key":"eventOnHideDOC","value":"隱藏事件時"},{"id":null,"key":"eventOnHideLBL","value":"隱藏時"},{"id":null,"key":"eventOnInstanceLaunchedLBL","value":"實例已啟動時"},{"id":null,"key":"eventOnInstanceUIActionDOC","value":"實例使用者介面有動作事件時"},{"id":null,"key":"eventOnInstanceUIActionLBL","value":"實例使用者介面有動作時"},{"id":null,"key":"eventOnInstanceUIActivitySelectedDOC","value":"實例使用者介面活動已選取事件時"},{"id":null,"key":"eventOnInstanceUIActivitySelectedLBL","value":"實例使用者介面活動已選取時"},{"id":null,"key":"eventOnInstanceUIClosedDOC","value":"發生實例已關閉事件時"},{"id":null,"key":"eventOnInstanceUIClosedLBL","value":"實例已關閉時"},{"id":null,"key":"eventOnInstanceUICommentPostDOC","value":"實例使用者介面有註解公佈事件時"},{"id":null,"key":"eventOnInstanceUICommentPostLBL","value":"實例使用者介面有註解公佈時"},{"id":null,"key":"eventOnInstanceUILaunchedDOC","value":"發生實例 UI 已啟動事件時"},{"id":null,"key":"eventOnInstanceUILaunchedLBL","value":"實例 UI 已啟動時"},{"id":null,"key":"eventOnInstanceUITabChangeDOC","value":"實例使用者介面標籤有變更事件時"},{"id":null,"key":"eventOnInstanceUITabChangeLBL","value":"實例使用者介面標籤有變更時"},{"id":null,"key":"eventOnLoadDOC","value":"載入事件時"},{"id":null,"key":"eventOnLoadLBL","value":"載入時"},{"id":null,"key":"eventOnProcessLaunched","value":"發生程序已啟動事件時"},{"id":null,"key":"eventOnRefreshDOC","value":"重新整理事件時"},{"id":null,"key":"eventOnRefreshLBL","value":"重新整理時"},{"id":null,"key":"eventOnSearchLaunched","value":"發生搜尋已啟動事件時"},{"id":null,"key":"eventOnServiceClosedDOC","value":"發生服務已關閉事件時"},{"id":null,"key":"eventOnServiceClosedLBL","value":"服務已關閉時"},{"id":null,"key":"eventOnServiceLaunched","value":"發生服務已啟動事件時"},{"id":null,"key":"eventOnServiceOpenedDOC","value":"發生服務已開啟事件時"},{"id":null,"key":"eventOnServiceOpenedLBL","value":"服務已開啟時"},{"id":null,"key":"eventOnShowDOC","value":"顯示事件時"},{"id":null,"key":"eventOnShowLBL","value":"顯示時"},{"id":null,"key":"eventOnTaskActionDOC","value":"發生作業動作事件時"},{"id":null,"key":"eventOnTaskActionLBL","value":"發生作業動作時"},{"id":null,"key":"eventOnTaskClosedDOC","value":"發生作業已關閉事件時"},{"id":null,"key":"eventOnTaskClosedLBL","value":"作業已關閉時"},{"id":null,"key":"eventOnTaskLaunchedDOC","value":"發生作業已啟動事件時"},{"id":null,"key":"eventOnTaskLaunchedLBL","value":"作業已啟動時"},{"id":null,"key":"eventOnTaskOpenedDOC","value":"發生作業已開啟事件時"},{"id":null,"key":"eventOnTaskOpenedLBL","value":"作業已開啟時"},{"id":null,"key":"eventOnVisibilityChangeDOC","value":"發生可見性事件時"},{"id":null,"key":"eventOnVisibilityChangeLBL","value":"可見性變更時"},{"id":null,"key":"filterByProjectDOC","value":"輸入專案名稱以將實例清單過濾為僅限該專案的實例。"},{"id":null,"key":"filterByProjectLBL","value":"依專案過濾"},{"id":null,"key":"generalTaskSortingDOC","value":"選取連結以持續保存清單排序。"},{"id":null,"key":"hideActionsMenuDOC","value":"停用可讓您存取適用於作業的更多動作之功能表。"},{"id":null,"key":"hideActionsMenuLBL","value":"停用動作功能表"},{"id":null,"key":"hideCase","value":"隱藏案例"},{"id":null,"key":"hideColumnSelectorDOC","value":"隱藏要顯示在清單中的直欄之選取器。"},{"id":null,"key":"hideColumnSelectorLBL","value":"隱藏直欄選取器"},{"id":null,"key":"hideProcess","value":"隱藏程序"},{"id":null,"key":"hideSearchBarDOC","value":"隱藏搜尋列。"},{"id":null,"key":"hideSearchBarLBL","value":"隱藏搜尋列"},{"id":null,"key":"hideService","value":"隱藏可啟動的服務"},{"id":null,"key":"hideStatusColumnDOC","value":"從清單中隱藏狀態直欄。"},{"id":null,"key":"hideStatusColumnLBL","value":"隱藏狀態直欄"},{"id":null,"key":"instanceDOC","value":"實例資料"},{"id":null,"key":"instanceFiltersDOC","value":"選取此連結以將過濾器持續保存在實例清單中。"},{"id":null,"key":"instanceFiltersLBL","value":"設定持續性實例過濾器"},{"id":null,"key":"instanceIdDOC","value":"商業程序定義實例 ID。此選項優先於「程序 ID」選項。"},{"id":null,"key":"instanceIdLBL","value":"程序實例 ID"},{"id":null,"key":"instanceLBL","value":"實例"},{"id":null,"key":"instanceListColumnWidthDOC","value":"選取此連結以將欄寬持續保存在實例清單中。"},{"id":null,"key":"instanceListColumnWidthLBL","value":"設定持續性欄寬"},{"id":null,"key":"instanceModeDOC","value":"只顯示與實例相關的搜尋"},{"id":null,"key":"instanceModeLBL","value":"實例模式"},{"id":null,"key":"instancesColumnsDOC","value":"指定要顯示在實例清單中的直欄。"},{"id":null,"key":"instancesColumnsLBL","value":"自訂實例直欄"},{"id":null,"key":"instancesEnableInstanceDetailsDOC","value":"啟用開啟工作流程實例的能力。"},{"id":null,"key":"instancesEnableInstanceDetailsLBL","value":"啟用實例啟動"},{"id":null,"key":"instancesPerPageDOC","value":"輸入每頁要顯示的實例數。"},{"id":null,"key":"instancesPerPageLBL","value":"設定每頁實例數"},{"id":null,"key":"instancesSortDOC","value":"選取連結以持續保存實例清單的排序。"},{"id":null,"key":"instancesSortLBL","value":"設定持續性實例排序"},{"id":null,"key":"isTaskFilterServiceEnabledDOC","value":"啟動可排序清單的「智慧型作業優先順序」，將下一步要處理的最佳作業放在頂端。"},{"id":null,"key":"isTaskFilterServiceEnabledLBL","value":"啟用作業優先順序"},{"id":null,"key":"itemLengthDOC","value":"輸入清單的長度。"},{"id":null,"key":"itemLengthLBL","value":"項目長度"},{"id":null,"key":"itemPerPageDOC","value":"每頁項目數。"},{"id":null,"key":"itemPerPageLBL","value":"每頁"},{"id":null,"key":"localizationServiceDOC","value":"指定用於擷取本地化字串，以在此 Coach 視圖中使用的服務。"},{"id":null,"key":"localizationServiceLBL","value":"本地化服務"},{"id":null,"key":"mandatoryColumnsDOC","value":"必要直欄清單"},{"id":null,"key":"mandatoryColumnsLBL","value":"必要直欄"},{"id":null,"key":"maximumSearchSizeDOC","value":"設定將為搜尋傳回的作業數上限。"},{"id":null,"key":"maximumSearchSizeLBL","value":"設定搜尋限制上限"},{"id":null,"key":"numberOfTaskOptionDOC","value":"可用的作業選項數清單"},{"id":null,"key":"numberOfTaskOptionLBL","value":"作業數清單"},{"id":null,"key":"placeholderDOC","value":"輸入欄位的位置保留元"},{"id":null,"key":"placeholderLBL","value":"位置保留元"},{"id":null,"key":"processAppAcroDOC","value":"輸入應用程式字首語來過濾清單，以僅顯示該應用程式的作業。"},{"id":null,"key":"processAppAcroLBL","value":"依應用程式過濾"},{"id":null,"key":"processIdDOC","value":"要顯示之程序圖的商業程序定義 ID。需要 Snapshot ID、分支 ID 或專案 ID。"},{"id":null,"key":"processIdLBL","value":"程序 ID"},{"id":null,"key":"processModeDOC","value":"最佳化視圖以顯示程序資訊"},{"id":null,"key":"processModeLBL","value":"最佳化程序"},{"id":null,"key":"projectIdDOC","value":"特定程序的專案 ID（開頭為 2066.xxx）。"},{"id":null,"key":"projectIdLBL","value":"專案 ID"},{"id":null,"key":"projectedPathDOC","value":"要強調顯示預估路徑的活動 ID 清單。活動必須按流程順序指定。只有在使用「程序實例 ID」選項時，此選項才適用。"},{"id":null,"key":"projectedPathLBL","value":"預估路徑"},{"id":null,"key":"recentInstanceSearchesDOC","value":"選取此連結以將最近的搜尋持續保存在搜尋列中。"},{"id":null,"key":"recentInstanceSearchesLBL","value":"設定持續性搜尋"},{"id":null,"key":"recentTaskSearchesDOC","value":"選取此連結以將最近的搜尋持續保存在搜尋列中。"},{"id":null,"key":"recentTaskSearchesLBL","value":"設定持續性搜尋"},{"id":null,"key":"recentWorkstreamLimit","value":"您要為清單顯示的工作串流數"},{"id":null,"key":"removeFilterLBL","value":"移除過濾器"},{"id":null,"key":"requiredOwnershipCheckDOC","value":"檢查是否授權現行使用者開啟作業。"},{"id":null,"key":"requiredOwnershipCheckLBL","value":"檢查作業所有權"},{"id":null,"key":"responsiveModeDOC","value":"選取用於檢視作業清單的螢幕大小。"},{"id":null,"key":"responsiveModeLBL","value":"設定可回應模式"},{"id":null,"key":"riskStateDOC","value":"顯示活動摘要時，設為選取的活動狀態。有效值為 OnTrack、AtRisk 與 Overdue。"},{"id":null,"key":"riskStateLBL","value":"風險狀態"},{"id":null,"key":"savedSearchInstanceFilterDOC","value":"僅顯示實例相關的過濾器。"},{"id":null,"key":"savedSearchInstanceFilterLBL","value":"實例過濾器"},{"id":null,"key":"savedSearchInstanceModeDOC","value":"僅顯示實例相關的過濾器及直欄。"},{"id":null,"key":"savedSearchInstanceModeLBL","value":"實例模式"},{"id":null,"key":"savedSearchNameDOC","value":"選取此連結以將已儲存的搜尋持續保存在作業清單中"},{"id":null,"key":"savedSearchNameLBL","value":"設定持續性已儲存搜尋"},{"id":null,"key":"scopeDOC","value":"將搜尋過濾器顯示為範圍過濾器。"},{"id":null,"key":"scopeLBL","value":"顯示為範圍過濾器"},{"id":null,"key":"selectDateLBL","value":"選取日期..."},{"id":null,"key":"selectValueLBL","value":"選取值"},{"id":null,"key":"showActivitySummariesDOC","value":"控制是否顯示活動摘要。只有在使用「程序 ID」選項時，此選項才適用。"},{"id":null,"key":"showActivitySummariesLBL","value":"顯示活動摘要"},{"id":null,"key":"showAllStatsDOC","value":"顯示所有統計資料值，包括是空值的值"},{"id":null,"key":"showAllStatsLBL","value":"顯示所有值"},{"id":null,"key":"showInstanceRefreshDOC","value":"顯示在通知伺服器無法使用時，可供您用來手動重新整理實例清單的「重新整理」按鈕。"},{"id":null,"key":"showOnTaskClosedDOC","value":"在作業關閉時顯示作業檢視器。"},{"id":null,"key":"showOnTaskClosedLBL","value":"在作業已關閉時顯示"},{"id":null,"key":"showPageSizerDOC","value":"顯示頁面大小調整工具。"},{"id":null,"key":"showPageSizerLBL","value":"顯示頁面大小選擇"},{"id":null,"key":"showPagerStatsDOC","value":"顯示頁面統計資料。"},{"id":null,"key":"showPagerStatsLBL","value":"顯示頁面統計資料"},{"id":null,"key":"showRefreshLBL","value":"顯示重新整理按鈕"},{"id":null,"key":"showSavedSearchesDOC","value":"顯示已儲存搜尋的下拉清單。"},{"id":null,"key":"showSavedSearchesLBL","value":"顯示已儲存的搜尋"},{"id":null,"key":"showSingleListDOC","value":"在單一清單中顯示所有作業"},{"id":null,"key":"showSingleListLBL","value":"顯示單一清單"},{"id":null,"key":"showSortByArrowDOC","value":"顯示用於以遞增、遞減或預設順序排序作業清單的選取器。"},{"id":null,"key":"showSortByArrowLBL","value":"顯示直欄排序選取器"},{"id":null,"key":"showStatsDOC","value":"顯示作業統計資料的摘要。"},{"id":null,"key":"showStatsLBL","value":"顯示統計資料"},{"id":null,"key":"showTaskRefreshDOC","value":"顯示在通知伺服器無法使用時，可供您用來手動重新整理作業清單的「重新整理」按鈕。"},{"id":null,"key":"showTotalOnlyDOC","value":"僅顯示作業總數"},{"id":null,"key":"showTotalOnlyLBL","value":"僅顯示總數"},{"id":null,"key":"skipClaimForTasksDOC","value":"不顯示要求作業限制模式。開啟時會自動要求作業。"},{"id":null,"key":"skipClaimForTasksLBL","value":"停用作業要求"},{"id":null,"key":"skipNavDOC","value":"不要顯示用來在新視窗中開啟 Case Client 的對話框。"},{"id":null,"key":"skipNavLBL","value":"跳過確認對話框"},{"id":null,"key":"snapshotIdDOC","value":"特定程序的 Snapshot ID（開頭為 2064.xxx）。"},{"id":null,"key":"snapshotIdLBL","value":"Snapshot ID"},{"id":null,"key":"sortByDOC","value":"指定最初依其為清單排序的直欄。"},{"id":null,"key":"sortByLBL","value":"依直欄排序"},{"id":null,"key":"stepIdDOC","value":"顯示活動摘要時，設為選取的活動步驟。"},{"id":null,"key":"stepIdLBL","value":"步驟 ID"},{"id":null,"key":"systemColumnsDOC","value":"可能的本質直欄清單"},{"id":null,"key":"systemColumnsLBL","value":"本質直欄"},{"id":null,"key":"systemDataDOC","value":"設定要顯示在作業檢視器中的系統資料。"},{"id":null,"key":"systemDataLBL","value":"自訂系統資料"},{"id":null,"key":"taskActionsDOC","value":"指定可對作業執行的動作清單。"},{"id":null,"key":"taskActionsLBL","value":"設定作業動作"},{"id":null,"key":"taskDOC","value":"設定要顯示在作業檢視器中的作業。"},{"id":null,"key":"taskFiltersDOC","value":"選取此連結以將過濾器持續保存在作業清單中。"},{"id":null,"key":"taskFiltersLBL","value":"設定持續性過濾器"},{"id":null,"key":"taskLBL","value":"設定作業"},{"id":null,"key":"taskLaunchEventDOC","value":"輸入在開啟作業時要發動的事件名稱。"},{"id":null,"key":"taskLaunchEventLBL","value":"設定啟動作業時的事件"},{"id":null,"key":"taskListColumnWidthDOC","value":"選取此連結以將欄寬持續保存在作業清單中。"},{"id":null,"key":"taskListColumnWidthLBL","value":"設定持續性欄寬"},{"id":null,"key":"taskListEnableInstanceDetailsDOC","value":"啟用開啟作業實例的能力。"},{"id":null,"key":"taskListFavoritesLBL","value":"我的最愛"},{"id":null,"key":"taskListTaskSortingDOC","value":"選取連結以持續保存作業清單的排序。"},{"id":null,"key":"taskListTaskSortingLBL","value":"設定持續性排序"},{"id":null,"key":"tasksColumnsDOC","value":"指定要顯示在作業清單中的直欄。"},{"id":null,"key":"tasksColumnsLBL","value":"自訂直欄"},{"id":null,"key":"tasksDOC","value":"要顯示的作業清單"},{"id":null,"key":"tasksLBL","value":"作業"},{"id":null,"key":"tasksPerBlockDOC","value":"每個區塊中顯示的作業數"},{"id":null,"key":"tasksPerBlockLBL","value":"每個區塊的作業數"},{"id":null,"key":"tasksPerPageDOC","value":"輸入每頁要顯示的作業數。"},{"id":null,"key":"tasksPerPageLBL","value":"設定每頁作業數"},{"id":null,"key":"teamsDOC","value":"團隊摘要清單"},{"id":null,"key":"teamsLBL","value":"團隊"},{"id":null,"key":"titleDOC","value":"要顯示在標題列上的標題字串"},{"id":null,"key":"titleLBL","value":"標題字串"},{"id":null,"key":"topTableLabelDOC","value":"輸入在清單上方顯示的標籤文字。"},{"id":null,"key":"topTableLabelLBL","value":"新增標頭標籤"},{"id":null,"key":"traversedPathDOC","value":"要強調顯示以顯示遍訪路徑的鏈結 ID 清單。只有在使用「程序實例 ID」選項時，此選項才適用。"},{"id":null,"key":"traversedPathLBL","value":"遍訪路徑"},{"id":null,"key":"typeHereLBL","value":"在這裡鍵入..."},{"id":null,"key":"useEventTriggeringFetchActionDOC","value":"將提取作業要求委派給事件。"},{"id":null,"key":"useEventTriggeringFetchActionLBL","value":"使用事件來提取作業"},{"id":null,"key":"workflowsLBL","value":"工作流程"},{"id":null,"key":"workplaceConfigDOC","value":"配置工作區行為"},{"id":null,"key":"workplaceConfigLBL","value":"工作區配置"},{"id":null,"key":"workplaceUserSettingsDOC","value":"連結以保留使用者再次登入時將套用的使用者設定。"},{"id":null,"key":"workplaceUserSettingsLBL","value":"工作區使用者設定"},{"id":null,"key":"zoomFactorDOC","value":"程序圖縮放比例的有效值為 1 至 10。"},{"id":null,"key":"zoomFactorLBL","value":"縮放比例"}]}