{"id":"50.c4d6cc83-a000-4ae2-b2f5-d35d89f9c6ba/2064.7814960a-7cfe-424d-92b5-d9ce2fbce18c","localeLanguage":"ko","localeCountry":"","localeVariant":"","localeDisplayName":"WPT","resourceBundleKey":[{"id":null,"key":"HistoryLBL","value":"히스토리"},{"id":null,"key":"activitiesDOC","value":"활동 목록입니다."},{"id":null,"key":"activitiesLBL","value":"활동"},{"id":null,"key":"activitySummariesDOC","value":"표시할 활동 요약 목록입니다. 이 목록은 프로세스 ID 선택사항을 사용하는 경우에만 적용할 수 있습니다."},{"id":null,"key":"activitySummariesLBL","value":"활동 요약"},{"id":null,"key":"addFilterLBL","value":"필터 추가"},{"id":null,"key":"alwaysShowDOC","value":"항상 표시"},{"id":null,"key":"alwaysShowLBL","value":"항상 표시"},{"id":null,"key":"availableActionsDOC","value":"프로세스 다이어그램이 사용할 수 있는 사용 가능한 조치의 목록입니다. 이 목록은 대시보드 내에서 사용되는 경우 현재 사용자의 권한을 기반으로 합니다."},{"id":null,"key":"availableActionsLBL","value":"사용 가능한 조치"},{"id":null,"key":"blocksShowingOnloadDOC","value":"로드 시 표시되는 블록 수입니다."},{"id":null,"key":"blocksShowingOnloadLBL","value":"로드 시 표시되는 블록 수"},{"id":null,"key":"bottomTableLabelDOC","value":"목록 아래에 표시되는 레이블의 텍스트를 입력하십시오."},{"id":null,"key":"bottomTableLabelLBL","value":"바닥글 레이블 추가"},{"id":null,"key":"branchIdDOC","value":"특정 프로세스의 분기 ID입니다(2063.xxx로 시작됨)."},{"id":null,"key":"branchIdLBL","value":"분기 ID"},{"id":null,"key":"brandDOC","value":"제목 표시줄에 표시될 브랜드 이름입니다."},{"id":null,"key":"brandLBL","value":"브랜드 이름"},{"id":null,"key":"businessColumnsDOC","value":"가능한 비즈니스 열의 목록입니다."},{"id":null,"key":"businessColumnsLBL","value":"비즈니스 열"},{"id":null,"key":"caseScopeDOC","value":"볼 수 있는 권한이 있는 모든 인스턴스 또는 사용자에게 직접 지정된 인스턴스만 중에서 목록에 포함되는 케이스 인스턴스를 선택하십시오."},{"id":null,"key":"caseScopeLBL","value":"케이스 범위"},{"id":null,"key":"clearFilterLBL","value":"필터 지우기"},{"id":null,"key":"customPathDOC","value":"작성된 사용자 정의 경로의 ProjectedPathLinkChange 목록입니다. 이 목록은 프로세스 인스턴스 ID 선택사항을 사용하는 경우에만 적용할 수 있습니다."},{"id":null,"key":"customPathLBL","value":"사용자 정의 경로"},{"id":null,"key":"disableActionsDOC","value":"사용 안함으로 설정할 조치입니다."},{"id":null,"key":"disableActionsLBL","value":"조치 사용 안함"},{"id":null,"key":"disableCompleteTasksDOC","value":"사용자가 완료된 태스크를 열지 못하도록 합니다."},{"id":null,"key":"disableCompleteTasksLBL","value":"완료된 태스크 열기 사용 안함"},{"id":null,"key":"disableFilterEventsDOC","value":"필터가 업데이트될 때 목록의 자동으로 새로 고치기를 사용 안함으로 설정합니다."},{"id":null,"key":"disableFilterEventsLBL","value":"자동으로 새로 고치기 사용 안함"},{"id":null,"key":"disableFulltextSearchDOC","value":"검색 표시줄에서 전체 텍스트 검색 기능을 사용 안함으로 설정합니다."},{"id":null,"key":"disableFulltextSearchLBL","value":"전체 텍스트 검색 사용 안함"},{"id":null,"key":"disableLeftClickActivityDetailsDOC","value":"노드를 클릭할 때 표시되는 활동 세부사항 팝업을 사용 안함으로 설정합니다."},{"id":null,"key":"disableLeftClickActivityDetailsLBL","value":"활동 세부사항 마우스 왼쪽 단추 클릭 사용 안함"},{"id":null,"key":"disableRetrieveServicesDOC","value":"조치 메뉴에 대한 검색 서비스(예: 팀 관리, 작업 스트림 작성)을 사용 안함으로 설정합니다."},{"id":null,"key":"disableRetrieveServicesLBL","value":"검색 서비스 사용 안함"},{"id":null,"key":"disableRightClickMenusDOC","value":"노드를 마우스 오른쪽 단추로 클릭할 때 표시되는 컨텍스트 메뉴 팝업을 사용 안함으로 설정합니다."},{"id":null,"key":"disableRightClickMenusLBL","value":"컨텍스트 메뉴 마우스 오른쪽 단추 클릭 사용 안함"},{"id":null,"key":"documentsLBL","value":"문서"},{"id":null,"key":"embededViewDOC","value":"다른 보기에 임베드하기 위해 닫기 단추를 숨깁니다."},{"id":null,"key":"embededViewLBL","value":"임베드된 보기"},{"id":null,"key":"enableAddWorkflowDOC","value":"워크플로우 시작 단추를 표시합니다."},{"id":null,"key":"enableAddWorkflowLBL","value":"워크플로우 시작 표시"},{"id":null,"key":"enableBatchModifyDOC","value":"선택된 여러 태스크를 한 번에 수정할 수 있도록 합니다."},{"id":null,"key":"enableBatchModifyLBL","value":"일괄처리 수정 사용"},{"id":null,"key":"enableHistoryNavDOC","value":"태스크 뷰어에서 현재 페이지에 대한 탐색 경로를 표시합니다."},{"id":null,"key":"enableHistoryNavLBL","value":"이동 경로 추적 표시"},{"id":null,"key":"enableInstanceDetailsDOC","value":"오버플로우 메뉴에 보기 인스턴스 조치를 표시합니다."},{"id":null,"key":"enableInstanceDetailsLBL","value":"보기 인스턴스 표시"},{"id":null,"key":"enableSavedSearchEditingDOC","value":"저장된 검색의 작성 및 편집을 사용으로 설정합니다."},{"id":null,"key":"enableSavedSearchEditingLBL","value":"저장된 검색 사용"},{"id":null,"key":"enterDecimalLBL","value":"10진수 입력..."},{"id":null,"key":"enterNumberLBL","value":"숫자 입력..."},{"id":null,"key":"eventONNavigationButtonClickedDOC","value":"탐색 항목 클릭 이벤트 시"},{"id":null,"key":"eventONNavigationButtonClickedLBL","value":"탐색 항목 클릭 시"},{"id":null,"key":"eventONPageSizeChangedDOC","value":"페이지당 항목 수가 변경될 때 트리거됩니다."},{"id":null,"key":"eventONPageSizeChangedLBL","value":"페이지당 항목 수 변경 시"},{"id":null,"key":"eventONPageSwitchedDOC","value":"페이지 번호가 변경될 때 트리거됩니다."},{"id":null,"key":"eventONPageSwitchedLBL","value":"페이지 변경 시"},{"id":null,"key":"eventOnCardBlurDOC","value":"카드가 초점을 잃었을 때 트리거됩니다."},{"id":null,"key":"eventOnCardBlurLBL","value":"카드가 흐릿해질 때"},{"id":null,"key":"eventOnCardFocusDOC","value":"카드가 초점을 얻었을 때 트리거됩니다."},{"id":null,"key":"eventOnCardFocusLBL","value":"카드에 초점이 있을 때"},{"id":null,"key":"eventOnChangeDOC","value":"변경 이벤트 시"},{"id":null,"key":"eventOnChangeLBL","value":"변경 시"},{"id":null,"key":"eventOnExternalFetchDOC","value":"이 메소드는 setTasks()가 새 태스크 목록과 함께 호출될 것으로 예상합니다."},{"id":null,"key":"eventOnExternalFetchLBL","value":"외부 페치 시"},{"id":null,"key":"eventOnFilterBtnClickedDOC","value":"필터 단추를 클릭할 때 트리거됩니다."},{"id":null,"key":"eventOnFilterBtnClickedLBL","value":"필터 단추 클릭 시"},{"id":null,"key":"eventOnHideDOC","value":"숨기기 이벤트 시"},{"id":null,"key":"eventOnHideLBL","value":"숨기기 시"},{"id":null,"key":"eventOnInstanceLaunchedLBL","value":"인스턴스 실행 시"},{"id":null,"key":"eventOnInstanceUIActionDOC","value":"인스턴스 UI 조치 이벤트 시"},{"id":null,"key":"eventOnInstanceUIActionLBL","value":"인스턴스 UI 조치 시"},{"id":null,"key":"eventOnInstanceUIActivitySelectedDOC","value":"인스턴스 UI 활동 선택 이벤트 시"},{"id":null,"key":"eventOnInstanceUIActivitySelectedLBL","value":"인스턴스 UI 활동 선택 시"},{"id":null,"key":"eventOnInstanceUIClosedDOC","value":"인스턴스 닫기 이벤트 시"},{"id":null,"key":"eventOnInstanceUIClosedLBL","value":"인스턴스 닫기 시"},{"id":null,"key":"eventOnInstanceUICommentPostDOC","value":"인스턴스 UI 주석 게시 이벤트 시"},{"id":null,"key":"eventOnInstanceUICommentPostLBL","value":"인스턴스 UI 주석 게시 시"},{"id":null,"key":"eventOnInstanceUILaunchedDOC","value":"인스턴스 UI 실행 이벤트 시"},{"id":null,"key":"eventOnInstanceUILaunchedLBL","value":"인스턴스 UI 실행 시"},{"id":null,"key":"eventOnInstanceUITabChangeDOC","value":"인스턴스 UI 탭 변경 이벤트 시"},{"id":null,"key":"eventOnInstanceUITabChangeLBL","value":"인스턴스 UI 탭 변경 시"},{"id":null,"key":"eventOnLoadDOC","value":"로드 이벤트 시"},{"id":null,"key":"eventOnLoadLBL","value":"로드 시"},{"id":null,"key":"eventOnProcessLaunched","value":"프로세스 실행 이벤트 시"},{"id":null,"key":"eventOnRefreshDOC","value":"새로 고치기 이벤트 시"},{"id":null,"key":"eventOnRefreshLBL","value":"새로 고치기 시"},{"id":null,"key":"eventOnSearchLaunched","value":"검색 실행 이벤트 시"},{"id":null,"key":"eventOnServiceClosedDOC","value":"서비스 닫기 이벤트 시"},{"id":null,"key":"eventOnServiceClosedLBL","value":"서비스 닫기 시"},{"id":null,"key":"eventOnServiceLaunched","value":"서비스 실행 이벤트 시"},{"id":null,"key":"eventOnServiceOpenedDOC","value":"서비스 열기 이벤트 시"},{"id":null,"key":"eventOnServiceOpenedLBL","value":"서비스 열기 시"},{"id":null,"key":"eventOnShowDOC","value":"표시 이벤트 시"},{"id":null,"key":"eventOnShowLBL","value":"표시 시"},{"id":null,"key":"eventOnTaskActionDOC","value":"태스크 조치 이벤트 시"},{"id":null,"key":"eventOnTaskActionLBL","value":"태스크 조치 시"},{"id":null,"key":"eventOnTaskClosedDOC","value":"태스크 닫기 이벤트 시"},{"id":null,"key":"eventOnTaskClosedLBL","value":"태스크 닫기 시"},{"id":null,"key":"eventOnTaskLaunchedDOC","value":"태스크 실행 이벤트 시"},{"id":null,"key":"eventOnTaskLaunchedLBL","value":"태스크 실행 시"},{"id":null,"key":"eventOnTaskOpenedDOC","value":"태스크 열기 이벤트 시"},{"id":null,"key":"eventOnTaskOpenedLBL","value":"태스크 열기 시"},{"id":null,"key":"eventOnVisibilityChangeDOC","value":"가시성 이벤트 시"},{"id":null,"key":"eventOnVisibilityChangeLBL","value":"가시성 변경 시"},{"id":null,"key":"filterByProjectDOC","value":"해당 프로젝트에 대한 인스턴스만 나열하도록 인스턴스를 필터링할 프로젝트 이름을 입력하십시오."},{"id":null,"key":"filterByProjectLBL","value":"프로젝트별 필터링"},{"id":null,"key":"generalTaskSortingDOC","value":"목록 정렬을 지속하려면 바인딩을 선택합니다."},{"id":null,"key":"hideActionsMenuDOC","value":"태스크의 추가 조치에 대한 액세스를 제공하는 메뉴를 사용 안함으로 설정합니다."},{"id":null,"key":"hideActionsMenuLBL","value":"조치 메뉴 사용 안함"},{"id":null,"key":"hideCase","value":"케이스 숨기기"},{"id":null,"key":"hideColumnSelectorDOC","value":"목록에 표시할 열에 대한 선택기를 숨깁니다."},{"id":null,"key":"hideColumnSelectorLBL","value":"열 선택기 숨기기"},{"id":null,"key":"hideProcess","value":"프로세스 숨기기"},{"id":null,"key":"hideSearchBarDOC","value":"검색 표시줄을 숨깁니다."},{"id":null,"key":"hideSearchBarLBL","value":"검색 표시줄 숨기기"},{"id":null,"key":"hideService","value":"시작 가능 서비스 숨기기"},{"id":null,"key":"hideStatusColumnDOC","value":"상태 열을 목록에서 숨깁니다."},{"id":null,"key":"hideStatusColumnLBL","value":"상태 열 숨기기"},{"id":null,"key":"instanceDOC","value":"인스턴스 데이터"},{"id":null,"key":"instanceFiltersDOC","value":"인스턴스 목록에서 필터를 유지하기 위한 바인딩을 선택하십시오."},{"id":null,"key":"instanceFiltersLBL","value":"지속적 필터 선택"},{"id":null,"key":"instanceIdDOC","value":"비즈니스 프로세스 정의 인스턴스 ID입니다. 이 옵션이 프로세스 ID 옵션보다 우선합니다."},{"id":null,"key":"instanceIdLBL","value":"프로세스 인스턴스 ID"},{"id":null,"key":"instanceLBL","value":"인스턴스"},{"id":null,"key":"instanceListColumnWidthDOC","value":"인스턴스 목록에서 열 너비를 유지하기 위한 바인딩을 선택하십시오."},{"id":null,"key":"instanceListColumnWidthLBL","value":"지속적 열 너비 설정"},{"id":null,"key":"instanceModeDOC","value":"인스턴스 관련 검색만 표시합니다."},{"id":null,"key":"instanceModeLBL","value":"인스턴스 모드"},{"id":null,"key":"instancesColumnsDOC","value":"인스턴스 목록에 표시할 열을 지정하십시오."},{"id":null,"key":"instancesColumnsLBL","value":"인스턴스 열 사용자 정의"},{"id":null,"key":"instancesEnableInstanceDetailsDOC","value":"워크플로우 인스턴스 열기 기능을 사용으로 설정합니다."},{"id":null,"key":"instancesEnableInstanceDetailsLBL","value":"인스턴스 실행 사용"},{"id":null,"key":"instancesPerPageDOC","value":"페이지당 표시할 인스턴스 수를 입력하십시오."},{"id":null,"key":"instancesPerPageLBL","value":"페이지당 인스턴스 수 설정"},{"id":null,"key":"instancesSortDOC","value":"인스턴스 목록 정렬을 지속하려면 바인딩을 선택합니다."},{"id":null,"key":"instancesSortLBL","value":"지속적 인스턴스 정렬 설정"},{"id":null,"key":"isTaskFilterServiceEnabledDOC","value":"목록을 정렬하는 지능형 태스크 우선순위 지정을 활성화하여 다음으로 작업에 가장 적합한 태스크를 맨 위에 배치합니다."},{"id":null,"key":"isTaskFilterServiceEnabledLBL","value":"태스크 우선순위 지정 사용"},{"id":null,"key":"itemLengthDOC","value":"입력 목록의 길이입니다."},{"id":null,"key":"itemLengthLBL","value":"항목 길이"},{"id":null,"key":"itemPerPageDOC","value":"페이지당 항목 수입니다."},{"id":null,"key":"itemPerPageLBL","value":"페이지당"},{"id":null,"key":"localizationServiceDOC","value":"Coach 보기에 사용할 자국어로 지원된 문자열을 검색하는 데 사용되는 서비스를 지정합니다."},{"id":null,"key":"localizationServiceLBL","value":"현지화 서비스"},{"id":null,"key":"mandatoryColumnsDOC","value":"필수 열의 목록입니다."},{"id":null,"key":"mandatoryColumnsLBL","value":"필수 열"},{"id":null,"key":"maximumSearchSizeDOC","value":"검색에 대해 리턴되는 최대 태스크 수를 설정하십시오."},{"id":null,"key":"maximumSearchSizeLBL","value":"최대 검색 한계 설정"},{"id":null,"key":"numberOfTaskOptionDOC","value":"사용 가능한 태스크 옵션 수 목록입니다."},{"id":null,"key":"numberOfTaskOptionLBL","value":"태스크 수 목록"},{"id":null,"key":"placeholderDOC","value":"입력 필드에 대한 플레이스홀더입니다."},{"id":null,"key":"placeholderLBL","value":"플레이스홀더"},{"id":null,"key":"processAppAcroDOC","value":"앱 약어를 입력하여 해당 앱에 대한 태스크만 표시하도록 목록을 필터링합니다."},{"id":null,"key":"processAppAcroLBL","value":"앱별 필터링"},{"id":null,"key":"processIdDOC","value":"표시할 프로세스 다이어그램의 비즈니스 프로세스 정의 ID입니다. Snapshot ID, 분기 ID, 또는 프로젝트 ID는 필수입니다."},{"id":null,"key":"processIdLBL","value":"프로세스 ID"},{"id":null,"key":"processModeDOC","value":"프로세스 정보를 표시하도록 보기를 최적화합니다."},{"id":null,"key":"processModeLBL","value":"프로세스에 최적화"},{"id":null,"key":"projectIdDOC","value":"특정 프로세스의 프로젝트 ID입니다(2066.xxx로 시작)."},{"id":null,"key":"projectIdLBL","value":"프로젝트 ID"},{"id":null,"key":"projectedPathDOC","value":"강조할 추정된 경로를 포함한 활동 ID의 목록입니다. 활동은 플로우 순서로 제시됩니다. 이 목록은 프로세스 인스턴스 ID 선택사항을 사용하는 경우에만 적용할 수 있습니다."},{"id":null,"key":"projectedPathLBL","value":"추정된 경로"},{"id":null,"key":"recentInstanceSearchesDOC","value":"검색 표시줄에서 최근 검색을 유지하기 위한 바인딩을 선택하십시오."},{"id":null,"key":"recentInstanceSearchesLBL","value":"지속적 검색 설정"},{"id":null,"key":"recentTaskSearchesDOC","value":"검색 표시줄에서 최근 검색을 유지하기 위한 바인딩을 선택하십시오."},{"id":null,"key":"recentTaskSearchesLBL","value":"지속적 검색 설정"},{"id":null,"key":"recentWorkstreamLimit","value":"목록에 대해 표시할 작업 스트림 수"},{"id":null,"key":"removeFilterLBL","value":"필터 제거"},{"id":null,"key":"requiredOwnershipCheckDOC","value":"현재 사용자에게 태스크를 열 수 있는 권한이 부여되었는지 확인합니다."},{"id":null,"key":"requiredOwnershipCheckLBL","value":"태스크 소유권 확인"},{"id":null,"key":"responsiveModeDOC","value":"태스크 목록을 보기 위한 화면 크기를 선택하십시오."},{"id":null,"key":"responsiveModeLBL","value":"응답 모드 설정"},{"id":null,"key":"riskStateDOC","value":"활동 요약을 표시하는 경우에는 활동을 선택한 상태로 설정합니다. 올바른 값은 OnTrack, AtRisk, Overdue입니다."},{"id":null,"key":"riskStateLBL","value":"위험 상태"},{"id":null,"key":"savedSearchInstanceFilterDOC","value":"인스턴스 관련 필터만 표시합니다."},{"id":null,"key":"savedSearchInstanceFilterLBL","value":"인스턴스 필터"},{"id":null,"key":"savedSearchInstanceModeDOC","value":"인스턴스 관련 필터 및 열만 표시합니다."},{"id":null,"key":"savedSearchInstanceModeLBL","value":"인스턴스 모드"},{"id":null,"key":"savedSearchNameDOC","value":"태스크 목록에서 저장된 검색을 유지하기 위한 바인딩을 선택하십시오."},{"id":null,"key":"savedSearchNameLBL","value":"지속적 저장된 검색 설정"},{"id":null,"key":"scopeDOC","value":"검색 필터를 범위 필터로 표시합니다."},{"id":null,"key":"scopeLBL","value":"범위 필터로 표시"},{"id":null,"key":"selectDateLBL","value":"날짜 선택..."},{"id":null,"key":"selectValueLBL","value":"값 선택"},{"id":null,"key":"showActivitySummariesDOC","value":"활동 요약을 표시할 것인지 여부를 제어합니다. 이 목록은 프로세스 ID 선택사항을 사용하는 경우에만 적용할 수 있습니다."},{"id":null,"key":"showActivitySummariesLBL","value":"활동 요약 표시"},{"id":null,"key":"showAllStatsDOC","value":"널인 값을 포함하여 모든 통계 값을 표시합니다."},{"id":null,"key":"showAllStatsLBL","value":"모든 값 표시"},{"id":null,"key":"showInstanceRefreshDOC","value":"알림 서버가 사용 불가능할 때 인스턴스 목록을 수동으로 새로 고치는 데 사용할 수 있는 새로 고치기 단추를 표시합니다."},{"id":null,"key":"showOnTaskClosedDOC","value":"태스크가 닫힐 때 태스크 뷰어를 표시합니다."},{"id":null,"key":"showOnTaskClosedLBL","value":"태스크 닫기 시 표시"},{"id":null,"key":"showPageSizerDOC","value":"페이지 크기 조정기를 표시합니다."},{"id":null,"key":"showPageSizerLBL","value":"페이지 크기 조정기 표시"},{"id":null,"key":"showPagerStatsDOC","value":"페이지 통계를 표시합니다."},{"id":null,"key":"showPagerStatsLBL","value":"페이지 통계 표시"},{"id":null,"key":"showRefreshLBL","value":"새로 고치기 단추 표시"},{"id":null,"key":"showSavedSearchesDOC","value":"저장된 검색의 드롭 다운 목록을 표시합니다."},{"id":null,"key":"showSavedSearchesLBL","value":"저장된 검색 표시"},{"id":null,"key":"showSingleListDOC","value":"모든 태스크를 단일 목록에 표시합니다."},{"id":null,"key":"showSingleListLBL","value":"단일 목록 표시"},{"id":null,"key":"showSortByArrowDOC","value":"태스크 목록을 오름차순, 내림차순 또는 기본 순서로 정렬하기 위한 선택기를 표시합니다."},{"id":null,"key":"showSortByArrowLBL","value":"열 정렬 선택기 표시"},{"id":null,"key":"showStatsDOC","value":"태스크 통계의 요약을 표시합니다."},{"id":null,"key":"showStatsLBL","value":"통계 표시"},{"id":null,"key":"showTaskRefreshDOC","value":"알림 서버가 사용 불가능할 때 태스크 목록을 수동으로 새로 고치는 데 사용할 수 있는 새로 고치기 단추를 표시합니다."},{"id":null,"key":"showTotalOnlyDOC","value":"태스크 총계만 표시"},{"id":null,"key":"showTotalOnlyLBL","value":"총계만 표시"},{"id":null,"key":"skipClaimForTasksDOC","value":"태스크 청구 모달을 표시하지 않습니다. 여는 즉시 태스크가 자동으로 청구됩니다."},{"id":null,"key":"skipClaimForTasksLBL","value":"태스크 청구 사용 안함"},{"id":null,"key":"skipNavDOC","value":"새 창에서 Case Client를 열기 위한 대화 상자를 표시하지 않습니다."},{"id":null,"key":"skipNavLBL","value":"확인 대화 상자 건너뛰기"},{"id":null,"key":"snapshotIdDOC","value":"특정 프로세스의 Snapshot ID입니다(2064.xxx로 시작됨)."},{"id":null,"key":"snapshotIdLBL","value":"Snapshot ID"},{"id":null,"key":"sortByDOC","value":"목록이 처음에 정렬되는 기준 열을 지정하십시오."},{"id":null,"key":"sortByLBL","value":"열 기준 정렬"},{"id":null,"key":"stepIdDOC","value":"활동 요약을 표시하는 경우에는 선택한 상태로 설정합니다."},{"id":null,"key":"stepIdLBL","value":"단계 ID"},{"id":null,"key":"systemColumnsDOC","value":"가능한 고유 열의 목록입니다."},{"id":null,"key":"systemColumnsLBL","value":"고유 열"},{"id":null,"key":"systemDataDOC","value":"태스크 뷰어에 표시할 시스템 데이터를 설정합니다."},{"id":null,"key":"systemDataLBL","value":"시스템 데이터 사용자 정의"},{"id":null,"key":"taskActionsDOC","value":"태스크에 대해 수행할 수 있는 조치 목록을 지정합니다."},{"id":null,"key":"taskActionsLBL","value":"태스크 조치 설정"},{"id":null,"key":"taskDOC","value":"태스크 뷰어에 표시할 태스크를 설정합니다."},{"id":null,"key":"taskFiltersDOC","value":"태스크 목록에서 필터를 유지하기 위한 바인딩을 선택하십시오."},{"id":null,"key":"taskFiltersLBL","value":"지속적 필터 선택"},{"id":null,"key":"taskLBL","value":"태스크 설정"},{"id":null,"key":"taskLaunchEventDOC","value":"태스크가 열릴 때 실행할 이벤트의 이름을 입력하십시오."},{"id":null,"key":"taskLaunchEventLBL","value":"태스크 실행 시 이벤트 설정"},{"id":null,"key":"taskListColumnWidthDOC","value":"태스크 목록에서 열 너비를 유지하기 위한 바인딩을 선택하십시오."},{"id":null,"key":"taskListColumnWidthLBL","value":"지속적 열 너비 설정"},{"id":null,"key":"taskListEnableInstanceDetailsDOC","value":"태스크 인스턴스를 여는 기능을 사용으로 설정합니다."},{"id":null,"key":"taskListFavoritesLBL","value":"즐겨찾기"},{"id":null,"key":"taskListTaskSortingDOC","value":"태스크 목록 정렬을 지속하려면 바인딩을 선택합니다."},{"id":null,"key":"taskListTaskSortingLBL","value":"지속적 정렬 설정"},{"id":null,"key":"tasksColumnsDOC","value":"태스크 목록에 표시할 열을 지정하십시오."},{"id":null,"key":"tasksColumnsLBL","value":"열 사용자 정의"},{"id":null,"key":"tasksDOC","value":"표시할 태스크 목록입니다."},{"id":null,"key":"tasksLBL","value":"태스크"},{"id":null,"key":"tasksPerBlockDOC","value":"각 블록에 표시되는 태스크 수입니다."},{"id":null,"key":"tasksPerBlockLBL","value":"블록당 태스크 수"},{"id":null,"key":"tasksPerPageDOC","value":"페이지당 표시할 태스크 수를 입력하십시오."},{"id":null,"key":"tasksPerPageLBL","value":"페이지당 태스크 수 설정"},{"id":null,"key":"teamsDOC","value":"팀 요약 목록입니다."},{"id":null,"key":"teamsLBL","value":"팀"},{"id":null,"key":"titleDOC","value":"제목 표시줄에 표시될 제목 문자열입니다."},{"id":null,"key":"titleLBL","value":"제목 문자열"},{"id":null,"key":"topTableLabelDOC","value":"목록 위에 표시되는 레이블의 텍스트를 입력하십시오."},{"id":null,"key":"topTableLabelLBL","value":"헤더 레이블 추가"},{"id":null,"key":"traversedPathDOC","value":"순회 경로를 표시할 수 있도록 강조할 링크 ID 목록입니다. 이 목록은 프로세스 인스턴스 ID 선택사항을 사용하는 경우에만 적용할 수 있습니다."},{"id":null,"key":"traversedPathLBL","value":"순회 경로"},{"id":null,"key":"typeHereLBL","value":"여기에 입력..."},{"id":null,"key":"useEventTriggeringFetchActionDOC","value":"태스크 페치 요청을 이벤트에 위임합니다."},{"id":null,"key":"useEventTriggeringFetchActionLBL","value":"이벤트를 사용하여 태스크 페치"},{"id":null,"key":"workflowsLBL","value":"워크플로우"},{"id":null,"key":"workplaceConfigDOC","value":"작업영역 동작을 구성합니다."},{"id":null,"key":"workplaceConfigLBL","value":"작업영역 구성"},{"id":null,"key":"workplaceUserSettingsDOC","value":"사용자가 다시 로그인할 때 적용될 사용자 설정을 유지하기 위한 바인딩입니다."},{"id":null,"key":"workplaceUserSettingsLBL","value":"작업영역 사용자 설정"},{"id":null,"key":"zoomFactorDOC","value":"프로세스 다이어그램 확대/축소 레벨의 올바른 값은 1 - 10입니다."},{"id":null,"key":"zoomFactorLBL","value":"확대/축소 레벨"}]}