{"id":"50.c4d6cc83-a000-4ae2-b2f5-d35d89f9c6ba/2064.7814960a-7cfe-424d-92b5-d9ce2fbce18c","localeLanguage":"ru","localeCountry":"","localeVariant":"","localeDisplayName":"WPT","resourceBundleKey":[{"id":null,"key":"HistoryLBL","value":"Хронология"},{"id":null,"key":"activitiesDOC","value":"Список операций"},{"id":null,"key":"activitiesLBL","value":"Операции"},{"id":null,"key":"activitySummariesDOC","value":"Список обзоров действий для вывода. Применяется только при использовании опции ИД процесса."},{"id":null,"key":"activitySummariesLBL","value":"Обзор действий"},{"id":null,"key":"addFilterLBL","value":"Добавить фильтр"},{"id":null,"key":"alwaysShowDOC","value":"Всегда показывать"},{"id":null,"key":"alwaysShowLBL","value":"Всегда показывать"},{"id":null,"key":"availableActionsDOC","value":"Список доступных действий на диаграмме процесса. Действия зависят от прав доступа текущего пользователя на уровне сводной панели."},{"id":null,"key":"availableActionsLBL","value":"Доступные действия"},{"id":null,"key":"blocksShowingOnloadDOC","value":"Число блоков, отображаемых при загрузке"},{"id":null,"key":"blocksShowingOnloadLBL","value":"Видимых блоков при загрузке"},{"id":null,"key":"bottomTableLabelDOC","value":"Введите текст для метки, отображаемой под списком."},{"id":null,"key":"bottomTableLabelLBL","value":"Добавить метку нижнего колонтитула"},{"id":null,"key":"branchIdDOC","value":"ИД ветви конкретного процесса (начинается с 2063.xxx)."},{"id":null,"key":"branchIdLBL","value":"ИД ветви"},{"id":null,"key":"brandDOC","value":"Имя торгового знака для отображения в строке заголовка"},{"id":null,"key":"brandLBL","value":"Имя торгового знака"},{"id":null,"key":"businessColumnsDOC","value":"Список возможных бизнес-столбцов"},{"id":null,"key":"businessColumnsLBL","value":"Бизнес-столбцы"},{"id":null,"key":"caseScopeDOC","value":"Выберите экземпляры кейса для включения в список (все доступные экземпляры или только присвоенные вам экземпляры)."},{"id":null,"key":"caseScopeLBL","value":"Область кейса"},{"id":null,"key":"clearFilterLBL","value":"Очистить фильтр"},{"id":null,"key":"customPathDOC","value":"Список ProjectedPathLinkChange для созданного пользовательского пути. Применяется только при использовании опции ИД экземпляра процесса."},{"id":null,"key":"customPathLBL","value":"Пользовательский путь"},{"id":null,"key":"disableActionsDOC","value":"Выключаемые действия"},{"id":null,"key":"disableActionsLBL","value":"Выключить действия"},{"id":null,"key":"disableCompleteTasksDOC","value":"Запретить пользователям открывать выполненные задачи."},{"id":null,"key":"disableCompleteTasksLBL","value":"Запретить открытие выполненных задач"},{"id":null,"key":"disableFilterEventsDOC","value":"Выключить автоматическое обновление списка при обновлении фильтров."},{"id":null,"key":"disableFilterEventsLBL","value":"Выключить автоматическое обновление"},{"id":null,"key":"disableFulltextSearchDOC","value":"Выключить возможность поиска по всему тексту на панели поиска"},{"id":null,"key":"disableFulltextSearchLBL","value":"Выключить поиск по всему тексту"},{"id":null,"key":"disableLeftClickActivityDetailsDOC","value":"Выключает всплывающее окно Сведения об операции, которое открывается при щелчке левой кнопкой мыши на узле."},{"id":null,"key":"disableLeftClickActivityDetailsLBL","value":"Выключить сведения об операции левой кнопки мыши"},{"id":null,"key":"disableRetrieveServicesDOC","value":"Выключение служб извлечения (таких как управление коллективом или создание потоков задач) в меню действий."},{"id":null,"key":"disableRetrieveServicesLBL","value":"Выключить службы извлечения"},{"id":null,"key":"disableRightClickMenusDOC","value":"Выключает всплывающее окно Контекстное меню, которое открывается при щелчке правой кнопкой мыши на узле."},{"id":null,"key":"disableRightClickMenusLBL","value":"Выключить контекстное меню правой кнопки мыши"},{"id":null,"key":"documentsLBL","value":"Документы"},{"id":null,"key":"embededViewDOC","value":"Скрывает кнопку Закрыть для встраивания в другое окно."},{"id":null,"key":"embededViewLBL","value":"Встроенное представление"},{"id":null,"key":"enableAddWorkflowDOC","value":"Показать кнопку Запустить поток операций."},{"id":null,"key":"enableAddWorkflowLBL","value":"Показать кнопку Запустить поток операций"},{"id":null,"key":"enableBatchModifyDOC","value":"Разрешить одновременное изменение нескольких выбранных задач."},{"id":null,"key":"enableBatchModifyLBL","value":"Включить пакетное изменение"},{"id":null,"key":"enableHistoryNavDOC","value":"Показать путь навигации на текущей странице в программе просмотра задач."},{"id":null,"key":"enableHistoryNavLBL","value":"Показать путь навигации"},{"id":null,"key":"enableInstanceDetailsDOC","value":"Показать действие экземпляра представления во всплывающем меню."},{"id":null,"key":"enableInstanceDetailsLBL","value":"Показать экземпляр представления"},{"id":null,"key":"enableSavedSearchEditingDOC","value":"Позволяет разрешить создание и редактирование сохраненных операций поиска."},{"id":null,"key":"enableSavedSearchEditingLBL","value":"Включить сохраненные операции поиска"},{"id":null,"key":"enterDecimalLBL","value":"Введите десятичное число..."},{"id":null,"key":"enterNumberLBL","value":"Введите число..."},{"id":null,"key":"eventONNavigationButtonClickedDOC","value":"При событии выбора элемента навигации"},{"id":null,"key":"eventONNavigationButtonClickedLBL","value":"При выборе элемента навигации"},{"id":null,"key":"eventONPageSizeChangedDOC","value":"Отправляется при изменении числа элементов на странице."},{"id":null,"key":"eventONPageSizeChangedLBL","value":"При изменении числа элементов на странице"},{"id":null,"key":"eventONPageSwitchedDOC","value":"Отправляется при изменении номера страницы."},{"id":null,"key":"eventONPageSwitchedLBL","value":"При изменении страницы"},{"id":null,"key":"eventOnCardBlurDOC","value":"Активируется, когда карточка теряет фокус"},{"id":null,"key":"eventOnCardBlurLBL","value":"При размытии карточки"},{"id":null,"key":"eventOnCardFocusDOC","value":"Активируется при выборе карточки"},{"id":null,"key":"eventOnCardFocusLBL","value":"При выборе карточки"},{"id":null,"key":"eventOnChangeDOC","value":"При событии изменения"},{"id":null,"key":"eventOnChangeLBL","value":"При изменении"},{"id":null,"key":"eventOnExternalFetchDOC","value":"Метод ожидает вызова setTasks() для нового списка задач."},{"id":null,"key":"eventOnExternalFetchLBL","value":"При внешнем извлечении"},{"id":null,"key":"eventOnFilterBtnClickedDOC","value":"Активируется при нажатии кнопки фильтрации."},{"id":null,"key":"eventOnFilterBtnClickedLBL","value":"При нажатии кнопки фильтрации"},{"id":null,"key":"eventOnHideDOC","value":"При событии скрытия"},{"id":null,"key":"eventOnHideLBL","value":"При скрытии"},{"id":null,"key":"eventOnInstanceLaunchedLBL","value":"При запуске экземпляра"},{"id":null,"key":"eventOnInstanceUIActionDOC","value":"При событии действия пользовательского интерфейса экземпляра"},{"id":null,"key":"eventOnInstanceUIActionLBL","value":"При действии пользовательского интерфейса экземпляра"},{"id":null,"key":"eventOnInstanceUIActivitySelectedDOC","value":"При событии выбора действия в пользовательском интерфейсе экземпляра"},{"id":null,"key":"eventOnInstanceUIActivitySelectedLBL","value":"При выборе действия в пользовательском интерфейсе экземпляра"},{"id":null,"key":"eventOnInstanceUIClosedDOC","value":"При событии закрытия экземпляра"},{"id":null,"key":"eventOnInstanceUIClosedLBL","value":"При закрытии экземпляра"},{"id":null,"key":"eventOnInstanceUICommentPostDOC","value":"При событии отправки комментария в пользовательском интерфейсе экземпляра"},{"id":null,"key":"eventOnInstanceUICommentPostLBL","value":"При отправке комментария в пользовательском интерфейсе экземпляра"},{"id":null,"key":"eventOnInstanceUILaunchedDOC","value":"При событии запуска пользовательского интерфейса экземпляра"},{"id":null,"key":"eventOnInstanceUILaunchedLBL","value":"При запуске пользовательского интерфейса экземпляра"},{"id":null,"key":"eventOnInstanceUITabChangeDOC","value":"При событии изменения вкладки пользовательского интерфейса экземпляра"},{"id":null,"key":"eventOnInstanceUITabChangeLBL","value":"При изменении вкладки пользовательского интерфейса экземпляра"},{"id":null,"key":"eventOnLoadDOC","value":"При событии загрузки"},{"id":null,"key":"eventOnLoadLBL","value":"При загрузке"},{"id":null,"key":"eventOnProcessLaunched","value":"При событии запуска процесса"},{"id":null,"key":"eventOnRefreshDOC","value":"При событии обновления"},{"id":null,"key":"eventOnRefreshLBL","value":"При обновлении"},{"id":null,"key":"eventOnSearchLaunched","value":"При событии запуска поиска"},{"id":null,"key":"eventOnServiceClosedDOC","value":"При событии закрытия службы"},{"id":null,"key":"eventOnServiceClosedLBL","value":"При закрытии службы"},{"id":null,"key":"eventOnServiceLaunched","value":"При событии запуска службы"},{"id":null,"key":"eventOnServiceOpenedDOC","value":"При событии открытия службы"},{"id":null,"key":"eventOnServiceOpenedLBL","value":"При открытии службы"},{"id":null,"key":"eventOnShowDOC","value":"При событии отображения"},{"id":null,"key":"eventOnShowLBL","value":"При отображении"},{"id":null,"key":"eventOnTaskActionDOC","value":"При событии действия над задачей"},{"id":null,"key":"eventOnTaskActionLBL","value":"При действии над задачей"},{"id":null,"key":"eventOnTaskClosedDOC","value":"При событии закрытия задачи"},{"id":null,"key":"eventOnTaskClosedLBL","value":"При закрытии задачи"},{"id":null,"key":"eventOnTaskLaunchedDOC","value":"При событии запуска задачи"},{"id":null,"key":"eventOnTaskLaunchedLBL","value":"При запуске задачи"},{"id":null,"key":"eventOnTaskOpenedDOC","value":"При событии открытия задачи"},{"id":null,"key":"eventOnTaskOpenedLBL","value":"При открытии задачи"},{"id":null,"key":"eventOnVisibilityChangeDOC","value":"При событии изменения видимости"},{"id":null,"key":"eventOnVisibilityChangeLBL","value":"При изменении видимости"},{"id":null,"key":"filterByProjectDOC","value":"Введите имя проекта для отображения в списке только тех экземпляров, которые относятся к этому проекту."},{"id":null,"key":"filterByProjectLBL","value":"Фильтровать по проекту"},{"id":null,"key":"hideActionsMenuDOC","value":"Выключить меню действий, которое предоставляет доступ к дополнительным действиям над задачей."},{"id":null,"key":"hideActionsMenuLBL","value":"Выключить меню действий"},{"id":null,"key":"hideCase","value":"Скрыть кейсы"},{"id":null,"key":"hideColumnSelectorDOC","value":"Скрыть селектор столбцов, отображаемых в списке."},{"id":null,"key":"hideColumnSelectorLBL","value":"Скрыть селектор столбцов"},{"id":null,"key":"hideProcess","value":"Скрыть процессы"},{"id":null,"key":"hideSearchBarDOC","value":"Скрыть панель поиска."},{"id":null,"key":"hideSearchBarLBL","value":"Скрыть панель поиска"},{"id":null,"key":"hideService","value":"Скрыть запускаемые службы"},{"id":null,"key":"hideStatusColumnDOC","value":"Скрыть столбец состояния в списке."},{"id":null,"key":"hideStatusColumnLBL","value":"Скрыть столбец состояния"},{"id":null,"key":"instanceDOC","value":"Данные экземпляра"},{"id":null,"key":"instanceFiltersDOC","value":"Выберите привязку, чтобы сделать фильтры постоянными в списке экземпляров."},{"id":null,"key":"instanceFiltersLBL","value":"Указать постоянные фильтры"},{"id":null,"key":"instanceIdDOC","value":"ИД экземпляра определения бизнес-процесса. Эта опция более приоритетна, чем ИД процесса."},{"id":null,"key":"instanceIdLBL","value":"ИД экземпляра процесса"},{"id":null,"key":"instanceLBL","value":"Экземпляр"},{"id":null,"key":"instanceListColumnWidthDOC","value":"Выберите привязку, чтобы сделать значения ширины столбцов постоянными в списке экземпляров."},{"id":null,"key":"instanceListColumnWidthLBL","value":"Задать постоянную ширину столбцов"},{"id":null,"key":"instanceModeDOC","value":"Показать только операции поиска, связанные с экземплярами"},{"id":null,"key":"instanceModeLBL","value":"Режим экземпляра"},{"id":null,"key":"instancesColumnsDOC","value":"Укажите столбцы для отображения в списке экземпляров."},{"id":null,"key":"instancesColumnsLBL","value":"Настроить столбцы экземпляров"},{"id":null,"key":"instancesEnableInstanceDetailsDOC","value":"Разрешить открывать экземпляр рабочего процесса."},{"id":null,"key":"instancesEnableInstanceDetailsLBL","value":"Разрешить запуск экземпляров"},{"id":null,"key":"instancesPerPageDOC","value":"Введите число экземпляров для отображения на странице."},{"id":null,"key":"instancesPerPageLBL","value":"Указать число экземпляров на странице"},{"id":null,"key":"isTaskFilterServiceEnabledDOC","value":"Включить интеллектуальное определение очередности задач, размещающее оптимальные задачи в начале списка."},{"id":null,"key":"isTaskFilterServiceEnabledLBL","value":"Включить определение очередности задач"},{"id":null,"key":"itemLengthDOC","value":"Длина входного списка."},{"id":null,"key":"itemLengthLBL","value":"Длина элемента"},{"id":null,"key":"itemPerPageDOC","value":"Число элементов на странице."},{"id":null,"key":"itemPerPageLBL","value":"На страницу"},{"id":null,"key":"localizationServiceDOC","value":"Укажите службу для извлечения локализованных строк для данного представления Coach."},{"id":null,"key":"localizationServiceLBL","value":"Служба локализации"},{"id":null,"key":"mandatoryColumnsDOC","value":"Список обязательных столбцов"},{"id":null,"key":"mandatoryColumnsLBL","value":"Обязательные столбцы"},{"id":null,"key":"maximumSearchSizeDOC","value":"Укажите максимальное число задач, возвращаемых в процессе поиска."},{"id":null,"key":"maximumSearchSizeLBL","value":"Указать максимальное число результатов поиска"},{"id":null,"key":"numberOfTaskOptionDOC","value":"Список доступных номеров задач"},{"id":null,"key":"numberOfTaskOptionLBL","value":"Список номеров задач"},{"id":null,"key":"placeholderDOC","value":"Заменитель для полей ввода"},{"id":null,"key":"placeholderLBL","value":"Заменитель"},{"id":null,"key":"processAppAcroDOC","value":"Введите акроним приложения для просмотра только тех задач, которые относятся к этому приложению."},{"id":null,"key":"processAppAcroLBL","value":"Фильтровать по приложению"},{"id":null,"key":"processIdDOC","value":"Отображаемый ИД определения бизнес-процесса для диаграммы. Требуется ИД моментальной копии, ИД ветви или ИД проекта."},{"id":null,"key":"processIdLBL","value":"ИД процесса"},{"id":null,"key":"processModeDOC","value":"Оптимизировать представление для отображения информации о процессах"},{"id":null,"key":"processModeLBL","value":"Оптимизировать для процессов"},{"id":null,"key":"projectIdDOC","value":"ИД проекта конкретного процесса (начинается с 2066.xxx)."},{"id":null,"key":"projectIdLBL","value":"ИД проекта"},{"id":null,"key":"projectedPathDOC","value":"Список ИД действий и намеченный путь для выделения. Действия следует указывать в том порядке, в котором они следую в потоке. Применяется только при использовании опции ИД экземпляра процесса."},{"id":null,"key":"projectedPathLBL","value":"Намеченный путь"},{"id":null,"key":"recentInstanceSearchesDOC","value":"Выберите привязку, чтобы сделать недавние поиски постоянными на панели поиска."},{"id":null,"key":"recentInstanceSearchesLBL","value":"Задать постоянные операции поиска"},{"id":null,"key":"recentTaskSearchesDOC","value":"Выберите привязку, чтобы сделать недавние поиски постоянными на панели поиска."},{"id":null,"key":"recentTaskSearchesLBL","value":"Задать постоянные операции поиска"},{"id":null,"key":"recentWorkstreamLimit","value":"Сколько рабочих потоков следует отображать в списке?"},{"id":null,"key":"removeFilterLBL","value":"Удалить фильтр"},{"id":null,"key":"requiredOwnershipCheckDOC","value":"Проверить, обладает ли текущий пользователь правами на открытие задачи."},{"id":null,"key":"requiredOwnershipCheckLBL","value":"Проверить принадлежность задачи"},{"id":null,"key":"responsiveModeDOC","value":"Выберите размер экрана для просмотра списка задач."},{"id":null,"key":"responsiveModeLBL","value":"Задать адаптивный режим"},{"id":null,"key":"riskStateDOC","value":"Назначить для выбранного состояния действия во время вывода обзоров действий. Допустимые значения: OnTrack, AtRisk и Overdue."},{"id":null,"key":"riskStateLBL","value":"Состояние риска"},{"id":null,"key":"savedSearchInstanceFilterDOC","value":"Показать только фильтры, связанные с экземплярами."},{"id":null,"key":"savedSearchInstanceFilterLBL","value":"Фильтр экземпляров"},{"id":null,"key":"savedSearchInstanceModeDOC","value":"Показать только фильтры и столбцы, связанные с экземплярами."},{"id":null,"key":"savedSearchInstanceModeLBL","value":"Режим экземпляра"},{"id":null,"key":"savedSearchNameDOC","value":"Выберите привязку, чтобы сделать сохраненные операции поиска постоянными в списке задач"},{"id":null,"key":"savedSearchNameLBL","value":"Задать постоянные сохраненные операции поиска"},{"id":null,"key":"scopeDOC","value":"Показать фильтр поиска как фильтр области."},{"id":null,"key":"scopeLBL","value":"Показать как фильтр области"},{"id":null,"key":"selectDateLBL","value":"Выберите дату..."},{"id":null,"key":"selectValueLBL","value":"Выберите значение"},{"id":null,"key":"showActivitySummariesDOC","value":"Указывает, следует ли выводить обзоры действий. Применяется только при использовании опции ИД процесса."},{"id":null,"key":"showActivitySummariesLBL","value":"Показать обзоры действий"},{"id":null,"key":"showAllStatsDOC","value":"Показать все значения статистики, включая пустые значения"},{"id":null,"key":"showAllStatsLBL","value":"Показать все значения"},{"id":null,"key":"showInstanceRefreshDOC","value":"Отображает кнопку Обновить, с помощью которой можно вручную обновить список экземпляров, если сервер уведомлений недоступен."},{"id":null,"key":"showOnTaskClosedDOC","value":"Показывать программу просмотра задач при закрытии задачи."},{"id":null,"key":"showOnTaskClosedLBL","value":"Показывать при закрытии задачи"},{"id":null,"key":"showPageSizerDOC","value":"Показать элемент изменения размера страницы."},{"id":null,"key":"showPageSizerLBL","value":"Показать элемент изменения размера страницы"},{"id":null,"key":"showPagerStatsDOC","value":"Показать статистику для страницы."},{"id":null,"key":"showPagerStatsLBL","value":"Показать статистику для страницы"},{"id":null,"key":"showRefreshLBL","value":"Показать кнопку Обновить"},{"id":null,"key":"showSavedSearchesDOC","value":"Показать выпадающий список сохраненных операций поиска."},{"id":null,"key":"showSavedSearchesLBL","value":"Показать сохраненные операции поиска"},{"id":null,"key":"showSingleListDOC","value":"Показать все задачи в одном списке"},{"id":null,"key":"showSingleListLBL","value":"Показать один список"},{"id":null,"key":"showSortByArrowDOC","value":"Показать селектор для сортировки списка задач по возрастанию, по убыванию или в порядке по умолчанию."},{"id":null,"key":"showSortByArrowLBL","value":"Показать селектор сортировки столбцов"},{"id":null,"key":"showStatsDOC","value":"Показать обзор статистики задачи."},{"id":null,"key":"showStatsLBL","value":"Показать статистику"},{"id":null,"key":"showTaskRefreshDOC","value":"Отображает кнопку Обновить, с помощью которой можно вручную обновить список задач, если сервер уведомлений недоступен."},{"id":null,"key":"showTotalOnlyDOC","value":"Показать только общее число задач"},{"id":null,"key":"showTotalOnlyLBL","value":"Показать только итоговое значение"},{"id":null,"key":"skipClaimForTasksDOC","value":"Не показывать окно Затребовать задачу. Задача будет затребована автоматически при открытии."},{"id":null,"key":"skipClaimForTasksLBL","value":"Отключить затребование задач"},{"id":null,"key":"skipNavDOC","value":"Не показывать запрос на открытие Case Client в новом окне."},{"id":null,"key":"skipNavLBL","value":"Пропустить окно подтверждения"},{"id":null,"key":"snapshotIdDOC","value":"ИД моментальной копии конкретного процесса (начинается с 2064.xxx)."},{"id":null,"key":"snapshotIdLBL","value":"ИД Snapshot"},{"id":null,"key":"sortByDOC","value":"Укажите столбец для начальной сортировки списка."},{"id":null,"key":"sortByLBL","value":"Сортировать по столбцам"},{"id":null,"key":"stepIdDOC","value":"Назначить для выбранного шага действия во время вывода обзоров действий."},{"id":null,"key":"stepIdLBL","value":"ИД шага"},{"id":null,"key":"systemColumnsDOC","value":"Список возможных внутренних столбцов"},{"id":null,"key":"systemColumnsLBL","value":"Внутренние столбцы"},{"id":null,"key":"systemDataDOC","value":"Укажите системные данные для отображения в программе просмотра задач."},{"id":null,"key":"systemDataLBL","value":"Настроить системные данные"},{"id":null,"key":"taskActionsDOC","value":"Укажите список действий, которые можно выполнять над задачей."},{"id":null,"key":"taskActionsLBL","value":"Указать действия над задачей"},{"id":null,"key":"taskDOC","value":"Указать задачу для отображения в программе просмотра задач."},{"id":null,"key":"taskFiltersDOC","value":"Выберите привязку, чтобы сделать фильтры постоянными в списке задач."},{"id":null,"key":"taskFiltersLBL","value":"Указать постоянные фильтры"},{"id":null,"key":"taskLBL","value":"Указать задачу"},{"id":null,"key":"taskLaunchEventDOC","value":"Введите имя события, генерируемого при открытии задачи."},{"id":null,"key":"taskLaunchEventLBL","value":"Задать событие при запуске задачи"},{"id":null,"key":"taskListColumnWidthDOC","value":"Выберите привязку, чтобы сделать значения ширины столбцов постоянными в списке задач."},{"id":null,"key":"taskListColumnWidthLBL","value":"Задать постоянную ширину столбцов"},{"id":null,"key":"taskListEnableInstanceDetailsDOC","value":"Разрешить открывать экземпляр задачи."},{"id":null,"key":"tasksColumnsDOC","value":"Укажите столбцы для отображения в списке задач."},{"id":null,"key":"tasksColumnsLBL","value":"Настроить столбцы"},{"id":null,"key":"tasksDOC","value":"Список задач для отображения"},{"id":null,"key":"tasksLBL","value":"Задачи"},{"id":null,"key":"tasksPerBlockDOC","value":"Число задач, отображаемых в каждом блоке"},{"id":null,"key":"tasksPerBlockLBL","value":"Задач на блок"},{"id":null,"key":"tasksPerPageDOC","value":"Введите число задач для отображения на странице."},{"id":null,"key":"tasksPerPageLBL","value":"Указать число задач на странице"},{"id":null,"key":"teamsDOC","value":"Список общих сведений о коллективах"},{"id":null,"key":"teamsLBL","value":"Коллективы"},{"id":null,"key":"titleDOC","value":"Заголовок для отображения в строке заголовка"},{"id":null,"key":"titleLBL","value":"Строка заголовка"},{"id":null,"key":"topTableLabelDOC","value":"Введите текст для метки, отображаемой над списком."},{"id":null,"key":"topTableLabelLBL","value":"Добавить метку верхнего колонтитула"},{"id":null,"key":"traversedPathDOC","value":"Список ИД выделяемых ссылок для вывода пройденного пути. Применяется только при использовании опции ИД экземпляра процесса."},{"id":null,"key":"traversedPathLBL","value":"Пройденный путь"},{"id":null,"key":"typeHereLBL","value":"Введите здесь..."},{"id":null,"key":"useEventTriggeringFetchActionDOC","value":"Запрос на извлечение задач делегируется событию."},{"id":null,"key":"useEventTriggeringFetchActionLBL","value":"Использовать событие для извлечения задач"},{"id":null,"key":"workflowsLBL","value":"Потоки операций"},{"id":null,"key":"workplaceConfigDOC","value":"Настраивает рабочую область"},{"id":null,"key":"workplaceConfigLBL","value":"Конфигурация рабочей области"},{"id":null,"key":"workplaceUserSettingsDOC","value":"Привязка для сохранения параметров пользователя, которые будут применены, когда пользователь снова войдет в систему"},{"id":null,"key":"workplaceUserSettingsLBL","value":"Параметры пользователя рабочей области"},{"id":null,"key":"zoomFactorDOC","value":"Допустимые значения масштаба диаграммы процесса: от 1 до 10."},{"id":null,"key":"zoomFactorLBL","value":"Масштаб"}]}