{"id":"50.c4d6cc83-a000-4ae2-b2f5-d35d89f9c6ba/2064.7814960a-7cfe-424d-92b5-d9ce2fbce18c","localeLanguage":"bg","localeCountry":"","localeVariant":"","localeDisplayName":"WPT","resourceBundleKey":[{"id":null,"key":"HistoryLBL","value":"Хронология"},{"id":null,"key":"activitiesDOC","value":"Списък с действия"},{"id":null,"key":"activitiesLBL","value":"Дейности"},{"id":null,"key":"activitySummariesDOC","value":"Списък с обобщения на дейностите, които да се показват. Това е приложимо само когато се използва опцията Идентификатор на процес."},{"id":null,"key":"activitySummariesLBL","value":"Обобщение на дейностите"},{"id":null,"key":"addFilterLBL","value":"Добавяне на филтър"},{"id":null,"key":"alwaysShowDOC","value":"Показвай винаги"},{"id":null,"key":"alwaysShowLBL","value":"Показвай винаги"},{"id":null,"key":"availableActionsDOC","value":"Списък с достъпните действия, които процесната диаграма ще активира. Те са основани върху оторизациите на текущия потребител, когато се използват в рамките на табло."},{"id":null,"key":"availableActionsLBL","value":"Достъпни действия"},{"id":null,"key":"blocksShowingOnloadDOC","value":"Брой блокове, които се показват при зареждане"},{"id":null,"key":"blocksShowingOnloadLBL","value":"Блокове, показвани при зареждане"},{"id":null,"key":"bottomTableLabelDOC","value":"Въведете текста за етикета, който ще се показва под списъка."},{"id":null,"key":"bottomTableLabelLBL","value":"Добавяне на етикет на долен колонтитул"},{"id":null,"key":"branchIdDOC","value":"Идентификаторът на клон за определен процес (започва с 2063.xxx)."},{"id":null,"key":"branchIdLBL","value":"Идентификатор на клон"},{"id":null,"key":"brandDOC","value":"Име на марка, което да се показва в заглавната лента"},{"id":null,"key":"brandLBL","value":"Име на марка"},{"id":null,"key":"businessColumnsDOC","value":"Списъкът с възможни бизнес колони"},{"id":null,"key":"businessColumnsLBL","value":"Бизнес колони"},{"id":null,"key":"caseScopeDOC","value":"Изберете кои потребителски модели на казуси да бъдат включени във вашия списък – или всички потребителски модели, които сте оторизирани да виждате, или само потребителските модели, които директно са приписани на вас."},{"id":null,"key":"caseScopeLBL","value":"Обхват на казус"},{"id":null,"key":"clearFilterLBL","value":"Изчистване на филтър"},{"id":null,"key":"customPathDOC","value":"Списъкът на промените във връзките на планирания път за създадения потребителски път. Това е приложимо само когато се използва опцията Идентификатор на потребителски модел на процес."},{"id":null,"key":"customPathLBL","value":"Потребителски път"},{"id":null,"key":"disableActionsDOC","value":"Действията, който да се деактивират"},{"id":null,"key":"disableActionsLBL","value":"Деактивиране на действия"},{"id":null,"key":"disableCompleteTasksDOC","value":"Не позволявайте на потребители да отварят завършени задачи."},{"id":null,"key":"disableCompleteTasksLBL","value":"Деактивиране на отварянето на завършени задачи"},{"id":null,"key":"disableFilterEventsDOC","value":"Деактивирайте автоматичното опресняване на списъка, когато филтрите се обновят."},{"id":null,"key":"disableFilterEventsLBL","value":"Деактивиране на автоматично опресняване"},{"id":null,"key":"disableFulltextSearchDOC","value":"Деактивиране на възможността за търсене на пълен текст в лентата за търсене"},{"id":null,"key":"disableFulltextSearchLBL","value":"Деактивиране на търсенето на пълен текст"},{"id":null,"key":"disableLeftClickActivityDetailsDOC","value":"Деактивира изскачащия прозорец с подробности за дейността, който се показва при щракване върху възел."},{"id":null,"key":"disableLeftClickActivityDetailsLBL","value":"Деактивиране на Подробности за дейности при щракване върху левия бутон"},{"id":null,"key":"disableRetrieveServicesDOC","value":"Деактивирането на услугите за извличане (напр., управление на екип, създаване на работни потоци) към менюто с действия."},{"id":null,"key":"disableRetrieveServicesLBL","value":"Деактивиране на услугите за извличане"},{"id":null,"key":"disableRightClickMenusDOC","value":"Деактивира изскачащия прозорец с контекстно меню, който се показва при щракване с десния бутон върху възел."},{"id":null,"key":"disableRightClickMenusLBL","value":"Деактивиране на контекстното меню при щракване върху десния бутон"},{"id":null,"key":"documentsLBL","value":"Документи"},{"id":null,"key":"embededViewDOC","value":"Скрива бутона за затваряне за вграждане в друг изглед."},{"id":null,"key":"embededViewLBL","value":"Вграден изглед"},{"id":null,"key":"enableAddWorkflowDOC","value":"Показване на бутона на начален работен поток."},{"id":null,"key":"enableAddWorkflowLBL","value":"Показване на начален работен поток"},{"id":null,"key":"enableBatchModifyDOC","value":"Разрешете модифицирането на множество избрани задачи наведнъж."},{"id":null,"key":"enableBatchModifyLBL","value":"Активиране на модифициране на пакет"},{"id":null,"key":"enableHistoryNavDOC","value":"Показване на навигационната пътека към настоящата страница в средството за преглед на задачи."},{"id":null,"key":"enableHistoryNavLBL","value":"Показване на йерархична следа"},{"id":null,"key":"enableInstanceDetailsDOC","value":"Показване на действието на потребителския модел за преглед в менюто за препълване."},{"id":null,"key":"enableInstanceDetailsLBL","value":"Показване на потребителски модел"},{"id":null,"key":"enableSavedSearchEditingDOC","value":"Разрешете създаването и редактирането на запазени търсения."},{"id":null,"key":"enableSavedSearchEditingLBL","value":"Разрешаване на запазени търсения"},{"id":null,"key":"enterDecimalLBL","value":"Въведете десетично число..."},{"id":null,"key":"enterNumberLBL","value":"Въведете число..."},{"id":null,"key":"eventONNavigationButtonClickedDOC","value":"При събитие на щракване върху навигационен елемент"},{"id":null,"key":"eventONNavigationButtonClickedLBL","value":"При щракване върху навигационен елемент"},{"id":null,"key":"eventONPageSizeChangedDOC","value":"Задейства се, когато броят на елементите за страница бъде променен."},{"id":null,"key":"eventONPageSizeChangedLBL","value":"При елементи, променени за страница"},{"id":null,"key":"eventONPageSwitchedDOC","value":"Задейства се, когато номерът на страницата бъде променен."},{"id":null,"key":"eventONPageSwitchedLBL","value":"Променен на страница"},{"id":null,"key":"eventOnCardBlurDOC","value":"Задейства се, когато картата загуби фокус"},{"id":null,"key":"eventOnCardBlurLBL","value":"При разфокусиране на карта"},{"id":null,"key":"eventOnCardFocusDOC","value":"Задейства се, когато картата се фокусира"},{"id":null,"key":"eventOnCardFocusLBL","value":"При фокусиране на карта"},{"id":null,"key":"eventOnChangeDOC","value":"Събитие при промяна"},{"id":null,"key":"eventOnChangeLBL","value":"При промяна"},{"id":null,"key":"eventOnExternalFetchDOC","value":"Методът очаква setTasks() да бъде извикан с новия списък със задачи."},{"id":null,"key":"eventOnExternalFetchLBL","value":"При външно извличане"},{"id":null,"key":"eventOnFilterBtnClickedDOC","value":"Задейства се, когато се щракне върху бутона за филтър."},{"id":null,"key":"eventOnFilterBtnClickedLBL","value":"Щракнато върху бутона за филтър"},{"id":null,"key":"eventOnHideDOC","value":"Събитие при скриване"},{"id":null,"key":"eventOnHideLBL","value":"При скриване"},{"id":null,"key":"eventOnInstanceLaunchedLBL","value":"При стартиране на потребителски модел"},{"id":null,"key":"eventOnInstanceUIActionDOC","value":"При събитие на действие в потребителския интерфейс на потребителския модел"},{"id":null,"key":"eventOnInstanceUIActionLBL","value":"При действие в потребителския интерфейс на потребителския модел"},{"id":null,"key":"eventOnInstanceUIActivitySelectedDOC","value":"При събитие на избрано действие в потребителския интерфейс на потребителския модел"},{"id":null,"key":"eventOnInstanceUIActivitySelectedLBL","value":"При избрано действие в потребителския интерфейс на потребителския модел"},{"id":null,"key":"eventOnInstanceUIClosedDOC","value":"При събитие на затворен потребителски модел"},{"id":null,"key":"eventOnInstanceUIClosedLBL","value":"При затворен потребителски модел"},{"id":null,"key":"eventOnInstanceUICommentPostDOC","value":"При събитие на коментар на публикация в потребителския интерфейс на потребителския модел"},{"id":null,"key":"eventOnInstanceUICommentPostLBL","value":"При коментар на публикация в потребителския интерфейс на потребителския модел"},{"id":null,"key":"eventOnInstanceUILaunchedDOC","value":"При стартиране на събитие на потребителски интерфейс на потребителски модел"},{"id":null,"key":"eventOnInstanceUILaunchedLBL","value":"При стартиране на потребителски интерфейс на потребителски модел"},{"id":null,"key":"eventOnInstanceUITabChangeDOC","value":"При събитие на промяна на раздел в потребителския интерфейс на потребителския модел"},{"id":null,"key":"eventOnInstanceUITabChangeLBL","value":"При промяна на раздел в потребителския интерфейс на потребителския модел"},{"id":null,"key":"eventOnLoadDOC","value":"Събитие при зареждане"},{"id":null,"key":"eventOnLoadLBL","value":"При зареждане"},{"id":null,"key":"eventOnProcessLaunched","value":"При събитие, стартирано от процес"},{"id":null,"key":"eventOnRefreshDOC","value":"Събитие при опресняване"},{"id":null,"key":"eventOnRefreshLBL","value":"При опресняване"},{"id":null,"key":"eventOnSearchLaunched","value":"При събитие, стартирано от търсене"},{"id":null,"key":"eventOnServiceClosedDOC","value":"При събитие на затворена услуга"},{"id":null,"key":"eventOnServiceClosedLBL","value":"При затворена услуга"},{"id":null,"key":"eventOnServiceLaunched","value":"При събитие, стартирано от услуга"},{"id":null,"key":"eventOnServiceOpenedDOC","value":"При събитие на отворена услуга"},{"id":null,"key":"eventOnServiceOpenedLBL","value":"При отворена услуга"},{"id":null,"key":"eventOnShowDOC","value":"Събитие при показване"},{"id":null,"key":"eventOnShowLBL","value":"При показване"},{"id":null,"key":"eventOnTaskActionDOC","value":"Събитие при действие на задача"},{"id":null,"key":"eventOnTaskActionLBL","value":"При действие на задача"},{"id":null,"key":"eventOnTaskClosedDOC","value":"При събитие на затворена задача"},{"id":null,"key":"eventOnTaskClosedLBL","value":"При затворена задача"},{"id":null,"key":"eventOnTaskLaunchedDOC","value":"При събитие на стартирана задача"},{"id":null,"key":"eventOnTaskLaunchedLBL","value":"При стартирана задача"},{"id":null,"key":"eventOnTaskOpenedDOC","value":"При събитие на отворена задача"},{"id":null,"key":"eventOnTaskOpenedLBL","value":"При отворена задача"},{"id":null,"key":"eventOnVisibilityChangeDOC","value":"При събитие за видимостта"},{"id":null,"key":"eventOnVisibilityChangeLBL","value":"При промяна на видимостта"},{"id":null,"key":"filterByProjectDOC","value":"Въведете името на проекта, за да филтрирате списъка с потребителски модели само за потребителските модели за този проект."},{"id":null,"key":"filterByProjectLBL","value":"Филтриране по проект"},{"id":null,"key":"hideActionsMenuDOC","value":"Деактивирайте менюто, което дава достъп до повече действия за задачата."},{"id":null,"key":"hideActionsMenuLBL","value":"Деактивиране на меню действия"},{"id":null,"key":"hideCase","value":"Скриване на изпитване"},{"id":null,"key":"hideColumnSelectorDOC","value":"Скриване на селектора за колони, които да се показват в списъка."},{"id":null,"key":"hideColumnSelectorLBL","value":"Скриване на селектора за колона"},{"id":null,"key":"hideProcess","value":"Скриване на процесите"},{"id":null,"key":"hideSearchBarDOC","value":"Скрийте лентата за търсене."},{"id":null,"key":"hideSearchBarLBL","value":"Скриване на лентата за търсене"},{"id":null,"key":"hideService","value":"Скриване на услуги за стартиране"},{"id":null,"key":"hideStatusColumnDOC","value":"Скриване на колоната за състояние в списъка."},{"id":null,"key":"hideStatusColumnLBL","value":"Скриване на колоната за състояние"},{"id":null,"key":"instanceDOC","value":"Данни на потребителски модел"},{"id":null,"key":"instanceFiltersDOC","value":"Изберете обвързването, за да задържите филтрите в списъка с потребителски модели."},{"id":null,"key":"instanceFiltersLBL","value":"Задаване на постоянни филтри"},{"id":null,"key":"instanceIdDOC","value":"Идентификаторът за потребителския модел на дефинициите на бизнес процеси. Тази опция има предимство пред опцията Идентификатор на процес."},{"id":null,"key":"instanceIdLBL","value":"Идентификатор за потребителски модел на процес"},{"id":null,"key":"instanceLBL","value":"Потребителски модел"},{"id":null,"key":"instanceListColumnWidthDOC","value":"Изберете обвързването, за да задържите ширината на колоните в списъка на потребителския модел."},{"id":null,"key":"instanceListColumnWidthLBL","value":"Задаване на постоянна ширина на колони"},{"id":null,"key":"instanceModeDOC","value":"Показване само на търсения, свързани с потребителски модел"},{"id":null,"key":"instanceModeLBL","value":"Режим на потребителски модел"},{"id":null,"key":"instancesColumnsDOC","value":"Укажете колоните, които да се показват в списъка на потребителския модел."},{"id":null,"key":"instancesColumnsLBL","value":"Персонализиране на колони на потребителски модел"},{"id":null,"key":"instancesEnableInstanceDetailsDOC","value":"Активирайте възможността за отваряне на потребителски модел на работен поток."},{"id":null,"key":"instancesEnableInstanceDetailsLBL","value":"Активиране на стартирането на потребителски модел"},{"id":null,"key":"instancesPerPageDOC","value":"Въведете броя на потребителските модели, които да се показват на страница."},{"id":null,"key":"instancesPerPageLBL","value":"Задаване на потребителски модели на страница"},{"id":null,"key":"isTaskFilterServiceEnabledDOC","value":"Активирайте Интелигентно приоритизиране на задачи, което сортира списъка, като поставя следващите най-подходящи за работа задачи най-отгоре."},{"id":null,"key":"isTaskFilterServiceEnabledLBL","value":"Активиране на приоритизиране на задачи"},{"id":null,"key":"itemLengthDOC","value":"Дължина на входящия списък."},{"id":null,"key":"itemLengthLBL","value":"Дължина на елемент"},{"id":null,"key":"itemPerPageDOC","value":"Брой елементи на страница."},{"id":null,"key":"itemPerPageLBL","value":"На страница"},{"id":null,"key":"localizationServiceDOC","value":"Указва услугата, използвана за извличане на локализираните стрингове, която да се използва с този изглед на инструктор."},{"id":null,"key":"localizationServiceLBL","value":"Услуга за локализация"},{"id":null,"key":"mandatoryColumnsDOC","value":"Списъкът със задължителни колони"},{"id":null,"key":"mandatoryColumnsLBL","value":"Задължителни колони"},{"id":null,"key":"maximumSearchSizeDOC","value":"Задайте максималния брой задачи, които се връщат при търсене."},{"id":null,"key":"maximumSearchSizeLBL","value":"Задайте максимално ограничение за търсене"},{"id":null,"key":"numberOfTaskOptionDOC","value":"Списък с номера на достъпните опции за задачи"},{"id":null,"key":"numberOfTaskOptionLBL","value":"Номер на списъка със задачи"},{"id":null,"key":"placeholderDOC","value":"Контейнер за входни полета"},{"id":null,"key":"placeholderLBL","value":"Контейнер"},{"id":null,"key":"processAppAcroDOC","value":"Въведете акроним на приложение, за да филтрирате списъка, за да показва само задачи за това приложение."},{"id":null,"key":"processAppAcroLBL","value":"Филтриране по приложение"},{"id":null,"key":"processIdDOC","value":"Идентификаторът за определение на бизнес процес на процесната диаграма, който да се показва. Изисква се идентификатор на моментно изображение, идентификатор на клон или идентификатор на проект."},{"id":null,"key":"processIdLBL","value":"Идентификатор на процес"},{"id":null,"key":"processModeDOC","value":"Оптимизирайте изгледа за преглед на информацията за процеса"},{"id":null,"key":"processModeLBL","value":"Оптимизиране за процеси"},{"id":null,"key":"projectIdDOC","value":"Идентификаторът на проект за определен процес (започва с 2066.xxx)."},{"id":null,"key":"projectIdLBL","value":"Идентификатор на проект"},{"id":null,"key":"projectedPathDOC","value":"Списъкът с идентификатори на дейности, които да бъдат осветени през планирания път. Дейностите трябва да бъдат подавани текущо. Това е приложимо само когато се използва опцията Идентификатор на потребителски модел на процес."},{"id":null,"key":"projectedPathLBL","value":"Планиран път"},{"id":null,"key":"recentInstanceSearchesDOC","value":"Изберете обвързването, за да задържите скорошните търсения в лентата за търсене."},{"id":null,"key":"recentInstanceSearchesLBL","value":"Задаване на постоянни търсения"},{"id":null,"key":"recentTaskSearchesDOC","value":"Изберете обвързването, за да задържите скорошните търсения в лентата за търсене."},{"id":null,"key":"recentTaskSearchesLBL","value":"Задаване на постоянни търсения"},{"id":null,"key":"recentWorkstreamLimit","value":"Колко работни потока бихте желали да покажете за списъка"},{"id":null,"key":"removeFilterLBL","value":"Премахване на филтър"},{"id":null,"key":"requiredOwnershipCheckDOC","value":"Проверете дали текущият потребител е оторизиран да отваря задачата."},{"id":null,"key":"requiredOwnershipCheckLBL","value":"Проверка на собствеността на задача"},{"id":null,"key":"responsiveModeDOC","value":"Изберете размера на екрана за преглед на списъка със задачи."},{"id":null,"key":"responsiveModeLBL","value":"Задаване на адаптивен режим"},{"id":null,"key":"riskStateDOC","value":"Задайте го до избраното състояние на дейност, когато се показват обобщенията на дейностите. Валидни стойности са В ход, В риск и Просрочен."},{"id":null,"key":"riskStateLBL","value":"Състояние на риска"},{"id":null,"key":"savedSearchInstanceFilterDOC","value":"Показване само на филтри, свързани с потребителския модел."},{"id":null,"key":"savedSearchInstanceFilterLBL","value":"Филтър за потребителски модел"},{"id":null,"key":"savedSearchInstanceModeDOC","value":"Показване само на филтри и колони, свързани с потребителския модел."},{"id":null,"key":"savedSearchInstanceModeLBL","value":"Режим на потребителски модел"},{"id":null,"key":"savedSearchNameDOC","value":"Изберете обвързването, за да задържите запазените търсения в списъка със задачи"},{"id":null,"key":"savedSearchNameLBL","value":"Задайте постоянни запазени търсения"},{"id":null,"key":"scopeDOC","value":"Покажете филтъра за търсене като филтър за обхват."},{"id":null,"key":"scopeLBL","value":"Показване като филтър за обхват"},{"id":null,"key":"selectDateLBL","value":"Изберете дата..."},{"id":null,"key":"selectValueLBL","value":"Изберете стойност"},{"id":null,"key":"showActivitySummariesDOC","value":"Контролира дали се показват обобщенията на дейностите. Това е приложимо само когато се използва опцията Идентификатор на процес."},{"id":null,"key":"showActivitySummariesLBL","value":"Показване на обобщенията на дейности"},{"id":null,"key":"showAllStatsDOC","value":"Показване на всички статистически стойности, включително празни стойности"},{"id":null,"key":"showAllStatsLBL","value":"Показване на всички стойности"},{"id":null,"key":"showInstanceRefreshDOC","value":"Показване на бутона за опресняване, който можете да използвате, за да опреснявате ръчно списъка с потребителски модели, когато сървърът на известията не е достъпен."},{"id":null,"key":"showOnTaskClosedDOC","value":"Показване на средството за преглед на задачи, когато задачата е затворена."},{"id":null,"key":"showOnTaskClosedLBL","value":"Показване при затворена задача"},{"id":null,"key":"showPageSizerDOC","value":"Показва оразмерителя на страница."},{"id":null,"key":"showPageSizerLBL","value":"Показване на оразмерителя на страница"},{"id":null,"key":"showPagerStatsDOC","value":"Показва статистиката на страница."},{"id":null,"key":"showPagerStatsLBL","value":"Показване на статистиката на страница"},{"id":null,"key":"showRefreshLBL","value":"Показване на бутона за опресняване"},{"id":null,"key":"showSavedSearchesDOC","value":"Показване на падащ списък със запазени търсения."},{"id":null,"key":"showSavedSearchesLBL","value":"Показване на запазени търсения"},{"id":null,"key":"showSingleListDOC","value":"Показване на всички задачи в единичен списък"},{"id":null,"key":"showSingleListLBL","value":"Показване на единичен списък"},{"id":null,"key":"showSortByArrowDOC","value":"Показване на селектор, за да се сортира списъкът със задачи във възходящ, низходящ ред или ред по подразбиране."},{"id":null,"key":"showSortByArrowLBL","value":"Показване на селектор за сортиране на колона"},{"id":null,"key":"showStatsDOC","value":"Показване на обобщение на статистиките на задачи."},{"id":null,"key":"showStatsLBL","value":"Показване на статистики"},{"id":null,"key":"showTaskRefreshDOC","value":"Показване на бутона за опресняване, който можете да използвате, за да опреснявате ръчно списъка със задачи, когато сървърът на известията не е достъпен."},{"id":null,"key":"showTotalOnlyDOC","value":"Показване само на общия брой задачи"},{"id":null,"key":"showTotalOnlyLBL","value":"Показване само на обща стойност"},{"id":null,"key":"skipClaimForTasksDOC","value":"Не показвайте модела на Заявка на задача. Задачата автоматично се заявява при отваряне."},{"id":null,"key":"skipClaimForTasksLBL","value":"Деактивиране на заявяването на задача"},{"id":null,"key":"skipNavDOC","value":"Не показвайте диалоговия прозорец за отваряне на Клиент за казуси в нов прозорец."},{"id":null,"key":"skipNavLBL","value":"Пропускане на диалогов прозорец за потвърждение"},{"id":null,"key":"snapshotIdDOC","value":"Идентификаторът на моментното изображение за определен процес (започва с 2064.xxx)."},{"id":null,"key":"snapshotIdLBL","value":"Идентификатор на моментно изображение"},{"id":null,"key":"sortByDOC","value":"Укажете колоната, по която списъкът ще се сортира първоначално."},{"id":null,"key":"sortByLBL","value":"Сортиране по колона"},{"id":null,"key":"stepIdDOC","value":"Задайте го до избраната стъпка на дейност, когато се показват обобщенията на дейностите."},{"id":null,"key":"stepIdLBL","value":"Идентификатор на стъпка"},{"id":null,"key":"systemColumnsDOC","value":"Списъкът с възможни вътрешни колони"},{"id":null,"key":"systemColumnsLBL","value":"Вътрешни колони"},{"id":null,"key":"systemDataDOC","value":"Задайте системните данни, които искате да се показват в средството за преглед на задачи."},{"id":null,"key":"systemDataLBL","value":"Персонализиране на системни данни"},{"id":null,"key":"taskActionsDOC","value":"Укажете списъка с действия, които могат да се изпълнят за задачата."},{"id":null,"key":"taskActionsLBL","value":"Задаване на действия на задача"},{"id":null,"key":"taskDOC","value":"Задайте задачата, която искате да се показва в средството за преглед на задачи."},{"id":null,"key":"taskFiltersDOC","value":"Изберете обвързването, за да задържите филтрите в списъка със задачи."},{"id":null,"key":"taskFiltersLBL","value":"Задаване на постоянни филтри"},{"id":null,"key":"taskLBL","value":"Задаване на задача"},{"id":null,"key":"taskLaunchEventDOC","value":"Въведете името на събитието, което ще се задейства при отваряне на задача."},{"id":null,"key":"taskLaunchEventLBL","value":"Задаване на събитие, когато стартират задачи"},{"id":null,"key":"taskListColumnWidthDOC","value":"Изберете обвързването, за да задържите ширината на колоните в списъка със задачи."},{"id":null,"key":"taskListColumnWidthLBL","value":"Задаване на постоянна ширина на колони"},{"id":null,"key":"taskListEnableInstanceDetailsDOC","value":"Разрешете възможността да се отваря потребителски модел на задача."},{"id":null,"key":"tasksColumnsDOC","value":"Укажете колоните, които да се показват в списъка със задачи."},{"id":null,"key":"tasksColumnsLBL","value":"Персонализиране на колони"},{"id":null,"key":"tasksDOC","value":"Списък със задачи за показване"},{"id":null,"key":"tasksLBL","value":"Задачи"},{"id":null,"key":"tasksPerBlockDOC","value":"Брой задачи, които се показват във всеки блок"},{"id":null,"key":"tasksPerBlockLBL","value":"Задачи за блок"},{"id":null,"key":"tasksPerPageDOC","value":"Въведете броя задачи, които да се показват на страница."},{"id":null,"key":"tasksPerPageLBL","value":"Задаване на задачи на страница"},{"id":null,"key":"teamsDOC","value":"Списък с резюмета на екипа"},{"id":null,"key":"teamsLBL","value":"Екипи"},{"id":null,"key":"titleDOC","value":"Низ на заглавие, който да се показва в заглавната лента"},{"id":null,"key":"titleLBL","value":"Низ на заглавие"},{"id":null,"key":"topTableLabelDOC","value":"Въведете текста за етикета, който ще се показва над списъка."},{"id":null,"key":"topTableLabelLBL","value":"Добавяне на етикет на горен колонтитул"},{"id":null,"key":"traversedPathDOC","value":"Списъкът с идентификаторите на връзките за осветяване, които да показват изминатия път. Това е приложимо само когато се използва опцията Идентификатор на потребителски модел на процес."},{"id":null,"key":"traversedPathLBL","value":"Изминат път"},{"id":null,"key":"typeHereLBL","value":"Въведете тук..."},{"id":null,"key":"useEventTriggeringFetchActionDOC","value":"Делегирайте заявката за извличане на задачи на събитие."},{"id":null,"key":"useEventTriggeringFetchActionLBL","value":"Използване на събитие за извличане на задачи"},{"id":null,"key":"workflowsLBL","value":"Работни потоци"},{"id":null,"key":"workplaceConfigDOC","value":"Конфигурира поведението на Workplace"},{"id":null,"key":"workplaceConfigLBL","value":"Workplace Config"},{"id":null,"key":"workplaceUserSettingsDOC","value":"Обвързване, за да се запазят потребителските настройки, които ще бъдат приложени, когато потребителят влезе отново"},{"id":null,"key":"workplaceUserSettingsLBL","value":"Настройки на потребител в Workplace"},{"id":null,"key":"zoomFactorDOC","value":"Валидни стойности за нивото на приближаване на процесната диаграма са от 1 до 10."},{"id":null,"key":"zoomFactorLBL","value":"Ниво на мащабиране"}]}