{"id":"50.c4d6cc83-a000-4ae2-b2f5-d35d89f9c6ba/2064.7814960a-7cfe-424d-92b5-d9ce2fbce18c","localeLanguage":"es","localeCountry":"","localeVariant":"","localeDisplayName":"WPT","resourceBundleKey":[{"id":null,"key":"HistoryLBL","value":"Historial"},{"id":null,"key":"activitiesDOC","value":"Una lista de actividades"},{"id":null,"key":"activitiesLBL","value":"Actividades"},{"id":null,"key":"activitySummariesDOC","value":"La lista de resúmenes de actividad que se mostrarán. Es aplicable sólo cuando se utiliza la opción de ID de proceso."},{"id":null,"key":"activitySummariesLBL","value":"Resúmenes de actividad"},{"id":null,"key":"addFilterLBL","value":"Añadir filtro"},{"id":null,"key":"alwaysShowDOC","value":"Mostrar siempre"},{"id":null,"key":"alwaysShowLBL","value":"Mostrar siempre"},{"id":null,"key":"availableActionsDOC","value":"La lista de acciones disponibles que el diagrama de proceso habilitará. Se basan en las autorizaciones del usuario actual si se utilizan dentro de un panel de control."},{"id":null,"key":"availableActionsLBL","value":"AvailableActions"},{"id":null,"key":"blocksShowingOnloadDOC","value":"Número de bloques que se muestran al cargar"},{"id":null,"key":"blocksShowingOnloadLBL","value":"Bloques que se muestran al cargar"},{"id":null,"key":"bottomTableLabelDOC","value":"Especifique el texto para la etiqueta visualizada debajo de la lista."},{"id":null,"key":"bottomTableLabelLBL","value":"Añadir etiqueta de pie de página"},{"id":null,"key":"branchIdDOC","value":"El ID de ramificación para un proceso concreto (comienza por 2063.xxx)."},{"id":null,"key":"branchIdLBL","value":"ID de rama"},{"id":null,"key":"brandDOC","value":"Nombre de marca que se visualiza en la barra de título"},{"id":null,"key":"brandLBL","value":"Nombre de marca"},{"id":null,"key":"businessColumnsDOC","value":"La lista de posibles columnas de negocio"},{"id":null,"key":"businessColumnsLBL","value":"Columnas de negocio"},{"id":null,"key":"caseScopeDOC","value":"Elija qué instancias de caso se incluyen en la lista: todas las instancias que tiene permiso para ver o solo las instancias que tiene asignadas directamente."},{"id":null,"key":"caseScopeLBL","value":"Ámbito de caso"},{"id":null,"key":"clearFilterLBL","value":"Borrar filtro"},{"id":null,"key":"customPathDOC","value":"Lista de ProjectedPathLinkChange para la vía personalizada creada. Es aplicable sólo cuando se utiliza la opción ID de instancia de proceso."},{"id":null,"key":"customPathLBL","value":"Vía personalizada"},{"id":null,"key":"disableActionsDOC","value":"Las acciones que se van a inhabilitar"},{"id":null,"key":"disableActionsLBL","value":"Inhabilitar acciones"},{"id":null,"key":"disableCompleteTasksDOC","value":"Impide que los usuarios abran tareas completadas."},{"id":null,"key":"disableCompleteTasksLBL","value":"Inhabilitar apertura de tareas completadas"},{"id":null,"key":"disableFilterEventsDOC","value":"Inhabilita la renovación automática de la lista cuando se actualizan los filtros."},{"id":null,"key":"disableFilterEventsLBL","value":"Inhabilitar renovación automática"},{"id":null,"key":"disableFulltextSearchDOC","value":"Inhabilita la capacidad de búsqueda de texto completo en la barra de búsqueda"},{"id":null,"key":"disableFulltextSearchLBL","value":"Inhabilitar búsqueda de texto completo"},{"id":null,"key":"disableLeftClickActivityDetailsDOC","value":"Inhabilita el menú emergente Detalles de actividad que se visualiza al pulsar en un nodo."},{"id":null,"key":"disableLeftClickActivityDetailsLBL","value":"Inhabilitar detalles de actividad de pulsación del botón izquierdo"},{"id":null,"key":"disableRetrieveServicesDOC","value":"Inhabilitación de la recuperación de servicios (por ejemplo, gestionar equipo, crear workstreams) en el menú de acciones."},{"id":null,"key":"disableRetrieveServicesLBL","value":"Inhabilitar recuperación de servicios"},{"id":null,"key":"disableRightClickMenusDOC","value":"Inhabilita el menú contextual emergente que se visualiza al pulsar con el botón derecho del ratón en un nodo."},{"id":null,"key":"disableRightClickMenusLBL","value":"Inhabilitar el menú contextual de pulsación del botón derecho"},{"id":null,"key":"documentsLBL","value":"Documentos"},{"id":null,"key":"embededViewDOC","value":"Oculta el botón Cerrar para incorporar otra vista."},{"id":null,"key":"embededViewLBL","value":"Vista incorporada"},{"id":null,"key":"enableAddWorkflowDOC","value":"Muestra el botón Iniciar flujo de trabajo."},{"id":null,"key":"enableAddWorkflowLBL","value":"Mostrar Iniciar flujo de trabajo"},{"id":null,"key":"enableBatchModifyDOC","value":"Habilita la modificación de varias tareas seleccionadas a la vez."},{"id":null,"key":"enableBatchModifyLBL","value":"Habilitar modificación por lotes"},{"id":null,"key":"enableHistoryNavDOC","value":"Mostrar la vía de acceso de navegación a la página actual en el visor de tareas."},{"id":null,"key":"enableHistoryNavLBL","value":"Mostrar la indicación de ruta"},{"id":null,"key":"enableInstanceDetailsDOC","value":"Mostrar la acción de instancia de vista en el menú de desbordamiento."},{"id":null,"key":"enableInstanceDetailsLBL","value":"Mostrar instancia de vista"},{"id":null,"key":"enableSavedSearchEditingDOC","value":"Habilite la creación y edición de búsquedas guardadas."},{"id":null,"key":"enableSavedSearchEditingLBL","value":"Habilitar búsquedas guardadas"},{"id":null,"key":"enterDecimalLBL","value":"Especifique un número decimal..."},{"id":null,"key":"enterNumberLBL","value":"Especifique un número..."},{"id":null,"key":"eventONNavigationButtonClickedDOC","value":"Suceso al pulsar el elemento de navegación"},{"id":null,"key":"eventONNavigationButtonClickedLBL","value":"Al pulsar el elemento de navegación"},{"id":null,"key":"eventONPageSizeChangedDOC","value":"Se desencadena cuando cambia el número de elementos por página."},{"id":null,"key":"eventONPageSizeChangedLBL","value":"Al cambiar los elementos por página"},{"id":null,"key":"eventONPageSwitchedDOC","value":"Se desencadena cuando cambia el número de página."},{"id":null,"key":"eventONPageSwitchedLBL","value":"Al cambiar la página"},{"id":null,"key":"eventOnCardBlurDOC","value":"Se desencadena cuando se desenfoca la tarjeta"},{"id":null,"key":"eventOnCardBlurLBL","value":"Al desenfocar la tarjeta"},{"id":null,"key":"eventOnCardFocusDOC","value":"Se desencadena cuando se enfoca la tarjeta"},{"id":null,"key":"eventOnCardFocusLBL","value":"Al enfocar la tarjeta"},{"id":null,"key":"eventOnChangeDOC","value":"En el suceso de cambio"},{"id":null,"key":"eventOnChangeLBL","value":"Al cambiar"},{"id":null,"key":"eventOnExternalFetchDOC","value":"El método espera que se invoque setTasks() con la nueva lista de tareas."},{"id":null,"key":"eventOnExternalFetchLBL","value":"En la captación externa"},{"id":null,"key":"eventOnFilterBtnClickedDOC","value":"Se desencadena cuando se pulsa un botón de filtro."},{"id":null,"key":"eventOnFilterBtnClickedLBL","value":"Cuando se pulsa el botón de filtro"},{"id":null,"key":"eventOnHideDOC","value":"En el suceso de ocultación"},{"id":null,"key":"eventOnHideLBL","value":"Al ocultar"},{"id":null,"key":"eventOnInstanceLaunchedLBL","value":"En la instancia iniciada"},{"id":null,"key":"eventOnInstanceUIActionDOC","value":"En el suceso de acción de IU de instancia"},{"id":null,"key":"eventOnInstanceUIActionLBL","value":"En la acción de IU de instancia"},{"id":null,"key":"eventOnInstanceUIActivitySelectedDOC","value":"En el suceso seleccionado de actividad de IU de instancia"},{"id":null,"key":"eventOnInstanceUIActivitySelectedLBL","value":"En la actividad de IU de instancia seleccionada"},{"id":null,"key":"eventOnInstanceUIClosedDOC","value":"En el suceso de instancia cerrada"},{"id":null,"key":"eventOnInstanceUIClosedLBL","value":"En la instancia cerrada"},{"id":null,"key":"eventOnInstanceUICommentPostDOC","value":"En el suceso de publicación de comentario de IU de instancia"},{"id":null,"key":"eventOnInstanceUICommentPostLBL","value":"En la publicación de comentario de IU de instancia"},{"id":null,"key":"eventOnInstanceUILaunchedDOC","value":"En el suceso de IU de instancia iniciada"},{"id":null,"key":"eventOnInstanceUILaunchedLBL","value":"En la IU de instancia iniciada"},{"id":null,"key":"eventOnInstanceUITabChangeDOC","value":"En el suceso de cambio de pestaña de IU de instancia"},{"id":null,"key":"eventOnInstanceUITabChangeLBL","value":"En el cambio de pestaña de IU de instancia"},{"id":null,"key":"eventOnLoadDOC","value":"Suceso Al cargar"},{"id":null,"key":"eventOnLoadLBL","value":"Al cargar"},{"id":null,"key":"eventOnProcessLaunched","value":"En el suceso de proceso iniciado"},{"id":null,"key":"eventOnRefreshDOC","value":"En el suceso de renovación"},{"id":null,"key":"eventOnRefreshLBL","value":"Al renovar"},{"id":null,"key":"eventOnSearchLaunched","value":"En el suceso de búsqueda iniciada"},{"id":null,"key":"eventOnServiceClosedDOC","value":"En el suceso de cerrar el servicio"},{"id":null,"key":"eventOnServiceClosedLBL","value":"Al cerrar el servicio"},{"id":null,"key":"eventOnServiceLaunched","value":"En el suceso de servicio iniciado"},{"id":null,"key":"eventOnServiceOpenedDOC","value":"En el suceso de abrir el servicio"},{"id":null,"key":"eventOnServiceOpenedLBL","value":"Al abrir el servicio"},{"id":null,"key":"eventOnShowDOC","value":"En el suceso de visualización"},{"id":null,"key":"eventOnShowLBL","value":"Al mostrar"},{"id":null,"key":"eventOnTaskActionDOC","value":"En el suceso de acción de tarea"},{"id":null,"key":"eventOnTaskActionLBL","value":"En la acción de tarea"},{"id":null,"key":"eventOnTaskClosedDOC","value":"En el suceso de cerrar la tarea"},{"id":null,"key":"eventOnTaskClosedLBL","value":"Al cerrar la tarea"},{"id":null,"key":"eventOnTaskLaunchedDOC","value":"En el suceso de tarea iniciada"},{"id":null,"key":"eventOnTaskLaunchedLBL","value":"En la tarea iniciada"},{"id":null,"key":"eventOnTaskOpenedDOC","value":"En el suceso de abrir la tarea"},{"id":null,"key":"eventOnTaskOpenedLBL","value":"Al abrir la tarea"},{"id":null,"key":"eventOnVisibilityChangeDOC","value":"En el suceso de visibilidad"},{"id":null,"key":"eventOnVisibilityChangeLBL","value":"En el campo de visibilidad"},{"id":null,"key":"filterByProjectDOC","value":"Especifique el nombre de proyecto para filtrar la lista de instancias a solo las instancias de ese proyecto."},{"id":null,"key":"filterByProjectLBL","value":"Filtrar por proyecto"},{"id":null,"key":"hideActionsMenuDOC","value":"Inhabilita el menú que da acceso a más acciones para la tarea."},{"id":null,"key":"hideActionsMenuLBL","value":"Inhabilitar menú de acciones"},{"id":null,"key":"hideCase","value":"Ocultar casos"},{"id":null,"key":"hideColumnSelectorDOC","value":"Ocultar el selector para que aparezcan las columnas en la lista."},{"id":null,"key":"hideColumnSelectorLBL","value":"Ocultar selector de columna"},{"id":null,"key":"hideProcess","value":"Ocultar procesos"},{"id":null,"key":"hideSearchBarDOC","value":"Oculta la barra de búsqueda."},{"id":null,"key":"hideSearchBarLBL","value":"Ocultar barra de búsqueda"},{"id":null,"key":"hideService","value":"Ocultar servicios iniciables"},{"id":null,"key":"hideStatusColumnDOC","value":"Ocultar la columna de estado de la lista."},{"id":null,"key":"hideStatusColumnLBL","value":"Ocultar columna de estado"},{"id":null,"key":"instanceDOC","value":"InstanceData"},{"id":null,"key":"instanceFiltersDOC","value":"Seleccione el enlace para persistir los filtros en la lista de instancias."},{"id":null,"key":"instanceFiltersLBL","value":"Establecer filtros persistentes"},{"id":null,"key":"instanceIdDOC","value":"El ID de instancia de definición de proceso de negocio. Esta opción tiene prioridad sobre la opción de ID de proceso."},{"id":null,"key":"instanceIdLBL","value":"ID de instancia de proceso"},{"id":null,"key":"instanceLBL","value":"Instancia"},{"id":null,"key":"instanceListColumnWidthDOC","value":"Seleccione el enlace para persistir los anchos de columna en la lista de instancias."},{"id":null,"key":"instanceListColumnWidthLBL","value":"Establecer anchos de columna persistentes"},{"id":null,"key":"instanceModeDOC","value":"Mostrar solo las búsquedas relacionadas con instancias"},{"id":null,"key":"instanceModeLBL","value":"Modalidad de instancia"},{"id":null,"key":"instancesColumnsDOC","value":"Especifique las columnas que se deben mostrar en la lista de tareas."},{"id":null,"key":"instancesColumnsLBL","value":"Personalizar columnas de la instancia"},{"id":null,"key":"instancesEnableInstanceDetailsDOC","value":"Habilita la capacidad de abrir una instancia de flujo de trabajo."},{"id":null,"key":"instancesEnableInstanceDetailsLBL","value":"Habilitar inicio de instancia"},{"id":null,"key":"instancesPerPageDOC","value":"Especifique el número de instancias que desee mostrar por página."},{"id":null,"key":"instancesPerPageLBL","value":"Establecer instancias por página"},{"id":null,"key":"isTaskFilterServiceEnabledDOC","value":"Active la función Intelligent Task Prioritization que ordena la lista, colocando al principio las mejores tareas en las que trabajar a continuación."},{"id":null,"key":"isTaskFilterServiceEnabledLBL","value":"Habilitar priorización de tareas"},{"id":null,"key":"itemLengthDOC","value":"Longitud de una lista de entrada."},{"id":null,"key":"itemLengthLBL","value":"Longitud del elemento"},{"id":null,"key":"itemPerPageDOC","value":"Número de elementos por página."},{"id":null,"key":"itemPerPageLBL","value":"Por página"},{"id":null,"key":"localizationServiceDOC","value":"Especifique el servicio utilizado para recuperar las series localizadas para su uso con esta vista de Coach."},{"id":null,"key":"localizationServiceLBL","value":"Servicio de localización"},{"id":null,"key":"mandatoryColumnsDOC","value":"La lista de columnas obligatorias"},{"id":null,"key":"mandatoryColumnsLBL","value":"Columnas obligatorias"},{"id":null,"key":"maximumSearchSizeDOC","value":"Establezca el número máximo de tareas que se devuelven para una búsqueda."},{"id":null,"key":"maximumSearchSizeLBL","value":"Establecer el límite de búsqueda máximo"},{"id":null,"key":"numberOfTaskOptionDOC","value":"Lista de número de opciones de tareas disponibles"},{"id":null,"key":"numberOfTaskOptionLBL","value":"Número de lista de tareas"},{"id":null,"key":"placeholderDOC","value":"Marcador de campos de entrada"},{"id":null,"key":"placeholderLBL","value":"Marcador de posición"},{"id":null,"key":"processAppAcroDOC","value":"Especifique un acrónimo de aplicación para filtrar la lista para mostrar solo las tareas para esa aplicación."},{"id":null,"key":"processAppAcroLBL","value":"Filtrar por aplicación"},{"id":null,"key":"processIdDOC","value":"El ID de definición de proceso de negocio del diagrama de proceso que se va a visualizar. Se necesita un ID de instantánea, un ID de rama o un ID de proyecto."},{"id":null,"key":"processIdLBL","value":"ID de proceso"},{"id":null,"key":"processModeDOC","value":"Optimizar la vista para mostrar información de proceso"},{"id":null,"key":"processModeLBL","value":"Optimizar para procesos"},{"id":null,"key":"projectIdDOC","value":"El ID de proyecto de un proceso particular (empieza por 2066.xxx)."},{"id":null,"key":"projectIdLBL","value":"ID de proyecto"},{"id":null,"key":"projectedPathDOC","value":"Lista de ID de actividad de la vía proyectada que se resaltarán. Se debe proporcionar las actividades en el orden en el que aparezcan en el flujo. Es aplicable sólo cuando se utiliza la opción ID de instancia de proceso."},{"id":null,"key":"projectedPathLBL","value":"Vía proyectada"},{"id":null,"key":"recentInstanceSearchesDOC","value":"Seleccione el enlace para persistir las búsquedas recientes en la barra de búsqueda."},{"id":null,"key":"recentInstanceSearchesLBL","value":"Establecer búsquedas persistentes"},{"id":null,"key":"recentTaskSearchesDOC","value":"Seleccione el enlace para persistir las búsquedas recientes en la barra de búsqueda."},{"id":null,"key":"recentTaskSearchesLBL","value":"Establecer búsquedas persistentes"},{"id":null,"key":"recentWorkstreamLimit","value":"Cuántas workstreams desea mostrar para la lista"},{"id":null,"key":"removeFilterLBL","value":"Eliminar filtro"},{"id":null,"key":"requiredOwnershipCheckDOC","value":"Comprueba si el usuario actual está autorizado para abrir la tarea."},{"id":null,"key":"requiredOwnershipCheckLBL","value":"Verificar propiedad de tarea"},{"id":null,"key":"responsiveModeDOC","value":"Seleccione el tamaño de pantalla para visualizar la lista de tareas."},{"id":null,"key":"responsiveModeLBL","value":"Establecer modalidad de respuesta"},{"id":null,"key":"riskStateDOC","value":"Establecido en el estado seleccionado de una actividad cuando se muestran resúmenes de actividad. Los valores válidos son OnTrack, AtRisk y Overdue."},{"id":null,"key":"riskStateLBL","value":"Estado de riesgo"},{"id":null,"key":"savedSearchInstanceFilterDOC","value":"Mostrar sólo filtros relacionados con la instancia."},{"id":null,"key":"savedSearchInstanceFilterLBL","value":"Filtro de instancia"},{"id":null,"key":"savedSearchInstanceModeDOC","value":"Mostrar solo los filtros y las columnas relacionados con la instancia."},{"id":null,"key":"savedSearchInstanceModeLBL","value":"Modalidad de instancia"},{"id":null,"key":"savedSearchNameDOC","value":"Seleccione el enlace para persistir las búsquedas guardadas en la lista de tareas"},{"id":null,"key":"savedSearchNameLBL","value":"Establecer búsquedas guardadas persistentes"},{"id":null,"key":"scopeDOC","value":"Mostrar el filtro de búsqueda como filtro de ámbito."},{"id":null,"key":"scopeLBL","value":"Mostrar como filtro de ámbito"},{"id":null,"key":"selectDateLBL","value":"Seleccione una fecha..."},{"id":null,"key":"selectValueLBL","value":"Seleccionar valor"},{"id":null,"key":"showActivitySummariesDOC","value":"Controla si se muestran los resúmenes de actividad. Es aplicable sólo cuando se utiliza la opción de ID de proceso."},{"id":null,"key":"showActivitySummariesLBL","value":"Mostrar resúmenes de actividad"},{"id":null,"key":"showAllStatsDOC","value":"Mostrar todos los valores estadísticos, incluidos los valores nulos"},{"id":null,"key":"showAllStatsLBL","value":"Mostrar todos los valores"},{"id":null,"key":"showInstanceRefreshDOC","value":"Muestra el botón Renovar, que puede utilizar para renovar manualmente la lista de instancias cuando el servidor de notificaciones no está disponible."},{"id":null,"key":"showOnTaskClosedDOC","value":"Muestra el visor de tareas cuando se cierra la tarea."},{"id":null,"key":"showOnTaskClosedLBL","value":"Mostrar al cerrar la tarea"},{"id":null,"key":"showPageSizerDOC","value":"Mostrar el medidor de página."},{"id":null,"key":"showPageSizerLBL","value":"Mostrar medidor de página"},{"id":null,"key":"showPagerStatsDOC","value":"Mostrar las estadísticas de la página."},{"id":null,"key":"showPagerStatsLBL","value":"Mostrar estadísticas de página"},{"id":null,"key":"showRefreshLBL","value":"Mostrar el botón Renovar"},{"id":null,"key":"showSavedSearchesDOC","value":"Muestre una lista desplegable de búsquedas guardadas."},{"id":null,"key":"showSavedSearchesLBL","value":"Mostrar búsquedas guardadas"},{"id":null,"key":"showSingleListDOC","value":"Mostrar todas las tareas en una lista individual"},{"id":null,"key":"showSingleListLBL","value":"Mostrar lista individual"},{"id":null,"key":"showSortByArrowDOC","value":"Muestra el selector para ordenar la lista de tareas en orden ascendente, descendente o predeterminado."},{"id":null,"key":"showSortByArrowLBL","value":"Mostrar selector de ordenación de columnas"},{"id":null,"key":"showStatsDOC","value":"Muestra un resumen de estadísticas de tarea."},{"id":null,"key":"showStatsLBL","value":"Mostrar estadísticas"},{"id":null,"key":"showTaskRefreshDOC","value":"Muestra el botón Renovar, que puede utilizar para renovar manualmente la lista de tareas cuando el servidor de notificaciones no está disponible."},{"id":null,"key":"showTotalOnlyDOC","value":"Mostrar sólo el recuento total de tareas"},{"id":null,"key":"showTotalOnlyLBL","value":"Mostrar sólo el total"},{"id":null,"key":"skipClaimForTasksDOC","value":"No muestra el modal de reclamación de tareas. La tarea se reclama automáticamente al abrirse."},{"id":null,"key":"skipClaimForTasksLBL","value":"Inhabilitar reclamación de tareas"},{"id":null,"key":"skipNavDOC","value":"No muestra el diálogo para abrir el cliente de caso en una nueva ventana."},{"id":null,"key":"skipNavLBL","value":"Omitir diálogo de confirmación"},{"id":null,"key":"snapshotIdDOC","value":"El ID de instantánea para un proceso determinado (comienza con 2064.xxx)."},{"id":null,"key":"snapshotIdLBL","value":"ID de instantánea"},{"id":null,"key":"sortByDOC","value":"Especifique la columna por la que se ordena inicialmente la lista."},{"id":null,"key":"sortByLBL","value":"Ordenar por columna"},{"id":null,"key":"stepIdDOC","value":"Establecido en el paso de actividad seleccionado cuando se muestran resúmenes de actividad."},{"id":null,"key":"stepIdLBL","value":"ID de paso"},{"id":null,"key":"systemColumnsDOC","value":"La lista de posibles columnas intrínsecas"},{"id":null,"key":"systemColumnsLBL","value":"Columnas intrínsecas"},{"id":null,"key":"systemDataDOC","value":"Establece los datos del sistema que desea visualizar en el visor de tareas."},{"id":null,"key":"systemDataLBL","value":"Personalizar datos del sistema"},{"id":null,"key":"taskActionsDOC","value":"Especifica la lista de acciones que se pueden ejecutar en la tarea."},{"id":null,"key":"taskActionsLBL","value":"Establecer acciones de tarea"},{"id":null,"key":"taskDOC","value":"Establece la tarea que desea visualizar en el visor de tareas."},{"id":null,"key":"taskFiltersDOC","value":"Seleccione el enlace para persistir los filtros en la lista de tareas."},{"id":null,"key":"taskFiltersLBL","value":"Establecer filtros persistentes"},{"id":null,"key":"taskLBL","value":"Establecer tarea"},{"id":null,"key":"taskLaunchEventDOC","value":"Especifique el nombre del suceso que debe activarse cuando se abre una tarea."},{"id":null,"key":"taskLaunchEventLBL","value":"Establecer suceso cuando se inician las tareas"},{"id":null,"key":"taskListColumnWidthDOC","value":"Seleccione el enlace para persistir los anchos de columna en la lista de tareas."},{"id":null,"key":"taskListColumnWidthLBL","value":"Establecer anchos de columna persistentes"},{"id":null,"key":"taskListEnableInstanceDetailsDOC","value":"Habilita la capacidad de abrir una instancia de tarea."},{"id":null,"key":"tasksColumnsDOC","value":"Especifique las columnas que se muestran en la lista de tareas."},{"id":null,"key":"tasksColumnsLBL","value":"Personalizar columnas"},{"id":null,"key":"tasksDOC","value":"Lista de tareas que visualizar"},{"id":null,"key":"tasksLBL","value":"Tareas"},{"id":null,"key":"tasksPerBlockDOC","value":"Número de tareas que se muestran en cada bloque"},{"id":null,"key":"tasksPerBlockLBL","value":"Tareas por bloque"},{"id":null,"key":"tasksPerPageDOC","value":"Especifique el número de tareas que desee mostrar por página."},{"id":null,"key":"tasksPerPageLBL","value":"Establecer tareas por página"},{"id":null,"key":"teamsDOC","value":"Lista de resúmenes de equipo"},{"id":null,"key":"teamsLBL","value":"Equipos"},{"id":null,"key":"titleDOC","value":"Serie de título que se visualiza en la barra de título"},{"id":null,"key":"titleLBL","value":"Serie de título"},{"id":null,"key":"topTableLabelDOC","value":"Especifique el texto para la etiqueta visualizada encima de la lista."},{"id":null,"key":"topTableLabelLBL","value":"Añadir etiqueta de cabecera"},{"id":null,"key":"traversedPathDOC","value":"Lista de ID de enlace que se resaltarán para mostrar la vía atravesada. Es aplicable sólo cuando se utiliza la opción ID de instancia de proceso."},{"id":null,"key":"traversedPathLBL","value":"Vía atravesada"},{"id":null,"key":"typeHereLBL","value":"Escriba aquí..."},{"id":null,"key":"useEventTriggeringFetchActionDOC","value":"Delega la solicitud de tareas de captación a un suceso."},{"id":null,"key":"useEventTriggeringFetchActionLBL","value":"Utilizar suceso para captar tareas"},{"id":null,"key":"workflowsLBL","value":"Flujos de trabajo"},{"id":null,"key":"workplaceConfigDOC","value":"Configura el comportamiento de Workplace"},{"id":null,"key":"workplaceConfigLBL","value":"Configuración de Workplace"},{"id":null,"key":"workplaceUserSettingsDOC","value":"Enlace para conservar los valores de usuario que se aplicarán cuando el usuario vuelva a iniciar la sesión"},{"id":null,"key":"workplaceUserSettingsLBL","value":"Valores de usuario de Workplace"},{"id":null,"key":"zoomFactorDOC","value":"Los valores válidos para el nivel de zoom del diagrama de proceso son los comprendidos entre 1 y 10."},{"id":null,"key":"zoomFactorLBL","value":"Nivel de zoom"}]}