{"id":"50.c4d6cc83-a000-4ae2-b2f5-d35d89f9c6ba/2064.7814960a-7cfe-424d-92b5-d9ce2fbce18c","localeLanguage":"ro","localeCountry":"","localeVariant":"","localeDisplayName":"WPT","resourceBundleKey":[{"id":null,"key":"HistoryLBL","value":"Istorie"},{"id":null,"key":"activitiesDOC","value":"O listă de activităţi"},{"id":null,"key":"activitiesLBL","value":"Activităţi"},{"id":null,"key":"activitySummariesDOC","value":"Lista de sumare de activitate de afişat. Aceasta este aplicabilă doar când este utilizată opţiunea ID proces."},{"id":null,"key":"activitySummariesLBL","value":"Sumare de activitate"},{"id":null,"key":"addFilterLBL","value":"Adăugare filtru"},{"id":null,"key":"alwaysShowDOC","value":"Afişaţi întotdeauna"},{"id":null,"key":"alwaysShowLBL","value":"Afişare întotdeauna"},{"id":null,"key":"availableActionsDOC","value":"Lista de acţiuni disponibile pe care le va permite diagrama de proces. Acestea depind de autorizările utilizatorului curent atunci când sunt utilizate într-un tablou de bord."},{"id":null,"key":"availableActionsLBL","value":"Acţiuni disponibile"},{"id":null,"key":"blocksShowingOnloadDOC","value":"Număr de blocuri care se afişează la încărcare"},{"id":null,"key":"blocksShowingOnloadLBL","value":"Blocuri care se afişează la încărcare"},{"id":null,"key":"bottomTableLabelDOC","value":"Introduceţi textul pentru eticheta afişată sub listă."},{"id":null,"key":"bottomTableLabelLBL","value":"Adăugare etichetă de subsol"},{"id":null,"key":"branchIdDOC","value":"ID-ul de ramură pentru un proces particular (începe cu 2063.xxx)."},{"id":null,"key":"branchIdLBL","value":"ID ramură"},{"id":null,"key":"brandDOC","value":"Nume de marcă de afişat în bara de titlu"},{"id":null,"key":"brandLBL","value":"Nume marcă"},{"id":null,"key":"businessColumnsDOC","value":"Lista de coloane operaţionale posibile"},{"id":null,"key":"businessColumnsLBL","value":"Coloane operaţionale"},{"id":null,"key":"caseScopeDOC","value":"Alegeţi ce instanţe de caz sunt incluse în lista dumneavoastră, fie toate instanţele pe care sunteţi autorizat să le vedeţi, fie doar instanţele care vă sunt alocate direct."},{"id":null,"key":"caseScopeLBL","value":"Domeniu caz"},{"id":null,"key":"clearFilterLBL","value":"Curăţare filtru"},{"id":null,"key":"customPathDOC","value":"Lista de ProjectedPathLinkChange pentru calea personalizată creată. Aceasta este aplicabilă doar când este utilizată opţiunea ID instanţă proces."},{"id":null,"key":"customPathLBL","value":"Cale personalizată"},{"id":null,"key":"disableActionsDOC","value":"Acţiunile de dezactivat"},{"id":null,"key":"disableActionsLBL","value":"Dezactivare acţiuni"},{"id":null,"key":"disableCompleteTasksDOC","value":"Împiedicaţi utilizatorii să deschidă taskuri finalizate."},{"id":null,"key":"disableCompleteTasksLBL","value":"Dezactivare deschidere taskuri finalizate"},{"id":null,"key":"disableFilterEventsDOC","value":"Dezactivaţi reîmprospătarea automată a listei la actualizarea filtrelor."},{"id":null,"key":"disableFilterEventsLBL","value":"Dezactivare reîmprospătare automată"},{"id":null,"key":"disableFulltextSearchDOC","value":"Dezactivaţi abilitatea de căutare text complet pe bara de căutare"},{"id":null,"key":"disableFulltextSearchLBL","value":"Dezactivare căutare text complet"},{"id":null,"key":"disableLeftClickActivityDetailsDOC","value":"Se dezactivează popup-ul Detalii activitate care se afişează când se face clic stânga pe un nod."},{"id":null,"key":"disableLeftClickActivityDetailsLBL","value":"Dezactivare Detalii activitate la clic-stânga"},{"id":null,"key":"disableRetrieveServicesDOC","value":"Dezactivarea serviciilor de extragere (de exemplu gestionare echipă, creare stream-uri de lucru) la meniul de acţiuni."},{"id":null,"key":"disableRetrieveServicesLBL","value":"Dezactivare servicii de extragere"},{"id":null,"key":"disableRightClickMenusDOC","value":"Se dezactivează popup-ul Meniu de context care se afişează când se face clic dreapta pe un nod."},{"id":null,"key":"disableRightClickMenusLBL","value":"Dezactivare Meniu de context la clic-dreapta"},{"id":null,"key":"documentsLBL","value":"Documente"},{"id":null,"key":"embededViewDOC","value":"Ascunde butonul de închidere pentru înglobarea într-o altă vizualizare."},{"id":null,"key":"embededViewLBL","value":"Vizualizare înglobată"},{"id":null,"key":"enableAddWorkflowDOC","value":"Afişaţi butonul Pornire flux de lucru."},{"id":null,"key":"enableAddWorkflowLBL","value":"Afişare Pornire flux de lucru"},{"id":null,"key":"enableBatchModifyDOC","value":"Activaţi modificarea deodată a mai multor taskuri selectate."},{"id":null,"key":"enableBatchModifyLBL","value":"Activare modificare lot"},{"id":null,"key":"enableHistoryNavDOC","value":"Afişaţi calea de navigare la pagina curentă din vizualizatorul de taskuri."},{"id":null,"key":"enableHistoryNavLBL","value":"Afişare urmă de întoarcere"},{"id":null,"key":"enableInstanceDetailsDOC","value":"Afişaţi acţiunea instanţei de vizualizare în meniul de depăşire."},{"id":null,"key":"enableInstanceDetailsLBL","value":"Afişare instanţă de vizualizare"},{"id":null,"key":"enableSavedSearchEditingDOC","value":"Activaţi crearea şi editarea căutărilor salvate."},{"id":null,"key":"enableSavedSearchEditingLBL","value":"Activare căutări salvate"},{"id":null,"key":"enterDecimalLBL","value":"Introduceţi un număr zecimal..."},{"id":null,"key":"enterNumberLBL","value":"Introduceţi un număr..."},{"id":null,"key":"eventONNavigationButtonClickedDOC","value":"Eveniment La clic pe articol de navigare"},{"id":null,"key":"eventONNavigationButtonClickedLBL","value":"La clic pe articol de navigare"},{"id":null,"key":"eventONPageSizeChangedDOC","value":"Declanşat când este modificat numărul de articole per pagină."},{"id":null,"key":"eventONPageSizeChangedLBL","value":"La articole per pagină modificat"},{"id":null,"key":"eventONPageSwitchedDOC","value":"Declanşat când se modifică numărul paginii."},{"id":null,"key":"eventONPageSwitchedLBL","value":"La modificare pagină"},{"id":null,"key":"eventOnCardBlurDOC","value":"Declanşat când cardul pierde focalizarea"},{"id":null,"key":"eventOnCardBlurLBL","value":"La estompare card"},{"id":null,"key":"eventOnCardFocusDOC","value":"Declanşat când cardul are focalizarea"},{"id":null,"key":"eventOnCardFocusLBL","value":"La focalizare pe card"},{"id":null,"key":"eventOnChangeDOC","value":"Eveniment La modificare"},{"id":null,"key":"eventOnChangeLBL","value":"La modificare"},{"id":null,"key":"eventOnExternalFetchDOC","value":"Metoda aşteaptă ca setTasks() să fie apelată cu noua listă de taskuri."},{"id":null,"key":"eventOnExternalFetchLBL","value":"La aducere externă"},{"id":null,"key":"eventOnFilterBtnClickedDOC","value":"Declanşat la apăsarea butonului de filtrare."},{"id":null,"key":"eventOnFilterBtnClickedLBL","value":"La apăsarea butonului de filtrare"},{"id":null,"key":"eventOnHideDOC","value":"Eveniment La ascundere"},{"id":null,"key":"eventOnHideLBL","value":"La ascundere"},{"id":null,"key":"eventOnInstanceLaunchedLBL","value":"La lansare instanţă"},{"id":null,"key":"eventOnInstanceUIActionDOC","value":"Eveniment la acţiune UI instanţă"},{"id":null,"key":"eventOnInstanceUIActionLBL","value":"La acţiune UI instanţă"},{"id":null,"key":"eventOnInstanceUIActivitySelectedDOC","value":"Eveniment la activitate selectată UI instanţă"},{"id":null,"key":"eventOnInstanceUIActivitySelectedLBL","value":"La activitate selectată UI instanţă"},{"id":null,"key":"eventOnInstanceUIClosedDOC","value":"Eveniment la închidere instanţă"},{"id":null,"key":"eventOnInstanceUIClosedLBL","value":"La închidere instanţă"},{"id":null,"key":"eventOnInstanceUICommentPostDOC","value":"Eveniment la postare comentariu UI instanţă"},{"id":null,"key":"eventOnInstanceUICommentPostLBL","value":"La postare comentariu UI instanţă"},{"id":null,"key":"eventOnInstanceUILaunchedDOC","value":"Eveniment La lansare UI instanţă"},{"id":null,"key":"eventOnInstanceUILaunchedLBL","value":"La lansare UI instanţă"},{"id":null,"key":"eventOnInstanceUITabChangeDOC","value":"Eveniment la modificare filă UI instanţă"},{"id":null,"key":"eventOnInstanceUITabChangeLBL","value":"La modificare filă UI instanţă"},{"id":null,"key":"eventOnLoadDOC","value":"Eveniment La încărcare"},{"id":null,"key":"eventOnLoadLBL","value":"La încărcare"},{"id":null,"key":"eventOnProcessLaunched","value":"Eveniment La lansare proces"},{"id":null,"key":"eventOnRefreshDOC","value":"Eveniment La reîmprospătare"},{"id":null,"key":"eventOnRefreshLBL","value":"La reîmprospătare"},{"id":null,"key":"eventOnSearchLaunched","value":"Eveniment La lansare căutare"},{"id":null,"key":"eventOnServiceClosedDOC","value":"Eveniment La serviciu închis"},{"id":null,"key":"eventOnServiceClosedLBL","value":"La serviciu închis"},{"id":null,"key":"eventOnServiceLaunched","value":"Eveniment La lansare serviciu"},{"id":null,"key":"eventOnServiceOpenedDOC","value":"Eveniment La serviciu deschis"},{"id":null,"key":"eventOnServiceOpenedLBL","value":"La serviciu deschis"},{"id":null,"key":"eventOnShowDOC","value":"Eveniment La afişare"},{"id":null,"key":"eventOnShowLBL","value":"La afişare"},{"id":null,"key":"eventOnTaskActionDOC","value":"Eveniment La acţiune task"},{"id":null,"key":"eventOnTaskActionLBL","value":"La acţiune task"},{"id":null,"key":"eventOnTaskClosedDOC","value":"Eveniment La task închis"},{"id":null,"key":"eventOnTaskClosedLBL","value":"La task închis"},{"id":null,"key":"eventOnTaskLaunchedDOC","value":"Eveniment La lansare task"},{"id":null,"key":"eventOnTaskLaunchedLBL","value":"La lansare task"},{"id":null,"key":"eventOnTaskOpenedDOC","value":"Eveniment La task deschis"},{"id":null,"key":"eventOnTaskOpenedLBL","value":"La task deschis"},{"id":null,"key":"eventOnVisibilityChangeDOC","value":"Eveniment la vizibilitate"},{"id":null,"key":"eventOnVisibilityChangeLBL","value":"La modificare vizibilitate"},{"id":null,"key":"filterByProjectDOC","value":"Introduceţi numele proiectului pentru a filtra lista de instanţe numai pentru instanţele acelui proiect."},{"id":null,"key":"filterByProjectLBL","value":"Filtrare după proiect"},{"id":null,"key":"hideActionsMenuDOC","value":"Dezactivaţi meniul care oferă acces la mai multe acţiuni pentru task."},{"id":null,"key":"hideActionsMenuLBL","value":"Dezactivare meniu de acţiuni"},{"id":null,"key":"hideCase","value":"Ascundere cazuri"},{"id":null,"key":"hideColumnSelectorDOC","value":"Ascundeţi selectorul pentru coloanele de afişat în listă."},{"id":null,"key":"hideColumnSelectorLBL","value":"Ascundere selector de coloane"},{"id":null,"key":"hideProcess","value":"Ascundere procese"},{"id":null,"key":"hideSearchBarDOC","value":"Ascundeţi bara de căutare."},{"id":null,"key":"hideSearchBarLBL","value":"Ascundere bară de căutare"},{"id":null,"key":"hideService","value":"Ascundere servicii startabile"},{"id":null,"key":"hideStatusColumnDOC","value":"Ascundeţi coloana de stare din listă."},{"id":null,"key":"hideStatusColumnLBL","value":"Ascundere coloană de stare"},{"id":null,"key":"instanceDOC","value":"Date de instanţă"},{"id":null,"key":"instanceFiltersDOC","value":"Selectaţi legarea pentru a persista filtrele din lista de instanţe."},{"id":null,"key":"instanceFiltersLBL","value":"Setare filtre persistente"},{"id":null,"key":"instanceIdDOC","value":"ID-ul instanţei definiţiei de proces operaţional. Această opţiune are prioritate faţă de opţiunea ID proces."},{"id":null,"key":"instanceIdLBL","value":"ID instanţă proces"},{"id":null,"key":"instanceLBL","value":"Instanţă"},{"id":null,"key":"instanceListColumnWidthDOC","value":"Selectaţi legarea pentru a persista lăţimile coloanelor din lista de instanţe."},{"id":null,"key":"instanceListColumnWidthLBL","value":"Setare lăţimi de coloane persistente"},{"id":null,"key":"instanceModeDOC","value":"Afişare doar căutări asociate cu instanţa"},{"id":null,"key":"instanceModeLBL","value":"Mod instanţă"},{"id":null,"key":"instancesColumnsDOC","value":"Specificaţi coloanele de afişat în lista de instanţe."},{"id":null,"key":"instancesColumnsLBL","value":"Personalizare coloane instanţe"},{"id":null,"key":"instancesEnableInstanceDetailsDOC","value":"Activează abilitatea de a deschide o instanță de flux de lucru."},{"id":null,"key":"instancesEnableInstanceDetailsLBL","value":"Activează inițializarea instanței"},{"id":null,"key":"instancesPerPageDOC","value":"Introduceţi numărul de instanţe de afişat per pagină."},{"id":null,"key":"instancesPerPageLBL","value":"Setare instanţe per pagină"},{"id":null,"key":"isTaskFilterServiceEnabledDOC","value":"Activaţi prioritizarea inteligentă a taskurilor care sortează lista, plasând în partea de sus cele mai bune taskuri la care să lucraţi în continuare."},{"id":null,"key":"isTaskFilterServiceEnabledLBL","value":"Activare prioritizare task"},{"id":null,"key":"itemLengthDOC","value":"Lungimea unei liste de intrare."},{"id":null,"key":"itemLengthLBL","value":"Lungime articol"},{"id":null,"key":"itemPerPageDOC","value":"Număr de articole per pagină."},{"id":null,"key":"itemPerPageLBL","value":"Per pagină"},{"id":null,"key":"localizationServiceDOC","value":"Specificaţi serviciul utilizat pentru a extrage şirurile localizate pentru utilizare cu această vizualizare Coach."},{"id":null,"key":"localizationServiceLBL","value":"Serviciu de localizare"},{"id":null,"key":"mandatoryColumnsDOC","value":"Lista de coloane obligatorii"},{"id":null,"key":"mandatoryColumnsLBL","value":"Coloane obligatorii"},{"id":null,"key":"maximumSearchSizeDOC","value":"Setaţi numărul maxim de taskuri care sunt returnate pentru o căutare."},{"id":null,"key":"maximumSearchSizeLBL","value":"Setare limită maximă de căutare"},{"id":null,"key":"numberOfTaskOptionDOC","value":"Lista cu numărul de opţiuni de task disponibile"},{"id":null,"key":"numberOfTaskOptionLBL","value":"Listă de numere de task"},{"id":null,"key":"placeholderDOC","value":"Înlocuitor pentru câmpurile de intrare"},{"id":null,"key":"placeholderLBL","value":"Înlocuitor"},{"id":null,"key":"processAppAcroDOC","value":"Introduceţi un acronim de aplicaţie pentru a filtra lista în scopul de a afişa doar taskurile pentru acea aplicaţie."},{"id":null,"key":"processAppAcroLBL","value":"Filtrare după aplicaţie"},{"id":null,"key":"processIdDOC","value":"ID-ul definiţiei de proces operaţional al diagramei de proces care va fi afişată. Este necesar un ID de instantaneu, ID de ramură sau ID de proiect."},{"id":null,"key":"processIdLBL","value":"Proces ID"},{"id":null,"key":"processModeDOC","value":"Optimizaţi vizualizarea pentru a afişa informaţiile de proces"},{"id":null,"key":"processModeLBL","value":"Optimizare pentru procese"},{"id":null,"key":"projectIdDOC","value":"ID-ul de proiect pentru un proces particular (începe cu 2066.xxx)."},{"id":null,"key":"projectIdLBL","value":"ID proiect"},{"id":null,"key":"projectedPathDOC","value":"Lista de ID-uri de activitate de-a lungul căii proiectate de evidenţiat. Activităţile trebuie să fie date în ordinea fluxului. Aceasta este aplicabilă doar când este utilizată opţiunea ID instanţă proces."},{"id":null,"key":"projectedPathLBL","value":"Cale proiectată"},{"id":null,"key":"recentInstanceSearchesDOC","value":"Selectaţi legarea pentru a persista căutările recente în bara de căutare."},{"id":null,"key":"recentInstanceSearchesLBL","value":"Setare căutări persistente"},{"id":null,"key":"recentTaskSearchesDOC","value":"Selectaţi legarea pentru a persista căutările recente în bara de căutare."},{"id":null,"key":"recentTaskSearchesLBL","value":"Setare căutări persistente"},{"id":null,"key":"recentWorkstreamLimit","value":"Câte stream-uri de lucru doriţi să afişaţi pentru listă"},{"id":null,"key":"removeFilterLBL","value":"Înlăturare filtru"},{"id":null,"key":"requiredOwnershipCheckDOC","value":"Verificaţi dacă utilizatorul curent este autorizat să deschidă taskul."},{"id":null,"key":"requiredOwnershipCheckLBL","value":"Verificare deţinător task"},{"id":null,"key":"responsiveModeDOC","value":"Selectaţi dimensiunea ecranului pentru vizualizarea listei de taskuri."},{"id":null,"key":"responsiveModeLBL","value":"Setare mod funcţional (responsive)"},{"id":null,"key":"riskStateDOC","value":"Setată la starea selectată a unei activităţi la afişarea sumarelor de activitate. Valori valide sunt OnTrack, AtRisk, şi Overdue."},{"id":null,"key":"riskStateLBL","value":"Stare risc"},{"id":null,"key":"savedSearchInstanceFilterDOC","value":"Afişaţi doar filtrele asociate cu instanţa."},{"id":null,"key":"savedSearchInstanceFilterLBL","value":"Filtru instanţă"},{"id":null,"key":"savedSearchInstanceModeDOC","value":"Afişaţi doar filtrele şi coloanele asociate cu instanţa."},{"id":null,"key":"savedSearchInstanceModeLBL","value":"Mod instanţă"},{"id":null,"key":"savedSearchNameDOC","value":"Selectaţi legarea pentru a persista căutările salvate în lista de taskuri"},{"id":null,"key":"savedSearchNameLBL","value":"Setare căutări salvate persistente"},{"id":null,"key":"scopeDOC","value":"Afişaţi filtru de căutare ca un filtru de domeniu de aplicare."},{"id":null,"key":"scopeLBL","value":"Afişare ca filtru de domeniu de aplicare"},{"id":null,"key":"selectDateLBL","value":"Selectaţi o dată..."},{"id":null,"key":"selectValueLBL","value":"Selectare valoare"},{"id":null,"key":"showActivitySummariesDOC","value":"Controlează dacă sunt afişate sumarele de activitate. Aceasta este aplicabilă doar când este utilizată opţiunea ID proces."},{"id":null,"key":"showActivitySummariesLBL","value":"Afişare sumare de activitate"},{"id":null,"key":"showAllStatsDOC","value":"Afişaţi toate valorile de statistici, inclusiv valorile care sunt null"},{"id":null,"key":"showAllStatsLBL","value":"Afişare toate valorile"},{"id":null,"key":"showInstanceRefreshDOC","value":"Afişaţi butonul Reîmprospătare, pe care îl puteţi folosi pentru a reîmprospăta manual lista de instanţe atunci când serverul de notificare nu este disponibil."},{"id":null,"key":"showOnTaskClosedDOC","value":"Afişaţi vizualizatorul de taskuri când taskul este închis."},{"id":null,"key":"showOnTaskClosedLBL","value":"Afişare la task închis"},{"id":null,"key":"showPageSizerDOC","value":"Afişaţi calibratorul de pagină"},{"id":null,"key":"showPageSizerLBL","value":"Afişare calibrator pagină"},{"id":null,"key":"showPagerStatsDOC","value":"Afişaţi statisticile paginii."},{"id":null,"key":"showPagerStatsLBL","value":"Afişare statistici pagină"},{"id":null,"key":"showRefreshLBL","value":"Afişare buton Reîmprospătare"},{"id":null,"key":"showSavedSearchesDOC","value":"Afişaţi o listă derulantă de căutări salvate."},{"id":null,"key":"showSavedSearchesLBL","value":"Afişare căutări salvate"},{"id":null,"key":"showSingleListDOC","value":"Afişaţi toate taskurile într-o singură listă"},{"id":null,"key":"showSingleListLBL","value":"Afişare listă unică"},{"id":null,"key":"showSortByArrowDOC","value":"Afişaţi selectorul pentru a sorta lista de taskuri în ordine crescătoare, descrescătoare sau implicită."},{"id":null,"key":"showSortByArrowLBL","value":"Afişare selector de coloane"},{"id":null,"key":"showStatsDOC","value":"Afişaţi un sumar al statisticilor de task."},{"id":null,"key":"showStatsLBL","value":"Afişare statistici"},{"id":null,"key":"showTaskRefreshDOC","value":"Afişaţi butonul Reîmprospătare, pe care îl puteţi folosi pentru a reîmprospăta manual lista de taskuri atunci când serverul de notificare nu este disponibil."},{"id":null,"key":"showTotalOnlyDOC","value":"Afişaţi doar numărul total de taskuri"},{"id":null,"key":"showTotalOnlyLBL","value":"Afişaţi doar totalul"},{"id":null,"key":"skipClaimForTasksDOC","value":"Nu afişaţi modalul Revendicare task. Taskul este revendicat automat la deschidere."},{"id":null,"key":"skipClaimForTasksLBL","value":"Dezactivare revendicare task"},{"id":null,"key":"skipNavDOC","value":"Nu afişaţi dialogul pentru deschiderea Case Client într-o fereastră nouă."},{"id":null,"key":"skipNavLBL","value":"Se sare peste dialogul de confirmare"},{"id":null,"key":"snapshotIdDOC","value":"ID-ul instantaneu pentru un proces particular (începe cu 2064.xxx)."},{"id":null,"key":"snapshotIdLBL","value":"ID instantaneu"},{"id":null,"key":"sortByDOC","value":"Specificaţi coloana după care este sortată iniţial lista."},{"id":null,"key":"sortByLBL","value":"Sortare după coloană"},{"id":null,"key":"stepIdDOC","value":"Setat la pasul de activitate selectat la afişarea sumarelor de activitate."},{"id":null,"key":"stepIdLBL","value":"ID pas"},{"id":null,"key":"systemColumnsDOC","value":"Lista de coloane intrinsece posibile"},{"id":null,"key":"systemColumnsLBL","value":"Coloane intrinsece"},{"id":null,"key":"systemDataDOC","value":"Setaţi datele de sistem pe care vreţi să le afişaţi în vizualizatorul de taskuri."},{"id":null,"key":"systemDataLBL","value":"Personalizare date de sistem"},{"id":null,"key":"taskActionsDOC","value":"Specificaţi lista de acţiuni care pot fi realizate pe task."},{"id":null,"key":"taskActionsLBL","value":"Setare acţiuni task"},{"id":null,"key":"taskDOC","value":"Setaţi taskul pe care vreţi să-l afişaţi în vizualizatorul de taskuri."},{"id":null,"key":"taskFiltersDOC","value":"Selectaţi legarea pentru a persista filtrele din lista de taskuri."},{"id":null,"key":"taskFiltersLBL","value":"Setare filtre persistente"},{"id":null,"key":"taskLBL","value":"Setare task"},{"id":null,"key":"taskLaunchEventDOC","value":"Introduceţi numele evenimentului de declanşat atunci când este deschis un task."},{"id":null,"key":"taskLaunchEventLBL","value":"Setare eveniment la lansarea taskurilor"},{"id":null,"key":"taskListColumnWidthDOC","value":"Selectaţi legarea pentru a persista lăţimile coloanelor din lista de taskuri."},{"id":null,"key":"taskListColumnWidthLBL","value":"Setare lăţimi de coloane persistente"},{"id":null,"key":"taskListEnableInstanceDetailsDOC","value":"Activaţi abilitatea de a deschide o instanţă de task."},{"id":null,"key":"tasksColumnsDOC","value":"Specificaţi coloanele de afişat în lista de taskuri."},{"id":null,"key":"tasksColumnsLBL","value":"Personalizare coloane"},{"id":null,"key":"tasksDOC","value":"Listă de taskuri de afişat"},{"id":null,"key":"tasksLBL","value":"Taskuri"},{"id":null,"key":"tasksPerBlockDOC","value":"Număr de taskuri de afişat în fiecare bloc"},{"id":null,"key":"tasksPerBlockLBL","value":"Taskuri per bloc"},{"id":null,"key":"tasksPerPageDOC","value":"Introduceţi numărul de taskuri de afişat per pagină."},{"id":null,"key":"tasksPerPageLBL","value":"Setare taskuri per pagină"},{"id":null,"key":"teamsDOC","value":"Lista cu sumare de echipă"},{"id":null,"key":"teamsLBL","value":"Echipe"},{"id":null,"key":"titleDOC","value":"Şirul de titlu de afişat în bara de titlu"},{"id":null,"key":"titleLBL","value":"Şir titlu"},{"id":null,"key":"topTableLabelDOC","value":"Introduceţi textul pentru eticheta afişată deasupra listei."},{"id":null,"key":"topTableLabelLBL","value":"Adăugare etichetă de antet"},{"id":null,"key":"traversedPathDOC","value":"Lista de ID-uri de legătură de evidenţiat pentru a afişa calea traversată. Aceasta este aplicabilă doar când este utilizată opţiunea ID instanţă proces."},{"id":null,"key":"traversedPathLBL","value":"Cale traversată"},{"id":null,"key":"typeHereLBL","value":"Tastaţi aici..."},{"id":null,"key":"useEventTriggeringFetchActionDOC","value":"Delegaţi cererea de aducere taskuri unui eveniment."},{"id":null,"key":"useEventTriggeringFetchActionLBL","value":"Utilizare eveniment pentru a aduce taskuri"},{"id":null,"key":"workflowsLBL","value":"Fluxuri de lucru"},{"id":null,"key":"workplaceConfigDOC","value":"Configurează comportamentul Workplace"},{"id":null,"key":"workplaceConfigLBL","value":"Configuraţie Workplace"},{"id":null,"key":"workplaceUserSettingsDOC","value":"Legarea pentru a păstra setările de utilizator care vor fi aplicate când utilizatorul se loghează din nou"},{"id":null,"key":"workplaceUserSettingsLBL","value":"Setări utilizator Workplace"},{"id":null,"key":"zoomFactorDOC","value":"Valori valide pentru nivelul de panoramare diagramă proces sunt între 1 şi 10."},{"id":null,"key":"zoomFactorLBL","value":"Nivel de panoramare"}]}