<?xml version="1.0" encoding="UTF-8"?><FileNetExportCatalog version="1">
	<DeploymentTreeLocation>C:\Users\Administrator</DeploymentTreeLocation>
	<SourceEnvironment>CP4A-JAM-AMERICAS</SourceEnvironment>
	<ExportOperationFile>DeploymentOperation_Export.xml</ExportOperationFile>
	<ExportManifestFile>Client Onboarding Solution.xml</ExportManifestFile>
	<ExportLogFile>C:\Users\Administrator\Temp\Run.2021.06.04.06.51.20\export.log</ExportLogFile>
	<ConvertOperationFile/>
	<SourcePrimaryObjectStoreName>BAWTOS</SourcePrimaryObjectStoreName>
	<ExportStartTime>2021-06-04 06:51:20 PDT</ExportStartTime>
	<DatasetFiles>
		<DatasetFile>deployDataSet1.xml</DatasetFile>
	</DatasetFiles>
	<ObjectListFile>ObjectList.xml</ObjectListFile>
	<NumberOfObjectsExported>77</NumberOfObjectsExported>
	<ExportEndTime>2021-06-04 06:51:51 PDT</ExportEndTime>
		<DestinationEnvironment/>
	<DestinationPrimaryObjectStoreName>BAWTOS</DestinationPrimaryObjectStoreName>
</FileNetExportCatalog>