<?xml version="1.0" encoding="UTF-8"?>
<SavedManifest primaryObjectStore="BAWTOS" FDMVersion="5.2.1">
	<LifeCyclePolicies />
	<LifeCycleActions />
	<PropertyTemplates />
	<ChoiceLists />
	<ClassDefinitions />
	<Folders>
		<Folder objectStore="BAWTOS">
			<Name>Client Documents</Name>
			<Id>{F952A944-5552-4DC8-80B0-2EFD37C468D1}</Id>
			<IncludeOptions>
				<IncludeMarkingSets>0</IncludeMarkingSets>
				<IncludeSubscriptions>1</IncludeSubscriptions>
				<IncludeSystemClasses>0</IncludeSystemClasses>
				<IncludeSubClasses>0</IncludeSubClasses>
				<IncludeEventActions>1</IncludeEventActions>
				<IncludeChangePreprocessorActions>1</IncludeChangePreprocessorActions>
				<IncludeAnnotations>1</IncludeAnnotations>
				<IncludeUserThumbnails>0</IncludeUserThumbnails>
				<IncludeCVLs>0</IncludeCVLs>
				<IncludeGlobalPropDefs>0</IncludeGlobalPropDefs>
				<IncludeLifeCycleActions>0</IncludeLifeCycleActions>
				<IncludeLifeCyclePolicies>0</IncludeLifeCyclePolicies>
				<IncludeSecurityObjects>1</IncludeSecurityObjects>
				<IncludeContentOfFolder>1</IncludeContentOfFolder>
				<IncludeDocs>1</IncludeDocs>
				<IncludeRelationshipsToContainingFolders>1</IncludeRelationshipsToContainingFolders>
				<IncludeRCRs>1</IncludeRCRs>
				<IncludeParentFolders>1</IncludeParentFolders>
				<IncludeDocVers>1</IncludeDocVers>
				<IncludeObjects>0</IncludeObjects>
				<IncludeSubFolders>0</IncludeSubFolders>
				<IncludeCompoundDocs>1</IncludeCompoundDocs>
				<IncludeClasses>1</IncludeClasses>
				<IncludeDocumentComments>0</IncludeDocumentComments>
				<IncludeFollowers>0</IncludeFollowers>
				<IncludeRecommendations>0</IncludeRecommendations>
				<IncludeTags>0</IncludeTags>
			</IncludeOptions>
		</Folder>
		<IncludeOptions>
			<IncludeMarkingSets>0</IncludeMarkingSets>
			<IncludeSubscriptions>1</IncludeSubscriptions>
			<IncludeSystemClasses>0</IncludeSystemClasses>
			<IncludeSubClasses>0</IncludeSubClasses>
			<IncludeEventActions>1</IncludeEventActions>
			<IncludeChangePreprocessorActions>1</IncludeChangePreprocessorActions>
			<IncludeAnnotations>1</IncludeAnnotations>
			<IncludeUserThumbnails>0</IncludeUserThumbnails>
			<IncludeCVLs>1</IncludeCVLs>
			<IncludeGlobalPropDefs>1</IncludeGlobalPropDefs>
			<IncludeLifeCycleActions>1</IncludeLifeCycleActions>
			<IncludeLifeCyclePolicies>1</IncludeLifeCyclePolicies>
			<IncludeSecurityObjects>1</IncludeSecurityObjects>
			<IncludeContentOfFolder>1</IncludeContentOfFolder>
			<IncludeDocs>1</IncludeDocs>
			<IncludeRelationshipsToContainingFolders>1</IncludeRelationshipsToContainingFolders>
			<IncludeRCRs>1</IncludeRCRs>
			<IncludeParentFolders>1</IncludeParentFolders>
			<IncludeDocVers>1</IncludeDocVers>
			<IncludeObjects>1</IncludeObjects>
			<IncludeSubFolders>1</IncludeSubFolders>
			<IncludeCompoundDocs>1</IncludeCompoundDocs>
			<IncludeClasses>1</IncludeClasses>
			<IncludeDocumentComments>0</IncludeDocumentComments>
			<IncludeFollowers>0</IncludeFollowers>
			<IncludeRecommendations>0</IncludeRecommendations>
			<IncludeTags>0</IncludeTags>
		</IncludeOptions>
	</Folders>
	<Documents />
	<EventActions>
		<EventAction objectStore="BAWTOS">
			<Name>File Identification Event Action</Name>
			<Id>{F007C479-0000-C819-A8A1-01550E400653}</Id>
			<IncludeOptions>
				<IncludeMarkingSets>0</IncludeMarkingSets>
				<IncludeSubscriptions>1</IncludeSubscriptions>
				<IncludeSystemClasses>0</IncludeSystemClasses>
				<IncludeSubClasses>0</IncludeSubClasses>
				<IncludeEventActions>1</IncludeEventActions>
				<IncludeChangePreprocessorActions>1</IncludeChangePreprocessorActions>
				<IncludeAnnotations>1</IncludeAnnotations>
				<IncludeUserThumbnails>0</IncludeUserThumbnails>
				<IncludeCVLs>0</IncludeCVLs>
				<IncludeGlobalPropDefs>0</IncludeGlobalPropDefs>
				<IncludeLifeCycleActions>0</IncludeLifeCycleActions>
				<IncludeLifeCyclePolicies>0</IncludeLifeCyclePolicies>
				<IncludeSecurityObjects>1</IncludeSecurityObjects>
				<IncludeContentOfFolder>1</IncludeContentOfFolder>
				<IncludeDocs>1</IncludeDocs>
				<IncludeRelationshipsToContainingFolders>1</IncludeRelationshipsToContainingFolders>
				<IncludeRCRs>1</IncludeRCRs>
				<IncludeParentFolders>1</IncludeParentFolders>
				<IncludeDocVers>1</IncludeDocVers>
				<IncludeObjects>0</IncludeObjects>
				<IncludeSubFolders>0</IncludeSubFolders>
				<IncludeCompoundDocs>1</IncludeCompoundDocs>
				<IncludeClasses>1</IncludeClasses>
				<IncludeDocumentComments>0</IncludeDocumentComments>
				<IncludeFollowers>0</IncludeFollowers>
				<IncludeRecommendations>0</IncludeRecommendations>
				<IncludeTags>0</IncludeTags>
			</IncludeOptions>
		</EventAction>
		<IncludeOptions>
			<IncludeMarkingSets>0</IncludeMarkingSets>
			<IncludeSubscriptions>1</IncludeSubscriptions>
			<IncludeSystemClasses>0</IncludeSystemClasses>
			<IncludeSubClasses>0</IncludeSubClasses>
			<IncludeEventActions>1</IncludeEventActions>
			<IncludeChangePreprocessorActions>1</IncludeChangePreprocessorActions>
			<IncludeAnnotations>1</IncludeAnnotations>
			<IncludeUserThumbnails>0</IncludeUserThumbnails>
			<IncludeCVLs>1</IncludeCVLs>
			<IncludeGlobalPropDefs>1</IncludeGlobalPropDefs>
			<IncludeLifeCycleActions>1</IncludeLifeCycleActions>
			<IncludeLifeCyclePolicies>1</IncludeLifeCyclePolicies>
			<IncludeSecurityObjects>1</IncludeSecurityObjects>
			<IncludeContentOfFolder>1</IncludeContentOfFolder>
			<IncludeDocs>1</IncludeDocs>
			<IncludeRelationshipsToContainingFolders>1</IncludeRelationshipsToContainingFolders>
			<IncludeRCRs>1</IncludeRCRs>
			<IncludeParentFolders>1</IncludeParentFolders>
			<IncludeDocVers>1</IncludeDocVers>
			<IncludeObjects>1</IncludeObjects>
			<IncludeSubFolders>0</IncludeSubFolders>
			<IncludeCompoundDocs>1</IncludeCompoundDocs>
			<IncludeClasses>1</IncludeClasses>
			<IncludeDocumentComments>0</IncludeDocumentComments>
			<IncludeFollowers>0</IncludeFollowers>
			<IncludeRecommendations>0</IncludeRecommendations>
			<IncludeTags>0</IncludeTags>
		</IncludeOptions>
	</EventActions>
	<Others>
		<Other objectStore="BAWTOS">
			<Name>File Identification Event Subscription</Name>
			<Id>fnce:?objectId=5B1EC8AE-6C14-4686-8F81-E3B2504A57B0&amp;classId=8A782BAB-E5EE-4914-94C7-B4481A54E385&amp;objectStore=EFA29200-CFB2-45AC-90D5-7E7108DEE31D</Id>
			<IncludeOptions>
				<IncludeMarkingSets>0</IncludeMarkingSets>
				<IncludeSubscriptions>1</IncludeSubscriptions>
				<IncludeSystemClasses>0</IncludeSystemClasses>
				<IncludeSubClasses>0</IncludeSubClasses>
				<IncludeEventActions>1</IncludeEventActions>
				<IncludeChangePreprocessorActions>1</IncludeChangePreprocessorActions>
				<IncludeAnnotations>1</IncludeAnnotations>
				<IncludeUserThumbnails>0</IncludeUserThumbnails>
				<IncludeCVLs>0</IncludeCVLs>
				<IncludeGlobalPropDefs>0</IncludeGlobalPropDefs>
				<IncludeLifeCycleActions>0</IncludeLifeCycleActions>
				<IncludeLifeCyclePolicies>0</IncludeLifeCyclePolicies>
				<IncludeSecurityObjects>1</IncludeSecurityObjects>
				<IncludeContentOfFolder>1</IncludeContentOfFolder>
				<IncludeDocs>1</IncludeDocs>
				<IncludeRelationshipsToContainingFolders>1</IncludeRelationshipsToContainingFolders>
				<IncludeRCRs>1</IncludeRCRs>
				<IncludeParentFolders>1</IncludeParentFolders>
				<IncludeDocVers>1</IncludeDocVers>
				<IncludeObjects>0</IncludeObjects>
				<IncludeSubFolders>0</IncludeSubFolders>
				<IncludeCompoundDocs>1</IncludeCompoundDocs>
				<IncludeClasses>1</IncludeClasses>
				<IncludeDocumentComments>0</IncludeDocumentComments>
				<IncludeFollowers>0</IncludeFollowers>
				<IncludeRecommendations>0</IncludeRecommendations>
				<IncludeTags>0</IncludeTags>
			</IncludeOptions>
		</Other>
		<IncludeOptions>
			<IncludeMarkingSets>0</IncludeMarkingSets>
			<IncludeSubscriptions>1</IncludeSubscriptions>
			<IncludeSystemClasses>0</IncludeSystemClasses>
			<IncludeSubClasses>0</IncludeSubClasses>
			<IncludeEventActions>1</IncludeEventActions>
			<IncludeChangePreprocessorActions>1</IncludeChangePreprocessorActions>
			<IncludeAnnotations>1</IncludeAnnotations>
			<IncludeUserThumbnails>0</IncludeUserThumbnails>
			<IncludeCVLs>1</IncludeCVLs>
			<IncludeGlobalPropDefs>1</IncludeGlobalPropDefs>
			<IncludeLifeCycleActions>1</IncludeLifeCycleActions>
			<IncludeLifeCyclePolicies>1</IncludeLifeCyclePolicies>
			<IncludeSecurityObjects>1</IncludeSecurityObjects>
			<IncludeContentOfFolder>1</IncludeContentOfFolder>
			<IncludeDocs>1</IncludeDocs>
			<IncludeRelationshipsToContainingFolders>1</IncludeRelationshipsToContainingFolders>
			<IncludeRCRs>1</IncludeRCRs>
			<IncludeParentFolders>1</IncludeParentFolders>
			<IncludeDocVers>1</IncludeDocVers>
			<IncludeObjects>1</IncludeObjects>
			<IncludeSubFolders>0</IncludeSubFolders>
			<IncludeCompoundDocs>1</IncludeCompoundDocs>
			<IncludeClasses>1</IncludeClasses>
			<IncludeDocumentComments>0</IncludeDocumentComments>
			<IncludeFollowers>0</IncludeFollowers>
			<IncludeRecommendations>0</IncludeRecommendations>
			<IncludeTags>0</IncludeTags>
		</IncludeOptions>
	</Others>
</SavedManifest>