<?xml version="1.0" encoding="UTF-8"?>
<HalfMap type="ObjectStore" version="1">
	<List>
		<Item label="DEVOS1">
			<ID>{EFA29200-CFB2-45AC-90D5-7E7108DEE31D}</ID>
			<Name>BAWTOS</Name>
			<SymbolicName>BAWTOS</SymbolicName>
			<StoragePolicyList>
				<StoragePolicyItem label="">
					<ID>{238819A1-B394-42B7-9D3B-2B8306CDBD85}</ID>
					<DisplayName>Default Database Storage Policy</DisplayName>
				</StoragePolicyItem>
			</StoragePolicyList>
			<StorageAreaList>
				<StorageAreaItem label="">
					<ID>{329849CB-774F-4B7B-B653-64E0F381805B}</ID>
					<DisplayName>Default Database Storage Area</DisplayName>
				</StorageAreaItem>
			</StorageAreaList>
		</Item>
	</List>
</HalfMap>
