{"data":{"boModels":{"2056.81c5934a-8365-4116-8acf-00b0287e3fe3":"12.db884a3c-c533-44b7-bb2d-47bec8ad4022","12.db884a3c-c533-44b7-bb2d-47bec8ad4022":"{\"simpleType\":[{\"annotation\":{\"documentation\":[{\"content\":[\"String Type\"]}],\"appinfo\":[{\"simpleErrorMessage\":[\"Please enter a character string\"]}]},\"name\":\"String\",\"restriction\":{\"annotation\":{\"appinfo\":[{\"stringLengthType\":[\"0\"],\"simpleBaseType\":[\"String\"]}]},\"base\":\"{http:\\/\\/www.w3.org\\/2001\\/XMLSchema}string\"}}],\"attributeFormDefault\":\"unqualified\",\"elementFormDefault\":\"unqualified\",\"targetNamespace\":\"http:\\/\\/CODU\",\"id\":\"_12.db884a3c-c533-44b7-bb2d-47bec8ad4022\"}","2056.84bbe6cd-e648-4fa9-8f67-303b8ab0e027":"12.db884a3c-c533-44b7-bb2d-47bec8ad4022","2056.a5812280-f61e-476d-b104-93cf99a3cc51":"12.db884a3c-c533-44b7-bb2d-47bec8ad4022","2056.25d1757d-a5f8-49a2-93cf-c563537a9a40":"12.db884a3c-c533-44b7-bb2d-47bec8ad4022","2056.e58b9991-b20d-47d7-88ee-ec9e62a2b990":"12.db884a3c-c533-44b7-bb2d-47bec8ad4022"},"metadata":{"paId":"2066.8c514247-14a0-4530-be9f-d178076fbee4","paShortName":"CODU","snapshotId":"2064.4a56e60f-f9e9-4ea8-9fe9-c40691a4a564","snapshotName":"v1.3","name":"Client Onboarding Document Upload"},"defaults":{"entry":[{"type":"S","value":""},{"type":"B","value":false},{"type":"I","value":0},{"type":"D","value":0.0},{"type":"DT","value":null},{"type":"DT","value":null}]},"templates":{"variableTemplates":[{"modelId":"1.2b16c93c-2ad3-41a4-b65d-cfceac21e1f6","parentId":"1.2b16c93c-2ad3-41a4-b65d-cfceac21e1f6","variableTemplate":[{"id":"2056.81c5934a-8365-4116-8acf-00b0287e3fe3","name":"fileName","boTemplateName":"S"},{"id":"2056.e58b9991-b20d-47d7-88ee-ec9e62a2b990","name":"fileContent","boTemplateName":"S"},{"id":"2056.84bbe6cd-e648-4fa9-8f67-303b8ab0e027","name":"referenceID","boTemplateName":"S"}]},{"modelId":"1.2b16c93c-2ad3-41a4-b65d-cfceac21e1f6","parentId":"2025.821b548c-5dba-41fb-b922-e4316243798e","variableTemplate":[{"id":"2056.a5812280-f61e-476d-b104-93cf99a3cc51","name":"errorCode","boTemplateName":"S"},{"id":"2056.25d1757d-a5f8-49a2-93cf-c563537a9a40","name":"errorMessage","boTemplateName":"S"}]}],"boTemplate":[]},"model":{"rootElement":[{"extensionElements":{"userTaskImplementation":[{"flowElement":[{"parallelMultiple":false,"outgoing":["2027.0e37c52e-0c10-41f7-bcf9-0ad3e2a1feee"],"isInterrupting":true,"extensionElements":{"nodeVisualInfo":[{"color":"#F8F8F8","width":24,"x":50,"y":200,"declaredType":"TNodeVisualInfo","height":24}]},"name":"Start","declaredType":"startEvent","id":"2da437f9-7f16-4149-a37d-9a7d1c2aa150"},{"outgoing":["2027.b5d3ff02-411d-449a-86b9-30449d2c9a15"],"incoming":["2027.0e37c52e-0c10-41f7-bcf9-0ad3e2a1feee"],"extensionElements":{"nodeVisualInfo":[{"width":95,"x":196,"y":177,"declaredType":"TNodeVisualInfo","height":70}]},"declaredType":"com.ibm.bpmsdk.model.bpmn20.ibmext.TFormTask","isHeritageCoach":false,"cachePage":true,"startQuantity":1,"formDefinition":{"coachDefinition":{"layout":{"layoutItem":[{"layoutItemId":"Header1","configData":[{"declaredType":"com.ibm.bpmsdk.model.coach.ConfigData","id":"3ed5e42b-2229-4ac6-835f-f63fecd0399b","optionName":"@label","value":"Header"},{"declaredType":"com.ibm.bpmsdk.model.coach.ConfigData","id":"f8de6a2e-39a6-405b-840e-708aff200a85","optionName":"@helpText","value":""},{"declaredType":"com.ibm.bpmsdk.model.coach.ConfigData","id":"947cb1de-6f79-4e08-85d3-00ddb6bac898","optionName":"@labelVisibility","value":"SHOW"},{"declaredType":"com.ibm.bpmsdk.model.coach.ConfigData","id":"55d18f7d-62a9-43bf-8d7b-3494ae699b63","optionName":"clientRepVsibility","value":"None"}],"viewUUID":"64.3d58a3eb-c1ca-4434-860b-c81f20004ddc","declaredType":"com.ibm.bpmsdk.model.coach.ViewRef","id":"b0685ea8-9ec0-4f12-84a5-30f47f9b536b","version":"8550"},{"layoutItemId":"Output_Text1","configData":[{"declaredType":"com.ibm.bpmsdk.model.coach.ConfigData","id":"f52b8100-0559-4b5a-8532-b4aa7770c9ae","optionName":"labelWeightNormal","value":"true"},{"valueType":"static","declaredType":"com.ibm.bpmsdk.model.coach.ConfigData","id":"1df9639f-4697-4e58-8321-9b5019572d59","optionName":"@label","value":"Please upload the requested document(s) to complete your onboarding request."},{"declaredType":"com.ibm.bpmsdk.model.coach.ConfigData","id":"eb151202-2e6f-47b8-8641-d8265ec8394d","optionName":"@helpText","value":""},{"declaredType":"com.ibm.bpmsdk.model.coach.ConfigData","id":"76d259fc-c30c-41d6-85e5-bc2059d2087e","optionName":"@labelVisibility","value":"SHOW"},{"declaredType":"com.ibm.bpmsdk.model.coach.ConfigData","id":"207d27b8-3f55-4a8d-8fda-142183f6d166","optionName":"sizeStyle","value":"{\"isResponsiveData\":true,\"values\":[{\"deviceConfigID\":\"LargeID\",\"value\":\"L\"}]}"},{"declaredType":"com.ibm.bpmsdk.model.coach.ConfigData","id":"1b9807a0-298a-4476-8b41-43d25e927558","optionName":"@margin","value":"{\"isResponsiveData\":true,\"values\":[{\"deviceConfigID\":\"LargeID\",\"value\":\"20px 0px -10px 10px\"}]}"}],"viewUUID":"64.f634f22e-7800-4bd7-9f1e-87177acfb3bc","declaredType":"com.ibm.bpmsdk.model.coach.ViewRef","id":"8084e590-d55f-4af2-8849-c0fb5d460340","version":"8550"},{"contentBoxContrib":[{"contributions":[{"layoutItemId":"CustomHTML1","configData":[{"declaredType":"com.ibm.bpmsdk.model.coach.ConfigData","id":"75cdacfc-cb9b-41bd-8d71-9ac6d351258b","optionName":"@customHTML.contentType","value":"TEXT"},{"declaredType":"com.ibm.bpmsdk.model.coach.ConfigData","id":"461a0154-b436-4117-89f2-8e37cc78ad23","optionName":"@customHTML.textContent","value":"<style>\n#fileupload {\n    display: none;\n}\n.custom-file-upload {\n    width: 180px;\n    border: 1px solid #ccc;\n    display: inline-block;\n    padding: 6px 12px;\n    cursor: pointer;\n}\n</style>\n<label for=\"fileupload\" class=\"custom-file-upload\">\n    Upload Document\n</label>\n<input type=\"file\" id=\"fileupload\"></file>"}],"declaredType":"com.ibm.bpmsdk.model.coach.CustomHTML","id":"f65ae8a9-8631-4f44-8ebb-7ffd44e3ea98","version":"8550"},{"layoutItemId":"Output_Text2","configData":[{"declaredType":"com.ibm.bpmsdk.model.coach.ConfigData","id":"a5d3d6c1-60d3-444e-85e1-c001d6c64ce7","optionName":"labelWeightNormal","value":"true"},{"valueType":"static","declaredType":"com.ibm.bpmsdk.model.coach.ConfigData","id":"7d3736dc-647a-479f-8cb5-0feb4ecb4d8c","optionName":"@label","value":"File Selected"},{"declaredType":"com.ibm.bpmsdk.model.coach.ConfigData","id":"09111c39-bbd4-4385-8dd3-253ece2100b0","optionName":"@helpText","value":""},{"declaredType":"com.ibm.bpmsdk.model.coach.ConfigData","id":"3422abaf-5cd0-454d-8f11-158f233255a1","optionName":"@labelVisibility","value":"HIDE"},{"declaredType":"com.ibm.bpmsdk.model.coach.ConfigData","id":"e96f463b-a542-4531-81b3-50fbfa3022dd","optionName":"@margin","value":"{\"isResponsiveData\":true,\"values\":[]}"},{"declaredType":"com.ibm.bpmsdk.model.coach.ConfigData","id":"31dc8726-ac05-48eb-8cdd-48c2a65d21ed","optionName":"@padding","value":"{\"isResponsiveData\":true,\"values\":[{\"deviceConfigID\":\"LargeID\",\"value\":\"5px 0px 0px 0px\"}]}"}],"viewUUID":"64.f634f22e-7800-4bd7-9f1e-87177acfb3bc","binding":"tw.local.fileName","declaredType":"com.ibm.bpmsdk.model.coach.ViewRef","id":"9d74f33d-95e8-41db-8768-d45fe22ebaa1","version":"8550"}],"contentBoxId":"ContentBox1","declaredType":"com.ibm.bpmsdk.model.coach.ContentBoxContrib","id":"191602b8-318b-48aa-85bf-211a23f4b76f"}],"layoutItemId":"Horizontal_Layout1","configData":[{"declaredType":"com.ibm.bpmsdk.model.coach.ConfigData","id":"4a9154c6-a846-4ffa-8bb4-4c92f6f8d7ea","optionName":"@label","value":"Horizontal layout"},{"declaredType":"com.ibm.bpmsdk.model.coach.ConfigData","id":"6bf4a46d-4935-4ba8-8f5d-151b7b75f93a","optionName":"@helpText","value":""},{"declaredType":"com.ibm.bpmsdk.model.coach.ConfigData","id":"bcdbccd1-4d2d-4515-81fe-4d4077dedad6","optionName":"@labelVisibility","value":"SHOW"},{"declaredType":"com.ibm.bpmsdk.model.coach.ConfigData","id":"e36700aa-03a4-48bc-87b0-8cee2620b564","optionName":"@padding","value":"{\"isResponsiveData\":true,\"values\":[{\"deviceConfigID\":\"LargeID\",\"value\":\"0\"}]}"}],"viewUUID":"64.44f463cc-615b-43d0-834f-c398a82e0363","declaredType":"com.ibm.bpmsdk.model.coach.ViewRef","id":"531efee7-bcf2-4605-8c0f-6c674835dc51","version":"8550"},{"contentBoxContrib":[{"contributions":[{"layoutItemId":"SubmitButton","configData":[{"valueType":"static","declaredType":"com.ibm.bpmsdk.model.coach.ConfigData","id":"00174010-cb60-454d-8ace-6da3f3c7e844","optionName":"@label","value":"Submit Document"},{"declaredType":"com.ibm.bpmsdk.model.coach.ConfigData","id":"b1cb3eb1-67d1-404b-80af-fe2dab7f7418","optionName":"@helpText","value":""},{"declaredType":"com.ibm.bpmsdk.model.coach.ConfigData","id":"35ae1ebc-e832-4eed-8137-985931f84651","optionName":"@labelVisibility","value":"SHOW"},{"declaredType":"com.ibm.bpmsdk.model.coach.ConfigData","id":"aa8af7d9-cdbf-48b0-88ca-1f7f3cc53253","optionName":"eventON_LOAD","value":"${SubmitButton}.setEnabled(false);\n\nvar fileInput = document.getElementById(\"fileupload\");\nfileInput.addEventListener(\"change\", function(event) {\n\tvar file = this.files[0];\n\tvar reader = new FileReader();\n\treader.onload = function(e) {\n\t\t${FileName}.setData(file.name);\n\t\t${FileContent}.setData(e.target.result.replace(\"data:application/pdf;base64,\", \"\"));\n\t\t${SubmitButton}.setEnabled(true);\n  \t};\n\treader.readAsDataURL(file);\n}, false);"},{"valueType":"static","declaredType":"com.ibm.bpmsdk.model.coach.ConfigData","id":"c279cee2-6ada-4a00-8827-c0415f1cad7b","optionName":"colorStyle","value":"P"},{"valueType":"static","declaredType":"com.ibm.bpmsdk.model.coach.ConfigData","id":"d6920c06-03de-465b-85d2-dc41f4131604","optionName":"icon","value":"ci-document-blank"},{"valueType":"static","declaredType":"com.ibm.bpmsdk.model.coach.ConfigData","id":"61101142-d198-453e-8ec3-e15c276219d0","optionName":"preventMultipleClicks","value":"true"},{"valueType":"static","declaredType":"com.ibm.bpmsdk.model.coach.ConfigData","id":"93bd0554-ea4d-4ebd-8eb3-316e07118247","optionName":"shapeStyle","value":"D"},{"declaredType":"com.ibm.bpmsdk.model.coach.ConfigData","id":"e117b051-f7c8-4423-8d99-97365f52664a","optionName":"sizeStyle","value":"{\"isResponsiveData\":true,\"values\":[{\"deviceConfigID\":\"LargeID\",\"value\":\"D\"}]}"},{"valueType":"static","declaredType":"com.ibm.bpmsdk.model.coach.ConfigData","id":"42317721-69da-44e9-8be1-1d60099c3ff7","optionName":"outline","value":"false"},{"declaredType":"com.ibm.bpmsdk.model.coach.ConfigData","id":"c8c4e2b5-a3a4-40c5-8281-5ff38b0a4974","optionName":"width","value":"{\"isResponsiveData\":true,\"values\":[{\"deviceConfigID\":\"LargeID\",\"value\":\"200px\"}]}"},{"declaredType":"com.ibm.bpmsdk.model.coach.ConfigData","id":"f302f127-bb95-4338-8f05-da8f09f6597a","optionName":"iconLocation","value":"{\"isResponsiveData\":true,\"values\":[{\"deviceConfigID\":\"LargeID\",\"value\":\"L\"}]}"}],"viewUUID":"64.7133c7d4-1a54-45c8-89cd-a8e8fa4a8e36","declaredType":"com.ibm.bpmsdk.model.coach.ViewRef","id":"af972045-7ec0-46a5-85b4-47696def54ed","version":"8550"}],"contentBoxId":"ContentBox1","declaredType":"com.ibm.bpmsdk.model.coach.ContentBoxContrib","id":"9bdbdd95-8f34-43c0-8ba4-557ee63be185"}],"layoutItemId":"Vertical_Layout2","configData":[{"declaredType":"com.ibm.bpmsdk.model.coach.ConfigData","id":"9d27ea52-3d92-44e1-8a83-5d7409c36c5d","optionName":"@label","value":"Vertical layout 2"},{"declaredType":"com.ibm.bpmsdk.model.coach.ConfigData","id":"0dddf23d-fd53-45f2-8f5c-43df151cb1ee","optionName":"@helpText","value":""},{"declaredType":"com.ibm.bpmsdk.model.coach.ConfigData","id":"5c9aeead-24bf-4cda-8d3e-420a1872c283","optionName":"@labelVisibility","value":"SHOW"}],"viewUUID":"64.ef447b87-24a2-42a7-b2b9-cd471e9f7b67","declaredType":"com.ibm.bpmsdk.model.coach.ViewRef","id":"eaba3233-e2c6-4443-841e-b2d8d00320ad","version":"8550"},{"layoutItemId":"FileName","configData":[{"valueType":"static","declaredType":"com.ibm.bpmsdk.model.coach.ConfigData","id":"488c651e-19db-4d08-88d6-94d3d2db77e7","optionName":"@label","value":"FileName"},{"declaredType":"com.ibm.bpmsdk.model.coach.ConfigData","id":"2340d392-01b5-41e0-8ea3-e3f86c303566","optionName":"@helpText","value":""},{"valueType":"static","declaredType":"com.ibm.bpmsdk.model.coach.ConfigData","id":"9ee32258-503b-4345-8e5b-75e1cc618744","optionName":"@labelVisibility","value":"SHOW"}],"viewUUID":"64.9b679256-e93b-4400-89f2-bd15b0c5578d","binding":"tw.local.fileName","declaredType":"com.ibm.bpmsdk.model.coach.ViewRef","id":"609666fb-ee3e-415f-829a-7b38d57c4a53","version":"8550"},{"layoutItemId":"FileContent","configData":[{"valueType":"static","declaredType":"com.ibm.bpmsdk.model.coach.ConfigData","id":"11de07c9-4ce7-4601-823c-59be554e7b37","optionName":"@label","value":"FileContent"},{"declaredType":"com.ibm.bpmsdk.model.coach.ConfigData","id":"c25dfa2a-8260-4c2a-847c-ad88a137694e","optionName":"@helpText","value":""},{"valueType":"static","declaredType":"com.ibm.bpmsdk.model.coach.ConfigData","id":"c0fe59cb-c46a-4b4b-8e39-b1d56eeb4089","optionName":"@labelVisibility","value":"SHOW"}],"viewUUID":"64.9b679256-e93b-4400-89f2-bd15b0c5578d","binding":"tw.local.fileContent","declaredType":"com.ibm.bpmsdk.model.coach.ViewRef","id":"4aca223d-4e5f-4876-8887-19585d88c576","version":"8550"},{"layoutItemId":"ReferenceID","configData":[{"valueType":"static","declaredType":"com.ibm.bpmsdk.model.coach.ConfigData","id":"2b2fab1f-d940-46b7-87c0-d40b2c7c4e05","optionName":"@label","value":"ReferenceID"},{"declaredType":"com.ibm.bpmsdk.model.coach.ConfigData","id":"1d05838d-3d0b-4618-8d1a-ab5a660aa7ac","optionName":"@helpText","value":""},{"valueType":"static","declaredType":"com.ibm.bpmsdk.model.coach.ConfigData","id":"d763d878-c27d-4ae6-8a11-7d9e6a5c82e4","optionName":"@labelVisibility","value":"SHOW"},{"declaredType":"com.ibm.bpmsdk.model.coach.ConfigData","id":"13d28d64-869b-46c4-8555-da0002a63c22","optionName":"eventON_LOAD","value":"var queryString = window.top.location.search;\nvar urlParams = new URLSearchParams(queryString);\n${ReferenceID}.setData(urlParams.get('ReferenceID'));"}],"viewUUID":"64.9b679256-e93b-4400-89f2-bd15b0c5578d","binding":"tw.local.referenceID","declaredType":"com.ibm.bpmsdk.model.coach.ViewRef","id":"dfa25813-01e9-4aff-8d25-a3a6a9986d4a","version":"8550"}]},"declaredType":"com.ibm.bpmsdk.model.coach.TCoachDefinition"}},"commonLayoutArea":0,"name":"Starting Page","isForCompensation":false,"completionQuantity":1,"id":"2025.40f4257c-b89d-4a3b-b24c-87945d94e728"},{"flowElement":[{"itemSubjectRef":"itm.12.db884a3c-c533-44b7-bb2d-47bec8ad4022","name":"errorCode","isCollection":false,"declaredType":"dataObject","id":"2056.a5812280-f61e-476d-b104-93cf99a3cc51"},{"itemSubjectRef":"itm.12.db884a3c-c533-44b7-bb2d-47bec8ad4022","name":"errorMessage","isCollection":false,"declaredType":"dataObject","id":"2056.25d1757d-a5f8-49a2-93cf-c563537a9a40"},{"parallelMultiple":false,"outgoing":["2027.eddb7cc5-cd5c-42fe-8d82-dc54037f0eea"],"isInterrupting":true,"eventDefinition":[{"extensionElements":{"errorEventSettings":[{"catchAll":true,"declaredType":"com.ibm.bpmsdk.model.bpmn20.ibmwleext.TErrorEventSettings"}]},"declaredType":"errorEventDefinition"}],"extensionElements":{"nodeVisualInfo":[{"color":"#F8F8F8","width":24,"x":50,"y":200,"declaredType":"TNodeVisualInfo","height":24}]},"name":"Start","declaredType":"startEvent","id":"937a5e48-e96d-4ba1-aea1-e6ba15a56265"},{"startQuantity":1,"outgoing":["2027.95051c91-6326-4622-9fb4-12f8c53299f0"],"incoming":["2027.eddb7cc5-cd5c-42fe-8d82-dc54037f0eea"],"extensionElements":{"nodeVisualInfo":[{"width":95,"x":250,"y":177,"declaredType":"TNodeVisualInfo","height":70}]},"name":"init","isForCompensation":false,"completionQuantity":1,"declaredType":"scriptTask","id":"3909d98d-89e1-457e-ab3d-f2f9b19426b8","scriptFormat":"text/x-javascript","script":{"content":["tw.local.errorMessage = tw.error.message;\r\ntw.local.errorCode = tw.error.code;"]}},{"outgoing":["2027.2fb02308-1492-4e27-b83b-a175d9ac4ca2"],"incoming":["2027.95051c91-6326-4622-9fb4-12f8c53299f0"],"extensionElements":{"nodeVisualInfo":[{"width":95,"x":450,"y":177,"declaredType":"TNodeVisualInfo","height":70}]},"declaredType":"com.ibm.bpmsdk.model.bpmn20.ibmext.TFormTask","isHeritageCoach":false,"cachePage":false,"startQuantity":1,"formDefinition":{"coachDefinition":{"layout":{"layoutItem":[{"contentBoxContrib":[{"contributions":[{"layoutItemId":"error_display_image","configData":[{"declaredType":"com.ibm.bpmsdk.model.coach.ConfigData","id":"1460fa3b-b02f-4af0-8a6e-b0ad6ec75753","optionName":"@label","value":"error image"},{"declaredType":"com.ibm.bpmsdk.model.coach.ConfigData","id":"ea6032ba-6172-4b93-923c-36f9c2115ac8","optionName":"@padding","value":"{\"isResponsiveData\":true,\"values\":[{\"deviceConfigID\":\"LargeID\",\"value\":\"25% 0px 0px 0px\"}]}"},{"declaredType":"com.ibm.bpmsdk.model.coach.ConfigData","id":"0c9df479-d8a9-4569-98db-2336c1bb0c03","optionName":"@helpText","value":""}],"viewUUID":"64.49422be7-d203-44dc-951d-7ca4361d7b94","binding":"61.1cd4a3dc-eab9-4f2c-94bd-204732e2f440","declaredType":"com.ibm.bpmsdk.model.coach.ViewRef","id":"3e6f2b8e-28c2-497e-92c4-6aac2ef5348f","version":"8550"},{"contentBoxContrib":[{"contributions":[{"layoutItemId":"error_page_header","configData":[{"declaredType":"com.ibm.bpmsdk.model.coach.ConfigData","id":"71864ab8-4699-4cab-bdb3-42ee6020db57","optionName":"@label","value":"An error in this application needs the author's attention."},{"declaredType":"com.ibm.bpmsdk.model.coach.ConfigData","id":"a41c0c38-5c89-4fa9-b7fd-bafb5824988c","optionName":"sizeStyle","value":"{\"isResponsiveData\":true,\"values\":[{\"deviceConfigID\":\"LargeID\",\"value\":\"X\"}]}"}],"viewUUID":"64.f634f22e-7800-4bd7-9f1e-87177acfb3bc","declaredType":"com.ibm.bpmsdk.model.coach.ViewRef","id":"5749cd88-e2c4-499b-a715-9292357b2f7f","version":"8550"},{"layoutItemId":"error_page_subtitle","configData":[{"declaredType":"com.ibm.bpmsdk.model.coach.ConfigData","id":"1007cec6-8c1f-4761-ac88-5d421a91f8f2","optionName":"@label","value":"Although it contains an error, you can still use this application."},{"declaredType":"com.ibm.bpmsdk.model.coach.ConfigData","id":"b8866a84-297f-4287-95e0-1acc04be8d89","optionName":"sizeStyle","value":"{\"isResponsiveData\":true,\"values\":[{\"deviceConfigID\":\"LargeID\",\"value\":\"L\"}]}"}],"viewUUID":"64.f634f22e-7800-4bd7-9f1e-87177acfb3bc","declaredType":"com.ibm.bpmsdk.model.coach.ViewRef","id":"1ba6aba3-b8dc-46bf-b7ed-f201fa7168b9","version":"8550"},{"layoutItemId":"error_go_back","configData":[{"declaredType":"com.ibm.bpmsdk.model.coach.ConfigData","id":"e1d5552d-af5e-45f0-86c8-5cbffca256e4","optionName":"@label","value":"Return"},{"declaredType":"com.ibm.bpmsdk.model.coach.ConfigData","id":"76f8feca-b1e4-4a7b-b9c1-e37bdad4319e","optionName":"@padding","value":"{\"isResponsiveData\":true,\"values\":[{\"deviceConfigID\":\"LargeID\",\"value\":\"5% 0px 5% 0px\"}]}"},{"declaredType":"com.ibm.bpmsdk.model.coach.ConfigData","id":"1bb339bd-f58e-4a35-aa37-e4e50e3359d7","optionName":"colorStyle","value":"P"}],"viewUUID":"64.7133c7d4-1a54-45c8-89cd-a8e8fa4a8e36","declaredType":"com.ibm.bpmsdk.model.coach.ViewRef","id":"86bc2730-b008-4c01-bfef-2a2858ab77df","version":"8550"},{"contentBoxContrib":[{"contributions":[{"layoutItemId":"error_code","configData":[{"declaredType":"com.ibm.bpmsdk.model.coach.ConfigData","id":"5416021e-7b1a-44c7-9af1-8e26efcf092f","optionName":"@label","value":"Error Code"},{"declaredType":"com.ibm.bpmsdk.model.coach.ConfigData","id":"c5fdd7e0-6536-4e01-8607-72f669b59a3d","optionName":"@helpText","value":""}],"viewUUID":"64.5663dd71-ff18-4d33-bea0-468d0b869816","binding":"tw.local.errorCode","declaredType":"com.ibm.bpmsdk.model.coach.ViewRef","id":"b392f019-a3ff-485f-88ac-41dc91859852","version":"8550"},{"layoutItemId":"error_message","configData":[{"declaredType":"com.ibm.bpmsdk.model.coach.ConfigData","id":"ca79b79a-5b47-45e3-9d36-22db5f3d49dc","optionName":"@label","value":"Error message"},{"declaredType":"com.ibm.bpmsdk.model.coach.ConfigData","id":"7e5abf3f-92fd-43cf-98bb-057ab33b34c3","optionName":"@labelVisibility","value":"HIDE"},{"declaredType":"com.ibm.bpmsdk.model.coach.ConfigData","id":"0ea70b0d-f7f5-40a4-a3f0-851e97acc210","optionName":"initiallyExpanded","value":"true"},{"declaredType":"com.ibm.bpmsdk.model.coach.ConfigData","id":"41dd3863-398c-4753-b2ce-275e4898d640","optionName":"@helpText","value":""}],"viewUUID":"64.933fd33b-4cce-4f8d-8219-7bac494f200d","binding":"tw.local.errorMessage","declaredType":"com.ibm.bpmsdk.model.coach.ViewRef","id":"8f72d41b-84bb-440f-9ae2-e2fd65204a9a","version":"8550"}],"contentBoxId":"ContentBox1","declaredType":"com.ibm.bpmsdk.model.coach.ContentBoxContrib","id":"bf475ad2-e45b-42f4-b6cb-ae8959f00dab"}],"layoutItemId":"error_content","configData":[{"declaredType":"com.ibm.bpmsdk.model.coach.ConfigData","id":"ecac9087-623e-4f45-a3e1-7c97b40f2566","optionName":"@label","value":"Error message"},{"declaredType":"com.ibm.bpmsdk.model.coach.ConfigData","id":"721def29-3cb4-404c-8c50-907590948b44","optionName":"initiallyCollapsed","value":"true"},{"declaredType":"com.ibm.bpmsdk.model.coach.ConfigData","id":"ee12cde1-db77-4540-b893-ac0c69e2e78f","optionName":"width","value":"{\"isResponsiveData\":true,\"values\":[{\"deviceConfigID\":\"LargeID\",\"value\":\"75%\"}]}"},{"declaredType":"com.ibm.bpmsdk.model.coach.ConfigData","id":"19762759-b60b-4ed0-9cdd-599092a0f267","optionName":"@helpText","value":""}],"viewUUID":"64.aa70e5b9-aade-4334-b92d-1fb5e61f4b0a","declaredType":"com.ibm.bpmsdk.model.coach.ViewRef","id":"1c9c4645-bb3a-4abb-bdfa-9f26bfc6a6a3","version":"8550"}],"contentBoxId":"ContentBox1","declaredType":"com.ibm.bpmsdk.model.coach.ContentBoxContrib","id":"f838c15c-f710-461d-90ec-ad0b40049900"}],"layoutItemId":"Error_page_Vertical_Layout","configData":[{"declaredType":"com.ibm.bpmsdk.model.coach.ConfigData","id":"50629926-e0ce-433e-8c01-3d5c0c460e2c","optionName":"@label","value":"Vertical Layout"},{"declaredType":"com.ibm.bpmsdk.model.coach.ConfigData","id":"bf0e74f7-5370-47af-8731-843ac0335171","optionName":"@labelVisibility","value":"SHOW"},{"declaredType":"com.ibm.bpmsdk.model.coach.ConfigData","id":"afe4e852-598f-48db-8549-e898f6812140","optionName":"hAlignment","value":"L"},{"declaredType":"com.ibm.bpmsdk.model.coach.ConfigData","id":"196aef0b-9b37-418f-9dfd-785d8b0da6f4","optionName":"@padding","value":"{\"isResponsiveData\":true,\"values\":[{\"deviceConfigID\":\"LargeID\",\"value\":\"25% 0px 0px 0px\"}]}"},{"declaredType":"com.ibm.bpmsdk.model.coach.ConfigData","id":"ca4b76c7-8d90-41ca-b85d-57d38656507b","optionName":"@helpText","value":""}],"viewUUID":"64.ef447b87-24a2-42a7-b2b9-cd471e9f7b67","declaredType":"com.ibm.bpmsdk.model.coach.ViewRef","id":"06606eae-91af-40ad-95cd-35eca81838fb","version":"8550"}],"contentBoxId":"ContentBox1","declaredType":"com.ibm.bpmsdk.model.coach.ContentBoxContrib","id":"af9d11b5-5bcb-45be-af65-b53640f8ed9f"}],"layoutItemId":"Error_page_Horizontal_Split","configData":[{"declaredType":"com.ibm.bpmsdk.model.coach.ConfigData","id":"71b16e3e-1873-4d20-a81b-643a03329959","optionName":"@label","value":"Horizontal Split Layout"},{"declaredType":"com.ibm.bpmsdk.model.coach.ConfigData","id":"b9fd7fa4-40c2-4dbd-a94b-456cc6bb7f49","optionName":"@labelVisibility","value":"SHOW"},{"declaredType":"com.ibm.bpmsdk.model.coach.ConfigData","id":"0c798d27-e171-4c08-9018-084412dd65cf","optionName":"@helpText","value":""}],"viewUUID":"64.5c490b0f-ce12-4f65-a959-6084ee570480","declaredType":"com.ibm.bpmsdk.model.coach.ViewRef","id":"e0844e13-c29d-489a-b746-a4b4ba1dcfe4","version":"8550"}]},"declaredType":"com.ibm.bpmsdk.model.coach.TCoachDefinition"}},"commonLayoutArea":0,"name":"Error Page","isForCompensation":false,"completionQuantity":1,"id":"2025.759330b2-2b6a-4153-8404-79abf7380c9b"},{"incoming":["2027.2fb02308-1492-4e27-b83b-a175d9ac4ca2"],"eventDefinition":[{"declaredType":"com.ibm.bpmsdk.model.bpmn20.ibmext.TStayOnPageEventDefinition"}],"extensionElements":{"nodeVisualInfo":[{"color":"#F8F8F8","width":24,"x":700,"y":200,"declaredType":"TNodeVisualInfo","height":24}]},"name":"Stay on page","declaredType":"intermediateThrowEvent","id":"65f09ef5-fbd4-4972-b15e-7a339de33ed2"},{"targetRef":"3909d98d-89e1-457e-ab3d-f2f9b19426b8","extensionElements":{"linkVisualInfo":[{"sourcePortLocation":"rightCenter","showCoachControlLabel":false,"labelPosition":0.0,"targetPortLocation":"leftCenter","declaredType":"TLinkVisualInfo","saveExecutionContext":false,"showLabel":false}]},"declaredType":"sequenceFlow","id":"2027.eddb7cc5-cd5c-42fe-8d82-dc54037f0eea","sourceRef":"937a5e48-e96d-4ba1-aea1-e6ba15a56265"},{"targetRef":"2025.759330b2-2b6a-4153-8404-79abf7380c9b","extensionElements":{"linkVisualInfo":[{"sourcePortLocation":"rightCenter","showCoachControlLabel":false,"labelPosition":0.0,"targetPortLocation":"leftCenter","declaredType":"TLinkVisualInfo","saveExecutionContext":false,"showLabel":false}]},"declaredType":"sequenceFlow","id":"2027.95051c91-6326-4622-9fb4-12f8c53299f0","sourceRef":"3909d98d-89e1-457e-ab3d-f2f9b19426b8"},{"targetRef":"65f09ef5-fbd4-4972-b15e-7a339de33ed2","extensionElements":{"coachEventBinding":[{"declaredType":"com.ibm.bpmsdk.model.bpmn20.ibmext.TCoachEventBinding","id":"a4e1d10b-1156-42ba-8ac0-dcb987d07ef4","coachEventPath":"error_go_back"}],"linkVisualInfo":[{"sourcePortLocation":"rightCenter","showCoachControlLabel":true,"labelPosition":0.0,"targetPortLocation":"leftCenter","declaredType":"TLinkVisualInfo","saveExecutionContext":true,"showLabel":false}]},"name":"To End","declaredType":"sequenceFlow","id":"2027.2fb02308-1492-4e27-b83b-a175d9ac4ca2","sourceRef":"2025.759330b2-2b6a-4153-8404-79abf7380c9b"}],"startQuantity":1,"extensionElements":{"nodeVisualInfo":[{"color":"#faf9c4","width":95,"x":50,"y":375,"declaredType":"TNodeVisualInfo","height":70}]},"name":"Error","triggeredByEvent":true,"isForCompensation":false,"completionQuantity":1,"declaredType":"subProcess","id":"2025.821b548c-5dba-41fb-b922-e4316243798e"},{"targetRef":"2025.40f4257c-b89d-4a3b-b24c-87945d94e728","extensionElements":{"linkVisualInfo":[{"sourcePortLocation":"rightCenter","showCoachControlLabel":false,"labelPosition":0.0,"targetPortLocation":"leftCenter","declaredType":"TLinkVisualInfo","saveExecutionContext":false,"showLabel":false}]},"name":"To Coach","declaredType":"sequenceFlow","id":"2027.0e37c52e-0c10-41f7-bcf9-0ad3e2a1feee","sourceRef":"2da437f9-7f16-4149-a37d-9a7d1c2aa150"},{"extensionElements":{"defaultValue":[{"declaredType":"com.ibm.bpmsdk.model.bpmn20.ibmext.TDefaultValue","useDefault":false,"value":""}]},"itemSubjectRef":"itm.12.db884a3c-c533-44b7-bb2d-47bec8ad4022","name":"fileName","isCollection":false,"declaredType":"dataObject","id":"2056.81c5934a-8365-4116-8acf-00b0287e3fe3"},{"extensionElements":{"defaultValue":[{"declaredType":"com.ibm.bpmsdk.model.bpmn20.ibmext.TDefaultValue","useDefault":false,"value":""}]},"itemSubjectRef":"itm.12.db884a3c-c533-44b7-bb2d-47bec8ad4022","name":"fileContent","isCollection":false,"declaredType":"dataObject","id":"2056.e58b9991-b20d-47d7-88ee-ec9e62a2b990"},{"extensionElements":{"defaultValue":[{"declaredType":"com.ibm.bpmsdk.model.bpmn20.ibmext.TDefaultValue","useDefault":false,"value":""}]},"itemSubjectRef":"itm.12.db884a3c-c533-44b7-bb2d-47bec8ad4022","name":"referenceID","isCollection":false,"declaredType":"dataObject","id":"2056.84bbe6cd-e648-4fa9-8f67-303b8ab0e027"},{"startQuantity":1,"outgoing":["2027.30a3f41a-211a-45d8-8b20-dd75d3028eb2"],"incoming":["2027.b5d3ff02-411d-449a-86b9-30449d2c9a15"],"extensionElements":{"path":["/submitClientDocument"],"swaggerModelId":["2066.8c514247-14a0-4530-be9f-d178076fbee4/swagger/6023.8cd69144-0c43-4b2d-a58a-b6d0de173c9a"],"nodeVisualInfo":[{"width":95,"x":511,"y":175,"declaredType":"TNodeVisualInfo","height":70}],"basePath":["/bawaut/automationservices/rest/CO/V4.96/Client_Onboarding_Workflows"],"method":["POST"],"activityType":["ServiceTask"],"externalServiceRefPO":["1.64deb3f6-e749-4452-8168-8ed519549037"],"externalServiceRef":["{http://www.ibm.com/xmlns/prod/bpm/bpmn/ext/externalservice/swagger/157c47a4-9dd7-42ee-bc2f-f46a7782ddfaService}_49b128b2-ab9f-49cf-9f81-00b383c43188"]},"operationRef":"{http://www.ibm.com/xmlns/prod/bpm/bpmn/ext/externalservice/swagger/157c47a4-9dd7-42ee-bc2f-f46a7782ddfaService}_1775ad38-00b5-47a2-b77a-7f5043c7a920","implementation":"##WebService","name":"Call Client_Onboarding_Workflows","dataInputAssociation":[{"targetRef":"_fc90acd7-0550-46a0-b8ba-fa63db156d39","extensionElements":{"parameterName":["fileName"]},"assignment":[{"from":{"evaluatesToTypeRef":"itm.12.db884a3c-c533-44b7-bb2d-47bec8ad4022","declaredType":"TFormalExpression","content":["tw.local.fileName"]}}]},{"targetRef":"_11c029fa-562c-4c53-b254-51f437012fac","extensionElements":{"parameterName":["fileContent"]},"assignment":[{"from":{"evaluatesToTypeRef":"itm.12.db884a3c-c533-44b7-bb2d-47bec8ad4022","declaredType":"TFormalExpression","content":["tw.local.fileContent"]}}]},{"targetRef":"_5f3d4ecb-16ec-4e68-9b15-cb9c8d7cce1e","extensionElements":{"parameterName":["referenceID"]},"assignment":[{"from":{"evaluatesToTypeRef":"itm.12.db884a3c-c533-44b7-bb2d-47bec8ad4022","declaredType":"TFormalExpression","content":["tw.local.referenceID"]}}]}],"isForCompensation":false,"completionQuantity":1,"declaredType":"serviceTask","id":"2025.0faaeff2-8758-4cab-8d36-be0bb9bda167"},{"targetRef":"2025.0faaeff2-8758-4cab-8d36-be0bb9bda167","extensionElements":{"coachEventBinding":[{"declaredType":"com.ibm.bpmsdk.model.bpmn20.ibmext.TCoachEventBinding","id":"f92ce765-8e64-4dd4-83be-2349aac805ee","coachEventPath":"SubmitButton"}],"sequenceFlowImplementation":[{"fireValidation":"Never","sboSyncEnabled":false,"declaredType":"com.ibm.bpmsdk.model.bpmn20.ibmext.TSequenceFlowImplementation"}],"linkVisualInfo":[{"sourcePortLocation":"rightCenter","showCoachControlLabel":true,"labelPosition":0.0,"targetPortLocation":"leftCenter","declaredType":"TLinkVisualInfo","saveExecutionContext":false,"showLabel":false}]},"name":"To Call Client_Onboarding_Workflows","declaredType":"sequenceFlow","id":"2027.b5d3ff02-411d-449a-86b9-30449d2c9a15","sourceRef":"2025.40f4257c-b89d-4a3b-b24c-87945d94e728"},{"outgoing":["2027.501658d4-de67-49c2-867c-6cb036cec67d"],"incoming":["2027.30a3f41a-211a-45d8-8b20-dd75d3028eb2"],"extensionElements":{"nodeVisualInfo":[{"width":95,"x":809,"y":177,"declaredType":"TNodeVisualInfo","height":70}]},"declaredType":"com.ibm.bpmsdk.model.bpmn20.ibmext.TFormTask","isHeritageCoach":false,"cachePage":true,"startQuantity":1,"formDefinition":{"coachDefinition":{"layout":{"layoutItem":[{"layoutItemId":"Header1","configData":[{"declaredType":"com.ibm.bpmsdk.model.coach.ConfigData","id":"639f20dd-b022-4d23-8e6a-903bff650f02","optionName":"@label","value":"Header"},{"declaredType":"com.ibm.bpmsdk.model.coach.ConfigData","id":"a12d3f20-2679-46f0-86da-372325f01a2a","optionName":"@helpText","value":""},{"declaredType":"com.ibm.bpmsdk.model.coach.ConfigData","id":"1e49ac5a-fe2b-4f8b-81f6-bb033e0d2f43","optionName":"@labelVisibility","value":"SHOW"},{"declaredType":"com.ibm.bpmsdk.model.coach.ConfigData","id":"6f5655cc-6195-4d60-8be3-ff0abb9ebaa3","optionName":"clientRepVsibility","value":"None"}],"viewUUID":"64.3d58a3eb-c1ca-4434-860b-c81f20004ddc","declaredType":"com.ibm.bpmsdk.model.coach.ViewRef","id":"4dd63c30-e2e6-4f1d-8f0d-81c04231f5df","version":"8550"},{"contentBoxContrib":[{"contributions":[{"layoutItemId":"Output_Text1","configData":[{"declaredType":"com.ibm.bpmsdk.model.coach.ConfigData","id":"522199e7-42eb-47b0-8f1c-70df2d164a21","optionName":"labelWeightNormal","value":"true"},{"valueType":"static","declaredType":"com.ibm.bpmsdk.model.coach.ConfigData","id":"a79f23eb-cc08-428d-85d2-a75cbe3e7b6f","optionName":"@label","value":"Your document has been submitted successfully. "},{"declaredType":"com.ibm.bpmsdk.model.coach.ConfigData","id":"bfde3d88-ca17-4997-82e2-144e6bfe7be6","optionName":"@helpText","value":""},{"declaredType":"com.ibm.bpmsdk.model.coach.ConfigData","id":"e2c243b7-400c-4392-8b58-c2735574831c","optionName":"@labelVisibility","value":"SHOW"},{"declaredType":"com.ibm.bpmsdk.model.coach.ConfigData","id":"91e0db3d-d8f2-4a31-8ebd-1a0f4b1d1bba","optionName":"sizeStyle","value":"{\"isResponsiveData\":true,\"values\":[{\"deviceConfigID\":\"LargeID\",\"value\":\"L\"}]}"}],"viewUUID":"64.f634f22e-7800-4bd7-9f1e-87177acfb3bc","declaredType":"com.ibm.bpmsdk.model.coach.ViewRef","id":"cc7c2a04-e53a-4e32-896d-9080c8889a89","version":"8550"},{"layoutItemId":"Output_Text2","configData":[{"declaredType":"com.ibm.bpmsdk.model.coach.ConfigData","id":"4d899559-d119-43b1-8a07-5fed93a4b251","optionName":"labelWeightNormal","value":"true"},{"valueType":"static","declaredType":"com.ibm.bpmsdk.model.coach.ConfigData","id":"279d21bc-e408-40a0-8869-0cb7138da6df","optionName":"@label","value":"You can now upload another document or close this window if your document submission is complete."},{"declaredType":"com.ibm.bpmsdk.model.coach.ConfigData","id":"bca3e46e-d4a9-44f7-8cbe-4449d957ac82","optionName":"@helpText","value":""},{"declaredType":"com.ibm.bpmsdk.model.coach.ConfigData","id":"16956506-2b51-4dc9-88e6-e4eab3d13fa0","optionName":"@labelVisibility","value":"SHOW"},{"declaredType":"com.ibm.bpmsdk.model.coach.ConfigData","id":"2c5a2caa-34b3-46d0-86cf-45fcca16cc30","optionName":"sizeStyle","value":"{\"isResponsiveData\":true,\"values\":[{\"deviceConfigID\":\"LargeID\",\"value\":\"L\"}]}"}],"viewUUID":"64.f634f22e-7800-4bd7-9f1e-87177acfb3bc","declaredType":"com.ibm.bpmsdk.model.coach.ViewRef","id":"8d375526-796c-4a07-82a4-964d5d99edec","version":"8550"}],"contentBoxId":"ContentBox1","declaredType":"com.ibm.bpmsdk.model.coach.ContentBoxContrib","id":"65bf9157-ea82-4db4-8e88-afa351b03fcb"}],"layoutItemId":"Vertical_Layout1","configData":[{"declaredType":"com.ibm.bpmsdk.model.coach.ConfigData","id":"76b76072-92f5-42fc-8e30-a6140ad0a2ec","optionName":"@label","value":"Vertical layout"},{"declaredType":"com.ibm.bpmsdk.model.coach.ConfigData","id":"20d2841a-e970-429c-827a-c717b08c0c37","optionName":"@helpText","value":""},{"declaredType":"com.ibm.bpmsdk.model.coach.ConfigData","id":"5b6e5753-27aa-4d98-8491-c9300b33c190","optionName":"@labelVisibility","value":"SHOW"},{"declaredType":"com.ibm.bpmsdk.model.coach.ConfigData","id":"c7a78355-fb0a-4fea-8698-dcb49e988006","optionName":"@margin","value":"{\"isResponsiveData\":true,\"values\":[{\"deviceConfigID\":\"LargeID\",\"value\":\"20px 0 0 0\"}]}"}],"viewUUID":"64.ef447b87-24a2-42a7-b2b9-cd471e9f7b67","declaredType":"com.ibm.bpmsdk.model.coach.ViewRef","id":"7ffc8499-0cc3-4501-85b5-a14d9a479286","version":"8550"},{"contentBoxContrib":[{"contributions":[{"layoutItemId":"Button1","configData":[{"valueType":"static","declaredType":"com.ibm.bpmsdk.model.coach.ConfigData","id":"c466df78-c15f-4252-8796-1ce5c61244e1","optionName":"@label","value":"Upload Another Document"},{"declaredType":"com.ibm.bpmsdk.model.coach.ConfigData","id":"4fc7b7fc-9517-4e39-8dd0-858e38b62360","optionName":"@helpText","value":""},{"declaredType":"com.ibm.bpmsdk.model.coach.ConfigData","id":"92d5196f-269c-4b19-8688-12e58c5ac4d8","optionName":"@labelVisibility","value":"SHOW"},{"valueType":"static","declaredType":"com.ibm.bpmsdk.model.coach.ConfigData","id":"e87e4459-2c27-4ce5-82ac-b62d3435c795","optionName":"icon","value":"ci-document-blank"},{"valueType":"static","declaredType":"com.ibm.bpmsdk.model.coach.ConfigData","id":"8d679ad7-ea60-4aa6-833c-43e89e61e7ce","optionName":"colorStyle","value":"P"},{"valueType":"static","declaredType":"com.ibm.bpmsdk.model.coach.ConfigData","id":"d859b9a9-9a2e-45c2-8291-df21ca29db05","optionName":"preventMultipleClicks","value":"false"},{"valueType":"static","declaredType":"com.ibm.bpmsdk.model.coach.ConfigData","id":"2d1b866b-aeef-4a93-8f0a-8879f85b97d3","optionName":"shapeStyle","value":"D"},{"declaredType":"com.ibm.bpmsdk.model.coach.ConfigData","id":"ff1b5970-d32a-41a8-863e-1c147c5d0512","optionName":"sizeStyle","value":"{\"isResponsiveData\":true,\"values\":[{\"deviceConfigID\":\"LargeID\",\"value\":\"D\"}]}"},{"valueType":"static","declaredType":"com.ibm.bpmsdk.model.coach.ConfigData","id":"7987ee47-da5c-45bf-8c61-1a1f3ebdde91","optionName":"outline","value":"false"},{"declaredType":"com.ibm.bpmsdk.model.coach.ConfigData","id":"63a057e2-6d6c-4460-8222-0a39d9bfb34d","optionName":"width","value":"{\"isResponsiveData\":true,\"values\":[{\"deviceConfigID\":\"LargeID\",\"value\":\"265px\"}]}"},{"declaredType":"com.ibm.bpmsdk.model.coach.ConfigData","id":"162395bb-6c0a-4747-8ede-42a95801d435","optionName":"iconLocation","value":"{\"isResponsiveData\":true,\"values\":[{\"deviceConfigID\":\"LargeID\",\"value\":\"L\"}]}"}],"viewUUID":"64.7133c7d4-1a54-45c8-89cd-a8e8fa4a8e36","declaredType":"com.ibm.bpmsdk.model.coach.ViewRef","id":"e4d31e30-cf6b-4c28-8473-84ff2c723b6e","version":"8550"}],"contentBoxId":"ContentBox1","declaredType":"com.ibm.bpmsdk.model.coach.ContentBoxContrib","id":"82480191-d0c4-45bd-822f-d36103f24862"}],"layoutItemId":"Horizontal_Layout1","configData":[{"declaredType":"com.ibm.bpmsdk.model.coach.ConfigData","id":"f9adb87c-0426-41d7-8eec-e4c68b29d223","optionName":"@label","value":"Horizontal layout"},{"declaredType":"com.ibm.bpmsdk.model.coach.ConfigData","id":"6236d6ef-95cb-4cf9-8030-eb4f360689e7","optionName":"@helpText","value":""},{"declaredType":"com.ibm.bpmsdk.model.coach.ConfigData","id":"e32be90a-13e5-438d-8e03-eefd58e5238a","optionName":"@labelVisibility","value":"SHOW"},{"declaredType":"com.ibm.bpmsdk.model.coach.ConfigData","id":"d3321f36-42f9-4921-8ac7-c9367c9a4669","optionName":"hAlignment","value":"{\"isResponsiveData\":true,\"values\":[{\"deviceConfigID\":\"LargeID\",\"value\":\"L\"}]}"}],"viewUUID":"64.44f463cc-615b-43d0-834f-c398a82e0363","declaredType":"com.ibm.bpmsdk.model.coach.ViewRef","id":"31bdf1bf-213c-4168-81a5-ef8216128fcd","version":"8550"}]},"declaredType":"com.ibm.bpmsdk.model.coach.TCoachDefinition"}},"commonLayoutArea":0,"name":"Confirmation","isForCompensation":false,"completionQuantity":1,"id":"2025.18d560c3-ba14-4610-805b-d8c5fdb9fd0f"},{"targetRef":"2025.18d560c3-ba14-4610-805b-d8c5fdb9fd0f","extensionElements":{"linkVisualInfo":[{"sourcePortLocation":"rightCenter","showCoachControlLabel":true,"labelPosition":0.0,"targetPortLocation":"leftCenter","declaredType":"TLinkVisualInfo","saveExecutionContext":false,"showLabel":false}]},"name":"To Confirmation","declaredType":"sequenceFlow","id":"2027.30a3f41a-211a-45d8-8b20-dd75d3028eb2","sourceRef":"2025.0faaeff2-8758-4cab-8d36-be0bb9bda167"},{"targetRef":"2025.e8237b29-0384-4c83-8b30-e16137e606de","extensionElements":{"coachEventBinding":[{"declaredType":"com.ibm.bpmsdk.model.bpmn20.ibmext.TCoachEventBinding","id":"29293993-761a-46d3-8c73-32e6dc43990c","coachEventPath":"Button1"}],"sequenceFlowImplementation":[{"fireValidation":"Never","sboSyncEnabled":true,"declaredType":"com.ibm.bpmsdk.model.bpmn20.ibmext.TSequenceFlowImplementation"}],"linkVisualInfo":[{"sourcePortLocation":"rightCenter","showCoachControlLabel":true,"labelPosition":0.0,"targetPortLocation":"leftCenter","declaredType":"TLinkVisualInfo","saveExecutionContext":true,"showLabel":false}]},"name":"To End","declaredType":"sequenceFlow","id":"2027.501658d4-de67-49c2-867c-6cb036cec67d","sourceRef":"2025.18d560c3-ba14-4610-805b-d8c5fdb9fd0f"},{"incoming":["2027.501658d4-de67-49c2-867c-6cb036cec67d"],"extensionElements":{"nodeVisualInfo":[{"width":24,"x":1184,"y":198,"declaredType":"TNodeVisualInfo","height":44}],"navigationInstructions":[{"targetType":"Default","declaredType":"com.ibm.bpmsdk.model.bpmn20.ibmext.TNavigationInstructions"}]},"name":"End","declaredType":"endEvent","id":"2025.e8237b29-0384-4c83-8b30-e16137e606de"}],"htmlHeaderTag":[{"declaredType":"com.ibm.bpmsdk.model.bpmn20.ibmext.THtmlHeaderTag","id":"295a306c-ade7-49d2-b0e6-fd7b5ec9e568","tagName":"viewport","content":"width=device-width,initial-scale=1.0","enabled":true}],"isClosed":false,"declaredType":"com.ibm.bpmsdk.model.bpmn20.ibmext.TUserTaskImplementation","id":"0b33cfcf-167d-4b70-a6e4-650f253797ad","processType":"None"}],"exposedAs":["NotExposed"]},"implementation":"##unspecified","documentation":[{"textFormat":"text/plain"}],"name":"Client Onboarding Document Upload","declaredType":"globalUserTask","id":"1.2b16c93c-2ad3-41a4-b65d-cfceac21e1f6","ioSpecification":{"inputSet":[{"id":"_85977d05-116e-4faf-a817-ad20ebab53df"}],"outputSet":[{"id":"_796ab5f9-7207-4750-9021-1f803ec78194"}]}}],"targetNamespace":"","typeLanguage":"http://www.w3.org/2001/XMLSchema","expressionLanguage":"http://www.ibm.com/xmlns/prod/bpm/expression-lang/javascript","id":"62f6fb37-9d3a-4328-9c54-36afb5a4a928"}},"status":"200"}