{"data":{"html":["\t    \n<!DOCTYPE html>\n<html lang=","$$IBM_BPM_COACH_HTML_LOCALE_TAG$$",">\n\n<head>\n<meta charset=\"utf-8\" \/>\n<meta name=\"generator\" content=\"{'product':'IBM Business Process Manager V8.6.3.21030 - 20220221_0413 - BPM8600-20220221-020651','coachDetails':{'project':'Client Onboarding Document Upload (CODU)','humanService':'Client Onboarding Document Upload','coach':'null'}}\" \/>\n<meta http-equiv=\"X-UA-Compatible\" content=\"IE=11; IE=10; IE=9; IE=8\" \/>\n<style>\n[ng\\:cloak],[ng-cloak],[data-ng-cloak],[x-ng-cloak],.ng-cloak,.x-ng-cloak,.ng-hide:not(.ng-hide-animate){\n\tdisplay:none !important;\n}\n<\/style>\n<script>\n\n\tvar com_ibm_bpm_coach = {};\t\n\tcom_ibm_bpm_coach.isDebug = ","$$IBM_BPM_COACH_IS_DEBUG_TAG$$",";\n\t\t\t\t\t\n\tcom_ibm_bpm_coach.debug = \"\";\n\tif (com_ibm_bpm_coach.isDebug) \n\t   com_ibm_bpm_coach.debug = \"_debug\";\n\t\n\tif (com_ibm_bpm_coach.isDebug) {\n\t\tif (typeof console != \"undefined\" && console != null && typeof console.info != \"undefined\") {\n\t\t\tconsole.info('Performance: ' + (new Date()).getTime() + ' -- Coach page starts');\n\t\t}\n\t}\n\t\n\tcom_ibm_bpm_coach.assetType_WEB = \"W\";\n\tcom_ibm_bpm_coach.assetType_SERVER = \"J\";\n\tcom_ibm_bpm_coach.assetType_DESIGN = \"D\";\n\tcom_ibm_bpm_coach.currentprojectsnapshot = \"2064.4a56e60f-f9e9-4ea8-9fe9-c40691a4a564\";\n\tcom_ibm_bpm_coach.projectsnapshot = {\"CODU\":\"2064.4a56e60f-f9e9-4ea8-9fe9-c40691a4a564\",\"TWSYS\":\"2064.1080ded6-d153-4654-947c-2d16fce170db\",\"SYSBPMUI\":\"2064.304ac881-16c3-47d2-97d5-6e4c4a893177\",\"COTK\":\"2064.2ef830bd-6425-4a87-abf0-3cc4c733df4a\"};\n\tcom_ibm_bpm_coach.projectsnapshotNames = {\"CODU\":\"v1.3\",\"TWSYS\":\"8.6.0.0_TC\",\"SYSBPMUI\":\"8.6.0.0\",\"COTK\":\"v0.2.5\"};\n\tcom_ibm_bpm_coach.getManagedAssetUrl = function(assetName, assetType, projectShortName, returnWithoutAssetName, additionalPath, addBuildNumberParameter) {\n\t\tvar paSnapshotId = com_ibm_bpm_coach.currentprojectsnapshot;\n\t\tif (!!projectShortName) {\n\t\t\t\/\/Backward compatibility for the SYSBPMUI toolkit, since the short name changed from SPARK15\n\t\t\tif (projectShortName === 'SPARK15' && !com_ibm_bpm_coach.projectsnapshotNames[\"SPARK15\"]) {\n\t\t\t\tprojectShortName = 'SYSBPMUI';\n\t\t\t}\n\t\t\tpaSnapshotId = com_ibm_bpm_coach.projectsnapshot[projectShortName];\n\t\t}\n\t\tif ((!!paSnapshotId) && ((assetType == com_ibm_bpm_coach.assetType_WEB) || (assetType == com_ibm_bpm_coach.assetType_SERVER) || (assetType == com_ibm_bpm_coach.assetType_DESIGN))) {\n\t\t\tvar result = '","$$IBM_BPM_COACH_BPM_CONTEXT_ROOT_TAG$$","\/webasset\/'+paSnapshotId+'\/'+assetType+'\/';\n\t\t\tif (!returnWithoutAssetName) {\n\t\t\t\tif(!!additionalPath) result+=assetName+additionalPath;\n\t\t\t\telse                 result+=assetName;\n\t\t\t}\n\t\t\tif (!!addBuildNumberParameter) {\n\t\t\t    if (result.indexOf(\"?\")!= -1) result+=\"&\"+dojoConfig.cacheBust;\n\t\t\t    else                          result+=\"?\"+dojoConfig.cacheBust;\n\t\t\t}\n\t\t\treturn result;\n\t\t} else {\n\t\t\treturn null;\n\t\t}\n\t};\n\t\n\t\t\n\t    \n\tvar dojoConfig = {\n\t\tbaseUrl: '.\/',\n\t\tasync: true,\n\t\tparseOnLoad: true,\n\t\tcacheBust: \"","$$IBM_BPM_COACH_CACHE_DIGEST_TAG$$","\",\n\t\tcoachEventPageVariableName: \"page\",\n\t\tisDebug: com_ibm_bpm_coach.isDebug,\n\t\tdojoIframeHistoryUrl: '","$$IBM_BPM_COACH_BPM_CSHSLIB_CONTEXT_ROOT_TAG$$","\/bpm\/teamworks\/script\/coachNG\/com\/ibm\/bpm\/coach\/resources\/iframe_history.html?","$$IBM_BPM_COACH_CACHE_DIGEST_TAG$$","',\n\t\tlocale: ","$$IBM_BPM_COACH_DOJO_LOCALE_TAG$$",",\n\t\tApp: {_bpmContextRootMap: ","$$IBM_BPM_COACH_BPM_CONTEXT_ROOT_MAP_TAG$$",", _bpmOptimizeBoundaryEvent : false, _bpmInactivityThreshold: 'null', _bpmIsSendingActivityMessages: false,\n\t\t\t     _bpmCoachInCSHS : true, _bpmCoachComplexObjDeltaFmt : '8550', _bpmLoadStandaloneCollabLayer : true, _bpmInWebAppPrefix : 'bpm\/',\n\t\t\t_bpmIsWorkflowPXServer : false\n\t\t},\n\t\tpackages: [\n\t\t\t{name: 'dojo',\n\t\t\t location: '","$$IBM_BPM_COACH_BPM_CSHSLIB_CONTEXT_ROOT_TAG$$","\/bpm\/teamworks\/script\/coachNG\/dojo\/1.10.5'+com_ibm_bpm_coach.debug+'\/dojo'},\n\t\t\t{name: 'dijit',\n\t\t\t location: '","$$IBM_BPM_COACH_BPM_CSHSLIB_CONTEXT_ROOT_TAG$$","\/bpm\/teamworks\/script\/coachNG\/dojo\/1.10.5'+com_ibm_bpm_coach.debug+'\/dijit'},\n\t\t\t{name: 'dojox',\n\t\t\t location: '","$$IBM_BPM_COACH_BPM_CSHSLIB_CONTEXT_ROOT_TAG$$","\/bpm\/teamworks\/script\/coachNG\/dojo\/1.10.5'+com_ibm_bpm_coach.debug+'\/dojox'},\n\t\t\t{name: 'org',\n\t\t\t location: '","$$IBM_BPM_COACH_BPM_CSHSLIB_CONTEXT_ROOT_TAG$$","\/bpm\/teamworks\/script\/coachNG\/dojo\/1.10.5'+com_ibm_bpm_coach.debug+'\/org'},\n\t\t\t{name: 'com.ibm.bpm.coach',\n\t\t\t location: '","$$IBM_BPM_COACH_BPM_CSHSLIB_CONTEXT_ROOT_TAG$$","\/bpm\/teamworks\/script\/coachNG\/com\/ibm\/bpm\/coach',\n\t\t\t packageMap: {dojo: \"dojo\", dijit: \"dijit\", dojox: \"dojox\"}},\n\t\t\t{name: 'coachflow',\n\t\t\t location: '","$$IBM_BPM_COACH_BPM_CSHSLIB_CONTEXT_ROOT_TAG$$","\/bpm\/bpm\/cf\/script'+com_ibm_bpm_coach.debug+'\/coachflow',\n\t\t\t packageMap: {dojo: \"dojo\", dijit: \"dijit\", dojox: \"dojox\"}},\n\t\t\t{name: 'com.ibm.bpm.coachflow.engine',\n\t\t\t location: '","$$IBM_BPM_COACH_BPM_CSHSLIB_CONTEXT_ROOT_TAG$$","\/bpm\/bpm\/cf\/script'+com_ibm_bpm_coach.debug+'\/com\/ibm\/bpm\/coachflow\/engine',\n\t\t\t packageMap: {dojo: \"dojo\", dijit: \"dijit\", dojox: \"dojox\"}},\n\t\t\t{name: 'com.ibm.bpm.social.portal.util',\n\t\t\t location: '\/bas\/portal\/js',\n\t\t\t packageMap: {dojo: \"dojo\", dijit: \"dijit\", dojox: \"dojox\"}}\n\t\t]\n\t};\n<\/script>\n\t    \n<link href='","$$IBM_BPM_COACH_BPM_CSHSLIB_CONTEXT_ROOT_TAG$$","\/bpm\/teamworks\/script\/coachNG\/com\/ibm\/bpm\/coach\/resources\/images\/favicon.ico' rel='shortcut icon' type='image\/x-icon' \/>\n<link href='","$$IBM_BPM_COACH_BPM_CSHSLIB_CONTEXT_ROOT_TAG$$","\/bpm\/teamworks\/script\/coachNG\/com\/ibm\/bpm\/coach\/resources\/images\/favicon.ico' rel='icon' type='image\/x-icon' \/>\n\n<script type='text\/javascript' src='","$$IBM_BPM_COACH_BPM_CSHSLIB_CONTEXT_ROOT_TAG$$","\/bpm\/teamworks\/script\/coachNG\/dojo\/1.10.5","$$IBM_BPM_COACH_DOJOJS_PATH_SUFFIX_TAG$$","\/dojo\/dojo.js?","$$IBM_BPM_COACH_CACHE_DIGEST_TAG$$","'><\/script>\n","<link rel='stylesheet' type='text\/css' href='bpm\/teamworks\/webasset\/2064.4a56e60f-f9e9-4ea8-9fe9-c40691a4a564\/T\/993e03e9-2574-40fc-807c-65b06be378fd.zip\/bpmCoachFmk\/less\/coach_ng_theme.css?","$$IBM_BPM_COACH_CACHE_DIGEST_TAG$$","'>","\n\n<!-- Coach view CSS started -->\n\n","<link rel='stylesheet' type='text\/css' href='bpm\/teamworks\/webasset\/2064.304ac881-16c3-47d2-97d5-6e4c4a893177\/W\/BPMExt-Style.zip\/bpmUI.css?type=less&snapShotID=2064.4a56e60f-f9e9-4ea8-9fe9-c40691a4a564&themeID=993e03e9-2574-40fc-807c-65b06be378fd&","$$IBM_BPM_COACH_CACHE_DIGEST_TAG$$","'>\n","\n<style type=\"text\/css\">\n\t\t\t    .div_1_style{\n      \t\t\t\tmargin:-6px 0 0 0\n\t\t\t      }\n\t\t\t    \n\t\t\t    .div_2_style{\n      \t\t\t\tmargin:-8px 0 0 0\n\t\t\t      }\n\t\t\t    \n\t\t\t    .Vertical_Layout1{\n      \t\t\t\tmargin:20px 0 0 0\n\t\t\t      }\n\t\t\t    \n\t\t\t    .div_3_style{\n      \t\t\t\tmargin:0 0 -12px 0\n\t\t\t      }\n\t\t\t    \n.header {\n\tborder-bottom: #dcdcdc 3px solid;\n\tposition: relative;\n}\n\n.persona {\n\tposition: absolute;\n\tright: 5px;\n\ttop: 0px;\n}\n\n.personaLabel {\n\tmargin-left: 9px !important;\n}\n<\/style>\n<script type=\"text\/javascript\">\nvar initFunc = function (){\n\t    \nrequire([\"bpm\/teamworks\/webasset\/2064.304ac881-16c3-47d2-97d5-6e4c4a893177\/W\/BPMExt-Core.zip\/BPMExt-Core.js\",\"bpm\/teamworks\/webasset\/2064.304ac881-16c3-47d2-97d5-6e4c4a893177\/W\/BPMExt-Loaders.min.js\"], function() {\n\n\tdefine(\"com.ibm.bpm.coach.Snapshot_2ef830bd_6425_4a87_abf0_3cc4c733df4a.Header\", [\"com.ibm.bpm.coach\/engine\", \"com.ibm.bpm.coach\/CoachView\", \"require\"], function(engine, CoachView, require) {\n\t\tvar subclass = function (context, element, binding, options, readOnly) {\n\t\t\tCoachView.apply(this, [context, element, binding, options, readOnly]);\n\t\t    \t\n      }; \/\/ subclass\n      subclass.prototype = new CoachView;\n\t  subclass.prototype.constructor = subclass;\n\t  \t  \n\t  engine.GlobalAssets.scopeClasses[\"com.ibm.bpm.coach.Snapshot_2ef830bd_6425_4a87_abf0_3cc4c733df4a.Header\"] = subclass;\t\t\n\t  return subclass;\n\t});     \n\tdefine(\"com.ibm.bpm.coach.Snapshot_304ac881_16c3_47d2_97d5_6e4c4a893177.Horizontal_Layout\", [\"com.ibm.bpm.coach\/engine\", \"com.ibm.bpm.coach\/CoachView\", \"require\",\"dojo\/dom-class\",\"dojo\/dom-attr\",\"dojo\/dom-construct\",\"com.ibm.bpm.coach.utils\/utilities\"], function(engine, CoachView, require,domClass,domAttr,domConstruct,utilities) {\n\t\tvar subclass = function (context, element, binding, options, readOnly) {\n\t\t\tCoachView.apply(this, [context, element, binding, options, readOnly]);\n\t\t        var path = (dojoConfig.isDebug === true) ?\n \tcom_ibm_bpm_coach.getManagedAssetUrl('BPMExt-Control-Layout.js', com_ibm_bpm_coach.assetType_WEB, 'SYSBPMUI', false) :\n \tcom_ibm_bpm_coach.getManagedAssetUrl('BPMExt-Controls.min.js', com_ibm_bpm_coach.assetType_WEB, 'SYSBPMUI', false);\n \t\n \tpath = (dojoConfig.isDeveloperMode === true) ? \"UITK\/files\/BPMExt-Control-Layout.js\" : path;\n\nvar _this = this;\nrequire({async:false},[path], function() {\n\tbpmext_control_InitLayout.call(_this, utilities, bpmext, domClass, domAttr, domConstruct, \"P\");\n});\t\n      }; \/\/ subclass\n      subclass.prototype = new CoachView;\n\t  subclass.prototype.constructor = subclass;\n\t  \n\t      \n\t             subclass.prototype.load = function() {\n\t               var element = this.context.element;\n\t               var context = this.context;\n\t                       var binding = this.context.binding;\n\t               var options = this.context.options;\n\nthis.bpmEventHelper.ui.loadContainer(this);\n\t             };\n\t             subclass.prototype.unload = function() {\n\t               var element = this.context.element;\n\t               var context = this.context;\n\t                       var binding = this.context.binding;\n\t               var options = this.context.options;\n\nthis.bpmEventHelper.ui.unloadContainer(this);\n\t             };\t  \n\t  engine.GlobalAssets.scopeClasses[\"com.ibm.bpm.coach.Snapshot_304ac881_16c3_47d2_97d5_6e4c4a893177.Horizontal_Layout\"] = subclass;\t\t\n\t  return subclass;\n\t});     \n\tdefine(\"com.ibm.bpm.coach.Snapshot_304ac881_16c3_47d2_97d5_6e4c4a893177.Image\", [\"com.ibm.bpm.coach\/engine\", \"com.ibm.bpm.coach\/CoachView\", \"require\",\"dojo\/dom-class\",\"dojo\/dom-attr\",\"dojo\/dom-construct\",\"com.ibm.bpm.coach.utils\/utilities\"], function(engine, CoachView, require,domClass,domAttr,domConstruct,utilities) {\n\t\tvar subclass = function (context, element, binding, options, readOnly) {\n\t\t\tCoachView.apply(this, [context, element, binding, options, readOnly]);\n\t\t        var path = (dojoConfig.isDebug === true) ?\n \tcom_ibm_bpm_coach.getManagedAssetUrl('BPMExt-Control-Image.js', com_ibm_bpm_coach.assetType_WEB, 'SYSBPMUI', false) :\n \tcom_ibm_bpm_coach.getManagedAssetUrl('BPMExt-Controls.min.js', com_ibm_bpm_coach.assetType_WEB, 'SYSBPMUI', false);\n \t\n \tpath = (dojoConfig.isDeveloperMode === true) ? \"UITK\/files\/BPMExt-Control-Image.js\" : path;\n\nvar _this = this;\nrequire({async:false},[path], function() {\n\tbpmext_control_InitImage.call(_this, utilities, bpmext, domClass, domAttr, domConstruct);\n});\t\n      }; \/\/ subclass\n      subclass.prototype = new CoachView;\n\t  subclass.prototype.constructor = subclass;\n\t  \n\t      \n\t             subclass.prototype.load = function() {\n\t               var element = this.context.element;\n\t               var context = this.context;\n\t                       var binding = this.context.binding;\n\t               var options = this.context.options;\n\nthis.bpmEventHelper.ui.loadView(this);\n\t             };\n\t             subclass.prototype.unload = function() {\n\t               var element = this.context.element;\n\t               var context = this.context;\n\t                       var binding = this.context.binding;\n\t               var options = this.context.options;\n\nthis.bpmEventHelper.ui.unloadView(this);\n\t             };\t  \n\t  engine.GlobalAssets.scopeClasses[\"com.ibm.bpm.coach.Snapshot_304ac881_16c3_47d2_97d5_6e4c4a893177.Image\"] = subclass;\t\t\n\t  return subclass;\n\t});     \n\tdefine(\"com.ibm.bpm.coach.Snapshot_304ac881_16c3_47d2_97d5_6e4c4a893177.Output_Text\", [\"com.ibm.bpm.coach\/engine\", \"com.ibm.bpm.coach\/CoachView\", \"require\",\"dojo\/dom-class\",\"dojo\/dom-attr\",\"dojo\/dom-construct\",\"com.ibm.bpm.coach.utils\/utilities\"], function(engine, CoachView, require,domClass,domAttr,domConstruct,utilities) {\n\t\tvar subclass = function (context, element, binding, options, readOnly) {\n\t\t\tCoachView.apply(this, [context, element, binding, options, readOnly]);\n\t\t        var path = (dojoConfig.isDebug === true) ?\n \tcom_ibm_bpm_coach.getManagedAssetUrl('BPMExt-Control-OutputText.js', com_ibm_bpm_coach.assetType_WEB, 'SYSBPMUI', false) :\n \tcom_ibm_bpm_coach.getManagedAssetUrl('BPMExt-Controls.min.js', com_ibm_bpm_coach.assetType_WEB, 'SYSBPMUI', false);\n \t\n \tpath = (dojoConfig.isDeveloperMode === true) ? \"UITK\/files\/BPMExt-Control-OutputText.js\" : path;\n\nvar _this = this;\nrequire({async:false},[path], function() {\n\tbpmext_control_InitOutputText.call(_this, bpmext, utilities, domClass, domAttr, domConstruct);\n});\t\n      }; \/\/ subclass\n      subclass.prototype = new CoachView;\n\t  subclass.prototype.constructor = subclass;\n\t  \n\t      \n\t             subclass.prototype.load = function() {\n\t               var element = this.context.element;\n\t               var context = this.context;\n\t                       var binding = this.context.binding;\n\t               var options = this.context.options;\n\nthis.bpmEventHelper.ui.loadView(this);\n\t             };\n\t             subclass.prototype.unload = function() {\n\t               var element = this.context.element;\n\t               var context = this.context;\n\t                       var binding = this.context.binding;\n\t               var options = this.context.options;\n\nthis.bpmEventHelper.ui.unloadView(this);\n\t             };\t  \n\t  engine.GlobalAssets.scopeClasses[\"com.ibm.bpm.coach.Snapshot_304ac881_16c3_47d2_97d5_6e4c4a893177.Output_Text\"] = subclass;\t\t\n\t  return subclass;\n\t});     \n\tdefine(\"com.ibm.bpm.coach.Snapshot_304ac881_16c3_47d2_97d5_6e4c4a893177.Vertical_Layout\", [\"com.ibm.bpm.coach\/engine\", \"com.ibm.bpm.coach\/CoachView\", \"require\",\"dojo\/dom-class\",\"dojo\/dom-attr\",\"dojo\/dom-construct\",\"com.ibm.bpm.coach.utils\/utilities\"], function(engine, CoachView, require,domClass,domAttr,domConstruct,utilities) {\n\t\tvar subclass = function (context, element, binding, options, readOnly) {\n\t\t\tCoachView.apply(this, [context, element, binding, options, readOnly]);\n\t\t        var path = (dojoConfig.isDebug === true) ?\n \tcom_ibm_bpm_coach.getManagedAssetUrl('BPMExt-Control-Layout.js', com_ibm_bpm_coach.assetType_WEB, 'SYSBPMUI', false) :\n \tcom_ibm_bpm_coach.getManagedAssetUrl('BPMExt-Controls.min.js', com_ibm_bpm_coach.assetType_WEB, 'SYSBPMUI', false);\n \t\n \tpath = (dojoConfig.isDeveloperMode === true) ? \"UITK\/files\/BPMExt-Control-Layout.js\" : path;\n\nvar _this = this;\nrequire({async:false},[path], function() {\n\tbpmext_control_InitLayout.call(_this, utilities, bpmext, domClass, domAttr, domConstruct, \"V\");\n});\t\n      }; \/\/ subclass\n      subclass.prototype = new CoachView;\n\t  subclass.prototype.constructor = subclass;\n\t  \n\t      \n\t             subclass.prototype.load = function() {\n\t               var element = this.context.element;\n\t               var context = this.context;\n\t                       var binding = this.context.binding;\n\t               var options = this.context.options;\n\nthis.bpmEventHelper.ui.loadContainer(this);\n\t             };\n\t             subclass.prototype.unload = function() {\n\t               var element = this.context.element;\n\t               var context = this.context;\n\t                       var binding = this.context.binding;\n\t               var options = this.context.options;\n\nthis.bpmEventHelper.ui.unloadContainer(this);\n\t             };\t  \n\t  engine.GlobalAssets.scopeClasses[\"com.ibm.bpm.coach.Snapshot_304ac881_16c3_47d2_97d5_6e4c4a893177.Vertical_Layout\"] = subclass;\t\t\n\t  return subclass;\n\t});     \n\tdefine(\"com.ibm.bpm.coach.Snapshot_304ac881_16c3_47d2_97d5_6e4c4a893177.Button\", [\"com.ibm.bpm.coach\/engine\", \"com.ibm.bpm.coach\/CoachView\", \"require\",\"dojo\/dom-class\",\"dojo\/dom-attr\",\"dojo\/dom-construct\",\"com.ibm.bpm.coach.utils\/utilities\",\"com.ibm.bpm.bpmui.lib.fastclick\/main\"], function(engine, CoachView, require,domClass,domAttr,domConstruct,utilities,fastclick) {\n\t\tvar subclass = function (context, element, binding, options, readOnly) {\n\t\t\tCoachView.apply(this, [context, element, binding, options, readOnly]);\n\t\t        var path = (dojoConfig.isDebug === true) ?\n \tcom_ibm_bpm_coach.getManagedAssetUrl('BPMExt-Control-Button.js', com_ibm_bpm_coach.assetType_WEB, 'SYSBPMUI', false) :\n \tcom_ibm_bpm_coach.getManagedAssetUrl('BPMExt-Controls.min.js', com_ibm_bpm_coach.assetType_WEB, 'SYSBPMUI', false);\n \t\n \tpath = (dojoConfig.isDeveloperMode === true) ? \"UITK\/files\/BPMExt-Control-Button.js\" : path;\n\nvar _this = this;\nrequire({async:false},[path], function() {\n\tbpmext_control_InitButton.call(_this, utilities, bpmext, domClass, domAttr, domConstruct, fastclick);\n});\t\n      }; \/\/ subclass\n      subclass.prototype = new CoachView;\n\t  subclass.prototype.constructor = subclass;\n\t  \n\t      \n\t             subclass.prototype.load = function() {\n\t               var element = this.context.element;\n\t               var context = this.context;\n\t                       var binding = this.context.binding;\n\t               var options = this.context.options;\n\nthis.bpmEventHelper.ui.loadView(this);\n\t             };\n\t             subclass.prototype.unload = function() {\n\t               var element = this.context.element;\n\t               var context = this.context;\n\t                       var binding = this.context.binding;\n\t               var options = this.context.options;\n\nthis.bpmEventHelper.ui.unloadView(this);\n\t             };\t  \n\t  engine.GlobalAssets.scopeClasses[\"com.ibm.bpm.coach.Snapshot_304ac881_16c3_47d2_97d5_6e4c4a893177.Button\"] = subclass;\t\t\n\t  return subclass;\n\t});     \n\trequire([\"dojo\/ready\",\"dojo\/_base\/config\",\"dojo\/parser\",\"com.ibm.bpm.coach\/engine\",\"com.ibm.bpm.coach\/controller\",\"com.ibm.bpm.coach\/CoachLoaderConstants\",\"com.ibm.bpm.coach\/disableBack\",\"com.ibm.bpm.coach\/logger\",\"com.ibm.bpm.coach.Snapshot_2ef830bd_6425_4a87_abf0_3cc4c733df4a.Header\",\"com.ibm.bpm.coach.Snapshot_304ac881_16c3_47d2_97d5_6e4c4a893177.Horizontal_Layout\",\"com.ibm.bpm.coach.Snapshot_304ac881_16c3_47d2_97d5_6e4c4a893177.Image\",\"com.ibm.bpm.coach.Snapshot_304ac881_16c3_47d2_97d5_6e4c4a893177.Output_Text\",\"com.ibm.bpm.coach.Snapshot_304ac881_16c3_47d2_97d5_6e4c4a893177.Vertical_Layout\",\"com.ibm.bpm.coach.Snapshot_304ac881_16c3_47d2_97d5_6e4c4a893177.Button\"], \n\tfunction(ready, dojoConfig, parser, engine, controller, CoachLoaderConstants, disableBack, logger) {\n\t\n\t\tengine.initData = function() {\n\t\t\n\t\t      this.dataStructures = {defaults: null, templates: null};\n\t\t      \t    \n      \t\t  \n\t\t\t  this.local = {};\n      \t\t  this.system = {user_loginName:\"\",user_localeLanguage:\"\",user_localeCountry:\"\",user_fullName:\"\",user_id:\"\",baseTextDirection:\"\",taskId:\"\",instanceId:\"\",snapshotId:\"\",runtimeRootSnapshotId:\"\",paShortName:\"\",paId:\"\",caseFolderId:\"\",caseFolderServerName:\"\",parentActivityId:\"\",parentCaseId:\"\",parentCaseServerName:\"\",parentCase:{parentActivityId:\"\",caseId:\"\",caseServerId:\"\"},startingDocumentId:\"\",enablingDocumentId:\"\",currentPageInfo:{name:\"\",id:\"\"},settings:{TimerCoachViewEnabled:true,TimerCoachViewRefreshInterval:-1,MinimumCoachViewRefreshInterval:10,_NotificationWebMessagingEnabled:true},context:{callerModelId:\"\",callerModelSnapshotId:\"\",callerModelBranchId:\"\",callerTaskId:\"\",callerProcessId:\"\"}};\n      \t\t  this.team = {member: null, manager: null};\n      \t\t  this.epv = null;\n      \t\t  this.resource = {};\n              this.systemData = {zComponentId : \"null\",\n\t\t\t\t\t\t\t\t zComponentName : \"CoachNG\",\n\t\t\t\t\t\t\t\t zTaskId : \"null\",\n\t\t\t\t\t\t\t\t applicationId :\t\"null\",\n\t\t\t\t\t\t\t\t applicationInstanceId : \"null\",\n\t\t\t\t\t\t\t\t zWorkflowState : \"3\",\n\t\t\t\t\t\t\t\t zDbg : \"null\",\n  \t    \t\t\t\t\t\t boundaryEventInformation : [\n\t\t\t\t\t\t\t\t ],\n\t\t\t\t\t\t\t\t validateBoundaryEventInformation : [\n  \t    \t\t\t\t\t\t ]\n              }\n              this.boundaryEventData = {\"Button1\":\"boundaryEvent_4\",\"Header1\/Image1\":\"boundaryEvent_1\",\"Header1\/Image2\":\"boundaryEvent_3\",\"Header1\/Image3\":\"boundaryEvent_2\"}\n\n      \t\t  this.deviceSpecific = {\n              deviceNames: [\"large\",\"medium\",\"small\"],\n              deviceDetails: {\n                  \"large\": {\n                       width: \"1280px\",\n                       height: \"800px\",\n                       isOrientationAware: false\n                   },\n                  \"medium\": {\n                       width: \"768px\",\n                       height: \"1024px\",\n                       isOrientationAware: false\n                   },\n                  \"small\": {\n                       width: \"480px\",\n                       height: \"640px\",\n                       isOrientationAware: false\n                   }\n\t\t\t    },\n\t\t\t\tstyleNames: [\"width\",\"height\",\"minWidth\",\"minHeight\",\"padding\",\"margin\",\"overflow\"],\n\t\t\t\tmetadataNames: [\"visibility\"],\n\t\t\t\tspecificData: {\n\n\t\t\t\t\t\"Header1\/Horizontal_Layout1\":{\n\t\t\t\t        styles: [\n\t\t\t            { \/\/L\n\t\t    \t          p:[,,,,,\"0 0 -12px 0\",]\n\t\t        \t    }\n\t\t\t         ],\n\t\t\t           optionNames: [\"hAlignment\"],\n\t\t\t\t        options: [\n\t\t\t            { \/\/L\n\t\t    \t          p:[\"L\"]\n\t\t        \t    }\n\t\t\t         ],\n\t\t\t\t\t}\n\n,\n\t\t\t\t\t\"Header1\/Horizontal_Layout1\/Image1\":{\n\t\t\t           optionNames: [\"width\",\"height\"],\n\t\t\t\t        options: [\n\t\t\t            { \/\/L\n\t\t    \t          p:[\"50px\",\"50px\"]\n\t\t        \t    }\n\t\t\t         ],\n\t\t\t\t\t}\n,\n\t\t\t\t\t\"Header1\/Horizontal_Layout1\/Output_Text1\":{\n\t\t\t           optionNames: [\"sizeStyle\"],\n\t\t\t\t        options: [\n\t\t\t            { \/\/L\n\t\t    \t          p:[\"X\"]\n\t\t        \t    }\n\t\t\t         ],\n\t\t\t\t\t}\n,\n\t\t\t\t\t\"Header1\/Horizontal_Layout1\/Vertical_Layout2\":{\n\t\t\t           optionNames: [\"layoutFlow\",\"hAlignment\"],\n\t\t\t\t        options: [\n\t\t\t            { \/\/L\n\t\t    \t          p:[\"Y\",\"C\"]\n\t\t        \t    }\n\t\t\t         ],\n\t\t\t\t\t}\n\n,\n\t\t\t\t\t\"Header1\/Horizontal_Layout1\/Vertical_Layout2\/Image3\":{\n\t\t\t           optionNames: [\"width\",\"height\"],\n\t\t\t\t        options: [\n\t\t\t            { \/\/L\n\t\t    \t          p:[\"50px\",\"50px\"]\n\t\t        \t    }\n\t\t\t         ],\n\t\t\t\t\t}\n,\n\t\t\t\t\t\"Header1\/Horizontal_Layout1\/Vertical_Layout2\/Output_Text3\":{\n\t\t\t\t        styles: [\n\t\t\t            { \/\/L\n\t\t    \t          p:[,,,,,\"-8px 0 0 0\",]\n\t\t        \t    }\n\t\t\t         ]\n\t\t\t\t\t}\n,\n\t\t\t\t\t\"Header1\/Horizontal_Layout1\/Vertical_Layout1\":{\n\t\t\t           optionNames: [\"layoutFlow\",\"hAlignment\"],\n\t\t\t\t        options: [\n\t\t\t            { \/\/L\n\t\t    \t          p:[\"Y\",\"C\"]\n\t\t        \t    }\n\t\t\t         ],\n\t\t\t\t\t}\n\n,\n\t\t\t\t\t\"Header1\/Horizontal_Layout1\/Vertical_Layout1\/Image2\":{\n\t\t\t           optionNames: [\"width\",\"height\"],\n\t\t\t\t        options: [\n\t\t\t            { \/\/L\n\t\t    \t          p:[\"50px\",\"50px\"]\n\t\t        \t    }\n\t\t\t         ],\n\t\t\t\t\t}\n,\n\t\t\t\t\t\"Header1\/Horizontal_Layout1\/Vertical_Layout1\/Output_Text2\":{\n\t\t\t\t        styles: [\n\t\t\t            { \/\/L\n\t\t    \t          p:[,,,,,\"-6px 0 0 0\",]\n\t\t        \t    }\n\t\t\t         ],\n\t\t\t           optionNames: [\"sizeStyle\"],\n\t\t\t\t        options: [\n\t\t\t            { \/\/L\n\t\t    \t          p:[\"S\"]\n\t\t        \t    }\n\t\t\t         ],\n\t\t\t\t\t},\n\t\t\t\t\t\"Vertical_Layout1\":{\n\t\t\t\t        styles: [\n\t\t\t            { \/\/L\n\t\t    \t          p:[,,,,,\"20px 0 0 0\",]\n\t\t        \t    }\n\t\t\t         ]\n\t\t\t\t\t}\n\n,\n\t\t\t\t\t\"Vertical_Layout1\/Output_Text1\":{\n\t\t\t           optionNames: [\"sizeStyle\"],\n\t\t\t\t        options: [\n\t\t\t            { \/\/L\n\t\t    \t          p:[\"L\"]\n\t\t        \t    }\n\t\t\t         ],\n\t\t\t\t\t}\n,\n\t\t\t\t\t\"Vertical_Layout1\/Output_Text2\":{\n\t\t\t           optionNames: [\"sizeStyle\"],\n\t\t\t\t        options: [\n\t\t\t            { \/\/L\n\t\t    \t          p:[\"L\"]\n\t\t        \t    }\n\t\t\t         ],\n\t\t\t\t\t},\n\t\t\t\t\t\"Horizontal_Layout1\":{\n\t\t\t           optionNames: [\"hAlignment\"],\n\t\t\t\t        options: [\n\t\t\t            { \/\/L\n\t\t    \t          p:[\"L\"]\n\t\t        \t    }\n\t\t\t         ],\n\t\t\t\t\t}\n\n,\n\t\t\t\t\t\"Horizontal_Layout1\/Button1\":{\n\t\t\t           optionNames: [\"sizeStyle\",\"width\",\"iconLocation\"],\n\t\t\t\t        options: [\n\t\t\t            { \/\/L\n\t\t    \t          p:[\"D\",\"265px\",\"L\"]\n\t\t        \t    }\n\t\t\t         ],\n\t\t\t\t\t}\t\t\t\t}\n      \t\t  };\n\t\t\t\t\n\t\t}; \/\/initData\n\t\t\n\t\tengine.initConfig = function() {\n\t\t\t      \n\t  var configId = \"config1\";\n\t  this.options[configId] = {\n  \t       clientRepVsibility : engine.resolveStaticOptionValue.call(this, configId, \"clientRepVsibility\", \"None\"),\n\t\t\t      _metadata : {\n  \t       label : engine.resolveStaticOptionValue.call(this, configId, \"_metadata.label\", \"Header\"),\n  \t       visibility : engine.resolveStaticOptionValue.call(this, configId, \"_metadata.visibility\", \"DEFAULT\"),\n  \t       labelVisibility : engine.resolveStaticOptionValue.call(this, configId, \"_metadata.labelVisibility\", \"SHOW\"),\n  \t       helpText : engine.resolveStaticOptionValue.call(this, configId, \"_metadata.helpText\", \"\")\n\t\t\t      }\n\t  }\n\t        \n\t  configId = \"config2\";\n\t  this.options[configId] = { \n\t\t   hAlignment : engine.resolveDeviceSpecificOptionValue.call(this, configId, \"hAlignment\", \"Header1\/Horizontal_Layout1\"),\n\t\t\t      _metadata : {\n  \t       label : engine.resolveStaticOptionValue.call(this, configId, \"_metadata.label\", \"Horizontal layout\"),\n  \t       visibility : engine.resolveStaticOptionValue.call(this, configId, \"_metadata.visibility\", \"DEFAULT\"),\n  \t       labelVisibility : engine.resolveStaticOptionValue.call(this, configId, \"_metadata.labelVisibility\", \"SHOW\"),\n  \t       helpText : engine.resolveStaticOptionValue.call(this, configId, \"_metadata.helpText\", \"\"),\n  \t       className : engine.resolveStaticOptionValue.call(this, configId, \"_metadata.className\", \"header\")\n\t\t\t      }\n\t  }\n\t        \n\t  configId = \"config3\";\n\t  this.options[configId] = { \n\t\t   width : engine.resolveDeviceSpecificOptionValue.call(this, configId, \"width\", \"Header1\/Horizontal_Layout1\/Image1\"), \n\t\t   height : engine.resolveDeviceSpecificOptionValue.call(this, configId, \"height\", \"Header1\/Horizontal_Layout1\/Image1\"),\n\t\t\t      _metadata : {\n  \t       label : engine.resolveStaticOptionValue.call(this, configId, \"_metadata.label\", \"Image\"),\n  \t       visibility : engine.resolveStaticOptionValue.call(this, configId, \"_metadata.visibility\", \"DEFAULT\"),\n  \t       labelVisibility : engine.resolveStaticOptionValue.call(this, configId, \"_metadata.labelVisibility\", \"SHOW\"),\n  \t       helpText : engine.resolveStaticOptionValue.call(this, configId, \"_metadata.helpText\", \"\"),\n  \t       imageURL : engine.resolveStaticOptionValue.call(this, configId, \"_metadata.imageURL\", \"bpm\/teamworks\/webasset\/2064.2ef830bd-6425-4a87-abf0-3cc4c733df4a\/W\/120-FocusCorp-LogoOnly.png\")\n\t\t\t      }\n\t  }\n\t        \n\t  configId = \"config4\";\n\t  this.options[configId] = { \n\t\t   sizeStyle : engine.resolveDeviceSpecificOptionValue.call(this, configId, \"sizeStyle\", \"Header1\/Horizontal_Layout1\/Output_Text1\"),\n  \t       colorStyle : engine.resolveStaticOptionValue.call(this, configId, \"colorStyle\", \"H\"),\n  \t       labelWeightNormal : engine.resolveStaticOptionValue.call(this, configId, \"labelWeightNormal\", true),\n\t\t\t      _metadata : {\n  \t       label : engine.resolveStaticOptionValue.call(this, configId, \"_metadata.label\", \"Focus Corp\"),\n  \t       visibility : engine.resolveStaticOptionValue.call(this, configId, \"_metadata.visibility\", \"DEFAULT\"),\n  \t       labelVisibility : engine.resolveStaticOptionValue.call(this, configId, \"_metadata.labelVisibility\", \"SHOW\"),\n  \t       helpText : engine.resolveStaticOptionValue.call(this, configId, \"_metadata.helpText\", \"\")\n\t\t\t      }\n\t  }\n\t        \n\t  configId = \"config5\";\n\t  this.options[configId] = { \n\t\t   hAlignment : engine.resolveDeviceSpecificOptionValue.call(this, configId, \"hAlignment\", \"Header1\/Horizontal_Layout1\/Vertical_Layout2\"), \n\t\t   layoutFlow : engine.resolveDeviceSpecificOptionValue.call(this, configId, \"layoutFlow\", \"Header1\/Horizontal_Layout1\/Vertical_Layout2\"),\n\t\t\t      _metadata : {\n  \t       label : engine.resolveStaticOptionValue.call(this, configId, \"_metadata.label\", \"Vertical layout 2\"),\n  \t       visibility : engine.resolveStaticOptionValue.call(this, configId, \"_metadata.visibility\", \"\"),\n  \t       labelVisibility : engine.resolveStaticOptionValue.call(this, configId, \"_metadata.labelVisibility\", \"SHOW\"),\n  \t       helpText : engine.resolveStaticOptionValue.call(this, configId, \"_metadata.helpText\", \"\"),\n  \t       className : engine.resolveStaticOptionValue.call(this, configId, \"_metadata.className\", \"persona\")\n\t\t\t      }\n\t  }\n\t        \n\t  configId = \"config6\";\n\t  this.options[configId] = { \n\t\t   width : engine.resolveDeviceSpecificOptionValue.call(this, configId, \"width\", \"Header1\/Horizontal_Layout1\/Vertical_Layout2\/Image3\"), \n\t\t   height : engine.resolveDeviceSpecificOptionValue.call(this, configId, \"height\", \"Header1\/Horizontal_Layout1\/Vertical_Layout2\/Image3\"),\n\t\t\t      _metadata : {\n  \t       label : engine.resolveStaticOptionValue.call(this, configId, \"_metadata.label\", \"Image 3\"),\n  \t       visibility : engine.resolveStaticOptionValue.call(this, configId, \"_metadata.visibility\", \"DEFAULT\"),\n  \t       labelVisibility : engine.resolveStaticOptionValue.call(this, configId, \"_metadata.labelVisibility\", \"SHOW\"),\n  \t       helpText : engine.resolveStaticOptionValue.call(this, configId, \"_metadata.helpText\", \"\"),\n  \t       imageURL : engine.resolveStaticOptionValue.call(this, configId, \"_metadata.imageURL\", \"bpm\/teamworks\/webasset\/2064.2ef830bd-6425-4a87-abf0-3cc4c733df4a\/W\/client.png\")\n\t\t\t      }\n\t  }\n\t        \n\t  configId = \"config7\";\n\t  this.options[configId] = {\n  \t       labelWeightNormal : engine.resolveStaticOptionValue.call(this, configId, \"labelWeightNormal\", true),\n\t\t\t      _metadata : {\n  \t       label : engine.resolveStaticOptionValue.call(this, configId, \"_metadata.label\", \"Client\"),\n  \t       visibility : engine.resolveStaticOptionValue.call(this, configId, \"_metadata.visibility\", \"DEFAULT\"),\n  \t       labelVisibility : engine.resolveStaticOptionValue.call(this, configId, \"_metadata.labelVisibility\", \"SHOW\"),\n  \t       helpText : engine.resolveStaticOptionValue.call(this, configId, \"_metadata.helpText\", \"\"),\n  \t       className : engine.resolveStaticOptionValue.call(this, configId, \"_metadata.className\", \"personaLabel\")\n\t\t\t      }\n\t  }\n\t        \n\t  configId = \"config8\";\n\t  this.options[configId] = { \n\t\t   hAlignment : engine.resolveDeviceSpecificOptionValue.call(this, configId, \"hAlignment\", \"Header1\/Horizontal_Layout1\/Vertical_Layout1\"), \n\t\t   layoutFlow : engine.resolveDeviceSpecificOptionValue.call(this, configId, \"layoutFlow\", \"Header1\/Horizontal_Layout1\/Vertical_Layout1\"),\n\t\t\t      _metadata : {\n  \t       label : engine.resolveStaticOptionValue.call(this, configId, \"_metadata.label\", \"Vertical layout\"),\n  \t       visibility : engine.resolveOptionValue.call(this, configId, \"@visibility\", \"config.config1.clientRepVsibility\"),\n  \t       labelVisibility : engine.resolveStaticOptionValue.call(this, configId, \"_metadata.labelVisibility\", \"SHOW\"),\n  \t       helpText : engine.resolveStaticOptionValue.call(this, configId, \"_metadata.helpText\", \"\"),\n  \t       className : engine.resolveStaticOptionValue.call(this, configId, \"_metadata.className\", \"persona\")\n\t\t\t      }\n\t  }\n\t        \n\t  configId = \"config9\";\n\t  this.options[configId] = { \n\t\t   width : engine.resolveDeviceSpecificOptionValue.call(this, configId, \"width\", \"Header1\/Horizontal_Layout1\/Vertical_Layout1\/Image2\"), \n\t\t   height : engine.resolveDeviceSpecificOptionValue.call(this, configId, \"height\", \"Header1\/Horizontal_Layout1\/Vertical_Layout1\/Image2\"),\n\t\t\t      _metadata : {\n  \t       label : engine.resolveStaticOptionValue.call(this, configId, \"_metadata.label\", \"Image 2\"),\n  \t       visibility : engine.resolveStaticOptionValue.call(this, configId, \"_metadata.visibility\", \"DEFAULT\"),\n  \t       labelVisibility : engine.resolveStaticOptionValue.call(this, configId, \"_metadata.labelVisibility\", \"SHOW\"),\n  \t       helpText : engine.resolveStaticOptionValue.call(this, configId, \"_metadata.helpText\", \"\"),\n  \t       imageURL : engine.resolveStaticOptionValue.call(this, configId, \"_metadata.imageURL\", \"bpm\/teamworks\/webasset\/2064.2ef830bd-6425-4a87-abf0-3cc4c733df4a\/W\/client-rep.png\")\n\t\t\t      }\n\t  }\n\t        \n\t  configId = \"config10\";\n\t  this.options[configId] = { \n\t\t   sizeStyle : engine.resolveDeviceSpecificOptionValue.call(this, configId, \"sizeStyle\", \"Header1\/Horizontal_Layout1\/Vertical_Layout1\/Output_Text2\"),\n  \t       colorStyle : engine.resolveStaticOptionValue.call(this, configId, \"colorStyle\", \"H\"),\n  \t       labelWeightNormal : engine.resolveStaticOptionValue.call(this, configId, \"labelWeightNormal\", true),\n\t\t\t      _metadata : {\n  \t       label : engine.resolveStaticOptionValue.call(this, configId, \"_metadata.label\", \"Client Rep\"),\n  \t       visibility : engine.resolveStaticOptionValue.call(this, configId, \"_metadata.visibility\", \"DEFAULT\"),\n  \t       labelVisibility : engine.resolveStaticOptionValue.call(this, configId, \"_metadata.labelVisibility\", \"SHOW\"),\n  \t       helpText : engine.resolveStaticOptionValue.call(this, configId, \"_metadata.helpText\", \"\"),\n  \t       className : engine.resolveStaticOptionValue.call(this, configId, \"_metadata.className\", \"personaLabel\")\n\t\t\t      }\n\t  }\n\t        \n\t  configId = \"config11\";\n\t  this.options[configId] = {\n\t\t\t      _metadata : {\n  \t       label : engine.resolveStaticOptionValue.call(this, configId, \"_metadata.label\", \"Vertical layout\"),\n  \t       visibility : engine.resolveStaticOptionValue.call(this, configId, \"_metadata.visibility\", \"DEFAULT\"),\n  \t       labelVisibility : engine.resolveStaticOptionValue.call(this, configId, \"_metadata.labelVisibility\", \"SHOW\"),\n  \t       helpText : engine.resolveStaticOptionValue.call(this, configId, \"_metadata.helpText\", \"\")\n\t\t\t      }\n\t  }\n\t        \n\t  configId = \"config12\";\n\t  this.options[configId] = { \n\t\t   sizeStyle : engine.resolveDeviceSpecificOptionValue.call(this, configId, \"sizeStyle\", \"Vertical_Layout1\/Output_Text1\"),\n  \t       labelWeightNormal : engine.resolveStaticOptionValue.call(this, configId, \"labelWeightNormal\", true),\n\t\t\t      _metadata : {\n  \t       label : engine.resolveStaticOptionValue.call(this, configId, \"_metadata.label\", \"Your document has been submitted successfully. \"),\n  \t       visibility : engine.resolveStaticOptionValue.call(this, configId, \"_metadata.visibility\", \"DEFAULT\"),\n  \t       labelVisibility : engine.resolveStaticOptionValue.call(this, configId, \"_metadata.labelVisibility\", \"SHOW\"),\n  \t       helpText : engine.resolveStaticOptionValue.call(this, configId, \"_metadata.helpText\", \"\")\n\t\t\t      }\n\t  }\n\t        \n\t  configId = \"config13\";\n\t  this.options[configId] = { \n\t\t   sizeStyle : engine.resolveDeviceSpecificOptionValue.call(this, configId, \"sizeStyle\", \"Vertical_Layout1\/Output_Text2\"),\n  \t       labelWeightNormal : engine.resolveStaticOptionValue.call(this, configId, \"labelWeightNormal\", true),\n\t\t\t      _metadata : {\n  \t       label : engine.resolveStaticOptionValue.call(this, configId, \"_metadata.label\", \"You can now upload another document or close this window if your document submission is complete.\"),\n  \t       visibility : engine.resolveStaticOptionValue.call(this, configId, \"_metadata.visibility\", \"DEFAULT\"),\n  \t       labelVisibility : engine.resolveStaticOptionValue.call(this, configId, \"_metadata.labelVisibility\", \"SHOW\"),\n  \t       helpText : engine.resolveStaticOptionValue.call(this, configId, \"_metadata.helpText\", \"\")\n\t\t\t      }\n\t  }\n\t        \n\t  configId = \"config14\";\n\t  this.options[configId] = { \n\t\t   hAlignment : engine.resolveDeviceSpecificOptionValue.call(this, configId, \"hAlignment\", \"Horizontal_Layout1\"),\n\t\t\t      _metadata : {\n  \t       label : engine.resolveStaticOptionValue.call(this, configId, \"_metadata.label\", \"Horizontal layout\"),\n  \t       visibility : engine.resolveStaticOptionValue.call(this, configId, \"_metadata.visibility\", \"DEFAULT\"),\n  \t       labelVisibility : engine.resolveStaticOptionValue.call(this, configId, \"_metadata.labelVisibility\", \"SHOW\"),\n  \t       helpText : engine.resolveStaticOptionValue.call(this, configId, \"_metadata.helpText\", \"\")\n\t\t\t      }\n\t  }\n\t        \n\t  configId = \"config15\";\n\t  this.options[configId] = {\n  \t       outline : engine.resolveStaticOptionValue.call(this, configId, \"outline\", false), \n\t\t   sizeStyle : engine.resolveDeviceSpecificOptionValue.call(this, configId, \"sizeStyle\", \"Horizontal_Layout1\/Button1\"),\n  \t       icon : engine.resolveStaticOptionValue.call(this, configId, \"icon\", \"ci-document-blank\"),\n  \t       colorStyle : engine.resolveStaticOptionValue.call(this, configId, \"colorStyle\", \"P\"),\n  \t       shapeStyle : engine.resolveStaticOptionValue.call(this, configId, \"shapeStyle\", \"D\"), \n\t\t   width : engine.resolveDeviceSpecificOptionValue.call(this, configId, \"width\", \"Horizontal_Layout1\/Button1\"), \n\t\t   iconLocation : engine.resolveDeviceSpecificOptionValue.call(this, configId, \"iconLocation\", \"Horizontal_Layout1\/Button1\"),\n  \t       preventMultipleClicks : engine.resolveStaticOptionValue.call(this, configId, \"preventMultipleClicks\", false),\n\t\t\t      _metadata : {\n  \t       label : engine.resolveStaticOptionValue.call(this, configId, \"_metadata.label\", \"Upload Another Document\"),\n  \t       visibility : engine.resolveStaticOptionValue.call(this, configId, \"_metadata.visibility\", \"DEFAULT\"),\n  \t       labelVisibility : engine.resolveStaticOptionValue.call(this, configId, \"_metadata.labelVisibility\", \"SHOW\"),\n  \t       helpText : engine.resolveStaticOptionValue.call(this, configId, \"_metadata.helpText\", \"\")\n\t\t\t      }\n\t  }\n\t  \n\t\t}; \/\/initConfig\n\t\t\n\t\tready(function() {\n\t\t\t\n            if(window == window.parent) { \/\/ not in iFrame\n               disableBack.init(false);\n\t\t\t}\n\t\t\t\n\t\t\t\n\t\t\t\t\/\/ Heritage Human Service, JSON format in CSHS and standalone Coach all has the same start sequence\n\t\t\t\t\n\t\t\t\t\t\/\/ debugger statement only for JSON format in CSHS\n\t\t\t\t\tvar turnOnDebugger = false;\n\t\t\t\t\tif ((typeof dojoConfig.isDebug !== undefined) && (dojoConfig.isDebug == true)) {\n\t\t\t\t\t\tturnOnDebugger = true;\n\t\t\t\t\t}\n\t\t\t\t\t\n\t\t\t\t\tif (!!(window.frameElement)) {\n\t\t\t\t\t\tvar coachId = window.frameElement.getAttribute('id');\n\t\t\t\t\t\tif ((!!coachId) && (!!window.parent.com_ibm_bpm_coachLoader) && (window.parent.com_ibm_bpm_coachLoader[coachId]) \n\t\t\t\t\t\t&& (window.parent.com_ibm_bpm_coachLoader[coachId].getInspectorDebugMode() == CoachLoaderConstants.KEY_DEBUG_STEP_INTO)) {\n\t\t\t\t\t\t\tturnOnDebugger = true;\n\t\t\t\t\t\t}\n\t\t\t\t\t}\n\t\t\t\t\t\n\t\t\t\t\tif (turnOnDebugger) {\n\t\t\t\t\t\tengine.turnOnDebuggerForCSHS();\n\t\t\t\t\t\tdebugger;\n\t\t\t\t\t}\n\t\t\t\t\t\/\/ set Title ONLY if meta tag does not contain title\n\t\t\t\t\t\n\t\t\t\t\tengine.setTitle(\"null\");\n\t\t\t\t\t\n\t\t\t\t\n\t\t\t\t\n\t\t\t\tengine.start({controller: controller, whiteList: [\"\"]});\n\t\t\t\t\n\t\t\t\n\t\t});\n\t}); \t\t\n\t\t\n\n});\n};\nif (com_ibm_bpm_coach.isDebug) {\n\tinitFunc();\n} else { \/\/nonDebug\n\tinitFunc();\n}\n\n<\/script>\n<\/head>\n\n\n\n<body class=","$$IBM_BPM_COACH_NON_CLARO_BIDI_BODY_CLASS_TAG$$",">\n\t<script type=\"text\/javascript\">\n\t\tif(window == window.parent) { \/\/ not in iFrame\t\n\t\t\t\/\/ work-around solution\n\t\t\tvar src = '","$$IBM_BPM_COACH_BPM_CSHSLIB_CONTEXT_ROOT_TAG$$","\/bpm\/teamworks\/script\/coachNG\/com\/ibm\/bpm\/coach\/resources\/iframe_history.html?","$$IBM_BPM_COACH_CACHE_DIGEST_TAG$$","';\n\t\t\tdocument.write('<iframe style=\"border:0;width:1px;height:1px;position:absolute;visibility:hidden;bottom:0;right:0;\" title=\"Page History\" name=\"dj_history\" id=\"dj_history\" src=\"' + src + '\"><\/iframe>');\n\t\t\t\/*\n\t\t\t\/\/ dojo.back has problem on AMD mode at this moment (dojo defect link: http:\/\/trac.dojotoolkit.org\/ticket\/14613)\n\t\t\t\/\/ once this problem is resolved in the future dojo release, we can use following code to replace the work-around above\n\t\t\trequire([\"dojo\/back\"], function(back){\n\t\t\t\tback.init();\n\t\t\t});\n\t\t\t*\/\n\t\t}\n\t<\/script>\n\t<div class=\"body\" id=\"mainBody\" role=\"complementary\" aria-label=\"null\">\n\t\t<div id=\"Header1\" class=\"Header topLevel  CoachView\" data-type=\"com.ibm.bpm.coach.Snapshot_2ef830bd_6425_4a87_abf0_3cc4c733df4a.Header\" data-binding=\"\" data-bindingType=\"\" data-config=\"config1\" data-viewid=\"Header1\" data-eventId=\"\" data-controlidpath=\"Header1\" >\n\t\t<div id=\"div_3\" class=\"Horizontal_Layout header CoachView div_3_style\" data-type=\"com.ibm.bpm.coach.Snapshot_304ac881_16c3_47d2_97d5_6e4c4a893177.Horizontal_Layout\" data-binding=\"\" data-bindingType=\"\" data-config=\"config2\" data-viewid=\"Horizontal_Layout1\" data-eventId=\"\" data-controlidpath=\"Header1:Horizontal_Layout1\"  > \n   \t<div id=\"div_3_1\" class=\"ContentBox\" data-view-managed=true data-contentboxid=ContentBox1>\n\t\t<div id=\"div_3_1_1\" class=\"Image  CoachView div_3_1_1_style\" data-type=\"com.ibm.bpm.coach.Snapshot_304ac881_16c3_47d2_97d5_6e4c4a893177.Image\" data-binding=\"config.config3._metadata.imageURL\" data-bindingType=\"URL\" data-config=\"config3\" data-viewid=\"Image1\" data-eventId=\"boundaryEvent_1\" data-controlidpath=\"Header1:Image1\" data-ibmbpm-layoutpreview=\"horizontal\" > \n\t\t<\/div>\n\t\t<div id=\"div_3_1_2\" class=\"Output_Text  CoachView div_3_1_2_style\" data-type=\"com.ibm.bpm.coach.Snapshot_304ac881_16c3_47d2_97d5_6e4c4a893177.Output_Text\" data-binding=\"\" data-bindingType=\"\" data-config=\"config4\" data-viewid=\"Output_Text1\" data-eventId=\"\" data-controlidpath=\"Header1:Output_Text1\" data-ibmbpm-layoutpreview=\"horizontal\" > \n\t\t<\/div>\n\t\t<div id=\"div_3_1_3\" class=\"Vertical_Layout persona CoachView div_3_1_3_style\" data-type=\"com.ibm.bpm.coach.Snapshot_304ac881_16c3_47d2_97d5_6e4c4a893177.Vertical_Layout\" data-binding=\"\" data-bindingType=\"\" data-config=\"config5\" data-viewid=\"Vertical_Layout2\" data-eventId=\"\" data-controlidpath=\"Header1:Vertical_Layout2\" data-ibmbpm-layoutpreview=\"horizontal\" > \n   \t<div id=\"div_3_1_3_1\" class=\"ContentBox\" data-view-managed=true data-contentboxid=ContentBox1>\n\t\t<div id=\"div_3_1_3_1_1\" class=\"Image  CoachView div_3_1_3_1_1_style\" data-type=\"com.ibm.bpm.coach.Snapshot_304ac881_16c3_47d2_97d5_6e4c4a893177.Image\" data-binding=\"config.config6._metadata.imageURL\" data-bindingType=\"URL\" data-config=\"config6\" data-viewid=\"Image3\" data-eventId=\"boundaryEvent_2\" data-controlidpath=\"Header1:Image3\" data-ibmbpm-layoutpreview=\"vertical\" > \n\t\t<\/div>\n\t\t<div id=\"div_2\" class=\"Output_Text personaLabel CoachView div_2_style\" data-type=\"com.ibm.bpm.coach.Snapshot_304ac881_16c3_47d2_97d5_6e4c4a893177.Output_Text\" data-binding=\"\" data-bindingType=\"\" data-config=\"config7\" data-viewid=\"Output_Text3\" data-eventId=\"\" data-controlidpath=\"Header1:Output_Text3\" data-ibmbpm-layoutpreview=\"vertical\" > \n\t\t<\/div>\n\t\t\t\t\n\t\t\t\t\n    <\/div>\n\t   \t\t\t\t \n\t\t<\/div>\n\t\t<div id=\"div_3_1_4\" class=\"Vertical_Layout persona CoachView div_3_1_4_style\" data-type=\"com.ibm.bpm.coach.Snapshot_304ac881_16c3_47d2_97d5_6e4c4a893177.Vertical_Layout\" data-binding=\"\" data-bindingType=\"\" data-config=\"config8\" data-viewid=\"Vertical_Layout1\" data-eventId=\"\" data-controlidpath=\"Header1:Vertical_Layout1\" data-ibmbpm-layoutpreview=\"horizontal\" > \n   \t<div id=\"div_3_1_4_1\" class=\"ContentBox\" data-view-managed=true data-contentboxid=ContentBox1>\n\t\t<div id=\"div_3_1_4_1_1\" class=\"Image  CoachView div_3_1_4_1_1_style\" data-type=\"com.ibm.bpm.coach.Snapshot_304ac881_16c3_47d2_97d5_6e4c4a893177.Image\" data-binding=\"config.config9._metadata.imageURL\" data-bindingType=\"URL\" data-config=\"config9\" data-viewid=\"Image2\" data-eventId=\"boundaryEvent_3\" data-controlidpath=\"Header1:Image2\" data-ibmbpm-layoutpreview=\"vertical\" > \n\t\t<\/div>\n\t\t<div id=\"div_1\" class=\"Output_Text personaLabel CoachView div_1_style\" data-type=\"com.ibm.bpm.coach.Snapshot_304ac881_16c3_47d2_97d5_6e4c4a893177.Output_Text\" data-binding=\"\" data-bindingType=\"\" data-config=\"config10\" data-viewid=\"Output_Text2\" data-eventId=\"\" data-controlidpath=\"Header1:Output_Text2\" data-ibmbpm-layoutpreview=\"vertical\" > \n\t\t<\/div>\n\t\t\t\t\n\t\t\t\t\n    <\/div>\n\t   \t\t\t\t \n\t\t<\/div>\n\t\t\t\t\n\t\t\t\t\n\t\t\t\t\n\t\t\t\t\n    <\/div>\n\t   \t\t\t\t \n\t\t<\/div>\n\t   \t\t\t\t \n\t\t<\/div>\n\t\t<div id=\"Vertical_Layout1\" class=\"Vertical_Layout topLevel  CoachView Vertical_Layout1\" data-type=\"com.ibm.bpm.coach.Snapshot_304ac881_16c3_47d2_97d5_6e4c4a893177.Vertical_Layout\" data-binding=\"\" data-bindingType=\"\" data-config=\"config11\" data-viewid=\"Vertical_Layout1\" data-eventId=\"\" data-controlidpath=\"Vertical_Layout1\" >\n   \t<div id=\"div_5_1\" class=\"ContentBox\" data-view-managed=true data-contentboxid=ContentBox1>\n\t\t<div id=\"div_5_1_1\" class=\"Output_Text  CoachView div_5_1_1_style\" data-type=\"com.ibm.bpm.coach.Snapshot_304ac881_16c3_47d2_97d5_6e4c4a893177.Output_Text\" data-binding=\"\" data-bindingType=\"\" data-config=\"config12\" data-viewid=\"Output_Text1\" data-eventId=\"\" data-controlidpath=\"Output_Text1\" data-ibmbpm-layoutpreview=\"vertical\" > \n\t\t<\/div>\n\t\t<div id=\"div_5_1_2\" class=\"Output_Text  CoachView div_5_1_2_style\" data-type=\"com.ibm.bpm.coach.Snapshot_304ac881_16c3_47d2_97d5_6e4c4a893177.Output_Text\" data-binding=\"\" data-bindingType=\"\" data-config=\"config13\" data-viewid=\"Output_Text2\" data-eventId=\"\" data-controlidpath=\"Output_Text2\" data-ibmbpm-layoutpreview=\"vertical\" > \n\t\t<\/div>\n\t\t\t\t\n\t\t\t\t\n    <\/div>\n\t   \t\t\t\t \n\t\t<\/div>\n\t\t<div id=\"Horizontal_Layout1\" class=\"Horizontal_Layout topLevel  CoachView Horizontal_Layout1\" data-type=\"com.ibm.bpm.coach.Snapshot_304ac881_16c3_47d2_97d5_6e4c4a893177.Horizontal_Layout\" data-binding=\"\" data-bindingType=\"\" data-config=\"config14\" data-viewid=\"Horizontal_Layout1\" data-eventId=\"\" data-controlidpath=\"Horizontal_Layout1\" >\n   \t<div id=\"div_6_1\" class=\"ContentBox\" data-view-managed=true data-contentboxid=ContentBox1>\n\t\t<div id=\"div_6_1_1\" class=\"Button  CoachView div_6_1_1_style\" data-type=\"com.ibm.bpm.coach.Snapshot_304ac881_16c3_47d2_97d5_6e4c4a893177.Button\" data-binding=\"\" data-bindingType=\"\" data-config=\"config15\" data-viewid=\"Button1\" data-eventId=\"boundaryEvent_4\" data-controlidpath=\"Button1\" data-ibmbpm-layoutpreview=\"horizontal\" > \n\t\t<\/div>\n\t\t\t\t\n    <\/div>\n\t   \t\t\t\t \n\t\t<\/div>\t\n\t<\/div>\n<\/body><\/html>","$$IBM_BPM_COACH_END_INTERNAL_SUBSTITUTION_TAG$$"],"coachData":{"system":{"settings":{"TimerCoachViewEnabled":true,"TimerCoachViewRefreshInterval":-1,"MinimumCoachViewRefreshInterval":10,"_NotificationWebMessagingEnabled":true},"snapshotId":"","caseFolderId":"","enablingDocumentId":"","paShortName":"","startingDocumentId":"","user_loginName":"","user_localeCountry":"","parentCaseServerName":"","currentPageInfo":{"name":"","id":""},"caseFolderServerName":"","instanceId":"","runtimeRootSnapshotId":"","user_id":"","user_localeLanguage":"","user_fullName":"","paId":"","parentCase":{"caseId":"","caseServerId":"","parentActivityId":""},"context":{"callerProcessId":"","callerModelSnapshotId":"","callerModelId":"","callerModelBranchId":"","callerTaskId":""},"parentActivityId":"","parentCaseId":"","taskId":"","baseTextDirection":""},"defaults":null,"resource":{},"variableTemplates":null,"templates":null,"epv":null,"team":{"manager":null,"member":null},"local":{}}},"success":true,"message":null,"status":200}