{"id":"50.adeae4bd-e860-48f8-8f12-9436f7840773/2064.91e0f284-0db5-4f27-994d-d0f601dabca4","localeLanguage":"hr","localeCountry":"","localeVariant":"","localeDisplayName":"CSResource","resourceBundleKey":[{"id":null,"key":"CS_Add","value":"Add"},{"id":null,"key":"CS_BatchContent_AutomationDocType","value":"Automation document type"},{"id":null,"key":"CS_BatchContent_AutomationDocType_Help","value":"The document type to be used when adding or modifying batch documents. If not specified, the value defaults to DbaCaptureBase."},{"id":null,"key":"CS_BatchContent_OnDocumentCheckedOut","value":"On document checked out"},{"id":null,"key":"CS_BatchContent_OnDocumentCheckedOut_Help","value":"An event that is fired when the document has been checked out."},{"id":null,"key":"CS_BatchContent_OnGetProperties","value":"On get properties"},{"id":null,"key":"CS_BatchContent_OnGetProperties_Help","value":"An event that is fired when the properties have been retrieved."},{"id":null,"key":"CS_BatchContent_OnResubmitBatch","value":"On resubmit batch"},{"id":null,"key":"CS_BatchContent_OnResubmitBatch_Help","value":"An event that is fired when the batch has been resubmitted for processing successfully."},{"id":null,"key":"CS_BatchContent_OnRollbackBatch","value":"On rollback batch"},{"id":null,"key":"CS_BatchContent_OnRollbackBatch_Help","value":"An event that is fired when the batch has been rolled back successfully."},{"id":null,"key":"CS_BatchContent_OnSaveBatch","value":"On save batch"},{"id":null,"key":"CS_BatchContent_OnSaveBatch_Help","value":"An event that is fired when the batch has been saved."},{"id":null,"key":"CS_BatchContent_OnSearchResults","value":"On search results"},{"id":null,"key":"CS_BatchContent_OnSearchResults_Help","value":"An event that is fired when the search results have returned successfully."},{"id":null,"key":"CS_BatchContent_OnUpdateBatch","value":"On update batch"},{"id":null,"key":"CS_BatchContent_OnUpdateBatch_Help","value":"An event that is fired when the batch has been updated."},{"id":null,"key":"CS_BatchContent_OnUpdateProperties","value":"On update properties"},{"id":null,"key":"CS_BatchContent_OnUpdateProperties_Help","value":"An event that is fired when the properties have been updated."},{"id":null,"key":"CS_Cancel","value":"Cancel"},{"id":null,"key":"CS_Class_Selector_Svc_Error","value":"Greška usluge"},{"id":null,"key":"CS_Class_Selector_Svc_Error_Help","value":"Otkaz kada se vrati greška od pozivanja usluge."},{"id":null,"key":"CS_ContentListFilter_Cancel","value":"Cancel"},{"id":null,"key":"CS_ContentListFilter_Filter","value":"Filter"},{"id":null,"key":"CS_ContentListFilter_OnCanceFilter","value":"On cancel"},{"id":null,"key":"CS_ContentListFilter_OnCancelFilter_Help","value":"An event that is fired when the cancel button is clicked."},{"id":null,"key":"CS_ContentListFilter_OnFilter","value":"On filter"},{"id":null,"key":"CS_ContentListFilter_OnFilter_Help","value":"An event that is fired when the filter button is clicked."},{"id":null,"key":"CS_ContentListFilter_TypeName","value":"Type name"},{"id":null,"key":"CS_ContentListFilter_TypeName_Help","value":"Search object type."},{"id":null,"key":"CS_ContentList_AcceptFileTypes","value":"Accepted file types"},{"id":null,"key":"CS_ContentList_AcceptFileTypes_Help","value":"Specify the file type extensions that are allowed when adding new documents (for example, .dotx, .pdf, etc). When not specified, all file types are accepted."},{"id":null,"key":"CS_ContentList_Actions","value":"Akcije"},{"id":null,"key":"CS_ContentList_AddButton","value":"Dodaj"},{"id":null,"key":"CS_ContentList_Advanced","value":"Napredno"},{"id":null,"key":"CS_ContentList_Behavior","value":"Ponašanje"},{"id":null,"key":"CS_ContentList_Columns","value":"Stupci"},{"id":null,"key":"CS_ContentList_Columns_Help","value":"Stupci za prikaz na listi. Postavite ovo ako želite vlastita prilagođena svojstva stupca, inače se koristi default skup."},{"id":null,"key":"CS_ContentList_ConfigurationProperty","value":"Svojstvo konfiguracije"},{"id":null,"key":"CS_ContentList_ConfigurationProperty_Help","value":"Ime svojstva gdje će biti spremljeni podaci konfiguracije u JSON formatu."},{"id":null,"key":"CS_ContentList_ConfigurationValues","value":"Vrijednosti konfiguracije"},{"id":null,"key":"CS_ContentList_ContentItems","value":"Svojstva sadržaja"},{"id":null,"key":"CS_ContentList_ContentItems_Help","value":"Lista CSDocument objekata za prikaz. Id svojstvo je jedino zahtijevano svojstvo objekata dokumenta."},{"id":null,"key":"CS_ContentList_ControllerProperty","value":"Controller document property"},{"id":null,"key":"CS_ContentList_ControllerProperty_Help","value":"Name of the object value property in the document class that links to the batch controller."},{"id":null,"key":"CS_ContentList_DisableDnDAdd_Help","value":"Provjerite ove postavke da onemogućite dodavanje dokumenata korištenjem povuci i spusti."},{"id":null,"key":"CS_ContentList_DisabledValues","value":"Onemogućene vrijednosti"},{"id":null,"key":"CS_ContentList_DisabledValues_Help","value":"Navedite vrijednosti svojstva za koja će akcije stavki biti onemogućene."},{"id":null,"key":"CS_ContentList_DisplayProgressIndicator","value":"Prikazuje indikator napretka kod dodavanja dokumenata"},{"id":null,"key":"CS_ContentList_DisplayProgressIndicator_Help","value":"Provjerite ovu opciju za prikaz indikatora napretka kod dodavanja dokumenata."},{"id":null,"key":"CS_ContentList_EnableSearchFilter","value":"Enable search filter"},{"id":null,"key":"CS_ContentList_EnableSearchFilter_Help","value":"Displays the search filter component for specifying multiple search parameters to query against and display the results in the list view."},{"id":null,"key":"CS_ContentList_Enable_Polling","value":"Omogući pozivanje za status dokumenta"},{"id":null,"key":"CS_ContentList_Enable_Polling_Help","value":"Kad je postavljeno, pozivanje se koristi za ažuriranje statusa dodanih dokumenata."},{"id":null,"key":"CS_ContentList_ExtraProperties","value":"Extra properties"},{"id":null,"key":"CS_ContentList_ExtraProperties_Help","value":"Specify additional properties that you want returned with the items in the results set."},{"id":null,"key":"CS_ContentList_Filter_Help","value":"=The property values are combined with an AND operator in the search filter."},{"id":null,"key":"CS_ContentList_Folder","value":"Folder"},{"id":null,"key":"CS_ContentList_FolderId","value":"ID foldera"},{"id":null,"key":"CS_ContentList_FolderId_Help","value":"Postavite ID foldera ili stazu za inicijalizaciju liste sadržaja s navedenim sadržajem foldera. Postavljanje ID-a foldera će imati prednost pred postavkama pretraživanja."},{"id":null,"key":"CS_ContentList_Height_Help","value":"The height of the content list view window."},{"id":null,"key":"CS_ContentList_HideAction_Help","value":"Provjerite postavku akcije ako želite ukloniti ovu akciju iz padajućeg izbornika."},{"id":null,"key":"CS_ContentList_HideAddDialog","value":"Sakrij dijalog dodavanja kod dodavanja dokumenata"},{"id":null,"key":"CS_ContentList_HideAddDialog_Help","value":"Kad je ova opcija izabrana pojedini tip dokumenta je konfiguriran, dokumenti su dodani bez prikazivanja dijaloga Dodavanje dokumenata."},{"id":null,"key":"CS_ContentList_HideAddDocument","value":"Sakrij dodavanje dokumenta"},{"id":null,"key":"CS_ContentList_HideAddFolder","value":"Sakrij dodavanje foldera"},{"id":null,"key":"CS_ContentList_HideCancelCheckoutDoc","value":"Sakrij opoziv odjave dokumenta"},{"id":null,"key":"CS_ContentList_HideCheckoutDocument","value":"Sakrij odjavu dokumenta"},{"id":null,"key":"CS_ContentList_HideCheckoutState","value":"Sakrij stanje odjave"},{"id":null,"key":"CS_ContentList_HideCheckoutState_Help","value":"izaberite ovu opciju da omogućite/onemogućite ikonu stanja odjave da bude prikazana."},{"id":null,"key":"CS_ContentList_HideDeleteDocument","value":"Sakrij brisanje dokumenta"},{"id":null,"key":"CS_ContentList_HideDeleteFolder","value":"Sakrij brisanje foldera"},{"id":null,"key":"CS_ContentList_HideDownloadDocument","value":"Sakrij preuzimanje dokumenta"},{"id":null,"key":"CS_ContentList_HideEditDocument","value":"Sakrij uređivanje dokumenta"},{"id":null,"key":"CS_ContentList_HideEditDocumentProps","value":"Sakrij uređivanje svojstava dokumenta"},{"id":null,"key":"CS_ContentList_HideEditFolderProps","value":"Sakrij uređivanje svojstava foldera"},{"id":null,"key":"CS_ContentList_HideRefresh","value":"Hide refresh"},{"id":null,"key":"CS_ContentList_HideRenameFolder","value":"Sakrij preimenovanje foldera"},{"id":null,"key":"CS_ContentList_HideSearchField","value":"Sakrij polje pretraživanja"},{"id":null,"key":"CS_ContentList_HideSearchField_Help","value":"Nemoj prikazati polje pretraživanja. Parametri pretraživanja su definirani u konfiguracijskim postavkama."},{"id":null,"key":"CS_ContentList_HideUploadNewVersionDoc","value":"Sakrij Predaja nove verzije dokumenta"},{"id":null,"key":"CS_ContentList_HideViewDocument","value":"Sakrij pregled dokumenta"},{"id":null,"key":"CS_ContentList_IncludeTimeInDates","value":"Uključuje vrijeme u svojstvo datuma"},{"id":null,"key":"CS_ContentList_IncludeTimeInDates_Help","value":"Prikazuje vremenski dio vrijednosti datuma u svojstvima stupca."},{"id":null,"key":"CS_ContentList_InitialPageSize","value":"Početna veličina stranice"},{"id":null,"key":"CS_ContentList_InitialPageSize_Help","value":"Veličina skupa rezultata vraćena za prikaz u listi sadržaja. Default veličina stranice je 20 stavki."},{"id":null,"key":"CS_ContentList_OnActionMenuOpen","value":"On action menu open"},{"id":null,"key":"CS_ContentList_OnActionMenuOpen_Help","value":"An event that is fired when the action menu is about to be opened. Passes a folder object with properties."},{"id":null,"key":"CS_ContentList_OnAdd","value":"Kod dodavanja sadržaja"},{"id":null,"key":"CS_ContentList_OnAdd_Help","value":"Događaj koji je izazvan kod dodavanja dokumenta ili foldera. Predaje contentItem objekt."},{"id":null,"key":"CS_ContentList_OnAllRowsSelected","value":"On all rows selected"},{"id":null,"key":"CS_ContentList_OnAllRowsSelected_Help","value":"This event is called when the user clicks on the Select All checkbox and the content list is in Multiselect mode. The passed parameter \"selected\" indicates whether all or none of the rows are selected."},{"id":null,"key":"CS_ContentList_OnContextMenuOpen","value":"Kod otvaranja kontekstnog izbornika"},{"id":null,"key":"CS_ContentList_OnContextMenuOpen_Help","value":"Događaj koji je izazvan kad treba biti otvoren kontekstni izbornik. Predaje objekt sadržaja sa svojstvima."},{"id":null,"key":"CS_ContentList_OnError","value":"Na grešci"},{"id":null,"key":"CS_ContentList_OnError_Help","value":"Događaj koji se pošalje kada dođe do greške usluge."},{"id":null,"key":"CS_ContentList_OnFileClicked","value":"Kliknuto na datoteku"},{"id":null,"key":"CS_ContentList_OnFileClicked_Help","value":"Događaj koji se otpušta kada se dokument izabere u glavnom stupcu. Predaje objekt dokumenta sa svojstvima."},{"id":null,"key":"CS_ContentList_OnFolderClicked","value":"Kliknuto na folder"},{"id":null,"key":"CS_ContentList_OnFolderClicked_Help","value":"Događaj koji se otpušta kada se izabere folder u glavnom stupcu. Predaje objekt foldera sa svojstvima."},{"id":null,"key":"CS_ContentList_OnPollResults","value":"On poll results"},{"id":null,"key":"CS_ContentList_OnPollResults_Help","value":"Fired when a poll result containing document status is received."},{"id":null,"key":"CS_ContentList_OnResults","value":"Učitano prema rezultatima"},{"id":null,"key":"CS_ContentList_OnResults_Help","value":"Događaj koji se šalje kada se rezultati vrate iz usluge. Predaje listu stavki koje su predstavljene na listi sadržaja."},{"id":null,"key":"CS_ContentList_OnRowSelected","value":"Na izabrani red"},{"id":null,"key":"CS_ContentList_OnRowSelected_Help","value":"Događaj koji se otpušta kada se izabere red koristeći radio gumb ili kontrolnu kućicu. Predaje dodatni parametar : row (row.data.contentItem zadržava dokument ili objekt foldera sa svojstvima)."},{"id":null,"key":"CS_ContentList_Polling_Exit_Values","value":"Pozivanje vrijednosti izlaza svojstva"},{"id":null,"key":"CS_ContentList_Polling_Exit_Values_Help","value":"Pozivanje se prekida se vrijednost kad je svojstvo dokumenta vraćenog iz pozivanja jedna od konfiguriranih vrijednosti."},{"id":null,"key":"CS_ContentList_Polling_Neg_Exit_Values","value":"Pozivanje vrijednosti svojstva negativnog izlaza"},{"id":null,"key":"CS_ContentList_Polling_Neg_Exit_Values_Help","value":"Pozivanje se prekida kad vraćena vrijednost svojstva dokumenta iz pozivanja NIJE jedna od konfiguriranih vrijednosti."},{"id":null,"key":"CS_ContentList_Resources","value":"Resources"},{"id":null,"key":"CS_ContentList_Resources_Help","value":"Set to an external resource bundle to pull in localized string resources for the column headers and the property list filter labels."},{"id":null,"key":"CS_ContentList_RootFolderName","value":"Naziv korijenskog foldera"},{"id":null,"key":"CS_ContentList_RootFolderName_Help","value":"Naziv prikaza korijenskog foldera koji će se koristiti umjesto imena foldera u spremištu Content Services."},{"id":null,"key":"CS_ContentList_Search","value":"Traži"},{"id":null,"key":"CS_ContentList_SearchFilterProperties","value":"Search filter properties"},{"id":null,"key":"CS_ContentList_SearchFilterProperties_Help","value":"Specify the set of properties you want to query against to populate the list view. The property values are combined with an AND operator in the search filter."},{"id":null,"key":"CS_ContentList_SearchFolderId","value":"Traži u ID-u foldera"},{"id":null,"key":"CS_ContentList_SearchFolderId_Help","value":"ID foldera u folderu za pokretanje pretraživanja. Ovo je opcijska postavka koja će ograničiti pretraživanje na navedeni folder. Ako nije postavljena, pretražuje se cijelo spremište objekta."},{"id":null,"key":"CS_ContentList_SearchFor","value":"Search for"},{"id":null,"key":"CS_ContentList_SearchFor_Help","value":"Search for document or folder items."},{"id":null,"key":"CS_ContentList_SearchOnlyFolder","value":"Pretraži samo ovaj folder"},{"id":null,"key":"CS_ContentList_SearchOnlyFolder_Help","value":"Nemoj uključiti pretraživanje podfoldera."},{"id":null,"key":"CS_ContentList_SearchOperator","value":"Operator"},{"id":null,"key":"CS_ContentList_SearchOperator_Help","value":"Operator upita koji želite koristiti, kao što su Starts With, Ends With, Like, Not Like,  =, <,>, <>, <>,>  =, < =, itd.)."},{"id":null,"key":"CS_ContentList_SearchProperty","value":"Svojstvo pretraživanja"},{"id":null,"key":"CS_ContentList_SearchPropertyCardinality","value":"Pretraži kardinalnost svojstva"},{"id":null,"key":"CS_ContentList_SearchPropertyCardinality_Help","value":"navodi da li je svojstvo pretraživanja jednostruka ili višestruka vrijednost."},{"id":null,"key":"CS_ContentList_SearchPropertyType","value":"Tip svojstva pretraživanja"},{"id":null,"key":"CS_ContentList_SearchPropertyType_Help","value":"Tip podataka navedenog svojstva pretraživanja."},{"id":null,"key":"CS_ContentList_SearchProperty_Help","value":"Simbolički naziv svojstva koje želite tražiti."},{"id":null,"key":"CS_ContentList_SearchRootName","value":"Root search name"},{"id":null,"key":"CS_ContentList_SearchRootName_Help","value":"The root search display name to use on the breadcrumb."},{"id":null,"key":"CS_ContentList_SearchTextOptions","value":"Opcije teksta"},{"id":null,"key":"CS_ContentList_SearchTextOptions_Help","value":"Konfiguriraj pretraživanje tako da uključuje osnovni upit sadržaja dodatno uz navedeno pretraživanje svojstava."},{"id":null,"key":"CS_ContentList_SearchType","value":"Search type"},{"id":null,"key":"CS_ContentList_SearchType_Help","value":"Search for objects of a particular type."},{"id":null,"key":"CS_ContentList_SearchValue","value":"Default vrijednost"},{"id":null,"key":"CS_ContentList_SearchValue_Help","value":"Vrijednost za traženje. Ako se ostavi prazno, korisnici mogu unijeti vrijednost za pozivanje pretraživanja u vrijeme izvođenja."},{"id":null,"key":"CS_ContentList_SecondaryProperty","value":"State secondary property"},{"id":null,"key":"CS_ContentList_SecondaryProperty_Help","value":"Select a property to be used as a custom secondary state property."},{"id":null,"key":"CS_ContentList_SelectionMode","value":"Način izbora"},{"id":null,"key":"CS_ContentList_SelectionMode_Help","value":"Jednostruki izbor, višestruki izbor ili ništa."},{"id":null,"key":"CS_ContentList_ShowCustomState","value":"Prikazuje prilagođeno stanje"},{"id":null,"key":"CS_ContentList_ShowCustomState_Help","value":"Izaberite ovu opciju da omogućite/onemogućite prikaz ikone prilagođenog stanja."},{"id":null,"key":"CS_ContentList_SortOrder","value":"Redoslijed sortiranja"},{"id":null,"key":"CS_ContentList_SortOrder_Help","value":"Defaultni pravac sortiranja, rastući ili padajući."},{"id":null,"key":"CS_ContentList_SortProperty","value":"Svojstvo sortiranja"},{"id":null,"key":"CS_ContentList_SortProperty_Help","value":"Izbor svojstva koje na kojem se baziraju rezultati sortiranja."},{"id":null,"key":"CS_ContentList_StateProperty","value":"Svojstvo stanja"},{"id":null,"key":"CS_ContentList_StateProperty_Help","value":"Izaberite svojstvo za korištenje kao svojstvo prilagođenog statusa."},{"id":null,"key":"CS_ContentList_Status_Polling_Interval","value":"Interval prozivanja statusa"},{"id":null,"key":"CS_ContentList_Status_Polling_Interval_Help","value":"Broj sekundi između zahtjeva pozivanja za status dodanih dokumenata."},{"id":null,"key":"CS_ContentList_Status_Polling_Property","value":"Svojstvo statusa pozivanja"},{"id":null,"key":"CS_ContentList_Status_Polling_Property_Help","value":"Svojstvo koje je pozvano da dade status dodanih dokumenata."},{"id":null,"key":"CS_ContentList_Status_Polling_Timeout","value":"Polling timeout per document"},{"id":null,"key":"CS_ContentList_Status_Polling_Timeout_Help","value":"Number of seconds per document after which polling stops if an exit condition is not met."},{"id":null,"key":"CS_ContentList_TableRowHeight","value":"Visina reda tablice"},{"id":null,"key":"CS_ContentList_TableRowHeight_Help","value":"Postavke korištene za navođenje visine reda tablice liste sadržaja."},{"id":null,"key":"CS_ContentList_Width_Help","value":"The width of the content list view window."},{"id":null,"key":"CS_ContentLlist_DisableDnDAdd","value":"Onemogućuje dodavanje s povuci i ispusti"},{"id":null,"key":"CS_ContentLlist_Polling_Neg_Exit_Values_Help","value":"Pozivanje se prekida kad vraćena vrijednost svojstva dokumenta iz pozivanja NIJE jedna od konfiguriranih vrijednosti."},{"id":null,"key":"CS_ContentViewer_FitHeight","value":"Prilagodi visinu"},{"id":null,"key":"CS_ContentViewer_FitWidth","value":"Prilagodi širini"},{"id":null,"key":"CS_ContentViewer_Height","value":"Visina"},{"id":null,"key":"CS_ContentViewer_OnLoad","value":"Na učitavanju"},{"id":null,"key":"CS_ContentViewer_Width","value":"Širina"},{"id":null,"key":"CS_ContestList_MaxAddDocs_Help","value":"Navedite maksimalan broj dokumenata koje korisnici mogu odjednom dodati. Defaultni maksimum je 50. Međutim, možete postaviti maksimum do 300."},{"id":null,"key":"CS_DeleteObject_OnDeleteObject","value":"On delete object"},{"id":null,"key":"CS_DeleteObject_OnDeleteObjectHelp","value":"An event that is fired after the object is deleted."},{"id":null,"key":"CS_DepDocPropertiesProperty","value":"Svojstvo zavisnog dokumenta"},{"id":null,"key":"CS_DepDocPropertiesProperty_Help","value":"Simboličko ime vrijednosti svojstva objekta koje pokazuje na dokument koji sadrži JSON vrijednosti za prikazivanje."},{"id":null,"key":"CS_DepDocumentProperties_OnError","value":"Na grešci"},{"id":null,"key":"CS_DepDocumentProperties_OnError_Help","value":"Događaj izazvan kod greške povrata vrijednosti svojstva."},{"id":null,"key":"CS_DocumentReference_AddDocMode","value":"Add document mode"},{"id":null,"key":"CS_DocumentReference_AddDocMode_Help","value":"Setting that controls the add document process. Select None for no add support, Add no UI will not display any ui and Add with properties will display the add document dialog."},{"id":null,"key":"CS_DocumentReference_AllowsActions","value":"Enable actions"},{"id":null,"key":"CS_DocumentReference_AllowsActions_Help","value":"Enables the drop down context menu of content management actions in the view component."},{"id":null,"key":"CS_DocumentReference_AllowsRemoveDoc","value":"Enable clear document"},{"id":null,"key":"CS_DocumentReference_AllowsRemoveDoc_Help","value":"Enables the clear document action in the view component. This action only clears the document from the view and does not delete it from the repository."},{"id":null,"key":"CS_DocumentReference_DocumentId","value":"Document ID"},{"id":null,"key":"CS_DocumentReference_DocumentId_Help","value":"The ID of the document you want to load into this view."},{"id":null,"key":"CS_DocumentReference_EnableTitleAction","value":"Enable title click action"},{"id":null,"key":"CS_DocumentReference_EnableTitleAction_Help","value":"Enables the document title text to be clickable and runs the first action in the context menu."},{"id":null,"key":"CS_DocumentReference_HelperText","value":"Helper text"},{"id":null,"key":"CS_DocumentReference_HelperText_Help","value":"Helper text displayed below the input field."},{"id":null,"key":"CS_DocumentReference_HintText","value":"Hint text"},{"id":null,"key":"CS_DocumentReference_HintText_Help","value":"Hint text to display in the field when no document is specified."},{"id":null,"key":"CS_DocumentReference_OnClear","value":"On clear"},{"id":null,"key":"CS_DocumentReference_OnClear_Help","value":"An event that is fired when the user invokes the clear action."},{"id":null,"key":"CS_DocumentReference_ViewMode","value":"View mode"},{"id":null,"key":"CS_DocumentReference_ViewMode_Help","value":"Set to Normal to see the document mime type and title, or set to Thumbnail to see the document thumbnail and title."},{"id":null,"key":"CS_Document_Classes","value":"Klase dokumenata"},{"id":null,"key":"CS_Document_Classes_Help","value":"Skup klasa dokumenata koji će se prikazati kod dodavanja novih dokumenata. Kada se ne postavi, klase dokumenata se dohvaćaju s poslužitelja. Imena unesena ovdje prikazana su korisniku, vrijednosti odgovaraju simboličkom imenu svake klase dokumenta."},{"id":null,"key":"CS_FileDropZone_AcceptFileTypes","value":"Accepted file types"},{"id":null,"key":"CS_FileDropZone_AcceptFileTypes_Help","value":"Specify the file types that the file drop zone will accept. The files types must be specified as file dot extension strings."},{"id":null,"key":"CS_FileDropZone_DetailMessage","value":"Detail message"},{"id":null,"key":"CS_FileDropZone_DetailMessage_Help","value":"Message string displayed above the file drop zone."},{"id":null,"key":"CS_FileDropZone_DocumentType","value":"Tip dokumenta"},{"id":null,"key":"CS_FileDropZone_DocumentType_Help","value":"Tip dokumenta koji se koristi kod dodavanja dokumenata. Ako nije postavljen, upotrijebit će se defaultni tip dokumenta."},{"id":null,"key":"CS_FileDropZone_FolderId_Help","value":"ID foldera gdje će biti dodani dokumenti. Ako nije navedeno, dokumenti neće biti spremljeni."},{"id":null,"key":"CS_FileDropZone_Height_Help","value":"The height of the file drop zone area."},{"id":null,"key":"CS_FileDropZone_MaxAddDoc","value":"Maximum number of documents to add"},{"id":null,"key":"CS_FileDropZone_MaxAddDoc_Help","value":"Specify the maximum number of documents that users can add at a time. The default maximum is 50."},{"id":null,"key":"CS_FileDropZone_MaxDocumentSize","value":"Max document size"},{"id":null,"key":"CS_FileDropZone_MaxDocumentSize_Help","value":"The maximum document size in KB allowed to be added. The size of 0 is unlimited."},{"id":null,"key":"CS_FileDropZone_Width_Help","value":"The width of the file drop zone area."},{"id":null,"key":"CS_Folder_Classes","value":"Klase foldera"},{"id":null,"key":"CS_Folder_Classes_Help","value":"Skup klasa foldera koji će se prikazati kod dodavanja novih foldera. Kada se ne postave, klase foldera se dohvaćaju s poslužitelja. Imena unesena ovdje prikazana su korisniku, vrijednosti odgovaraju simboličkim imenima svake klase foldera."},{"id":null,"key":"CS_GetContent_OnContentReceived","value":"kod dobivanja sadržaja"},{"id":null,"key":"CS_GetContent_OnContentReceived_Help","value":"Događaj koji je izazvan kad je sadržaj dokumenta vraćen u odgovoru."},{"id":null,"key":"CS_GetContent_OnGetClassAccess","value":"On get class access"},{"id":null,"key":"CS_GetContent_OnGetClassAccess_Help","value":"An event that is fired when the get class access response has returned."},{"id":null,"key":"CS_GetContent_OnPropertiesUpdated","value":"On properties updated"},{"id":null,"key":"CS_GetContent_OnPropertiesUpdated_Help","value":"An event that is fired when the properties have been retrieved and updated in the content item object."},{"id":null,"key":"CS_Height","value":"Visina"},{"id":null,"key":"CS_Hide_Time_Picker","value":"Hide time picker when editing date and time values"},{"id":null,"key":"CS_Hide_Time_Picker_Help","value":"When set, hides the interface for editing the time portion of date and time values."},{"id":null,"key":"CS_Modal_OnCancel","value":"On cancel"},{"id":null,"key":"CS_Modal_OnCancel_Help","value":"An event that is fired when the user cancels out of a modal view."},{"id":null,"key":"CS_OK","value":"Ok"},{"id":null,"key":"CS_ObjectStoreName","value":"Ime spremišta objekata"},{"id":null,"key":"CS_ObjectStoreName_Help","value":"Naziv spremišta objekata iz administracijskog alata Acce."},{"id":null,"key":"CS_On_Class_Selected","value":"Na izabranu klasu"},{"id":null,"key":"CS_On_Class_Selected_Help","value":"Događaj koji se otpušta kada korisnik izabere klasu."},{"id":null,"key":"CS_ProgressIndicator_OnClose","value":"On close"},{"id":null,"key":"CS_ProgressIndicator_OnClose_Help","value":"Fired when the progress indicator is closed."},{"id":null,"key":"CS_ProgressIndicator_OnFileRemoved","value":"On file removed"},{"id":null,"key":"CS_ProgressIndicator_OnFileRemoved_Help","value":"Fired when a pending file is removed from the progress indicator"},{"id":null,"key":"CS_PropertyList_Display_Edit","value":"Gumbi prikaza za uređivanje vrijednosti svojstava"},{"id":null,"key":"CS_PropertyList_Display_Edit_Help","value":"Prikaži gumbe na traci s alatima koji dozvoljavaju korisnicima da uređuju vrijednosti svojstava."},{"id":null,"key":"CS_PropertyPoller_OnError","value":"Na grešci"},{"id":null,"key":"CS_PropertyPoller_OnError_Help","value":"Izazvano kod greške pozivanja svojstva."},{"id":null,"key":"CS_PropertyPoller_OnResults","value":"On results"},{"id":null,"key":"CS_PropertyPoller_OnResults_Help","value":"Fired when results are received from a poll requests."},{"id":null,"key":"CS_PropertyPoller_OnStatus","value":"kod povrata informacija svojstva"},{"id":null,"key":"CS_PropertyPoller_OnStatus_Help","value":"Izazvan kad je podatak vraćen iz pozivanja poslužitelja za informaciju svojstva."},{"id":null,"key":"CS_Query_ExecuteOnChange","value":"Run search on change"},{"id":null,"key":"CS_Query_ExecuteOnChange_Help","value":"Runs the configured search when the view change event occurs in the component."},{"id":null,"key":"CS_Query_ExecuteOnView","value":"Execute search on view"},{"id":null,"key":"CS_Query_ExecuteOnView_Help","value":"Runs the configured search when the coach view event occurs in the component."},{"id":null,"key":"CS_Query_MaxResults","value":"Maximum results"},{"id":null,"key":"CS_Query_MaxResults_Help","value":"The maximum number of results to return from the query."},{"id":null,"key":"CS_Query_OnError","value":"On error"},{"id":null,"key":"CS_Query_OnError_Help","value":"Fired when an error occurs."},{"id":null,"key":"CS_Query_OnSearchResults","value":"On search results"},{"id":null,"key":"CS_Query_OnSearchResults_Help","value":"Fired when search results are returned from the server."},{"id":null,"key":"CS_Query_ResultProperties","value":"Result properties"},{"id":null,"key":"CS_Query_ResultProperties_Help","value":"Symbolic names of properties returned in the search results."},{"id":null,"key":"CS_Query_SearchValue","value":"Search values"},{"id":null,"key":"CS_Query_SearchValue_Help","value":"The values to search for."},{"id":null,"key":"CS_RepositoryId","value":"ID spremišta"},{"id":null,"key":"CS_RepositoryId_Help","value":"ID spremišta iz IBM Navigatora. Ovu vrijednost koristi preglednik dokumenata."},{"id":null,"key":"CS_Save","value":"Save"},{"id":null,"key":"CS_SelectFiles","value":"Select Files"},{"id":null,"key":"CS_SummaryCard_Details","value":"Details"},{"id":null,"key":"CS_SummaryCard_Details_Help","value":"Displayed in the details section of the summary card."},{"id":null,"key":"CS_SummaryCard_DisplayHelpIcon","value":"Display help icon"},{"id":null,"key":"CS_SummaryCard_DisplayHelpIcon_Help","value":"When checked, displays a help icon in the card."},{"id":null,"key":"CS_SummaryCard_HelpLearnMoreUrl","value":"Help learn more URL"},{"id":null,"key":"CS_SummaryCard_HelpLearnMoreUrl_Help","value":"A link to Learn More information. When set, a button is displayed in the help tooltip that when clicked, displays the page specified in the link."},{"id":null,"key":"CS_SummaryCard_HelpText","value":"Help text"},{"id":null,"key":"CS_SummaryCard_HelpText_Help","value":"Either a message ID or text that is displayed in a tooltip when the user clicks the help icon."},{"id":null,"key":"CS_SummaryCard_OnClick","value":"On click"},{"id":null,"key":"CS_SummaryCard_OnClick_Help","value":"Fired when the summary card is clicked."},{"id":null,"key":"CS_SummaryCard_Title","value":"Title"},{"id":null,"key":"CS_SummaryCard_Title_Help","value":"Displayed as the title of the summary card."},{"id":null,"key":"CS_Upload","value":"Upload"},{"id":null,"key":"CS_UploadContent_OnContentAdded","value":"Kod dodavanja sadržaja"},{"id":null,"key":"CS_UploadContent_OnContentAdded_Help","value":"Događaj izazvan kad je sadržaj uspješno predan."},{"id":null,"key":"CS_UploadContent_OnError","value":"Na grešci"},{"id":null,"key":"CS_UploadContent_OnError_Help","value":"Događaj izazvan kod greške prilikom predavanja sadržaja."},{"id":null,"key":"CS_UploadVersion_OnUploadVersion","value":"On upload version"},{"id":null,"key":"CS_UploadVersion_OnUploadVersionHelp","value":"An event that is fired when a new version of the document has been uploaded."},{"id":null,"key":"CS_Width","value":"Širina"}]}