<?xml version="1.0" encoding="UTF-8"?>
<teamworks>
    <process id="1.1ea27d0b-f81e-4292-b273-1ed91bb1f743" name="SQL File to Blob">
        <lastModified>1361372673512</lastModified>
        <lastModifiedBy>Internal TW Admin user</lastModifiedBy>
        <tenantId isNull="true" />
        <processId>1.1ea27d0b-f81e-4292-b273-1ed91bb1f743</processId>
        <image isNull="true" />
        <tabGroup isNull="true" />
        <startingProcessItemId>2025.fd87c3ca-5874-43d3-9ec5-044157d4d93a</startingProcessItemId>
        <isRootProcess>false</isRootProcess>
        <processType>4</processType>
        <isErrorHandlerEnabled>false</isErrorHandlerEnabled>
        <errorHandlerItemId isNull="true" />
        <isLoggingVariables>false</isLoggingVariables>
        <isTransactional>false</isTransactional>
        <processTimingLevel isNull="true" />
        <participantRef isNull="true" />
        <exposedType isNull="true" />
        <isTrackingEnabled>true</isTrackingEnabled>
        <xmlData isNull="true" />
        <cachingType>false</cachingType>
        <itemLabel isNull="true" />
        <cacheLength>43200</cacheLength>
        <mobileReady>false</mobileReady>
        <sboSyncEnabled>true</sboSyncEnabled>
        <externalId isNull="true" />
        <isSecured>false</isSecured>
        <isAjaxExposed>false</isAjaxExposed>
        <isInvokedAsynchronously>false</isInvokedAsynchronously>
        <description>Reads binary data from a file (using streams) and writes the data to a BLOB using the specified SQL statement and returns the results as a list of SQLResult.</description>
        <guid>guid:77a8b4ba28edc846:9d544eb:115aa79594a:-7ffa</guid>
        <versionId>f0d5b99c-9368-4c32-9ea5-fc643ace3a4d</versionId>
        <dependencySummary isNull="true" />
        <jsonData isNull="true" />
        <field1 isNull="true" />
        <field2 isNull="true" />
        <field3>0</field3>
        <field4 isNull="true" />
        <field5>false</field5>
        <clobField1 isNull="true" />
        <blobField1 isNull="true" />
        <processParameter name="sql">
            <lastModified isNull="true" />
            <lastModifiedBy isNull="true" />
            <tenantId isNull="true" />
            <processParameterId>2055.42e50a81-398b-4913-9f65-d88e1a4bd70b</processParameterId>
            <processId>1.1ea27d0b-f81e-4292-b273-1ed91bb1f743</processId>
            <parameterType>1</parameterType>
            <isArrayOf>false</isArrayOf>
            <classId>/12.db884a3c-c533-44b7-bb2d-47bec8ad4022</classId>
            <seq>2</seq>
            <hasDefault>false</hasDefault>
            <defaultValue isNull="true" />
            <isLocked>false</isLocked>
            <description isNull="true" />
            <guid>guid:197d4ddc90fc5427:-1c619ffe:11def1582ed:-7988</guid>
            <versionId>a9c70d36-1366-46b4-bef0-695aa6662913</versionId>
        </processParameter>
        <processParameter name="parameters">
            <lastModified isNull="true" />
            <lastModifiedBy isNull="true" />
            <tenantId isNull="true" />
            <processParameterId>2055.a9fe0e55-6995-4b1c-b0d6-f42257666334</processParameterId>
            <processId>1.1ea27d0b-f81e-4292-b273-1ed91bb1f743</processId>
            <parameterType>1</parameterType>
            <isArrayOf>true</isArrayOf>
            <classId>/12.f453f500-ca4e-4264-a371-72c1892e8b7c</classId>
            <seq>3</seq>
            <hasDefault>true</hasDefault>
            <defaultValue>null</defaultValue>
            <isLocked>false</isLocked>
            <description isNull="true" />
            <guid>guid:197d4ddc90fc5427:-1c619ffe:11def1582ed:-7986</guid>
            <versionId>b1097ab2-3c28-4388-86a5-28f1226df329</versionId>
        </processParameter>
        <processParameter name="maxRows">
            <lastModified isNull="true" />
            <lastModifiedBy isNull="true" />
            <tenantId isNull="true" />
            <processParameterId>2055.3d4fc056-ae10-4a84-9e45-0d1be514fc93</processParameterId>
            <processId>1.1ea27d0b-f81e-4292-b273-1ed91bb1f743</processId>
            <parameterType>1</parameterType>
            <isArrayOf>false</isArrayOf>
            <classId>/12.3fa0d7a0-828a-4d60-99cc-db5ed143fc2d</classId>
            <seq>4</seq>
            <hasDefault>true</hasDefault>
            <defaultValue>-1</defaultValue>
            <isLocked>false</isLocked>
            <description isNull="true" />
            <guid>guid:197d4ddc90fc5427:-1c619ffe:11def1582ed:-7984</guid>
            <versionId>827f36ab-5db5-4d06-9a1b-30e4887cb3a5</versionId>
        </processParameter>
        <processParameter name="blobParameterIndex">
            <lastModified isNull="true" />
            <lastModifiedBy isNull="true" />
            <tenantId isNull="true" />
            <processParameterId>2055.17cbb7e4-9387-4935-b399-054aef85c88c</processParameterId>
            <processId>1.1ea27d0b-f81e-4292-b273-1ed91bb1f743</processId>
            <parameterType>1</parameterType>
            <isArrayOf>false</isArrayOf>
            <classId>/12.3fa0d7a0-828a-4d60-99cc-db5ed143fc2d</classId>
            <seq>5</seq>
            <hasDefault>false</hasDefault>
            <defaultValue isNull="true" />
            <isLocked>false</isLocked>
            <description isNull="true" />
            <guid>guid:197d4ddc90fc5427:-1c619ffe:11def1582ed:-7982</guid>
            <versionId>e04a8262-bedc-4737-91f6-747dd19ac5b5</versionId>
        </processParameter>
        <processParameter name="inputFilePath">
            <lastModified isNull="true" />
            <lastModifiedBy isNull="true" />
            <tenantId isNull="true" />
            <processParameterId>2055.85a185ea-deb6-4cca-a7fb-451a814da1ef</processParameterId>
            <processId>1.1ea27d0b-f81e-4292-b273-1ed91bb1f743</processId>
            <parameterType>1</parameterType>
            <isArrayOf>false</isArrayOf>
            <classId>/12.db884a3c-c533-44b7-bb2d-47bec8ad4022</classId>
            <seq>6</seq>
            <hasDefault>false</hasDefault>
            <defaultValue isNull="true" />
            <isLocked>false</isLocked>
            <description isNull="true" />
            <guid>guid:197d4ddc90fc5427:-1c619ffe:11def1582ed:-7980</guid>
            <versionId>da7a794e-d3f1-4e8e-a63c-b434e18f4ea5</versionId>
        </processParameter>
        <processParameter name="dataSourceName">
            <lastModified isNull="true" />
            <lastModifiedBy isNull="true" />
            <tenantId isNull="true" />
            <processParameterId>2055.ad535262-19fb-4231-97d9-36823a6803cf</processParameterId>
            <processId>1.1ea27d0b-f81e-4292-b273-1ed91bb1f743</processId>
            <parameterType>1</parameterType>
            <isArrayOf>false</isArrayOf>
            <classId>/12.db884a3c-c533-44b7-bb2d-47bec8ad4022</classId>
            <seq>7</seq>
            <hasDefault>true</hasDefault>
            <defaultValue>"jdbc/TeamWorksDB"</defaultValue>
            <isLocked>false</isLocked>
            <description isNull="true" />
            <guid>guid:197d4ddc90fc5427:-1c619ffe:11def1582ed:-797e</guid>
            <versionId>43905dd8-c640-4c27-9f2f-af8e99f67933</versionId>
        </processParameter>
        <processParameter name="results">
            <lastModified isNull="true" />
            <lastModifiedBy isNull="true" />
            <tenantId isNull="true" />
            <processParameterId>2055.a66a1a90-acb1-43e3-931a-d0d18b215726</processParameterId>
            <processId>1.1ea27d0b-f81e-4292-b273-1ed91bb1f743</processId>
            <parameterType>2</parameterType>
            <isArrayOf>true</isArrayOf>
            <classId>/12.3b1e3757-a1f4-4c3f-bbb8-16fecd4d65c1</classId>
            <seq>8</seq>
            <hasDefault>false</hasDefault>
            <defaultValue isNull="true" />
            <isLocked>false</isLocked>
            <description isNull="true" />
            <guid>guid:197d4ddc90fc5427:-1c619ffe:11def1582ed:-797c</guid>
            <versionId>e28d136b-8d58-4c55-8490-144f84bc2f7b</versionId>
        </processParameter>
        <item>
            <lastModified isNull="true" />
            <lastModifiedBy isNull="true" />
            <tenantId isNull="true" />
            <processItemId>2025.1b5c7f51-2955-4a99-97fc-e2f70faccf38</processItemId>
            <processId>1.1ea27d0b-f81e-4292-b273-1ed91bb1f743</processId>
            <name>End</name>
            <tWComponentName>ExitPoint</tWComponentName>
            <tWComponentId>3008.184f4987-98ea-4bd4-978b-d13a5c2288de</tWComponentId>
            <isLogEnabled>false</isLogEnabled>
            <isTraceEnabled>false</isTraceEnabled>
            <traceCategory isNull="true" />
            <traceLevel isNull="true" />
            <traceMessage isNull="true" />
            <traceSymbolTable isNull="true" />
            <isExecutionContextTraced>false</isExecutionContextTraced>
            <saveExecutionContext>true</saveExecutionContext>
            <documentation isNull="true" />
            <isErrorHandlerEnabled>false</isErrorHandlerEnabled>
            <errorHandlerItemId isNull="true" />
            <guid>guid:77a8b4ba28edc846:9d544eb:115aa79594a:-7ff9</guid>
            <versionId>6a2b1538-ab20-4128-926d-43a6d499c589</versionId>
            <externalServiceRef isNull="true" />
            <externalServiceOp isNull="true" />
            <nodeColor isNull="true" />
            <layoutData x="297" y="100">
                <errorLink>
                    <controlPoints />
                    <showEndState>false</showEndState>
                    <showName>false</showName>
                </errorLink>
            </layoutData>
            <TWComponent>
                <lastModified isNull="true" />
                <lastModifiedBy isNull="true" />
                <tenantId isNull="true" />
                <exitPointId>3008.184f4987-98ea-4bd4-978b-d13a5c2288de</exitPointId>
                <haltProcess>false</haltProcess>
                <guid>guid:197d4ddc90fc5427:-1c619ffe:11def1582ed:-7978</guid>
                <versionId>7733628e-df2c-4e8e-84ab-c70a43681eb6</versionId>
            </TWComponent>
        </item>
        <item>
            <lastModified isNull="true" />
            <lastModifiedBy isNull="true" />
            <tenantId isNull="true" />
            <processItemId>2025.fd87c3ca-5874-43d3-9ec5-044157d4d93a</processItemId>
            <processId>1.1ea27d0b-f81e-4292-b273-1ed91bb1f743</processId>
            <name>Write File to Blob</name>
            <tWComponentName>JavaConnector</tWComponentName>
            <tWComponentId>3022.1e7099ca-ce09-4f1a-9162-3363f67ef033</tWComponentId>
            <isLogEnabled>false</isLogEnabled>
            <isTraceEnabled>false</isTraceEnabled>
            <traceCategory isNull="true" />
            <traceLevel isNull="true" />
            <traceMessage isNull="true" />
            <traceSymbolTable isNull="true" />
            <isExecutionContextTraced>false</isExecutionContextTraced>
            <saveExecutionContext>false</saveExecutionContext>
            <documentation isNull="true" />
            <isErrorHandlerEnabled>false</isErrorHandlerEnabled>
            <errorHandlerItemId isNull="true" />
            <guid>guid:12be50909032b80c:18f81ea7:11f41c537ad:-77f5</guid>
            <versionId>b52cef53-357d-4afb-aefc-7aaba23ace53</versionId>
            <externalServiceRef isNull="true" />
            <externalServiceOp isNull="true" />
            <nodeColor isNull="true" />
            <layoutData x="144" y="85">
                <errorLink>
                    <controlPoints />
                    <showEndState>false</showEndState>
                    <showName>false</showName>
                </errorLink>
            </layoutData>
            <TWComponent>
                <lastModified isNull="true" />
                <lastModifiedBy isNull="true" />
                <tenantId isNull="true" />
                <javaConnectorId>3022.1e7099ca-ce09-4f1a-9162-3363f67ef033</javaConnectorId>
                <definition>&lt;connector&gt;
  &lt;javaClassName&gt;teamworks.SQLConnector&lt;/javaClassName&gt;
  &lt;methodName&gt;fileToBlobFlat&lt;/methodName&gt;
  &lt;inputRecord&gt;
    &lt;element type="java.lang.String" nativeType="java.lang.String" parameter="Parameter 0" argument="tw.local.sql" description="SQL Statement (String)" /&gt;
    &lt;element type="teamworks.TWList" nativeType="teamworks.TWList" parameter="Parameter 1" argument="tw.local.parameters" description="Parameter List (TWList)" /&gt;
    &lt;element type="java.lang.Integer" nativeType="java.lang.Integer" parameter="Parameter 2" argument="tw.local.maxRows" description="Max Rows (Integer)" /&gt;
    &lt;element type="java.lang.Integer" nativeType="int" parameter="Parameter 3" argument="tw.local.blobParameterIndex" description="Blob Parameter Index" /&gt;
    &lt;element type="java.lang.String" nativeType="java.lang.String" parameter="Parameter 4" argument="tw.local.inputFilePath" description="Input File Path" /&gt;
    &lt;element type="java.lang.String" nativeType="java.lang.String" parameter="Parameter 5" argument="tw.local.dataSourceName" description="JNDI DataSource Name" /&gt;
  &lt;/inputRecord&gt;
  &lt;outputRecord&gt;
    &lt;element type="java.lang.Object" nativeType="java.lang.Object" parameter="Return Value" argument="tw.local.results" description="" /&gt;
  &lt;/outputRecord&gt;
&lt;/connector&gt;</definition>
                <guid>guid:12be50909032b80c:18f81ea7:11f41c537ad:-77f6</guid>
                <versionId>325d0605-f68c-43e4-8975-f25f1a79ba41</versionId>
            </TWComponent>
        </item>
        <startingProcessItemId>2025.fd87c3ca-5874-43d3-9ec5-044157d4d93a</startingProcessItemId>
        <errorHandlerItemId isNull="true" />
        <layoutData noConversion="true">
            <errorLink>
                <controlPoints />
                <showEndState>false</showEndState>
                <showName>false</showName>
            </errorLink>
        </layoutData>
        <startPoint>
            <layoutData x="20" y="100">
                <errorLink>
                    <controlPoints />
                    <showEndState>false</showEndState>
                    <showName>false</showName>
                </errorLink>
            </layoutData>
        </startPoint>
        <startLink>
            <fromPort locationId="rightCenter" portType="1" />
            <toPort locationId="leftCenter" portType="2" />
            <layoutData>
                <controlPoints />
                <showEndState>false</showEndState>
                <showName>false</showName>
            </layoutData>
        </startLink>
        <link name="Untitled">
            <lastModified isNull="true" />
            <lastModifiedBy isNull="true" />
            <tenantId isNull="true" />
            <processLinkId>2027.c634d4f7-3ac5-4bda-85c7-ebdd1d4b97b5</processLinkId>
            <processId>1.1ea27d0b-f81e-4292-b273-1ed91bb1f743</processId>
            <description isNull="true" />
            <fromProcessItemId>2025.fd87c3ca-5874-43d3-9ec5-044157d4d93a</fromProcessItemId>
            <endStateId>Out</endStateId>
            <toProcessItemId>2025.1b5c7f51-2955-4a99-97fc-e2f70faccf38</toProcessItemId>
            <guid>guid:12be50909032b80c:18f81ea7:11f41c537ad:-77e8</guid>
            <versionId>f4aa77b7-c174-4b60-a714-3a5a48b91752</versionId>
            <layoutData>
                <controlPoints />
                <showEndState>false</showEndState>
                <showName>false</showName>
            </layoutData>
            <fromItemPort locationId="rightCenter" portType="1" />
            <toItemPort locationId="leftCenter" portType="2" />
            <fromProcessItemId>2025.fd87c3ca-5874-43d3-9ec5-044157d4d93a</fromProcessItemId>
            <toProcessItemId>2025.1b5c7f51-2955-4a99-97fc-e2f70faccf38</toProcessItemId>
        </link>
    </process>
</teamworks>

