<?xml version="1.0" encoding="UTF-8"?>
<teamworks>
    <process id="1.4cdefff8-110e-4820-81af-2f91af5ff465" name="SQL Call Stored Procedure  (SQLResult)">
        <lastModified>1361372673512</lastModified>
        <lastModifiedBy>Internal TW Admin user</lastModifiedBy>
        <tenantId isNull="true" />
        <processId>1.4cdefff8-110e-4820-81af-2f91af5ff465</processId>
        <image isNull="true" />
        <tabGroup isNull="true" />
        <startingProcessItemId>2025.514b237c-6aee-4e84-b48c-161d3001f189</startingProcessItemId>
        <isRootProcess>false</isRootProcess>
        <processType>4</processType>
        <isErrorHandlerEnabled>false</isErrorHandlerEnabled>
        <errorHandlerItemId isNull="true" />
        <isLoggingVariables>false</isLoggingVariables>
        <isTransactional>false</isTransactional>
        <processTimingLevel isNull="true" />
        <participantRef isNull="true" />
        <exposedType isNull="true" />
        <isTrackingEnabled>true</isTrackingEnabled>
        <xmlData isNull="true" />
        <cachingType>false</cachingType>
        <itemLabel isNull="true" />
        <cacheLength>43200</cacheLength>
        <mobileReady>false</mobileReady>
        <sboSyncEnabled>true</sboSyncEnabled>
        <externalId isNull="true" />
        <isSecured>false</isSecured>
        <isAjaxExposed>false</isAjaxExposed>
        <isInvokedAsynchronously>false</isInvokedAsynchronously>
        <description>Calls a SQL stored procedure or function and returns the results based on the supplied return type.</description>
        <guid>guid:d7766b7587753602:16bdf27c:11586c10093:-7ffb</guid>
        <versionId>376afa55-1bc9-449f-aa62-50432eb13e98</versionId>
        <dependencySummary isNull="true" />
        <jsonData isNull="true" />
        <field1 isNull="true" />
        <field2 isNull="true" />
        <field3>0</field3>
        <field4 isNull="true" />
        <field5>false</field5>
        <clobField1 isNull="true" />
        <blobField1 isNull="true" />
        <processParameter name="results">
            <lastModified isNull="true" />
            <lastModifiedBy isNull="true" />
            <tenantId isNull="true" />
            <processParameterId>2055.7e127262-e4fb-4089-99dd-77f610619c8c</processParameterId>
            <processId>1.4cdefff8-110e-4820-81af-2f91af5ff465</processId>
            <parameterType>2</parameterType>
            <isArrayOf>true</isArrayOf>
            <classId>/12.3b1e3757-a1f4-4c3f-bbb8-16fecd4d65c1</classId>
            <seq>1</seq>
            <hasDefault>false</hasDefault>
            <defaultValue isNull="true" />
            <isLocked>false</isLocked>
            <description isNull="true" />
            <guid>guid:197d4ddc90fc5427:-1c619ffe:11def1582ed:-7937</guid>
            <versionId>ed914cdc-a19d-432b-baf4-b67d0d8073e3</versionId>
        </processParameter>
        <processParameter name="sql">
            <lastModified isNull="true" />
            <lastModifiedBy isNull="true" />
            <tenantId isNull="true" />
            <processParameterId>2055.b50e959b-ece2-43bc-b7c2-e71c7e7f638c</processParameterId>
            <processId>1.4cdefff8-110e-4820-81af-2f91af5ff465</processId>
            <parameterType>1</parameterType>
            <isArrayOf>false</isArrayOf>
            <classId>/12.db884a3c-c533-44b7-bb2d-47bec8ad4022</classId>
            <seq>7</seq>
            <hasDefault>false</hasDefault>
            <defaultValue isNull="true" />
            <isLocked>false</isLocked>
            <description isNull="true" />
            <guid>guid:197d4ddc90fc5427:-1c619ffe:11def1582ed:-7935</guid>
            <versionId>0f4e8742-fc7e-443f-8de4-dff8456418c0</versionId>
        </processParameter>
        <processParameter name="parameters">
            <lastModified isNull="true" />
            <lastModifiedBy isNull="true" />
            <tenantId isNull="true" />
            <processParameterId>2055.445bdf54-adf8-4cb4-861f-c3509d6d9901</processParameterId>
            <processId>1.4cdefff8-110e-4820-81af-2f91af5ff465</processId>
            <parameterType>1</parameterType>
            <isArrayOf>true</isArrayOf>
            <classId>/12.f453f500-ca4e-4264-a371-72c1892e8b7c</classId>
            <seq>8</seq>
            <hasDefault>true</hasDefault>
            <defaultValue>null</defaultValue>
            <isLocked>false</isLocked>
            <description isNull="true" />
            <guid>guid:197d4ddc90fc5427:-1c619ffe:11def1582ed:-7933</guid>
            <versionId>dc6fb4be-dc60-4a5d-899a-4af0d7570b18</versionId>
        </processParameter>
        <processParameter name="maxRows">
            <lastModified isNull="true" />
            <lastModifiedBy isNull="true" />
            <tenantId isNull="true" />
            <processParameterId>2055.7815e939-f857-4cf3-9c9f-4f4289496f2e</processParameterId>
            <processId>1.4cdefff8-110e-4820-81af-2f91af5ff465</processId>
            <parameterType>1</parameterType>
            <isArrayOf>false</isArrayOf>
            <classId>/12.3fa0d7a0-828a-4d60-99cc-db5ed143fc2d</classId>
            <seq>10</seq>
            <hasDefault>true</hasDefault>
            <defaultValue>-1</defaultValue>
            <isLocked>false</isLocked>
            <description isNull="true" />
            <guid>guid:197d4ddc90fc5427:-1c619ffe:11def1582ed:-7931</guid>
            <versionId>6d2fa21d-c932-4bfa-b622-df8fdda97065</versionId>
        </processParameter>
        <processParameter name="dataSourceName">
            <lastModified isNull="true" />
            <lastModifiedBy isNull="true" />
            <tenantId isNull="true" />
            <processParameterId>2055.de45839d-cf87-4f0a-bae2-a1897762f27c</processParameterId>
            <processId>1.4cdefff8-110e-4820-81af-2f91af5ff465</processId>
            <parameterType>1</parameterType>
            <isArrayOf>false</isArrayOf>
            <classId>/12.db884a3c-c533-44b7-bb2d-47bec8ad4022</classId>
            <seq>11</seq>
            <hasDefault>true</hasDefault>
            <defaultValue>"jdbc/TeamWorksDB"</defaultValue>
            <isLocked>false</isLocked>
            <description isNull="true" />
            <guid>guid:197d4ddc90fc5427:-1c619ffe:11def1582ed:-792f</guid>
            <versionId>f1b4a62d-b5eb-44ae-8c4d-0f05cbdb68f4</versionId>
        </processParameter>
        <processVariable name="returnType">
            <lastModified isNull="true" />
            <lastModifiedBy isNull="true" />
            <tenantId isNull="true" />
            <processVariableId>2056.d8315722-273b-42e9-9166-7a70093236e5</processVariableId>
            <description isNull="true" />
            <processId>1.4cdefff8-110e-4820-81af-2f91af5ff465</processId>
            <namespace>2</namespace>
            <seq>1</seq>
            <isArrayOf>false</isArrayOf>
            <isTransient>false</isTransient>
            <classId>/12.db884a3c-c533-44b7-bb2d-47bec8ad4022</classId>
            <hasDefault>true</hasDefault>
            <defaultValue>"SQLResult"</defaultValue>
            <guid>guid:197d4ddc90fc5427:-1c619ffe:11def1582ed:-7929</guid>
            <versionId>a24470d9-bed6-4904-b4fe-93d2af8a7eed</versionId>
        </processVariable>
        <item>
            <lastModified isNull="true" />
            <lastModifiedBy isNull="true" />
            <tenantId isNull="true" />
            <processItemId>2025.514b237c-6aee-4e84-b48c-161d3001f189</processItemId>
            <processId>1.4cdefff8-110e-4820-81af-2f91af5ff465</processId>
            <name>SQL Call Stored Procedure</name>
            <tWComponentName>SubProcess</tWComponentName>
            <tWComponentId>3012.784fbdb0-df3e-4eb0-8c93-96205bdd373b</tWComponentId>
            <isLogEnabled>false</isLogEnabled>
            <isTraceEnabled>false</isTraceEnabled>
            <traceCategory isNull="true" />
            <traceLevel isNull="true" />
            <traceMessage isNull="true" />
            <traceSymbolTable isNull="true" />
            <isExecutionContextTraced>false</isExecutionContextTraced>
            <saveExecutionContext>true</saveExecutionContext>
            <documentation isNull="true" />
            <isErrorHandlerEnabled>false</isErrorHandlerEnabled>
            <errorHandlerItemId isNull="true" />
            <guid>guid:12be50909032b80c:18f81ea7:11f41c537ad:-7e7f</guid>
            <versionId>ea42c89b-90dc-43af-9bcd-7e2835f23d5c</versionId>
            <externalServiceRef isNull="true" />
            <externalServiceOp isNull="true" />
            <nodeColor isNull="true" />
            <layoutData x="245" y="95">
                <errorLink>
                    <controlPoints />
                    <showEndState>false</showEndState>
                    <showName>false</showName>
                </errorLink>
            </layoutData>
            <TWComponent>
                <lastModified isNull="true" />
                <lastModifiedBy isNull="true" />
                <tenantId isNull="true" />
                <subProcessId>3012.784fbdb0-df3e-4eb0-8c93-96205bdd373b</subProcessId>
                <attachedProcessRef>/1.6f946df6-0ae4-49ca-a697-45dc95ccfbb8</attachedProcessRef>
                <guid>guid:12be50909032b80c:18f81ea7:11f41c537ad:-7e7e</guid>
                <versionId>01a4c729-06e0-439f-9e5e-5dcc188d9271</versionId>
                <parameterMapping name="sql">
                    <lastModified isNull="true" />
                    <lastModifiedBy isNull="true" />
                    <tenantId isNull="true" />
                    <parameterMappingId>2054.6b88f8f2-a8ed-42e1-a342-7da56e4e9a5e</parameterMappingId>
                    <processParameterId>2055.52689c74-1562-4959-b106-19a96624ca55</processParameterId>
                    <parameterMappingParentId>3012.784fbdb0-df3e-4eb0-8c93-96205bdd373b</parameterMappingParentId>
                    <useDefault>false</useDefault>
                    <value>tw.local.sql</value>
                    <classRef>/12.db884a3c-c533-44b7-bb2d-47bec8ad4022</classRef>
                    <isList>false</isList>
                    <isInput>true</isInput>
                    <mappingMode isNull="true" />
                    <sourcePath isNull="true" />
                    <targetPath isNull="true" />
                    <guid>guid:12be50909032b80c:18f81ea7:11f41c537ad:-7e55</guid>
                    <versionId>1366a965-d9ba-4fb1-9d35-3bd4332e950b</versionId>
                    <description isNull="true" />
                </parameterMapping>
                <parameterMapping name="results">
                    <lastModified isNull="true" />
                    <lastModifiedBy isNull="true" />
                    <tenantId isNull="true" />
                    <parameterMappingId>2054.ea2a2a1a-2d78-4b5d-98f1-9f20db92f42e</parameterMappingId>
                    <processParameterId>2055.6e37fad7-0c5a-4d09-8fda-c205099bc823</processParameterId>
                    <parameterMappingParentId>3012.784fbdb0-df3e-4eb0-8c93-96205bdd373b</parameterMappingParentId>
                    <useDefault>false</useDefault>
                    <value>tw.local.results</value>
                    <classRef>/12.c09c9b6e-aabd-4897-bef2-ed61db106297</classRef>
                    <isList>false</isList>
                    <isInput>false</isInput>
                    <mappingMode isNull="true" />
                    <sourcePath isNull="true" />
                    <targetPath isNull="true" />
                    <guid>guid:12be50909032b80c:18f81ea7:11f41c537ad:-7e4d</guid>
                    <versionId>8b6eb60c-10fb-4ca1-b000-604c6bde574f</versionId>
                    <description isNull="true" />
                </parameterMapping>
                <parameterMapping name="returnType">
                    <lastModified isNull="true" />
                    <lastModifiedBy isNull="true" />
                    <tenantId isNull="true" />
                    <parameterMappingId>2054.0e4dec19-27e1-4217-9386-814030f21b5b</parameterMappingId>
                    <processParameterId>2055.a52e1761-80aa-494b-b33f-d3273a69c4e3</processParameterId>
                    <parameterMappingParentId>3012.784fbdb0-df3e-4eb0-8c93-96205bdd373b</parameterMappingParentId>
                    <useDefault>false</useDefault>
                    <value>"SQLResult"</value>
                    <classRef>/12.db884a3c-c533-44b7-bb2d-47bec8ad4022</classRef>
                    <isList>false</isList>
                    <isInput>true</isInput>
                    <mappingMode isNull="true" />
                    <sourcePath isNull="true" />
                    <targetPath isNull="true" />
                    <guid>guid:12be50909032b80c:18f81ea7:11f41c537ad:-7e52</guid>
                    <versionId>e3bd7953-647d-4cb9-917c-2ad9d4fc5d39</versionId>
                    <description isNull="true" />
                </parameterMapping>
                <parameterMapping name="parameters">
                    <lastModified isNull="true" />
                    <lastModifiedBy isNull="true" />
                    <tenantId isNull="true" />
                    <parameterMappingId>2054.2d456a2a-7737-4a76-855c-3a4863ad162b</parameterMappingId>
                    <processParameterId>2055.89d3bbf2-890d-4ad6-a0be-270882db3603</processParameterId>
                    <parameterMappingParentId>3012.784fbdb0-df3e-4eb0-8c93-96205bdd373b</parameterMappingParentId>
                    <useDefault>false</useDefault>
                    <value>tw.local.parameters</value>
                    <classRef>/12.f453f500-ca4e-4264-a371-72c1892e8b7c</classRef>
                    <isList>true</isList>
                    <isInput>true</isInput>
                    <mappingMode isNull="true" />
                    <sourcePath isNull="true" />
                    <targetPath isNull="true" />
                    <guid>guid:12be50909032b80c:18f81ea7:11f41c537ad:-7e54</guid>
                    <versionId>8fa9aeee-7f8b-4472-a4c1-2ff3ddfdf9dc</versionId>
                    <description isNull="true" />
                </parameterMapping>
                <parameterMapping name="maxRows">
                    <lastModified isNull="true" />
                    <lastModifiedBy isNull="true" />
                    <tenantId isNull="true" />
                    <parameterMappingId>2054.9ef221cc-4d0f-498c-88fc-90241b961898</parameterMappingId>
                    <processParameterId>2055.87718862-8536-46d2-8408-656818df17bb</processParameterId>
                    <parameterMappingParentId>3012.784fbdb0-df3e-4eb0-8c93-96205bdd373b</parameterMappingParentId>
                    <useDefault>false</useDefault>
                    <value>tw.local.maxRows</value>
                    <classRef>/12.3fa0d7a0-828a-4d60-99cc-db5ed143fc2d</classRef>
                    <isList>false</isList>
                    <isInput>true</isInput>
                    <mappingMode isNull="true" />
                    <sourcePath isNull="true" />
                    <targetPath isNull="true" />
                    <guid>guid:12be50909032b80c:18f81ea7:11f41c537ad:-7e53</guid>
                    <versionId>3a6311ef-afbe-4a2b-95c4-1de6d19cbb8b</versionId>
                    <description isNull="true" />
                </parameterMapping>
                <parameterMapping name="dataSourceName">
                    <lastModified isNull="true" />
                    <lastModifiedBy isNull="true" />
                    <tenantId isNull="true" />
                    <parameterMappingId>2054.589b3509-4cc4-45bc-a380-6b35ca1b1d68</parameterMappingId>
                    <processParameterId>2055.99913216-879f-4266-993c-c618bcdc45f4</processParameterId>
                    <parameterMappingParentId>3012.784fbdb0-df3e-4eb0-8c93-96205bdd373b</parameterMappingParentId>
                    <useDefault>false</useDefault>
                    <value>tw.local.dataSourceName</value>
                    <classRef>/12.db884a3c-c533-44b7-bb2d-47bec8ad4022</classRef>
                    <isList>false</isList>
                    <isInput>true</isInput>
                    <mappingMode isNull="true" />
                    <sourcePath isNull="true" />
                    <targetPath isNull="true" />
                    <guid>guid:12be50909032b80c:18f81ea7:11f41c537ad:-7e51</guid>
                    <versionId>25aa2909-fe75-4dae-b488-fae45c18b1a5</versionId>
                    <description isNull="true" />
                </parameterMapping>
            </TWComponent>
        </item>
        <item>
            <lastModified isNull="true" />
            <lastModifiedBy isNull="true" />
            <tenantId isNull="true" />
            <processItemId>2025.e456de06-1a94-40e7-8565-b17281a3e5db</processItemId>
            <processId>1.4cdefff8-110e-4820-81af-2f91af5ff465</processId>
            <name>End</name>
            <tWComponentName>ExitPoint</tWComponentName>
            <tWComponentId>3008.bc9af060-4e4d-4032-9b05-b982517beb33</tWComponentId>
            <isLogEnabled>false</isLogEnabled>
            <isTraceEnabled>false</isTraceEnabled>
            <traceCategory isNull="true" />
            <traceLevel isNull="true" />
            <traceMessage isNull="true" />
            <traceSymbolTable isNull="true" />
            <isExecutionContextTraced>false</isExecutionContextTraced>
            <saveExecutionContext>true</saveExecutionContext>
            <documentation isNull="true" />
            <isErrorHandlerEnabled>false</isErrorHandlerEnabled>
            <errorHandlerItemId isNull="true" />
            <guid>guid:d7766b7587753602:16bdf27c:11586c10093:-7ffa</guid>
            <versionId>aca219f4-39b7-439b-a26e-281901b9c490</versionId>
            <externalServiceRef isNull="true" />
            <externalServiceOp isNull="true" />
            <nodeColor isNull="true" />
            <layoutData x="420" y="110">
                <errorLink>
                    <controlPoints />
                    <showEndState>false</showEndState>
                    <showName>false</showName>
                </errorLink>
            </layoutData>
            <TWComponent>
                <lastModified isNull="true" />
                <lastModifiedBy isNull="true" />
                <tenantId isNull="true" />
                <exitPointId>3008.bc9af060-4e4d-4032-9b05-b982517beb33</exitPointId>
                <haltProcess>false</haltProcess>
                <guid>guid:197d4ddc90fc5427:-1c619ffe:11def1582ed:-792b</guid>
                <versionId>583e4944-1308-49a2-8973-d032b54d7da1</versionId>
            </TWComponent>
        </item>
        <startingProcessItemId>2025.514b237c-6aee-4e84-b48c-161d3001f189</startingProcessItemId>
        <errorHandlerItemId isNull="true" />
        <layoutData noConversion="true">
            <errorLink>
                <controlPoints />
                <showEndState>false</showEndState>
                <showName>false</showName>
            </errorLink>
        </layoutData>
        <startPoint>
            <layoutData x="98" y="110">
                <errorLink>
                    <controlPoints />
                    <showEndState>false</showEndState>
                    <showName>false</showName>
                </errorLink>
            </layoutData>
        </startPoint>
        <startLink>
            <fromPort locationId="rightCenter" portType="1" />
            <toPort locationId="leftCenter" portType="2" />
            <layoutData>
                <controlPoints />
                <showEndState>false</showEndState>
                <showName>false</showName>
            </layoutData>
        </startLink>
        <link name="Untitled">
            <lastModified isNull="true" />
            <lastModifiedBy isNull="true" />
            <tenantId isNull="true" />
            <processLinkId>2027.7633764a-fe0f-4075-bf10-e06bdf39c529</processLinkId>
            <processId>1.4cdefff8-110e-4820-81af-2f91af5ff465</processId>
            <description isNull="true" />
            <fromProcessItemId>2025.514b237c-6aee-4e84-b48c-161d3001f189</fromProcessItemId>
            <endStateId>guid:d7766b7587753602:-9d2f0f9:11586bfc263:-7f84</endStateId>
            <toProcessItemId>2025.e456de06-1a94-40e7-8565-b17281a3e5db</toProcessItemId>
            <guid>guid:12be50909032b80c:18f81ea7:11f41c537ad:-7e77</guid>
            <versionId>38618af3-fe66-469a-b82d-739770189fbe</versionId>
            <layoutData>
                <controlPoints />
                <showEndState>false</showEndState>
                <showName>false</showName>
            </layoutData>
            <fromItemPort locationId="rightCenter" portType="1" />
            <toItemPort locationId="leftCenter" portType="2" />
            <fromProcessItemId>2025.514b237c-6aee-4e84-b48c-161d3001f189</fromProcessItemId>
            <toProcessItemId>2025.e456de06-1a94-40e7-8565-b17281a3e5db</toProcessItemId>
        </link>
    </process>
</teamworks>

