<?xml version="1.0" encoding="UTF-8"?>
<teamworks>
    <process id="1.7fac8f02-fe33-44d7-81c4-24477b684552" name="GetApplicationData">
        <lastModified>1600981437697</lastModified>
        <lastModifiedBy>tw_admin</lastModifiedBy>
        <tenantId isNull="true" />
        <processId>1.7fac8f02-fe33-44d7-81c4-24477b684552</processId>
        <image isNull="true" />
        <tabGroup isNull="true" />
        <startingProcessItemId>2025.d419104e-7ab2-4a66-be80-383621674daa</startingProcessItemId>
        <isRootProcess>false</isRootProcess>
        <processType>14</processType>
        <isErrorHandlerEnabled>false</isErrorHandlerEnabled>
        <errorHandlerItemId isNull="true" />
        <isLoggingVariables>false</isLoggingVariables>
        <isTransactional>false</isTransactional>
        <processTimingLevel isNull="true" />
        <participantRef isNull="true" />
        <exposedType>0</exposedType>
        <isTrackingEnabled>true</isTrackingEnabled>
        <xmlData isNull="true" />
        <cachingType>false</cachingType>
        <itemLabel isNull="true" />
        <cacheLength isNull="true" />
        <mobileReady>false</mobileReady>
        <sboSyncEnabled>true</sboSyncEnabled>
        <externalId isNull="true" />
        <isSecured>false</isSecured>
        <isAjaxExposed>false</isAjaxExposed>
        <isInvokedAsynchronously>false</isInvokedAsynchronously>
        <description>Retrieves application data</description>
        <guid>guid:154846eab305ed5c:589a8606:1719d3cacc1:-3d8b</guid>
        <versionId>e9bd8a35-81f3-4ecf-8de5-02f8c2b6edf3</versionId>
        <dependencySummary isNull="true" />
        <jsonData>{"rootElement":[{"extensionElements":{"userTaskImplementation":[{"flowElement":[{"parallelMultiple":false,"outgoing":["2027.6229aab7-cb7c-488c-82f3-d7a8f8817d0a"],"isInterrupting":true,"extensionElements":{"nodeVisualInfo":[{"color":"#F8F8F8","width":24,"x":50,"y":200,"declaredType":"TNodeVisualInfo","height":24}]},"name":"Start","declaredType":"startEvent","id":"cbcad3a4-a578-4a23-8ab0-6a039187626b"},{"incoming":["2027.9f71a3da-c6ba-41ad-8d35-feeb48f087ef"],"extensionElements":{"nodeVisualInfo":[{"color":"#F8F8F8","width":24,"x":700,"y":200,"declaredType":"TNodeVisualInfo","height":24}],"navigationInstructions":[{"targetType":"Default","declaredType":"com.ibm.bpmsdk.model.bpmn20.ibmext.TNavigationInstructions"}]},"name":"End","declaredType":"endEvent","id":"c46dcff3-2fc6-4193-80c1-216ad6c92a7f"},{"targetRef":"2025.e62d2af8-a823-4b63-8633-3b1b5e66147e","extensionElements":{"linkVisualInfo":[{"sourcePortLocation":"rightCenter","showCoachControlLabel":false,"labelPosition":0.0,"targetPortLocation":"leftCenter","declaredType":"TLinkVisualInfo","saveExecutionContext":false,"showLabel":false}]},"name":"To GetApplicationData","declaredType":"sequenceFlow","id":"2027.6229aab7-cb7c-488c-82f3-d7a8f8817d0a","sourceRef":"cbcad3a4-a578-4a23-8ab0-6a039187626b"},{"outgoing":["2027.b3beb143-92c6-4910-8165-ce1be5ff320b"],"incoming":["2027.6229aab7-cb7c-488c-82f3-d7a8f8817d0a"],"extensionElements":{"nodeVisualInfo":[{"width":95,"x":237,"y":177,"declaredType":"TNodeVisualInfo","height":70}]},"documentation":[{"content":["Retrieves application data"],"textFormat":"text\/plain"}],"declaredType":"scriptTask","script":{"content":["tw.system.waitForContinueFlow();\r\ntw.local.inputParams.businessObjectMap.scope = tw.local.inputParams.scope;\r\ntw.system.performRequest(\"#DATAPERSISTENCE\", {\n  path: tw.local.inputParams.appId,\r\n  method: \"GET\",\r\n  payload: {\r\n    user: tw.system.user,\r\n    scope: tw.local.inputParams.scope,\r\n    key: Object.keys(tw.local.inputParams.businessObjectMap)\r\n  },\r\n  auth: {\r\n    protocol: \"OIDC\"\r\n  },\r\n  headers: {\r\n    \"Content-Type\": \"application\/json\"\r\n  }\r\n}, function (response, data) {\r\n  tw.system.log(tw.system.model.name, tw.system.model.step.name, JSON.stringify(data));\r\n  tw.local.outputParams = {};\r\n  tw.local.outputParams.businessObjectMap = JSON.parse(response, tw.system.jsonReviver);\r\n  tw.system.continueFlow();\r\n}, function (error) {\r\n  tw.system.log(tw.system.model.name, tw.system.model.step.name, JSON.stringify(error));\r\n  tw.local.error = error;\r\n  tw.system.continueFlow();\r\n});"]},"startQuantity":1,"default":"2027.b3beb143-92c6-4910-8165-ce1be5ff320b","name":"GetApplicationData","isForCompensation":false,"completionQuantity":1,"id":"2025.e62d2af8-a823-4b63-8633-3b1b5e66147e","scriptFormat":"text\/x-javascript"},{"targetRef":"2025.d8857e06-fb76-484b-8811-0822b92d03be","extensionElements":{"sequenceFlowImplementation":[{"fireValidation":"Never","sboSyncEnabled":true,"declaredType":"com.ibm.bpmsdk.model.bpmn20.ibmext.TSequenceFlowImplementation"}],"linkVisualInfo":[{"sourcePortLocation":"rightCenter","showCoachControlLabel":false,"labelPosition":0.0,"targetPortLocation":"leftCenter","declaredType":"TLinkVisualInfo","saveExecutionContext":true,"showLabel":false}]},"name":"To Has error?","declaredType":"sequenceFlow","id":"2027.b3beb143-92c6-4910-8165-ce1be5ff320b","sourceRef":"2025.e62d2af8-a823-4b63-8633-3b1b5e66147e"},{"itemSubjectRef":"itm.12.c09c9b6e-aabd-4897-bef2-ed61db106297","documentation":[{"content":["Error"],"textFormat":"text\/plain"}],"name":"error","isCollection":false,"declaredType":"dataObject","id":"2056.691e599d-e63d-43e1-8859-7528921d80ac"},{"incoming":["2027.e57f108f-6ea8-45ca-8ff3-24066a59590f"],"eventDefinition":[{"extensionElements":{"errorEventSettings":[{"catchAll":false,"errorCode":"\"GetApplicationDataError\"","declaredType":"com.ibm.bpmsdk.model.bpmn20.ibmwleext.TErrorEventSettings"}]},"declaredType":"errorEventDefinition"}],"extensionElements":{"nodeVisualInfo":[{"width":24,"x":693,"y":269,"declaredType":"TNodeVisualInfo","height":24}],"navigationInstructions":[{"targetType":"Default","declaredType":"com.ibm.bpmsdk.model.bpmn20.ibmext.TNavigationInstructions"}]},"name":"Error","dataInputAssociation":[{"assignment":[{"from":{"evaluatesToTypeRef":"itm.12.c09c9b6e-aabd-4897-bef2-ed61db106297","declaredType":"TFormalExpression","content":["tw.local.error"]}}]}],"declaredType":"endEvent","id":"2025.2ffc7318-2900-4ee4-87da-2c83dcc55a68"},{"outgoing":["2027.9f71a3da-c6ba-41ad-8d35-feeb48f087ef","2027.e57f108f-6ea8-45ca-8ff3-24066a59590f"],"incoming":["2027.b3beb143-92c6-4910-8165-ce1be5ff320b"],"default":"2027.9f71a3da-c6ba-41ad-8d35-feeb48f087ef","gatewayDirection":"Unspecified","extensionElements":{"nodeVisualInfo":[{"width":32,"x":392,"y":196,"declaredType":"TNodeVisualInfo","height":32}]},"name":"Has error?","declaredType":"exclusiveGateway","id":"2025.d8857e06-fb76-484b-8811-0822b92d03be"},{"targetRef":"c46dcff3-2fc6-4193-80c1-216ad6c92a7f","extensionElements":{"sequenceFlowImplementation":[{"fireValidation":"Never","sboSyncEnabled":true,"declaredType":"com.ibm.bpmsdk.model.bpmn20.ibmext.TSequenceFlowImplementation"}],"linkVisualInfo":[{"sourcePortLocation":"rightCenter","showCoachControlLabel":false,"labelPosition":0.0,"targetPortLocation":"leftCenter","declaredType":"TLinkVisualInfo","saveExecutionContext":true,"showLabel":true}]},"name":"Start to End","declaredType":"sequenceFlow","id":"2027.9f71a3da-c6ba-41ad-8d35-feeb48f087ef","sourceRef":"2025.d8857e06-fb76-484b-8811-0822b92d03be"},{"targetRef":"2025.2ffc7318-2900-4ee4-87da-2c83dcc55a68","conditionExpression":{"declaredType":"TFormalExpression","content":["!!tw.local.error\t  ==\t  true"]},"extensionElements":{"sequenceFlowImplementation":[{"fireValidation":"Never","sboSyncEnabled":true,"declaredType":"com.ibm.bpmsdk.model.bpmn20.ibmext.TSequenceFlowImplementation"}],"linkVisualInfo":[{"sourcePortLocation":"bottomCenter","showCoachControlLabel":false,"labelPosition":0.0,"targetPortLocation":"leftCenter","declaredType":"TLinkVisualInfo","saveExecutionContext":true,"showLabel":true}]},"name":"To Error","declaredType":"sequenceFlow","id":"2027.e57f108f-6ea8-45ca-8ff3-24066a59590f","sourceRef":"2025.d8857e06-fb76-484b-8811-0822b92d03be"}],"isClosed":false,"declaredType":"com.ibm.bpmsdk.model.bpmn20.ibmext.TUserTaskImplementation","id":"abbd12f1-74f9-482e-8edb-11f0c43f2ec1","processType":"None"}]},"implementation":"##unspecified","documentation":[{"content":["Retrieves application data"],"textFormat":"text\/plain"}],"name":"GetApplicationData","declaredType":"globalUserTask","id":"1.2a221dab-b921-4431-8656-412d87bb6048","ioSpecification":{"dataOutput":[{"itemSubjectRef":"itm.12.f946d717-c4dd-4882-bdb8-589f5f878de4","documentation":[{"content":["Output parameters.\u00a0 The outputParams.businessObjectMap contains a map of retrieved business objects."],"textFormat":"text\/plain"}],"name":"outputParams","isCollection":false,"id":"2055.343143da-76f3-4c09-8733-cf9ec9c58b2d"}],"inputSet":[{}],"outputSet":[{}],"dataInput":[{"itemSubjectRef":"itm.12.f946d717-c4dd-4882-bdb8-589f5f878de4","documentation":[{"content":["Input parameters"],"textFormat":"text\/plain"}],"name":"inputParams","isCollection":false,"id":"2055.bb94be13-b6bf-4653-8030-cdcfce425274"}]}}],"targetNamespace":"","typeLanguage":"http:\/\/www.w3.org\/2001\/XMLSchema","expressionLanguage":"http:\/\/www.ibm.com\/xmlns\/prod\/bpm\/expression-lang\/javascript","id":"1.7fac8f02-fe33-44d7-81c4-24477b684552"}</jsonData>
        <field1 isNull="true" />
        <field2 isNull="true" />
        <field3>0</field3>
        <field4 isNull="true" />
        <field5>false</field5>
        <clobField1 isNull="true" />
        <blobField1 isNull="true" />
        <processParameter name="inputParams">
            <lastModified isNull="true" />
            <lastModifiedBy isNull="true" />
            <tenantId isNull="true" />
            <processParameterId>2055.bb94be13-b6bf-4653-8030-cdcfce425274</processParameterId>
            <processId>1.7fac8f02-fe33-44d7-81c4-24477b684552</processId>
            <parameterType>1</parameterType>
            <isArrayOf>false</isArrayOf>
            <classId>/12.f946d717-c4dd-4882-bdb8-589f5f878de4</classId>
            <seq>1</seq>
            <hasDefault>false</hasDefault>
            <defaultValue isNull="true" />
            <isLocked>false</isLocked>
            <description>Input parameters</description>
            <guid>50b02da4-1db1-41c3-8d90-63c003db8be4</guid>
            <versionId>1249fe61-b842-46bd-a7c2-c63c0936ccba</versionId>
        </processParameter>
        <processParameter name="outputParams">
            <lastModified isNull="true" />
            <lastModifiedBy isNull="true" />
            <tenantId isNull="true" />
            <processParameterId>2055.343143da-76f3-4c09-8733-cf9ec9c58b2d</processParameterId>
            <processId>1.7fac8f02-fe33-44d7-81c4-24477b684552</processId>
            <parameterType>2</parameterType>
            <isArrayOf>false</isArrayOf>
            <classId>/12.f946d717-c4dd-4882-bdb8-589f5f878de4</classId>
            <seq>2</seq>
            <hasDefault>false</hasDefault>
            <defaultValue isNull="true" />
            <isLocked>false</isLocked>
            <description>Output parameters.  The outputParams.businessObjectMap contains a map of retrieved business objects.</description>
            <guid>8d5e9d63-3750-40ab-9ef5-7b7fe20103f6</guid>
            <versionId>c5648ba2-362d-4d73-a07c-3cb1c9b8879e</versionId>
        </processParameter>
        <processParameter name="GetApplicationDataError">
            <lastModified isNull="true" />
            <lastModifiedBy isNull="true" />
            <tenantId isNull="true" />
            <processParameterId>2055.fed140f1-abfd-4df2-8d66-da9d5762c806</processParameterId>
            <processId>1.7fac8f02-fe33-44d7-81c4-24477b684552</processId>
            <parameterType>3</parameterType>
            <isArrayOf>false</isArrayOf>
            <classId>/12.c09c9b6e-aabd-4897-bef2-ed61db106297</classId>
            <seq>4</seq>
            <hasDefault>false</hasDefault>
            <defaultValue isNull="true" />
            <isLocked>false</isLocked>
            <description isNull="true" />
            <guid>3b1221a6-65ed-46c4-bd3c-660642231037</guid>
            <versionId>96e9cb90-300d-4fc1-b40f-6acda78e55aa</versionId>
        </processParameter>
        <processVariable name="error">
            <lastModified isNull="true" />
            <lastModifiedBy isNull="true" />
            <tenantId isNull="true" />
            <processVariableId>2056.691e599d-e63d-43e1-8859-7528921d80ac</processVariableId>
            <description>Error</description>
            <processId>1.7fac8f02-fe33-44d7-81c4-24477b684552</processId>
            <namespace>2</namespace>
            <seq>1</seq>
            <isArrayOf>false</isArrayOf>
            <isTransient>false</isTransient>
            <classId>/12.c09c9b6e-aabd-4897-bef2-ed61db106297</classId>
            <hasDefault>false</hasDefault>
            <defaultValue isNull="true" />
            <guid>a3972f9b-4a0b-4a89-8492-3fe2d292d69d</guid>
            <versionId>1de9c630-318a-49d5-b271-25377ec21896</versionId>
        </processVariable>
        <item>
            <lastModified isNull="true" />
            <lastModifiedBy isNull="true" />
            <tenantId isNull="true" />
            <processItemId>2025.c8389a33-1ab2-45c6-bb75-9921baf75ea5</processItemId>
            <processId>1.7fac8f02-fe33-44d7-81c4-24477b684552</processId>
            <name>End</name>
            <tWComponentName>ExitPoint</tWComponentName>
            <tWComponentId>3008.f656813d-cb81-44a3-a27c-78c9042b8e82</tWComponentId>
            <isLogEnabled>false</isLogEnabled>
            <isTraceEnabled>false</isTraceEnabled>
            <traceCategory isNull="true" />
            <traceLevel isNull="true" />
            <traceMessage isNull="true" />
            <traceSymbolTable isNull="true" />
            <isExecutionContextTraced>false</isExecutionContextTraced>
            <saveExecutionContext>true</saveExecutionContext>
            <documentation isNull="true" />
            <isErrorHandlerEnabled>false</isErrorHandlerEnabled>
            <errorHandlerItemId isNull="true" />
            <guid>guid:154846eab305ed5c:589a8606:1719d3cacc1:-3d8a</guid>
            <versionId>18618286-caa2-46cf-b997-db78084f3f8e</versionId>
            <externalServiceRef isNull="true" />
            <externalServiceOp isNull="true" />
            <nodeColor isNull="true" />
            <layoutData x="0" y="0">
                <errorLink>
                    <controlPoints />
                    <showEndState>false</showEndState>
                    <showName>false</showName>
                </errorLink>
            </layoutData>
            <TWComponent>
                <lastModified isNull="true" />
                <lastModifiedBy isNull="true" />
                <tenantId isNull="true" />
                <exitPointId>3008.f656813d-cb81-44a3-a27c-78c9042b8e82</exitPointId>
                <haltProcess>false</haltProcess>
                <guid>7d49154a-7d7b-4910-bcc7-be90c8332497</guid>
                <versionId>4b262fb9-ea48-4b22-ad1f-c6d9c45b9b15</versionId>
            </TWComponent>
        </item>
        <item>
            <lastModified isNull="true" />
            <lastModifiedBy isNull="true" />
            <tenantId isNull="true" />
            <processItemId>2025.d419104e-7ab2-4a66-be80-383621674daa</processItemId>
            <processId>1.7fac8f02-fe33-44d7-81c4-24477b684552</processId>
            <name>CoachFlowWrapper</name>
            <tWComponentName>CoachFlow</tWComponentName>
            <tWComponentId>3032.b2238867-fddf-4eba-b4bf-09466ad4d0f2</tWComponentId>
            <isLogEnabled>false</isLogEnabled>
            <isTraceEnabled>false</isTraceEnabled>
            <traceCategory isNull="true" />
            <traceLevel isNull="true" />
            <traceMessage isNull="true" />
            <traceSymbolTable isNull="true" />
            <isExecutionContextTraced>false</isExecutionContextTraced>
            <saveExecutionContext>true</saveExecutionContext>
            <documentation isNull="true" />
            <isErrorHandlerEnabled>false</isErrorHandlerEnabled>
            <errorHandlerItemId isNull="true" />
            <guid>guid:154846eab305ed5c:589a8606:1719d3cacc1:-3d89</guid>
            <versionId>0909337d-202a-4e31-b018-744d73026954</versionId>
            <externalServiceRef isNull="true" />
            <externalServiceOp isNull="true" />
            <nodeColor isNull="true" />
            <layoutData x="0" y="0">
                <errorLink>
                    <controlPoints />
                    <showEndState>false</showEndState>
                    <showName>false</showName>
                </errorLink>
            </layoutData>
            <TWComponent />
        </item>
        <startingProcessItemId>2025.d419104e-7ab2-4a66-be80-383621674daa</startingProcessItemId>
        <errorHandlerItemId isNull="true" />
        <layoutData noConversion="true">
            <errorLink>
                <controlPoints />
                <showEndState>false</showEndState>
                <showName>false</showName>
            </errorLink>
        </layoutData>
        <startPoint>
            <layoutData x="0" y="0">
                <errorLink>
                    <controlPoints />
                    <showEndState>false</showEndState>
                    <showName>false</showName>
                </errorLink>
            </layoutData>
        </startPoint>
        <startLink>
            <fromPort locationId="rightCenter" portType="1" />
            <toPort locationId="rightCenter" portType="2" />
            <layoutData>
                <controlPoints />
                <showEndState>false</showEndState>
                <showName>false</showName>
            </layoutData>
        </startLink>
        <bpmn2Model>
            <ns16:definitions xmlns:ns16="http://www.omg.org/spec/BPMN/20100524/MODEL" xmlns:ns2="http://www.ibm.com/xmlns/prod/bpm/bpmn/ext/process" xmlns:ns3="http://www.ibm.com/xmlns/prod/bpm/bpmn/ext/process/wle" xmlns:ns4="http://www.ibm.com/xmlns/prod/bpm/bpmn/ext/process/case" xmlns:ns5="http://www.ibm.com/bpm/Extensions" xmlns:ns6="http://www.ibm.com/xmlns/prod/bpm/uca" xmlns:ns7="http://www.ibm.com/xmlns/prod/bpm/bpmn/ext/trackinggroup" xmlns:ns8="http://www.ibm.com/xmlns/prod/bpm/bpmn/ext/team" xmlns:ns9="http://www.ibm.com/xmlns/bpmnx/20100524/v1/BusinessVocabulary" xmlns:ns10="http://www.omg.org/spec/DD/20100524/DI" xmlns:ns11="http://www.omg.org/spec/DD/20100524/DC" xmlns:ns12="http://www.omg.org/spec/BPMN/20100524/BPMNDI" xmlns:ns13="http://www.ibm.com/xmlns/prod/bpm/graph" xmlns:ns14="http://www.ibm.com/xmlns/prod/bpm/bpmn/ext/process/auth" xmlns:ns15="http://www.ibm.com/xmlns/prod/bpm/bpmn/ext/extservice" xmlns:ns17="http://www.ibm.com/bpm/processappsettings" xmlns:ns18="http://www.ibm.com/xmlns/links" xmlns:ns19="http://www.ibm.com/bpm/CoachDesignerNG" xmlns:ns20="http://www.ibm.com/xmlns/tagging" xmlns:ns21="http://www.ibm.com/bpm/uitheme" xmlns:ns22="http://www.ibm.com/bpm/coachview" id="1.7fac8f02-fe33-44d7-81c4-24477b684552" targetNamespace="" expressionLanguage="http://www.ibm.com/xmlns/prod/bpm/expression-lang/javascript" typeLanguage="http://www.w3.org/2001/XMLSchema">
                
                
                <ns16:globalUserTask implementation="##unspecified" name="GetApplicationData" id="1.2a221dab-b921-4431-8656-412d87bb6048">
                    
                    
                    <ns16:documentation textFormat="text/plain">Retrieves application data</ns16:documentation>
                    
                    
                    <ns16:extensionElements>
                        
                        
                        <ns2:userTaskImplementation processType="None" isClosed="false" id="abbd12f1-74f9-482e-8edb-11f0c43f2ec1">
                            
                            
                            <ns16:startEvent isInterrupting="true" parallelMultiple="false" name="Start" id="cbcad3a4-a578-4a23-8ab0-6a039187626b">
                                
                                
                                <ns16:extensionElements>
                                    
                                    
                                    <ns13:nodeVisualInfo x="50" y="200" width="24" height="24" color="#F8F8F8" />
                                    
                                
                                </ns16:extensionElements>
                                
                                
                                <ns16:outgoing>2027.6229aab7-cb7c-488c-82f3-d7a8f8817d0a</ns16:outgoing>
                                
                            
                            </ns16:startEvent>
                            
                            
                            <ns16:endEvent name="End" id="c46dcff3-2fc6-4193-80c1-216ad6c92a7f">
                                
                                
                                <ns16:extensionElements>
                                    
                                    
                                    <ns13:nodeVisualInfo x="700" y="200" width="24" height="24" color="#F8F8F8" />
                                    
                                    
                                    <ns2:navigationInstructions>
                                        
                                        
                                        <ns2:targetType>Default</ns2:targetType>
                                        
                                    
                                    </ns2:navigationInstructions>
                                    
                                
                                </ns16:extensionElements>
                                
                                
                                <ns16:incoming>2027.9f71a3da-c6ba-41ad-8d35-feeb48f087ef</ns16:incoming>
                                
                            
                            </ns16:endEvent>
                            
                            
                            <ns16:sequenceFlow sourceRef="cbcad3a4-a578-4a23-8ab0-6a039187626b" targetRef="2025.e62d2af8-a823-4b63-8633-3b1b5e66147e" name="To GetApplicationData" id="2027.6229aab7-cb7c-488c-82f3-d7a8f8817d0a">
                                
                                
                                <ns16:extensionElements>
                                    
                                    
                                    <ns13:linkVisualInfo>
                                        
                                        
                                        <ns13:sourcePortLocation>rightCenter</ns13:sourcePortLocation>
                                        
                                        
                                        <ns13:targetPortLocation>leftCenter</ns13:targetPortLocation>
                                        
                                        
                                        <ns13:showLabel>false</ns13:showLabel>
                                        
                                        
                                        <ns13:showCoachControlLabel>false</ns13:showCoachControlLabel>
                                        
                                        
                                        <ns13:labelPosition>0.0</ns13:labelPosition>
                                        
                                        
                                        <ns13:saveExecutionContext>false</ns13:saveExecutionContext>
                                        
                                    
                                    </ns13:linkVisualInfo>
                                    
                                
                                </ns16:extensionElements>
                                
                            
                            </ns16:sequenceFlow>
                            
                            
                            <ns16:scriptTask scriptFormat="text/x-javascript" default="2027.b3beb143-92c6-4910-8165-ce1be5ff320b" name="GetApplicationData" id="2025.e62d2af8-a823-4b63-8633-3b1b5e66147e">
                                
                                
                                <ns16:documentation textFormat="text/plain">Retrieves application data</ns16:documentation>
                                
                                
                                <ns16:extensionElements>
                                    
                                    
                                    <ns13:nodeVisualInfo x="237" y="177" width="95" height="70" />
                                    
                                
                                </ns16:extensionElements>
                                
                                
                                <ns16:incoming>2027.6229aab7-cb7c-488c-82f3-d7a8f8817d0a</ns16:incoming>
                                
                                
                                <ns16:outgoing>2027.b3beb143-92c6-4910-8165-ce1be5ff320b</ns16:outgoing>
                                
                                
                                <ns16:script>tw.system.waitForContinueFlow();&#xD;
tw.local.inputParams.businessObjectMap.scope = tw.local.inputParams.scope;&#xD;
tw.system.performRequest("#DATAPERSISTENCE", {
  path: tw.local.inputParams.appId,&#xD;
  method: "GET",&#xD;
  payload: {&#xD;
    user: tw.system.user,&#xD;
    scope: tw.local.inputParams.scope,&#xD;
    key: Object.keys(tw.local.inputParams.businessObjectMap)&#xD;
  },&#xD;
  auth: {&#xD;
    protocol: "OIDC"&#xD;
  },&#xD;
  headers: {&#xD;
    "Content-Type": "application/json"&#xD;
  }&#xD;
}, function (response, data) {&#xD;
  tw.system.log(tw.system.model.name, tw.system.model.step.name, JSON.stringify(data));&#xD;
  tw.local.outputParams = {};&#xD;
  tw.local.outputParams.businessObjectMap = JSON.parse(response, tw.system.jsonReviver);&#xD;
  tw.system.continueFlow();&#xD;
}, function (error) {&#xD;
  tw.system.log(tw.system.model.name, tw.system.model.step.name, JSON.stringify(error));&#xD;
  tw.local.error = error;&#xD;
  tw.system.continueFlow();&#xD;
});</ns16:script>
                                
                            
                            </ns16:scriptTask>
                            
                            
                            <ns16:sequenceFlow sourceRef="2025.e62d2af8-a823-4b63-8633-3b1b5e66147e" targetRef="2025.d8857e06-fb76-484b-8811-0822b92d03be" name="To Has error?" id="2027.b3beb143-92c6-4910-8165-ce1be5ff320b">
                                
                                
                                <ns16:extensionElements>
                                    
                                    
                                    <ns2:sequenceFlowImplementation sboSyncEnabled="true" />
                                    
                                    
                                    <ns13:linkVisualInfo>
                                        
                                        
                                        <ns13:sourcePortLocation>rightCenter</ns13:sourcePortLocation>
                                        
                                        
                                        <ns13:targetPortLocation>leftCenter</ns13:targetPortLocation>
                                        
                                        
                                        <ns13:showLabel>false</ns13:showLabel>
                                        
                                        
                                        <ns13:showCoachControlLabel>false</ns13:showCoachControlLabel>
                                        
                                        
                                        <ns13:labelPosition>0.0</ns13:labelPosition>
                                        
                                        
                                        <ns13:saveExecutionContext>true</ns13:saveExecutionContext>
                                        
                                    
                                    </ns13:linkVisualInfo>
                                    
                                
                                </ns16:extensionElements>
                                
                            
                            </ns16:sequenceFlow>
                            
                            
                            <ns16:dataObject itemSubjectRef="itm.12.c09c9b6e-aabd-4897-bef2-ed61db106297" isCollection="false" name="error" id="2056.691e599d-e63d-43e1-8859-7528921d80ac">
                                
                                
                                <ns16:documentation textFormat="text/plain">Error</ns16:documentation>
                                
                            
                            </ns16:dataObject>
                            
                            
                            <ns16:endEvent name="Error" id="2025.2ffc7318-2900-4ee4-87da-2c83dcc55a68">
                                
                                
                                <ns16:extensionElements>
                                    
                                    
                                    <ns13:nodeVisualInfo x="693" y="269" width="24" height="24" />
                                    
                                    
                                    <ns2:navigationInstructions>
                                        
                                        
                                        <ns2:targetType>Default</ns2:targetType>
                                        
                                    
                                    </ns2:navigationInstructions>
                                    
                                
                                </ns16:extensionElements>
                                
                                
                                <ns16:incoming>2027.e57f108f-6ea8-45ca-8ff3-24066a59590f</ns16:incoming>
                                
                                
                                <ns16:dataInputAssociation>
                                    
                                    
                                    <ns16:assignment>
                                        
                                        
                                        <ns16:from xmlns:xsi="http://www.w3.org/2001/XMLSchema-instance" xsi:type="ns16:tFormalExpression" evaluatesToTypeRef="itm.12.c09c9b6e-aabd-4897-bef2-ed61db106297">tw.local.error</ns16:from>
                                        
                                    
                                    </ns16:assignment>
                                    
                                
                                </ns16:dataInputAssociation>
                                
                                
                                <ns16:errorEventDefinition>
                                    
                                    
                                    <ns16:extensionElements>
                                        
                                        
                                        <ns3:errorEventSettings>
                                            
                                            
                                            <ns3:catchAll>false</ns3:catchAll>
                                            
                                            
                                            <ns3:errorCode>"GetApplicationDataError"</ns3:errorCode>
                                            
                                        
                                        </ns3:errorEventSettings>
                                        
                                    
                                    </ns16:extensionElements>
                                    
                                
                                </ns16:errorEventDefinition>
                                
                            
                            </ns16:endEvent>
                            
                            
                            <ns16:exclusiveGateway default="2027.9f71a3da-c6ba-41ad-8d35-feeb48f087ef" name="Has error?" id="2025.d8857e06-fb76-484b-8811-0822b92d03be">
                                
                                
                                <ns16:extensionElements>
                                    
                                    
                                    <ns13:nodeVisualInfo x="392" y="196" width="32" height="32" />
                                    
                                
                                </ns16:extensionElements>
                                
                                
                                <ns16:incoming>2027.b3beb143-92c6-4910-8165-ce1be5ff320b</ns16:incoming>
                                
                                
                                <ns16:outgoing>2027.9f71a3da-c6ba-41ad-8d35-feeb48f087ef</ns16:outgoing>
                                
                                
                                <ns16:outgoing>2027.e57f108f-6ea8-45ca-8ff3-24066a59590f</ns16:outgoing>
                                
                            
                            </ns16:exclusiveGateway>
                            
                            
                            <ns16:sequenceFlow sourceRef="2025.d8857e06-fb76-484b-8811-0822b92d03be" targetRef="c46dcff3-2fc6-4193-80c1-216ad6c92a7f" name="Start to End" id="2027.9f71a3da-c6ba-41ad-8d35-feeb48f087ef">
                                
                                
                                <ns16:extensionElements>
                                    
                                    
                                    <ns2:sequenceFlowImplementation sboSyncEnabled="true" />
                                    
                                    
                                    <ns13:linkVisualInfo>
                                        
                                        
                                        <ns13:sourcePortLocation>rightCenter</ns13:sourcePortLocation>
                                        
                                        
                                        <ns13:targetPortLocation>leftCenter</ns13:targetPortLocation>
                                        
                                        
                                        <ns13:showLabel>true</ns13:showLabel>
                                        
                                        
                                        <ns13:showCoachControlLabel>false</ns13:showCoachControlLabel>
                                        
                                        
                                        <ns13:labelPosition>0.0</ns13:labelPosition>
                                        
                                        
                                        <ns13:saveExecutionContext>true</ns13:saveExecutionContext>
                                        
                                    
                                    </ns13:linkVisualInfo>
                                    
                                
                                </ns16:extensionElements>
                                
                            
                            </ns16:sequenceFlow>
                            
                            
                            <ns16:sequenceFlow sourceRef="2025.d8857e06-fb76-484b-8811-0822b92d03be" targetRef="2025.2ffc7318-2900-4ee4-87da-2c83dcc55a68" name="To Error" id="2027.e57f108f-6ea8-45ca-8ff3-24066a59590f">
                                
                                
                                <ns16:extensionElements>
                                    
                                    
                                    <ns2:sequenceFlowImplementation sboSyncEnabled="true" />
                                    
                                    
                                    <ns13:linkVisualInfo>
                                        
                                        
                                        <ns13:sourcePortLocation>bottomCenter</ns13:sourcePortLocation>
                                        
                                        
                                        <ns13:targetPortLocation>leftCenter</ns13:targetPortLocation>
                                        
                                        
                                        <ns13:showLabel>true</ns13:showLabel>
                                        
                                        
                                        <ns13:showCoachControlLabel>false</ns13:showCoachControlLabel>
                                        
                                        
                                        <ns13:labelPosition>0.0</ns13:labelPosition>
                                        
                                        
                                        <ns13:saveExecutionContext>true</ns13:saveExecutionContext>
                                        
                                    
                                    </ns13:linkVisualInfo>
                                    
                                
                                </ns16:extensionElements>
                                
                                
                                <ns16:conditionExpression xmlns:xsi="http://www.w3.org/2001/XMLSchema-instance" xsi:type="ns16:tFormalExpression">!!tw.local.error	  ==	  true</ns16:conditionExpression>
                                
                            
                            </ns16:sequenceFlow>
                            
                        
                        </ns2:userTaskImplementation>
                        
                    
                    </ns16:extensionElements>
                    
                    
                    <ns16:ioSpecification>
                        
                        
                        <ns16:dataInput name="inputParams" itemSubjectRef="itm.12.f946d717-c4dd-4882-bdb8-589f5f878de4" isCollection="false" id="2055.bb94be13-b6bf-4653-8030-cdcfce425274">
                            
                            
                            <ns16:documentation textFormat="text/plain">Input parameters</ns16:documentation>
                            
                        
                        </ns16:dataInput>
                        
                        
                        <ns16:dataOutput name="outputParams" itemSubjectRef="itm.12.f946d717-c4dd-4882-bdb8-589f5f878de4" isCollection="false" id="2055.343143da-76f3-4c09-8733-cf9ec9c58b2d">
                            
                            
                            <ns16:documentation textFormat="text/plain">Output parameters.  The outputParams.businessObjectMap contains a map of retrieved business objects.</ns16:documentation>
                            
                        
                        </ns16:dataOutput>
                        
                        
                        <ns16:inputSet />
                        
                        
                        <ns16:outputSet />
                        
                    
                    </ns16:ioSpecification>
                    
                
                </ns16:globalUserTask>
                
            
            </ns16:definitions>
        </bpmn2Model>
        <link name="Untitled">
            <lastModified isNull="true" />
            <lastModifiedBy isNull="true" />
            <tenantId isNull="true" />
            <processLinkId>2027.cccb82ba-3187-4f19-8a48-456b33773ebf</processLinkId>
            <processId>1.7fac8f02-fe33-44d7-81c4-24477b684552</processId>
            <description isNull="true" />
            <fromProcessItemId>2025.d419104e-7ab2-4a66-be80-383621674daa</fromProcessItemId>
            <endStateId>Out</endStateId>
            <toProcessItemId>2025.c8389a33-1ab2-45c6-bb75-9921baf75ea5</toProcessItemId>
            <guid>fee3e46d-a570-4aa8-8f10-265c02b8e31a</guid>
            <versionId>47b40b9d-94bd-417e-9ed2-7ae12a67f579</versionId>
            <layoutData>
                <controlPoints />
                <showEndState>false</showEndState>
                <showName>false</showName>
            </layoutData>
            <fromItemPort locationId="rightCenter" portType="1" />
            <toItemPort locationId="rightCenter" portType="2" />
            <fromProcessItemId>2025.d419104e-7ab2-4a66-be80-383621674daa</fromProcessItemId>
            <toProcessItemId>2025.c8389a33-1ab2-45c6-bb75-9921baf75ea5</toProcessItemId>
        </link>
    </process>
</teamworks>

