<?xml version="1.0" encoding="UTF-8"?>
<teamworks>
    <process id="1.89ee1e72-5c6b-44ed-9e55-158a6cb613af" name="SQL Execute Multiple Statements">
        <lastModified>1361372673512</lastModified>
        <lastModifiedBy>Internal TW Admin user</lastModifiedBy>
        <tenantId isNull="true" />
        <processId>1.89ee1e72-5c6b-44ed-9e55-158a6cb613af</processId>
        <image isNull="true" />
        <tabGroup isNull="true" />
        <startingProcessItemId>2025.4c3e9cf4-c86d-405b-8f89-84c120dae4d9</startingProcessItemId>
        <isRootProcess>false</isRootProcess>
        <processType>4</processType>
        <isErrorHandlerEnabled>false</isErrorHandlerEnabled>
        <errorHandlerItemId isNull="true" />
        <isLoggingVariables>false</isLoggingVariables>
        <isTransactional>false</isTransactional>
        <processTimingLevel isNull="true" />
        <participantRef isNull="true" />
        <exposedType isNull="true" />
        <isTrackingEnabled>true</isTrackingEnabled>
        <xmlData isNull="true" />
        <cachingType>false</cachingType>
        <itemLabel isNull="true" />
        <cacheLength>43200</cacheLength>
        <mobileReady>false</mobileReady>
        <sboSyncEnabled>true</sboSyncEnabled>
        <externalId isNull="true" />
        <isSecured>false</isSecured>
        <isAjaxExposed>false</isAjaxExposed>
        <isInvokedAsynchronously>false</isInvokedAsynchronously>
        <description>Executes multiple SQL statements and returns the results based on the supplied return type.</description>
        <guid>guid:a93dd992dce2d4cc:-381cc70d:115a5e00b05:-7fde</guid>
        <versionId>37bb9f9d-d029-44d5-b980-86fc2394cbce</versionId>
        <dependencySummary isNull="true" />
        <jsonData isNull="true" />
        <field1 isNull="true" />
        <field2 isNull="true" />
        <field3>0</field3>
        <field4 isNull="true" />
        <field5>false</field5>
        <clobField1 isNull="true" />
        <blobField1 isNull="true" />
        <processParameter name="sqlStatements">
            <lastModified isNull="true" />
            <lastModifiedBy isNull="true" />
            <tenantId isNull="true" />
            <processParameterId>2055.c023a0b3-e6e5-47a6-a920-04d6b2f8dc26</processParameterId>
            <processId>1.89ee1e72-5c6b-44ed-9e55-158a6cb613af</processId>
            <parameterType>1</parameterType>
            <isArrayOf>true</isArrayOf>
            <classId>/12.3990d8b4-983d-4250-bd06-3600f527fed0</classId>
            <seq>1</seq>
            <hasDefault>false</hasDefault>
            <defaultValue isNull="true" />
            <isLocked>false</isLocked>
            <description isNull="true" />
            <guid>guid:197d4ddc90fc5427:-1c619ffe:11def1582ed:-79b6</guid>
            <versionId>fa03f59b-9cb1-4501-9485-9b26eeb062bf</versionId>
        </processParameter>
        <processParameter name="returnType">
            <lastModified isNull="true" />
            <lastModifiedBy isNull="true" />
            <tenantId isNull="true" />
            <processParameterId>2055.628ceac6-aa42-426b-97c7-540674f12f38</processParameterId>
            <processId>1.89ee1e72-5c6b-44ed-9e55-158a6cb613af</processId>
            <parameterType>1</parameterType>
            <isArrayOf>false</isArrayOf>
            <classId>/12.db884a3c-c533-44b7-bb2d-47bec8ad4022</classId>
            <seq>2</seq>
            <hasDefault>false</hasDefault>
            <defaultValue isNull="true" />
            <isLocked>false</isLocked>
            <description isNull="true" />
            <guid>guid:197d4ddc90fc5427:-1c619ffe:11def1582ed:-79b4</guid>
            <versionId>284db7c1-5a9d-4b6d-97f1-d12c930916fc</versionId>
        </processParameter>
        <processParameter name="dataSourceName">
            <lastModified isNull="true" />
            <lastModifiedBy isNull="true" />
            <tenantId isNull="true" />
            <processParameterId>2055.c007e1f5-b9cb-4b02-bf74-bc982112aade</processParameterId>
            <processId>1.89ee1e72-5c6b-44ed-9e55-158a6cb613af</processId>
            <parameterType>1</parameterType>
            <isArrayOf>false</isArrayOf>
            <classId>/12.db884a3c-c533-44b7-bb2d-47bec8ad4022</classId>
            <seq>3</seq>
            <hasDefault>true</hasDefault>
            <defaultValue>"jdbc/TeamWorksDB"</defaultValue>
            <isLocked>false</isLocked>
            <description isNull="true" />
            <guid>guid:197d4ddc90fc5427:-1c619ffe:11def1582ed:-79b2</guid>
            <versionId>f45749d2-3e34-4e9f-ba51-e25f7dd5d437</versionId>
        </processParameter>
        <processParameter name="results">
            <lastModified isNull="true" />
            <lastModifiedBy isNull="true" />
            <tenantId isNull="true" />
            <processParameterId>2055.24961b69-3b9b-4311-8707-6b6dfffaf207</processParameterId>
            <processId>1.89ee1e72-5c6b-44ed-9e55-158a6cb613af</processId>
            <parameterType>2</parameterType>
            <isArrayOf>false</isArrayOf>
            <classId>/12.c09c9b6e-aabd-4897-bef2-ed61db106297</classId>
            <seq>4</seq>
            <hasDefault>false</hasDefault>
            <defaultValue isNull="true" />
            <isLocked>false</isLocked>
            <description isNull="true" />
            <guid>guid:197d4ddc90fc5427:-1c619ffe:11def1582ed:-79b0</guid>
            <versionId>0856aaf7-b29c-40b7-b5d8-f10aec909390</versionId>
        </processParameter>
        <item>
            <lastModified isNull="true" />
            <lastModifiedBy isNull="true" />
            <tenantId isNull="true" />
            <processItemId>2025.8bd12b34-7fe0-4ce6-84e7-15a481bb06da</processItemId>
            <processId>1.89ee1e72-5c6b-44ed-9e55-158a6cb613af</processId>
            <name>End</name>
            <tWComponentName>ExitPoint</tWComponentName>
            <tWComponentId>3008.02d2d7d8-6e3f-4b66-a3e4-f56a4b209e82</tWComponentId>
            <isLogEnabled>false</isLogEnabled>
            <isTraceEnabled>false</isTraceEnabled>
            <traceCategory isNull="true" />
            <traceLevel isNull="true" />
            <traceMessage isNull="true" />
            <traceSymbolTable isNull="true" />
            <isExecutionContextTraced>false</isExecutionContextTraced>
            <saveExecutionContext>true</saveExecutionContext>
            <documentation isNull="true" />
            <isErrorHandlerEnabled>false</isErrorHandlerEnabled>
            <errorHandlerItemId isNull="true" />
            <guid>guid:a93dd992dce2d4cc:-381cc70d:115a5e00b05:-7fdb</guid>
            <versionId>2ca194b6-84cd-4b6d-b5e8-147bc9ae57e3</versionId>
            <externalServiceRef isNull="true" />
            <externalServiceOp isNull="true" />
            <nodeColor isNull="true" />
            <layoutData x="289" y="100">
                <errorLink>
                    <controlPoints />
                    <showEndState>false</showEndState>
                    <showName>false</showName>
                </errorLink>
            </layoutData>
            <TWComponent>
                <lastModified isNull="true" />
                <lastModifiedBy isNull="true" />
                <tenantId isNull="true" />
                <exitPointId>3008.02d2d7d8-6e3f-4b66-a3e4-f56a4b209e82</exitPointId>
                <haltProcess>false</haltProcess>
                <guid>guid:197d4ddc90fc5427:-1c619ffe:11def1582ed:-79ac</guid>
                <versionId>cf0487fa-b38c-4b0f-a048-a2b535d22ef5</versionId>
            </TWComponent>
        </item>
        <item>
            <lastModified isNull="true" />
            <lastModifiedBy isNull="true" />
            <tenantId isNull="true" />
            <processItemId>2025.4c3e9cf4-c86d-405b-8f89-84c120dae4d9</processItemId>
            <processId>1.89ee1e72-5c6b-44ed-9e55-158a6cb613af</processId>
            <name>Execute Statements</name>
            <tWComponentName>JavaConnector</tWComponentName>
            <tWComponentId>3022.e4cb9145-8450-4c8c-bbd7-0fe0dee69625</tWComponentId>
            <isLogEnabled>false</isLogEnabled>
            <isTraceEnabled>false</isTraceEnabled>
            <traceCategory isNull="true" />
            <traceLevel isNull="true" />
            <traceMessage isNull="true" />
            <traceSymbolTable isNull="true" />
            <isExecutionContextTraced>false</isExecutionContextTraced>
            <saveExecutionContext>false</saveExecutionContext>
            <documentation isNull="true" />
            <isErrorHandlerEnabled>false</isErrorHandlerEnabled>
            <errorHandlerItemId isNull="true" />
            <guid>guid:12be50909032b80c:18f81ea7:11f41c537ad:-7a57</guid>
            <versionId>a0c083b3-bd89-4396-93c2-b1cc78d48e51</versionId>
            <externalServiceRef isNull="true" />
            <externalServiceOp isNull="true" />
            <nodeColor isNull="true" />
            <layoutData x="145" y="85">
                <errorLink>
                    <controlPoints />
                    <showEndState>false</showEndState>
                    <showName>false</showName>
                </errorLink>
            </layoutData>
            <TWComponent>
                <lastModified isNull="true" />
                <lastModifiedBy isNull="true" />
                <tenantId isNull="true" />
                <javaConnectorId>3022.e4cb9145-8450-4c8c-bbd7-0fe0dee69625</javaConnectorId>
                <definition>&lt;connector&gt;
  &lt;javaClassName&gt;teamworks.SQLConnector&lt;/javaClassName&gt;
  &lt;methodName&gt;executeMultiple&lt;/methodName&gt;
  &lt;inputRecord&gt;
    &lt;element type="teamworks.TWList" nativeType="teamworks.TWList" parameter="Parameter 0" argument="tw.local.sqlStatements" description="SQL Statements (list of SQLStatement)" /&gt;
    &lt;element type="java.lang.String" nativeType="java.lang.String" parameter="Parameter 1" argument="tw.local.dataSourceName" description="JNDI DataSource Name" /&gt;
    &lt;element type="java.lang.String" nativeType="java.lang.String" parameter="Parameter 2" argument="tw.local.returnType" description="Return Type (SQLResult, XMLElement, Record, or complex type name)" /&gt;
  &lt;/inputRecord&gt;
  &lt;outputRecord&gt;
    &lt;element type="java.lang.Object" nativeType="java.lang.Object" parameter="Return Value" argument="tw.local.results" description="" /&gt;
  &lt;/outputRecord&gt;
&lt;/connector&gt;</definition>
                <guid>guid:12be50909032b80c:18f81ea7:11f41c537ad:-7a58</guid>
                <versionId>59a6da25-4347-4c56-9d01-06b578ad01b0</versionId>
            </TWComponent>
        </item>
        <startingProcessItemId>2025.4c3e9cf4-c86d-405b-8f89-84c120dae4d9</startingProcessItemId>
        <errorHandlerItemId isNull="true" />
        <layoutData noConversion="true">
            <errorLink>
                <controlPoints />
                <showEndState>false</showEndState>
                <showName>false</showName>
            </errorLink>
        </layoutData>
        <startPoint>
            <layoutData x="20" y="100">
                <errorLink>
                    <controlPoints />
                    <showEndState>false</showEndState>
                    <showName>false</showName>
                </errorLink>
            </layoutData>
        </startPoint>
        <startLink>
            <fromPort locationId="rightCenter" portType="1" />
            <toPort locationId="leftCenter" portType="2" />
            <layoutData>
                <controlPoints />
                <showEndState>false</showEndState>
                <showName>false</showName>
            </layoutData>
        </startLink>
        <link name="Untitled">
            <lastModified isNull="true" />
            <lastModifiedBy isNull="true" />
            <tenantId isNull="true" />
            <processLinkId>2027.c03604c2-0afa-4f1a-b1f0-cc34e9cca7c8</processLinkId>
            <processId>1.89ee1e72-5c6b-44ed-9e55-158a6cb613af</processId>
            <description isNull="true" />
            <fromProcessItemId>2025.4c3e9cf4-c86d-405b-8f89-84c120dae4d9</fromProcessItemId>
            <endStateId>Out</endStateId>
            <toProcessItemId>2025.8bd12b34-7fe0-4ce6-84e7-15a481bb06da</toProcessItemId>
            <guid>guid:12be50909032b80c:18f81ea7:11f41c537ad:-7a2f</guid>
            <versionId>474033e5-3c9e-43ff-b5e2-75095bfe02f0</versionId>
            <layoutData>
                <controlPoints />
                <showEndState>false</showEndState>
                <showName>false</showName>
            </layoutData>
            <fromItemPort locationId="rightCenter" portType="1" />
            <toItemPort locationId="leftCenter" portType="2" />
            <fromProcessItemId>2025.4c3e9cf4-c86d-405b-8f89-84c120dae4d9</fromProcessItemId>
            <toProcessItemId>2025.8bd12b34-7fe0-4ce6-84e7-15a481bb06da</toProcessItemId>
        </link>
    </process>
</teamworks>

