<?xml version="1.0" encoding="UTF-8"?>
<teamworks>
    <process id="1.a67eb4e6-b893-45bd-9252-3f3c69397286" name="Default BPD Event">
        <lastModified>1361372673512</lastModified>
        <lastModifiedBy>Internal TW Admin user</lastModifiedBy>
        <tenantId isNull="true" />
        <processId>1.a67eb4e6-b893-45bd-9252-3f3c69397286</processId>
        <image isNull="true" />
        <tabGroup isNull="true" />
        <startingProcessItemId>2025.bdb5f806-f306-4f89-a6e3-aaec9e1872b9</startingProcessItemId>
        <isRootProcess>false</isRootProcess>
        <processType>6</processType>
        <isErrorHandlerEnabled>false</isErrorHandlerEnabled>
        <errorHandlerItemId isNull="true" />
        <isLoggingVariables>false</isLoggingVariables>
        <isTransactional>false</isTransactional>
        <processTimingLevel isNull="true" />
        <participantRef isNull="true" />
        <exposedType isNull="true" />
        <isTrackingEnabled>true</isTrackingEnabled>
        <xmlData isNull="true" />
        <cachingType>false</cachingType>
        <itemLabel isNull="true" />
        <cacheLength>43200</cacheLength>
        <mobileReady>false</mobileReady>
        <sboSyncEnabled>true</sboSyncEnabled>
        <externalId isNull="true" />
        <isSecured>false</isSecured>
        <isAjaxExposed>false</isAjaxExposed>
        <isInvokedAsynchronously>false</isInvokedAsynchronously>
        <description isNull="true" />
        <guid>guid:1834ad1ced21c429:274e910:1064a9c5d32:-7f98</guid>
        <versionId>b8b96861-7b08-42d6-b425-744015a2383f</versionId>
        <dependencySummary isNull="true" />
        <jsonData isNull="true" />
        <field1 isNull="true" />
        <field2 isNull="true" />
        <field3>0</field3>
        <field4 isNull="true" />
        <field5>false</field5>
        <clobField1 isNull="true" />
        <blobField1 isNull="true" />
        <processParameter name="correlationKey">
            <lastModified isNull="true" />
            <lastModifiedBy isNull="true" />
            <tenantId isNull="true" />
            <processParameterId>2055.294d86d1-f505-4417-b95c-fdd617e3e749</processParameterId>
            <processId>1.a67eb4e6-b893-45bd-9252-3f3c69397286</processId>
            <parameterType>1</parameterType>
            <isArrayOf>false</isArrayOf>
            <classId>/12.db884a3c-c533-44b7-bb2d-47bec8ad4022</classId>
            <seq>1</seq>
            <hasDefault>true</hasDefault>
            <defaultValue>"default BPD EVENT Correlation Key"</defaultValue>
            <isLocked>false</isLocked>
            <description isNull="true" />
            <guid>guid:197d4ddc90fc5427:-1c619ffe:11def1582ed:-7b55</guid>
            <versionId>ccdfb9b0-2e8f-4a72-8620-d038a90b8fe6</versionId>
        </processParameter>
        <processParameter name="value">
            <lastModified isNull="true" />
            <lastModifiedBy isNull="true" />
            <tenantId isNull="true" />
            <processParameterId>2055.6848a6ba-8453-47d6-82dd-4834e11c3e2d</processParameterId>
            <processId>1.a67eb4e6-b893-45bd-9252-3f3c69397286</processId>
            <parameterType>1</parameterType>
            <isArrayOf>false</isArrayOf>
            <classId>/12.db884a3c-c533-44b7-bb2d-47bec8ad4022</classId>
            <seq>2</seq>
            <hasDefault>true</hasDefault>
            <defaultValue>"default BPD EVENT Value"</defaultValue>
            <isLocked>false</isLocked>
            <description isNull="true" />
            <guid>guid:197d4ddc90fc5427:-1c619ffe:11def1582ed:-7b53</guid>
            <versionId>8da83b95-62a9-4c71-a0aa-ec51582b0c59</versionId>
        </processParameter>
        <processParameter name="correlationKey">
            <lastModified isNull="true" />
            <lastModifiedBy isNull="true" />
            <tenantId isNull="true" />
            <processParameterId>2055.9f5703a5-ed5d-4c70-a400-5360ffa4350b</processParameterId>
            <processId>1.a67eb4e6-b893-45bd-9252-3f3c69397286</processId>
            <parameterType>2</parameterType>
            <isArrayOf>false</isArrayOf>
            <classId>/12.db884a3c-c533-44b7-bb2d-47bec8ad4022</classId>
            <seq>3</seq>
            <hasDefault>false</hasDefault>
            <defaultValue>""</defaultValue>
            <isLocked>false</isLocked>
            <description isNull="true" />
            <guid>guid:197d4ddc90fc5427:-1c619ffe:11def1582ed:-7b51</guid>
            <versionId>363e7c9d-1234-4706-b243-fe23cad4aba1</versionId>
        </processParameter>
        <processParameter name="value">
            <lastModified isNull="true" />
            <lastModifiedBy isNull="true" />
            <tenantId isNull="true" />
            <processParameterId>2055.763de4cf-7f49-40c1-a0c0-018e32c0bcf8</processParameterId>
            <processId>1.a67eb4e6-b893-45bd-9252-3f3c69397286</processId>
            <parameterType>2</parameterType>
            <isArrayOf>false</isArrayOf>
            <classId>/12.db884a3c-c533-44b7-bb2d-47bec8ad4022</classId>
            <seq>4</seq>
            <hasDefault>false</hasDefault>
            <defaultValue>""</defaultValue>
            <isLocked>false</isLocked>
            <description isNull="true" />
            <guid>guid:197d4ddc90fc5427:-1c619ffe:11def1582ed:-7b4f</guid>
            <versionId>90b6092a-53b3-4806-84a1-2a48336f1c55</versionId>
        </processParameter>
        <item>
            <lastModified isNull="true" />
            <lastModifiedBy isNull="true" />
            <tenantId isNull="true" />
            <processItemId>2025.bdb5f806-f306-4f89-a6e3-aaec9e1872b9</processItemId>
            <processId>1.a67eb4e6-b893-45bd-9252-3f3c69397286</processId>
            <name>End</name>
            <tWComponentName>ExitPoint</tWComponentName>
            <tWComponentId>3008.2f296258-fc65-486c-a941-cc130a4fe2ee</tWComponentId>
            <isLogEnabled>false</isLogEnabled>
            <isTraceEnabled>false</isTraceEnabled>
            <traceCategory isNull="true" />
            <traceLevel isNull="true" />
            <traceMessage isNull="true" />
            <traceSymbolTable isNull="true" />
            <isExecutionContextTraced>false</isExecutionContextTraced>
            <saveExecutionContext>true</saveExecutionContext>
            <documentation isNull="true" />
            <isErrorHandlerEnabled>false</isErrorHandlerEnabled>
            <errorHandlerItemId isNull="true" />
            <guid>guid:1834ad1ced21c429:274e910:1064a9c5d32:-7f97</guid>
            <versionId>a9ea4ba5-b554-40ba-b83a-34be869a6d37</versionId>
            <externalServiceRef isNull="true" />
            <externalServiceOp isNull="true" />
            <nodeColor isNull="true" />
            <processPrePosts>
                <lastModified isNull="true" />
                <lastModifiedBy isNull="true" />
                <tenantId isNull="true" />
                <processItemPrePostId>2029.0375ac8b-b622-49ba-b2a0-864db6f55c4d</processItemPrePostId>
                <processItemId>2025.bdb5f806-f306-4f89-a6e3-aaec9e1872b9</processItemId>
                <location>1</location>
                <script>//java.lang.System.out.println("Corr Key: ." + tw.local.correlationKey + ".");
//java.lang.System.out.println("Value Key: ." + tw.local.value + ".");
</script>
                <guid>guid:197d4ddc90fc5427:-1c619ffe:11def1582ed:-7b4a</guid>
                <versionId>f1380dd8-6332-4197-9c2b-b610cb22dff6</versionId>
            </processPrePosts>
            <processPrePosts>
                <lastModified isNull="true" />
                <lastModifiedBy isNull="true" />
                <tenantId isNull="true" />
                <processItemPrePostId>2029.257d7b09-1eb4-4344-8221-cc20df2c5beb</processItemPrePostId>
                <processItemId>2025.bdb5f806-f306-4f89-a6e3-aaec9e1872b9</processItemId>
                <location>1</location>
                <script>//java.lang.System.out.println("Corr Key: ." + tw.local.correlationKey + ".");
//java.lang.System.out.println("Value Key: ." + tw.local.value + ".");
</script>
                <guid>guid:197d4ddc90fc5427:-1c619ffe:11def1582ed:-7b4a</guid>
                <versionId>45aab0c6-f1f9-4353-9ee8-2bfc4840e379</versionId>
            </processPrePosts>
            <layoutData x="422" y="100">
                <errorLink>
                    <controlPoints />
                    <showEndState>false</showEndState>
                    <showName>false</showName>
                </errorLink>
            </layoutData>
            <TWComponent>
                <lastModified isNull="true" />
                <lastModifiedBy isNull="true" />
                <tenantId isNull="true" />
                <exitPointId>3008.2f296258-fc65-486c-a941-cc130a4fe2ee</exitPointId>
                <haltProcess>false</haltProcess>
                <guid>guid:197d4ddc90fc5427:-1c619ffe:11def1582ed:-7b49</guid>
                <versionId>0a464202-9750-48d6-8600-41488b806d17</versionId>
            </TWComponent>
        </item>
        <startingProcessItemId>2025.bdb5f806-f306-4f89-a6e3-aaec9e1872b9</startingProcessItemId>
        <errorHandlerItemId isNull="true" />
        <layoutData noConversion="true">
            <errorLink>
                <controlPoints />
                <showEndState>false</showEndState>
                <showName>false</showName>
            </errorLink>
        </layoutData>
        <startPoint>
            <layoutData x="20" y="100">
                <errorLink>
                    <controlPoints />
                    <showEndState>false</showEndState>
                    <showName>false</showName>
                </errorLink>
            </layoutData>
        </startPoint>
        <startLink>
            <fromPort locationId="rightCenter" portType="1" />
            <toPort locationId="leftCenter" portType="2" />
            <layoutData>
                <controlPoints />
                <showEndState>false</showEndState>
                <showName>false</showName>
            </layoutData>
        </startLink>
    </process>
</teamworks>

