<?xml version="1.0" encoding="UTF-8"?>
<teamworks>
    <process id="1.c3f58885-df06-4efc-bdef-2efd08af6ae6" name="SQL Clob to File">
        <lastModified>1361372673512</lastModified>
        <lastModifiedBy>Internal TW Admin user</lastModifiedBy>
        <tenantId isNull="true" />
        <processId>1.c3f58885-df06-4efc-bdef-2efd08af6ae6</processId>
        <image isNull="true" />
        <tabGroup isNull="true" />
        <startingProcessItemId>2025.0b14b5e4-ae22-4241-9ac6-8afbea6c8084</startingProcessItemId>
        <isRootProcess>false</isRootProcess>
        <processType>4</processType>
        <isErrorHandlerEnabled>false</isErrorHandlerEnabled>
        <errorHandlerItemId isNull="true" />
        <isLoggingVariables>false</isLoggingVariables>
        <isTransactional>false</isTransactional>
        <processTimingLevel isNull="true" />
        <participantRef isNull="true" />
        <exposedType isNull="true" />
        <isTrackingEnabled>true</isTrackingEnabled>
        <xmlData isNull="true" />
        <cachingType>false</cachingType>
        <itemLabel isNull="true" />
        <cacheLength>43200</cacheLength>
        <mobileReady>false</mobileReady>
        <sboSyncEnabled>true</sboSyncEnabled>
        <externalId isNull="true" />
        <isSecured>false</isSecured>
        <isAjaxExposed>false</isAjaxExposed>
        <isInvokedAsynchronously>false</isInvokedAsynchronously>
        <description>Reads a CLOB (using streams) from a database using the provided SQL statement and writes it to a file and returns the size of the CLOB in characters.
        
Note: the service will write the first result from the SQL statement into the file; it is the caller responsibility to ensure that the SQL statement will return a single result when needed.</description>
        <guid>guid:77a8b4ba28edc846:9d544eb:115aa79594a:-7ff7</guid>
        <versionId>6576634b-bbec-454a-a671-d0bb0e18c712</versionId>
        <dependencySummary isNull="true" />
        <jsonData isNull="true" />
        <field1 isNull="true" />
        <field2 isNull="true" />
        <field3>0</field3>
        <field4 isNull="true" />
        <field5>false</field5>
        <clobField1 isNull="true" />
        <blobField1 isNull="true" />
        <processParameter name="sql">
            <lastModified isNull="true" />
            <lastModifiedBy isNull="true" />
            <tenantId isNull="true" />
            <processParameterId>2055.3ec62a0e-b8dd-433c-9f09-1ef0eef265ec</processParameterId>
            <processId>1.c3f58885-df06-4efc-bdef-2efd08af6ae6</processId>
            <parameterType>1</parameterType>
            <isArrayOf>false</isArrayOf>
            <classId>/12.db884a3c-c533-44b7-bb2d-47bec8ad4022</classId>
            <seq>2</seq>
            <hasDefault>false</hasDefault>
            <defaultValue isNull="true" />
            <isLocked>false</isLocked>
            <description isNull="true" />
            <guid>guid:197d4ddc90fc5427:-1c619ffe:11def1582ed:-796f</guid>
            <versionId>c171777e-2a81-4665-a3f7-5f9ea04686e6</versionId>
        </processParameter>
        <processParameter name="parameters">
            <lastModified isNull="true" />
            <lastModifiedBy isNull="true" />
            <tenantId isNull="true" />
            <processParameterId>2055.fcbad485-5ba3-4a4b-bd50-9118736f648e</processParameterId>
            <processId>1.c3f58885-df06-4efc-bdef-2efd08af6ae6</processId>
            <parameterType>1</parameterType>
            <isArrayOf>true</isArrayOf>
            <classId>/12.f453f500-ca4e-4264-a371-72c1892e8b7c</classId>
            <seq>3</seq>
            <hasDefault>true</hasDefault>
            <defaultValue>null</defaultValue>
            <isLocked>false</isLocked>
            <description isNull="true" />
            <guid>guid:197d4ddc90fc5427:-1c619ffe:11def1582ed:-796d</guid>
            <versionId>4fe4f6b8-df82-4f9e-b4e7-069ecdd4fda3</versionId>
        </processParameter>
        <processParameter name="maxRows">
            <lastModified isNull="true" />
            <lastModifiedBy isNull="true" />
            <tenantId isNull="true" />
            <processParameterId>2055.178f5f54-41b8-412a-99eb-d86eb3a5238c</processParameterId>
            <processId>1.c3f58885-df06-4efc-bdef-2efd08af6ae6</processId>
            <parameterType>1</parameterType>
            <isArrayOf>false</isArrayOf>
            <classId>/12.3fa0d7a0-828a-4d60-99cc-db5ed143fc2d</classId>
            <seq>4</seq>
            <hasDefault>true</hasDefault>
            <defaultValue>-1</defaultValue>
            <isLocked>false</isLocked>
            <description isNull="true" />
            <guid>guid:197d4ddc90fc5427:-1c619ffe:11def1582ed:-796b</guid>
            <versionId>32b9a872-a5ad-4f8f-987d-31d2d1df36fe</versionId>
        </processParameter>
        <processParameter name="clobOutputIndex">
            <lastModified isNull="true" />
            <lastModifiedBy isNull="true" />
            <tenantId isNull="true" />
            <processParameterId>2055.dc3b6eef-653a-4bed-b223-0afa2cdf210f</processParameterId>
            <processId>1.c3f58885-df06-4efc-bdef-2efd08af6ae6</processId>
            <parameterType>1</parameterType>
            <isArrayOf>false</isArrayOf>
            <classId>/12.3fa0d7a0-828a-4d60-99cc-db5ed143fc2d</classId>
            <seq>5</seq>
            <hasDefault>false</hasDefault>
            <defaultValue isNull="true" />
            <isLocked>false</isLocked>
            <description isNull="true" />
            <guid>guid:197d4ddc90fc5427:-1c619ffe:11def1582ed:-7969</guid>
            <versionId>c63fe7b4-9d47-43a2-8c38-e3021c632074</versionId>
        </processParameter>
        <processParameter name="outputFilePath">
            <lastModified isNull="true" />
            <lastModifiedBy isNull="true" />
            <tenantId isNull="true" />
            <processParameterId>2055.c25b8dd8-7009-4bc1-ad0d-17c229383477</processParameterId>
            <processId>1.c3f58885-df06-4efc-bdef-2efd08af6ae6</processId>
            <parameterType>1</parameterType>
            <isArrayOf>false</isArrayOf>
            <classId>/12.db884a3c-c533-44b7-bb2d-47bec8ad4022</classId>
            <seq>6</seq>
            <hasDefault>false</hasDefault>
            <defaultValue isNull="true" />
            <isLocked>false</isLocked>
            <description isNull="true" />
            <guid>guid:197d4ddc90fc5427:-1c619ffe:11def1582ed:-7967</guid>
            <versionId>13cb1089-3659-4422-b912-3da0de86f06b</versionId>
        </processParameter>
        <processParameter name="characterEncoding">
            <lastModified isNull="true" />
            <lastModifiedBy isNull="true" />
            <tenantId isNull="true" />
            <processParameterId>2055.35171925-65f6-4f74-8cfe-8feeab9be3e6</processParameterId>
            <processId>1.c3f58885-df06-4efc-bdef-2efd08af6ae6</processId>
            <parameterType>1</parameterType>
            <isArrayOf>false</isArrayOf>
            <classId>/12.db884a3c-c533-44b7-bb2d-47bec8ad4022</classId>
            <seq>7</seq>
            <hasDefault>false</hasDefault>
            <defaultValue isNull="true" />
            <isLocked>false</isLocked>
            <description isNull="true" />
            <guid>guid:197d4ddc90fc5427:-1c619ffe:11def1582ed:-7965</guid>
            <versionId>62404168-75b0-479f-a49e-b10b19168e92</versionId>
        </processParameter>
        <processParameter name="clobSize">
            <lastModified isNull="true" />
            <lastModifiedBy isNull="true" />
            <tenantId isNull="true" />
            <processParameterId>2055.0aff63af-9dbd-4f4d-b58d-1663b8f137b0</processParameterId>
            <processId>1.c3f58885-df06-4efc-bdef-2efd08af6ae6</processId>
            <parameterType>2</parameterType>
            <isArrayOf>false</isArrayOf>
            <classId>/12.3fa0d7a0-828a-4d60-99cc-db5ed143fc2d</classId>
            <seq>8</seq>
            <hasDefault>false</hasDefault>
            <defaultValue isNull="true" />
            <isLocked>false</isLocked>
            <description isNull="true" />
            <guid>guid:197d4ddc90fc5427:-1c619ffe:11def1582ed:-7963</guid>
            <versionId>03ea4251-a40b-410b-9a77-e8015532f7ff</versionId>
        </processParameter>
        <processParameter name="appendToOutputFile">
            <lastModified isNull="true" />
            <lastModifiedBy isNull="true" />
            <tenantId isNull="true" />
            <processParameterId>2055.f27ec7b8-f3bc-4012-86e1-ba1adbdc87d1</processParameterId>
            <processId>1.c3f58885-df06-4efc-bdef-2efd08af6ae6</processId>
            <parameterType>1</parameterType>
            <isArrayOf>false</isArrayOf>
            <classId>/12.83ff975e-8dbc-42e5-b738-fa8bc08274a2</classId>
            <seq>9</seq>
            <hasDefault>true</hasDefault>
            <defaultValue>false</defaultValue>
            <isLocked>false</isLocked>
            <description isNull="true" />
            <guid>guid:197d4ddc90fc5427:-1c619ffe:11def1582ed:-7961</guid>
            <versionId>496e31e8-06c1-461e-9dc8-c44dc8229f3c</versionId>
        </processParameter>
        <processParameter name="dataSourceName">
            <lastModified isNull="true" />
            <lastModifiedBy isNull="true" />
            <tenantId isNull="true" />
            <processParameterId>2055.4d2e1a1d-2fa4-46d6-85db-ada23a13f5d4</processParameterId>
            <processId>1.c3f58885-df06-4efc-bdef-2efd08af6ae6</processId>
            <parameterType>1</parameterType>
            <isArrayOf>false</isArrayOf>
            <classId>/12.db884a3c-c533-44b7-bb2d-47bec8ad4022</classId>
            <seq>10</seq>
            <hasDefault>true</hasDefault>
            <defaultValue>"jdbc/TeamWorksDB"</defaultValue>
            <isLocked>false</isLocked>
            <description isNull="true" />
            <guid>guid:197d4ddc90fc5427:-1c619ffe:11def1582ed:-795f</guid>
            <versionId>1fea1ed2-e139-4f15-8b9b-3ccae6a70735</versionId>
        </processParameter>
        <item>
            <lastModified isNull="true" />
            <lastModifiedBy isNull="true" />
            <tenantId isNull="true" />
            <processItemId>2025.0b14b5e4-ae22-4241-9ac6-8afbea6c8084</processItemId>
            <processId>1.c3f58885-df06-4efc-bdef-2efd08af6ae6</processId>
            <name>Write Clob to File</name>
            <tWComponentName>JavaConnector</tWComponentName>
            <tWComponentId>3022.bd80047c-7ee8-42c2-b3af-d8fad3f42753</tWComponentId>
            <isLogEnabled>false</isLogEnabled>
            <isTraceEnabled>false</isTraceEnabled>
            <traceCategory isNull="true" />
            <traceLevel isNull="true" />
            <traceMessage isNull="true" />
            <traceSymbolTable isNull="true" />
            <isExecutionContextTraced>false</isExecutionContextTraced>
            <saveExecutionContext>false</saveExecutionContext>
            <documentation isNull="true" />
            <isErrorHandlerEnabled>false</isErrorHandlerEnabled>
            <errorHandlerItemId isNull="true" />
            <guid>guid:12be50909032b80c:18f81ea7:11f41c537ad:-7be5</guid>
            <versionId>7e880996-632f-4bb1-a05a-2260938ac9d9</versionId>
            <externalServiceRef isNull="true" />
            <externalServiceOp isNull="true" />
            <nodeColor isNull="true" />
            <layoutData x="153" y="85">
                <errorLink>
                    <controlPoints />
                    <showEndState>false</showEndState>
                    <showName>false</showName>
                </errorLink>
            </layoutData>
            <TWComponent>
                <lastModified isNull="true" />
                <lastModifiedBy isNull="true" />
                <tenantId isNull="true" />
                <javaConnectorId>3022.bd80047c-7ee8-42c2-b3af-d8fad3f42753</javaConnectorId>
                <definition>&lt;connector&gt;
  &lt;javaClassName&gt;teamworks.SQLConnector&lt;/javaClassName&gt;
  &lt;methodName&gt;clobToFileFlat&lt;/methodName&gt;
  &lt;inputRecord&gt;
    &lt;element type="java.lang.String" nativeType="java.lang.String" parameter="Parameter 0" argument="tw.local.sql" description="SQL Statement (String)" /&gt;
    &lt;element type="teamworks.TWList" nativeType="teamworks.TWList" parameter="Parameter 1" argument="tw.local.parameters" description="Parameter List (TWList)" /&gt;
    &lt;element type="java.lang.Integer" nativeType="java.lang.Integer" parameter="Parameter 2" argument="tw.local.maxRows" description="Max Rows (Integer)" /&gt;
    &lt;element type="java.lang.Integer" nativeType="int" parameter="Parameter 3" argument="tw.local.clobOutputIndex" description="Clob Output Index" /&gt;
    &lt;element type="java.lang.String" nativeType="java.lang.String" parameter="Parameter 4" argument="tw.local.outputFilePath" description="Output File Path" /&gt;
    &lt;element type="java.lang.String" nativeType="java.lang.String" parameter="Parameter 5" argument="tw.local.characterEncoding" description="Character Encoding" /&gt;
    &lt;element type="java.lang.Boolean" nativeType="boolean" parameter="Parameter 6" argument="tw.local.appendToOutputFile" description="Append to Output File" /&gt;
    &lt;element type="java.lang.String" nativeType="java.lang.String" parameter="Parameter 7" argument="tw.local.dataSourceName" description="JNDI DataSource Name" /&gt;
  &lt;/inputRecord&gt;
  &lt;outputRecord&gt;
    &lt;element type="java.lang.Integer" nativeType="int" parameter="Return Value" argument="tw.local.clobSize" description="" /&gt;
  &lt;/outputRecord&gt;
&lt;/connector&gt;</definition>
                <guid>guid:12be50909032b80c:18f81ea7:11f41c537ad:-7be6</guid>
                <versionId>02b4c4df-b054-4d76-88d4-0ab75757bc78</versionId>
            </TWComponent>
        </item>
        <item>
            <lastModified isNull="true" />
            <lastModifiedBy isNull="true" />
            <tenantId isNull="true" />
            <processItemId>2025.fe833e05-3531-40f8-91e2-bd89190d3b8f</processItemId>
            <processId>1.c3f58885-df06-4efc-bdef-2efd08af6ae6</processId>
            <name>End</name>
            <tWComponentName>ExitPoint</tWComponentName>
            <tWComponentId>3008.5f171757-bd55-44a1-b3e5-05d43b61bbba</tWComponentId>
            <isLogEnabled>false</isLogEnabled>
            <isTraceEnabled>false</isTraceEnabled>
            <traceCategory isNull="true" />
            <traceLevel isNull="true" />
            <traceMessage isNull="true" />
            <traceSymbolTable isNull="true" />
            <isExecutionContextTraced>false</isExecutionContextTraced>
            <saveExecutionContext>true</saveExecutionContext>
            <documentation isNull="true" />
            <isErrorHandlerEnabled>false</isErrorHandlerEnabled>
            <errorHandlerItemId isNull="true" />
            <guid>guid:77a8b4ba28edc846:9d544eb:115aa79594a:-7ff6</guid>
            <versionId>2bb1f2c1-4881-4ed3-82e6-d4886347eb45</versionId>
            <externalServiceRef isNull="true" />
            <externalServiceOp isNull="true" />
            <nodeColor isNull="true" />
            <layoutData x="327" y="100">
                <errorLink>
                    <controlPoints />
                    <showEndState>false</showEndState>
                    <showName>false</showName>
                </errorLink>
            </layoutData>
            <TWComponent>
                <lastModified isNull="true" />
                <lastModifiedBy isNull="true" />
                <tenantId isNull="true" />
                <exitPointId>3008.5f171757-bd55-44a1-b3e5-05d43b61bbba</exitPointId>
                <haltProcess>false</haltProcess>
                <guid>guid:197d4ddc90fc5427:-1c619ffe:11def1582ed:-795b</guid>
                <versionId>f7349b6f-b2cf-496d-8eb7-9ebf69fd0194</versionId>
            </TWComponent>
        </item>
        <startingProcessItemId>2025.0b14b5e4-ae22-4241-9ac6-8afbea6c8084</startingProcessItemId>
        <errorHandlerItemId isNull="true" />
        <layoutData noConversion="true">
            <errorLink>
                <controlPoints />
                <showEndState>false</showEndState>
                <showName>false</showName>
            </errorLink>
        </layoutData>
        <startPoint>
            <layoutData x="20" y="100">
                <errorLink>
                    <controlPoints />
                    <showEndState>false</showEndState>
                    <showName>false</showName>
                </errorLink>
            </layoutData>
        </startPoint>
        <startLink>
            <fromPort locationId="rightCenter" portType="1" />
            <toPort locationId="leftCenter" portType="2" />
            <layoutData>
                <controlPoints />
                <showEndState>false</showEndState>
                <showName>false</showName>
            </layoutData>
        </startLink>
        <link name="Untitled">
            <lastModified isNull="true" />
            <lastModifiedBy isNull="true" />
            <tenantId isNull="true" />
            <processLinkId>2027.0e7d5b8b-6683-49cf-9568-b4ad8e3fee36</processLinkId>
            <processId>1.c3f58885-df06-4efc-bdef-2efd08af6ae6</processId>
            <description isNull="true" />
            <fromProcessItemId>2025.0b14b5e4-ae22-4241-9ac6-8afbea6c8084</fromProcessItemId>
            <endStateId>Out</endStateId>
            <toProcessItemId>2025.fe833e05-3531-40f8-91e2-bd89190d3b8f</toProcessItemId>
            <guid>guid:12be50909032b80c:18f81ea7:11f41c537ad:-7bde</guid>
            <versionId>ba389d56-5796-4d9d-a77f-6c49c6813b01</versionId>
            <layoutData>
                <controlPoints />
                <showEndState>false</showEndState>
                <showName>false</showName>
            </layoutData>
            <fromItemPort locationId="rightCenter" portType="1" />
            <toItemPort locationId="leftCenter" portType="2" />
            <fromProcessItemId>2025.0b14b5e4-ae22-4241-9ac6-8afbea6c8084</fromProcessItemId>
            <toProcessItemId>2025.fe833e05-3531-40f8-91e2-bd89190d3b8f</toProcessItemId>
        </link>
    </process>
</teamworks>

