<?xml version="1.0" encoding="UTF-8"?>
<teamworks>
    <userAttributeDefinition id="51.5b7a29c9-cd65-4733-a074-e74f6c51f119" name="Image">
        <lastModified>1336850768445</lastModified>
        <lastModifiedBy>Internal TW Admin user</lastModifiedBy>
        <tenantId isNull="true" />
        <userAttributeId>51.5b7a29c9-cd65-4733-a074-e74f6c51f119</userAttributeId>
        <classRef>/12.db884a3c-c533-44b7-bb2d-47bec8ad4022</classRef>
        <storageProvider isNull="true" />
        <storageProviderAttribute isNull="true" />
        <storageSource>0</storageSource>
        <storageService isNull="true" />
        <valuesSource>0</valuesSource>
        <valuesService isNull="true" />
        <description isNull="true" />
        <guid>guid:5347919854665fa8:e73783:110f02c3f1c:-7ffe</guid>
        <versionId>d183a9a7-24f1-40a2-a002-bc9b2caf91eb</versionId>
        <userAttributeValues />
    </userAttributeDefinition>
</teamworks>

