<?xml version="1.0" encoding="UTF-8"?>
<teamworks>
    <userAttributeDefinition id="51.57eb92c1-be27-44a7-a119-73720251c985" name="Portal Open Task In New Window">
        <lastModified>1412011837574</lastModified>
        <lastModifiedBy>tw_admin</lastModifiedBy>
        <tenantId isNull="true" />
        <userAttributeId>51.57eb92c1-be27-44a7-a119-73720251c985</userAttributeId>
        <classRef>/12.83ff975e-8dbc-42e5-b738-fa8bc08274a2</classRef>
        <storageProvider isNull="true" />
        <storageProviderAttribute isNull="true" />
        <storageSource>0</storageSource>
        <storageService isNull="true" />
        <valuesSource>0</valuesSource>
        <valuesService isNull="true" />
        <description isNull="true" />
        <guid>e3b26e37-1f5a-4a79-b7ac-fdaf4aa5ea18</guid>
        <versionId>3a86b248-0cae-41d7-9635-f36c90e4b675</versionId>
        <userAttributeValues />
    </userAttributeDefinition>
</teamworks>

