<?xml version="1.0" encoding="UTF-8"?>
<teamworks>
    <userAttributeDefinition id="51.6de1bc69-12e0-4887-afeb-de20d8243921" name="Hide Instance UI Update Warning">
        <lastModified>1496327368420</lastModified>
        <lastModifiedBy>tw_admin</lastModifiedBy>
        <tenantId isNull="true" />
        <userAttributeId>51.6de1bc69-12e0-4887-afeb-de20d8243921</userAttributeId>
        <classRef>/12.db884a3c-c533-44b7-bb2d-47bec8ad4022</classRef>
        <storageProvider isNull="true" />
        <storageProviderAttribute isNull="true" />
        <storageSource>0</storageSource>
        <storageService isNull="true" />
        <valuesSource>0</valuesSource>
        <valuesService isNull="true" />
        <description isNull="true" />
        <guid>guid:389e55f584280cee:-591ced5b:15c6407f921:-7ffd</guid>
        <versionId>76c00ad3-bdba-4abe-aab2-0c17ac13c183</versionId>
        <userAttributeValues />
    </userAttributeDefinition>
</teamworks>

