<?xml version="1.0" encoding="UTF-8"?>
<teamworks>
    <userAttributeDefinition id="51.98651c26-ec9d-4733-ad51-b4669ca4cca7" name="Base Text Direction">
        <lastModified>1361372673512</lastModified>
        <lastModifiedBy>Internal TW Admin user</lastModifiedBy>
        <tenantId isNull="true" />
        <userAttributeId>51.98651c26-ec9d-4733-ad51-b4669ca4cca7</userAttributeId>
        <classRef>/12.db884a3c-c533-44b7-bb2d-47bec8ad4022</classRef>
        <storageProvider isNull="true" />
        <storageProviderAttribute isNull="true" />
        <storageSource>0</storageSource>
        <storageService isNull="true" />
        <valuesSource>2</valuesSource>
        <valuesService isNull="true" />
        <description></description>
        <guid>guid:eac55be5436a79cf:6c3a06c2:137b8e9fbbc:-7ffb</guid>
        <versionId>360afd02-0bea-4599-acbf-64d18eaa0f51</versionId>
        <userAttributeValues>
            <userAttributeValue>
                <lastModified isNull="true" />
                <lastModifiedBy isNull="true" />
                <tenantId isNull="true" />
                <userAttributeDefValueId>2050.699fb461-bb7f-4d85-8186-e3ca63ec6ae8</userAttributeDefValueId>
                <userAttributeDefId>51.98651c26-ec9d-4733-ad51-b4669ca4cca7</userAttributeDefId>
                <value>generalPreference.fields.baseTextDir.default</value>
                <seq>0</seq>
                <guid>guid:eac55be5436a79cf:-7f6a184b:137c21057f7:-7ffb</guid>
                <versionId>df33ecef-5f1a-42c4-bf1f-8170952a0367</versionId>
            </userAttributeValue>
            <userAttributeValue>
                <lastModified isNull="true" />
                <lastModifiedBy isNull="true" />
                <tenantId isNull="true" />
                <userAttributeDefValueId>2050.8080d533-ec8f-42a7-a0c4-1754475d7b5c</userAttributeDefValueId>
                <userAttributeDefId>51.98651c26-ec9d-4733-ad51-b4669ca4cca7</userAttributeDefId>
                <value>generalPreference.fields.baseTextDir.ltr</value>
                <seq>1</seq>
                <guid>guid:eac55be5436a79cf:-7f6a184b:137c21057f7:-7ffa</guid>
                <versionId>b1d3f939-43e1-42d0-9ce8-336cf25d0923</versionId>
            </userAttributeValue>
            <userAttributeValue>
                <lastModified isNull="true" />
                <lastModifiedBy isNull="true" />
                <tenantId isNull="true" />
                <userAttributeDefValueId>2050.c7e3021e-9d43-4b7c-be04-f06bd75f3aef</userAttributeDefValueId>
                <userAttributeDefId>51.98651c26-ec9d-4733-ad51-b4669ca4cca7</userAttributeDefId>
                <value>generalPreference.fields.baseTextDir.rtl</value>
                <seq>2</seq>
                <guid>guid:eac55be5436a79cf:-7f6a184b:137c21057f7:-7ff9</guid>
                <versionId>92e1c9a8-b73c-4dbb-bd2e-1cf6c902be3f</versionId>
            </userAttributeValue>
            <userAttributeValue>
                <lastModified isNull="true" />
                <lastModifiedBy isNull="true" />
                <tenantId isNull="true" />
                <userAttributeDefValueId>2050.25f8996f-7681-41b0-824b-a5948b12b716</userAttributeDefValueId>
                <userAttributeDefId>51.98651c26-ec9d-4733-ad51-b4669ca4cca7</userAttributeDefId>
                <value>generalPreference.fields.baseTextDir.contextual</value>
                <seq>3</seq>
                <guid>guid:eac55be5436a79cf:-7f6a184b:137c21057f7:-7ff8</guid>
                <versionId>98363cce-3941-435c-b69d-0e961ddcfceb</versionId>
            </userAttributeValue>
        </userAttributeValues>
    </userAttributeDefinition>
</teamworks>

