<?xml version="1.0" encoding="UTF-8"?>
<teamworks>
    <userAttributeDefinition id="51.b85e7f89-08de-4b21-9ab0-93f05c796c99" name="User Data">
        <lastModified>1525812614709</lastModified>
        <lastModifiedBy>Internal TW Admin user</lastModifiedBy>
        <tenantId isNull="true" />
        <userAttributeId>51.b85e7f89-08de-4b21-9ab0-93f05c796c99</userAttributeId>
        <classRef>/12.db884a3c-c533-44b7-bb2d-47bec8ad4022</classRef>
        <storageProvider>0</storageProvider>
        <storageProviderAttribute isNull="true" />
        <storageSource>0</storageSource>
        <storageService isNull="true" />
        <valuesSource>0</valuesSource>
        <valuesService isNull="true" />
        <description isNull="true" />
        <guid>guid:a2f0b93f52de9486:-4cddae37:1634025a0de:-795e</guid>
        <versionId>78fbfe9e-0a8b-4391-af41-d5ef1e9ea24c</versionId>
        <userAttributeValues />
    </userAttributeDefinition>
</teamworks>

