<?xml version="1.0" encoding="UTF-8"?>
<teamworks>
    <userAttributeDefinition id="51.cffd22f9-ff41-4e77-8853-90acc40c0a32" name="Locale">
        <lastModified>1336850768477</lastModified>
        <lastModifiedBy>Internal TW Admin user</lastModifiedBy>
        <tenantId isNull="true" />
        <userAttributeId>51.cffd22f9-ff41-4e77-8853-90acc40c0a32</userAttributeId>
        <classRef>/12.db884a3c-c533-44b7-bb2d-47bec8ad4022</classRef>
        <storageProvider isNull="true" />
        <storageProviderAttribute isNull="true" />
        <storageSource>0</storageSource>
        <storageService isNull="true" />
        <valuesSource>0</valuesSource>
        <valuesService isNull="true" />
        <description isNull="true" />
        <guid>guid:bdd3ce4d5972b3d8:c8c6d9:11103b4b81c:-7ffc</guid>
        <versionId>8ef318a9-183a-442d-861c-1c99046d851f</versionId>
        <userAttributeValues />
    </userAttributeDefinition>
</teamworks>

