{"2064.304ac881-16c3-47d2-97d5-6e4c4a893177":{"Services":[],"Action Flow":["1.619262c8-142d-40e7-b00f-e4fbc1da6f3f","1.bacfbbb3-7c56-42d8-a721-0c141db51c9c","1.8f51f5d9-84bb-4a9c-8e73-bb7df3b4b412","1.ef1ed168-6a53-4ca0-99a7-155e43503e6a","1.4c0836a3-9a00-4cf5-bb21-ba483eeacc48","1.f07b958a-454c-49d8-a7f7-5c185cbc0264","1.8d8b02fa-b239-4f3c-9296-20b1546985e5"],"Application Flow":[],"REST SERVICE":[]},"2064.9f97cdb3-0944-42b3-8ab8-b33738e69b94":{"ActionRefs":{},"EnvRefs":{},"isToolkit":false,"description":"Workflows that support client onboarding from an external BAW system","type":"automation_srvc","version":"v1.0","REST SERVICE":["2051.75ab9cc3-d3fd-4975-a195-d0421856bffd"],"Services":[],"projectAcronym":"COWE","ApplicationDataPersistenceRefs":{"GetApplicationDataRefs":{"actionId":"1.7fac8f02-fe33-44d7-81c4-24477b684552","inputParamsId":"2055.bb94be13-b6bf-4653-8030-cdcfce425274","outputParamsId":"2055.343143da-76f3-4c09-8733-cf9ec9c58b2d"},"SetApplicationDataRefs":{"actionId":"1.65a68894-5f18-4b2b-b813-4cd1f66d97df","inputParamsId":"2055.9092177b-eb9a-4b43-880f-1bde5d2768af"},"DeleteApplicationDataRefs":{"actionId":"1.53231696-f249-4d1b-9c92-a421f1425f12","inputParamsId":"2055.e775eab7-528d-4e49-85d6-6d3e89f8badd"}},"lastModified":"2021-05-06T13:48:53.781Z","Action Flow":["1.9c5f2771-8562-4b7f-9fdf-72bfd547c6aa"],"projectName":"Client_Onboarding_Workflows_External","projectID":"2066.a4353b1f-5e30-4a8c-80ea-8116fe9fdc71","Application Flow":[],"snapshotAcronym":"V1.0","Webasset":"T"},"2064.1080ded6-d153-4654-947c-2d16fce170db":{"Services":[],"Action Flow":["1.7fac8f02-fe33-44d7-81c4-24477b684552","1.53231696-f249-4d1b-9c92-a421f1425f12","1.65a68894-5f18-4b2b-b813-4cd1f66d97df"],"Application Flow":[],"REST SERVICE":[]},"2064.54630fdc-d36d-4356-80ee-ea57de0d7a32":{"Services":[],"Action Flow":["1.1cb3f8fe-9c24-4c1c-b063-90a47804ba83","1.8559910c-3cbe-4cd3-9c4c-b9e056d25496"],"Application Flow":[],"REST SERVICE":[],"Webasset":"T"}}