{"id":"50.adeae4bd-e860-48f8-8f12-9436f7840773/2064.91e0f284-0db5-4f27-994d-d0f601dabca4","localeLanguage":"ca","localeCountry":"","localeVariant":"","localeDisplayName":"CSResource","resourceBundleKey":[{"id":null,"key":"CS_Add","value":"Add"},{"id":null,"key":"CS_BatchContent_AutomationDocType","value":"Automation document type"},{"id":null,"key":"CS_BatchContent_AutomationDocType_Help","value":"The document type to be used when adding or modifying batch documents. If not specified, the value defaults to DbaCaptureBase."},{"id":null,"key":"CS_BatchContent_OnDocumentCheckedOut","value":"On document checked out"},{"id":null,"key":"CS_BatchContent_OnDocumentCheckedOut_Help","value":"An event that is fired when the document has been checked out."},{"id":null,"key":"CS_BatchContent_OnGetProperties","value":"On get properties"},{"id":null,"key":"CS_BatchContent_OnGetProperties_Help","value":"An event that is fired when the properties have been retrieved."},{"id":null,"key":"CS_BatchContent_OnResubmitBatch","value":"On resubmit batch"},{"id":null,"key":"CS_BatchContent_OnResubmitBatch_Help","value":"An event that is fired when the batch has been resubmitted for processing successfully."},{"id":null,"key":"CS_BatchContent_OnRollbackBatch","value":"On rollback batch"},{"id":null,"key":"CS_BatchContent_OnRollbackBatch_Help","value":"An event that is fired when the batch has been rolled back successfully."},{"id":null,"key":"CS_BatchContent_OnSaveBatch","value":"On save batch"},{"id":null,"key":"CS_BatchContent_OnSaveBatch_Help","value":"An event that is fired when the batch has been saved."},{"id":null,"key":"CS_BatchContent_OnSearchResults","value":"On search results"},{"id":null,"key":"CS_BatchContent_OnSearchResults_Help","value":"An event that is fired when the search results have returned successfully."},{"id":null,"key":"CS_BatchContent_OnUpdateBatch","value":"On update batch"},{"id":null,"key":"CS_BatchContent_OnUpdateBatch_Help","value":"An event that is fired when the batch has been updated."},{"id":null,"key":"CS_BatchContent_OnUpdateProperties","value":"On update properties"},{"id":null,"key":"CS_BatchContent_OnUpdateProperties_Help","value":"An event that is fired when the properties have been updated."},{"id":null,"key":"CS_Cancel","value":"Cancel"},{"id":null,"key":"CS_Class_Selector_Svc_Error","value":"S'ha produït un error de servei"},{"id":null,"key":"CS_Class_Selector_Svc_Error_Help","value":"S'activa quan es torna un error en trucar a un servei."},{"id":null,"key":"CS_ContentListFilter_Cancel","value":"Cancel"},{"id":null,"key":"CS_ContentListFilter_Filter","value":"Filter"},{"id":null,"key":"CS_ContentListFilter_OnCanceFilter","value":"On cancel"},{"id":null,"key":"CS_ContentListFilter_OnCancelFilter_Help","value":"An event that is fired when the cancel button is clicked."},{"id":null,"key":"CS_ContentListFilter_OnFilter","value":"On filter"},{"id":null,"key":"CS_ContentListFilter_OnFilter_Help","value":"An event that is fired when the filter button is clicked."},{"id":null,"key":"CS_ContentListFilter_TypeName","value":"Type name"},{"id":null,"key":"CS_ContentListFilter_TypeName_Help","value":"Search object type."},{"id":null,"key":"CS_ContentList_AcceptFileTypes","value":"Accepted file types"},{"id":null,"key":"CS_ContentList_AcceptFileTypes_Help","value":"Specify the file type extensions that are allowed when adding new documents (for example, .dotx, .pdf, etc). When not specified, all file types are accepted."},{"id":null,"key":"CS_ContentList_Actions","value":"Accions"},{"id":null,"key":"CS_ContentList_AddButton","value":"Afegeix"},{"id":null,"key":"CS_ContentList_Advanced","value":"Avançat"},{"id":null,"key":"CS_ContentList_Behavior","value":"Comportament"},{"id":null,"key":"CS_ContentList_Columns","value":"Columnes"},{"id":null,"key":"CS_ContentList_Columns_Help","value":"Les columnes que cal visualitzar a la llista. Definiu-ho si voleu les vostres pròpies propietats de columna personalitzades, si no, s'utilitza un conjunt predeterminat."},{"id":null,"key":"CS_ContentList_ConfigurationProperty","value":"Propietat de configuració"},{"id":null,"key":"CS_ContentList_ConfigurationProperty_Help","value":"Nom d'una propietat on s'emmagatzemaran les dades de configuració en format JSON."},{"id":null,"key":"CS_ContentList_ConfigurationValues","value":"Valors de configuració"},{"id":null,"key":"CS_ContentList_ContentItems","value":"Elements de contingut"},{"id":null,"key":"CS_ContentList_ContentItems_Help","value":"Llista d'objectes CSDocument a visualitzar. La propietat ID es l'única propietat obligatòria dels objecte de document."},{"id":null,"key":"CS_ContentList_ControllerProperty","value":"Controller document property"},{"id":null,"key":"CS_ContentList_ControllerProperty_Help","value":"Name of the object value property in the document class that links to the batch controller."},{"id":null,"key":"CS_ContentList_DisableDnDAdd_Help","value":"Marqueu aquest paràmetre per inhabilitar l'adició de documents utilitzant arrossegar i deixar anar."},{"id":null,"key":"CS_ContentList_DisabledValues","value":"Valors inhabilitats"},{"id":null,"key":"CS_ContentList_DisabledValues_Help","value":"Especifiqueu els valors de propietats pels quals s'inhabilitaran les accions dels elements."},{"id":null,"key":"CS_ContentList_DisplayProgressIndicator","value":"Visualitza l'indicador de progressió en afegir documents"},{"id":null,"key":"CS_ContentList_DisplayProgressIndicator_Help","value":"Marqueu aquesta opció per visualitzar un indicador de progressió en afegir documents."},{"id":null,"key":"CS_ContentList_EnableSearchFilter","value":"Enable search filter"},{"id":null,"key":"CS_ContentList_EnableSearchFilter_Help","value":"Displays the search filter component for specifying multiple search parameters to query against and display the results in the list view."},{"id":null,"key":"CS_ContentList_Enable_Polling","value":"Habilita el sondeig d'estat de document"},{"id":null,"key":"CS_ContentList_Enable_Polling_Help","value":"Quan s'ha definit, s'utilitza el sondeig per actualitzar l'estat dels documents afegits."},{"id":null,"key":"CS_ContentList_ExtraProperties","value":"Extra properties"},{"id":null,"key":"CS_ContentList_ExtraProperties_Help","value":"Specify additional properties that you want returned with the items in the results set."},{"id":null,"key":"CS_ContentList_Filter_Help","value":"=The property values are combined with an AND operator in the search filter."},{"id":null,"key":"CS_ContentList_Folder","value":"Carpeta"},{"id":null,"key":"CS_ContentList_FolderId","value":"ID de carpeta"},{"id":null,"key":"CS_ContentList_FolderId_Help","value":"Establiu l'ID de carpeta o el camí d'accés per inicialitzar la llista de contingut amb el contingut especificat de la carpeta. El fet d'establir l'ID de la carpeta té prioritat davant de la cerca de valors."},{"id":null,"key":"CS_ContentList_Height_Help","value":"The height of the content list view window."},{"id":null,"key":"CS_ContentList_HideAction_Help","value":"Marqueu el valor d'acció si voleu eliminar aquesta acció del menú desplegable"},{"id":null,"key":"CS_ContentList_HideAddDialog","value":"Oculta el diàleg Afegir en afegir documents"},{"id":null,"key":"CS_ContentList_HideAddDialog_Help","value":"Quan aquesta opció està seleccionada i s'ha configurat un únic tipus de document, els documents s'afegeixen sense mostrar el diàleg Afegeix un document."},{"id":null,"key":"CS_ContentList_HideAddDocument","value":"Oculta Afegeix un document"},{"id":null,"key":"CS_ContentList_HideAddFolder","value":"Oculta Afegeix carpeta"},{"id":null,"key":"CS_ContentList_HideCancelCheckoutDoc","value":"Oculta Cancel·la document d'extracció"},{"id":null,"key":"CS_ContentList_HideCheckoutDocument","value":"Oculta Document d'extracció"},{"id":null,"key":"CS_ContentList_HideCheckoutState","value":"Oculta Estat d'extracció"},{"id":null,"key":"CS_ContentList_HideCheckoutState_Help","value":"Seleccioneu aquesta opció per habilitar/inhabilitar que es visualitzi la icona d'estat d'extracció."},{"id":null,"key":"CS_ContentList_HideDeleteDocument","value":"Oculta Suprimeix document"},{"id":null,"key":"CS_ContentList_HideDeleteFolder","value":"Oculta Suprimeix carpeta"},{"id":null,"key":"CS_ContentList_HideDownloadDocument","value":"Oculta Descarrega document"},{"id":null,"key":"CS_ContentList_HideEditDocument","value":"Oculta Edita document"},{"id":null,"key":"CS_ContentList_HideEditDocumentProps","value":"Oculta Edita propietats de document"},{"id":null,"key":"CS_ContentList_HideEditFolderProps","value":"Oculta Edita propietats de carpeta"},{"id":null,"key":"CS_ContentList_HideRefresh","value":"Hide refresh"},{"id":null,"key":"CS_ContentList_HideRenameFolder","value":"Oculta Canvia el nom de la carpeta"},{"id":null,"key":"CS_ContentList_HideSearchField","value":"Oculta Camp de cerca"},{"id":null,"key":"CS_ContentList_HideSearchField_Help","value":"No visualitzis el camp de cerca. Els paràmetres de cerca es defineixen als paràmetre de configuració."},{"id":null,"key":"CS_ContentList_HideUploadNewVersionDoc","value":"Oculta Carrega document de la nova versió"},{"id":null,"key":"CS_ContentList_HideViewDocument","value":"Oculta Visualitza document"},{"id":null,"key":"CS_ContentList_IncludeTimeInDates","value":"Inclou l'hora a les propietats de data"},{"id":null,"key":"CS_ContentList_IncludeTimeInDates_Help","value":"Visualitza la part de l'hora del valor de data a les propietats de columna."},{"id":null,"key":"CS_ContentList_InitialPageSize","value":"Mida de pàgina inicial"},{"id":null,"key":"CS_ContentList_InitialPageSize_Help","value":"La mida del conjunt de resultats que s'ha tornat perquè es representin a la llista de continguts. La mida de pàgina per defecte és de 20 elements."},{"id":null,"key":"CS_ContentList_OnActionMenuOpen","value":"On action menu open"},{"id":null,"key":"CS_ContentList_OnActionMenuOpen_Help","value":"An event that is fired when the action menu is about to be opened. Passes a folder object with properties."},{"id":null,"key":"CS_ContentList_OnAdd","value":"En afegir contingut"},{"id":null,"key":"CS_ContentList_OnAdd_Help","value":"La incidència que s'activa quan s'afegeix un document o una carpeta. Es transfereix un objecte contentItem."},{"id":null,"key":"CS_ContentList_OnAllRowsSelected","value":"On all rows selected"},{"id":null,"key":"CS_ContentList_OnAllRowsSelected_Help","value":"This event is called when the user clicks on the Select All checkbox and the content list is in Multiselect mode. The passed parameter \"selected\" indicates whether all or none of the rows are selected."},{"id":null,"key":"CS_ContentList_OnContextMenuOpen","value":"En obrir el menú contextual"},{"id":null,"key":"CS_ContentList_OnContextMenuOpen_Help","value":"Una incidència que s'activa quan s'està a punt d'obrir el menú contextual. Es transfereix un objecte de contingut amb les propietats."},{"id":null,"key":"CS_ContentList_OnError","value":"En cas d'error"},{"id":null,"key":"CS_ContentList_OnError_Help","value":"La incidència que s'envia quan es produeix un error de servei."},{"id":null,"key":"CS_ContentList_OnFileClicked","value":"S'ha fet clic al fitxer actiu"},{"id":null,"key":"CS_ContentList_OnFileClicked_Help","value":"La incidència que s'activa quan se selecciona un document a la columna principal. Es transfereix un objecte de document amb les propietats."},{"id":null,"key":"CS_ContentList_OnFolderClicked","value":"S'ha fet clic a la carpeta activa"},{"id":null,"key":"CS_ContentList_OnFolderClicked_Help","value":"Una incidència que s'activa quan se selecciona una carpeta a la columna principal. Es transfereix un objecte de carpeta amb les propietats."},{"id":null,"key":"CS_ContentList_OnPollResults","value":"On poll results"},{"id":null,"key":"CS_ContentList_OnPollResults_Help","value":"Fired when a poll result containing document status is received."},{"id":null,"key":"CS_ContentList_OnResults","value":"Carregats els resultats actius"},{"id":null,"key":"CS_ContentList_OnResults_Help","value":"La incidència que s'envia quan s'han tornat resultats d'un servei. Es transfereix una llista d'elements que s'han representat a la llista de contingut."},{"id":null,"key":"CS_ContentList_OnRowSelected","value":"S'ha seleccionat la fila activa"},{"id":null,"key":"CS_ContentList_OnRowSelected_Help","value":"La incidència que s'activa quan se selecciona una fila utilitzant un botó d'opció o un quadre de selecció. Es transfereix el paràmetre addicional: fila (row.data.contentItem dóna cabuda a l'objecte de document o carpeta amb les propietats)."},{"id":null,"key":"CS_ContentList_Polling_Exit_Values","value":"Sondejant valors de propietats de sortida"},{"id":null,"key":"CS_ContentList_Polling_Exit_Values_Help","value":"El sondeig s'aturarà quan el valor de propietat de document que es retorni del sondeig sigui un dels valors configurats."},{"id":null,"key":"CS_ContentList_Polling_Neg_Exit_Values","value":"Sondejant valors de propietats de sortida negatius"},{"id":null,"key":"CS_ContentList_Polling_Neg_Exit_Values_Help","value":"El sondeig s'aturarà quan el valor de propietat de document que es retorni del sondeig NO sigui un dels valors configurats."},{"id":null,"key":"CS_ContentList_Resources","value":"Resources"},{"id":null,"key":"CS_ContentList_Resources_Help","value":"Set to an external resource bundle to pull in localized string resources for the column headers and the property list filter labels."},{"id":null,"key":"CS_ContentList_RootFolderName","value":"Nom de la carpeta arrel"},{"id":null,"key":"CS_ContentList_RootFolderName_Help","value":"La carpeta arrel mostra el nom que s'ha d'utilitzar en lloc del nom de la carpeta al repositori de Content Services."},{"id":null,"key":"CS_ContentList_Search","value":"Cerca"},{"id":null,"key":"CS_ContentList_SearchFilterProperties","value":"Search filter properties"},{"id":null,"key":"CS_ContentList_SearchFilterProperties_Help","value":"Specify the set of properties you want to query against to populate the list view. The property values are combined with an AND operator in the search filter."},{"id":null,"key":"CS_ContentList_SearchFolderId","value":"Cerca l'ID de la carpeta"},{"id":null,"key":"CS_ContentList_SearchFolderId_Help","value":"L'ID de la carpeta on s'ha d'iniciar la cerca. És un valor opcional que restringirà la cerca a la carpeta especificada. Si no es defineix, es cercarà a tot el magatzem d'objectes."},{"id":null,"key":"CS_ContentList_SearchFor","value":"Search for"},{"id":null,"key":"CS_ContentList_SearchFor_Help","value":"Search for document or folder items."},{"id":null,"key":"CS_ContentList_SearchOnlyFolder","value":"Cerca només en aquesta carpeta."},{"id":null,"key":"CS_ContentList_SearchOnlyFolder_Help","value":"No s'inclou la cerca a les subcarpetes."},{"id":null,"key":"CS_ContentList_SearchOperator","value":"Operador"},{"id":null,"key":"CS_ContentList_SearchOperator_Help","value":"L'operador de consulta que voldríeu utilitzar com, per exemple, Comença per, Acaba per, Semblant, No semblant, =, <, >, <>, >=, <=, etc.)."},{"id":null,"key":"CS_ContentList_SearchProperty","value":"Propietat de cerca"},{"id":null,"key":"CS_ContentList_SearchPropertyCardinality","value":"Cerca la cardinalitat de les propietats"},{"id":null,"key":"CS_ContentList_SearchPropertyCardinality_Help","value":"Especifica si la propietat de cerca té un valor o més d'un."},{"id":null,"key":"CS_ContentList_SearchPropertyType","value":"Cerca tipus de propietat"},{"id":null,"key":"CS_ContentList_SearchPropertyType_Help","value":"El tipus de dades de la propietat de cerca que s'ha especificat."},{"id":null,"key":"CS_ContentList_SearchProperty_Help","value":"El nom de propietat simbòlic de la propietat on voldríeu fer la cerca."},{"id":null,"key":"CS_ContentList_SearchRootName","value":"Root search name"},{"id":null,"key":"CS_ContentList_SearchRootName_Help","value":"The root search display name to use on the breadcrumb."},{"id":null,"key":"CS_ContentList_SearchTextOptions","value":"Opcions de text"},{"id":null,"key":"CS_ContentList_SearchTextOptions_Help","value":"Configureu la cerca perquè inclogui una consulta de base de contingut a més de la cerca de la propietat especificada."},{"id":null,"key":"CS_ContentList_SearchType","value":"Search type"},{"id":null,"key":"CS_ContentList_SearchType_Help","value":"Search for objects of a particular type."},{"id":null,"key":"CS_ContentList_SearchValue","value":"Valor per defecte"},{"id":null,"key":"CS_ContentList_SearchValue_Help","value":"El valor que s'ha de cercar. Si es deixa en blanc, els usuaris poden escriure un valor per invocar la cerca durant el temps d'execució."},{"id":null,"key":"CS_ContentList_SecondaryProperty","value":"State secondary property"},{"id":null,"key":"CS_ContentList_SecondaryProperty_Help","value":"Select a property to be used as a custom secondary state property."},{"id":null,"key":"CS_ContentList_SelectionMode","value":"Mode de selecció"},{"id":null,"key":"CS_ContentList_SelectionMode_Help","value":"Selecció única, selecció múltiple o cap."},{"id":null,"key":"CS_ContentList_ShowCustomState","value":"Mostra estat personalitzat"},{"id":null,"key":"CS_ContentList_ShowCustomState_Help","value":"Seleccioneu aquesta opció per habilitar/inhabilitar la visualització d'una icona d'estat personalitzat."},{"id":null,"key":"CS_ContentList_SortOrder","value":"Ordre de classificació"},{"id":null,"key":"CS_ContentList_SortOrder_Help","value":"Direcció d'ordenació per defecte, ascendent o descendent."},{"id":null,"key":"CS_ContentList_SortProperty","value":"Ordena per la propietat"},{"id":null,"key":"CS_ContentList_SortProperty_Help","value":"Seleccioneu la propietat a utilitzar per ordenar el conjunt de resultats."},{"id":null,"key":"CS_ContentList_StateProperty","value":"Propietat d'estat"},{"id":null,"key":"CS_ContentList_StateProperty_Help","value":"Seleccioneu una propietat per utilitzar com a propietat d'estat personalitzat."},{"id":null,"key":"CS_ContentList_Status_Polling_Interval","value":"Interval de sondeig d'estat"},{"id":null,"key":"CS_ContentList_Status_Polling_Interval_Help","value":"Nombre de segons entre les sol·licituds de sondejar l'estat dels documents afegits."},{"id":null,"key":"CS_ContentList_Status_Polling_Property","value":"Sondejant propietat d'estat"},{"id":null,"key":"CS_ContentList_Status_Polling_Property_Help","value":"Propietat que se sondeja per obtenir l'estat dels documents afegits."},{"id":null,"key":"CS_ContentList_Status_Polling_Timeout","value":"Polling timeout per document"},{"id":null,"key":"CS_ContentList_Status_Polling_Timeout_Help","value":"Number of seconds per document after which polling stops if an exit condition is not met."},{"id":null,"key":"CS_ContentList_TableRowHeight","value":"Alçada de fila de tabla"},{"id":null,"key":"CS_ContentList_TableRowHeight_Help","value":"Paràmetre utilitzat per especificar l'alçada de la fila de tabla de la llista de contingut."},{"id":null,"key":"CS_ContentList_Width_Help","value":"The width of the content list view window."},{"id":null,"key":"CS_ContentLlist_DisableDnDAdd","value":"Inhabilita l'adició mitjançant arrossegar i deixar anar"},{"id":null,"key":"CS_ContentLlist_Polling_Neg_Exit_Values_Help","value":"El sondeig s'aturarà quan el valor de propietat de document que es retorni del sondeig NO sigui un dels valors configurats."},{"id":null,"key":"CS_ContentViewer_FitHeight","value":"Ajusta alçada"},{"id":null,"key":"CS_ContentViewer_FitWidth","value":"Ajusta amplada"},{"id":null,"key":"CS_ContentViewer_Height","value":"Alçada"},{"id":null,"key":"CS_ContentViewer_OnLoad","value":"En carregar"},{"id":null,"key":"CS_ContentViewer_Width","value":"Amplada"},{"id":null,"key":"CS_ContestList_MaxAddDocs_Help","value":"Especifiqueu el nombre màxim de documents que els usuaris poden afegir a la vegada. El valor màxim per defecte és 50. No obstant això, es pot establir el màxim fins a 300."},{"id":null,"key":"CS_DeleteObject_OnDeleteObject","value":"On delete object"},{"id":null,"key":"CS_DeleteObject_OnDeleteObjectHelp","value":"An event that is fired after the object is deleted."},{"id":null,"key":"CS_DepDocPropertiesProperty","value":"Propietat de document dependent"},{"id":null,"key":"CS_DepDocPropertiesProperty_Help","value":"El nom simbòlic de la propietat de valor d'objecte que apunta al document que conté valors JSON per visualitzar."},{"id":null,"key":"CS_DepDocumentProperties_OnError","value":"En cas d'error"},{"id":null,"key":"CS_DepDocumentProperties_OnError_Help","value":"Una incidència que s'activa quan es produeix un error en recuperar valors de propietats."},{"id":null,"key":"CS_DocumentReference_AddDocMode","value":"Add document mode"},{"id":null,"key":"CS_DocumentReference_AddDocMode_Help","value":"Setting that controls the add document process. Select None for no add support, Add no UI will not display any ui and Add with properties will display the add document dialog."},{"id":null,"key":"CS_DocumentReference_AllowsActions","value":"Enable actions"},{"id":null,"key":"CS_DocumentReference_AllowsActions_Help","value":"Enables the drop down context menu of content management actions in the view component."},{"id":null,"key":"CS_DocumentReference_AllowsRemoveDoc","value":"Enable clear document"},{"id":null,"key":"CS_DocumentReference_AllowsRemoveDoc_Help","value":"Enables the clear document action in the view component. This action only clears the document from the view and does not delete it from the repository."},{"id":null,"key":"CS_DocumentReference_DocumentId","value":"Document ID"},{"id":null,"key":"CS_DocumentReference_DocumentId_Help","value":"The ID of the document you want to load into this view."},{"id":null,"key":"CS_DocumentReference_EnableTitleAction","value":"Enable title click action"},{"id":null,"key":"CS_DocumentReference_EnableTitleAction_Help","value":"Enables the document title text to be clickable and runs the first action in the context menu."},{"id":null,"key":"CS_DocumentReference_HelperText","value":"Helper text"},{"id":null,"key":"CS_DocumentReference_HelperText_Help","value":"Helper text displayed below the input field."},{"id":null,"key":"CS_DocumentReference_HintText","value":"Hint text"},{"id":null,"key":"CS_DocumentReference_HintText_Help","value":"Hint text to display in the field when no document is specified."},{"id":null,"key":"CS_DocumentReference_OnClear","value":"On clear"},{"id":null,"key":"CS_DocumentReference_OnClear_Help","value":"An event that is fired when the user invokes the clear action."},{"id":null,"key":"CS_DocumentReference_ViewMode","value":"View mode"},{"id":null,"key":"CS_DocumentReference_ViewMode_Help","value":"Set to Normal to see the document mime type and title, or set to Thumbnail to see the document thumbnail and title."},{"id":null,"key":"CS_Document_Classes","value":"Classes de document"},{"id":null,"key":"CS_Document_Classes_Help","value":"Un conjunt de classes de documents que es visualitzaran quan s'afegeixin documents nous. Quan no es defineix, les classes de document es recuperen del servidor. Els noms especificats aquí els veu l'usuari, els valors corresponen al nom simbòlic de cada classe de document."},{"id":null,"key":"CS_FileDropZone_AcceptFileTypes","value":"Accepted file types"},{"id":null,"key":"CS_FileDropZone_AcceptFileTypes_Help","value":"Specify the file types that the file drop zone will accept. The files types must be specified as file dot extension strings."},{"id":null,"key":"CS_FileDropZone_DetailMessage","value":"Detail message"},{"id":null,"key":"CS_FileDropZone_DetailMessage_Help","value":"Message string displayed above the file drop zone."},{"id":null,"key":"CS_FileDropZone_DocumentType","value":"Tipus de document"},{"id":null,"key":"CS_FileDropZone_DocumentType_Help","value":"Tipus de document que s'ha d'utilitzar quan s'afegeixin documents. Si no s'ha definit, s'utilitzarà el tipus de document per defecte."},{"id":null,"key":"CS_FileDropZone_FolderId_Help","value":"ID de la carpeta on s'han d'afegir els documents. Si no s'especifica, els documents es desarxivaran."},{"id":null,"key":"CS_FileDropZone_Height_Help","value":"The height of the file drop zone area."},{"id":null,"key":"CS_FileDropZone_MaxAddDoc","value":"Maximum number of documents to add"},{"id":null,"key":"CS_FileDropZone_MaxAddDoc_Help","value":"Specify the maximum number of documents that users can add at a time. The default maximum is 50."},{"id":null,"key":"CS_FileDropZone_MaxDocumentSize","value":"Max document size"},{"id":null,"key":"CS_FileDropZone_MaxDocumentSize_Help","value":"The maximum document size in KB allowed to be added. The size of 0 is unlimited."},{"id":null,"key":"CS_FileDropZone_Width_Help","value":"The width of the file drop zone area."},{"id":null,"key":"CS_Folder_Classes","value":"Classes de carpeta"},{"id":null,"key":"CS_Folder_Classes_Help","value":"Un conjunt de classes de carpeta que es visualitzaran quan s'afegeixin carpetes noves. Quan no es defineix, les classes de carpeta es recuperen del servidor. Els noms especificats aquí els veu l'usuari, els valors corresponen als noms simbòlics de cada classe de carpeta."},{"id":null,"key":"CS_GetContent_OnContentReceived","value":"En rebre contingut"},{"id":null,"key":"CS_GetContent_OnContentReceived_Help","value":"Una incidència que s'activa quan s'ha retornat el contingut del document a la resposta."},{"id":null,"key":"CS_GetContent_OnGetClassAccess","value":"On get class access"},{"id":null,"key":"CS_GetContent_OnGetClassAccess_Help","value":"An event that is fired when the get class access response has returned."},{"id":null,"key":"CS_GetContent_OnPropertiesUpdated","value":"On properties updated"},{"id":null,"key":"CS_GetContent_OnPropertiesUpdated_Help","value":"An event that is fired when the properties have been retrieved and updated in the content item object."},{"id":null,"key":"CS_Height","value":"Alçada"},{"id":null,"key":"CS_Hide_Time_Picker","value":"Hide time picker when editing date and time values"},{"id":null,"key":"CS_Hide_Time_Picker_Help","value":"When set, hides the interface for editing the time portion of date and time values."},{"id":null,"key":"CS_Modal_OnCancel","value":"On cancel"},{"id":null,"key":"CS_Modal_OnCancel_Help","value":"An event that is fired when the user cancels out of a modal view."},{"id":null,"key":"CS_OK","value":"Ok"},{"id":null,"key":"CS_ObjectStoreName","value":"Nom de magatzem d'objectes"},{"id":null,"key":"CS_ObjectStoreName_Help","value":"Nom del magatzem d'objectes de l'eina d'administració d'Acce."},{"id":null,"key":"CS_On_Class_Selected","value":"S'ha seleccionat la classe activa"},{"id":null,"key":"CS_On_Class_Selected_Help","value":"La incidència que s'activa quan l'usuari selecciona una classe."},{"id":null,"key":"CS_ProgressIndicator_OnClose","value":"On close"},{"id":null,"key":"CS_ProgressIndicator_OnClose_Help","value":"Fired when the progress indicator is closed."},{"id":null,"key":"CS_ProgressIndicator_OnFileRemoved","value":"On file removed"},{"id":null,"key":"CS_ProgressIndicator_OnFileRemoved_Help","value":"Fired when a pending file is removed from the progress indicator"},{"id":null,"key":"CS_PropertyList_Display_Edit","value":"Visualitza botons per editar els valors de propietat"},{"id":null,"key":"CS_PropertyList_Display_Edit_Help","value":"Es mostren els botons en una barra d'eines que permet que els usuaris editin els valors de propietat."},{"id":null,"key":"CS_PropertyPoller_OnError","value":"En cas d'error"},{"id":null,"key":"CS_PropertyPoller_OnError_Help","value":"S'activa quan es produeix un error en sondejar una propietat."},{"id":null,"key":"CS_PropertyPoller_OnResults","value":"On results"},{"id":null,"key":"CS_PropertyPoller_OnResults_Help","value":"Fired when results are received from a poll requests."},{"id":null,"key":"CS_PropertyPoller_OnStatus","value":"En retornar informació de propietats"},{"id":null,"key":"CS_PropertyPoller_OnStatus_Help","value":"S'activa quan es retornen dades de sondejar el servidor per obtenir servidor de propietats."},{"id":null,"key":"CS_Query_ExecuteOnChange","value":"Run search on change"},{"id":null,"key":"CS_Query_ExecuteOnChange_Help","value":"Runs the configured search when the view change event occurs in the component."},{"id":null,"key":"CS_Query_ExecuteOnView","value":"Execute search on view"},{"id":null,"key":"CS_Query_ExecuteOnView_Help","value":"Runs the configured search when the coach view event occurs in the component."},{"id":null,"key":"CS_Query_MaxResults","value":"Maximum results"},{"id":null,"key":"CS_Query_MaxResults_Help","value":"The maximum number of results to return from the query."},{"id":null,"key":"CS_Query_OnError","value":"On error"},{"id":null,"key":"CS_Query_OnError_Help","value":"Fired when an error occurs."},{"id":null,"key":"CS_Query_OnSearchResults","value":"On search results"},{"id":null,"key":"CS_Query_OnSearchResults_Help","value":"Fired when search results are returned from the server."},{"id":null,"key":"CS_Query_ResultProperties","value":"Result properties"},{"id":null,"key":"CS_Query_ResultProperties_Help","value":"Symbolic names of properties returned in the search results."},{"id":null,"key":"CS_Query_SearchValue","value":"Search values"},{"id":null,"key":"CS_Query_SearchValue_Help","value":"The values to search for."},{"id":null,"key":"CS_RepositoryId","value":"ID del dipòsit"},{"id":null,"key":"CS_RepositoryId_Help","value":"L'ID de repositori de l'IBM Navigator. Aquest valor l'utilitza el visualitzador de documents."},{"id":null,"key":"CS_Save","value":"Save"},{"id":null,"key":"CS_SelectFiles","value":"Select Files"},{"id":null,"key":"CS_SummaryCard_Details","value":"Details"},{"id":null,"key":"CS_SummaryCard_Details_Help","value":"Displayed in the details section of the summary card."},{"id":null,"key":"CS_SummaryCard_DisplayHelpIcon","value":"Display help icon"},{"id":null,"key":"CS_SummaryCard_DisplayHelpIcon_Help","value":"When checked, displays a help icon in the card."},{"id":null,"key":"CS_SummaryCard_HelpLearnMoreUrl","value":"Help learn more URL"},{"id":null,"key":"CS_SummaryCard_HelpLearnMoreUrl_Help","value":"A link to Learn More information. When set, a button is displayed in the help tooltip that when clicked, displays the page specified in the link."},{"id":null,"key":"CS_SummaryCard_HelpText","value":"Help text"},{"id":null,"key":"CS_SummaryCard_HelpText_Help","value":"Either a message ID or text that is displayed in a tooltip when the user clicks the help icon."},{"id":null,"key":"CS_SummaryCard_OnClick","value":"On click"},{"id":null,"key":"CS_SummaryCard_OnClick_Help","value":"Fired when the summary card is clicked."},{"id":null,"key":"CS_SummaryCard_Title","value":"Title"},{"id":null,"key":"CS_SummaryCard_Title_Help","value":"Displayed as the title of the summary card."},{"id":null,"key":"CS_Upload","value":"Upload"},{"id":null,"key":"CS_UploadContent_OnContentAdded","value":"En afegir contingut"},{"id":null,"key":"CS_UploadContent_OnContentAdded_Help","value":"Una incidència que s'activa quan el contingut s'ha carregat correctament."},{"id":null,"key":"CS_UploadContent_OnError","value":"En cas d'error"},{"id":null,"key":"CS_UploadContent_OnError_Help","value":"Una incidència que s'activa quan es produeix un error en carregar contingut."},{"id":null,"key":"CS_UploadVersion_OnUploadVersion","value":"On upload version"},{"id":null,"key":"CS_UploadVersion_OnUploadVersionHelp","value":"An event that is fired when a new version of the document has been uploaded."},{"id":null,"key":"CS_Width","value":"Amplada"}]}