{"id":"50.adeae4bd-e860-48f8-8f12-9436f7840773/2064.91e0f284-0db5-4f27-994d-d0f601dabca4","localeLanguage":"sv","localeCountry":"","localeVariant":"","localeDisplayName":"CSResource","resourceBundleKey":[{"id":null,"key":"CS_Add","value":"Add"},{"id":null,"key":"CS_BatchContent_AutomationDocType","value":"Automation document type"},{"id":null,"key":"CS_BatchContent_AutomationDocType_Help","value":"The document type to be used when adding or modifying batch documents. If not specified, the value defaults to DbaCaptureBase."},{"id":null,"key":"CS_BatchContent_OnDocumentCheckedOut","value":"On document checked out"},{"id":null,"key":"CS_BatchContent_OnDocumentCheckedOut_Help","value":"An event that is fired when the document has been checked out."},{"id":null,"key":"CS_BatchContent_OnGetProperties","value":"On get properties"},{"id":null,"key":"CS_BatchContent_OnGetProperties_Help","value":"An event that is fired when the properties have been retrieved."},{"id":null,"key":"CS_BatchContent_OnResubmitBatch","value":"On resubmit batch"},{"id":null,"key":"CS_BatchContent_OnResubmitBatch_Help","value":"An event that is fired when the batch has been resubmitted for processing successfully."},{"id":null,"key":"CS_BatchContent_OnRollbackBatch","value":"On rollback batch"},{"id":null,"key":"CS_BatchContent_OnRollbackBatch_Help","value":"An event that is fired when the batch has been rolled back successfully."},{"id":null,"key":"CS_BatchContent_OnSaveBatch","value":"On save batch"},{"id":null,"key":"CS_BatchContent_OnSaveBatch_Help","value":"An event that is fired when the batch has been saved."},{"id":null,"key":"CS_BatchContent_OnSearchResults","value":"On search results"},{"id":null,"key":"CS_BatchContent_OnSearchResults_Help","value":"An event that is fired when the search results have returned successfully."},{"id":null,"key":"CS_BatchContent_OnUpdateBatch","value":"On update batch"},{"id":null,"key":"CS_BatchContent_OnUpdateBatch_Help","value":"An event that is fired when the batch has been updated."},{"id":null,"key":"CS_BatchContent_OnUpdateProperties","value":"On update properties"},{"id":null,"key":"CS_BatchContent_OnUpdateProperties_Help","value":"An event that is fired when the properties have been updated."},{"id":null,"key":"CS_Cancel","value":"Cancel"},{"id":null,"key":"CS_Class_Selector_Svc_Error","value":"Tjänstefel"},{"id":null,"key":"CS_Class_Selector_Svc_Error_Help","value":"Aktiveras när ett fel returneras från anrop av en tjänst."},{"id":null,"key":"CS_ContentListFilter_Cancel","value":"Cancel"},{"id":null,"key":"CS_ContentListFilter_Filter","value":"Filter"},{"id":null,"key":"CS_ContentListFilter_OnCanceFilter","value":"On cancel"},{"id":null,"key":"CS_ContentListFilter_OnCancelFilter_Help","value":"An event that is fired when the cancel button is clicked."},{"id":null,"key":"CS_ContentListFilter_OnFilter","value":"On filter"},{"id":null,"key":"CS_ContentListFilter_OnFilter_Help","value":"An event that is fired when the filter button is clicked."},{"id":null,"key":"CS_ContentListFilter_TypeName","value":"Type name"},{"id":null,"key":"CS_ContentListFilter_TypeName_Help","value":"Search object type."},{"id":null,"key":"CS_ContentList_AcceptFileTypes","value":"Accepted file types"},{"id":null,"key":"CS_ContentList_AcceptFileTypes_Help","value":"Specify the file type extensions that are allowed when adding new documents (for example, .dotx, .pdf, etc). When not specified, all file types are accepted."},{"id":null,"key":"CS_ContentList_Actions","value":"Åtgärder"},{"id":null,"key":"CS_ContentList_AddButton","value":"Lägg till"},{"id":null,"key":"CS_ContentList_Advanced","value":"Avancerad"},{"id":null,"key":"CS_ContentList_Behavior","value":"Beteende"},{"id":null,"key":"CS_ContentList_Columns","value":"Kolumner"},{"id":null,"key":"CS_ContentList_Columns_Help","value":"Kolumner som ska visas i listan. Ställ in dem om du vill ha egna anpassade kolumnegenskaper, annars används standarduppsättningen."},{"id":null,"key":"CS_ContentList_ConfigurationProperty","value":"Konfigurationsegenskap"},{"id":null,"key":"CS_ContentList_ConfigurationProperty_Help","value":"Namnet på en egenskap där konfigurationsdata kommer att lagras i JSON-format."},{"id":null,"key":"CS_ContentList_ConfigurationValues","value":"Konfigurationsvärden"},{"id":null,"key":"CS_ContentList_ContentItems","value":"Innehållsobjekt"},{"id":null,"key":"CS_ContentList_ContentItems_Help","value":"Lista med CSDocument-objekt som ska visas. ID-egenskapen är endast en nödvändig egenskap för dokumentobjekten."},{"id":null,"key":"CS_ContentList_ControllerProperty","value":"Controller document property"},{"id":null,"key":"CS_ContentList_ControllerProperty_Help","value":"Name of the object value property in the document class that links to the batch controller."},{"id":null,"key":"CS_ContentList_DisableDnDAdd_Help","value":"Markera inställningen för att avaktivera tillägg av dokument med dra-och-släpp."},{"id":null,"key":"CS_ContentList_DisabledValues","value":"Avaktiverade värden"},{"id":null,"key":"CS_ContentList_DisabledValues_Help","value":"Ange egenskapsvärdena för vilka objektåtgärderna ska avaktiveras."},{"id":null,"key":"CS_ContentList_DisplayProgressIndicator","value":"Visa förloppsindikator vid tillägg av dokument"},{"id":null,"key":"CS_ContentList_DisplayProgressIndicator_Help","value":"Markera alternativet om du vill visa en förloppsindikator när du lägger till dokument."},{"id":null,"key":"CS_ContentList_EnableSearchFilter","value":"Enable search filter"},{"id":null,"key":"CS_ContentList_EnableSearchFilter_Help","value":"Displays the search filter component for specifying multiple search parameters to query against and display the results in the list view."},{"id":null,"key":"CS_ContentList_Enable_Polling","value":"Aktivera avfrågning för dokumentstatus"},{"id":null,"key":"CS_ContentList_Enable_Polling_Help","value":"När inställt, används avfrågning till att uppdatera status för tillagda dokument."},{"id":null,"key":"CS_ContentList_ExtraProperties","value":"Extra properties"},{"id":null,"key":"CS_ContentList_ExtraProperties_Help","value":"Specify additional properties that you want returned with the items in the results set."},{"id":null,"key":"CS_ContentList_Filter_Help","value":"=The property values are combined with an AND operator in the search filter."},{"id":null,"key":"CS_ContentList_Folder","value":"Mapp"},{"id":null,"key":"CS_ContentList_FolderId","value":"Mapp-ID"},{"id":null,"key":"CS_ContentList_FolderId_Help","value":"Ställ in mapp-ID eller sökväg för att initiera innehållslistan med angivet mappinnehåll. Inställning av mapp-ID har företräde framför sökinställningarna."},{"id":null,"key":"CS_ContentList_Height_Help","value":"The height of the content list view window."},{"id":null,"key":"CS_ContentList_HideAction_Help","value":"Kontrollera åtgärdsinställningen om du vill ta bort den här åtgärden från listrutan."},{"id":null,"key":"CS_ContentList_HideAddDialog","value":"Dölj tilläggsdialogruta när dokument läggs till"},{"id":null,"key":"CS_ContentList_HideAddDialog_Help","value":"När alternativet är valt och en enda dokumenttyp är konfigurerad läggs dokumenten till utan att dialogrutan Lägg till dokument visas."},{"id":null,"key":"CS_ContentList_HideAddDocument","value":"Dölj Lägg till dokument"},{"id":null,"key":"CS_ContentList_HideAddFolder","value":"Dölj Lägg till mapp"},{"id":null,"key":"CS_ContentList_HideCancelCheckoutDoc","value":"Dölj Avbryt utcheckning av dokument"},{"id":null,"key":"CS_ContentList_HideCheckoutDocument","value":"Dölj Check ut dokument"},{"id":null,"key":"CS_ContentList_HideCheckoutState","value":"Dölj utcheckningsläge"},{"id":null,"key":"CS_ContentList_HideCheckoutState_Help","value":"Välj alternativet för att aktivera/avaktivera visning av utcheckningslägesikonen."},{"id":null,"key":"CS_ContentList_HideDeleteDocument","value":"Dölj Ta bort dokument"},{"id":null,"key":"CS_ContentList_HideDeleteFolder","value":"Dölj mapp"},{"id":null,"key":"CS_ContentList_HideDownloadDocument","value":"Dölj Hämta dokument"},{"id":null,"key":"CS_ContentList_HideEditDocument","value":"Dölj Redigera dokument"},{"id":null,"key":"CS_ContentList_HideEditDocumentProps","value":"Dölj Redigera dokumentegenskaper"},{"id":null,"key":"CS_ContentList_HideEditFolderProps","value":"Dölj Redigera mappegenskaper"},{"id":null,"key":"CS_ContentList_HideRefresh","value":"Hide refresh"},{"id":null,"key":"CS_ContentList_HideRenameFolder","value":"Dölj Byt namn på mapp"},{"id":null,"key":"CS_ContentList_HideSearchField","value":"Dölj sökfält"},{"id":null,"key":"CS_ContentList_HideSearchField_Help","value":"Visa inte sökfältet. Sökparametrar definieras i konfigurationsinställningar."},{"id":null,"key":"CS_ContentList_HideUploadNewVersionDoc","value":"Dölj Överför nytt versionsdokument"},{"id":null,"key":"CS_ContentList_HideViewDocument","value":"Dölj Visa dokument"},{"id":null,"key":"CS_ContentList_IncludeTimeInDates","value":"Inkludera tid i datumegenskaper"},{"id":null,"key":"CS_ContentList_IncludeTimeInDates_Help","value":"Visa tidsdelen av datumvärdet i kolumnegenskaperna."},{"id":null,"key":"CS_ContentList_InitialPageSize","value":"Initial sidstorlek"},{"id":null,"key":"CS_ContentList_InitialPageSize_Help","value":"Storleken på resultatuppsättningen som returneras för rendering av innehållslistan. Standardsidstorleken är 20 objekt."},{"id":null,"key":"CS_ContentList_OnActionMenuOpen","value":"On action menu open"},{"id":null,"key":"CS_ContentList_OnActionMenuOpen_Help","value":"An event that is fired when the action menu is about to be opened. Passes a folder object with properties."},{"id":null,"key":"CS_ContentList_OnAdd","value":"Vid tillägg av innehåll"},{"id":null,"key":"CS_ContentList_OnAdd_Help","value":"Händelsen som aktiveras när ett dokument eller en mapp läggs till. Skickar ett contentItem-objekt."},{"id":null,"key":"CS_ContentList_OnAllRowsSelected","value":"On all rows selected"},{"id":null,"key":"CS_ContentList_OnAllRowsSelected_Help","value":"This event is called when the user clicks on the Select All checkbox and the content list is in Multiselect mode. The passed parameter \"selected\" indicates whether all or none of the rows are selected."},{"id":null,"key":"CS_ContentList_OnContextMenuOpen","value":"Vid öppning av kontextmeny"},{"id":null,"key":"CS_ContentList_OnContextMenuOpen_Help","value":"En händelse som aktiveras när kontextmenyn kommer att öppnas. Skickar ett innehållsobjekt med egenskaper."},{"id":null,"key":"CS_ContentList_OnError","value":"Ett fel"},{"id":null,"key":"CS_ContentList_OnError_Help","value":"Händelsen skickas ut när det är fel i en tjänst."},{"id":null,"key":"CS_ContentList_OnFileClicked","value":"Vid filklick"},{"id":null,"key":"CS_ContentList_OnFileClicked_Help","value":"Händelsen som aktiveras när ett dokument väljs i huvudkolumnen. Överför ett dokumentobjekt med egenskaper."},{"id":null,"key":"CS_ContentList_OnFolderClicked","value":"Vid mappklick"},{"id":null,"key":"CS_ContentList_OnFolderClicked_Help","value":"En händelse som aktiveras när en mapp väljs i huvudkolumnen. Överför ett mappobjekt med egenskaper."},{"id":null,"key":"CS_ContentList_OnPollResults","value":"On poll results"},{"id":null,"key":"CS_ContentList_OnPollResults_Help","value":"Fired when a poll result containing document status is received."},{"id":null,"key":"CS_ContentList_OnResults","value":"Vid inläsning av resultat"},{"id":null,"key":"CS_ContentList_OnResults_Help","value":"Händelsen skickas ut när resultat har returnerats från en tjänst. Skickar en lista över objekt som renderades i innehållslistan."},{"id":null,"key":"CS_ContentList_OnRowSelected","value":"Vid radval"},{"id":null,"key":"CS_ContentList_OnRowSelected_Help","value":"Händelsen som aktiveras när en rad väljs med en alternativknapp eller kryssruta. Överför den extra parametern: row (row.data.contentItem som innehåller dokument- eller mappobjekt med egenskaper)."},{"id":null,"key":"CS_ContentList_Polling_Exit_Values","value":"Egenskapsvärden för avfrågningsavslutning"},{"id":null,"key":"CS_ContentList_Polling_Exit_Values_Help","value":"Avfrågningen kommer att upphöra när dokumentegenskapsvärdet som returneras från avfrågningen är något av de konfigurerade värdena."},{"id":null,"key":"CS_ContentList_Polling_Neg_Exit_Values","value":"Egenskapsvärden för avslutning av negativ avfrågning"},{"id":null,"key":"CS_ContentList_Polling_Neg_Exit_Values_Help","value":"Avfrågningen kommer att upphöra när dokumentegenskapsvärdet som returneras från avfrågningen inte är något av de konfigurerade värdena."},{"id":null,"key":"CS_ContentList_Resources","value":"Resources"},{"id":null,"key":"CS_ContentList_Resources_Help","value":"Set to an external resource bundle to pull in localized string resources for the column headers and the property list filter labels."},{"id":null,"key":"CS_ContentList_RootFolderName","value":"Rotmappnamn"},{"id":null,"key":"CS_ContentList_RootFolderName_Help","value":"Rotmappens visningsnamn som ska användas istället för mappnamnet i Content Services-behållaren."},{"id":null,"key":"CS_ContentList_Search","value":"Sök"},{"id":null,"key":"CS_ContentList_SearchFilterProperties","value":"Search filter properties"},{"id":null,"key":"CS_ContentList_SearchFilterProperties_Help","value":"Specify the set of properties you want to query against to populate the list view. The property values are combined with an AND operator in the search filter."},{"id":null,"key":"CS_ContentList_SearchFolderId","value":"Sök i mapp-ID"},{"id":null,"key":"CS_ContentList_SearchFolderId_Help","value":"Mapp-IDt för mappen att starta sökningen i. Det här är en valfri inställning som begränsar sökningen till den angivna mappen. Om det inte ställs in, genomsöks hela objektlagret."},{"id":null,"key":"CS_ContentList_SearchFor","value":"Search for"},{"id":null,"key":"CS_ContentList_SearchFor_Help","value":"Search for document or folder items."},{"id":null,"key":"CS_ContentList_SearchOnlyFolder","value":"Sök endast i den här mappen"},{"id":null,"key":"CS_ContentList_SearchOnlyFolder_Help","value":"Inkludera inte sökning i undermappar."},{"id":null,"key":"CS_ContentList_SearchOperator","value":"Operator"},{"id":null,"key":"CS_ContentList_SearchOperator_Help","value":"Frågeoperatorn du vill använda, t.ex. Börjar med, Slutar med, Liknar, Liknar inte, =, <, >, <>, >=, <=, etc.)."},{"id":null,"key":"CS_ContentList_SearchProperty","value":"Sök egenskap"},{"id":null,"key":"CS_ContentList_SearchPropertyCardinality","value":"Kardinalitet för sökegenskap"},{"id":null,"key":"CS_ContentList_SearchPropertyCardinality_Help","value":"Anger om sökegenskapen är enkel eller flervärdes."},{"id":null,"key":"CS_ContentList_SearchPropertyType","value":"Sök egenskapstyp"},{"id":null,"key":"CS_ContentList_SearchPropertyType_Help","value":"Datatypen för den angivna sökegenskapen."},{"id":null,"key":"CS_ContentList_SearchProperty_Help","value":"Det symboliska egenskapsnamnet för egenskapen som du vill söka på."},{"id":null,"key":"CS_ContentList_SearchRootName","value":"Root search name"},{"id":null,"key":"CS_ContentList_SearchRootName_Help","value":"The root search display name to use on the breadcrumb."},{"id":null,"key":"CS_ContentList_SearchTextOptions","value":"Textalternativ"},{"id":null,"key":"CS_ContentList_SearchTextOptions_Help","value":"Konfigurera sökning att inkludera en innehållsbasfråga förutom den angivna egenskapssökningen."},{"id":null,"key":"CS_ContentList_SearchType","value":"Search type"},{"id":null,"key":"CS_ContentList_SearchType_Help","value":"Search for objects of a particular type."},{"id":null,"key":"CS_ContentList_SearchValue","value":"Standardvärde"},{"id":null,"key":"CS_ContentList_SearchValue_Help","value":"Värdet att söka efter. Om det lämnas tomt kan användarna ange ett värde för att anropa sökning under körningen."},{"id":null,"key":"CS_ContentList_SecondaryProperty","value":"State secondary property"},{"id":null,"key":"CS_ContentList_SecondaryProperty_Help","value":"Select a property to be used as a custom secondary state property."},{"id":null,"key":"CS_ContentList_SelectionMode","value":"Markeringsläge"},{"id":null,"key":"CS_ContentList_SelectionMode_Help","value":"Enstaka val, multival eller inget."},{"id":null,"key":"CS_ContentList_ShowCustomState","value":"Visa anpassat läge"},{"id":null,"key":"CS_ContentList_ShowCustomState_Help","value":"Välj alternativet för att aktivera/avaktivera visning av ikon för anpassat läge."},{"id":null,"key":"CS_ContentList_SortOrder","value":"Sorteringsordning"},{"id":null,"key":"CS_ContentList_SortOrder_Help","value":"Standardsorteringsriktning, stigande eller fallande."},{"id":null,"key":"CS_ContentList_SortProperty","value":"Sortera på egenskap"},{"id":null,"key":"CS_ContentList_SortProperty_Help","value":"Välj egenskap som ska användas för sortering av resultatuppsättningen."},{"id":null,"key":"CS_ContentList_StateProperty","value":"Lägesegenskap"},{"id":null,"key":"CS_ContentList_StateProperty_Help","value":"Välj en egenskap som ska användas som en anpassad lägesegenskap."},{"id":null,"key":"CS_ContentList_Status_Polling_Interval","value":"Intervall för statusavfrågning"},{"id":null,"key":"CS_ContentList_Status_Polling_Interval_Help","value":"Antal sekunder mellan begäran att avfråga status för tillagda dokument."},{"id":null,"key":"CS_ContentList_Status_Polling_Property","value":"Egenskap för avfrågningsstatus"},{"id":null,"key":"CS_ContentList_Status_Polling_Property_Help","value":"Egenskap som avfrågas för att erhålla status för tillagda dokument."},{"id":null,"key":"CS_ContentList_Status_Polling_Timeout","value":"Polling timeout per document"},{"id":null,"key":"CS_ContentList_Status_Polling_Timeout_Help","value":"Number of seconds per document after which polling stops if an exit condition is not met."},{"id":null,"key":"CS_ContentList_TableRowHeight","value":"Tabellradhöjd"},{"id":null,"key":"CS_ContentList_TableRowHeight_Help","value":"Inställning som används för att ange tabellradhöjden för innehållslistan."},{"id":null,"key":"CS_ContentList_Width_Help","value":"The width of the content list view window."},{"id":null,"key":"CS_ContentLlist_DisableDnDAdd","value":"Avaktivera tillägg med dra och släpp"},{"id":null,"key":"CS_ContentLlist_Polling_Neg_Exit_Values_Help","value":"Avfrågning kommer att upphöra när dokumentegenskapsvärdet som returneras från avfrågningen inte är något av de konfigurerade värdena."},{"id":null,"key":"CS_ContentViewer_FitHeight","value":"Anpassa till höjd"},{"id":null,"key":"CS_ContentViewer_FitWidth","value":"Anpassa till bredd"},{"id":null,"key":"CS_ContentViewer_Height","value":"Höjd"},{"id":null,"key":"CS_ContentViewer_OnLoad","value":"Vid inläsning"},{"id":null,"key":"CS_ContentViewer_Width","value":"Bredd"},{"id":null,"key":"CS_ContestList_MaxAddDocs_Help","value":"Ange en gräns för hur många dokument användare kan lägga till åt gången. Maxvärdet är 50 som standard. Du kan dock ange ett maximalt antal på upp till 300."},{"id":null,"key":"CS_DeleteObject_OnDeleteObject","value":"On delete object"},{"id":null,"key":"CS_DeleteObject_OnDeleteObjectHelp","value":"An event that is fired after the object is deleted."},{"id":null,"key":"CS_DepDocPropertiesProperty","value":"Beroende dokumentegenskap"},{"id":null,"key":"CS_DepDocPropertiesProperty_Help","value":"Det symboliska namnet på objektvärdesegenskapen som pekar på dokumentet som innehåller JSON-värden som ska visas."},{"id":null,"key":"CS_DepDocumentProperties_OnError","value":"Ett fel"},{"id":null,"key":"CS_DepDocumentProperties_OnError_Help","value":"En händelse som aktiveras när ett fel inträffar vid hämtning av egenskapsvärden."},{"id":null,"key":"CS_DocumentReference_AddDocMode","value":"Add document mode"},{"id":null,"key":"CS_DocumentReference_AddDocMode_Help","value":"Setting that controls the add document process. Select None for no add support, Add no UI will not display any ui and Add with properties will display the add document dialog."},{"id":null,"key":"CS_DocumentReference_AllowsActions","value":"Enable actions"},{"id":null,"key":"CS_DocumentReference_AllowsActions_Help","value":"Enables the drop down context menu of content management actions in the view component."},{"id":null,"key":"CS_DocumentReference_AllowsRemoveDoc","value":"Enable clear document"},{"id":null,"key":"CS_DocumentReference_AllowsRemoveDoc_Help","value":"Enables the clear document action in the view component. This action only clears the document from the view and does not delete it from the repository."},{"id":null,"key":"CS_DocumentReference_DocumentId","value":"Document ID"},{"id":null,"key":"CS_DocumentReference_DocumentId_Help","value":"The ID of the document you want to load into this view."},{"id":null,"key":"CS_DocumentReference_EnableTitleAction","value":"Enable title click action"},{"id":null,"key":"CS_DocumentReference_EnableTitleAction_Help","value":"Enables the document title text to be clickable and runs the first action in the context menu."},{"id":null,"key":"CS_DocumentReference_HelperText","value":"Helper text"},{"id":null,"key":"CS_DocumentReference_HelperText_Help","value":"Helper text displayed below the input field."},{"id":null,"key":"CS_DocumentReference_HintText","value":"Hint text"},{"id":null,"key":"CS_DocumentReference_HintText_Help","value":"Hint text to display in the field when no document is specified."},{"id":null,"key":"CS_DocumentReference_OnClear","value":"On clear"},{"id":null,"key":"CS_DocumentReference_OnClear_Help","value":"An event that is fired when the user invokes the clear action."},{"id":null,"key":"CS_DocumentReference_ViewMode","value":"View mode"},{"id":null,"key":"CS_DocumentReference_ViewMode_Help","value":"Set to Normal to see the document mime type and title, or set to Thumbnail to see the document thumbnail and title."},{"id":null,"key":"CS_Document_Classes","value":"Dokumentklasser"},{"id":null,"key":"CS_Document_Classes_Help","value":"En uppsättning dokumentklasser som visas vid tillägg av nya dokument. Om de inte ställs in hämtas dokumentklasser från servern. Namnet som anges här visas för användaren, värdena motsvarar varje dokumentklass symboliska namn."},{"id":null,"key":"CS_FileDropZone_AcceptFileTypes","value":"Accepted file types"},{"id":null,"key":"CS_FileDropZone_AcceptFileTypes_Help","value":"Specify the file types that the file drop zone will accept. The files types must be specified as file dot extension strings."},{"id":null,"key":"CS_FileDropZone_DetailMessage","value":"Detail message"},{"id":null,"key":"CS_FileDropZone_DetailMessage_Help","value":"Message string displayed above the file drop zone."},{"id":null,"key":"CS_FileDropZone_DocumentType","value":"Dokumenttyp"},{"id":null,"key":"CS_FileDropZone_DocumentType_Help","value":"Dokumenttyp att använda vid tillägg av dokument. Om den inte är angiven används standarddokumenttypen."},{"id":null,"key":"CS_FileDropZone_FolderId_Help","value":"Mapp-ID för mappen där dokumenten ska läggas till. Om du inte anger det kommer dokumenten att vara oarkiverade."},{"id":null,"key":"CS_FileDropZone_Height_Help","value":"The height of the file drop zone area."},{"id":null,"key":"CS_FileDropZone_MaxAddDoc","value":"Maximum number of documents to add"},{"id":null,"key":"CS_FileDropZone_MaxAddDoc_Help","value":"Specify the maximum number of documents that users can add at a time. The default maximum is 50."},{"id":null,"key":"CS_FileDropZone_MaxDocumentSize","value":"Max document size"},{"id":null,"key":"CS_FileDropZone_MaxDocumentSize_Help","value":"The maximum document size in KB allowed to be added. The size of 0 is unlimited."},{"id":null,"key":"CS_FileDropZone_Width_Help","value":"The width of the file drop zone area."},{"id":null,"key":"CS_Folder_Classes","value":"Mappklasser"},{"id":null,"key":"CS_Folder_Classes_Help","value":"En uppsättning mappklasser som visas vid tillägg av nya mappar. Om de inte ställs in hämtas mappklasser från servern. De namn som anges här visas för användaren, värdena motsvarar varje mappklass symboliska namn."},{"id":null,"key":"CS_GetContent_OnContentReceived","value":"Vid mottaget innehåll"},{"id":null,"key":"CS_GetContent_OnContentReceived_Help","value":"En händelse som aktiveras när dokumentinnehållet har returnerats i svaret."},{"id":null,"key":"CS_GetContent_OnGetClassAccess","value":"On get class access"},{"id":null,"key":"CS_GetContent_OnGetClassAccess_Help","value":"An event that is fired when the get class access response has returned."},{"id":null,"key":"CS_GetContent_OnPropertiesUpdated","value":"On properties updated"},{"id":null,"key":"CS_GetContent_OnPropertiesUpdated_Help","value":"An event that is fired when the properties have been retrieved and updated in the content item object."},{"id":null,"key":"CS_Height","value":"Höjd"},{"id":null,"key":"CS_Hide_Time_Picker","value":"Hide time picker when editing date and time values"},{"id":null,"key":"CS_Hide_Time_Picker_Help","value":"When set, hides the interface for editing the time portion of date and time values."},{"id":null,"key":"CS_Modal_OnCancel","value":"On cancel"},{"id":null,"key":"CS_Modal_OnCancel_Help","value":"An event that is fired when the user cancels out of a modal view."},{"id":null,"key":"CS_OK","value":"Ok"},{"id":null,"key":"CS_ObjectStoreName","value":"Objektlagernamn"},{"id":null,"key":"CS_ObjectStoreName_Help","value":"Objektlagrets namn från Acce-administrationsverktyget."},{"id":null,"key":"CS_On_Class_Selected","value":"Vid klassval"},{"id":null,"key":"CS_On_Class_Selected_Help","value":"Händelsen som aktiveras när användaren väljer en klass."},{"id":null,"key":"CS_ProgressIndicator_OnClose","value":"On close"},{"id":null,"key":"CS_ProgressIndicator_OnClose_Help","value":"Fired when the progress indicator is closed."},{"id":null,"key":"CS_ProgressIndicator_OnFileRemoved","value":"On file removed"},{"id":null,"key":"CS_ProgressIndicator_OnFileRemoved_Help","value":"Fired when a pending file is removed from the progress indicator"},{"id":null,"key":"CS_PropertyList_Display_Edit","value":"Visa knappar för redigering av egenskapsvärden"},{"id":null,"key":"CS_PropertyList_Display_Edit_Help","value":"Visa knappar i verktygsfältet så att användare kan redigera egenskapsvärden."},{"id":null,"key":"CS_PropertyPoller_OnError","value":"Ett fel"},{"id":null,"key":"CS_PropertyPoller_OnError_Help","value":"Aktiveras när ett fel inträffar vid avfrågning av en egenskap."},{"id":null,"key":"CS_PropertyPoller_OnResults","value":"On results"},{"id":null,"key":"CS_PropertyPoller_OnResults_Help","value":"Fired when results are received from a poll requests."},{"id":null,"key":"CS_PropertyPoller_OnStatus","value":"Vid retur av egenskapsinformation"},{"id":null,"key":"CS_PropertyPoller_OnStatus_Help","value":"Aktiveras när data returneras från avfrågningen av servern för egenskapsinformation."},{"id":null,"key":"CS_Query_ExecuteOnChange","value":"Run search on change"},{"id":null,"key":"CS_Query_ExecuteOnChange_Help","value":"Runs the configured search when the view change event occurs in the component."},{"id":null,"key":"CS_Query_ExecuteOnView","value":"Execute search on view"},{"id":null,"key":"CS_Query_ExecuteOnView_Help","value":"Runs the configured search when the coach view event occurs in the component."},{"id":null,"key":"CS_Query_MaxResults","value":"Maximum results"},{"id":null,"key":"CS_Query_MaxResults_Help","value":"The maximum number of results to return from the query."},{"id":null,"key":"CS_Query_OnError","value":"On error"},{"id":null,"key":"CS_Query_OnError_Help","value":"Fired when an error occurs."},{"id":null,"key":"CS_Query_OnSearchResults","value":"On search results"},{"id":null,"key":"CS_Query_OnSearchResults_Help","value":"Fired when search results are returned from the server."},{"id":null,"key":"CS_Query_ResultProperties","value":"Result properties"},{"id":null,"key":"CS_Query_ResultProperties_Help","value":"Symbolic names of properties returned in the search results."},{"id":null,"key":"CS_Query_SearchValue","value":"Search values"},{"id":null,"key":"CS_Query_SearchValue_Help","value":"The values to search for."},{"id":null,"key":"CS_RepositoryId","value":"Behållar-ID"},{"id":null,"key":"CS_RepositoryId_Help","value":"Behållar-ID från IBM Navigator. Värdet används av dokumentvisningsprogrammet."},{"id":null,"key":"CS_Save","value":"Save"},{"id":null,"key":"CS_SelectFiles","value":"Select Files"},{"id":null,"key":"CS_SummaryCard_Details","value":"Details"},{"id":null,"key":"CS_SummaryCard_Details_Help","value":"Displayed in the details section of the summary card."},{"id":null,"key":"CS_SummaryCard_DisplayHelpIcon","value":"Display help icon"},{"id":null,"key":"CS_SummaryCard_DisplayHelpIcon_Help","value":"When checked, displays a help icon in the card."},{"id":null,"key":"CS_SummaryCard_HelpLearnMoreUrl","value":"Help learn more URL"},{"id":null,"key":"CS_SummaryCard_HelpLearnMoreUrl_Help","value":"A link to Learn More information. When set, a button is displayed in the help tooltip that when clicked, displays the page specified in the link."},{"id":null,"key":"CS_SummaryCard_HelpText","value":"Help text"},{"id":null,"key":"CS_SummaryCard_HelpText_Help","value":"Either a message ID or text that is displayed in a tooltip when the user clicks the help icon."},{"id":null,"key":"CS_SummaryCard_OnClick","value":"On click"},{"id":null,"key":"CS_SummaryCard_OnClick_Help","value":"Fired when the summary card is clicked."},{"id":null,"key":"CS_SummaryCard_Title","value":"Title"},{"id":null,"key":"CS_SummaryCard_Title_Help","value":"Displayed as the title of the summary card."},{"id":null,"key":"CS_Upload","value":"Upload"},{"id":null,"key":"CS_UploadContent_OnContentAdded","value":"Vid tillägg av innehåll"},{"id":null,"key":"CS_UploadContent_OnContentAdded_Help","value":"En händelse som aktiveras när innehållet har överförts."},{"id":null,"key":"CS_UploadContent_OnError","value":"Ett fel"},{"id":null,"key":"CS_UploadContent_OnError_Help","value":"En händelse som aktiveras när ett fel inträffar vid överföring av innehåll."},{"id":null,"key":"CS_UploadVersion_OnUploadVersion","value":"On upload version"},{"id":null,"key":"CS_UploadVersion_OnUploadVersionHelp","value":"An event that is fired when a new version of the document has been uploaded."},{"id":null,"key":"CS_Width","value":"Bredd"}]}