{"id":"50.adeae4bd-e860-48f8-8f12-9436f7840773/2064.91e0f284-0db5-4f27-994d-d0f601dabca4","localeLanguage":"es","localeCountry":"","localeVariant":"","localeDisplayName":"CSResource","resourceBundleKey":[{"id":null,"key":"CS_Add","value":"Añadir"},{"id":null,"key":"CS_BatchContent_AutomationDocType","value":"Tipo de documento de automatización"},{"id":null,"key":"CS_BatchContent_AutomationDocType_Help","value":"El tipo de documento que se debe utilizar al añadir o modificar documentos por lotes. Si no se especifica, el valor predeterminado es DbaCaptureBase."},{"id":null,"key":"CS_BatchContent_OnDocumentCheckedOut","value":"Al extraer un documento"},{"id":null,"key":"CS_BatchContent_OnDocumentCheckedOut_Help","value":"Un suceso que se activa cuando se ha extraído el documento."},{"id":null,"key":"CS_BatchContent_OnGetProperties","value":"Al obtener propiedades"},{"id":null,"key":"CS_BatchContent_OnGetProperties_Help","value":"Suceso que se activa una vez que se han recuperado las propiedades."},{"id":null,"key":"CS_BatchContent_OnResubmitBatch","value":"Al reenviar un bote"},{"id":null,"key":"CS_BatchContent_OnResubmitBatch_Help","value":"Suceso que se activa una vez que el lote se ha reenviado correctamente para su proceso."},{"id":null,"key":"CS_BatchContent_OnRollbackBatch","value":"Al retrotraer lote"},{"id":null,"key":"CS_BatchContent_OnRollbackBatch_Help","value":"Suceso que se activa una vez que el lote se ha retrotraído satisfactoriamente."},{"id":null,"key":"CS_BatchContent_OnSaveBatch","value":"Al guardar un lote"},{"id":null,"key":"CS_BatchContent_OnSaveBatch_Help","value":"Suceso que se activa una vez que se ha guardado el lote."},{"id":null,"key":"CS_BatchContent_OnSearchResults","value":"Al obtener resultados de búsqueda"},{"id":null,"key":"CS_BatchContent_OnSearchResults_Help","value":"Suceso que se activa una vez que se han devuelto satisfactoriamente los resultados de búsqueda."},{"id":null,"key":"CS_BatchContent_OnUpdateBatch","value":"Al actualizar un lote"},{"id":null,"key":"CS_BatchContent_OnUpdateBatch_Help","value":"Suceso que se activa una vez que se ha actualizado el lote."},{"id":null,"key":"CS_BatchContent_OnUpdateProperties","value":"Al actualizar propiedades"},{"id":null,"key":"CS_BatchContent_OnUpdateProperties_Help","value":"Suceso que se activa una vez que se han actualizado las propiedades."},{"id":null,"key":"CS_Cancel","value":"Cancelar"},{"id":null,"key":"CS_Class_Selector_Svc_Error","value":"Error de servicio"},{"id":null,"key":"CS_Class_Selector_Svc_Error_Help","value":"Se activa cuando se devuelve un error al llamar a un servicio."},{"id":null,"key":"CS_ContentListFilter_Cancel","value":"Cancelar"},{"id":null,"key":"CS_ContentListFilter_Filter","value":"Filtrar"},{"id":null,"key":"CS_ContentListFilter_OnCanceFilter","value":"Al cancelar"},{"id":null,"key":"CS_ContentListFilter_OnCancelFilter_Help","value":"Un suceso que se activa cuando se pulsa el botón Cancelar."},{"id":null,"key":"CS_ContentListFilter_OnFilter","value":"Al filtrar"},{"id":null,"key":"CS_ContentListFilter_OnFilter_Help","value":"Un suceso que se activa cuando se pulsa el botón Filtrar."},{"id":null,"key":"CS_ContentListFilter_TypeName","value":"Nombre de tipo"},{"id":null,"key":"CS_ContentListFilter_TypeName_Help","value":"Buscar en tipo de objeto"},{"id":null,"key":"CS_ContentList_AcceptFileTypes","value":"Tipos de archivo aceptados"},{"id":null,"key":"CS_ContentList_AcceptFileTypes_Help","value":"Especifique las extensiones de tipo de archivo que se permiten al añadir nuevos documentos (por ejemplo, .dotx, .pdf, etc). Si no se especifican, se aceptan todos los tipos de archivo."},{"id":null,"key":"CS_ContentList_Actions","value":"Acciones"},{"id":null,"key":"CS_ContentList_AddButton","value":"Añadir"},{"id":null,"key":"CS_ContentList_Advanced","value":"Avanzados"},{"id":null,"key":"CS_ContentList_Behavior","value":"Comportamiento"},{"id":null,"key":"CS_ContentList_Columns","value":"Columnas"},{"id":null,"key":"CS_ContentList_Columns_Help","value":"Las columnas a visualizar en la lista. Defínalas si quiere tener sus propias propiedades personalizadas de columnas, de lo contrario, se utiliza un conjunto predeterminado."},{"id":null,"key":"CS_ContentList_ConfigurationProperty","value":"Propiedad de configuración"},{"id":null,"key":"CS_ContentList_ConfigurationProperty_Help","value":"Nombre de la propiedad donde se guardarán los datos de configuración en formato JSON."},{"id":null,"key":"CS_ContentList_ConfigurationValues","value":"Valores de configuración"},{"id":null,"key":"CS_ContentList_ContentItems","value":"Elementos de contenido"},{"id":null,"key":"CS_ContentList_ContentItems_Help","value":"Lista de objetos CSDocument a visualizar. La propiedad ID es la única propiedad obligatoria de los objetos de documento."},{"id":null,"key":"CS_ContentList_ControllerProperty","value":"Propiedad de documento de controlador"},{"id":null,"key":"CS_ContentList_ControllerProperty_Help","value":"Nombre de la propiedad de valor de objeto de la clase de documento que enlaza con el controlador de proceso por lotes."},{"id":null,"key":"CS_ContentList_DisableDnDAdd_Help","value":"Marque esta opción para inhabilitar la posibilidad de añadir documentos utilizando la función de arrastrar y soltar."},{"id":null,"key":"CS_ContentList_DisabledValues","value":"Valores inhabilitados"},{"id":null,"key":"CS_ContentList_DisabledValues_Help","value":"Especifique los valores de propiedades por los que se inhabilitarán las acciones de los elementos."},{"id":null,"key":"CS_ContentList_DisplayProgressIndicator","value":"Mostrar el indicador de progreso al añadir documentos."},{"id":null,"key":"CS_ContentList_DisplayProgressIndicator_Help","value":"Marque esta opción para visualizar un indicador de progreso al añadir documentos."},{"id":null,"key":"CS_ContentList_EnableSearchFilter","value":"Habilitar filtro de búsqueda"},{"id":null,"key":"CS_ContentList_EnableSearchFilter_Help","value":"Muestra el componente de filtro de búsqueda para especificar varios parámetros de búsqueda en los que basar la consulta y para mostrar los resultados en la vista de lista."},{"id":null,"key":"CS_ContentList_Enable_Polling","value":"Habilitar el sondeo del estado de documento"},{"id":null,"key":"CS_ContentList_Enable_Polling_Help","value":"Cuando está establecido, se utiliza el sondeo para actualizar el estado de los documentos añadidos."},{"id":null,"key":"CS_ContentList_ExtraProperties","value":"Propiedades adicionales"},{"id":null,"key":"CS_ContentList_ExtraProperties_Help","value":"Especifique las propiedades adicionales que desea que se devuelvan con los elementos en el conjunto de resultados."},{"id":null,"key":"CS_ContentList_Filter_Help","value":"=Los valores de propiedad se combinan con un operador AND en el filtro de búsqueda."},{"id":null,"key":"CS_ContentList_Folder","value":"Carpeta"},{"id":null,"key":"CS_ContentList_FolderId","value":"ID de carpeta"},{"id":null,"key":"CS_ContentList_FolderId_Help","value":"Establezca el ID de carpeta o la vía de acceso para inicializar la lista de contenidos con el contenido especificado de la carpeta. Al establecer el ID de carpeta, tendrá prioridad en los valores de búsqueda."},{"id":null,"key":"CS_ContentList_Height_Help","value":"La altura de la ventana de vista de lista de contenidos."},{"id":null,"key":"CS_ContentList_HideAction_Help","value":"Marque el valor de acción si desea eliminar esta acción del menú desplegable."},{"id":null,"key":"CS_ContentList_HideAddDialog","value":"Ocultar el dialogo Añadir al añadir documentos."},{"id":null,"key":"CS_ContentList_HideAddDialog_Help","value":"Cuando esta acción está seleccionada y se ha configurado un solo tipo de documento, se añaden documentos sin visualizar el dialogo Añadir documento."},{"id":null,"key":"CS_ContentList_HideAddDocument","value":"Ocultar Añadir documento"},{"id":null,"key":"CS_ContentList_HideAddFolder","value":"Ocultar Añadir carpeta"},{"id":null,"key":"CS_ContentList_HideCancelCheckoutDoc","value":"Ocultar Cancelar documento de extracción"},{"id":null,"key":"CS_ContentList_HideCheckoutDocument","value":"Ocultar Extraer documento"},{"id":null,"key":"CS_ContentList_HideCheckoutState","value":"Ocultar Estado de extracción"},{"id":null,"key":"CS_ContentList_HideCheckoutState_Help","value":"Seleccione esta opción para habilitar o inhabilitar que se muestre el icono de estado de extracción."},{"id":null,"key":"CS_ContentList_HideDeleteDocument","value":"Ocultar Suprimir documento"},{"id":null,"key":"CS_ContentList_HideDeleteFolder","value":"Ocultar Suprimir carpeta"},{"id":null,"key":"CS_ContentList_HideDownloadDocument","value":"Ocultar Descargar documento"},{"id":null,"key":"CS_ContentList_HideEditDocument","value":"Ocultar Editar documento"},{"id":null,"key":"CS_ContentList_HideEditDocumentProps","value":"Ocultar Editar propiedades de documento"},{"id":null,"key":"CS_ContentList_HideEditFolderProps","value":"Ocultar Editar propiedades de carpeta"},{"id":null,"key":"CS_ContentList_HideRefresh","value":"Ocultar Renovar"},{"id":null,"key":"CS_ContentList_HideRenameFolder","value":"Ocultar Renombrar carpeta"},{"id":null,"key":"CS_ContentList_HideSearchField","value":"Ocultar Campo de búsqueda"},{"id":null,"key":"CS_ContentList_HideSearchField_Help","value":"No visualizar el campo de búsqueda. Los parámetros de búsqueda se definen en los valores de configuración."},{"id":null,"key":"CS_ContentList_HideUploadNewVersionDoc","value":"Ocultar Cargar nueva versión de documento"},{"id":null,"key":"CS_ContentList_HideViewDocument","value":"Ocultar Ver documento"},{"id":null,"key":"CS_ContentList_IncludeTimeInDates","value":"Incluir la hora en las propiedades de fecha"},{"id":null,"key":"CS_ContentList_IncludeTimeInDates_Help","value":"Mostrar la parte de la hora del valor de fecha en las propiedades de columna."},{"id":null,"key":"CS_ContentList_InitialPageSize","value":"Tamaño de página inicial"},{"id":null,"key":"CS_ContentList_InitialPageSize_Help","value":"El tamaño del conjunto de resultados que se devuelve para su representación en la lista de contenidos. El tamaño de página predeterminado es de 20 elementos."},{"id":null,"key":"CS_ContentList_OnActionMenuOpen","value":"Al abrir el menú de acción"},{"id":null,"key":"CS_ContentList_OnActionMenuOpen_Help","value":"Un suceso que se activa cuando se va a abrir el menú de acción. Se transfiere un objeto de carpeta con propiedades."},{"id":null,"key":"CS_ContentList_OnAdd","value":"Al añadir contenido"},{"id":null,"key":"CS_ContentList_OnAdd_Help","value":"El suceso que se activa cuando se añade un documento o una carpeta. Se transfiere un objeto contentItem."},{"id":null,"key":"CS_ContentList_OnAllRowsSelected","value":"Al seleccionar todas las filas"},{"id":null,"key":"CS_ContentList_OnAllRowsSelected_Help","value":"Se llama a este suceso cuando el usuario pulsa en el recuadro de selección Seleccionar todo y la lista de contenido está en modalidad de selección múltiple. El parámetro pasado \"seleccionado\" indica si se han seleccionado todas las filas o ninguna de ellas."},{"id":null,"key":"CS_ContentList_OnContextMenuOpen","value":"Al abrir el menú contextual"},{"id":null,"key":"CS_ContentList_OnContextMenuOpen_Help","value":"Un suceso que se activa cuando se va a abrir el menú contextual. Se transfiere un objeto de contenido con propiedades."},{"id":null,"key":"CS_ContentList_OnError","value":"En caso de error"},{"id":null,"key":"CS_ContentList_OnError_Help","value":"El suceso que se envía cuando se produce un error de servicio."},{"id":null,"key":"CS_ContentList_OnFileClicked","value":"Al hacer clic en un archivo"},{"id":null,"key":"CS_ContentList_OnFileClicked_Help","value":"El suceso que se activa cuando se selecciona un documento en la columna principal. Se transfiere un objeto de documento con propiedades."},{"id":null,"key":"CS_ContentList_OnFolderClicked","value":"Al pulsar en una carpeta"},{"id":null,"key":"CS_ContentList_OnFolderClicked_Help","value":"Un suceso que se activa cuando se selecciona una carpeta en la columna principal. Se transfiere un objeto de carpeta con propiedades."},{"id":null,"key":"CS_ContentList_OnPollResults","value":"Al obtener resultados de sondeo"},{"id":null,"key":"CS_ContentList_OnPollResults_Help","value":"Se activa cuando se recibe un resultado de sondeo que contiene el estado del documento."},{"id":null,"key":"CS_ContentList_OnResults","value":"Al cargar resultados"},{"id":null,"key":"CS_ContentList_OnResults_Help","value":"El suceso que se envía cuando se devuelven resultados de un servicio. Se transfiere una lista de elementos que se han representado en la lista de contenidos."},{"id":null,"key":"CS_ContentList_OnRowSelected","value":"Al seleccionar una fila"},{"id":null,"key":"CS_ContentList_OnRowSelected_Help","value":"El suceso que se activa cuando se selecciona una fila utilizando un botón o un recuadro de selección. Se transfiere el parámetro adicional: fila (row.data.contentItem aloja el objeto documento o carpeta con las propiedades)."},{"id":null,"key":"CS_ContentList_Polling_Exit_Values","value":"Sondeando valores de propiedad de salida"},{"id":null,"key":"CS_ContentList_Polling_Exit_Values_Help","value":"El sondeo se detiene cuando el valor de propiedad de documento que devuelve el sondeo es uno de los valores configurados."},{"id":null,"key":"CS_ContentList_Polling_Neg_Exit_Values","value":"Sondeando valores de propiedad de salida negativos"},{"id":null,"key":"CS_ContentList_Polling_Neg_Exit_Values_Help","value":"El sondeo se detiene cuando el valor de propiedad de documento devuelto en el sondeo no es uno de los valores configurados."},{"id":null,"key":"CS_ContentList_Resources","value":"Recursos"},{"id":null,"key":"CS_ContentList_Resources_Help","value":"Se establece en un paquete de recursos externo para extraer recursos de serie localizados para las cabeceras de columna y las etiquetas de filtro de la lista de propiedades."},{"id":null,"key":"CS_ContentList_RootFolderName","value":"Nombre de la carpeta raíz"},{"id":null,"key":"CS_ContentList_RootFolderName_Help","value":"El nombre de visualización de la carpeta raíz a utilizar en lugar del nombre de carpeta en el repositorio de Content Services."},{"id":null,"key":"CS_ContentList_Search","value":"Buscar"},{"id":null,"key":"CS_ContentList_SearchFilterProperties","value":"Propiedades del filtro de búsqueda"},{"id":null,"key":"CS_ContentList_SearchFilterProperties_Help","value":"Especifique el conjunto de propiedades que desea consultar para rellenar la vista de lista. Los valores de propiedad se combinan con un operador AND en el filtro de búsqueda."},{"id":null,"key":"CS_ContentList_SearchFolderId","value":"Buscar en ID de carpeta"},{"id":null,"key":"CS_ContentList_SearchFolderId_Help","value":"El ID de la carpeta donde se va a iniciar la búsqueda. Es un valor opcional que restringe la búsqueda a la carpeta especificada. Si no está establecido, se buscará en todo el almacén de objetos."},{"id":null,"key":"CS_ContentList_SearchFor","value":"Buscar"},{"id":null,"key":"CS_ContentList_SearchFor_Help","value":"Buscar elementos de documentos o de carpetas."},{"id":null,"key":"CS_ContentList_SearchOnlyFolder","value":"Buscar solamente en esta carpeta"},{"id":null,"key":"CS_ContentList_SearchOnlyFolder_Help","value":"No incluir la búsqueda en subcarpetas."},{"id":null,"key":"CS_ContentList_SearchOperator","value":"Operador"},{"id":null,"key":"CS_ContentList_SearchOperator_Help","value":"El operador de consulta que desea utilizar, como, por ejemplo, Empieza por, Termina en, Igual que, No igual que, \\=, <, >, <>, >\\=, <\\=, etc."},{"id":null,"key":"CS_ContentList_SearchProperty","value":"Propiedad de búsqueda"},{"id":null,"key":"CS_ContentList_SearchPropertyCardinality","value":"Buscar en cardinalidad de propiedades"},{"id":null,"key":"CS_ContentList_SearchPropertyCardinality_Help","value":"Especifica si la propiedad de búsqueda tiene un valor o varios."},{"id":null,"key":"CS_ContentList_SearchPropertyType","value":"Buscar en tipo de propiedad"},{"id":null,"key":"CS_ContentList_SearchPropertyType_Help","value":"El tipo de datos de la propiedad de búsqueda especificada."},{"id":null,"key":"CS_ContentList_SearchProperty_Help","value":"El nombre de propiedad simbólico de la propiedad por la que desea buscar."},{"id":null,"key":"CS_ContentList_SearchRootName","value":"Nombre de búsqueda raíz"},{"id":null,"key":"CS_ContentList_SearchRootName_Help","value":"El nombre de visualización de búsqueda raíz para utilizar en el rastro de navegación."},{"id":null,"key":"CS_ContentList_SearchTextOptions","value":"Opciones de texto"},{"id":null,"key":"CS_ContentList_SearchTextOptions_Help","value":"Configure la búsqueda para incluir una consulta de base de contenido además de la búsqueda de la propiedad especificada."},{"id":null,"key":"CS_ContentList_SearchType","value":"Buscar en tipo"},{"id":null,"key":"CS_ContentList_SearchType_Help","value":"Buscar objetos de un tipo determinado."},{"id":null,"key":"CS_ContentList_SearchValue","value":"Valor predeterminado"},{"id":null,"key":"CS_ContentList_SearchValue_Help","value":"El valor a buscar. Si se deja en blanco, los usuarios pueden escribir un valor para invocar la búsqueda en tiempo de ejecución."},{"id":null,"key":"CS_ContentList_SecondaryProperty","value":"Indique la propiedad secundaria"},{"id":null,"key":"CS_ContentList_SecondaryProperty_Help","value":"Seleccione una propiedad que se utilizará como propiedad de estado secundario personalizado."},{"id":null,"key":"CS_ContentList_SelectionMode","value":"Modalidad de selección"},{"id":null,"key":"CS_ContentList_SelectionMode_Help","value":"Selección única, selección múltiple o ninguna."},{"id":null,"key":"CS_ContentList_ShowCustomState","value":"Mostrar estado personalizado"},{"id":null,"key":"CS_ContentList_ShowCustomState_Help","value":"Seleccione esta opción para habilitar o inhabilitar que se muestre un icono de estado personalizado."},{"id":null,"key":"CS_ContentList_SortOrder","value":"Orden de clasificación"},{"id":null,"key":"CS_ContentList_SortOrder_Help","value":"Dirección predeterminada de ordenación, ascendente o descendente."},{"id":null,"key":"CS_ContentList_SortProperty","value":"Ordenar por propiedad"},{"id":null,"key":"CS_ContentList_SortProperty_Help","value":"Seleccione la propiedad a utilizar para ordenar el conjunto de resultados."},{"id":null,"key":"CS_ContentList_StateProperty","value":"Propiedad Estado"},{"id":null,"key":"CS_ContentList_StateProperty_Help","value":"Seleccione una propiedad para utilizar como propiedad de estado personalizado."},{"id":null,"key":"CS_ContentList_Status_Polling_Interval","value":"Intervalo de sondeo de estado"},{"id":null,"key":"CS_ContentList_Status_Polling_Interval_Help","value":"Número de segundos entre las solicitudes de sondeo del estado de los documentos añadidos."},{"id":null,"key":"CS_ContentList_Status_Polling_Property","value":"Sondeando propiedad de estado"},{"id":null,"key":"CS_ContentList_Status_Polling_Property_Help","value":"Propiedad que se sondea para obtener el estado de los documentos añadidos."},{"id":null,"key":"CS_ContentList_Status_Polling_Timeout","value":"Tiempo de espera de sondeo por documento"},{"id":null,"key":"CS_ContentList_Status_Polling_Timeout_Help","value":"Número de segundos por documento pasados los cuales se detiene el sondeo si no se cumple una condición de salida."},{"id":null,"key":"CS_ContentList_TableRowHeight","value":"Altura de fila de tabla"},{"id":null,"key":"CS_ContentList_TableRowHeight_Help","value":"Parámetro utilizado para especificar la altura de fila de la tabla de lista de contenido."},{"id":null,"key":"CS_ContentList_Width_Help","value":"La anchura de la ventana de vista de lista de contenidos."},{"id":null,"key":"CS_ContentLlist_DisableDnDAdd","value":"Inhabilitar añadir mediante arrastrar y soltar"},{"id":null,"key":"CS_ContentLlist_Polling_Neg_Exit_Values_Help","value":"El sondeo se detiene cuando el valor de propiedad de documento devuelto en el sondeo no es uno de los valores configurados."},{"id":null,"key":"CS_ContentViewer_FitHeight","value":"Ajustar altura"},{"id":null,"key":"CS_ContentViewer_FitWidth","value":"Ajustar anchura"},{"id":null,"key":"CS_ContentViewer_Height","value":"Altura"},{"id":null,"key":"CS_ContentViewer_OnLoad","value":"Al cargar"},{"id":null,"key":"CS_ContentViewer_Width","value":"Anchura"},{"id":null,"key":"CS_ContestList_MaxAddDocs_Help","value":"Especifique el número máximo de documentos que los usuarios pueden añadir de una vez. El valor máximo predeterminado es 50, pero puede establecer el máximo hasta 300."},{"id":null,"key":"CS_DeleteObject_OnDeleteObject","value":"Al suprimir el objeto"},{"id":null,"key":"CS_DeleteObject_OnDeleteObjectHelp","value":"Un suceso que se activa cuando se suprime el objeto."},{"id":null,"key":"CS_DepDocPropertiesProperty","value":"Propiedad de documento dependiente"},{"id":null,"key":"CS_DepDocPropertiesProperty_Help","value":"El nombre simbólico de la propiedad de valor de objeto que apunta al documento que contiene valores JSON a visualizar."},{"id":null,"key":"CS_DepDocumentProperties_OnError","value":"En caso de error"},{"id":null,"key":"CS_DepDocumentProperties_OnError_Help","value":"Un suceso que se activa cuando se produce un error al recuperar valores de propiedades."},{"id":null,"key":"CS_DocumentReference_AddDocMode","value":"Modalidad de adición de documento"},{"id":null,"key":"CS_DocumentReference_AddDocMode_Help","value":"Valor que controla el proceso de adición de documentos. Seleccione Ninguno para no añadir soporte, No añadir ninguna interfaz de usuario no mostrará ninguna interfaz de usuario y Añadir con propiedades mostrará el diálogo Añadir documento."},{"id":null,"key":"CS_DocumentReference_AllowsActions","value":"Permite acciones"},{"id":null,"key":"CS_DocumentReference_AllowsActions_Help","value":"Habilita el menú desplegable de contexto de acciones de gestión de contenido en el componente de vista."},{"id":null,"key":"CS_DocumentReference_AllowsRemoveDoc","value":"Permite borrar documento"},{"id":null,"key":"CS_DocumentReference_AllowsRemoveDoc_Help","value":"Habilita la acción de borrar documento en el componente de vista. Esta acción solo borra el documento de la vista y no lo suprime del repositorio."},{"id":null,"key":"CS_DocumentReference_DocumentId","value":"ID de documento"},{"id":null,"key":"CS_DocumentReference_DocumentId_Help","value":"El ID del documento que desea cargar en esta vista."},{"id":null,"key":"CS_DocumentReference_EnableTitleAction","value":"Habilitar acción de pulsación de título"},{"id":null,"key":"CS_DocumentReference_EnableTitleAction_Help","value":"Permite que el texto del título del documento pueda pulsarse y ejecuta la primera acción en el menú contextual."},{"id":null,"key":"CS_DocumentReference_HelperText","value":"Texto de ayuda"},{"id":null,"key":"CS_DocumentReference_HelperText_Help","value":"Texto de ayuda que se muestra debajo del campo de entrada."},{"id":null,"key":"CS_DocumentReference_HintText","value":"Texto de sugerencia"},{"id":null,"key":"CS_DocumentReference_HintText_Help","value":"Texto de sugerencia que se mostrará en el campo cuando no se haya especificado ningún documento."},{"id":null,"key":"CS_DocumentReference_OnClear","value":"Al borrar"},{"id":null,"key":"CS_DocumentReference_OnClear_Help","value":"El suceso que se activa cuando el usuario invoca la acción borrar."},{"id":null,"key":"CS_DocumentReference_ViewMode","value":"Modalidad de vista"},{"id":null,"key":"CS_DocumentReference_ViewMode_Help","value":"Establézcala en Normal para ver el tipo mime y título del documento, o en Thumbnail para ver la miniatura y el título del documento."},{"id":null,"key":"CS_Document_Classes","value":"Clases de documento"},{"id":null,"key":"CS_Document_Classes_Help","value":"Un conjunto de clases de documentos que se visualizan al añadir documentos nuevos. Si no está establecido, las clases de documento se recuperan del servidor. Los nombres especificados aquí se muestran al usuario y los valores corresponden al nombre simbólico de cada clase de documento."},{"id":null,"key":"CS_FileDropZone_AcceptFileTypes","value":"Tipos de archivo aceptados"},{"id":null,"key":"CS_FileDropZone_AcceptFileTypes_Help","value":"Especifique los tipos de archivo que aceptará la zona de colocación de archivos. Los tipos de archivos deben especificarse como series de extensión de archivo con punto."},{"id":null,"key":"CS_FileDropZone_DetailMessage","value":"Mensaje detallado"},{"id":null,"key":"CS_FileDropZone_DetailMessage_Help","value":"Serie de mensaje visualizada encima de la zona de colocación de archivos."},{"id":null,"key":"CS_FileDropZone_DocumentType","value":"Tipo de documento"},{"id":null,"key":"CS_FileDropZone_DocumentType_Help","value":"Tipo de documento a utilizar al añadir documentos. Si no está establecido, se utiliza el tipo de documento predeterminado."},{"id":null,"key":"CS_FileDropZone_FolderId_Help","value":"ID de la carpeta donde se van a añadir los documentos. Si no se especifica, no se archivarán los documentos."},{"id":null,"key":"CS_FileDropZone_Height_Help","value":"La altura del área de la zona de colocación de archivos."},{"id":null,"key":"CS_FileDropZone_MaxAddDoc","value":"Número máximo de documentos a añadir"},{"id":null,"key":"CS_FileDropZone_MaxAddDoc_Help","value":"Especifique el número máximo de documentos que los usuarios pueden añadir de una vez. El máximo predeterminado es 50."},{"id":null,"key":"CS_FileDropZone_MaxDocumentSize","value":"Tamaño máximo de documento"},{"id":null,"key":"CS_FileDropZone_MaxDocumentSize_Help","value":"Tamaño máximo de documento en KB que se permite añadir. El tamaño 0 significa ilimitado."},{"id":null,"key":"CS_FileDropZone_Width_Help","value":"La anchura del área de la zona de colocación de archivos."},{"id":null,"key":"CS_Folder_Classes","value":"Clases de carpeta"},{"id":null,"key":"CS_Folder_Classes_Help","value":"Un conjunto de clases de carpeta que se visualizan cuando se añadan carpetas nuevas. Si no está establecido, las clases de carpeta se recuperan del servidor. Los nombres especificados aquí se muestran al usuario y los valores corresponden a los nombres simbólicos de cada clase de carpeta."},{"id":null,"key":"CS_GetContent_OnContentReceived","value":"Al recibir contenido"},{"id":null,"key":"CS_GetContent_OnContentReceived_Help","value":"Un suceso que se activa cuando se ha devuelto el contenido del documento en la respuesta."},{"id":null,"key":"CS_GetContent_OnGetClassAccess","value":"Al obtener acceso de clase"},{"id":null,"key":"CS_GetContent_OnGetClassAccess_Help","value":"Suceso que se activa cuando se ha devuelto la respuesta de obtención de acceso de clase."},{"id":null,"key":"CS_GetContent_OnPropertiesUpdated","value":"Al actualizar propiedades"},{"id":null,"key":"CS_GetContent_OnPropertiesUpdated_Help","value":"Suceso que se activa una vez que se han recuperado y actualizado las propiedades en el objeto de elemento de contenido."},{"id":null,"key":"CS_Height","value":"Altura"},{"id":null,"key":"CS_Hide_Time_Picker","value":"Ocultar el selector de tiempo al editar valores de fecha y hora"},{"id":null,"key":"CS_Hide_Time_Picker_Help","value":"Cuando está establecido, oculta la interfaz para editar la parte de hora de los valores de fecha y hora."},{"id":null,"key":"CS_Modal_OnCancel","value":"Al cancelar"},{"id":null,"key":"CS_Modal_OnCancel_Help","value":"El suceso que se activa cuando el usuario cancela una vista modal."},{"id":null,"key":"CS_OK","value":"Aceptar"},{"id":null,"key":"CS_ObjectStoreName","value":"Nombre de repositorio"},{"id":null,"key":"CS_ObjectStoreName_Help","value":"Nombre del almacén de objetos de la consola de administración de Content Platform Engine."},{"id":null,"key":"CS_On_Class_Selected","value":"Al seleccionar una clase"},{"id":null,"key":"CS_On_Class_Selected_Help","value":"El suceso que se activa cuando el usuario selecciona una clase."},{"id":null,"key":"CS_ProgressIndicator_OnClose","value":"Al cerrar"},{"id":null,"key":"CS_ProgressIndicator_OnClose_Help","value":"Se activa cuando se cierra el indicador de progreso."},{"id":null,"key":"CS_ProgressIndicator_OnFileRemoved","value":"Al eliminar un archivo"},{"id":null,"key":"CS_ProgressIndicator_OnFileRemoved_Help","value":"Se activa cuando se elimina un archivo pendiente del indicador de progreso"},{"id":null,"key":"CS_PropertyList_Display_Edit","value":"Visualizar los botones para editar los valores de las propiedades"},{"id":null,"key":"CS_PropertyList_Display_Edit_Help","value":"Visualizar los botones en una barra de herramientas que permita a los usuarios editar los valores de las propiedades."},{"id":null,"key":"CS_PropertyPoller_OnError","value":"En caso de error"},{"id":null,"key":"CS_PropertyPoller_OnError_Help","value":"Se activa cuando se produce un error al sondear una propiedad."},{"id":null,"key":"CS_PropertyPoller_OnResults","value":"Al obtener resultados"},{"id":null,"key":"CS_PropertyPoller_OnResults_Help","value":"Se activa cuando se reciben resultados de una solicitud de sondeo."},{"id":null,"key":"CS_PropertyPoller_OnStatus","value":"Al devolver información de propiedades"},{"id":null,"key":"CS_PropertyPoller_OnStatus_Help","value":"Se activa cuando se devuelven datos al sondear al servidor para obtener información de propiedades."},{"id":null,"key":"CS_Query_ExecuteOnChange","value":"Ejecutar búsqueda al cambiar"},{"id":null,"key":"CS_Query_ExecuteOnChange_Help","value":"Ejecuta la búsqueda configurada cuando se produce el suceso de cambio de vista en el componente."},{"id":null,"key":"CS_Query_ExecuteOnView","value":"Ejecutar búsqueda en la vista"},{"id":null,"key":"CS_Query_ExecuteOnView_Help","value":"Ejecuta la búsqueda configurada cuando se produce el suceso de vista de coach en el componente."},{"id":null,"key":"CS_Query_MaxResults","value":"Resultados máximos"},{"id":null,"key":"CS_Query_MaxResults_Help","value":"El número máximo de resultados que devolverá la consulta."},{"id":null,"key":"CS_Query_OnError","value":"En caso de error"},{"id":null,"key":"CS_Query_OnError_Help","value":"Se activa cuando se produce un error."},{"id":null,"key":"CS_Query_OnSearchResults","value":"Al obtener resultados de búsqueda"},{"id":null,"key":"CS_Query_OnSearchResults_Help","value":"Se activa cuando se devuelven resultados de búsqueda del servidor."},{"id":null,"key":"CS_Query_ResultProperties","value":"Propiedades de los resultados"},{"id":null,"key":"CS_Query_ResultProperties_Help","value":"Nombres simbólicos de las propiedades devueltas en los resultados de la búsqueda."},{"id":null,"key":"CS_Query_SearchValue","value":"Valores de búsqueda"},{"id":null,"key":"CS_Query_SearchValue_Help","value":"Los valores a buscar."},{"id":null,"key":"CS_RepositoryId","value":"ID de repositorio"},{"id":null,"key":"CS_RepositoryId_Help","value":"El ID de repositorio de IBM Navigator. Este valor lo utiliza el visor de documentos."},{"id":null,"key":"CS_Save","value":"Guardar"},{"id":null,"key":"CS_SelectFiles","value":"Seleccionar archivos"},{"id":null,"key":"CS_SummaryCard_Details","value":"Detalles"},{"id":null,"key":"CS_SummaryCard_Details_Help","value":"Se visualiza en la sección de detalles de la tarjeta de resumen."},{"id":null,"key":"CS_SummaryCard_DisplayHelpIcon","value":"Icono Visualizar ayuda"},{"id":null,"key":"CS_SummaryCard_DisplayHelpIcon_Help","value":"Cuando se selecciona, muestra un icono de ayuda en la tarjeta."},{"id":null,"key":"CS_SummaryCard_HelpLearnMoreUrl","value":"URL de ayuda Más información"},{"id":null,"key":"CS_SummaryCard_HelpLearnMoreUrl_Help","value":"Un enlace para obtener más información. Cuando está establecido, se visualiza un botón en la ayuda contextual de ayuda que, al pulsarlo, muestra la página especificada en el enlace."},{"id":null,"key":"CS_SummaryCard_HelpText","value":"Texto de ayuda"},{"id":null,"key":"CS_SummaryCard_HelpText_Help","value":"Un ID de mensaje o texto que se visualiza en una ayuda contextual cuando el usuario pulsa el icono de ayuda."},{"id":null,"key":"CS_SummaryCard_OnClick","value":"Al pulsar"},{"id":null,"key":"CS_SummaryCard_OnClick_Help","value":"Se activa cuando se pulsa la tarjeta de resumen."},{"id":null,"key":"CS_SummaryCard_Title","value":"Título"},{"id":null,"key":"CS_SummaryCard_Title_Help","value":"Se visualiza como el título de la tarjeta de resumen."},{"id":null,"key":"CS_Upload","value":"Cargar"},{"id":null,"key":"CS_UploadContent_OnContentAdded","value":"Al añadir contenido"},{"id":null,"key":"CS_UploadContent_OnContentAdded_Help","value":"Un suceso que se activa una vez que se han cargado correctamente los contenidos."},{"id":null,"key":"CS_UploadContent_OnError","value":"En caso de error"},{"id":null,"key":"CS_UploadContent_OnError_Help","value":"Un suceso que se activa cuando se produce un error al cargar contenido."},{"id":null,"key":"CS_UploadVersion_OnUploadVersion","value":"Al cargar la versión"},{"id":null,"key":"CS_UploadVersion_OnUploadVersionHelp","value":"Un suceso que se activa cuando se ha cargado una nueva versión del documento."},{"id":null,"key":"CS_Width","value":"Anchura"}]}