{"id":"50.adeae4bd-e860-48f8-8f12-9436f7840773/2064.91e0f284-0db5-4f27-994d-d0f601dabca4","localeLanguage":null,"localeCountry":null,"localeVariant":null,"localeDisplayName":"CSResource","resourceBundleKey":[{"id":null,"key":"CS_Add","value":"Add"},{"id":null,"key":"CS_BatchContent_AutomationDocType","value":"Automation document type"},{"id":null,"key":"CS_BatchContent_AutomationDocType_Help","value":"The document type to be used when adding or modifying batch documents. If not specified, the value defaults to DbaCaptureBase."},{"id":null,"key":"CS_BatchContent_OnDocumentCheckedOut","value":"On document checked out"},{"id":null,"key":"CS_BatchContent_OnDocumentCheckedOut_Help","value":"An event that is fired when the document has been checked out."},{"id":null,"key":"CS_BatchContent_OnGetProperties","value":"On get properties"},{"id":null,"key":"CS_BatchContent_OnGetProperties_Help","value":"An event that is fired when the properties have been retrieved."},{"id":null,"key":"CS_BatchContent_OnResubmitBatch","value":"On resubmit batch"},{"id":null,"key":"CS_BatchContent_OnResubmitBatch_Help","value":"An event that is fired when the batch has been resubmitted for processing successfully."},{"id":null,"key":"CS_BatchContent_OnRollbackBatch","value":"On rollback batch"},{"id":null,"key":"CS_BatchContent_OnRollbackBatch_Help","value":"An event that is fired when the batch has been rolled back successfully."},{"id":null,"key":"CS_BatchContent_OnSaveBatch","value":"On save batch"},{"id":null,"key":"CS_BatchContent_OnSaveBatch_Help","value":"An event that is fired when the batch has been saved."},{"id":null,"key":"CS_BatchContent_OnSearchResults","value":"On search results"},{"id":null,"key":"CS_BatchContent_OnSearchResults_Help","value":"An event that is fired when the search results have returned successfully."},{"id":null,"key":"CS_BatchContent_OnUpdateBatch","value":"On update batch"},{"id":null,"key":"CS_BatchContent_OnUpdateBatch_Help","value":"An event that is fired when the batch has been updated."},{"id":null,"key":"CS_BatchContent_OnUpdateProperties","value":"On update properties"},{"id":null,"key":"CS_BatchContent_OnUpdateProperties_Help","value":"An event that is fired when the properties have been updated."},{"id":null,"key":"CS_Cancel","value":"Cancel"},{"id":null,"key":"CS_Class_Selector_Svc_Error","value":"Service error"},{"id":null,"key":"CS_Class_Selector_Svc_Error_Help","value":"Fired when an error is returned from calling a service."},{"id":null,"key":"CS_ContentListFilter_Cancel","value":"Cancel"},{"id":null,"key":"CS_ContentListFilter_Filter","value":"Filter"},{"id":null,"key":"CS_ContentListFilter_OnCanceFilter","value":"On cancel"},{"id":null,"key":"CS_ContentListFilter_OnCancelFilter_Help","value":"An event that is fired when the cancel button is clicked."},{"id":null,"key":"CS_ContentListFilter_OnFilter","value":"On filter"},{"id":null,"key":"CS_ContentListFilter_OnFilter_Help","value":"An event that is fired when the filter button is clicked."},{"id":null,"key":"CS_ContentListFilter_TypeName","value":"Type name"},{"id":null,"key":"CS_ContentListFilter_TypeName_Help","value":"Search object type."},{"id":null,"key":"CS_ContentList_AcceptFileTypes","value":"Accepted file types"},{"id":null,"key":"CS_ContentList_AcceptFileTypes_Help","value":"Specify the file type extensions that are allowed when adding new documents (for example, .dotx, .pdf, etc). When not specified, all file types are accepted."},{"id":null,"key":"CS_ContentList_Actions","value":"Actions"},{"id":null,"key":"CS_ContentList_AddButton","value":"Add"},{"id":null,"key":"CS_ContentList_Advanced","value":"Advanced"},{"id":null,"key":"CS_ContentList_Behavior","value":"Behavior"},{"id":null,"key":"CS_ContentList_Columns","value":"Columns"},{"id":null,"key":"CS_ContentList_Columns_Help","value":"The columns to display in the list. Set these if you want your own custom column properties, otherwise a default set is used."},{"id":null,"key":"CS_ContentList_ConfigurationProperty","value":"Configuration property"},{"id":null,"key":"CS_ContentList_ConfigurationProperty_Help","value":"Name of a property where configuration data will be stored in JSON format."},{"id":null,"key":"CS_ContentList_ConfigurationValues","value":"Configuration values"},{"id":null,"key":"CS_ContentList_ContentItems","value":"Content items"},{"id":null,"key":"CS_ContentList_ContentItems_Help","value":"List of CSDocument objects to be displayed. The ID property is the only required property of the document objects."},{"id":null,"key":"CS_ContentList_ControllerProperty","value":"Controller document property"},{"id":null,"key":"CS_ContentList_ControllerProperty_Help","value":"Name of the object value property in the document class that links to the batch controller."},{"id":null,"key":"CS_ContentList_DisableDnDAdd_Help","value":"Check this setting to disable adding documents using drag and drop."},{"id":null,"key":"CS_ContentList_DisabledValues","value":"Disabled values"},{"id":null,"key":"CS_ContentList_DisabledValues_Help","value":"Specify the property values for which the items actions will be disabled."},{"id":null,"key":"CS_ContentList_DisplayProgressIndicator","value":"Display progress indicator when adding documents."},{"id":null,"key":"CS_ContentList_DisplayProgressIndicator_Help","value":"Check this option to display a progress indicator when adding documents."},{"id":null,"key":"CS_ContentList_EnableSearchFilter","value":"Enable search filter"},{"id":null,"key":"CS_ContentList_EnableSearchFilter_Help","value":"Displays the search filter component for specifying multiple search parameters to query against and display the results in the list view."},{"id":null,"key":"CS_ContentList_Enable_Polling","value":"Enable polling for document status"},{"id":null,"key":"CS_ContentList_Enable_Polling_Help","value":"When set, polling is used to update the status of added documents."},{"id":null,"key":"CS_ContentList_ExtraProperties","value":"Extra properties"},{"id":null,"key":"CS_ContentList_ExtraProperties_Help","value":"Specify additional properties that you want returned with the items in the results set."},{"id":null,"key":"CS_ContentList_Filter_Help","value":"=The property values are combined with an AND operator in the search filter."},{"id":null,"key":"CS_ContentList_Folder","value":"Folder"},{"id":null,"key":"CS_ContentList_FolderId","value":"Folder ID"},{"id":null,"key":"CS_ContentList_FolderId_Help","value":"Set the folder ID or path to initialize the content list with the specified folder contents. Setting the folder ID will have precedence over the search settings."},{"id":null,"key":"CS_ContentList_Height_Help","value":"The height of the content list view window."},{"id":null,"key":"CS_ContentList_HideAction_Help","value":"Check the action setting if you want to remove this action from the drop-down menu."},{"id":null,"key":"CS_ContentList_HideAddDialog","value":"Hide add dialog when adding documents"},{"id":null,"key":"CS_ContentList_HideAddDialog_Help","value":"When this option is selected and a single document type is configured, documents are added without displaying the Add Document dialog."},{"id":null,"key":"CS_ContentList_HideAddDocument","value":"Hide add document"},{"id":null,"key":"CS_ContentList_HideAddFolder","value":"Hide add folder"},{"id":null,"key":"CS_ContentList_HideCancelCheckoutDoc","value":"Hide cancel checkout document"},{"id":null,"key":"CS_ContentList_HideCheckoutDocument","value":"Hide checkout document"},{"id":null,"key":"CS_ContentList_HideCheckoutState","value":"Hide checkout state"},{"id":null,"key":"CS_ContentList_HideCheckoutState_Help","value":"Select this option to enable or disable the checkout state icon to be displayed."},{"id":null,"key":"CS_ContentList_HideDeleteDocument","value":"Hide delete document"},{"id":null,"key":"CS_ContentList_HideDeleteFolder","value":"Hide delete folder"},{"id":null,"key":"CS_ContentList_HideDownloadDocument","value":"Hide download document"},{"id":null,"key":"CS_ContentList_HideEditDocument","value":"Hide edit document"},{"id":null,"key":"CS_ContentList_HideEditDocumentProps","value":"Hide edit document properties"},{"id":null,"key":"CS_ContentList_HideEditFolderProps","value":"Hide edit folder properties"},{"id":null,"key":"CS_ContentList_HideRefresh","value":"Hide refresh"},{"id":null,"key":"CS_ContentList_HideRenameFolder","value":"Hide rename folder"},{"id":null,"key":"CS_ContentList_HideSearchField","value":"Hide search field"},{"id":null,"key":"CS_ContentList_HideSearchField_Help","value":"Do not display the search field. Search parameters are defined in configuration settings."},{"id":null,"key":"CS_ContentList_HideUploadNewVersionDoc","value":"Hide Upload new version document"},{"id":null,"key":"CS_ContentList_HideViewDocument","value":"Hide view document"},{"id":null,"key":"CS_ContentList_IncludeTimeInDates","value":"Include time in date properties"},{"id":null,"key":"CS_ContentList_IncludeTimeInDates_Help","value":"Display time portion of date value in the column properties."},{"id":null,"key":"CS_ContentList_InitialPageSize","value":"Initial page size"},{"id":null,"key":"CS_ContentList_InitialPageSize_Help","value":"The size of the result set that is returned for rendering in the content list. The default page size is 20 items."},{"id":null,"key":"CS_ContentList_OnActionMenuOpen","value":"On action menu open"},{"id":null,"key":"CS_ContentList_OnActionMenuOpen_Help","value":"An event that is fired when the action menu is about to be opened. Passes a folder object with properties."},{"id":null,"key":"CS_ContentList_OnAdd","value":"On content added"},{"id":null,"key":"CS_ContentList_OnAdd_Help","value":"The event that is fired when a document or folder is added. Passes a contentItem object."},{"id":null,"key":"CS_ContentList_OnAllRowsSelected","value":"On all rows selected"},{"id":null,"key":"CS_ContentList_OnAllRowsSelected_Help","value":"This event is called when the user clicks on the Select All checkbox and the content list is in Multiselect mode. The passed parameter \"selected\" indicates whether all or none of the rows are selected."},{"id":null,"key":"CS_ContentList_OnContextMenuOpen","value":"On context menu open"},{"id":null,"key":"CS_ContentList_OnContextMenuOpen_Help","value":"An event that is fired when the context menu is about to be opened. Passes a content object with properties."},{"id":null,"key":"CS_ContentList_OnError","value":"On error"},{"id":null,"key":"CS_ContentList_OnError_Help","value":"The event that is sent out when there is a service error."},{"id":null,"key":"CS_ContentList_OnFileClicked","value":"On file clicked"},{"id":null,"key":"CS_ContentList_OnFileClicked_Help","value":"The event that is fired when a document is selected in the main column. Passes a document object with properties."},{"id":null,"key":"CS_ContentList_OnFolderClicked","value":"On folder clicked"},{"id":null,"key":"CS_ContentList_OnFolderClicked_Help","value":"An event that is fired when a folder is selected in the main column. Passes a folder object with properties."},{"id":null,"key":"CS_ContentList_OnPollResults","value":"On poll results"},{"id":null,"key":"CS_ContentList_OnPollResults_Help","value":"Fired when a poll result containing document status is received."},{"id":null,"key":"CS_ContentList_OnResults","value":"On results loaded"},{"id":null,"key":"CS_ContentList_OnResults_Help","value":"The event that is sent out when results have been returned from a service. Passes a list of items that were rendered in the content list."},{"id":null,"key":"CS_ContentList_OnRowSelected","value":"On row selected"},{"id":null,"key":"CS_ContentList_OnRowSelected_Help","value":"The event that is fired when a row is selected using a radio button or checkbox. Passes the additional parameter: row (row.data.contentItem holds document or folder object with properties)."},{"id":null,"key":"CS_ContentList_Polling_Exit_Values","value":"Polling exit property values"},{"id":null,"key":"CS_ContentList_Polling_Exit_Values_Help","value":"Polling stops when the document property value that is returned from polling is one of the configured values."},{"id":null,"key":"CS_ContentList_Polling_Neg_Exit_Values","value":"Polling negative exit property values"},{"id":null,"key":"CS_ContentList_Polling_Neg_Exit_Values_Help","value":"Polling stops when the document property value returned from polling is not one of the configured values."},{"id":null,"key":"CS_ContentList_Resources","value":"Resources"},{"id":null,"key":"CS_ContentList_Resources_Help","value":"Set to an external resource bundle to pull in localized string resources for the column headers and the property list filter labels."},{"id":null,"key":"CS_ContentList_RootFolderName","value":"Root folder name"},{"id":null,"key":"CS_ContentList_RootFolderName_Help","value":"The root folder display name to use instead of the folder name in the Content Services repository."},{"id":null,"key":"CS_ContentList_Search","value":"Search"},{"id":null,"key":"CS_ContentList_SearchFilterProperties","value":"Search filter properties"},{"id":null,"key":"CS_ContentList_SearchFilterProperties_Help","value":"Specify the set of properties you want to query against to populate the list view. The property values are combined with an AND operator in the search filter."},{"id":null,"key":"CS_ContentList_SearchFolderId","value":"Search in folder ID"},{"id":null,"key":"CS_ContentList_SearchFolderId_Help","value":"The folder ID of the folder to start searching in. This is an optional setting that restricts the search to the specified folder. If not set, the entire object store is searched."},{"id":null,"key":"CS_ContentList_SearchFor","value":"Search for"},{"id":null,"key":"CS_ContentList_SearchFor_Help","value":"Search for document or folder items."},{"id":null,"key":"CS_ContentList_SearchOnlyFolder","value":"Search only this folder"},{"id":null,"key":"CS_ContentList_SearchOnlyFolder_Help","value":"Do not include searching sub-folders."},{"id":null,"key":"CS_ContentList_SearchOperator","value":"Operator"},{"id":null,"key":"CS_ContentList_SearchOperator_Help","value":"The query operator you want to use, such as Starts with, Ends with, Like, Not like, \\=, <, >, <>, >\\=, <\\=, and so on."},{"id":null,"key":"CS_ContentList_SearchProperty","value":"Search property"},{"id":null,"key":"CS_ContentList_SearchPropertyCardinality","value":"Search property cardinality"},{"id":null,"key":"CS_ContentList_SearchPropertyCardinality_Help","value":"Specifies whether the search property is single or multi valued."},{"id":null,"key":"CS_ContentList_SearchPropertyType","value":"Search property type"},{"id":null,"key":"CS_ContentList_SearchPropertyType_Help","value":"The data type of the search property specified."},{"id":null,"key":"CS_ContentList_SearchProperty_Help","value":"The symbolic property name of the property you want to search on."},{"id":null,"key":"CS_ContentList_SearchRootName","value":"Root search name"},{"id":null,"key":"CS_ContentList_SearchRootName_Help","value":"The root search display name to use on the breadcrumb."},{"id":null,"key":"CS_ContentList_SearchTextOptions","value":"Text options"},{"id":null,"key":"CS_ContentList_SearchTextOptions_Help","value":"Configure search to include a content base query in addition to the specified property search."},{"id":null,"key":"CS_ContentList_SearchType","value":"Search type"},{"id":null,"key":"CS_ContentList_SearchType_Help","value":"Search for objects of a particular type."},{"id":null,"key":"CS_ContentList_SearchValue","value":"Default value"},{"id":null,"key":"CS_ContentList_SearchValue_Help","value":"The value to search for. If left blank, users can enter a value to invoke the search at runtime."},{"id":null,"key":"CS_ContentList_SecondaryProperty","value":"State secondary property"},{"id":null,"key":"CS_ContentList_SecondaryProperty_Help","value":"Select a property to be used as a custom secondary state property."},{"id":null,"key":"CS_ContentList_SelectionMode","value":"Selection mode"},{"id":null,"key":"CS_ContentList_SelectionMode_Help","value":"Single select, multi-select, or none."},{"id":null,"key":"CS_ContentList_ShowCustomState","value":"Show custom state"},{"id":null,"key":"CS_ContentList_ShowCustomState_Help","value":"Select this option to enable or disable a custom state icon display."},{"id":null,"key":"CS_ContentList_SortOrder","value":"Sort order"},{"id":null,"key":"CS_ContentList_SortOrder_Help","value":"Default sort direction, ascending or descending."},{"id":null,"key":"CS_ContentList_SortProperty","value":"Sort on property"},{"id":null,"key":"CS_ContentList_SortProperty_Help","value":"Select property to use to sort the result set on."},{"id":null,"key":"CS_ContentList_StateProperty","value":"State property"},{"id":null,"key":"CS_ContentList_StateProperty_Help","value":"Select a property to be used as a custom state property."},{"id":null,"key":"CS_ContentList_Status_Polling_Interval","value":"Status polling interval"},{"id":null,"key":"CS_ContentList_Status_Polling_Interval_Help","value":"Number of seconds between requests to poll for the status of added documents."},{"id":null,"key":"CS_ContentList_Status_Polling_Property","value":"Polling status property"},{"id":null,"key":"CS_ContentList_Status_Polling_Property_Help","value":"Property that is polled to obtain the status of added documents."},{"id":null,"key":"CS_ContentList_Status_Polling_Timeout","value":"Polling timeout per document"},{"id":null,"key":"CS_ContentList_Status_Polling_Timeout_Help","value":"Number of seconds per document after which polling stops if an exit condition is not met."},{"id":null,"key":"CS_ContentList_TableRowHeight","value":"Table row height"},{"id":null,"key":"CS_ContentList_TableRowHeight_Help","value":"Setting used to specify the content list table row height."},{"id":null,"key":"CS_ContentList_Width_Help","value":"The width of the content list view window."},{"id":null,"key":"CS_ContentLlist_DisableDnDAdd","value":"Disable drag and drop add"},{"id":null,"key":"CS_ContentLlist_Polling_Neg_Exit_Values_Help","value":"Polling stops when the document property value returned from polling is not one of the configured values."},{"id":null,"key":"CS_ContentViewer_FitHeight","value":"Fit height"},{"id":null,"key":"CS_ContentViewer_FitWidth","value":"Fit width"},{"id":null,"key":"CS_ContentViewer_Height","value":"Height"},{"id":null,"key":"CS_ContentViewer_OnLoad","value":"On load"},{"id":null,"key":"CS_ContentViewer_Width","value":"Width"},{"id":null,"key":"CS_ContestList_MaxAddDocs_Help","value":"Specify the maximum number of documents that users can add at a time. The default maximum is 50, but you can set the maximum as high as 300."},{"id":null,"key":"CS_DeleteObject_OnDeleteObject","value":"On delete object"},{"id":null,"key":"CS_DeleteObject_OnDeleteObjectHelp","value":"An event that is fired after the object is deleted."},{"id":null,"key":"CS_DepDocPropertiesProperty","value":"Dependent document property"},{"id":null,"key":"CS_DepDocPropertiesProperty_Help","value":"The symbolic name of the object value property that points to the document containing JSON values to be displayed."},{"id":null,"key":"CS_DepDocumentProperties_OnError","value":"On error"},{"id":null,"key":"CS_DepDocumentProperties_OnError_Help","value":"An event that is fired when an error occurs retrieving property values."},{"id":null,"key":"CS_DocumentReference_AddDocMode","value":"Add document mode"},{"id":null,"key":"CS_DocumentReference_AddDocMode_Help","value":"Setting that controls the add document process. Select None for no add support, Add no UI will not display any ui and Add with properties will display the add document dialog."},{"id":null,"key":"CS_DocumentReference_AllowsActions","value":"Enable actions"},{"id":null,"key":"CS_DocumentReference_AllowsActions_Help","value":"Enables the drop down context menu of content management actions in the view component."},{"id":null,"key":"CS_DocumentReference_AllowsRemoveDoc","value":"Enable clear document"},{"id":null,"key":"CS_DocumentReference_AllowsRemoveDoc_Help","value":"Enables the clear document action in the view component. This action only clears the document from the view and does not delete it from the repository."},{"id":null,"key":"CS_DocumentReference_DocumentId","value":"Document ID"},{"id":null,"key":"CS_DocumentReference_DocumentId_Help","value":"The ID of the document you want to load into this view."},{"id":null,"key":"CS_DocumentReference_EnableTitleAction","value":"Enable title click action"},{"id":null,"key":"CS_DocumentReference_EnableTitleAction_Help","value":"Enables the document title text to be clickable and runs the first action in the context menu."},{"id":null,"key":"CS_DocumentReference_HelperText","value":"Helper text"},{"id":null,"key":"CS_DocumentReference_HelperText_Help","value":"Helper text displayed below the input field."},{"id":null,"key":"CS_DocumentReference_HintText","value":"Hint text"},{"id":null,"key":"CS_DocumentReference_HintText_Help","value":"Hint text to display in the field when no document is specified."},{"id":null,"key":"CS_DocumentReference_OnClear","value":"On clear"},{"id":null,"key":"CS_DocumentReference_OnClear_Help","value":"An event that is fired when the user invokes the clear action."},{"id":null,"key":"CS_DocumentReference_ViewMode","value":"View mode"},{"id":null,"key":"CS_DocumentReference_ViewMode_Help","value":"Set to Normal to see the document mime type and title, or set to Thumbnail to see the document thumbnail and title."},{"id":null,"key":"CS_Document_Classes","value":"Document classes"},{"id":null,"key":"CS_Document_Classes_Help","value":"A set of document classes that are displayed when adding new documents. When not set, document classes are retrieved from the server. The names entered here are displayed to the user, and the values correspond to the symbolic name of each document class."},{"id":null,"key":"CS_FileDropZone_AcceptFileTypes","value":"Accepted file types"},{"id":null,"key":"CS_FileDropZone_AcceptFileTypes_Help","value":"Specify the file types that the file drop zone will accept. The files types must be specified as file dot extension strings."},{"id":null,"key":"CS_FileDropZone_DetailMessage","value":"Detail message"},{"id":null,"key":"CS_FileDropZone_DetailMessage_Help","value":"Message string displayed above the file drop zone."},{"id":null,"key":"CS_FileDropZone_DocumentType","value":"Document type"},{"id":null,"key":"CS_FileDropZone_DocumentType_Help","value":"Document type to use when adding documents. If not set, the default Document type is used."},{"id":null,"key":"CS_FileDropZone_FolderId_Help","value":"Folder ID of the folder where the documents will be added. If not specified, the documents will be unfiled."},{"id":null,"key":"CS_FileDropZone_Height_Help","value":"The height of the file drop zone area."},{"id":null,"key":"CS_FileDropZone_MaxAddDoc","value":"Maximum number of documents to add"},{"id":null,"key":"CS_FileDropZone_MaxAddDoc_Help","value":"Specify the maximum number of documents that users can add at a time. The default maximum is 50."},{"id":null,"key":"CS_FileDropZone_MaxDocumentSize","value":"Max document size"},{"id":null,"key":"CS_FileDropZone_MaxDocumentSize_Help","value":"The maximum document size in KB allowed to be added. The size of 0 is unlimited."},{"id":null,"key":"CS_FileDropZone_Width_Help","value":"The width of the file drop zone area."},{"id":null,"key":"CS_Folder_Classes","value":"Folder classes"},{"id":null,"key":"CS_Folder_Classes_Help","value":"A set of folder classes that are displayed when adding new folders. When not set, folder classes are retrieved from the server. The names entered here are displayed to the user, and the values correspond to the symbolic names of each folder class."},{"id":null,"key":"CS_GetContent_OnContentReceived","value":"On content received"},{"id":null,"key":"CS_GetContent_OnContentReceived_Help","value":"An event that is fired when the document content was returned in the response."},{"id":null,"key":"CS_GetContent_OnGetClassAccess","value":"On get class access"},{"id":null,"key":"CS_GetContent_OnGetClassAccess_Help","value":"An event that is fired when the get class access response has returned."},{"id":null,"key":"CS_GetContent_OnPropertiesUpdated","value":"On properties updated"},{"id":null,"key":"CS_GetContent_OnPropertiesUpdated_Help","value":"An event that is fired when the properties have been retrieved and updated in the content item object."},{"id":null,"key":"CS_Height","value":"Height"},{"id":null,"key":"CS_Hide_Time_Picker","value":"Hide time picker when editing date and time values"},{"id":null,"key":"CS_Hide_Time_Picker_Help","value":"When set, hides the interface for editing the time portion of date and time values."},{"id":null,"key":"CS_Modal_OnCancel","value":"On cancel"},{"id":null,"key":"CS_Modal_OnCancel_Help","value":"An event that is fired when the user cancels out of a modal view."},{"id":null,"key":"CS_OK","value":"Ok"},{"id":null,"key":"CS_ObjectStoreName","value":"Repository name"},{"id":null,"key":"CS_ObjectStoreName_Help","value":"Object store name from the Administration Console for Content Platform Engine."},{"id":null,"key":"CS_On_Class_Selected","value":"On class selected"},{"id":null,"key":"CS_On_Class_Selected_Help","value":"The event that is fired when the user selects a class."},{"id":null,"key":"CS_ProgressIndicator_OnClose","value":"On close"},{"id":null,"key":"CS_ProgressIndicator_OnClose_Help","value":"Fired when the progress indicator is closed."},{"id":null,"key":"CS_ProgressIndicator_OnFileRemoved","value":"On file removed"},{"id":null,"key":"CS_ProgressIndicator_OnFileRemoved_Help","value":"Fired when a pending file is removed from the progress indicator"},{"id":null,"key":"CS_PropertyList_Display_Edit","value":"Display buttons for editing property values"},{"id":null,"key":"CS_PropertyList_Display_Edit_Help","value":"Display buttons in a toolbar that enable the users to edit property values."},{"id":null,"key":"CS_PropertyPoller_OnError","value":"On error"},{"id":null,"key":"CS_PropertyPoller_OnError_Help","value":"Fired when an error occurs polling a property."},{"id":null,"key":"CS_PropertyPoller_OnResults","value":"On results"},{"id":null,"key":"CS_PropertyPoller_OnResults_Help","value":"Fired when results are received from a poll requests."},{"id":null,"key":"CS_PropertyPoller_OnStatus","value":"On property information returned"},{"id":null,"key":"CS_PropertyPoller_OnStatus_Help","value":"Fired when data is returned from polling the server for property information."},{"id":null,"key":"CS_Query_ExecuteOnChange","value":"Run search on change"},{"id":null,"key":"CS_Query_ExecuteOnChange_Help","value":"Runs the configured search when the view change event occurs in the component."},{"id":null,"key":"CS_Query_ExecuteOnView","value":"Execute search on view"},{"id":null,"key":"CS_Query_ExecuteOnView_Help","value":"Runs the configured search when the coach view event occurs in the component."},{"id":null,"key":"CS_Query_MaxResults","value":"Maximum results"},{"id":null,"key":"CS_Query_MaxResults_Help","value":"The maximum number of results to return from the query."},{"id":null,"key":"CS_Query_OnError","value":"On error"},{"id":null,"key":"CS_Query_OnError_Help","value":"Fired when an error occurs."},{"id":null,"key":"CS_Query_OnSearchResults","value":"On search results"},{"id":null,"key":"CS_Query_OnSearchResults_Help","value":"Fired when search results are returned from the server."},{"id":null,"key":"CS_Query_ResultProperties","value":"Result properties"},{"id":null,"key":"CS_Query_ResultProperties_Help","value":"Symbolic names of properties returned in the search results."},{"id":null,"key":"CS_Query_SearchValue","value":"Search values"},{"id":null,"key":"CS_Query_SearchValue_Help","value":"The values to search for."},{"id":null,"key":"CS_RepositoryId","value":"Repository ID"},{"id":null,"key":"CS_RepositoryId_Help","value":"The repository ID from IBM Navigator. This value is used by the document viewer."},{"id":null,"key":"CS_Save","value":"Save"},{"id":null,"key":"CS_SelectFiles","value":"Select Files"},{"id":null,"key":"CS_SummaryCard_Details","value":"Details"},{"id":null,"key":"CS_SummaryCard_Details_Help","value":"Displayed in the details section of the summary card."},{"id":null,"key":"CS_SummaryCard_DisplayHelpIcon","value":"Display help icon"},{"id":null,"key":"CS_SummaryCard_DisplayHelpIcon_Help","value":"When checked, displays a help icon in the card."},{"id":null,"key":"CS_SummaryCard_HelpLearnMoreUrl","value":"Help learn more URL"},{"id":null,"key":"CS_SummaryCard_HelpLearnMoreUrl_Help","value":"A link to Learn More information. When set, a button is displayed in the help tooltip that when clicked, displays the page specified in the link."},{"id":null,"key":"CS_SummaryCard_HelpText","value":"Help text"},{"id":null,"key":"CS_SummaryCard_HelpText_Help","value":"Either a message ID or text that is displayed in a tooltip when the user clicks the help icon."},{"id":null,"key":"CS_SummaryCard_OnClick","value":"On click"},{"id":null,"key":"CS_SummaryCard_OnClick_Help","value":"Fired when the summary card is clicked."},{"id":null,"key":"CS_SummaryCard_Title","value":"Title"},{"id":null,"key":"CS_SummaryCard_Title_Help","value":"Displayed as the title of the summary card."},{"id":null,"key":"CS_Upload","value":"Upload"},{"id":null,"key":"CS_UploadContent_OnContentAdded","value":"On content added"},{"id":null,"key":"CS_UploadContent_OnContentAdded_Help","value":"An event that is fired when content is successfully uploaded."},{"id":null,"key":"CS_UploadContent_OnError","value":"On error"},{"id":null,"key":"CS_UploadContent_OnError_Help","value":"An event that is fired when an error occurs uploading content."},{"id":null,"key":"CS_UploadVersion_OnUploadVersion","value":"On upload version"},{"id":null,"key":"CS_UploadVersion_OnUploadVersionHelp","value":"An event that is fired when a new version of the document has been uploaded."},{"id":null,"key":"CS_Width","value":"Width"}]}