{"id":"50.adeae4bd-e860-48f8-8f12-9436f7840773/2064.91e0f284-0db5-4f27-994d-d0f601dabca4","localeLanguage":"nb","localeCountry":"","localeVariant":"","localeDisplayName":"CSResource","resourceBundleKey":[{"id":null,"key":"CS_Add","value":"Add"},{"id":null,"key":"CS_BatchContent_AutomationDocType","value":"Automation document type"},{"id":null,"key":"CS_BatchContent_AutomationDocType_Help","value":"The document type to be used when adding or modifying batch documents. If not specified, the value defaults to DbaCaptureBase."},{"id":null,"key":"CS_BatchContent_OnDocumentCheckedOut","value":"On document checked out"},{"id":null,"key":"CS_BatchContent_OnDocumentCheckedOut_Help","value":"An event that is fired when the document has been checked out."},{"id":null,"key":"CS_BatchContent_OnGetProperties","value":"On get properties"},{"id":null,"key":"CS_BatchContent_OnGetProperties_Help","value":"An event that is fired when the properties have been retrieved."},{"id":null,"key":"CS_BatchContent_OnResubmitBatch","value":"On resubmit batch"},{"id":null,"key":"CS_BatchContent_OnResubmitBatch_Help","value":"An event that is fired when the batch has been resubmitted for processing successfully."},{"id":null,"key":"CS_BatchContent_OnRollbackBatch","value":"On rollback batch"},{"id":null,"key":"CS_BatchContent_OnRollbackBatch_Help","value":"An event that is fired when the batch has been rolled back successfully."},{"id":null,"key":"CS_BatchContent_OnSaveBatch","value":"On save batch"},{"id":null,"key":"CS_BatchContent_OnSaveBatch_Help","value":"An event that is fired when the batch has been saved."},{"id":null,"key":"CS_BatchContent_OnSearchResults","value":"On search results"},{"id":null,"key":"CS_BatchContent_OnSearchResults_Help","value":"An event that is fired when the search results have returned successfully."},{"id":null,"key":"CS_BatchContent_OnUpdateBatch","value":"On update batch"},{"id":null,"key":"CS_BatchContent_OnUpdateBatch_Help","value":"An event that is fired when the batch has been updated."},{"id":null,"key":"CS_BatchContent_OnUpdateProperties","value":"On update properties"},{"id":null,"key":"CS_BatchContent_OnUpdateProperties_Help","value":"An event that is fired when the properties have been updated."},{"id":null,"key":"CS_Cancel","value":"Cancel"},{"id":null,"key":"CS_Class_Selector_Svc_Error","value":"Tjenestefeil"},{"id":null,"key":"CS_Class_Selector_Svc_Error_Help","value":"Utløses når det blir returnert en feil fra anrop av en tjeneste."},{"id":null,"key":"CS_ContentListFilter_Cancel","value":"Cancel"},{"id":null,"key":"CS_ContentListFilter_Filter","value":"Filter"},{"id":null,"key":"CS_ContentListFilter_OnCanceFilter","value":"On cancel"},{"id":null,"key":"CS_ContentListFilter_OnCancelFilter_Help","value":"An event that is fired when the cancel button is clicked."},{"id":null,"key":"CS_ContentListFilter_OnFilter","value":"On filter"},{"id":null,"key":"CS_ContentListFilter_OnFilter_Help","value":"An event that is fired when the filter button is clicked."},{"id":null,"key":"CS_ContentListFilter_TypeName","value":"Type name"},{"id":null,"key":"CS_ContentListFilter_TypeName_Help","value":"Search object type."},{"id":null,"key":"CS_ContentList_AcceptFileTypes","value":"Accepted file types"},{"id":null,"key":"CS_ContentList_AcceptFileTypes_Help","value":"Specify the file type extensions that are allowed when adding new documents (for example, .dotx, .pdf, etc). When not specified, all file types are accepted."},{"id":null,"key":"CS_ContentList_Actions","value":"Handlinger"},{"id":null,"key":"CS_ContentList_AddButton","value":"Legg til"},{"id":null,"key":"CS_ContentList_Advanced","value":"Avansert"},{"id":null,"key":"CS_ContentList_Behavior","value":"Virkemåte"},{"id":null,"key":"CS_ContentList_Columns","value":"Kolonner"},{"id":null,"key":"CS_ContentList_Columns_Help","value":"Kolonnene som skal vises på listen. Angi disse hvis du ønsker dine egne tilpassede kolonneegenskaper. Ellers brukes et standardsett."},{"id":null,"key":"CS_ContentList_ConfigurationProperty","value":"Konfigurasjonsegenskap"},{"id":null,"key":"CS_ContentList_ConfigurationProperty_Help","value":"Navn på en egenskap der konfigurasjonsdata vil bli lagret i JSON-format."},{"id":null,"key":"CS_ContentList_ConfigurationValues","value":"Konfigurasjonsverdier"},{"id":null,"key":"CS_ContentList_ContentItems","value":"Innholdselementer"},{"id":null,"key":"CS_ContentList_ContentItems_Help","value":"Liste over CSDocument-objekter som skal vises. id-egenskapen er den eneste obligatoriske egenskapen for dokumentobjektene."},{"id":null,"key":"CS_ContentList_ControllerProperty","value":"Controller document property"},{"id":null,"key":"CS_ContentList_ControllerProperty_Help","value":"Name of the object value property in the document class that links to the batch controller."},{"id":null,"key":"CS_ContentList_DisableDnDAdd_Help","value":"Velg denne innstillingen for å deaktivere tilføying av dokumenter ved hjelp av dra og slipp."},{"id":null,"key":"CS_ContentList_DisabledValues","value":"Deaktiverte verdier"},{"id":null,"key":"CS_ContentList_DisabledValues_Help","value":"Oppgi egenskapsverdiene som elementhandlingene skal deaktiveres for."},{"id":null,"key":"CS_ContentList_DisplayProgressIndicator","value":"Vis fremdriftsindikator når dokumenter legges til"},{"id":null,"key":"CS_ContentList_DisplayProgressIndicator_Help","value":"Velg dette alternativet for å vise en fremdriftsindikator når dokumenter blir lagt til."},{"id":null,"key":"CS_ContentList_EnableSearchFilter","value":"Enable search filter"},{"id":null,"key":"CS_ContentList_EnableSearchFilter_Help","value":"Displays the search filter component for specifying multiple search parameters to query against and display the results in the list view."},{"id":null,"key":"CS_ContentList_Enable_Polling","value":"Aktiver spørring etter dokumentstatus"},{"id":null,"key":"CS_ContentList_Enable_Polling_Help","value":"Når dette er angitt, brukes spørring til å oppdatere statusen for dokumenter som er lagt til."},{"id":null,"key":"CS_ContentList_ExtraProperties","value":"Extra properties"},{"id":null,"key":"CS_ContentList_ExtraProperties_Help","value":"Specify additional properties that you want returned with the items in the results set."},{"id":null,"key":"CS_ContentList_Filter_Help","value":"=The property values are combined with an AND operator in the search filter."},{"id":null,"key":"CS_ContentList_Folder","value":"Mappe"},{"id":null,"key":"CS_ContentList_FolderId","value":"Mappe-ID"},{"id":null,"key":"CS_ContentList_FolderId_Help","value":"Angi mappe-IDen eller banen for å initialisere innholdslisten med det oppgitte mappeinnholdet. Hvis du angir mappe-IDen, vil det bli prioritert foran søkeinnstillingene."},{"id":null,"key":"CS_ContentList_Height_Help","value":"The height of the content list view window."},{"id":null,"key":"CS_ContentList_HideAction_Help","value":"Velg handlingsinnstillingen hvis du vil fjerne denne handlingen fra rullegardinmenyen."},{"id":null,"key":"CS_ContentList_HideAddDialog","value":"Skjul dialogboksen Legg til når dokumenter legges til"},{"id":null,"key":"CS_ContentList_HideAddDialog_Help","value":"Når dette alternativet er valgt og det er konfigurert en enkelt dokumenttype, blir dokumenter lagt til uten at dialogboksen Legg til dokument blir vist."},{"id":null,"key":"CS_ContentList_HideAddDocument","value":"Skjul Legg til dokument"},{"id":null,"key":"CS_ContentList_HideAddFolder","value":"Skjul Legg til mappe"},{"id":null,"key":"CS_ContentList_HideCancelCheckoutDoc","value":"Skjul Avbryt utsjekking av dokument"},{"id":null,"key":"CS_ContentList_HideCheckoutDocument","value":"Skjul Sjekk ut dokument"},{"id":null,"key":"CS_ContentList_HideCheckoutState","value":"Skjul utsjekkingsstatus"},{"id":null,"key":"CS_ContentList_HideCheckoutState_Help","value":"Velg dette alternativet for å aktivere/deaktivere visning av ikonet for utsjekkingsstatus."},{"id":null,"key":"CS_ContentList_HideDeleteDocument","value":"Skjul Slett dokument"},{"id":null,"key":"CS_ContentList_HideDeleteFolder","value":"Skjul Slett mappe"},{"id":null,"key":"CS_ContentList_HideDownloadDocument","value":"Skjul Last ned dokument"},{"id":null,"key":"CS_ContentList_HideEditDocument","value":"Skjul Rediger dokument"},{"id":null,"key":"CS_ContentList_HideEditDocumentProps","value":"Skjul Rediger dokumentegenskaper"},{"id":null,"key":"CS_ContentList_HideEditFolderProps","value":"Skjul Rediger mappeegenskaper"},{"id":null,"key":"CS_ContentList_HideRefresh","value":"Hide refresh"},{"id":null,"key":"CS_ContentList_HideRenameFolder","value":"Skjul Endre mappenavn"},{"id":null,"key":"CS_ContentList_HideSearchField","value":"Skjul søkefelt"},{"id":null,"key":"CS_ContentList_HideSearchField_Help","value":"Ikke vis søkefeltet. Søkeparametere blir definert i konfigurasjonsinnstillingene."},{"id":null,"key":"CS_ContentList_HideUploadNewVersionDoc","value":"Skjul Last opp ny versjon av dokument"},{"id":null,"key":"CS_ContentList_HideViewDocument","value":"Skjul Vis dokument"},{"id":null,"key":"CS_ContentList_IncludeTimeInDates","value":"Inkluder klokkeslett i datoegenskaper"},{"id":null,"key":"CS_ContentList_IncludeTimeInDates_Help","value":"Vis klokkeslettdel av datoverdi i kolonneegenskapene."},{"id":null,"key":"CS_ContentList_InitialPageSize","value":"Første sidestørrelse"},{"id":null,"key":"CS_ContentList_InitialPageSize_Help","value":"Størrelsen på resultatsettet som returneres for gjengivelse i innholdslisten. Standard sidestørrelse er 20 elementer."},{"id":null,"key":"CS_ContentList_OnActionMenuOpen","value":"On action menu open"},{"id":null,"key":"CS_ContentList_OnActionMenuOpen_Help","value":"An event that is fired when the action menu is about to be opened. Passes a folder object with properties."},{"id":null,"key":"CS_ContentList_OnAdd","value":"Når innhold blir lagt til"},{"id":null,"key":"CS_ContentList_OnAdd_Help","value":"Hendelsen som blir utløst når et dokument eller en mappe blir lagt til. Sender et contentItem-objekt."},{"id":null,"key":"CS_ContentList_OnAllRowsSelected","value":"On all rows selected"},{"id":null,"key":"CS_ContentList_OnAllRowsSelected_Help","value":"This event is called when the user clicks on the Select All checkbox and the content list is in Multiselect mode. The passed parameter \"selected\" indicates whether all or none of the rows are selected."},{"id":null,"key":"CS_ContentList_OnContextMenuOpen","value":"Ved hurtigmenyåpning"},{"id":null,"key":"CS_ContentList_OnContextMenuOpen_Help","value":"En hendelse som blir utløst når hurtigmenyen er i ferd med å bli åpnet. Sender et innholdsobjekt med egenskaper."},{"id":null,"key":"CS_ContentList_OnError","value":"Ved feil"},{"id":null,"key":"CS_ContentList_OnError_Help","value":"Hendelsen som blir sendt ut når det oppstår en tjenestefeil."},{"id":null,"key":"CS_ContentList_OnFileClicked","value":"Når det klikkes på fil"},{"id":null,"key":"CS_ContentList_OnFileClicked_Help","value":"Hendelsen som blir utløst når et dokument blir valgt i hovedkolonnen. Sender et dokumentobjekt med egenskaper."},{"id":null,"key":"CS_ContentList_OnFolderClicked","value":"Når det klikkes på mappe"},{"id":null,"key":"CS_ContentList_OnFolderClicked_Help","value":"Det blir utløst en hendelse når en mappe blir valgt i hovedkolonnen. Sender et mappeobjekt med egenskaper."},{"id":null,"key":"CS_ContentList_OnPollResults","value":"On poll results"},{"id":null,"key":"CS_ContentList_OnPollResults_Help","value":"Fired when a poll result containing document status is received."},{"id":null,"key":"CS_ContentList_OnResults","value":"Når resultater lastes inn"},{"id":null,"key":"CS_ContentList_OnResults_Help","value":"Hendelsen som sendes ut når det er returnert resultater fra en tjeneste. Sender en liste med elementer som ble gjengitt i innholdslisten."},{"id":null,"key":"CS_ContentList_OnRowSelected","value":"Ved rad valgt"},{"id":null,"key":"CS_ContentList_OnRowSelected_Help","value":"Hendelsen som blir utløst når en rad blir valgt ved hjelp av en valgknapp eller avmerkingsboks. Sender tilleggsparameteren: row (row.data.contentItem inneholder dokument- eller mappeobjekt med egenskaper)."},{"id":null,"key":"CS_ContentList_Polling_Exit_Values","value":"Egenskapsverdier for spørreavslutning"},{"id":null,"key":"CS_ContentList_Polling_Exit_Values_Help","value":"Spørringen vil stoppe når dokumentegenskapsverdien som returneres fra spørringen, er en av de konfigurerte verdiene."},{"id":null,"key":"CS_ContentList_Polling_Neg_Exit_Values","value":"Egenskapsverdier for avslutning av negativ spørring"},{"id":null,"key":"CS_ContentList_Polling_Neg_Exit_Values_Help","value":"Spørringen vil stoppe når dokumentegenskapsverdien som returneres fra spørringen, IKKE er en av de konfigurerte verdiene."},{"id":null,"key":"CS_ContentList_Resources","value":"Resources"},{"id":null,"key":"CS_ContentList_Resources_Help","value":"Set to an external resource bundle to pull in localized string resources for the column headers and the property list filter labels."},{"id":null,"key":"CS_ContentList_RootFolderName","value":"Rotmappenavn"},{"id":null,"key":"CS_ContentList_RootFolderName_Help","value":"Rotmappens visningsnavn som skal brukes i stedet for mappenavnet i Content Services-datalageret."},{"id":null,"key":"CS_ContentList_Search","value":"Søk"},{"id":null,"key":"CS_ContentList_SearchFilterProperties","value":"Search filter properties"},{"id":null,"key":"CS_ContentList_SearchFilterProperties_Help","value":"Specify the set of properties you want to query against to populate the list view. The property values are combined with an AND operator in the search filter."},{"id":null,"key":"CS_ContentList_SearchFolderId","value":"Søk i mappe-ID"},{"id":null,"key":"CS_ContentList_SearchFolderId_Help","value":"Mappe-IDen til mappen som det skal søkes i. Dette er en valgfri innstilling som vil begrense søket til den oppgitte mappen. Hvis dette ikke er definert, søkes det i hele objektlageret."},{"id":null,"key":"CS_ContentList_SearchFor","value":"Search for"},{"id":null,"key":"CS_ContentList_SearchFor_Help","value":"Search for document or folder items."},{"id":null,"key":"CS_ContentList_SearchOnlyFolder","value":"Søk bare i denne mappen"},{"id":null,"key":"CS_ContentList_SearchOnlyFolder_Help","value":"Ikke inkluder søk i undermapper."},{"id":null,"key":"CS_ContentList_SearchOperator","value":"Operator"},{"id":null,"key":"CS_ContentList_SearchOperator_Help","value":"Spørreoperatoren du vil bruke, for eksempel Starter med, Slutter med, Likner, Likner ikke, =, <, >, <>, >=, <= osv.)."},{"id":null,"key":"CS_ContentList_SearchProperty","value":"Søkeegenskap"},{"id":null,"key":"CS_ContentList_SearchPropertyCardinality","value":"Kardinalitet for søkeegenskap"},{"id":null,"key":"CS_ContentList_SearchPropertyCardinality_Help","value":"Angir om søkeegenskapen godtar en enkelt eller flere verdier."},{"id":null,"key":"CS_ContentList_SearchPropertyType","value":"Søk i egenskapstype"},{"id":null,"key":"CS_ContentList_SearchPropertyType_Help","value":"Datatypen til søkeegenskapen som er oppgitt."},{"id":null,"key":"CS_ContentList_SearchProperty_Help","value":"Det symbolske egenskapsnavnet på egenskapen du ønsker å søke på."},{"id":null,"key":"CS_ContentList_SearchRootName","value":"Root search name"},{"id":null,"key":"CS_ContentList_SearchRootName_Help","value":"The root search display name to use on the breadcrumb."},{"id":null,"key":"CS_ContentList_SearchTextOptions","value":"Tekstalternativer"},{"id":null,"key":"CS_ContentList_SearchTextOptions_Help","value":"Konfigurer søk til å inkludere en innholdsbasespørring i tillegg til det oppgitte egenskapssøket."},{"id":null,"key":"CS_ContentList_SearchType","value":"Search type"},{"id":null,"key":"CS_ContentList_SearchType_Help","value":"Search for objects of a particular type."},{"id":null,"key":"CS_ContentList_SearchValue","value":"Standardverdi"},{"id":null,"key":"CS_ContentList_SearchValue_Help","value":"Verdien det skal søkes etter. Hvis du lar feltet stå tomt, kan brukerne oppgi en verdi for å starte søket under kjøring."},{"id":null,"key":"CS_ContentList_SecondaryProperty","value":"State secondary property"},{"id":null,"key":"CS_ContentList_SecondaryProperty_Help","value":"Select a property to be used as a custom secondary state property."},{"id":null,"key":"CS_ContentList_SelectionMode","value":"Valgmodus"},{"id":null,"key":"CS_ContentList_SelectionMode_Help","value":"Enkeltvalg, flervalg eller ingen."},{"id":null,"key":"CS_ContentList_ShowCustomState","value":"Vis tilpasset status"},{"id":null,"key":"CS_ContentList_ShowCustomState_Help","value":"Velg dette alternativet for å aktivere/deaktivere visning av ikon for tilpasset status."},{"id":null,"key":"CS_ContentList_SortOrder","value":"Sorteringsrekkefølge"},{"id":null,"key":"CS_ContentList_SortOrder_Help","value":"Standard sorteringsretning, stigende eller synkende."},{"id":null,"key":"CS_ContentList_SortProperty","value":"Sorter på egenskap"},{"id":null,"key":"CS_ContentList_SortProperty_Help","value":"Velg egenskap som resultatsettet skal sorteres på."},{"id":null,"key":"CS_ContentList_StateProperty","value":"Statusegenskap"},{"id":null,"key":"CS_ContentList_StateProperty_Help","value":"Velg en egenskap som skal brukes som en tilpasset statusegenskap."},{"id":null,"key":"CS_ContentList_Status_Polling_Interval","value":"Intervall for statusspørring"},{"id":null,"key":"CS_ContentList_Status_Polling_Interval_Help","value":"Antall sekunder mellom forespørsler om å spørre etter status for dokumenter som er lagt til."},{"id":null,"key":"CS_ContentList_Status_Polling_Property","value":"Egenskap for spørrestatus"},{"id":null,"key":"CS_ContentList_Status_Polling_Property_Help","value":"Egenskap som blir spurt for å få statusen for dokumenter som er lagt til."},{"id":null,"key":"CS_ContentList_Status_Polling_Timeout","value":"Polling timeout per document"},{"id":null,"key":"CS_ContentList_Status_Polling_Timeout_Help","value":"Number of seconds per document after which polling stops if an exit condition is not met."},{"id":null,"key":"CS_ContentList_TableRowHeight","value":"Tabellradhøyde"},{"id":null,"key":"CS_ContentList_TableRowHeight_Help","value":"Innstilling som brukes til å oppgi tabellradhøyden for innholdslisten."},{"id":null,"key":"CS_ContentList_Width_Help","value":"The width of the content list view window."},{"id":null,"key":"CS_ContentLlist_DisableDnDAdd","value":"Deaktiver tilføying med dra og slipp"},{"id":null,"key":"CS_ContentLlist_Polling_Neg_Exit_Values_Help","value":"Spørringen vil stoppe når dokumentegenskapsverdien som returneres fra spørringen, IKKE er en av de konfigurerte verdiene."},{"id":null,"key":"CS_ContentViewer_FitHeight","value":"Tilpass høyde"},{"id":null,"key":"CS_ContentViewer_FitWidth","value":"Tilpass bredde"},{"id":null,"key":"CS_ContentViewer_Height","value":"Høyde"},{"id":null,"key":"CS_ContentViewer_OnLoad","value":"Ved innlasting"},{"id":null,"key":"CS_ContentViewer_Width","value":"Bredde"},{"id":null,"key":"CS_ContestList_MaxAddDocs_Help","value":"Oppgi det største antall dokumenter som brukere kan legge til om gangen. Som standard er det 50. Du kan imidlertid oppgi en maksimalverdi på opptil 300."},{"id":null,"key":"CS_DeleteObject_OnDeleteObject","value":"On delete object"},{"id":null,"key":"CS_DeleteObject_OnDeleteObjectHelp","value":"An event that is fired after the object is deleted."},{"id":null,"key":"CS_DepDocPropertiesProperty","value":"Avhengig dokumentegenskap"},{"id":null,"key":"CS_DepDocPropertiesProperty_Help","value":"Det symbolske navnet på objektverdiegenskapen som peker på dokumentet som inneholder JSON-verdier som skal vises."},{"id":null,"key":"CS_DepDocumentProperties_OnError","value":"Ved feil"},{"id":null,"key":"CS_DepDocumentProperties_OnError_Help","value":"En hendelse som blir utløst når det oppstår en feil ved henting av egenskapsverdier."},{"id":null,"key":"CS_DocumentReference_AddDocMode","value":"Add document mode"},{"id":null,"key":"CS_DocumentReference_AddDocMode_Help","value":"Setting that controls the add document process. Select None for no add support, Add no UI will not display any ui and Add with properties will display the add document dialog."},{"id":null,"key":"CS_DocumentReference_AllowsActions","value":"Enable actions"},{"id":null,"key":"CS_DocumentReference_AllowsActions_Help","value":"Enables the drop down context menu of content management actions in the view component."},{"id":null,"key":"CS_DocumentReference_AllowsRemoveDoc","value":"Enable clear document"},{"id":null,"key":"CS_DocumentReference_AllowsRemoveDoc_Help","value":"Enables the clear document action in the view component. This action only clears the document from the view and does not delete it from the repository."},{"id":null,"key":"CS_DocumentReference_DocumentId","value":"Document ID"},{"id":null,"key":"CS_DocumentReference_DocumentId_Help","value":"The ID of the document you want to load into this view."},{"id":null,"key":"CS_DocumentReference_EnableTitleAction","value":"Enable title click action"},{"id":null,"key":"CS_DocumentReference_EnableTitleAction_Help","value":"Enables the document title text to be clickable and runs the first action in the context menu."},{"id":null,"key":"CS_DocumentReference_HelperText","value":"Helper text"},{"id":null,"key":"CS_DocumentReference_HelperText_Help","value":"Helper text displayed below the input field."},{"id":null,"key":"CS_DocumentReference_HintText","value":"Hint text"},{"id":null,"key":"CS_DocumentReference_HintText_Help","value":"Hint text to display in the field when no document is specified."},{"id":null,"key":"CS_DocumentReference_OnClear","value":"On clear"},{"id":null,"key":"CS_DocumentReference_OnClear_Help","value":"An event that is fired when the user invokes the clear action."},{"id":null,"key":"CS_DocumentReference_ViewMode","value":"View mode"},{"id":null,"key":"CS_DocumentReference_ViewMode_Help","value":"Set to Normal to see the document mime type and title, or set to Thumbnail to see the document thumbnail and title."},{"id":null,"key":"CS_Document_Classes","value":"Dokumentklasser"},{"id":null,"key":"CS_Document_Classes_Help","value":"Det vil bli vist et sett med dokumentklasser når du legger til nye dokumenter. Når det ikke er angitt, blir dokumentklassene hentet fra serveren. Navnene som er oppgitt her, vises for brukeren, og verdiene samsvarer med det symbolske navnet for hver dokumentklasse."},{"id":null,"key":"CS_FileDropZone_AcceptFileTypes","value":"Accepted file types"},{"id":null,"key":"CS_FileDropZone_AcceptFileTypes_Help","value":"Specify the file types that the file drop zone will accept. The files types must be specified as file dot extension strings."},{"id":null,"key":"CS_FileDropZone_DetailMessage","value":"Detail message"},{"id":null,"key":"CS_FileDropZone_DetailMessage_Help","value":"Message string displayed above the file drop zone."},{"id":null,"key":"CS_FileDropZone_DocumentType","value":"Dokumenttype"},{"id":null,"key":"CS_FileDropZone_DocumentType_Help","value":"Dokumenttype som skal brukes når dokumenter legges til. Hvis dette ikke er definert, brukes standard dokumenttype."},{"id":null,"key":"CS_FileDropZone_FolderId_Help","value":"Mappe-ID for mappen der dokumentene vil bli lagt til. Hvis den ikke blir oppgitt, blir dokumentene fjernet (unfiled)."},{"id":null,"key":"CS_FileDropZone_Height_Help","value":"The height of the file drop zone area."},{"id":null,"key":"CS_FileDropZone_MaxAddDoc","value":"Maximum number of documents to add"},{"id":null,"key":"CS_FileDropZone_MaxAddDoc_Help","value":"Specify the maximum number of documents that users can add at a time. The default maximum is 50."},{"id":null,"key":"CS_FileDropZone_MaxDocumentSize","value":"Max document size"},{"id":null,"key":"CS_FileDropZone_MaxDocumentSize_Help","value":"The maximum document size in KB allowed to be added. The size of 0 is unlimited."},{"id":null,"key":"CS_FileDropZone_Width_Help","value":"The width of the file drop zone area."},{"id":null,"key":"CS_Folder_Classes","value":"Mappeklasser"},{"id":null,"key":"CS_Folder_Classes_Help","value":"Det vil bli vist et sett med mappeklasser når du legger til nye mapper. Når det ikke er angitt, blir mappeklassene hentet fra serveren. Navnene som er oppgitt her, vises for brukeren, og verdiene samsvarer med de symbolske navnene for hver mappeklasse."},{"id":null,"key":"CS_GetContent_OnContentReceived","value":"Når innhold blir mottatt"},{"id":null,"key":"CS_GetContent_OnContentReceived_Help","value":"En hendelse som blir utløst når dokumentinnholdet er returnert i svaret."},{"id":null,"key":"CS_GetContent_OnGetClassAccess","value":"On get class access"},{"id":null,"key":"CS_GetContent_OnGetClassAccess_Help","value":"An event that is fired when the get class access response has returned."},{"id":null,"key":"CS_GetContent_OnPropertiesUpdated","value":"On properties updated"},{"id":null,"key":"CS_GetContent_OnPropertiesUpdated_Help","value":"An event that is fired when the properties have been retrieved and updated in the content item object."},{"id":null,"key":"CS_Height","value":"Høyde"},{"id":null,"key":"CS_Hide_Time_Picker","value":"Hide time picker when editing date and time values"},{"id":null,"key":"CS_Hide_Time_Picker_Help","value":"When set, hides the interface for editing the time portion of date and time values."},{"id":null,"key":"CS_Modal_OnCancel","value":"On cancel"},{"id":null,"key":"CS_Modal_OnCancel_Help","value":"An event that is fired when the user cancels out of a modal view."},{"id":null,"key":"CS_OK","value":"Ok"},{"id":null,"key":"CS_ObjectStoreName","value":"Navn på objektlager"},{"id":null,"key":"CS_ObjectStoreName_Help","value":"Navn på objektlager fra Acce-administrasjonsverktøyet."},{"id":null,"key":"CS_On_Class_Selected","value":"Ved klasse valgt"},{"id":null,"key":"CS_On_Class_Selected_Help","value":"Hendelsen som blir utløst når brukeren velger en klasse."},{"id":null,"key":"CS_ProgressIndicator_OnClose","value":"On close"},{"id":null,"key":"CS_ProgressIndicator_OnClose_Help","value":"Fired when the progress indicator is closed."},{"id":null,"key":"CS_ProgressIndicator_OnFileRemoved","value":"On file removed"},{"id":null,"key":"CS_ProgressIndicator_OnFileRemoved_Help","value":"Fired when a pending file is removed from the progress indicator"},{"id":null,"key":"CS_PropertyList_Display_Edit","value":"Vis knapper for redigering av egenskapsverdier"},{"id":null,"key":"CS_PropertyList_Display_Edit_Help","value":"Vis knapper på en verktøylinje som gjør det mulig for brukerne å redigere egenskapsverdier."},{"id":null,"key":"CS_PropertyPoller_OnError","value":"Ved feil"},{"id":null,"key":"CS_PropertyPoller_OnError_Help","value":"Utløses når det oppstår en feil ved spørring om en egenskap."},{"id":null,"key":"CS_PropertyPoller_OnResults","value":"On results"},{"id":null,"key":"CS_PropertyPoller_OnResults_Help","value":"Fired when results are received from a poll requests."},{"id":null,"key":"CS_PropertyPoller_OnStatus","value":"Når egenskapsinformasjon blir returnert"},{"id":null,"key":"CS_PropertyPoller_OnStatus_Help","value":"Utløses når data blir returnert fra spørring til serveren om egenskapsinformasjon."},{"id":null,"key":"CS_Query_ExecuteOnChange","value":"Run search on change"},{"id":null,"key":"CS_Query_ExecuteOnChange_Help","value":"Runs the configured search when the view change event occurs in the component."},{"id":null,"key":"CS_Query_ExecuteOnView","value":"Execute search on view"},{"id":null,"key":"CS_Query_ExecuteOnView_Help","value":"Runs the configured search when the coach view event occurs in the component."},{"id":null,"key":"CS_Query_MaxResults","value":"Maximum results"},{"id":null,"key":"CS_Query_MaxResults_Help","value":"The maximum number of results to return from the query."},{"id":null,"key":"CS_Query_OnError","value":"On error"},{"id":null,"key":"CS_Query_OnError_Help","value":"Fired when an error occurs."},{"id":null,"key":"CS_Query_OnSearchResults","value":"On search results"},{"id":null,"key":"CS_Query_OnSearchResults_Help","value":"Fired when search results are returned from the server."},{"id":null,"key":"CS_Query_ResultProperties","value":"Result properties"},{"id":null,"key":"CS_Query_ResultProperties_Help","value":"Symbolic names of properties returned in the search results."},{"id":null,"key":"CS_Query_SearchValue","value":"Search values"},{"id":null,"key":"CS_Query_SearchValue_Help","value":"The values to search for."},{"id":null,"key":"CS_RepositoryId","value":"Datalager-ID"},{"id":null,"key":"CS_RepositoryId_Help","value":"Datalager-IDen fra IBM Navigator. Denne verdien blir brukt av dokumentvisningsprogrammet."},{"id":null,"key":"CS_Save","value":"Save"},{"id":null,"key":"CS_SelectFiles","value":"Select Files"},{"id":null,"key":"CS_SummaryCard_Details","value":"Details"},{"id":null,"key":"CS_SummaryCard_Details_Help","value":"Displayed in the details section of the summary card."},{"id":null,"key":"CS_SummaryCard_DisplayHelpIcon","value":"Display help icon"},{"id":null,"key":"CS_SummaryCard_DisplayHelpIcon_Help","value":"When checked, displays a help icon in the card."},{"id":null,"key":"CS_SummaryCard_HelpLearnMoreUrl","value":"Help learn more URL"},{"id":null,"key":"CS_SummaryCard_HelpLearnMoreUrl_Help","value":"A link to Learn More information. When set, a button is displayed in the help tooltip that when clicked, displays the page specified in the link."},{"id":null,"key":"CS_SummaryCard_HelpText","value":"Help text"},{"id":null,"key":"CS_SummaryCard_HelpText_Help","value":"Either a message ID or text that is displayed in a tooltip when the user clicks the help icon."},{"id":null,"key":"CS_SummaryCard_OnClick","value":"On click"},{"id":null,"key":"CS_SummaryCard_OnClick_Help","value":"Fired when the summary card is clicked."},{"id":null,"key":"CS_SummaryCard_Title","value":"Title"},{"id":null,"key":"CS_SummaryCard_Title_Help","value":"Displayed as the title of the summary card."},{"id":null,"key":"CS_Upload","value":"Upload"},{"id":null,"key":"CS_UploadContent_OnContentAdded","value":"Når innhold blir lagt til"},{"id":null,"key":"CS_UploadContent_OnContentAdded_Help","value":"En hendelse blir utløst når innhold er lastet opp."},{"id":null,"key":"CS_UploadContent_OnError","value":"Ved feil"},{"id":null,"key":"CS_UploadContent_OnError_Help","value":"En hendelse som blir utløst når det oppstår en feil ved opplasting av innhold."},{"id":null,"key":"CS_UploadVersion_OnUploadVersion","value":"On upload version"},{"id":null,"key":"CS_UploadVersion_OnUploadVersionHelp","value":"An event that is fired when a new version of the document has been uploaded."},{"id":null,"key":"CS_Width","value":"Bredde"}]}