{"id":"50.adeae4bd-e860-48f8-8f12-9436f7840773/2064.91e0f284-0db5-4f27-994d-d0f601dabca4","localeLanguage":"th","localeCountry":"","localeVariant":"","localeDisplayName":"CSResource","resourceBundleKey":[{"id":null,"key":"CS_Add","value":"Add"},{"id":null,"key":"CS_BatchContent_AutomationDocType","value":"Automation document type"},{"id":null,"key":"CS_BatchContent_AutomationDocType_Help","value":"The document type to be used when adding or modifying batch documents. If not specified, the value defaults to DbaCaptureBase."},{"id":null,"key":"CS_BatchContent_OnDocumentCheckedOut","value":"On document checked out"},{"id":null,"key":"CS_BatchContent_OnDocumentCheckedOut_Help","value":"An event that is fired when the document has been checked out."},{"id":null,"key":"CS_BatchContent_OnGetProperties","value":"On get properties"},{"id":null,"key":"CS_BatchContent_OnGetProperties_Help","value":"An event that is fired when the properties have been retrieved."},{"id":null,"key":"CS_BatchContent_OnResubmitBatch","value":"On resubmit batch"},{"id":null,"key":"CS_BatchContent_OnResubmitBatch_Help","value":"An event that is fired when the batch has been resubmitted for processing successfully."},{"id":null,"key":"CS_BatchContent_OnRollbackBatch","value":"On rollback batch"},{"id":null,"key":"CS_BatchContent_OnRollbackBatch_Help","value":"An event that is fired when the batch has been rolled back successfully."},{"id":null,"key":"CS_BatchContent_OnSaveBatch","value":"On save batch"},{"id":null,"key":"CS_BatchContent_OnSaveBatch_Help","value":"An event that is fired when the batch has been saved."},{"id":null,"key":"CS_BatchContent_OnSearchResults","value":"On search results"},{"id":null,"key":"CS_BatchContent_OnSearchResults_Help","value":"An event that is fired when the search results have returned successfully."},{"id":null,"key":"CS_BatchContent_OnUpdateBatch","value":"On update batch"},{"id":null,"key":"CS_BatchContent_OnUpdateBatch_Help","value":"An event that is fired when the batch has been updated."},{"id":null,"key":"CS_BatchContent_OnUpdateProperties","value":"On update properties"},{"id":null,"key":"CS_BatchContent_OnUpdateProperties_Help","value":"An event that is fired when the properties have been updated."},{"id":null,"key":"CS_Cancel","value":"Cancel"},{"id":null,"key":"CS_Class_Selector_Svc_Error","value":"ข้อผิดพลาดเซอร์วิส"},{"id":null,"key":"CS_Class_Selector_Svc_Error_Help","value":"ส่งเมื่อมีข้อผิดพลาดจะถูกส่งกลับจากการเรียกเซอร์วิส"},{"id":null,"key":"CS_ContentListFilter_Cancel","value":"Cancel"},{"id":null,"key":"CS_ContentListFilter_Filter","value":"Filter"},{"id":null,"key":"CS_ContentListFilter_OnCanceFilter","value":"On cancel"},{"id":null,"key":"CS_ContentListFilter_OnCancelFilter_Help","value":"An event that is fired when the cancel button is clicked."},{"id":null,"key":"CS_ContentListFilter_OnFilter","value":"On filter"},{"id":null,"key":"CS_ContentListFilter_OnFilter_Help","value":"An event that is fired when the filter button is clicked."},{"id":null,"key":"CS_ContentListFilter_TypeName","value":"Type name"},{"id":null,"key":"CS_ContentListFilter_TypeName_Help","value":"Search object type."},{"id":null,"key":"CS_ContentList_AcceptFileTypes","value":"Accepted file types"},{"id":null,"key":"CS_ContentList_AcceptFileTypes_Help","value":"Specify the file type extensions that are allowed when adding new documents (for example, .dotx, .pdf, etc). When not specified, all file types are accepted."},{"id":null,"key":"CS_ContentList_Actions","value":"แอ็คชัน"},{"id":null,"key":"CS_ContentList_AddButton","value":"เพิ่ม"},{"id":null,"key":"CS_ContentList_Advanced","value":"ขั้นสูง"},{"id":null,"key":"CS_ContentList_Behavior","value":"ลักษณะการทำงาน"},{"id":null,"key":"CS_ContentList_Columns","value":"คอลัมน์"},{"id":null,"key":"CS_ContentList_Columns_Help","value":"คอลัมน์ที่จะแสดงในรายการ ตั้งค่าเหล่านี้หากคุณต้องการคุณสมบัติคอลัมน์ที่กำหนดเองของคุณ มิฉะนั้นจะใช้ชุดดีฟอลต์"},{"id":null,"key":"CS_ContentList_ConfigurationProperty","value":"คุณสมบัติการกำหนดคอนฟิก"},{"id":null,"key":"CS_ContentList_ConfigurationProperty_Help","value":"ชื่อของคุณสมบัติที่ข้อมูลการกำหนดคอนฟิกจะถูกจัดเก็บในรูปแบบ JSON"},{"id":null,"key":"CS_ContentList_ConfigurationValues","value":"ค่าการกำหนดคอนฟิก"},{"id":null,"key":"CS_ContentList_ContentItems","value":"ไอเท็มเนื้อหา"},{"id":null,"key":"CS_ContentList_ContentItems_Help","value":"รายการของอ็อบเจ็กต์ CSDocument ที่จะแสดง คุณสมบัติ id เป็นคุณสมบัติที่จำเป็นของอ็อบเจ็กต์เอกสาร"},{"id":null,"key":"CS_ContentList_ControllerProperty","value":"Controller document property"},{"id":null,"key":"CS_ContentList_ControllerProperty_Help","value":"Name of the object value property in the document class that links to the batch controller."},{"id":null,"key":"CS_ContentList_DisableDnDAdd_Help","value":"ทำเครื่องหมายการตั้งค่านี้เพื่อปิดใช้งานการเพิ่มเอกสารโดยใช้การลากแล้วปล่อย"},{"id":null,"key":"CS_ContentList_DisabledValues","value":"ค่าที่ปิดใช้งาน"},{"id":null,"key":"CS_ContentList_DisabledValues_Help","value":"ระบุค่าคุณสมบัติที่แอ็คชันไอเท็มจะถูกปิดใช้งาน"},{"id":null,"key":"CS_ContentList_DisplayProgressIndicator","value":"แสดงตัวบ่งชี้ความคืบหน้าเมื่อเพิ่มเอกสาร"},{"id":null,"key":"CS_ContentList_DisplayProgressIndicator_Help","value":"ทำเครื่องหมายอ็อพชันนี้เพื่อแสดงตัวบ่งชี้ความคืบหน้าเมื่อเพิ่มเอกสาร"},{"id":null,"key":"CS_ContentList_EnableSearchFilter","value":"Enable search filter"},{"id":null,"key":"CS_ContentList_EnableSearchFilter_Help","value":"Displays the search filter component for specifying multiple search parameters to query against and display the results in the list view."},{"id":null,"key":"CS_ContentList_Enable_Polling","value":"เปิดใช้งานการทำโพลสำหรัยสถานะเอกสาร"},{"id":null,"key":"CS_ContentList_Enable_Polling_Help","value":"เมื่อตั้งค่าไว้ การทำโพลจะถูกใช้เพื่ออัพเดตสถานะของเอกสารที่เพิ่ม"},{"id":null,"key":"CS_ContentList_ExtraProperties","value":"Extra properties"},{"id":null,"key":"CS_ContentList_ExtraProperties_Help","value":"Specify additional properties that you want returned with the items in the results set."},{"id":null,"key":"CS_ContentList_Filter_Help","value":"=The property values are combined with an AND operator in the search filter."},{"id":null,"key":"CS_ContentList_Folder","value":"โฟลเดอร์"},{"id":null,"key":"CS_ContentList_FolderId","value":"ID โฟลเดอร์"},{"id":null,"key":"CS_ContentList_FolderId_Help","value":"ตั้งค่า ID โฟลเดอร์หรือพาธเพื่อเตรียมข้อมูลรายการเนื้อหาพร้อมเนื้อหาโฟลเดอร์ที่ระบุ การตั้งค่า ID โฟลเดอร์จะมีความสำคัญเหนือกว่าการตั้งค่าการค้นหา"},{"id":null,"key":"CS_ContentList_Height_Help","value":"The height of the content list view window."},{"id":null,"key":"CS_ContentList_HideAction_Help","value":"ทำเครื่องหมายการตั้งค่าแอ็คชันเมื่อคุณต้องการลบแอ็คชันนี้ออกจากเมนูดร็อปดาวน์"},{"id":null,"key":"CS_ContentList_HideAddDialog","value":"ซ่อนไดอะล็อก เพิ่ม เมื่อเพิ่มเอกสาร"},{"id":null,"key":"CS_ContentList_HideAddDialog_Help","value":"เมื่อเลือกอ็อพชันนี้และกำหนดคอนฟิกชนิดเอกสารเดี่ยวไว้ เอกสารจะถูกเพิ่มโดยไม่แสดงไดอะล็อก เพิ่มเอกสาร"},{"id":null,"key":"CS_ContentList_HideAddDocument","value":"ซ่อนการเพิ่มเอกสาร"},{"id":null,"key":"CS_ContentList_HideAddFolder","value":"ซ่อนการเพิ่มโฟลเดอร์"},{"id":null,"key":"CS_ContentList_HideCancelCheckoutDoc","value":"ซ่อนการยกเลิกการเช็กเอาต์เอกสาร"},{"id":null,"key":"CS_ContentList_HideCheckoutDocument","value":"ซ่อนการเช็กเอาต์เอกสาร"},{"id":null,"key":"CS_ContentList_HideCheckoutState","value":"ซ่อนสภาวะการเช็กเอาต์"},{"id":null,"key":"CS_ContentList_HideCheckoutState_Help","value":"เลือกอ็อพชันนี้เพื่อ เปิดใช้งาน/ปิดใช้งาน การแสดงไอคอนสภาวะการเช็กเอาต์"},{"id":null,"key":"CS_ContentList_HideDeleteDocument","value":"ซ่อนการลบเอกสาร"},{"id":null,"key":"CS_ContentList_HideDeleteFolder","value":"ซ่อนการลบโฟลเดอร์"},{"id":null,"key":"CS_ContentList_HideDownloadDocument","value":"ซ่อนการดาวน์โหลดเอกสาร"},{"id":null,"key":"CS_ContentList_HideEditDocument","value":"ซ่อนการแก้ไขเอกสาร"},{"id":null,"key":"CS_ContentList_HideEditDocumentProps","value":"ซ่อนการแก้ไขคุณสมบัติเอกสาร"},{"id":null,"key":"CS_ContentList_HideEditFolderProps","value":"ซ่อนการแก้ไขคุณสมบัติโฟลเดอร์"},{"id":null,"key":"CS_ContentList_HideRefresh","value":"Hide refresh"},{"id":null,"key":"CS_ContentList_HideRenameFolder","value":"ซ่อนเปลี่ยนชื่อโฟลเดอร์"},{"id":null,"key":"CS_ContentList_HideSearchField","value":"ซ่อนการค้นหาฟิลด์"},{"id":null,"key":"CS_ContentList_HideSearchField_Help","value":"ไม่ต้องแสดงฟิลด์ค้นหา พารามิเตอร์ค้นหาถูกกำหนดไว้ในการตั้งค่าการกำหนดคอนฟิก"},{"id":null,"key":"CS_ContentList_HideUploadNewVersionDoc","value":"ซ่อนอัพโหลดเอกสารเวอร์ชันใหม่"},{"id":null,"key":"CS_ContentList_HideViewDocument","value":"ซ่อนการดูเอกสาร"},{"id":null,"key":"CS_ContentList_IncludeTimeInDates","value":"รวมเวลาในคุณสมบัติวันที่"},{"id":null,"key":"CS_ContentList_IncludeTimeInDates_Help","value":"แสดงส่วนเวลาของค่าวันที่ในคุณสมบัติคอลัมน์"},{"id":null,"key":"CS_ContentList_InitialPageSize","value":"ขนาดเพจเริ่มต้น"},{"id":null,"key":"CS_ContentList_InitialPageSize_Help","value":"ขนาดของชุดผลลัพธ์ที่ส่งคืนสำหรับการเรนเดอร์ในรายการเนื้อหา ขนาดเพจดีฟอลต์คือ 20 ไอเท็ม"},{"id":null,"key":"CS_ContentList_OnActionMenuOpen","value":"On action menu open"},{"id":null,"key":"CS_ContentList_OnActionMenuOpen_Help","value":"An event that is fired when the action menu is about to be opened. Passes a folder object with properties."},{"id":null,"key":"CS_ContentList_OnAdd","value":"เมื่อเพิ่มเนื้อหา"},{"id":null,"key":"CS_ContentList_OnAdd_Help","value":"เหตุการณ์ที่ส่งเมื่อเพิ่มเอกสารหรือโฟลเดอร์ ส่งผ่านอ็อบเจ็กต์ contentItem"},{"id":null,"key":"CS_ContentList_OnAllRowsSelected","value":"On all rows selected"},{"id":null,"key":"CS_ContentList_OnAllRowsSelected_Help","value":"This event is called when the user clicks on the Select All checkbox and the content list is in Multiselect mode. The passed parameter \"selected\" indicates whether all or none of the rows are selected."},{"id":null,"key":"CS_ContentList_OnContextMenuOpen","value":"เมื่อเปิดเมนูบริบท"},{"id":null,"key":"CS_ContentList_OnContextMenuOpen_Help","value":"เหตุการณ์ที่ส่งเมื่อเมนูบริบทถูกเปิดขึ้นมา ส่งผ่านอ็อบเจ็กต์เนื้อหาพร้อมคุณสมบัติ"},{"id":null,"key":"CS_ContentList_OnError","value":"เมื่อผิดพลาด"},{"id":null,"key":"CS_ContentList_OnError_Help","value":"เหตุการณ์ที่ส่งออกเมื่อมีข้อผิดพลาดของเซอร์วิส"},{"id":null,"key":"CS_ContentList_OnFileClicked","value":"เมื่อคลิกไฟล์"},{"id":null,"key":"CS_ContentList_OnFileClicked_Help","value":"เหตุการณ์ที่ส่งเมื่อเอกสารถูกเลือกในคอลัมน์หลัก ส่งอ็อบเจ็กต์เอกสารพร้อมคุณสมบัติ"},{"id":null,"key":"CS_ContentList_OnFolderClicked","value":"เมื่อคลิกโฟลเดอร์"},{"id":null,"key":"CS_ContentList_OnFolderClicked_Help","value":"เหตุการณ์ที่ส่งเมื่อเลือกโฟลเดอร์ในคอลัมน์หลัก ส่งอ็อบเจ็กต์โฟลเดอร์พร้อมคุณสมบัติ"},{"id":null,"key":"CS_ContentList_OnPollResults","value":"On poll results"},{"id":null,"key":"CS_ContentList_OnPollResults_Help","value":"Fired when a poll result containing document status is received."},{"id":null,"key":"CS_ContentList_OnResults","value":"เมื่อโหลดผลลัพธ์"},{"id":null,"key":"CS_ContentList_OnResults_Help","value":"เหตุการณ์ที่ส่งออกเมื่อผลลัพธ์ถูกคืนค่าจากเซอร์วิส ส่งผ่านรายการของไอเท็มที่ถูกเรนเดอร์ในรายการเนื้อหา"},{"id":null,"key":"CS_ContentList_OnRowSelected","value":"เมื่อเลือกแถว"},{"id":null,"key":"CS_ContentList_OnRowSelected_Help","value":"เหตุการณ์ที่ส่งเมื่อเลือกแถวโดยใช้ปุ่มวิทยุหรือเช็กบ็อกซ์ ส่งพารามิเตอร์เพิ่มเติม: แถว (row.data.contentItem เก็บอ็อบเจ็กต์เอกสารหรือโฟลเดอร์พร้อมคุณสมบัติ)"},{"id":null,"key":"CS_ContentList_Polling_Exit_Values","value":"ค่าคุณสมบัติการออกโพล"},{"id":null,"key":"CS_ContentList_Polling_Exit_Values_Help","value":"การทำโพลจะหยุดเมื่อค่าคุณสมบัติเอกสารที่ส่งคืนจากการทำโพลเป็นหนึ่งในค่าที่กำหนดคอนฟิก"},{"id":null,"key":"CS_ContentList_Polling_Neg_Exit_Values","value":"ค่าคุณสมบัติการออกโพลเชิงลบ"},{"id":null,"key":"CS_ContentList_Polling_Neg_Exit_Values_Help","value":"การทำโพลจะหยุดเมื่อค่าคุณสมบัติเอกสารที่ส่งคืนจากการทำโพลไม่ใช่หนึ่งในค่าที่กำหนดคอนฟิก"},{"id":null,"key":"CS_ContentList_Resources","value":"Resources"},{"id":null,"key":"CS_ContentList_Resources_Help","value":"Set to an external resource bundle to pull in localized string resources for the column headers and the property list filter labels."},{"id":null,"key":"CS_ContentList_RootFolderName","value":"ชื่อโฟลเดอร์รูท"},{"id":null,"key":"CS_ContentList_RootFolderName_Help","value":"ชื่อที่แสดงของโฟลเดอร์รูทที่จะใช้แทนชื่อโฟลเดอร์ในที่เก็บ Content Services"},{"id":null,"key":"CS_ContentList_Search","value":"การค้นหา"},{"id":null,"key":"CS_ContentList_SearchFilterProperties","value":"Search filter properties"},{"id":null,"key":"CS_ContentList_SearchFilterProperties_Help","value":"Specify the set of properties you want to query against to populate the list view. The property values are combined with an AND operator in the search filter."},{"id":null,"key":"CS_ContentList_SearchFolderId","value":"ค้นหาใน ID โฟลเดอร์"},{"id":null,"key":"CS_ContentList_SearchFolderId_Help","value":"ID โฟลเดอร์ของโฟลเดอร์ที่เริ่มต้นการค้นหา นี่เป็นการตั้งค่าเสริมที่จะจำกัดการค้นหาไปยังโฟลเดอร์ที่ระบุ หากไม่ได้ตั้งค่า ที่เก็บอ็อบเจ็กต์ทั้งหมดจะถูกค้นหา"},{"id":null,"key":"CS_ContentList_SearchFor","value":"Search for"},{"id":null,"key":"CS_ContentList_SearchFor_Help","value":"Search for document or folder items."},{"id":null,"key":"CS_ContentList_SearchOnlyFolder","value":"ค้นหาเฉพาะโฟลเดอร์นี้"},{"id":null,"key":"CS_ContentList_SearchOnlyFolder_Help","value":"ไม่ต้องรวมการค้นหาโฟลเดอร์ย่อย"},{"id":null,"key":"CS_ContentList_SearchOperator","value":"ตัวดำเนินการ"},{"id":null,"key":"CS_ContentList_SearchOperator_Help","value":"ตัวดำเนินการเคียวรีที่คุณต้องการใช้ เช่น ขั้นต้นด้วย, ลงท้ายด้วย, เหมือนกับ, ไม่เหมือนกับ, =, <, >, <>, >=, <=, ฯลฯ)"},{"id":null,"key":"CS_ContentList_SearchProperty","value":"คุณสมบัติการค้นหา"},{"id":null,"key":"CS_ContentList_SearchPropertyCardinality","value":"คาร์ดินัลลิตี้ของคุณสมบัติการค้นหา"},{"id":null,"key":"CS_ContentList_SearchPropertyCardinality_Help","value":"ระบุว่าคุณสมบัติการค้นหาเป็นค่าเดียวหรือหลายค่า"},{"id":null,"key":"CS_ContentList_SearchPropertyType","value":"ค้นหาชนิดคุณสมบัติ"},{"id":null,"key":"CS_ContentList_SearchPropertyType_Help","value":"ชนิดข้อมูลของคุณสมบัติการค้นหาถูกระบุไว้แล้ว"},{"id":null,"key":"CS_ContentList_SearchProperty_Help","value":"ชื่อคุณสมบัติเชิงสัญลักษณ์ของคุณสมบัติที่คุณต้องการค้นหา"},{"id":null,"key":"CS_ContentList_SearchRootName","value":"Root search name"},{"id":null,"key":"CS_ContentList_SearchRootName_Help","value":"The root search display name to use on the breadcrumb."},{"id":null,"key":"CS_ContentList_SearchTextOptions","value":"อ็อพชันข้อความ"},{"id":null,"key":"CS_ContentList_SearchTextOptions_Help","value":"กำหนดคอนฟิกการค้นหาให้รวมเคียวรีฐานเนื้อหานอกเหนือจากการค้นหาคุณสมบัติที่ระบุ"},{"id":null,"key":"CS_ContentList_SearchType","value":"Search type"},{"id":null,"key":"CS_ContentList_SearchType_Help","value":"Search for objects of a particular type."},{"id":null,"key":"CS_ContentList_SearchValue","value":"ค่าดีฟอลต์"},{"id":null,"key":"CS_ContentList_SearchValue_Help","value":"ค่าที่ค้นหา หากปล่อยวางไว้ ผู้ใช้สามารถป้อนค่าเพื่อเรียกใช้การค้นหาเมื่อรันไทม์"},{"id":null,"key":"CS_ContentList_SecondaryProperty","value":"State secondary property"},{"id":null,"key":"CS_ContentList_SecondaryProperty_Help","value":"Select a property to be used as a custom secondary state property."},{"id":null,"key":"CS_ContentList_SelectionMode","value":"โหมดการเลือก"},{"id":null,"key":"CS_ContentList_SelectionMode_Help","value":"เลือกรายการเดี่ยว, เลือกหลายรายการ หรือไม่เลือก"},{"id":null,"key":"CS_ContentList_ShowCustomState","value":"แสดงสภาวะแบบกำหนดเอง"},{"id":null,"key":"CS_ContentList_ShowCustomState_Help","value":"เลือกอ็อพชันนี้เพื่อ เปิดใช้งาน/ปิดใช้งาน การแสดงไอคอนสภาวะแบบกำหนดเอง"},{"id":null,"key":"CS_ContentList_SortOrder","value":"ลำดับการจัดเรียง"},{"id":null,"key":"CS_ContentList_SortOrder_Help","value":"ทิศทางการเรียงลำดับดีฟอลต์, จากน้อยไปมากหรือจากมากไปน้อย"},{"id":null,"key":"CS_ContentList_SortProperty","value":"เรียงตามคุณสมบัติ"},{"id":null,"key":"CS_ContentList_SortProperty_Help","value":"เลือกคุณสมบัติที่ต้องการใช้เพื่อเรียงลำดับชุดผลลัพธ์"},{"id":null,"key":"CS_ContentList_StateProperty","value":"คุณสมบัติสภาวะ"},{"id":null,"key":"CS_ContentList_StateProperty_Help","value":"เลือกคุณสมบัติที่จะใช้เป็นคุณสมบัติสภาวะแบบกำหนดเอง"},{"id":null,"key":"CS_ContentList_Status_Polling_Interval","value":"ช่วงเวลาการทำโพลสถานะ"},{"id":null,"key":"CS_ContentList_Status_Polling_Interval_Help","value":"จำนวนวินาทีระหว่างคำขอถึงการทำโพลสำหรับสถานะของเอกสารที่เพิ่ม"},{"id":null,"key":"CS_ContentList_Status_Polling_Property","value":"คุณสมบัติสถานะการทำโพล"},{"id":null,"key":"CS_ContentList_Status_Polling_Property_Help","value":"คุณสมบัติที่ทำโพลเพื่อรับสถานะของเอกสารที่เพิ่มเข้ามา"},{"id":null,"key":"CS_ContentList_Status_Polling_Timeout","value":"Polling timeout per document"},{"id":null,"key":"CS_ContentList_Status_Polling_Timeout_Help","value":"Number of seconds per document after which polling stops if an exit condition is not met."},{"id":null,"key":"CS_ContentList_TableRowHeight","value":"ความสูงแถวของตาราง"},{"id":null,"key":"CS_ContentList_TableRowHeight_Help","value":"การตั้งค่าที่ใช้เพื่อระบุความสูงแถวของตารางรายการเนื้อหา"},{"id":null,"key":"CS_ContentList_Width_Help","value":"The width of the content list view window."},{"id":null,"key":"CS_ContentLlist_DisableDnDAdd","value":"ปิดใช้งานการเพิ่มแบบลากแล้วปล่อย"},{"id":null,"key":"CS_ContentLlist_Polling_Neg_Exit_Values_Help","value":"การทำโพลจะหยุดเมื่อค่าคุณสมบัติเอกสารที่ส่งคืนจากการทำโพลไม่ใช่หนึ่งในค่าที่กำหนดคอนฟิก"},{"id":null,"key":"CS_ContentViewer_FitHeight","value":"พอดีความสูง"},{"id":null,"key":"CS_ContentViewer_FitWidth","value":"พอดีความกว้าง"},{"id":null,"key":"CS_ContentViewer_Height","value":"ความสูง"},{"id":null,"key":"CS_ContentViewer_OnLoad","value":"เมื่อโหลด"},{"id":null,"key":"CS_ContentViewer_Width","value":"ความกว้าง"},{"id":null,"key":"CS_ContestList_MaxAddDocs_Help","value":"ระบุจำนวนเอกสารสูงสุดที่ผู้ใช้สามารถเพิ่มในหนึ่งครั้ง ค่าสูงสุดดีฟอลต์คือ 50 อย่างไรก็ตาม คุณสามารถตั้งค่าสูงสุดได้ถึง 300"},{"id":null,"key":"CS_DeleteObject_OnDeleteObject","value":"On delete object"},{"id":null,"key":"CS_DeleteObject_OnDeleteObjectHelp","value":"An event that is fired after the object is deleted."},{"id":null,"key":"CS_DepDocPropertiesProperty","value":"คุณสมบัติเอกสารที่ต้องพึ่งพา"},{"id":null,"key":"CS_DepDocPropertiesProperty_Help","value":"ชื่อสัญลักษณ์ของคุณสมบัติค่าอ็อบเจ็กต์ที่ชี้ไปที่เอกสารที่มีค่า JSON ที่ต้องถูกแสดง"},{"id":null,"key":"CS_DepDocumentProperties_OnError","value":"เมื่อผิดพลาด"},{"id":null,"key":"CS_DepDocumentProperties_OnError_Help","value":"เหตุการณ์ที่ส่งเมื่อเกิดข้อผิดพลาดในการเรียกค้นค่าคุณสมบัติ"},{"id":null,"key":"CS_DocumentReference_AddDocMode","value":"Add document mode"},{"id":null,"key":"CS_DocumentReference_AddDocMode_Help","value":"Setting that controls the add document process. Select None for no add support, Add no UI will not display any ui and Add with properties will display the add document dialog."},{"id":null,"key":"CS_DocumentReference_AllowsActions","value":"Enable actions"},{"id":null,"key":"CS_DocumentReference_AllowsActions_Help","value":"Enables the drop down context menu of content management actions in the view component."},{"id":null,"key":"CS_DocumentReference_AllowsRemoveDoc","value":"Enable clear document"},{"id":null,"key":"CS_DocumentReference_AllowsRemoveDoc_Help","value":"Enables the clear document action in the view component. This action only clears the document from the view and does not delete it from the repository."},{"id":null,"key":"CS_DocumentReference_DocumentId","value":"Document ID"},{"id":null,"key":"CS_DocumentReference_DocumentId_Help","value":"The ID of the document you want to load into this view."},{"id":null,"key":"CS_DocumentReference_EnableTitleAction","value":"Enable title click action"},{"id":null,"key":"CS_DocumentReference_EnableTitleAction_Help","value":"Enables the document title text to be clickable and runs the first action in the context menu."},{"id":null,"key":"CS_DocumentReference_HelperText","value":"Helper text"},{"id":null,"key":"CS_DocumentReference_HelperText_Help","value":"Helper text displayed below the input field."},{"id":null,"key":"CS_DocumentReference_HintText","value":"Hint text"},{"id":null,"key":"CS_DocumentReference_HintText_Help","value":"Hint text to display in the field when no document is specified."},{"id":null,"key":"CS_DocumentReference_OnClear","value":"On clear"},{"id":null,"key":"CS_DocumentReference_OnClear_Help","value":"An event that is fired when the user invokes the clear action."},{"id":null,"key":"CS_DocumentReference_ViewMode","value":"View mode"},{"id":null,"key":"CS_DocumentReference_ViewMode_Help","value":"Set to Normal to see the document mime type and title, or set to Thumbnail to see the document thumbnail and title."},{"id":null,"key":"CS_Document_Classes","value":"คลาสเอกสาร"},{"id":null,"key":"CS_Document_Classes_Help","value":"ชุดของคลาสเอกสารที่จะถูกแสดงเมื่อเพิ่มเอกสารใหม่ เมื่อไม่ตั้งค่า คลาสเอกสารจะถูกเรียกค้นจากเซิร์ฟเวอร์ ชื่อที่พิมพ์ที่นี่จะถูกแสดงให้กับผู้ใช้ ค่าสอดคล้องกับชื่อสัญลักษณ์ของแต่ละคลาสเอกสาร"},{"id":null,"key":"CS_FileDropZone_AcceptFileTypes","value":"Accepted file types"},{"id":null,"key":"CS_FileDropZone_AcceptFileTypes_Help","value":"Specify the file types that the file drop zone will accept. The files types must be specified as file dot extension strings."},{"id":null,"key":"CS_FileDropZone_DetailMessage","value":"Detail message"},{"id":null,"key":"CS_FileDropZone_DetailMessage_Help","value":"Message string displayed above the file drop zone."},{"id":null,"key":"CS_FileDropZone_DocumentType","value":"ชนิดเอกสาร"},{"id":null,"key":"CS_FileDropZone_DocumentType_Help","value":"ชนิดเอกสารที่ใช้เมื่อเพิ่มเอกสาร หากไม่ตั้งค่า จะใช้ชนิดเอกสารดีฟอลต์"},{"id":null,"key":"CS_FileDropZone_FolderId_Help","value":"id โฟลเดอร์ของโฟลเดอร์ที่จะเพิ่มเอกสารเข้าไป หากไม่ระบุ เอกสารจะถูกแยก"},{"id":null,"key":"CS_FileDropZone_Height_Help","value":"The height of the file drop zone area."},{"id":null,"key":"CS_FileDropZone_MaxAddDoc","value":"Maximum number of documents to add"},{"id":null,"key":"CS_FileDropZone_MaxAddDoc_Help","value":"Specify the maximum number of documents that users can add at a time. The default maximum is 50."},{"id":null,"key":"CS_FileDropZone_MaxDocumentSize","value":"Max document size"},{"id":null,"key":"CS_FileDropZone_MaxDocumentSize_Help","value":"The maximum document size in KB allowed to be added. The size of 0 is unlimited."},{"id":null,"key":"CS_FileDropZone_Width_Help","value":"The width of the file drop zone area."},{"id":null,"key":"CS_Folder_Classes","value":"คลาสโฟลเดอร์"},{"id":null,"key":"CS_Folder_Classes_Help","value":"ชุดของคลาสโฟลเดอร์จะถูกแสดงเมื่อเพิ่มโฟลเดอร์ใหม่ เมื่อไม่ได้ตั้งค่า คลาสโฟลเดอร์จะถูกเรียกค้นจากเซิร์ฟเวอร์ ชื่อที่พิมพ์ที่นี่จะถูกแสดงให้กับผู้ใช้ ค่าสอดคล้องกับชื่อสัญลักษณ์ของแต่ละคลาสโฟลเดอร์"},{"id":null,"key":"CS_GetContent_OnContentReceived","value":"เมื่อได้รับเนื้อหา"},{"id":null,"key":"CS_GetContent_OnContentReceived_Help","value":"เหตุการณ์ถูกส่งเมื่อเนื้อหาเอกสารถูกส่งคืนในการตอบกลับ"},{"id":null,"key":"CS_GetContent_OnGetClassAccess","value":"On get class access"},{"id":null,"key":"CS_GetContent_OnGetClassAccess_Help","value":"An event that is fired when the get class access response has returned."},{"id":null,"key":"CS_GetContent_OnPropertiesUpdated","value":"On properties updated"},{"id":null,"key":"CS_GetContent_OnPropertiesUpdated_Help","value":"An event that is fired when the properties have been retrieved and updated in the content item object."},{"id":null,"key":"CS_Height","value":"ความสูง"},{"id":null,"key":"CS_Hide_Time_Picker","value":"Hide time picker when editing date and time values"},{"id":null,"key":"CS_Hide_Time_Picker_Help","value":"When set, hides the interface for editing the time portion of date and time values."},{"id":null,"key":"CS_Modal_OnCancel","value":"On cancel"},{"id":null,"key":"CS_Modal_OnCancel_Help","value":"An event that is fired when the user cancels out of a modal view."},{"id":null,"key":"CS_OK","value":"Ok"},{"id":null,"key":"CS_ObjectStoreName","value":"ชื่อที่เก็บอ็อบเจ็กต์"},{"id":null,"key":"CS_ObjectStoreName_Help","value":"ชื่อที่เก็บอ็อบเจ็กต์จากเครื่องมือการควบคุมดูแล Acce"},{"id":null,"key":"CS_On_Class_Selected","value":"เมื่อเลือกคลาส"},{"id":null,"key":"CS_On_Class_Selected_Help","value":"เหตุการณ์ที่ส่งเมื่อผู้ใช้เลือกคลาส"},{"id":null,"key":"CS_ProgressIndicator_OnClose","value":"On close"},{"id":null,"key":"CS_ProgressIndicator_OnClose_Help","value":"Fired when the progress indicator is closed."},{"id":null,"key":"CS_ProgressIndicator_OnFileRemoved","value":"On file removed"},{"id":null,"key":"CS_ProgressIndicator_OnFileRemoved_Help","value":"Fired when a pending file is removed from the progress indicator"},{"id":null,"key":"CS_PropertyList_Display_Edit","value":"แสดงปุ่มสำหรับแก้ไขค่าคุณสมบัติ"},{"id":null,"key":"CS_PropertyList_Display_Edit_Help","value":"แสดงปุ่มในแถบเครื่องมือที่ช่วยให้ผู้ใช้แก้ไขค่าคุณสมบัติ"},{"id":null,"key":"CS_PropertyPoller_OnError","value":"เมื่อผิดพลาด"},{"id":null,"key":"CS_PropertyPoller_OnError_Help","value":"ส่งเมื่อเกิดข้อผิดพลาดในการทำโพลคุณสมบัติ"},{"id":null,"key":"CS_PropertyPoller_OnResults","value":"On results"},{"id":null,"key":"CS_PropertyPoller_OnResults_Help","value":"Fired when results are received from a poll requests."},{"id":null,"key":"CS_PropertyPoller_OnStatus","value":"เมื่อส่งคืนข้อมูลคุณสมบัติ"},{"id":null,"key":"CS_PropertyPoller_OnStatus_Help","value":"ส่งเมื่อข้อมูลถูกส่งคืนสร้างการทำโพลเซิร์ฟเวอร์สำหรับข้อมูลคุณสมบัติ"},{"id":null,"key":"CS_Query_ExecuteOnChange","value":"Run search on change"},{"id":null,"key":"CS_Query_ExecuteOnChange_Help","value":"Runs the configured search when the view change event occurs in the component."},{"id":null,"key":"CS_Query_ExecuteOnView","value":"Execute search on view"},{"id":null,"key":"CS_Query_ExecuteOnView_Help","value":"Runs the configured search when the coach view event occurs in the component."},{"id":null,"key":"CS_Query_MaxResults","value":"Maximum results"},{"id":null,"key":"CS_Query_MaxResults_Help","value":"The maximum number of results to return from the query."},{"id":null,"key":"CS_Query_OnError","value":"On error"},{"id":null,"key":"CS_Query_OnError_Help","value":"Fired when an error occurs."},{"id":null,"key":"CS_Query_OnSearchResults","value":"On search results"},{"id":null,"key":"CS_Query_OnSearchResults_Help","value":"Fired when search results are returned from the server."},{"id":null,"key":"CS_Query_ResultProperties","value":"Result properties"},{"id":null,"key":"CS_Query_ResultProperties_Help","value":"Symbolic names of properties returned in the search results."},{"id":null,"key":"CS_Query_SearchValue","value":"Search values"},{"id":null,"key":"CS_Query_SearchValue_Help","value":"The values to search for."},{"id":null,"key":"CS_RepositoryId","value":"ID ที่เก็บ"},{"id":null,"key":"CS_RepositoryId_Help","value":"ID ที่เก็บจาก IBM Navigator ค่านี้ถูกใช้โดยวิวเวอร์เอกสาร"},{"id":null,"key":"CS_Save","value":"Save"},{"id":null,"key":"CS_SelectFiles","value":"Select Files"},{"id":null,"key":"CS_SummaryCard_Details","value":"Details"},{"id":null,"key":"CS_SummaryCard_Details_Help","value":"Displayed in the details section of the summary card."},{"id":null,"key":"CS_SummaryCard_DisplayHelpIcon","value":"Display help icon"},{"id":null,"key":"CS_SummaryCard_DisplayHelpIcon_Help","value":"When checked, displays a help icon in the card."},{"id":null,"key":"CS_SummaryCard_HelpLearnMoreUrl","value":"Help learn more URL"},{"id":null,"key":"CS_SummaryCard_HelpLearnMoreUrl_Help","value":"A link to Learn More information. When set, a button is displayed in the help tooltip that when clicked, displays the page specified in the link."},{"id":null,"key":"CS_SummaryCard_HelpText","value":"Help text"},{"id":null,"key":"CS_SummaryCard_HelpText_Help","value":"Either a message ID or text that is displayed in a tooltip when the user clicks the help icon."},{"id":null,"key":"CS_SummaryCard_OnClick","value":"On click"},{"id":null,"key":"CS_SummaryCard_OnClick_Help","value":"Fired when the summary card is clicked."},{"id":null,"key":"CS_SummaryCard_Title","value":"Title"},{"id":null,"key":"CS_SummaryCard_Title_Help","value":"Displayed as the title of the summary card."},{"id":null,"key":"CS_Upload","value":"Upload"},{"id":null,"key":"CS_UploadContent_OnContentAdded","value":"เมื่อเพิ่มเนื้อหา"},{"id":null,"key":"CS_UploadContent_OnContentAdded_Help","value":"เหตุการณ์ที่ส่งเมื่ออัพโหลดเนื้อหาเสร็จสมบูรณ์"},{"id":null,"key":"CS_UploadContent_OnError","value":"เมื่อผิดพลาด"},{"id":null,"key":"CS_UploadContent_OnError_Help","value":"เหตุการณ์ที่ส่งเมื่อเกิดข้อผิดพลาดในการอัพโหลดเนื้อหา"},{"id":null,"key":"CS_UploadVersion_OnUploadVersion","value":"On upload version"},{"id":null,"key":"CS_UploadVersion_OnUploadVersionHelp","value":"An event that is fired when a new version of the document has been uploaded."},{"id":null,"key":"CS_Width","value":"ความกว้าง"}]}