{"id":"50.adeae4bd-e860-48f8-8f12-9436f7840773/2064.91e0f284-0db5-4f27-994d-d0f601dabca4","localeLanguage":"cs","localeCountry":"","localeVariant":"","localeDisplayName":"CSResource","resourceBundleKey":[{"id":null,"key":"CS_Add","value":"Add"},{"id":null,"key":"CS_BatchContent_AutomationDocType","value":"Automation document type"},{"id":null,"key":"CS_BatchContent_AutomationDocType_Help","value":"The document type to be used when adding or modifying batch documents. If not specified, the value defaults to DbaCaptureBase."},{"id":null,"key":"CS_BatchContent_OnDocumentCheckedOut","value":"On document checked out"},{"id":null,"key":"CS_BatchContent_OnDocumentCheckedOut_Help","value":"An event that is fired when the document has been checked out."},{"id":null,"key":"CS_BatchContent_OnGetProperties","value":"On get properties"},{"id":null,"key":"CS_BatchContent_OnGetProperties_Help","value":"An event that is fired when the properties have been retrieved."},{"id":null,"key":"CS_BatchContent_OnResubmitBatch","value":"On resubmit batch"},{"id":null,"key":"CS_BatchContent_OnResubmitBatch_Help","value":"An event that is fired when the batch has been resubmitted for processing successfully."},{"id":null,"key":"CS_BatchContent_OnRollbackBatch","value":"On rollback batch"},{"id":null,"key":"CS_BatchContent_OnRollbackBatch_Help","value":"An event that is fired when the batch has been rolled back successfully."},{"id":null,"key":"CS_BatchContent_OnSaveBatch","value":"On save batch"},{"id":null,"key":"CS_BatchContent_OnSaveBatch_Help","value":"An event that is fired when the batch has been saved."},{"id":null,"key":"CS_BatchContent_OnSearchResults","value":"On search results"},{"id":null,"key":"CS_BatchContent_OnSearchResults_Help","value":"An event that is fired when the search results have returned successfully."},{"id":null,"key":"CS_BatchContent_OnUpdateBatch","value":"On update batch"},{"id":null,"key":"CS_BatchContent_OnUpdateBatch_Help","value":"An event that is fired when the batch has been updated."},{"id":null,"key":"CS_BatchContent_OnUpdateProperties","value":"On update properties"},{"id":null,"key":"CS_BatchContent_OnUpdateProperties_Help","value":"An event that is fired when the properties have been updated."},{"id":null,"key":"CS_Cancel","value":"Cancel"},{"id":null,"key":"CS_Class_Selector_Svc_Error","value":"Chyba služby"},{"id":null,"key":"CS_Class_Selector_Svc_Error_Help","value":"Spustí se při vrácení chyby po volání služby."},{"id":null,"key":"CS_ContentListFilter_Cancel","value":"Cancel"},{"id":null,"key":"CS_ContentListFilter_Filter","value":"Filter"},{"id":null,"key":"CS_ContentListFilter_OnCanceFilter","value":"On cancel"},{"id":null,"key":"CS_ContentListFilter_OnCancelFilter_Help","value":"An event that is fired when the cancel button is clicked."},{"id":null,"key":"CS_ContentListFilter_OnFilter","value":"On filter"},{"id":null,"key":"CS_ContentListFilter_OnFilter_Help","value":"An event that is fired when the filter button is clicked."},{"id":null,"key":"CS_ContentListFilter_TypeName","value":"Type name"},{"id":null,"key":"CS_ContentListFilter_TypeName_Help","value":"Search object type."},{"id":null,"key":"CS_ContentList_AcceptFileTypes","value":"Accepted file types"},{"id":null,"key":"CS_ContentList_AcceptFileTypes_Help","value":"Specify the file type extensions that are allowed when adding new documents (for example, .dotx, .pdf, etc). When not specified, all file types are accepted."},{"id":null,"key":"CS_ContentList_Actions","value":"Akce"},{"id":null,"key":"CS_ContentList_AddButton","value":"Přidat"},{"id":null,"key":"CS_ContentList_Advanced","value":"Rozšířené"},{"id":null,"key":"CS_ContentList_Behavior","value":"Chování"},{"id":null,"key":"CS_ContentList_Columns","value":"Sloupce"},{"id":null,"key":"CS_ContentList_Columns_Help","value":"Sloupce, které mají být zobrazeny v seznamu. Nastavte je, chcete-li používat vlastní vlastnosti sloupců; v opačném případě bude použita výchozí sada."},{"id":null,"key":"CS_ContentList_ConfigurationProperty","value":"Konfigurační vlastnost"},{"id":null,"key":"CS_ContentList_ConfigurationProperty_Help","value":"Název vlastnosti, kde budou uložena konfigurační data ve formátu JSON."},{"id":null,"key":"CS_ContentList_ConfigurationValues","value":"Konfigurační hodnoty"},{"id":null,"key":"CS_ContentList_ContentItems","value":"Položky obsahu"},{"id":null,"key":"CS_ContentList_ContentItems_Help","value":"Seznam objektů CSDocument, které mají být zobrazeny. Vlastnost ID je jedinou povinnou vlastností pro objekty dokumentů."},{"id":null,"key":"CS_ContentList_ControllerProperty","value":"Controller document property"},{"id":null,"key":"CS_ContentList_ControllerProperty_Help","value":"Name of the object value property in the document class that links to the batch controller."},{"id":null,"key":"CS_ContentList_DisableDnDAdd_Help","value":"Toto nastavení zaškrtněte, chcete-li zakázat přidávání dokumentů přetažením pomocí myši."},{"id":null,"key":"CS_ContentList_DisabledValues","value":"Zakázané hodnoty"},{"id":null,"key":"CS_ContentList_DisabledValues_Help","value":"Určuje hodnoty vlastností, pro které budou akce položek zakázány."},{"id":null,"key":"CS_ContentList_DisplayProgressIndicator","value":"Zobrazit indikátor průběhu při přidávání dokumentů"},{"id":null,"key":"CS_ContentList_DisplayProgressIndicator_Help","value":"Tuto volbu zaškrtněte, chcete-li při přidávání dokumentů zobrazovat indikátor postupu."},{"id":null,"key":"CS_ContentList_EnableSearchFilter","value":"Enable search filter"},{"id":null,"key":"CS_ContentList_EnableSearchFilter_Help","value":"Displays the search filter component for specifying multiple search parameters to query against and display the results in the list view."},{"id":null,"key":"CS_ContentList_Enable_Polling","value":"Povolit dotazování na stav dokumentu"},{"id":null,"key":"CS_ContentList_Enable_Polling_Help","value":"Je-li nastaveno, dotazování se používá k aktualizaci stavu přidaných dokumentů."},{"id":null,"key":"CS_ContentList_ExtraProperties","value":"Extra properties"},{"id":null,"key":"CS_ContentList_ExtraProperties_Help","value":"Specify additional properties that you want returned with the items in the results set."},{"id":null,"key":"CS_ContentList_Filter_Help","value":"=The property values are combined with an AND operator in the search filter."},{"id":null,"key":"CS_ContentList_Folder","value":"Složka"},{"id":null,"key":"CS_ContentList_FolderId","value":"ID složky"},{"id":null,"key":"CS_ContentList_FolderId_Help","value":"Nastavit ID složky nebo cestu, aby se inicializoval seznam obsahu pro obsah určené složky. Nastavení ID složky má přednost před nastaveními hledání."},{"id":null,"key":"CS_ContentList_Height_Help","value":"The height of the content list view window."},{"id":null,"key":"CS_ContentList_HideAction_Help","value":"Zkontrolujte nastavení akce, chcete-li tuto akci odebrat z rozevírací nabídky."},{"id":null,"key":"CS_ContentList_HideAddDialog","value":"Skrýt dialogové okno přidání při přidávání dokumentů"},{"id":null,"key":"CS_ContentList_HideAddDialog_Help","value":"Je-li vybrána tato volba a je-li nakonfigurován jeden typ dokumentu, budou dokumenty přidány bez zobrazení dialogového okna Přidat dokument."},{"id":null,"key":"CS_ContentList_HideAddDocument","value":"Skrýt možnost přidání dokumentu"},{"id":null,"key":"CS_ContentList_HideAddFolder","value":"Skrýt možnost přidání složky"},{"id":null,"key":"CS_ContentList_HideCancelCheckoutDoc","value":"Skrýt možnost zrušení zapůjčení dokumentu"},{"id":null,"key":"CS_ContentList_HideCheckoutDocument","value":"Skrýt možnost zapůjčení dokumentu"},{"id":null,"key":"CS_ContentList_HideCheckoutState","value":"Skrýt stav zapůjčení"},{"id":null,"key":"CS_ContentList_HideCheckoutState_Help","value":"Tuto volbu vyberte, chcete-li povolit či zakázat zobrazení ikony stavu zapůjčení."},{"id":null,"key":"CS_ContentList_HideDeleteDocument","value":"Skrýt možnost odstranění dokumentu"},{"id":null,"key":"CS_ContentList_HideDeleteFolder","value":"Skrýt možnost odstranění složky"},{"id":null,"key":"CS_ContentList_HideDownloadDocument","value":"Skrýt možnost stažení dokumentu"},{"id":null,"key":"CS_ContentList_HideEditDocument","value":"Skrýt možnost úpravy dokumentu"},{"id":null,"key":"CS_ContentList_HideEditDocumentProps","value":"Skrýt možnost úprav vlastností dokumentu"},{"id":null,"key":"CS_ContentList_HideEditFolderProps","value":"Skrýt možnost úprav vlastností složky"},{"id":null,"key":"CS_ContentList_HideRefresh","value":"Hide refresh"},{"id":null,"key":"CS_ContentList_HideRenameFolder","value":"Skrýt možnost přejmenování složky"},{"id":null,"key":"CS_ContentList_HideSearchField","value":"Skrýt vyhledávací pole"},{"id":null,"key":"CS_ContentList_HideSearchField_Help","value":"Nezobrazovat pole hledání. Parametry hledání jsou definovány v nastaveních konfigurace."},{"id":null,"key":"CS_ContentList_HideUploadNewVersionDoc","value":"Skrýt možnost odeslat novou verzi dokumentu"},{"id":null,"key":"CS_ContentList_HideViewDocument","value":"Skrýt možnost zobrazení dokumentu"},{"id":null,"key":"CS_ContentList_IncludeTimeInDates","value":"Zahrnout čas ve vlastnostech data"},{"id":null,"key":"CS_ContentList_IncludeTimeInDates_Help","value":"Zobrazí část času z hodnoty data ve vlastnostech sloupce."},{"id":null,"key":"CS_ContentList_InitialPageSize","value":"Počáteční velikost stránky"},{"id":null,"key":"CS_ContentList_InitialPageSize_Help","value":"Velikost sady výsledků vrácené k zobrazení v seznamu obsahu. Výchozí velikost stránky je 20 položek."},{"id":null,"key":"CS_ContentList_OnActionMenuOpen","value":"On action menu open"},{"id":null,"key":"CS_ContentList_OnActionMenuOpen_Help","value":"An event that is fired when the action menu is about to be opened. Passes a folder object with properties."},{"id":null,"key":"CS_ContentList_OnAdd","value":"Při přidání obsahu"},{"id":null,"key":"CS_ContentList_OnAdd_Help","value":"Událost spuštěná při přidání dokumentu nebo složky. Předává objekt contentItem."},{"id":null,"key":"CS_ContentList_OnAllRowsSelected","value":"On all rows selected"},{"id":null,"key":"CS_ContentList_OnAllRowsSelected_Help","value":"This event is called when the user clicks on the Select All checkbox and the content list is in Multiselect mode. The passed parameter \"selected\" indicates whether all or none of the rows are selected."},{"id":null,"key":"CS_ContentList_OnContextMenuOpen","value":"Při otevření kontextové nabídky"},{"id":null,"key":"CS_ContentList_OnContextMenuOpen_Help","value":"Událost spuštěná v případě, že se má otevřít kontextová nabídka. Předává objekt obsahu s vlastnostmi."},{"id":null,"key":"CS_ContentList_OnError","value":"Při chybě"},{"id":null,"key":"CS_ContentList_OnError_Help","value":"Událost odeslaná v případě chyby služby."},{"id":null,"key":"CS_ContentList_OnFileClicked","value":"Při klepnutí na soubor"},{"id":null,"key":"CS_ContentList_OnFileClicked_Help","value":"Událost spuštěná výběrem dokumentu v hlavním sloupci. Předává objekt dokumentu s vlastnostmi."},{"id":null,"key":"CS_ContentList_OnFolderClicked","value":"Při klepnutí na složku"},{"id":null,"key":"CS_ContentList_OnFolderClicked_Help","value":"Událost spuštěná výběrem složky v hlavním sloupci. Předává objekt složky s vlastnostmi."},{"id":null,"key":"CS_ContentList_OnPollResults","value":"On poll results"},{"id":null,"key":"CS_ContentList_OnPollResults_Help","value":"Fired when a poll result containing document status is received."},{"id":null,"key":"CS_ContentList_OnResults","value":"Při načtení výsledků"},{"id":null,"key":"CS_ContentList_OnResults_Help","value":"Událost odeslaná po vrácení výsledků ze služby. Předává seznam položek, které byly vykresleny v seznamu obsahu."},{"id":null,"key":"CS_ContentList_OnRowSelected","value":"Při výběru řádku"},{"id":null,"key":"CS_ContentList_OnRowSelected_Help","value":"Událost spuštěná výběrem řádku prostřednictvím přepínače nebo zaškrtávacího políčka. Předává další parametr: row (položka row.data.contentItem obsahuje objekt dokumentu nebo složky s vlastnostmi)."},{"id":null,"key":"CS_ContentList_Polling_Exit_Values","value":"Hodnoty vlastností výstupu dotazování"},{"id":null,"key":"CS_ContentList_Polling_Exit_Values_Help","value":"Dotazování bude ukončeno v případě, že hodnota vlastnosti dokumentu vrácená z dotazování je jednou z nakonfigurovaných hodnot."},{"id":null,"key":"CS_ContentList_Polling_Neg_Exit_Values","value":"Negativní hodnoty vlastností výstupu dotazování"},{"id":null,"key":"CS_ContentList_Polling_Neg_Exit_Values_Help","value":"Dotazování bude ukončeno v případě, že hodnota vlastnosti dokumentu vrácená z dotazování NENÍ jednou z nakonfigurovaných hodnot."},{"id":null,"key":"CS_ContentList_Resources","value":"Resources"},{"id":null,"key":"CS_ContentList_Resources_Help","value":"Set to an external resource bundle to pull in localized string resources for the column headers and the property list filter labels."},{"id":null,"key":"CS_ContentList_RootFolderName","value":"Název kořenové složky"},{"id":null,"key":"CS_ContentList_RootFolderName_Help","value":"Zobrazovaný název kořenové složky, který má být použit namísto názvu složky v úložišti služeb obsahu."},{"id":null,"key":"CS_ContentList_Search","value":"Hledat"},{"id":null,"key":"CS_ContentList_SearchFilterProperties","value":"Search filter properties"},{"id":null,"key":"CS_ContentList_SearchFilterProperties_Help","value":"Specify the set of properties you want to query against to populate the list view. The property values are combined with an AND operator in the search filter."},{"id":null,"key":"CS_ContentList_SearchFolderId","value":"Hledat v ID složek"},{"id":null,"key":"CS_ContentList_SearchFolderId_Help","value":"ID složky, ve které se má začít hledat. Jedná se o volitelné nastavení, kterým se hledání omezí na určenou složku. Není-li tato položka nastavena, bude se hledat v celém úložišti objektů."},{"id":null,"key":"CS_ContentList_SearchFor","value":"Search for"},{"id":null,"key":"CS_ContentList_SearchFor_Help","value":"Search for document or folder items."},{"id":null,"key":"CS_ContentList_SearchOnlyFolder","value":"Hledat pouze v této složce"},{"id":null,"key":"CS_ContentList_SearchOnlyFolder_Help","value":"Nezahrnout možnost hledání v podsložkách."},{"id":null,"key":"CS_ContentList_SearchOperator","value":"Operátor"},{"id":null,"key":"CS_ContentList_SearchOperator_Help","value":"Operátor dotazu, který chcete použít, například Má na začátku, Má na konci, Jako, Není jako =, <, >, <>, >=, <= atd.)."},{"id":null,"key":"CS_ContentList_SearchProperty","value":"Vlastnost hledání"},{"id":null,"key":"CS_ContentList_SearchPropertyCardinality","value":"Hledat kardinalitu vlastnosti"},{"id":null,"key":"CS_ContentList_SearchPropertyCardinality_Help","value":"Určuje, zda je vlastnost hledání jednoduchá nebo vícehodnotová."},{"id":null,"key":"CS_ContentList_SearchPropertyType","value":"Hledat v typech vlastností"},{"id":null,"key":"CS_ContentList_SearchPropertyType_Help","value":"Datový typ určené vlastnosti hledání."},{"id":null,"key":"CS_ContentList_SearchProperty_Help","value":"Symbolický název vlastnosti, pro kterou chcete provádět hledání."},{"id":null,"key":"CS_ContentList_SearchRootName","value":"Root search name"},{"id":null,"key":"CS_ContentList_SearchRootName_Help","value":"The root search display name to use on the breadcrumb."},{"id":null,"key":"CS_ContentList_SearchTextOptions","value":"Volby textu"},{"id":null,"key":"CS_ContentList_SearchTextOptions_Help","value":"Konfigurovat hledání tak, aby obsahovalo kromě určeného hledání vlastností také základní dotaz pro obsah."},{"id":null,"key":"CS_ContentList_SearchType","value":"Search type"},{"id":null,"key":"CS_ContentList_SearchType_Help","value":"Search for objects of a particular type."},{"id":null,"key":"CS_ContentList_SearchValue","value":"Výchozí hodnota"},{"id":null,"key":"CS_ContentList_SearchValue_Help","value":"Hledaná hodnota. Je-li ponechána prázdná, mohou uživatelé zadat hodnotu pro vyvolání hledání za běhu."},{"id":null,"key":"CS_ContentList_SecondaryProperty","value":"State secondary property"},{"id":null,"key":"CS_ContentList_SecondaryProperty_Help","value":"Select a property to be used as a custom secondary state property."},{"id":null,"key":"CS_ContentList_SelectionMode","value":"Režim výběru"},{"id":null,"key":"CS_ContentList_SelectionMode_Help","value":"Jednoduchý výběr, vícenásobný výběr nebo žádná hodnota."},{"id":null,"key":"CS_ContentList_ShowCustomState","value":"Zobrazit vlastní stav"},{"id":null,"key":"CS_ContentList_ShowCustomState_Help","value":"Tuto volbu vyberte, chcete-li povolit či zakázat zobrazení ikony vlastního stavu."},{"id":null,"key":"CS_ContentList_SortOrder","value":"Pořadí řazení"},{"id":null,"key":"CS_ContentList_SortOrder_Help","value":"Výchozí směr řazení, vzestupný nebo sestupný."},{"id":null,"key":"CS_ContentList_SortProperty","value":"Řadit podle vlastnosti"},{"id":null,"key":"CS_ContentList_SortProperty_Help","value":"Vyberte vlastnost, která má být použita k řazení sady výsledků."},{"id":null,"key":"CS_ContentList_StateProperty","value":"Vlastnost stavu"},{"id":null,"key":"CS_ContentList_StateProperty_Help","value":"Vyberte vlastnost, která má být použita jako vlastnost vlastního stavu."},{"id":null,"key":"CS_ContentList_Status_Polling_Interval","value":"Interval dotazování na stav"},{"id":null,"key":"CS_ContentList_Status_Polling_Interval_Help","value":"Počet sekund mezi požadavky dotazování na stav přidaných dokumentů."},{"id":null,"key":"CS_ContentList_Status_Polling_Property","value":"Vlastnost dotazování na stavu"},{"id":null,"key":"CS_ContentList_Status_Polling_Property_Help","value":"Vlastnost, která je dotazována kvůli získání stavu přidaných dokumentů."},{"id":null,"key":"CS_ContentList_Status_Polling_Timeout","value":"Polling timeout per document"},{"id":null,"key":"CS_ContentList_Status_Polling_Timeout_Help","value":"Number of seconds per document after which polling stops if an exit condition is not met."},{"id":null,"key":"CS_ContentList_TableRowHeight","value":"Výška řádku tabulky"},{"id":null,"key":"CS_ContentList_TableRowHeight_Help","value":"Nastavení použité pro určení výšky řádku tabulky seznamu obsahu."},{"id":null,"key":"CS_ContentList_Width_Help","value":"The width of the content list view window."},{"id":null,"key":"CS_ContentLlist_DisableDnDAdd","value":"Zakázat přidání přetažením"},{"id":null,"key":"CS_ContentLlist_Polling_Neg_Exit_Values_Help","value":"Dotazování bude ukončeno v případě, že hodnota vlastnosti dokumentu vrácená z dotazování NENÍ jednou z nakonfigurovaných hodnot."},{"id":null,"key":"CS_ContentViewer_FitHeight","value":"Přizpůsobit výšce"},{"id":null,"key":"CS_ContentViewer_FitWidth","value":"Přizpůsobit šířce"},{"id":null,"key":"CS_ContentViewer_Height","value":"Výška"},{"id":null,"key":"CS_ContentViewer_OnLoad","value":"Při načtení"},{"id":null,"key":"CS_ContentViewer_Width","value":"Šířka"},{"id":null,"key":"CS_ContestList_MaxAddDocs_Help","value":"Určete maximální počet dokumentů, které uživatelé mohou najednou přidat. Výchozí maximální hodnota je 50. Lze však nastavit maximální hodnotu až 300."},{"id":null,"key":"CS_DeleteObject_OnDeleteObject","value":"On delete object"},{"id":null,"key":"CS_DeleteObject_OnDeleteObjectHelp","value":"An event that is fired after the object is deleted."},{"id":null,"key":"CS_DepDocPropertiesProperty","value":"Závislá vlastnost dokumentu"},{"id":null,"key":"CS_DepDocPropertiesProperty_Help","value":"Symbolický název vlastnosti hodnoty objektu, která ukazuje na dokument obsahující hodnoty JSON, které se mají zobrazit."},{"id":null,"key":"CS_DepDocumentProperties_OnError","value":"Při chybě"},{"id":null,"key":"CS_DepDocumentProperties_OnError_Help","value":"Událost spuštěná při výskytu chyby během načítání hodnot vlastností."},{"id":null,"key":"CS_DocumentReference_AddDocMode","value":"Add document mode"},{"id":null,"key":"CS_DocumentReference_AddDocMode_Help","value":"Setting that controls the add document process. Select None for no add support, Add no UI will not display any ui and Add with properties will display the add document dialog."},{"id":null,"key":"CS_DocumentReference_AllowsActions","value":"Enable actions"},{"id":null,"key":"CS_DocumentReference_AllowsActions_Help","value":"Enables the drop down context menu of content management actions in the view component."},{"id":null,"key":"CS_DocumentReference_AllowsRemoveDoc","value":"Enable clear document"},{"id":null,"key":"CS_DocumentReference_AllowsRemoveDoc_Help","value":"Enables the clear document action in the view component. This action only clears the document from the view and does not delete it from the repository."},{"id":null,"key":"CS_DocumentReference_DocumentId","value":"Document ID"},{"id":null,"key":"CS_DocumentReference_DocumentId_Help","value":"The ID of the document you want to load into this view."},{"id":null,"key":"CS_DocumentReference_EnableTitleAction","value":"Enable title click action"},{"id":null,"key":"CS_DocumentReference_EnableTitleAction_Help","value":"Enables the document title text to be clickable and runs the first action in the context menu."},{"id":null,"key":"CS_DocumentReference_HelperText","value":"Helper text"},{"id":null,"key":"CS_DocumentReference_HelperText_Help","value":"Helper text displayed below the input field."},{"id":null,"key":"CS_DocumentReference_HintText","value":"Hint text"},{"id":null,"key":"CS_DocumentReference_HintText_Help","value":"Hint text to display in the field when no document is specified."},{"id":null,"key":"CS_DocumentReference_OnClear","value":"On clear"},{"id":null,"key":"CS_DocumentReference_OnClear_Help","value":"An event that is fired when the user invokes the clear action."},{"id":null,"key":"CS_DocumentReference_ViewMode","value":"View mode"},{"id":null,"key":"CS_DocumentReference_ViewMode_Help","value":"Set to Normal to see the document mime type and title, or set to Thumbnail to see the document thumbnail and title."},{"id":null,"key":"CS_Document_Classes","value":"Třídy dokumentů"},{"id":null,"key":"CS_Document_Classes_Help","value":"Sada tříd dokumentů, které budou zobrazeny při přidávání nových dokumentů. Není-li nastavena, budou třídy dokumentů načteny ze serveru. Uživateli se zobrazují názvy, které jsou zde zadány. Hodnoty odpovídají symbolickým názvům jednotlivých tříd dokumentů."},{"id":null,"key":"CS_FileDropZone_AcceptFileTypes","value":"Accepted file types"},{"id":null,"key":"CS_FileDropZone_AcceptFileTypes_Help","value":"Specify the file types that the file drop zone will accept. The files types must be specified as file dot extension strings."},{"id":null,"key":"CS_FileDropZone_DetailMessage","value":"Detail message"},{"id":null,"key":"CS_FileDropZone_DetailMessage_Help","value":"Message string displayed above the file drop zone."},{"id":null,"key":"CS_FileDropZone_DocumentType","value":"Typ dokumentu"},{"id":null,"key":"CS_FileDropZone_DocumentType_Help","value":"Typ dokumentu použitý při přidávání dokumentů. Není-li tato položka nastavena, použije se výchozí typ dokumentu."},{"id":null,"key":"CS_FileDropZone_FolderId_Help","value":"ID složky, kam budou dokumenty přidány. Není-li určeno, dokumenty nebudou zařazeny."},{"id":null,"key":"CS_FileDropZone_Height_Help","value":"The height of the file drop zone area."},{"id":null,"key":"CS_FileDropZone_MaxAddDoc","value":"Maximum number of documents to add"},{"id":null,"key":"CS_FileDropZone_MaxAddDoc_Help","value":"Specify the maximum number of documents that users can add at a time. The default maximum is 50."},{"id":null,"key":"CS_FileDropZone_MaxDocumentSize","value":"Max document size"},{"id":null,"key":"CS_FileDropZone_MaxDocumentSize_Help","value":"The maximum document size in KB allowed to be added. The size of 0 is unlimited."},{"id":null,"key":"CS_FileDropZone_Width_Help","value":"The width of the file drop zone area."},{"id":null,"key":"CS_Folder_Classes","value":"Třídy složek"},{"id":null,"key":"CS_Folder_Classes_Help","value":"Sada tříd složek, které budou zobrazeny při přidávání nových složek. Není-li nastavena, budou třídy složek načteny ze serveru. Uživateli se zobrazují názvy, které jsou zde zadány. Hodnoty odpovídají symbolickým názvům jednotlivých tříd složek."},{"id":null,"key":"CS_GetContent_OnContentReceived","value":"Při přijetí obsahu"},{"id":null,"key":"CS_GetContent_OnContentReceived_Help","value":"Událost spuštěná při vrácení obsahu dokumentu v odpovědi."},{"id":null,"key":"CS_GetContent_OnGetClassAccess","value":"On get class access"},{"id":null,"key":"CS_GetContent_OnGetClassAccess_Help","value":"An event that is fired when the get class access response has returned."},{"id":null,"key":"CS_GetContent_OnPropertiesUpdated","value":"On properties updated"},{"id":null,"key":"CS_GetContent_OnPropertiesUpdated_Help","value":"An event that is fired when the properties have been retrieved and updated in the content item object."},{"id":null,"key":"CS_Height","value":"Výška"},{"id":null,"key":"CS_Hide_Time_Picker","value":"Hide time picker when editing date and time values"},{"id":null,"key":"CS_Hide_Time_Picker_Help","value":"When set, hides the interface for editing the time portion of date and time values."},{"id":null,"key":"CS_Modal_OnCancel","value":"On cancel"},{"id":null,"key":"CS_Modal_OnCancel_Help","value":"An event that is fired when the user cancels out of a modal view."},{"id":null,"key":"CS_OK","value":"Ok"},{"id":null,"key":"CS_ObjectStoreName","value":"Název úložiště objektů"},{"id":null,"key":"CS_ObjectStoreName_Help","value":"Název úložiště objektů z nástrojů pro administraci Acce."},{"id":null,"key":"CS_On_Class_Selected","value":"Při výběru třídy"},{"id":null,"key":"CS_On_Class_Selected_Help","value":"Událost spuštěná při výběru třídy uživatelem."},{"id":null,"key":"CS_ProgressIndicator_OnClose","value":"On close"},{"id":null,"key":"CS_ProgressIndicator_OnClose_Help","value":"Fired when the progress indicator is closed."},{"id":null,"key":"CS_ProgressIndicator_OnFileRemoved","value":"On file removed"},{"id":null,"key":"CS_ProgressIndicator_OnFileRemoved_Help","value":"Fired when a pending file is removed from the progress indicator"},{"id":null,"key":"CS_PropertyList_Display_Edit","value":"Zobrazit tlačítka pro úpravy hodnot vlastností"},{"id":null,"key":"CS_PropertyList_Display_Edit_Help","value":"Zobrazit na panelu nástrojů tlačítka, které uživatelům umožňují upravovat hodnoty vlastností."},{"id":null,"key":"CS_PropertyPoller_OnError","value":"Při chybě"},{"id":null,"key":"CS_PropertyPoller_OnError_Help","value":"Spustí se při vrácení chyby během dotazování na vlastnost."},{"id":null,"key":"CS_PropertyPoller_OnResults","value":"On results"},{"id":null,"key":"CS_PropertyPoller_OnResults_Help","value":"Fired when results are received from a poll requests."},{"id":null,"key":"CS_PropertyPoller_OnStatus","value":"Při vrácení informací o vlastnostech"},{"id":null,"key":"CS_PropertyPoller_OnStatus_Help","value":"Spustí se, když jsou data vrácena z dotazování serveru na informace o vlastnostech."},{"id":null,"key":"CS_Query_ExecuteOnChange","value":"Run search on change"},{"id":null,"key":"CS_Query_ExecuteOnChange_Help","value":"Runs the configured search when the view change event occurs in the component."},{"id":null,"key":"CS_Query_ExecuteOnView","value":"Execute search on view"},{"id":null,"key":"CS_Query_ExecuteOnView_Help","value":"Runs the configured search when the coach view event occurs in the component."},{"id":null,"key":"CS_Query_MaxResults","value":"Maximum results"},{"id":null,"key":"CS_Query_MaxResults_Help","value":"The maximum number of results to return from the query."},{"id":null,"key":"CS_Query_OnError","value":"On error"},{"id":null,"key":"CS_Query_OnError_Help","value":"Fired when an error occurs."},{"id":null,"key":"CS_Query_OnSearchResults","value":"On search results"},{"id":null,"key":"CS_Query_OnSearchResults_Help","value":"Fired when search results are returned from the server."},{"id":null,"key":"CS_Query_ResultProperties","value":"Result properties"},{"id":null,"key":"CS_Query_ResultProperties_Help","value":"Symbolic names of properties returned in the search results."},{"id":null,"key":"CS_Query_SearchValue","value":"Search values"},{"id":null,"key":"CS_Query_SearchValue_Help","value":"The values to search for."},{"id":null,"key":"CS_RepositoryId","value":"ID úložiště"},{"id":null,"key":"CS_RepositoryId_Help","value":"ID úložiště z produktu IBM Navigator. Tato hodnota je použita prohlížečem dokumentů."},{"id":null,"key":"CS_Save","value":"Save"},{"id":null,"key":"CS_SelectFiles","value":"Select Files"},{"id":null,"key":"CS_SummaryCard_Details","value":"Details"},{"id":null,"key":"CS_SummaryCard_Details_Help","value":"Displayed in the details section of the summary card."},{"id":null,"key":"CS_SummaryCard_DisplayHelpIcon","value":"Display help icon"},{"id":null,"key":"CS_SummaryCard_DisplayHelpIcon_Help","value":"When checked, displays a help icon in the card."},{"id":null,"key":"CS_SummaryCard_HelpLearnMoreUrl","value":"Help learn more URL"},{"id":null,"key":"CS_SummaryCard_HelpLearnMoreUrl_Help","value":"A link to Learn More information. When set, a button is displayed in the help tooltip that when clicked, displays the page specified in the link."},{"id":null,"key":"CS_SummaryCard_HelpText","value":"Help text"},{"id":null,"key":"CS_SummaryCard_HelpText_Help","value":"Either a message ID or text that is displayed in a tooltip when the user clicks the help icon."},{"id":null,"key":"CS_SummaryCard_OnClick","value":"On click"},{"id":null,"key":"CS_SummaryCard_OnClick_Help","value":"Fired when the summary card is clicked."},{"id":null,"key":"CS_SummaryCard_Title","value":"Title"},{"id":null,"key":"CS_SummaryCard_Title_Help","value":"Displayed as the title of the summary card."},{"id":null,"key":"CS_Upload","value":"Upload"},{"id":null,"key":"CS_UploadContent_OnContentAdded","value":"Při přidání obsahu"},{"id":null,"key":"CS_UploadContent_OnContentAdded_Help","value":"Událost spouštěná při úspěšném odeslání obsahu."},{"id":null,"key":"CS_UploadContent_OnError","value":"Při chybě"},{"id":null,"key":"CS_UploadContent_OnError_Help","value":"Událost spuštěná při výskytu chyby během odesílání obsahu."},{"id":null,"key":"CS_UploadVersion_OnUploadVersion","value":"On upload version"},{"id":null,"key":"CS_UploadVersion_OnUploadVersionHelp","value":"An event that is fired when a new version of the document has been uploaded."},{"id":null,"key":"CS_Width","value":"Šířka"}]}