{"data":{"metadata":{"paId":"2066.bd3841e7-7c78-4b6b-aa2b-1f9cc91afc9a","paShortName":"SYSCST","snapshotId":"2064.2ac60c1c-874b-4787-bfc1-262edfeb41d7","snapshotName":"23.0.2.0.231031231725","name":"Content Services"},"defaults":{"entry":[{"type":"S","value":""},{"type":"B","value":false},{"type":"I","value":0},{"type":"D","value":0.0},{"type":"DT","value":null},{"type":"DT","value":null}]},"templates":{"variableTemplates":[{"modelId":"1.0277c0b6-2cec-4199-a12d-3dca7209f04a","parentId":"1.0277c0b6-2cec-4199-a12d-3dca7209f04a","variableTemplate":[{"id":"2055.e4e81359-02e6-4d96-888b-6b7de5c7a57f","name":"data","boTemplateName":"CSC"},{"id":"2055.36f7b583-5442-403e-869d-b548c73182ab","name":"results","boTemplateName":"A"},{"id":"2055.7a24edab-e328-4a93-89f4-dcc188535925","name":"error","boTemplateName":"Aja"}]}],"boTemplate":[{"id":"12.4a6d8270-cb42-4983-97ca-41706411e4ec","name":"CSC","property":[{"name":"serverInfo","type":"S","isList":false},{"name":"appResourceInfo","type":"A","isList":false},{"name":"csrfToken","type":"S","isList":false},{"name":"query","type":"S","isList":false}]},{"id":"12.5551644c-3dc6-4161-a939-4e7f27f8ce45","name":"Aja","property":[{"name":"errorText","type":"S","isList":false},{"name":"errorCode","type":"S","isList":false},{"name":"serviceInError","type":"S","isList":false}]}]},"model":{"rootElement":[{"extensionElements":{"userTaskImplementation":[{"flowElement":[{"parallelMultiple":false,"outgoing":["2027.96f57f23-a573-4a0c-87a3-2a884c21d13d"],"isInterrupting":true,"extensionElements":{"nodeVisualInfo":[{"color":"#F8F8F8","width":24,"x":50,"y":200,"declaredType":"TNodeVisualInfo","height":24}]},"name":"Start","declaredType":"startEvent","id":"301b330c-98d2-4535-8c20-9929d94ff4fb"},{"incoming":["2027.5076edf7-6655-479b-8d8f-ed971c6a650f"],"extensionElements":{"nodeVisualInfo":[{"color":"#F8F8F8","width":24,"x":700,"y":200,"declaredType":"TNodeVisualInfo","height":24}],"navigationInstructions":[{"targetType":"Default","declaredType":"com.ibm.bpmsdk.model.bpmn20.ibmext.TNavigationInstructions"}]},"name":"End","declaredType":"endEvent","id":"8c3ef4d2-817a-49a8-8291-807f35c5130c"},{"targetRef":"2025.6a6135bf-648e-4bd6-800c-24bdfb8c1b9e","extensionElements":{"linkVisualInfo":[{"sourcePortLocation":"rightCenter","showCoachControlLabel":false,"labelPosition":0.0,"targetPortLocation":"leftCenter","declaredType":"TLinkVisualInfo","saveExecutionContext":false,"showLabel":false}]},"name":"To Get Documents Service","declaredType":"sequenceFlow","id":"2027.96f57f23-a573-4a0c-87a3-2a884c21d13d","sourceRef":"301b330c-98d2-4535-8c20-9929d94ff4fb"},{"startQuantity":1,"outgoing":["2027.5076edf7-6655-479b-8d8f-ed971c6a650f"],"incoming":["2027.96f57f23-a573-4a0c-87a3-2a884c21d13d"],"default":"2027.5076edf7-6655-479b-8d8f-ed971c6a650f","extensionElements":{"nodeVisualInfo":[{"color":"#95D087","width":95,"x":316,"y":177,"declaredType":"TNodeVisualInfo","height":70}]},"name":"Get Documents Service","isForCompensation":false,"completionQuantity":1,"declaredType":"scriptTask","id":"2025.6a6135bf-648e-4bd6-800c-24bdfb8c1b9e","scriptFormat":"text/x-javascript","script":{"content":["console.debug(\"****BEGIN Script Get Documents Service ****\");\r\n\r\ntw.system.waitForContinueFlow();\r\n\r\nvar serviceName =\"getDocumentsService\";\r\n\r\nvar csrfToken = tw.local.data && tw.local.data.csrfToken;\r\nvar appServerResource = tw.local.data && tw.local.data.serverInfo;\r\nvar appResourceInfo = tw.local.data && tw.local.data.appResourceInfo;\r\nvar query = tw.local.data && tw.local.data.query;\r\n\r\nvar options = {\r\n\tmethod: \"POST\",\r\n\tctxRoot: appResourceInfo.ctxRoot,\r\n\tpath: appResourceInfo.path,\r\n\tpayload: {\r\n\t\tquery: query,\r\n\t\tvariables: null,\r\n\t\toperationName: null\r\n\t},\r\n\theaders: {\r\n\t\t\"ECM-CS-XSRF-Token\": csrfToken,\r\n\t\tCookie: \"ECM-CS-XSRF-Token=\" + csrfToken,\r\n\t\t\"Accept-Language\": tw.system.user.locale\r\n\t}\r\n};\r\n\r\nconsole.debug(\"Options: \", options);\t\r\nconsole.debug(\"****PAYLOAD: \", query);\r\nconsole.debug(\"****CALLING performRequest****\");\r\n\r\ntw.system.performRequest(appServerResource, options, function(response, httpStatus) {\r\n\t\r\n\tconsole.debug(\"performRequest response: \", response);\r\n\tconsole.debug(\"performRequest httpStatus: \", httpStatus);\r\n\r\n\tif (httpStatus.statusCode != 200) {\r\n\t\ttw.local.error = {};\r\n\t\ttw.local.error.errorCode = httpStatus.statusCode;\r\n\t\ttw.local.error.errorText = response;\r\n\t\ttw.local.error.serviceInError = serviceName;\r\n\t} else {\r\n\t\tvar resultsJson = JSON.parse(response);\r\n\t\tif (resultsJson.errors) {\r\n\t\t\tvar error = resultsJson.errors[0];\r\n\t\t\ttw.local.error = {};\r\n\t\t\ttw.local.error.errorCode = error.extensions ? error.extensions.errorCode ?  error.extensions.errorCode : error.errorType : error.errorType;\r\n\t\t\ttw.local.error.errorText = error.extensions ? error.extensions.explanation ? error.extensions.explanation : error.message : error.message;\r\n\t\t\ttw.local.error.serviceInError = serviceName;\r\n\t\t} else {\r\n\t\t\ttw.local.results = resultsJson;\t\t\t\t\r\n\t\t}\r\n\t}\r\n\t\r\n\t// Signal to engine that flow can continue past this Script‌\r\n\ttw.system.continueFlow();\r\n}, function (err) {\r\n\tconsole.error(\"performRequest failed: \", err);\r\n\t\r\n\ttw.local.error = {};\r\n\ttw.local.error.errorCode = err.code ? err.code : err.errno ? err.errno : err.name;\r\n\ttw.local.error.errorText = err.message;\r\n\ttw.local.error.serviceInError = serviceName;\r\n\t\r\n\t// Signal to engine that flow can continue past this Script.\r\n\ttw.system.continueFlow();\r\n});\r\n\t\r\nconsole.debug(\"At the end of the script step pending response from Graphql\");\r\n"]}},{"targetRef":"8c3ef4d2-817a-49a8-8291-807f35c5130c","extensionElements":{"sequenceFlowImplementation":[{"fireValidation":"Never","sboSyncEnabled":true,"declaredType":"com.ibm.bpmsdk.model.bpmn20.ibmext.TSequenceFlowImplementation"}],"linkVisualInfo":[{"sourcePortLocation":"rightCenter","showCoachControlLabel":false,"labelPosition":0.0,"targetPortLocation":"leftCenter","declaredType":"TLinkVisualInfo","saveExecutionContext":true,"showLabel":false}]},"name":"Start to End","declaredType":"sequenceFlow","id":"2027.5076edf7-6655-479b-8d8f-ed971c6a650f","sourceRef":"2025.6a6135bf-648e-4bd6-800c-24bdfb8c1b9e"}],"isClosed":false,"declaredType":"com.ibm.bpmsdk.model.bpmn20.ibmext.TUserTaskImplementation","id":"9ae4ab48-1a9e-4960-841c-760832295f59","processType":"None"}]},"implementation":"##unspecified","documentation":[{"textFormat":"text/plain"}],"name":"getDocumentsService","declaredType":"globalUserTask","id":"1.0277c0b6-2cec-4199-a12d-3dca7209f04a","ioSpecification":{"dataOutput":[{"itemSubjectRef":"itm.12.c09c9b6e-aabd-4897-bef2-ed61db106297","name":"results","isCollection":false,"id":"2055.36f7b583-5442-403e-869d-b548c73182ab"},{"itemSubjectRef":"itm.12.5551644c-3dc6-4161-a939-4e7f27f8ce45","name":"error","isCollection":false,"id":"2055.7a24edab-e328-4a93-89f4-dcc188535925"}],"inputSet":[{}],"outputSet":[{}],"dataInput":[{"itemSubjectRef":"itm.12.4a6d8270-cb42-4983-97ca-41706411e4ec","name":"data","isCollection":false,"id":"2055.e4e81359-02e6-4d96-888b-6b7de5c7a57f"}]}}],"targetNamespace":"","typeLanguage":"http://www.w3.org/2001/XMLSchema","expressionLanguage":"http://www.ibm.com/xmlns/prod/bpm/expression-lang/javascript","id":"1.0277c0b6-2cec-4199-a12d-3dca7209f04a"}},"status":"200"}