{"data":{"metadata":{"paId":"2066.bd3841e7-7c78-4b6b-aa2b-1f9cc91afc9a","paShortName":"SYSCST","snapshotId":"2064.2ac60c1c-874b-4787-bfc1-262edfeb41d7","snapshotName":"23.0.2.0.231031231725","name":"Content Services"},"defaults":{"entry":[{"type":"S","value":""},{"type":"B","value":false},{"type":"I","value":0},{"type":"D","value":0.0},{"type":"DT","value":null},{"type":"DT","value":null}]},"templates":{"variableTemplates":[{"modelId":"1.2a955cea-d5b0-4632-be85-3ff090a6702f","parentId":"1.2a955cea-d5b0-4632-be85-3ff090a6702f","variableTemplate":[{"id":"2055.e82fbb57-469f-408d-8570-20f76c56f1ff","name":"data","boTemplateName":"CSG"},{"id":"2055.4fc2bcbb-b3f1-4ea0-826c-387c6de1a238","name":"results","boTemplateName":"A"},{"id":"2055.1103fba2-226a-4b92-804d-bd26c780a48b","name":"error","boTemplateName":"Aja"}]}],"boTemplate":[{"id":"12.5ee6778e-1056-4931-801b-ff60f4b66e71","name":"CSG","property":[{"name":"appServerResource","type":"S","isList":false},{"name":"repository","type":"S","isList":false},{"name":"documentId","type":"S","isList":false},{"name":"annotationVersion","type":"S","isList":false},{"name":"csrfToken","type":"S","isList":false}]},{"id":"12.5551644c-3dc6-4161-a939-4e7f27f8ce45","name":"Aja","property":[{"name":"errorText","type":"S","isList":false},{"name":"errorCode","type":"S","isList":false},{"name":"serviceInError","type":"S","isList":false}]}]},"model":{"rootElement":[{"extensionElements":{"userTaskImplementation":[{"flowElement":[{"parallelMultiple":false,"outgoing":["2027.25b93808-476b-4496-8cda-0cfcafb5bbe8"],"isInterrupting":true,"extensionElements":{"nodeVisualInfo":[{"color":"#F8F8F8","width":24,"x":50,"y":200,"declaredType":"TNodeVisualInfo","height":24}]},"name":"Start","declaredType":"startEvent","id":"8f17d890-9c0d-4327-83af-c88a34bef9f6"},{"incoming":["2027.6557b846-643a-4fae-8b46-7254996d31ac"],"extensionElements":{"nodeVisualInfo":[{"color":"#F8F8F8","width":24,"x":700,"y":200,"declaredType":"TNodeVisualInfo","height":24}],"navigationInstructions":[{"targetType":"Default","declaredType":"com.ibm.bpmsdk.model.bpmn20.ibmext.TNavigationInstructions"}]},"name":"End","declaredType":"endEvent","id":"83bad3c9-a538-4824-886e-145d29be3909"},{"targetRef":"2025.8aace528-bc0d-4f5e-8469-3dac608aab71","extensionElements":{"linkVisualInfo":[{"sourcePortLocation":"rightCenter","showCoachControlLabel":false,"labelPosition":0.0,"targetPortLocation":"leftCenter","declaredType":"TLinkVisualInfo","saveExecutionContext":false,"showLabel":false}]},"name":"Start to End","declaredType":"sequenceFlow","id":"2027.25b93808-476b-4496-8cda-0cfcafb5bbe8","sourceRef":"8f17d890-9c0d-4327-83af-c88a34bef9f6"},{"startQuantity":1,"outgoing":["2027.6557b846-643a-4fae-8b46-7254996d31ac"],"incoming":["2027.25b93808-476b-4496-8cda-0cfcafb5bbe8"],"default":"2027.6557b846-643a-4fae-8b46-7254996d31ac","extensionElements":{"nodeVisualInfo":[{"width":95,"x":325,"y":177,"declaredType":"TNodeVisualInfo","height":70}]},"name":"Get Annotation","isForCompensation":false,"completionQuantity":1,"declaredType":"scriptTask","id":"2025.8aace528-bc0d-4f5e-8469-3dac608aab71","scriptFormat":"text/x-javascript","script":{"content":["console.debug(\"****BEGIN Script Get Annotation****\");\r\n\r\ntw.system.waitForContinueFlow();\r\n\r\nvar serviceName = \"getAnnotation\";\r\n\r\nvar csrfToken = tw.local.data && tw.local.data.csrfToken;\r\nvar appServerResource = tw.local.data && tw.local.data.serverAppResource;\r\nvar repository = tw.local.data && tw.local.data.repository;\r\nvar documentId = tw.local.data && tw.local.data.documentId;\r\nvar annotationVersion = tw.local.data && tw.local.data.annotationVersion;\r\n\r\nvar orderBy = annotationVersion == \"first\" ? \"ASC\" : \"DESC\";\r\n\r\nvar QUERY = \"{\" + \"\\n\" +\r\n\t\"repositoryObjects(\\n\" +\r\n\t\t\"repositoryIdentifier: \\\"\" + repository + \"\\\"\" + \"\\n\" +\r\n\t\t\"from: \\\"Annotation\\\"\" + \"\\n\" +\r\n\t\t\"where: \\\"AnnotatedObject = \" + documentId + \"\\\"\" + \"\\n\" +\r\n\t\t\"orderBy:\\\"DateCreated \" + orderBy + \"\\\"\" + \"\\n\" +\r\n\t\t\"pageSize: 1\" + \"\\n\" +\r\n\t\")\" + \"\\n\" +\r\n\t\"{\" + \"\\n\" +\t\r\n\t\t\"independentObjects {\" + \"\\n\" +\r\n\t\t\t\"... on Annotation{\" + \"\\n\" +\r\n\t\t\t\t\"contentElements{\" + \"\\n\" +\r\n\t\t\t\t\t\"...on ContentTransfer{\" + \"\\n\" +\r\n\t\t\t\t\t\t\"downloadUrl\"  + \"\\n\" +\r\n\t\t\t\t\t\"}\" + \"\\n\" +\t\r\n\t\t\t\t\"}\" + \"\\n\" +\r\n\t\t\t\"}\" + \"\\n\" +\r\n\t\t\"}\" + \"\\n\" +\r\n\t\"}\" + \"\\n\" +\r\n\"}\";\r\n\r\nconsole.debug(\"Calling lookupDBARegistry\");\r\ntw.system.lookupDBARegistry(appServerResource, function(response) {\r\n\r\n\tvar options = {\r\n\t\tmethod: \"POST\",\r\n\t\tpayload: {\r\n\t\t\tquery: QUERY,\r\n\t\t\tvariables: null,\r\n\t\t\toperationName: null\r\n\t\t},\r\n\t\theaders: {\r\n\t\t\t\"ECM-CS-XSRF-Token\": csrfToken,\r\n\t\t\tCookie: \"ECM-CS-XSRF-Token=\" + csrfToken,\r\n\t\t\t\"Accept-Language\": tw.system.user.locale\r\n\t\t}\r\n\t};\r\n\t\r\n\t// Add the context root and path if they are missing for backward compatibility\r\n\tif (!response.ctxRoot){\r\n\t\toptions.ctxRoot = \"/content-services-graphql\";\r\n\t}\r\n\tif (!response.path){\r\n\t\toptions.path = \"/graphql\";\r\n\t}\t\r\n\tconsole.debug(\"Options: \", options);\t\r\n\tconsole.debug(\"****PAYLOAD: \", QUERY);\r\n\tconsole.debug(\"****CALLING performRequest****\");\r\n\ttw.system.performRequest(appServerResource, options, function(response, httpStatus) {\r\n\r\n\t\tconsole.debug(\"performRequest completed: \", response);\r\n\t\tconsole.debug(\"performRequest httpStatus: \", httpStatus);\r\n\t\t\r\n\t\tif (httpStatus.statusCode != 200){\r\n\t\t\ttw.local.error = {};\r\n\t\t\ttw.local.error.errorCode = httpStatus.statusCode;\r\n\t\t\ttw.local.error.errorText = response;\r\n\t\t\ttw.local.error.serviceInError = serviceName;\r\n\t\t}\r\n\t\telse {\r\n\t\t\tvar resultsJson = JSON.parse(response);\r\n\t\t\tif (resultsJson.errors){\r\n\t\t\t\tvar error = resultsJson.errors[0];\r\n\t\t\t\ttw.local.error = {};\r\n\t\t\t\ttw.local.error.errorCode = error.extensions ? error.extensions.errorCode ?  error.extensions.errorCode : error.errorType : error.errorType;\r\n\t\t\t\ttw.local.error.errorText = error.extensions ? error.extensions.explanation ? error.extensions.explanation : error.message : error.message;\r\n\t\t\t\ttw.local.error.serviceInError = serviceName;\r\n\t\t\t} else {\r\n\t\t\t\tvar annotation = null;\r\n\t\t\t\tvar independentObjects = resultsJson.data.repositoryObjects.independentObjects; //resultsJson.data.repositoryObjects.independentObjects.items ? resultsJson.data.repositoryObjects.independentObjects.items : resultsJson.data.repositoryObjects.independentObjects;\r\n\t\t\t\tif (independentObjects.length > 0){\r\n\t\t\t\t\tvar contentElements = independentObjects[0].contentElements;\r\n\t\t\t\t\tif (contentElements.length > 0){\r\n\t\t\t\t\t\tannotation = contentElements[0];\r\n\t\t\t\t\t}\r\n\t\t\t\t}\r\n\t\t\t\ttw.local.results = {\r\n\t\t\t\t\tresults: annotation\r\n\t\t\t\t};\r\n\t\t\t}\r\n\t\t}\r\n\r\n\t\t// Signal to engine that flow can continue past this Script?\r\n\t\ttw.system.continueFlow();\r\n\t}, function (err) {\r\n\t\tconsole.error(\"performRequest failed: \", err);\r\n\t\t\r\n\t\ttw.local.error = {};\r\n\t\ttw.local.error.errorCode = err.code ? err.code : err.errno ? err.errno : err.name;\r\n\t\ttw.local.error.errorText = err.message;\r\n\t\ttw.local.error.serviceInError = serviceName;\r\n\t\t\r\n\t\t// Signal to engine that flow can continue past this Script?\r\n\t\ttw.system.continueFlow();\r\n\t});\r\n}, function(err) {\r\n\tconsole.error(\"Error returned from lookupDBARegistry:\", err);\r\n\ttw.local.error = {};\r\n\ttw.local.error.errorCode = err.msg;\r\n\ttw.local.error.errorText = err.msg;\r\n\ttw.local.error.serviceInError = serviceName;\r\n\ttw.system.continueFlow();\r\n});\t\t\r\n\r\nconsole.debug(\"At the end of the script\");\r\n"]}},{"targetRef":"83bad3c9-a538-4824-886e-145d29be3909","extensionElements":{"sequenceFlowImplementation":[{"fireValidation":"Never","sboSyncEnabled":true,"declaredType":"com.ibm.bpmsdk.model.bpmn20.ibmext.TSequenceFlowImplementation"}],"linkVisualInfo":[{"sourcePortLocation":"rightCenter","showCoachControlLabel":false,"labelPosition":0.0,"targetPortLocation":"leftCenter","declaredType":"TLinkVisualInfo","saveExecutionContext":true,"showLabel":false}]},"name":"To End","declaredType":"sequenceFlow","id":"2027.6557b846-643a-4fae-8b46-7254996d31ac","sourceRef":"2025.8aace528-bc0d-4f5e-8469-3dac608aab71"}],"isClosed":false,"declaredType":"com.ibm.bpmsdk.model.bpmn20.ibmext.TUserTaskImplementation","id":"29d971f4-4d96-40dc-8ae8-6e5d8d9d0b15","processType":"None"}]},"implementation":"##unspecified","documentation":[{"content":["Retrieves either the first or last added annotation on a document."],"textFormat":"text/plain"}],"name":"getAnnotation","declaredType":"globalUserTask","id":"1.2a955cea-d5b0-4632-be85-3ff090a6702f","ioSpecification":{"dataOutput":[{"itemSubjectRef":"itm.12.c09c9b6e-aabd-4897-bef2-ed61db106297","documentation":[{"content":["Set on success. Contains a JSON object with the first content element on either the first or last annotation on the document."],"textFormat":"text/plain"}],"name":"results","isCollection":false,"id":"2055.4fc2bcbb-b3f1-4ea0-826c-387c6de1a238"},{"itemSubjectRef":"itm.12.5551644c-3dc6-4161-a939-4e7f27f8ce45","documentation":[{"content":["Set on error. Contains information about why the call failed."],"textFormat":"text/plain"}],"name":"error","isCollection":false,"id":"2055.1103fba2-226a-4b92-804d-bd26c780a48b"}],"inputSet":[{}],"outputSet":[{}],"dataInput":[{"itemSubjectRef":"itm.12.5ee6778e-1056-4931-801b-ff60f4b66e71","name":"data","isCollection":false,"id":"2055.e82fbb57-469f-408d-8570-20f76c56f1ff"}]}}],"targetNamespace":"","typeLanguage":"http://www.w3.org/2001/XMLSchema","expressionLanguage":"http://www.ibm.com/xmlns/prod/bpm/expression-lang/javascript","id":"1.2a955cea-d5b0-4632-be85-3ff090a6702f"}},"status":"200"}