{"data":{"metadata":{"paId":"2066.bd3841e7-7c78-4b6b-aa2b-1f9cc91afc9a","paShortName":"SYSCST","snapshotId":"2064.2ac60c1c-874b-4787-bfc1-262edfeb41d7","snapshotName":"23.0.2.0.231031231725","name":"Content Services"},"defaults":{"entry":[{"type":"S","value":""},{"type":"B","value":false},{"type":"I","value":0},{"type":"D","value":0.0},{"type":"DT","value":null},{"type":"DT","value":null}]},"templates":{"variableTemplates":[{"modelId":"1.631c4fce-6331-4153-8b33-a022523f2ab9","parentId":"1.631c4fce-6331-4153-8b33-a022523f2ab9","variableTemplate":[{"id":"2055.58105650-0f72-46b1-8b52-f3d86894bfb9","name":"data","boTemplateName":"CSG"},{"id":"2055.17e4a034-d464-452f-884e-8397b4964cd1","name":"results","boTemplateName":"A"},{"id":"2055.845f3b19-150f-4c73-82fa-8707e7c673c0","name":"error","boTemplateName":"Aja"}]}],"boTemplate":[{"id":"12.55a52370-8a26-44b9-8a2b-b8e8f53a30f1","name":"CSG","property":[{"name":"token","type":"S","isList":false},{"name":"properties","type":"S","isList":true},{"name":"ovpProperties","type":"S","isList":true},{"name":"serverAppResource","type":"S","isList":false},{"name":"csrfToken","type":"S","isList":false}]},{"id":"12.5551644c-3dc6-4161-a939-4e7f27f8ce45","name":"Aja","property":[{"name":"errorText","type":"S","isList":false},{"name":"errorCode","type":"S","isList":false},{"name":"serviceInError","type":"S","isList":false}]}]},"model":{"rootElement":[{"extensionElements":{"userTaskImplementation":[{"flowElement":[{"parallelMultiple":false,"outgoing":["2027.aa9483a3-0ffc-4a22-8c9d-ecb3800da6e6"],"isInterrupting":true,"extensionElements":{"nodeVisualInfo":[{"color":"#F8F8F8","width":24,"x":50,"y":200,"declaredType":"TNodeVisualInfo","height":24}]},"name":"Start","declaredType":"startEvent","id":"92499134-fecd-4828-8b32-d64f8f559475"},{"incoming":["2027.74663139-b721-4dc1-8f7d-10b8e7c4099f"],"extensionElements":{"nodeVisualInfo":[{"color":"#F8F8F8","width":24,"x":700,"y":200,"declaredType":"TNodeVisualInfo","height":24}],"navigationInstructions":[{"targetType":"Default","declaredType":"com.ibm.bpmsdk.model.bpmn20.ibmext.TNavigationInstructions"}]},"name":"End","declaredType":"endEvent","id":"310671ea-237d-4b3a-8f79-0dbab45e82b0"},{"targetRef":"2025.276901d7-4fbc-4ab3-8a84-ec64eda891f1","extensionElements":{"linkVisualInfo":[{"sourcePortLocation":"rightCenter","showCoachControlLabel":false,"labelPosition":0.0,"targetPortLocation":"leftCenter","declaredType":"TLinkVisualInfo","saveExecutionContext":false,"showLabel":false}]},"name":"Start to End","declaredType":"sequenceFlow","id":"2027.aa9483a3-0ffc-4a22-8c9d-ecb3800da6e6","sourceRef":"92499134-fecd-4828-8b32-d64f8f559475"},{"startQuantity":1,"outgoing":["2027.74663139-b721-4dc1-8f7d-10b8e7c4099f"],"incoming":["2027.aa9483a3-0ffc-4a22-8c9d-ecb3800da6e6"],"default":"2027.74663139-b721-4dc1-8f7d-10b8e7c4099f","extensionElements":{"nodeVisualInfo":[{"width":95,"x":332,"y":177,"declaredType":"TNodeVisualInfo","height":70}]},"name":"Get More Folder Containees","isForCompensation":false,"completionQuantity":1,"declaredType":"scriptTask","id":"2025.276901d7-4fbc-4ab3-8a84-ec64eda891f1","scriptFormat":"text/x-javascript","script":{"content":["console.debug(\"****BEGIN Script Get More Folder Containees****\");\r\n\r\n//tw.system.disableAutoContinue = true;‌\r\ntw.system.waitForContinueFlow();\r\n\r\nvar serviceName =\"getMoreFolderContainees\";\r\n\r\nvar csrfToken = tw.local.data && tw.local.data.csrfToken;\r\nvar appServerResource = tw.local.data && tw.local.data.serverAppResource;\r\nvar token = tw.local.data && tw.local.data.token;\r\nvar newPageNumber = tw.local.data && tw.local.data.newPageNumber;\r\nvar properties = tw.local.data && tw.local.data.properties;\r\nvar ovpProperties = tw.local.data && tw.local.data.ovpProperties;\r\n\r\nvar QUERY = \"{\" + \"\\n\" +\r\n\t\"moreIndependentObjects(\" + \"\\n\" +\r\n\t\t\"token: \\\"\" + token + \"\\\"\" + \"\\n\" +\r\n\t\")\" + \"\\n\" +\r\n\t\"{\" + \"\\n\" +\r\n\t\t\"independentObjects {\" + \"\\n\" +\r\n\t\t\t\"className\" + \"\\n\" +\r\n\t\t\t\"... on Folder {\" + \"\\n\" +\r\n\t\t\t\t\"creator\" + \"\\n\" +\r\n\t\t\t\t\"dateCreated\" + \"\\n\" +\r\n\t\t\t\t\"id\" + \"\\n\" +\r\n\t\t\t\t\"name\" + \"\\n\" +\r\n\t\t\t\t\"pathName\" + \"\\n\" +\r\n\t\t\t\t\"parent {\" + \"\\n\" +\r\n     \t\t  \t\t\t\"id\" + \"\\n\" +\r\n\t\t\t\t\t\"name\" + \"\\n\" +\r\n\t\t\t\t\t\"className\" + \"\\n\" +\r\n\t\t\t\t\t\"accessAllowed\" + \"\\n\" +\r\n\t\t\t\t\"}\" + \"\\n\" +\r\n\t\t\t\t\"accessAllowed\" + \"\\n\" +\r\n\t\t\t\"}\" + \"\\n\" +\r\n\t\t\t\"... on Document {\" + \"\\n\" +\r\n\t\t\t\t\"creator\" + \"\\n\" +\r\n\t\t\t\t\"dateCreated\" + \"\\n\" +\r\n\t\t\t\t\"id\" + \"\\n\" +\r\n\t\t\t\t\"name\" + \"\\n\" +\r\n\t\t\t\t\"mimeType\" + \"\\n\" +\r\n\t\t\t\t\"isReserved\" + \"\\n\" +\r\n\t\t\t\t\"reservation {\" + \"\\n\" +\r\n\t\t\t\t\t\"id\" + \"\\n\" +\r\n\t\t\t\t\t\"creator\" + \"\\n\" +\r\n\t\t\t\t\"}\" + \"\\n\" +\r\n\t\t\t\t\"accessAllowed\" + \"\\n\" +\r\n\t\t\t\t\"contentElements {\" + \"\\n\" +\r\n\t\t        \t\t\"elementSequenceNumber\" + \"\\n\" +\r\n\t\t      \t\t\t\"... on ContentTransfer {\" + \"\\n\" +\r\n\t\t        \t\t\t\"retrievalName\" + \"\\n\" +\r\n\t\t        \t\t\t\"downloadUrl\" + \"\\n\" +\r\n\t\t      \t\t\"}  \" + \"\\n\" +\r\n\t\t        \t\"}\" + \"\\n\" +\r\n\t\t\t      \"foldersFiledIn {\" + \"\\n\" +\r\n\t\t\t      \t\"folders {\" + \"\\n\" +\r\n\t\t\t          \t\t\"id\" + \"\\n\" +\r\n\t\t\t            \t\"accessAllowed\" + \"\\n\" +\r\n\t\t\t            \t\"name\" + \"\\n\" +\r\n\t\t\t      \t\"}\" + \"\\n\" +\r\n\t\t\t\t\"}\" + \"\\n\" +\r\n\t\t\t\t\"versionSeries {\" + \"\\n\" +\r\n\t\t\t\t\t\"id\" + \"\\n\" +\r\n\t\t\t\t\"}\" + \"\\n\" +\r\n\t\t\t\t\"cmThumbnails {\" + \"\\n\" +  \r\n\t\t\t         \"cmThumbnails {\" + \"\\n\" +  \r\n\t\t\t             \"id\" + \"\\n\" +  \r\n\t\t\t         \"}\" + \"\\n\" +  \r\n\t\t\t      \"}\" + \"\\n\" +  \r\n\t\t\t\"}\" + \"\\n\" +\r\n\t\t\t\"properties(includes: \";\r\n\t\r\n\t\t\tvar PROPS = \"[\";\r\n\t\t\tproperties.forEach(function(property) {\r\n\t\t\t\tPROPS += \"\\\"\" + property + \"\\\" \";\r\n\t\t\t});\r\n\t\t\tQUERY += PROPS += \"]\";\r\n\r\n\t\t\tQUERY += \") {\" + \"\\n\" +\r\n\t\t\t \"id\" + \"\\n\" +\r\n\t\t\t \"label\" + \"\\n\" +\r\n\t\t\t \"type\" + \"\\n\" +\r\n\t\t\t \"cardinality\" + \"\\n\" +\r\n\t\t\t \"value\" + \"\\n\" +\r\n\t\t\t \"... on ObjectProperty {\" + \"\\n\" +\r\n\t\t\t     \"objectValue {\" + \"\\n\" +\r\n\t\t\t          \"properties(includes: \";\r\n\t\t\t          \r\n\t\t\t          var OVPPROPS = \"[\";\r\n\t\t\t\t    ovpProperties.forEach(function(property) {\r\n\t\t\t\t\t  OVPPROPS += \"\\\"\" + property + \"\\\" \";\r\n\t\t\t\t    });\r\n\t\t\t          QUERY += OVPPROPS += \"]\";\r\n\t\t\t          \r\n\t\t\t          QUERY += \") {\" + \"\\n\" +\r\n\t\t\t            \"id\" + \"\\n\" +\r\n\t\t\t            \"type\" + \"\\n\" +\r\n\t\t\t            \"value\" + \"\\n\" +\r\n\t\t\t            \"... on DateTimeProperty {\" + \"\\n\" +\r\n\t\t\t\t             \"isDateOnly\" + \"\\n\" +\r\n\t\t\t            \"}\" + \"\\n\" +\t\r\n\t\t\t\t\t    \"... on DateTimeListProperty {\" + \"\\n\" +\r\n\t\t\t\t             \"isDateOnly\" + \"\\n\" +\r\n\t\t\t            \"}\" + \"\\n\" +\t\t\t\t\t\t\t\r\n\t\t\t          \"}\" + \"\\n\" +\r\n\t\t\t        \"}\" + \"\\n\" +\r\n\t\t\t      \"}\" + \"\\n\" +\r\n\t\t\t \"... on DateTimeProperty {\" + \"\\n\" +\r\n\t\t\t\t  \"isDateOnly\" + \"\\n\" +\r\n\t\t\t      \"}\" + \"\\n\" +\t\r\n             \"... on DateTimeListProperty {\" + \"\\n\" +\r\n\t\t\t\t  \"isDateOnly\" + \"\\n\" +\r\n\t\t\t      \"}\" + \"\\n\" +\t\t\t\t\t\t  \r\n\t\t\t\"}\" + \"\\n\" +\r\n\t\t\"}\" + \"\\n\" +\r\n\t\t\"pageInfo {\" + \"\\n\" +\r\n\t\t\t\"token\" + \"\\n\" +\r\n\t\t\t\"totalCount\" + \"\\n\" +\r\n\t\t\"}\" + \"\\n\" +\r\n\t\"}\" + \"\\n\" +\r\n\"}\";\r\n\r\nconsole.debug(\"Calling lookupDBARegistry\");\r\ntw.system.lookupDBARegistry(appServerResource, function(response) {\r\n\r\n\tvar options = {\r\n\t\tmethod: \"POST\",\r\n\t\tpayload: {\r\n\t\t\tquery: QUERY,\r\n\t\t\tvariables: null,\r\n\t\t\toperationName: null\r\n\t\t},\r\n\t\theaders: {\r\n\t\t\t\"ECM-CS-XSRF-Token\": csrfToken,\r\n\t\t\tCookie: \"ECM-CS-XSRF-Token=\" + csrfToken,\r\n\t\t\t\"Accept-Language\": tw.system.user.locale\r\n\t\t}\r\n\t};\r\n\t\r\n\t// Add the context root and path if they are missing for backward compatibility\r\n\tif (!response.ctxRoot) {\r\n\t\toptions.ctxRoot = \"/content-services-graphql\";\r\n\t}\r\n\tif (!response.path) {\r\n\t\toptions.path = \"/graphql\";\r\n\t}\t\r\n\tconsole.debug(\"Options: \", options);\t\r\n\tconsole.debug(\"****PAYLOAD: \", QUERY);\r\n\tconsole.debug(\"****CALLING performRequest****\");\r\n\ttw.system.performRequest(appServerResource, options, function(response, httpStatus) {\r\n\t\r\n\t\tconsole.debug(\"performRequest response: \", response);\r\n\t\tconsole.debug(\"performRequest httpStatus: \", httpStatus);\r\n\r\n\t\tif (httpStatus.statusCode != 200) {\r\n\t\t\ttw.local.error = {};\r\n\t\t\ttw.local.error.errorCode = httpStatus.statusCode;\r\n\t\t\ttw.local.error.errorText = response;\r\n\t\t\ttw.local.error.serviceInError = serviceName;\r\n\t\t} else {\r\n\t\t\tvar resultsJson = JSON.parse(response);\r\n\t\t\tif (resultsJson.errors) {\r\n\t\t\t\tvar error = resultsJson.errors[0];\r\n\t\t\t\ttw.local.error = {};\r\n\t\t\t\ttw.local.error.errorCode = error.extensions ? error.extensions.errorCode ?  error.extensions.errorCode : error.errorType : error.errorType;\r\n\t\t\t\ttw.local.error.errorText = error.extensions ? error.extensions.explanation ? error.extensions.explanation : error.message : error.message;\r\n\t\t\t\ttw.local.error.serviceInError = serviceName;\r\n\t\t\t} else {\r\n\t\t\t\tvar moreResults = resultsJson.data.moreIndependentObjects;\r\n\t\t\t\tvar indObjects = moreResults.independentObjects;\r\n\t\t\r\n\t\t\t\tvar results = [];\r\n\t\t\t\tindObjects.forEach(function(indObject) {\r\n\r\n\t\t\t\t\tvar newObject = new Object();\r\n\t\t\t\t\tnewObject.name = indObject.name;\r\n\t\t\t\t\tnewObject.id = indObject.id;\r\n\t\t\t\t\tnewObject.className = indObject.className;\r\n\t\t\t\t\tnewObject.accessAllowed = indObject.accessAllowed;\r\n\t\t\t\t\tnewObject.properties = indObject.properties;\r\n\t\t\r\n\t\t\t\t\tvar pathName = indObject.pathName;\r\n\t\t\t\t\tif (pathName != null) {\r\n\t\t\t\t\t\tnewObject.isFolder = true;\r\n\t\t\t\t\t\tnewObject.baseType = \"Folder\";\r\n\t\t\t\t\t\tnewObject.pathName = indObject.pathName;\r\n\t\t\t\t\t\tnewObject.parent = indObject.parent;\r\n\t\t\t\t\t} else {\r\n\t\t\t\t\t\tnewObject.isFolder = false;\r\n\t\t\t\t\t\tnewObject.baseType = \"Document\";\r\n\t\t\t\t\t\tnewObject.mimeType = indObject.mimeType;\r\n\t\t\t\t\t\tnewObject.isReserved = indObject.isReserved;\r\n\t\t\t\t\t\tnewObject.reservation = indObject.reservation;\r\n\t\t\t\t\t\tnewObject.contentElements = indObject.contentElements;\r\n\t\t\t\t\t\tnewObject.foldersFileIn = indObject.foldersFileIn;\r\n\t\t\t\t\t\tnewObject.versionSeriesId = indObject.versionSeries.id;\r\n\t\t\t\t\t\tnewObject.cmThumbnails = indObject.cmThumbnails;\r\n\t\t\t\t\t}\r\n\r\n\t\t\t\t\tresults.push(newObject);\r\n\t\t\t\t});\r\n\t\t\t\t\r\n\t\t\t\tvar resultSet = {\r\n\t\t\t\t\titems: results\r\n\t\t\t\t};\r\n\t\t\t\t\r\n\t\t\t\tif (moreResults.pageInfo != null) {\r\n\t\t\t\t\tresultSet.totalCount = moreResults.pageInfo.totalCount;\r\n\t\t\t\t\tresultSet.token = moreResults.pageInfo.token;\r\n\t\t\t\t\tresultSet.newPageNumber = newPageNumber;\r\n\t\t\t\t}\t\r\n\t\t\r\n\t\t\t\ttw.local.results = {\r\n\t\t\t\t\tresults: resultSet\r\n\t\t\t\t};\r\n\t\t\t}\r\n\t\t}\r\n\t\t\r\n\t\t// Signal to engine that flow can continue past this Script‌\r\n\t\ttw.system.continueFlow();\r\n\t\t\r\n\t}, function (err) {\r\n\t\tconsole.error(\"performRequest failed: \", err);\r\n\t\t\r\n\t\ttw.local.error = {};\r\n\t\ttw.local.error.errorCode = err.code ? err.code : err.errno ? err.errno : err.name;\r\n\t\ttw.local.error.errorText = err.message;\r\n\t\ttw.local.error.serviceInError = serviceName;\r\n\t\t\r\n\t\t// Signal to engine that flow can continue past this Script.\r\n\t\ttw.system.continueFlow();\r\n\t});\r\n}, function(err) {\r\n\tconsole.error(\"Error returned from lookupDBARegistry:\", err);\r\n\ttw.local.error = {};\r\n\ttw.local.error.errorCode = err.msg;\r\n\ttw.local.error.errorText = err.msg;\r\n\ttw.local.error.serviceInError = serviceName;\r\n\ttw.system.continueFlow();\r\n});\r\n\t\r\nconsole.debug(\"At the end of the script step pending response from Graphql\");\r\n"]}},{"targetRef":"310671ea-237d-4b3a-8f79-0dbab45e82b0","extensionElements":{"sequenceFlowImplementation":[{"fireValidation":"Never","sboSyncEnabled":true,"declaredType":"com.ibm.bpmsdk.model.bpmn20.ibmext.TSequenceFlowImplementation"}],"linkVisualInfo":[{"sourcePortLocation":"rightCenter","showCoachControlLabel":false,"labelPosition":0.0,"targetPortLocation":"leftCenter","declaredType":"TLinkVisualInfo","saveExecutionContext":true,"showLabel":false}]},"name":"To End","declaredType":"sequenceFlow","id":"2027.74663139-b721-4dc1-8f7d-10b8e7c4099f","sourceRef":"2025.276901d7-4fbc-4ab3-8a84-ec64eda891f1"}],"isClosed":false,"declaredType":"com.ibm.bpmsdk.model.bpmn20.ibmext.TUserTaskImplementation","id":"16a74d3c-ed41-4609-80a7-2d16788f9dca","processType":"None"}]},"implementation":"##unspecified","documentation":[{"content":["Returns a list of the items contained in a folder. Called for subsequent pages after calling getFolderContainees."],"textFormat":"text/plain"}],"name":"getMoreFolderContainees","declaredType":"globalUserTask","id":"1.631c4fce-6331-4153-8b33-a022523f2ab9","ioSpecification":{"dataOutput":[{"itemSubjectRef":"itm.12.c09c9b6e-aabd-4897-bef2-ed61db106297","documentation":[{"content":["<div>Set on success. Contains a JSON object with the following properties:</div><div>{</div><div><span style=\"white-space:pre\">\t</span>items: The list of partial Content Items representing the folders and documents in the parent folder. See the JavaScript API document for a description of Content Item.</div><div><span style=\"white-space:pre\">\t</span>totalCount: The total number of folder containees including those on other pages.</div><div><span style=\"white-space:pre\">\t</span>token: Paging token when there is more than one page of results.</div><div>}</div><div><br /></div>"],"textFormat":"text/plain"}],"name":"results","isCollection":false,"id":"2055.17e4a034-d464-452f-884e-8397b4964cd1"},{"itemSubjectRef":"itm.12.5551644c-3dc6-4161-a939-4e7f27f8ce45","documentation":[{"content":["Set on error. Contains information about why the call failed."],"textFormat":"text/plain"}],"name":"error","isCollection":false,"id":"2055.845f3b19-150f-4c73-82fa-8707e7c673c0"}],"inputSet":[{}],"outputSet":[{}],"dataInput":[{"itemSubjectRef":"itm.12.55a52370-8a26-44b9-8a2b-b8e8f53a30f1","name":"data","isCollection":false,"id":"2055.58105650-0f72-46b1-8b52-f3d86894bfb9"}]}}],"targetNamespace":"","typeLanguage":"http://www.w3.org/2001/XMLSchema","expressionLanguage":"http://www.ibm.com/xmlns/prod/bpm/expression-lang/javascript","id":"1.631c4fce-6331-4153-8b33-a022523f2ab9"}},"status":"200"}