{"data":{"metadata":{"paId":"2066.bd3841e7-7c78-4b6b-aa2b-1f9cc91afc9a","paShortName":"SYSCST","snapshotId":"2064.2ac60c1c-874b-4787-bfc1-262edfeb41d7","snapshotName":"23.0.2.0.231031231725","name":"Content Services"},"defaults":{"entry":[{"type":"S","value":""},{"type":"B","value":false},{"type":"I","value":0},{"type":"D","value":0.0},{"type":"DT","value":null},{"type":"DT","value":null}]},"templates":{"variableTemplates":[{"modelId":"1.71207256-bac9-46f2-a833-932a1312165c","parentId":"1.71207256-bac9-46f2-a833-932a1312165c","variableTemplate":[{"id":"2055.76af5235-fcbb-45f9-8b6f-be020eaf16f2","name":"data","boTemplateName":"CSG"},{"id":"2055.0016635c-14c8-4815-854c-eb43bcb38c3a","name":"results","boTemplateName":"A"},{"id":"2055.fb03fd1d-55c1-42e4-8d05-7d47f4248359","name":"error","boTemplateName":"Aja"}]}],"boTemplate":[{"id":"12.8b6336df-b875-407a-97d8-0810c860f007","name":"CSG","property":[{"name":"classId","type":"S","isList":false},{"name":"classDef","type":"S","isList":false},{"name":"repository","type":"S","isList":false},{"name":"serverAppResource","type":"S","isList":false},{"name":"csrfToken","type":"S","isList":false}]},{"id":"12.5551644c-3dc6-4161-a939-4e7f27f8ce45","name":"Aja","property":[{"name":"errorText","type":"S","isList":false},{"name":"errorCode","type":"S","isList":false},{"name":"serviceInError","type":"S","isList":false}]}]},"model":{"rootElement":[{"extensionElements":{"userTaskImplementation":[{"flowElement":[{"parallelMultiple":false,"outgoing":["2027.1e1d25c0-8d06-4cf7-888f-3b57ec91f4b2"],"isInterrupting":true,"extensionElements":{"nodeVisualInfo":[{"color":"#F8F8F8","width":24,"x":50,"y":200,"declaredType":"TNodeVisualInfo","height":24}]},"name":"Start","declaredType":"startEvent","id":"a2e55140-db87-45bc-856f-5e98981a08ed"},{"incoming":["2027.d9a812b0-0754-4546-88ab-4aacde6f26a3"],"extensionElements":{"nodeVisualInfo":[{"color":"#F8F8F8","width":24,"x":700,"y":200,"declaredType":"TNodeVisualInfo","height":24}],"navigationInstructions":[{"targetType":"Default","declaredType":"com.ibm.bpmsdk.model.bpmn20.ibmext.TNavigationInstructions"}]},"name":"End","declaredType":"endEvent","id":"6d3e8678-2356-4e00-86ec-6eb1e8cc3dba"},{"targetRef":"2025.7713f2d8-79e9-466b-8f34-ec234e0fd851","extensionElements":{"linkVisualInfo":[{"sourcePortLocation":"rightCenter","showCoachControlLabel":false,"labelPosition":0.0,"targetPortLocation":"leftCenter","declaredType":"TLinkVisualInfo","saveExecutionContext":false,"showLabel":false}]},"name":"To Get Class Action","declaredType":"sequenceFlow","id":"2027.1e1d25c0-8d06-4cf7-888f-3b57ec91f4b2","sourceRef":"a2e55140-db87-45bc-856f-5e98981a08ed"},{"startQuantity":1,"outgoing":["2027.d9a812b0-0754-4546-88ab-4aacde6f26a3"],"incoming":["2027.1e1d25c0-8d06-4cf7-888f-3b57ec91f4b2"],"default":"2027.d9a812b0-0754-4546-88ab-4aacde6f26a3","extensionElements":{"nodeVisualInfo":[{"width":95,"x":302,"y":176,"declaredType":"TNodeVisualInfo","height":70}]},"name":"Get Class Action","isForCompensation":false,"completionQuantity":1,"declaredType":"scriptTask","id":"2025.7713f2d8-79e9-466b-8f34-ec234e0fd851","scriptFormat":"text/x-javascript","script":{"content":["console.debug(\"****BEGIN Script Get Class Access****\");\r\n\r\ntw.system.waitForContinueFlow();\r\n\r\nvar serviceName =\"getClassAccess\";\r\n\r\nvar csrfToken = tw.local.data && tw.local.data.csrfToken;\r\nvar appServerResource = tw.local.data && tw.local.data.serverAppResource;\r\nvar repository = tw.local.data && tw.local.data.repository;\r\nvar classDef = tw.local.data && tw.local.data.classDef;\r\nvar classId = tw.local.data && tw.local.data.classId;\r\n\r\nvar QUERY = \"{object(\" + \"\\n\" +\r\n\t\t\"repositoryIdentifier: \\\"\" + repository + \"\\\",\" + \"\\n\" +\r\n\t\t\"classIdentifier: \\\"\" + classDef + \"\\\"\" + \"\\n\" +\r\n\t\t\"identifier: \\\"\" + classId + \"\\\"\" + \"\\n\" +\r\n  \t\")\" + \"\\n\" +\r\n\t\"{\" + \"\\n\" +\r\n\t\t\"className\" + \"\\n\" +\r\n\t\t \"... on ClassDefinition {\" + \"\\n\" +\r\n\t\t      \"symbolicName\" + \"\\n\" +\r\n\t\t      \"accessAllowed\" + \"\\n\" +\r\n\t\t\"}\" + \"\\n\" +\t\r\n  \t\"}\" + \"\\n\" +\r\n\"}\";\r\n\r\nconsole.debug(\"Calling lookupDBARegistry\");\r\ntw.system.lookupDBARegistry(appServerResource, function(response) {\r\n\r\n\tvar options = {\r\n\t\tmethod: \"POST\",\r\n\t\tpayload: {\r\n\t\t\tquery: QUERY,\r\n\t\t\tvariables: null,\r\n\t\t\toperationName: null\r\n\t\t},\r\n\t\theaders: {\r\n\t\t\t\"ECM-CS-XSRF-Token\": csrfToken,\r\n\t\t\tCookie: \"ECM-CS-XSRF-Token=\" + csrfToken,\r\n\t\t\t\"Accept-Language\": tw.system.user.locale\r\n\t\t}\r\n\t};\r\n\t\r\n\t// Add the context root and path if they are missing for backward compatibility\r\n\tif (!response.ctxRoot){\r\n\t\toptions.ctxRoot = \"/content-services-graphql\";\r\n\t}\r\n\tif (!response.path){\r\n\t\toptions.path = \"/graphql\";\r\n\t}\t\r\n\tconsole.debug(\"Options: \", options);\t\r\n\tconsole.debug(\"****PAYLOAD: \", QUERY);\r\n\tconsole.debug(\"****CALLING performRequest****\");\r\n\ttw.system.performRequest(appServerResource, options, function(response, httpStatus) {\r\n\r\n\t\tconsole.debug(\"performRequest response: \", response);\r\n\t\tconsole.debug(\"performRequest httpStatus: \", httpStatus);\r\n\r\n\t\tif (httpStatus.statusCode != 200){\r\n\t\t\ttw.local.error = {};\r\n\t\t\ttw.local.error.errorCode = httpStatus.statusCode;\r\n\t\t\ttw.local.error.errorText = response;\r\n\t\t\ttw.local.error.serviceInError = serviceName;\r\n\t\t}\r\n\t\telse {\r\n\t\t\tvar resultsJson = JSON.parse(response);\r\n\t\t\tif (resultsJson.errors){\r\n\t\t\t\tvar error = resultsJson.errors[0];\r\n\t\t\t\ttw.local.error.errorCode = error.extensions ? error.extensions.errorCode ?  error.extensions.errorCode : error.errorType : error.errorType;\r\n\t\t\t\ttw.local.error.errorText = error.extensions ? error.extensions.explanation ? error.extensions.explanation : error.message : error.message;\r\n\t\t\t\ttw.local.error.serviceInError = serviceName;\r\n\t\t\t} else {\r\n\t\t\t\ttw.local.results = {\r\n\t\t\t\t\tresults: resultsJson.data.object\r\n\t\t\t\t};\r\n\t\t\t}\r\n\r\n\t\t\t// Signal to engine that flow can continue past this Script?\r\n\t\t\ttw.system.continueFlow();\r\n\t\t}\r\n\t}, function (err) {\r\n\t\tconsole.error(\"performRequest failed: \", err);\r\n\t\t\r\n\t\ttw.local.error = {};\r\n\t\ttw.local.error.errorCode = err.code ? err.code : err.errno ? err.errno : err.name;\r\n\t\ttw.local.error.errorText = err.message;\r\n\t\ttw.local.error.serviceInError = serviceName;\r\n\t\t\r\n\t\t// Signal to engine that flow can continue past this Script?\r\n\t\ttw.system.continueFlow();\r\n\t});\r\n}, function(err) {\r\n\tconsole.error(\"Error returned from lookupDBARegistry:\", err);\r\n\ttw.local.error = {};\r\n\ttw.local.error.errorCode = err.msg;\r\n\ttw.local.error.errorText = err.msg;\r\n\ttw.local.error.serviceInError = serviceName;\r\n\ttw.system.continueFlow();\r\n});\t\t\t\t\r\n"]}},{"targetRef":"6d3e8678-2356-4e00-86ec-6eb1e8cc3dba","extensionElements":{"sequenceFlowImplementation":[{"fireValidation":"Never","sboSyncEnabled":true,"declaredType":"com.ibm.bpmsdk.model.bpmn20.ibmext.TSequenceFlowImplementation"}],"linkVisualInfo":[{"sourcePortLocation":"rightCenter","showCoachControlLabel":false,"labelPosition":0.0,"targetPortLocation":"leftCenter","declaredType":"TLinkVisualInfo","saveExecutionContext":true,"showLabel":false}]},"name":"Start to End","declaredType":"sequenceFlow","id":"2027.d9a812b0-0754-4546-88ab-4aacde6f26a3","sourceRef":"2025.7713f2d8-79e9-466b-8f34-ec234e0fd851"}],"isClosed":false,"declaredType":"com.ibm.bpmsdk.model.bpmn20.ibmext.TUserTaskImplementation","id":"90c4df8f-6fe4-4e25-85d6-56b5a77e38da","processType":"None"}]},"implementation":"##unspecified","documentation":[{"textFormat":"text/plain"}],"name":"getClassAccess","declaredType":"globalUserTask","id":"1.71207256-bac9-46f2-a833-932a1312165c","ioSpecification":{"dataOutput":[{"itemSubjectRef":"itm.12.c09c9b6e-aabd-4897-bef2-ed61db106297","documentation":[{"content":["Set on success. Contains a JSON object with the accessAllowed property for the class."],"textFormat":"text/plain"}],"name":"results","isCollection":false,"id":"2055.0016635c-14c8-4815-854c-eb43bcb38c3a"},{"itemSubjectRef":"itm.12.5551644c-3dc6-4161-a939-4e7f27f8ce45","documentation":[{"content":["Set on error. Contains information about why the call failed."],"textFormat":"text/plain"}],"name":"error","isCollection":false,"id":"2055.fb03fd1d-55c1-42e4-8d05-7d47f4248359"}],"inputSet":[{}],"outputSet":[{}],"dataInput":[{"itemSubjectRef":"itm.12.8b6336df-b875-407a-97d8-0810c860f007","name":"data","isCollection":false,"id":"2055.76af5235-fcbb-45f9-8b6f-be020eaf16f2"}]}}],"targetNamespace":"","typeLanguage":"http://www.w3.org/2001/XMLSchema","expressionLanguage":"http://www.ibm.com/xmlns/prod/bpm/expression-lang/javascript","id":"1.71207256-bac9-46f2-a833-932a1312165c"}},"status":"200"}