{"data":{"metadata":{"paId":"2066.bd3841e7-7c78-4b6b-aa2b-1f9cc91afc9a","paShortName":"SYSCST","snapshotId":"2064.2ac60c1c-874b-4787-bfc1-262edfeb41d7","snapshotName":"23.0.2.0.231031231725","name":"Content Services"},"defaults":{"entry":[{"type":"S","value":""},{"type":"B","value":false},{"type":"I","value":0},{"type":"D","value":0.0},{"type":"DT","value":null},{"type":"DT","value":null}]},"templates":{"variableTemplates":[{"modelId":"1.897da0d9-a551-4ab0-8a59-62b71e634480","parentId":"1.897da0d9-a551-4ab0-8a59-62b71e634480","variableTemplate":[{"id":"2055.b24850ae-1db5-4411-8ecd-a782a4ed2faf","name":"data","boTemplateName":"CSR"},{"id":"2055.2a9e9bcd-77a0-4ac0-8910-ca48be1f4561","name":"results","boTemplateName":"A"},{"id":"2055.0bb0597f-db21-4f2b-85c5-39eaf6bc7010","name":"error","boTemplateName":"Aja"}]}],"boTemplate":[{"id":"12.63f8dc85-d22d-4e26-9b45-0bc6f2090f0b","name":"CSR","property":[{"name":"csrfToken","type":"S","isList":false},{"name":"serverAppResource","type":"S","isList":false},{"name":"repository","type":"S","isList":false},{"name":"batchId","type":"S","isList":false},{"name":"batchClassId","type":"S","isList":false},{"name":"batchStatus","type":"I","isList":false},{"name":"batchError","type":"S","isList":false},{"name":"changeSets","type":"S","isList":true}]},{"id":"12.5551644c-3dc6-4161-a939-4e7f27f8ce45","name":"Aja","property":[{"name":"errorText","type":"S","isList":false},{"name":"errorCode","type":"S","isList":false},{"name":"serviceInError","type":"S","isList":false}]}]},"model":{"rootElement":[{"extensionElements":{"userTaskImplementation":[{"flowElement":[{"parallelMultiple":false,"outgoing":["2027.41c59fb0-a6c1-4c5f-8235-676a3cf49d90"],"isInterrupting":true,"extensionElements":{"nodeVisualInfo":[{"color":"#F8F8F8","width":24,"x":50,"y":200,"declaredType":"TNodeVisualInfo","height":24}]},"name":"Start","declaredType":"startEvent","id":"b3e6020d-1dba-482e-80d7-8edd2226edfe"},{"incoming":["2027.655ffab0-9844-4c29-8da3-dfa1dee088d6"],"extensionElements":{"nodeVisualInfo":[{"color":"#F8F8F8","width":24,"x":700,"y":200,"declaredType":"TNodeVisualInfo","height":24}],"navigationInstructions":[{"targetType":"Default","declaredType":"com.ibm.bpmsdk.model.bpmn20.ibmext.TNavigationInstructions"}]},"name":"End","declaredType":"endEvent","id":"4a8b0d50-c9ea-4542-814e-fda4c886d6a0"},{"targetRef":"2025.4e732493-fe5d-4812-871e-510e941a04ba","extensionElements":{"linkVisualInfo":[{"sourcePortLocation":"rightCenter","showCoachControlLabel":false,"labelPosition":0.0,"targetPortLocation":"leftCenter","declaredType":"TLinkVisualInfo","saveExecutionContext":false,"showLabel":false}]},"name":"Start to End","declaredType":"sequenceFlow","id":"2027.41c59fb0-a6c1-4c5f-8235-676a3cf49d90","sourceRef":"b3e6020d-1dba-482e-80d7-8edd2226edfe"},{"startQuantity":1,"outgoing":["2027.655ffab0-9844-4c29-8da3-dfa1dee088d6"],"incoming":["2027.41c59fb0-a6c1-4c5f-8235-676a3cf49d90"],"default":"2027.655ffab0-9844-4c29-8da3-dfa1dee088d6","extensionElements":{"nodeVisualInfo":[{"width":95,"x":327,"y":177,"declaredType":"TNodeVisualInfo","height":70}]},"name":"Resubmit Batch","isForCompensation":false,"completionQuantity":1,"declaredType":"scriptTask","id":"2025.4e732493-fe5d-4812-871e-510e941a04ba","scriptFormat":"text/x-javascript","script":{"content":["console.debug(\"****BEGIN Script Resubmit Batch****\");\r\n\r\ntw.system.waitForContinueFlow();\r\n\r\nvar csrfToken = tw.local.data && tw.local.data.csrfToken;\r\nvar appServerResource = tw.local.data && tw.local.data.serverAppResource;\r\nvar repository = tw.local.data && tw.local.data.repository;\r\nvar batchId = tw.local.data && tw.local.data.batchId;\r\nvar batchClassId = tw.local.data && tw.local.data.batchClassId;\r\nvar batchStatus = tw.local.data && tw.local.data.batchStatus;\r\nvar batchError = tw.local.data && tw.local.data.batchError;\r\nvar changeSets = tw.local.data && tw.local.data.changeSets;\r\n\r\nvar QUERY = \"mutation {\\n\";\r\n\r\n\tfor (var i = 0; i < changeSets.length; i++) {\r\n\t\tvar changeSet = changeSets[i];\r\n\r\n\t\tif (changeSet.action == \"properties\") {\r\n\t\t\tvar updateControllerName = getUniqueName(\"updateController\", changeSet.controllerId);\r\n\r\n\t\t\tQUERY += updateControllerName + \":updateCmAbstractPersistable(\\n\" +\r\n\t\t\t\t\"repositoryIdentifier: \\\"\" + repository + \"\\\",\\n\" +\r\n\t\t\t\t\"identifier: \\\"\" + changeSet.controllerId + \"\\\",\\n\" +\r\n\t\t\t\t\"classIdentifier: \\\"\" + changeSet.controllerClassId + \"\\\",\\n\" +\r\n\t\t\t\t\"cmAbstractPersistableProperties: {\\n\" +\r\n\t\t\t\t\t\"properties: [\\n\";\r\n\t\t\t\t\t\t\t\t\r\n\t\t\t\t\tfor (var j = 0; j < changeSet.controllerProperties.length; j++) {\r\n\t\t\t\t\t\tvar property = changeSet.controllerProperties[j];\r\n\t\t\t\t\t\tif (property.dataType == \"STRING\") {\r\n\t\t\t\t\t\t\tQUERY += \"{\" + property.symbolicName + \": \\\"\" + property.value + \"\\\"}\";\r\n\t\t\t\t\t\t} else {\r\n\t\t\t\t\t\t\tQUERY += \"{\" + property.symbolicName + \": \" + property.value + \"}\";\r\n\t\t\t\t\t\t}\r\n\t\t\t\t\t\tif (j < changeSet.controllerProperties.length - 1) {\r\n\t\t\t\t\t\t\tQUERY += \",\\n\";\r\n\t\t\t\t\t\t} else {\r\n\t\t\t\t\t\t\tQUERY += \"\\n\";\r\n\t\t\t\t\t\t}\r\n\t\t\t\t\t}\r\n\t\t\t\t\r\n\t\t\t\t\tQUERY += \t\"]\\n\" +\r\n\t\t\t\t\"}\\n\" +\t\t\r\n\t\t\t\")\\n\" +\r\n\t\t\t\"{\\n\" +\r\n\t\t\t\t\"id\\n\" +\r\n\t\t\t\"}\\n\";\t\r\n\t\t}\r\n\t}\r\n\t\r\n\tQUERY += \"updateCmAbstractPersistable(\\n\" +\r\n\t\t\"repositoryIdentifier: \\\"\" + repository + \"\\\",\\n\" +\r\n\t\t\"identifier: \\\"\" + batchId + \"\\\",\\n\" +\r\n\t\t\"classIdentifier: \\\"\" + batchClassId + \"\\\",\\n\" +\r\n\t\t\"cmAbstractPersistableProperties: {\\n\" +\r\n\t\t\t\"properties: [\\n\" +\r\n\t\t\t\t\"{DbaBatchStatus: \" + batchStatus + \"},\\n\" +\r\n\t\t\t\t\"{DbaBatchError: \\\"\" + batchError + \"\\\"}\\n\" +\r\n                  \"]\\n\" +\r\n\t\t\"}\\n\" +\r\n\t\")\\n\" +\r\n\t\"{\\n\" +\r\n\t\t\"id\\n\" +\r\n\t\"}\\n\";\r\n\r\nQUERY += \"}\";\r\n\r\nconsole.debug(\"Calling lookupDBARegistry\");\r\ntw.system.lookupDBARegistry(appServerResource, function(response) {\r\n\r\n\tvar options = {\r\n\t\tmethod: \"POST\",\r\n\t\tpayload: {\r\n\t\t\tquery: QUERY,\r\n\t\t\tvariables: null,\r\n\t\t\toperationName: null\r\n\t\t},\r\n\t\theaders: {\r\n\t\t\t\"ECM-CS-XSRF-Token\": csrfToken,\r\n\t\t\tCookie: \"ECM-CS-XSRF-Token=\" + csrfToken,\r\n\t\t\t\"Accept-Language\": tw.system.user.locale\r\n\t\t}\r\n\t};\r\n\t\r\n\t// Add the context root and path if they are missing for backward compatibility\r\n\tif (!response.ctxRoot){\r\n\t\toptions.ctxRoot = \"/content-services-graphql\";\r\n\t}\r\n\tif (!response.path){\r\n\t\toptions.path = \"/graphql\";\r\n\t}\t\r\n\tconsole.debug(\"Options: \", options);\t\r\n\tconsole.debug(\"****PAYLOAD: \", QUERY);\r\n\tconsole.debug(\"****CALLING performRequest****\");\r\n\t\r\n\ttw.system.performRequest(appServerResource, options, function(response, httpStatus) {\r\n\t\r\n\t\tconsole.debug(\"performRequest completed: \", response);\r\n\t\t\r\n\t\tvar resultsJson = JSON.parse(response);\r\n\t\tvar data = resultsJson.data;\r\n\t\t\r\n\t\tif (data) {\r\n\t\t\ttw.local.results = {\r\n\t\t\t\tdata: data,\r\n\t\t\t\tbatchId: batchId\r\n\t\t\t};\r\n\t\t} else {\r\n\t\t\tvar errors = resultsJson.errors;\r\n\t\t\ttw.local.error = errors;\r\n\t\t}\r\n\t\t// Signal to engine that flow can continue past this Script‌\r\n\t\ttw.system.continueFlow();\r\n\t\t\r\n\t}, function (err) {\r\n\t\tconsole.error(\"performRequest failed: \", err);\r\n\r\n\t\ttw.local.error = err;\r\n\t\t\r\n\t\t// Signal to engine that flow can continue past this Script‌\r\n\t\ttw.system.continueFlow();\r\n\t});\r\n}, function(err) {\r\n\tconsole.error(\"Error returned from lookupDBARegistry:\", err);\r\n\ttw.local.error = {};\r\n\ttw.local.error.errorCode = err.msg;\r\n\ttw.local.error.errorText = err.msg;\r\n\ttw.local.error.serviceInError = serviceName;\r\n\ttw.system.continueFlow();\r\n});\r\n\r\nfunction getUniqueName(prefix, id) {\r\n\tvar uniqueName = prefix +  id.replace(/[{}]/g, \"\").replace(/-/g, \"_\");\r\n\treturn uniqueName;\r\n};\r\n\t\r\nconsole.debug(\"At the end of the script step pending response from Graphql\");\r\n"]}},{"targetRef":"4a8b0d50-c9ea-4542-814e-fda4c886d6a0","extensionElements":{"sequenceFlowImplementation":[{"fireValidation":"Never","sboSyncEnabled":true,"declaredType":"com.ibm.bpmsdk.model.bpmn20.ibmext.TSequenceFlowImplementation"}],"linkVisualInfo":[{"sourcePortLocation":"rightCenter","showCoachControlLabel":false,"labelPosition":0.0,"targetPortLocation":"leftCenter","declaredType":"TLinkVisualInfo","saveExecutionContext":true,"showLabel":false}]},"name":"To End","declaredType":"sequenceFlow","id":"2027.655ffab0-9844-4c29-8da3-dfa1dee088d6","sourceRef":"2025.4e732493-fe5d-4812-871e-510e941a04ba"}],"isClosed":false,"declaredType":"com.ibm.bpmsdk.model.bpmn20.ibmext.TUserTaskImplementation","id":"a955dba5-6365-4346-8c52-0b8cb94bd5ac","processType":"None"}]},"implementation":"##unspecified","documentation":[{"textFormat":"text/plain"}],"name":"resubmitBatch","declaredType":"globalUserTask","id":"1.897da0d9-a551-4ab0-8a59-62b71e634480","ioSpecification":{"dataOutput":[{"itemSubjectRef":"itm.12.c09c9b6e-aabd-4897-bef2-ed61db106297","name":"results","isCollection":false,"id":"2055.2a9e9bcd-77a0-4ac0-8910-ca48be1f4561"},{"itemSubjectRef":"itm.12.5551644c-3dc6-4161-a939-4e7f27f8ce45","name":"error","isCollection":false,"id":"2055.0bb0597f-db21-4f2b-85c5-39eaf6bc7010"}],"inputSet":[{}],"outputSet":[{}],"dataInput":[{"itemSubjectRef":"itm.12.63f8dc85-d22d-4e26-9b45-0bc6f2090f0b","name":"data","isCollection":false,"id":"2055.b24850ae-1db5-4411-8ecd-a782a4ed2faf"}]}}],"targetNamespace":"","typeLanguage":"http://www.w3.org/2001/XMLSchema","expressionLanguage":"http://www.ibm.com/xmlns/prod/bpm/expression-lang/javascript","id":"1.897da0d9-a551-4ab0-8a59-62b71e634480"}},"status":"200"}