{"data":{"metadata":{"paId":"2066.bd3841e7-7c78-4b6b-aa2b-1f9cc91afc9a","paShortName":"SYSCST","snapshotId":"2064.2ac60c1c-874b-4787-bfc1-262edfeb41d7","snapshotName":"23.0.2.0.231031231725","name":"Content Services"},"defaults":{"entry":[{"type":"S","value":""},{"type":"B","value":false},{"type":"I","value":0},{"type":"D","value":0.0},{"type":"DT","value":null},{"type":"DT","value":null}]},"templates":{"variableTemplates":[{"modelId":"1.8e14f9e6-ad2a-440b-b6e0-441ac2d474c0","parentId":"1.8e14f9e6-ad2a-440b-b6e0-441ac2d474c0","variableTemplate":[{"id":"2055.beebd55e-fcda-4315-87e8-1a6bce797e8a","name":"data","boTemplateName":"CSG"},{"id":"2055.5260d621-8be7-40e6-878e-8bdc2f3cb326","name":"results","boTemplateName":"A"},{"id":"2055.675d1162-41cc-4d11-8f23-7f53c0a10cdc","name":"error","boTemplateName":"Aja"}]}],"boTemplate":[{"id":"12.84781efb-6db1-45b1-a5e1-91127c06e52f","name":"CSG","property":[{"name":"csrfToken","type":"S","isList":false},{"name":"appServerResource","type":"S","isList":false},{"name":"repository","type":"S","isList":false},{"name":"documentBaseType","type":"S","isList":false},{"name":"batchId","type":"S","isList":false},{"name":"ovpProperties","type":"S","isList":true},{"name":"token","type":"S","isList":false}]},{"id":"12.5551644c-3dc6-4161-a939-4e7f27f8ce45","name":"Aja","property":[{"name":"errorText","type":"S","isList":false},{"name":"errorCode","type":"S","isList":false},{"name":"serviceInError","type":"S","isList":false}]}]},"model":{"rootElement":[{"extensionElements":{"userTaskImplementation":[{"flowElement":[{"parallelMultiple":false,"outgoing":["2027.59e93ed2-d317-47cf-805b-74aff7f09a69"],"isInterrupting":true,"extensionElements":{"nodeVisualInfo":[{"color":"#F8F8F8","width":24,"x":50,"y":200,"declaredType":"TNodeVisualInfo","height":24}]},"name":"Start","declaredType":"startEvent","id":"6a794133-c23a-4958-8240-c9d41f373b3e"},{"incoming":["2027.9b0d5d1d-3a33-412a-8383-2bc5a048cbb3"],"extensionElements":{"nodeVisualInfo":[{"color":"#F8F8F8","width":24,"x":700,"y":200,"declaredType":"TNodeVisualInfo","height":24}],"navigationInstructions":[{"targetType":"Default","declaredType":"com.ibm.bpmsdk.model.bpmn20.ibmext.TNavigationInstructions"}]},"name":"End","declaredType":"endEvent","id":"0a8f80af-f9b6-45d8-85a5-b34d65609f92"},{"targetRef":"2025.9888eeab-e065-4c63-81d7-bab234199deb","extensionElements":{"linkVisualInfo":[{"sourcePortLocation":"rightCenter","showCoachControlLabel":false,"labelPosition":0.0,"targetPortLocation":"leftCenter","declaredType":"TLinkVisualInfo","saveExecutionContext":false,"showLabel":false}]},"name":"To Get More Batch Objects","declaredType":"sequenceFlow","id":"2027.59e93ed2-d317-47cf-805b-74aff7f09a69","sourceRef":"6a794133-c23a-4958-8240-c9d41f373b3e"},{"startQuantity":1,"outgoing":["2027.9b0d5d1d-3a33-412a-8383-2bc5a048cbb3"],"incoming":["2027.59e93ed2-d317-47cf-805b-74aff7f09a69"],"default":"2027.9b0d5d1d-3a33-412a-8383-2bc5a048cbb3","extensionElements":{"nodeVisualInfo":[{"width":95,"x":324,"y":177,"declaredType":"TNodeVisualInfo","height":70}]},"name":"Get More Batch Objects","isForCompensation":false,"completionQuantity":1,"declaredType":"scriptTask","id":"2025.9888eeab-e065-4c63-81d7-bab234199deb","scriptFormat":"text/x-javascript","script":{"content":["console.debug(\"****BEGIN Script Get More Batch Objects****\");\r\n\r\n//tw.system.disableAutoContinue = true;‌\r\ntw.system.waitForContinueFlow();\r\n\r\nvar serviceName =\"getMoreBatchObjects\";\r\n\r\nvar csrfToken = tw.local.data && tw.local.data.csrfToken;\r\nvar appServerResource = tw.local.data && tw.local.data.serverAppResource;\r\nvar repository = tw.local.data && tw.local.data.repository;\r\nvar documentBaseType = tw.local.data && tw.local.data.documentBaseType;\r\nvar batchId = tw.local.data && tw.local.data.batchId;\r\nvar token = tw.local.data && tw.local.data.token;\r\nvar ovpProperties = tw.local.data && tw.local.data.ovpProperties;\r\n\r\n\r\nvar QUERY = \"{\" + \"\\n\" +\r\n    \"moreRepositoryRows(\" + \"\\n\" +\r\n        \"token: \\\"\" + token + \"\\\",\" + \"\\n\" +\r\n    \")\" + \"\\n\" +\r\n    \"{\" + \"\\n\" +\r\n        \"repositoryRows {\" + \"\\n\" +\r\n            \"properties {\" + \"\\n\" +\r\n                \"id\" + \"\\n\" +\r\n                \"label\" + \"\\n\" +\r\n                \"type\" + \"\\n\" +\r\n                \"cardinality\" + \"\\n\" +\r\n                \"value\" + \"\\n\" +\r\n                \"... on DateTimeProperty {\" + \"\\n\" +\r\n\t\t\t\t\"isDateOnly\" + \"\\n\" +\r\n\t    \t    \"}\" + \"\\n\" +\t\r\n\t\t    \"... on DateTimeListProperty {\" + \"\\n\" +\r\n\t\t\t\t\"isDateOnly\" + \"\\n\" +\r\n\t\t    \"}\" + \"\\n\" +\t        \t\t\r\n                \"... on ObjectProperty {\" + \"\\n\" +\r\n\t\t        \"objectValue {\" + \"\\n\" +\r\n\t\t            \"className\" + \"\\n\" +\r\n\t\t\t      \"properties(includes: \";\r\n\t\t\t          \r\n\t\t\t      var OVPPROPS = \"[\";\r\n\t\t\t\tovpProperties.forEach(function(property) {\r\n\t\t\t\t    OVPPROPS += \"\\\"\" + property + \"\\\" \";\r\n\t\t\t\t});\r\n\t\t\t      QUERY += OVPPROPS += \"]\";\r\n\t\t\t          \r\n\t\t\t      QUERY += \") {\" + \"\\n\" +\r\n\t\t              \"id\" + \"\\n\" +\r\n\t\t              \"type\" + \"\\n\" +\r\n\t\t              \"value\" + \"\\n\" +\r\n\t\t\t\t\t  \"... on DateTimeProperty {\" + \"\\n\" +\r\n\t\t\t\t\t\t\"isDateOnly\" + \"\\n\" +\r\n\t\t\t\t\t  \"}\" + \"\\n\" +\t\r\n\t\t\t\t\t\t\"... on DateTimeListProperty {\" + \"\\n\" +\r\n\t\t\t\t\t\t\"isDateOnly\" + \"\\n\" +\r\n\t\t\t\t\t\"}\" + \"\\n\" +\t        \t\t\r\n\t\t            \"}\" + \"\\n\" +\r\n\t\t        \"}\" + \"\\n\" +\r\n\t\t    \"}\" + \"\\n\" +\r\n\t\t\t\"... on EnumProperty {\" + \"\\n\" +\r\n\t          \t\t\"independentObjectSetValue {\" + \"\\n\" +\r\n\t\t\t\t      \"independentObjects {\" + \"\\n\" +\r\n\t              \t\t\t\"className\" + \"\\n\" +\r\n\t\t\t\t\t\t\"... on Annotation {\" + \"\\n\" +\r\n\t                 \t\t\t\t\"className\" + \"\\n\" +\r\n\t            \t\t\t\t\"dateCreated\" + \"\\n\" +\r\n\t            \t\t\t\t\"contentElements {\" + \"\\n\" +\r\n\t\t\t\t\t\t\t\t\"elementSequenceNumber\" + \"\\n\" +\r\n\t\t\t\t\t\t\t\t\"... on ContentTransfer {\" + \"\\n\" +\r\n\t\t\t\t\t\t        \t\t\"retrievalName\" + \"\\n\" +\r\n\t\t\t\t\t\t       \t\t \"downloadUrl\" + \"\\n\" +\r\n\t\t\t\t\t\t      \t\"}  \" + \"\\n\" +\r\n\t\t\t\t\t\t\t\"}\" + \"\\n\" +\r\n\t              \t\t\t\"}\" + \"\\n\" +              \r\n\t            \t\t\"}\" + \"\\n\" +            \r\n\t          \t\t\"}\" + \"\\n\" +\r\n\t        \t\"}\" + \"\\n\" +\r\n\t\t    \"... on ObjectListProperty {\" + \"\\n\" +\r\n\t              \"objectListValue {\" + \"\\n\" +\r\n\t                  \"... on ContentTransfer {\" + \"\\n\" +\r\n\t                      \"contentType\" + \"\\n\" +\r\n\t                      \"elementSequenceNumber\" + \"\\n\" +\r\n\t                      \"retrievalName\" + \"\\n\" +\r\n\t                  \"}\" + \"\\n\" +\r\n\t              \"}\" + \"\\n\" +\r\n\t          \"}\" + \"\\n\" +\r\n            \"}\" + \"\\n\" +\r\n        \"}\" + \"\\n\" +   \r\n        \"pageInfo {\" + \"\\n\" +   \r\n\t      \"token\" + \"\\n\" +   \r\n\t      \"totalCount\" + \"\\n\" +   \r\n  \t  \"}\" + \"\\n\" +   \r\n    \"}\" + \"\\n\" +   \r\n\"}\";\r\n\r\nconsole.debug(\"Calling lookupDBARegistry\");\r\ntw.system.lookupDBARegistry(appServerResource, function(response) {\r\n\r\n\tvar options = {\r\n\t\tmethod: \"POST\",\r\n\t\tpayload: {\r\n\t\t\tquery: QUERY,\r\n\t\t\tvariables: null,\r\n\t\t\toperationName: null\r\n\t\t},\r\n\t\theaders: {\r\n\t\t\t\"ECM-CS-XSRF-Token\": csrfToken,\r\n\t\t\tCookie: \"ECM-CS-XSRF-Token=\" + csrfToken,\r\n\t\t\t\"Accept-Language\": tw.system.user.locale\r\n\t\t}\r\n\t};\r\n\t\r\n\t// Add the context root and path if they are missing for backward compatibility\r\n\tif (!response.ctxRoot) {\r\n\t\toptions.ctxRoot = \"/content-services-graphql\";\r\n\t}\r\n\tif (!response.path) {\r\n\t\toptions.path = \"/graphql\";\r\n\t}\t\r\n\tconsole.debug(\"Options: \", options);\t\r\n\tconsole.debug(\"****PAYLOAD: \", QUERY);\r\n\tconsole.debug(\"****CALLING performRequest****\");\r\n\ttw.system.performRequest(appServerResource, options, function(response, httpStatus) {\r\n\t\r\n\t\tconsole.debug(\"performRequest response: \", response);\r\n\t\tconsole.debug(\"performRequest httpStatus: \", httpStatus);\r\n\r\n\t\tif (httpStatus.statusCode != 200) {\r\n\t\t\ttw.local.error = {};\r\n\t\t\ttw.local.error.errorCode = httpStatus.statusCode;\r\n\t\t\ttw.local.error.errorText = response;\r\n\t\t\ttw.local.error.serviceInError = serviceName;\r\n\t\t} else {\r\n\t\t\tvar results = [];\r\n\t\t\t\r\n\t\t\tvar resultsJson = JSON.parse(response);\r\n\t\t\tif (resultsJson.errors) {\r\n\t\t\t\tvar error = resultsJson.errors[0];\r\n\t\t\t\ttw.local.error = {};\r\n\t\t\t\ttw.local.error.errorCode = error.extensions ? error.extensions.errorCode ?  error.extensions.errorCode : error.errorType : error.errorType;\r\n\t\t\t\ttw.local.error.errorText = error.extensions ? error.extensions.explanation ? error.extensions.explanation : error.message : error.message;\r\n\t\t\t\ttw.local.error.serviceInError = serviceName;\r\n\t\t\t\t\r\n\t\t\t\t// For debugging\r\n\t\t\t\t//tw.local.results = QUERY;\r\n\t\t\t} else {\r\n\t\t\t\tvar searchResults = resultsJson.data.moreRepositoryRows;\r\n\t\t\t\tvar indObjects = searchResults.repositoryRows;\r\n\t\t\t\tvar numItemsRemoved = 0;\r\n\t\t\t\r\n\t\t\t\tindObjects.forEach(function(indObject) {\r\n\t\t\t\t\tvar newItem = new Object();\r\n\t\t\t\t\tnewItem.baseType = \"Document\";\r\n\t\t\t\t\tnewItem.className = documentBaseType;\r\n\t\t\t\t\tnewItem.batchId = batchId;\r\n\r\n\t\t\t\t\tvar documentId;\r\n\t\t\t\t\tvar objectItemsList;\r\n\t\t\t\t\tvar properties = indObject.properties;\r\n\t\t\t\t\tfor (var i = 0; i < properties.length; i++) {\r\n\t\t\t\t\t\tvar property = properties[i];\r\n\t\t\t\t\t\t// Pick off some well know properties and make them first class properties\r\n\t\t\t\t\t\tif (property.id == \"Id\") {\r\n\t\t\t\t\t\t\tnewItem.id = property.value;\r\n\t\t\t\t\t\t\tdocumentId = property.value;\r\n\t\t\t\t\t\t} else if (property.id == \"Name\") {\r\n\t\t\t\t\t\t\tnewItem.name = property.value;\r\n\t\t\t\t\t\t} else if (property.id == \"MimeType\") {\r\n\t\t\t\t\t\t\tnewItem.mimeType = property.value;\r\n\t\t\t\t\t\t} else if (property.id == \"IsReserved\") {\r\n\t\t\t\t\t\t\tnewItem.isReserved = property.value;\r\n\t\t\t\t\t\t} else if (property.id == \"Reservation\") {\r\n\t\t\t\t\t\t\tvar reservation = getReservationInformation(property);\r\n\t\t\t\t\t\t\tif (reservation) {\r\n\t\t\t\t\t\t\t\tnewItem.reservation = reservation;\r\n\t\t\t\t\t\t\t}\r\n\t\t\t\t\t\t} else if (property.id == \"ClassDescription\") {\r\n\t\t\t\t\t\t\tif (property.objectValue && property.objectValue.properties) {\r\n\t\t\t\t\t\t\t \tvar classDescProps = property.objectValue.properties;\r\n\t\t\t\t\t\t\t\tfor (var j = 0; j < classDescProps.length; j++) {\r\n\t\t\t\t\t\t\t\t\tvar classDescProp = classDescProps[j];\r\n\t\t\t\t\t\t\t\t\tif (classDescProp.id ==  \"DisplayName\") {\r\n\t\t\t\t\t\t\t\t\t\tnewItem.className = classDescProp.value;\r\n\t\t\t\t\t\t\t\t\t\tbreak;\r\n\t\t\t\t\t\t\t\t\t}\r\n\t\t\t\t\t\t\t\t}\r\n\t\t\t\t\t\t\t}\r\n\t\t\t\t\t\t} else if (property.id == \"Annotations\") {\r\n\t\t\t\t\t\t\tif (property.independentObjectSetValue && property.independentObjectSetValue.independentObjects) {\r\n\t\t\t\t\t\t\t\tnewItem.annotations = {};\r\n\t\t\t\t\t\t\t\tnewItem.annotations.annotations = property.independentObjectSetValue.independentObjects;\r\n\t\t\t\t\t\t\t}\r\n\t\t\t\t\t\t} else if (property.id == \"VersionSeries\") {\r\n\t\t\t\t\t\t\tif (property.value && property.value.identifier) {\r\n\t\t\t\t\t\t\t\tnewItem.versionSeriesId = property.value.identifier;\r\n\t\t\t\t\t\t\t}\r\n\t\t\t\t\t\t} else if (property.id == \"ContentElements\") {\r\n\t\t\t\t\t\t\tobjectItemsList = property.objectListValue.items ? property.objectListValue.items : property.objectListValue;\r\n\t\t\t\t\t\t\t// Have to special case the content elements property and manually generate the downloadUrl (cause graphql can't return it)\r\n\t\t\t\t\t\t\tif (objectItemsList) {\r\n\t\t\t\t\t\t\t\tvar item = objectItemsList[0];\r\n\t\t\t\t\t\t\t\tif (item) {\r\n\t\t\t\t\t\t\t\t\titem.downloadUrl = \"/content?repositoryIdentifier=\" + repository + \"&documentId=\" + documentId + \"&elementSequenceNumber=\" + item.elementSequenceNumber;\r\n\t\t\t\t\t\t\t\t}\r\n\t\t\t\t\t\t\t}\r\n\t\t\t\t\t\t\tnewItem.contentElements = property.objectListValue;\r\n\t\t\t\t\t\t}\r\n\t\t\t\t\t}\r\n\t\t\t\t\t// Remove the ContentElements property from the property list cause we created it as a first class property (and causes toJson errors from a circlular reference)\r\n\t\t\t\t\tvar filteredProperties = properties.filter(function(property) {\r\n\t\t\t\t\t\treturn property.id !== \"ContentElements\";\r\n\t\t\t\t\t  });\r\n\t\t\t\t\tnewItem.properties = filteredProperties;\r\n\t\t\t\t\t\t\r\n\t\t\t\t\t// If the document has no id, it has been finalized and should be filtered out of the list\r\n\t\t\t\t\tif (newItem.id != null) {\r\n\t\t\t\t\t\tresults.push(newItem);\r\n\t\t\t\t\t} else {\r\n\t\t\t\t\t\tnumItemsRemoved++;\r\n\t\t\t\t\t}\r\n\t\t\t\t});\r\n\t\t\t\t\r\n\t\t\t\tvar resultSet = {};\r\n\t\t\t\tresultSet.items = results;\r\n\t\t\t\t\r\n\t\t\t\tif (searchResults.pageInfo != null) {\r\n\t\t\t\t\tif (searchResults.pageInfo.totalCount == null) {\r\n\t\t\t\t\t\tresultSet.totalCount = results.length;\r\n\t\t\t\t\t} else {\r\n\t\t\t\t\t\tresultSet.totalCount = searchResults.pageInfo.totalCount - numItemsRemoved;\r\n\t\t\t\t\t}\r\n\t\t\t\t\tresultSet.token = searchResults.pageInfo.token;\r\n\t\t\t\t}\t\r\n\t\t\t\t\r\n\t\t\t\ttw.local.results = {\r\n\t\t\t\t\tresults: resultSet\r\n\t\t\t\t};\r\n\t\t\t}\r\n\t\t}\r\n\t\t\r\n\t\t// Signal to engine that flow can continue past this Script‌\r\n\t\ttw.system.continueFlow();\r\n\t}, function (err) {\r\n\t\tconsole.error(\"performRequest failed: \", err);\r\n\t\t\r\n\t\ttw.local.error = {};\r\n\t\ttw.local.error.errorCode = err.code ? err.code : err.errno ? err.errno : err.name;\r\n\t\ttw.local.error.errorText = err.message;\r\n\t\ttw.local.error.serviceInError = serviceName;\r\n\t\t\r\n\t\t// Signal to engine that flow can continue past this Script?\r\n\t\ttw.system.continueFlow();\r\n\t});\r\n}, function(err) {\r\n\tconsole.error(\"Error returned from lookupDBARegistry:\", err);\r\n\ttw.local.error = {};\r\n\ttw.local.error.errorCode = err.msg;\r\n\ttw.local.error.errorText = err.msg;\r\n\ttw.local.error.serviceInError = serviceName;\r\n\ttw.system.continueFlow();\r\n});\r\n\r\n\r\nfunction getReservationInformation(reservation) {\r\n\tvar value = reservation.value;\r\n\tif (value && value.identifier) {\r\n\t\tvar id = value.identifier;\r\n\t\tvar creator;\r\n\t\tvar properties = reservation.objectValue.properties.items ? reservation.objectValue.properties.items : reservation.objectValue.properties;\r\n\t\tfor (var i = 0; i < properties.length; i++) {\r\n\t\t\tvar property = properties[0];\r\n\t\t\tif (property.id == \"Creator\") {\r\n\t\t\t\tcreator = property.value;\r\n\t\t\t\tbreak;\r\n\t\t\t}\r\n\t\t}\r\n\t\tvar res = {\r\n\t\t\tid: id,\r\n\t\t\tcreator: creator\r\n\t\t};\r\n\t\treturn res;\r\n\t} else {\r\n\t\treturn null;\r\n\t}\r\n};\r\n\t\r\nconsole.debug(\"At the end of the script step pending response from Graphql\");\r\n"]}},{"targetRef":"0a8f80af-f9b6-45d8-85a5-b34d65609f92","extensionElements":{"sequenceFlowImplementation":[{"fireValidation":"Never","sboSyncEnabled":true,"declaredType":"com.ibm.bpmsdk.model.bpmn20.ibmext.TSequenceFlowImplementation"}],"linkVisualInfo":[{"sourcePortLocation":"rightCenter","showCoachControlLabel":false,"labelPosition":0.0,"targetPortLocation":"leftCenter","declaredType":"TLinkVisualInfo","saveExecutionContext":true,"showLabel":false}]},"name":"Start to End","declaredType":"sequenceFlow","id":"2027.9b0d5d1d-3a33-412a-8383-2bc5a048cbb3","sourceRef":"2025.9888eeab-e065-4c63-81d7-bab234199deb"}],"isClosed":false,"declaredType":"com.ibm.bpmsdk.model.bpmn20.ibmext.TUserTaskImplementation","id":"de983e6b-f48d-458f-879f-d1bb046a800e","processType":"None"}]},"implementation":"##unspecified","documentation":[{"content":["Returns the next page of documents contained in a batch. Called for subsequent pages after calling getBatchObjects."],"textFormat":"text/plain"}],"name":"getMoreBatchObjects","declaredType":"globalUserTask","id":"1.8e14f9e6-ad2a-440b-b6e0-441ac2d474c0","ioSpecification":{"dataOutput":[{"itemSubjectRef":"itm.12.c09c9b6e-aabd-4897-bef2-ed61db106297","documentation":[{"content":["<div>Set on success. Contains a JSON object with the following properties:</div><div>{</div><div><span style=\"white-space:pre\">\t</span>items: A list of partial Content Items representing the documents in the batch. See the JavaScript API document for a description of Content Item.</div><div><span style=\"white-space:pre\">\t</span>totalCount: The total number of items including those on other pages.</div><div><span style=\"white-space:pre\">\t</span>token: Paging token when there is more than one page of results.</div><div>}</div>"],"textFormat":"text/plain"}],"name":"results","isCollection":false,"id":"2055.5260d621-8be7-40e6-878e-8bdc2f3cb326"},{"itemSubjectRef":"itm.12.5551644c-3dc6-4161-a939-4e7f27f8ce45","documentation":[{"content":["Set on error. Contains information about why the call failed."],"textFormat":"text/plain"}],"name":"error","isCollection":false,"id":"2055.675d1162-41cc-4d11-8f23-7f53c0a10cdc"}],"inputSet":[{}],"outputSet":[{}],"dataInput":[{"itemSubjectRef":"itm.12.84781efb-6db1-45b1-a5e1-91127c06e52f","name":"data","isCollection":false,"id":"2055.beebd55e-fcda-4315-87e8-1a6bce797e8a"}]}}],"targetNamespace":"","typeLanguage":"http://www.w3.org/2001/XMLSchema","expressionLanguage":"http://www.ibm.com/xmlns/prod/bpm/expression-lang/javascript","id":"1.8e14f9e6-ad2a-440b-b6e0-441ac2d474c0"}},"status":"200"}