{"data":{"metadata":{"paId":"2066.bd3841e7-7c78-4b6b-aa2b-1f9cc91afc9a","paShortName":"SYSCST","snapshotId":"2064.2ac60c1c-874b-4787-bfc1-262edfeb41d7","snapshotName":"23.0.2.0.231031231725","name":"Content Services"},"defaults":{"entry":[{"type":"S","value":""},{"type":"B","value":false},{"type":"I","value":0},{"type":"D","value":0.0},{"type":"DT","value":null},{"type":"DT","value":null}]},"templates":{"variableTemplates":[{"modelId":"1.acd3d427-6c24-4b7f-afeb-3023266d7b2e","parentId":"1.acd3d427-6c24-4b7f-afeb-3023266d7b2e","variableTemplate":[{"id":"2055.7b85a12e-c53b-44b2-baf7-faf50e80144c","name":"data","boTemplateName":"CSU"},{"id":"2055.c8b7073e-d231-4708-a931-76823e17f3b8","name":"results","boTemplateName":"A"},{"id":"2055.fa7c2844-a856-4f8b-badb-61cb4412b9c8","name":"error","boTemplateName":"Aja"}]}],"boTemplate":[{"id":"12.aa146938-4645-4c2c-adf0-afe69abbd0eb","name":"CSU","property":[{"name":"objectId","type":"S","isList":false},{"name":"objectType","type":"S","isList":false},{"name":"properties","type":"S","isList":false},{"name":"repository","type":"S","isList":false},{"name":"serverAppResource","type":"S","isList":false},{"name":"ovpPropertyId","type":"S","isList":false},{"name":"classId","type":"S","isList":false},{"name":"csrfToken","type":"S","isList":false},{"name":"returnProperties","type":"S","isList":true},{"name":"objectProperties","type":"S","isList":false}]},{"id":"12.5551644c-3dc6-4161-a939-4e7f27f8ce45","name":"Aja","property":[{"name":"errorText","type":"S","isList":false},{"name":"errorCode","type":"S","isList":false},{"name":"serviceInError","type":"S","isList":false}]}]},"model":{"rootElement":[{"extensionElements":{"userTaskImplementation":[{"flowElement":[{"parallelMultiple":false,"outgoing":["2027.12a8f226-c7ad-4859-9e8f-757f95c1825c"],"isInterrupting":true,"extensionElements":{"nodeVisualInfo":[{"color":"#F8F8F8","width":24,"x":50,"y":200,"declaredType":"TNodeVisualInfo","height":24}]},"name":"Start","declaredType":"startEvent","id":"8f742eed-3da8-4235-8c77-86ce339f6ee9"},{"incoming":["2027.3c6949a8-b3a6-4e44-a0f0-14a739fe1130"],"extensionElements":{"nodeVisualInfo":[{"color":"#F8F8F8","width":24,"x":700,"y":200,"declaredType":"TNodeVisualInfo","height":24}],"navigationInstructions":[{"targetType":"Default","declaredType":"com.ibm.bpmsdk.model.bpmn20.ibmext.TNavigationInstructions"}]},"name":"End","declaredType":"endEvent","id":"c399879c-37d8-492f-8b96-6b806aeb3370"},{"targetRef":"2025.55205d7a-f255-450e-93ed-87a558aa2e56","extensionElements":{"linkVisualInfo":[{"sourcePortLocation":"rightCenter","showCoachControlLabel":false,"labelPosition":0.0,"targetPortLocation":"leftCenter","declaredType":"TLinkVisualInfo","saveExecutionContext":false,"showLabel":false}]},"name":"Start to End","declaredType":"sequenceFlow","id":"2027.12a8f226-c7ad-4859-9e8f-757f95c1825c","sourceRef":"8f742eed-3da8-4235-8c77-86ce339f6ee9"},{"startQuantity":1,"outgoing":["2027.3c6949a8-b3a6-4e44-a0f0-14a739fe1130"],"incoming":["2027.12a8f226-c7ad-4859-9e8f-757f95c1825c"],"default":"2027.3c6949a8-b3a6-4e44-a0f0-14a739fe1130","extensionElements":{"nodeVisualInfo":[{"width":95,"x":327,"y":177,"declaredType":"TNodeVisualInfo","height":70}]},"name":"Update Properties","isForCompensation":false,"completionQuantity":1,"declaredType":"scriptTask","id":"2025.55205d7a-f255-450e-93ed-87a558aa2e56","scriptFormat":"text/x-javascript","script":{"content":["console.debug(\"****BEGIN Script Update Properties****\");\r\n\r\ntw.system.waitForContinueFlow();\r\n\r\nvar serviceName =\"updateProperties\";\r\n\r\nvar csrfToken = tw.local.data && tw.local.data.csrfToken;\r\nvar ecmToken = tw.local.data && tw.local.data.ecmToken;\r\nvar appServerResource = tw.local.data && tw.local.data.serverAppResource;\r\nvar repository = tw.local.data && tw.local.data.repository;\r\nvar objectType = tw.local.data && tw.local.data.objectType;\r\nvar objectId = tw.local.data && tw.local.data.objectId;\r\nvar properties = tw.local.data && tw.local.data.properties;\r\nvar ovpPropertyId = tw.local.data && tw.local.data.ovpPropertyId;\r\nvar classId = tw.local.data && tw.local.data.classId;\r\n\r\ncsrfToken = csrfToken ? csrfToken : ecmToken;\r\n\r\nvar returnProperties = tw.local.data && tw.local.data.returnProperties;\r\nvar objectProperties = tw.local.data && tw.local.data.objectProperties;\r\n\r\nvar updateType = \"updateDocument\";\r\nvar propertyType = \"documentProperties\";\r\nif (objectType == \"Folder\") {\r\n\tupdateType = \"updateFolder\";\r\n\tpropertyType = \"folderProperties\";\r\n} else if (objectType == \"Abstract\") {\r\n\tupdateType = \"updateCmAbstractPersistable\";\r\n\tpropertyType = \"cmAbstractPersistableProperties\";\r\n}\r\n\r\nvar options = {\r\n\tmethod: \"POST\",\r\n\tpayload: {\r\n\t\tquery: \"\",\r\n\t\tvariables: null,\t\r\n\t\toperationName: null\r\n\t},\r\n\theaders: {\r\n\t\t\"ECM-CS-XSRF-Token\": csrfToken,\r\n\t\tCookie: \"ECM-CS-XSRF-Token=\" + csrfToken,\r\n\t\t\"Accept-Language\": tw.system.user.locale\r\n\t}\r\n};\r\n\r\nvar updateProperties = function(objectId, updateType, propertyType){\r\n\tvar query = \"mutation {\" + updateType + \"\\n\" +\r\n\t\t\"(\" + \"\\n\" +\r\n    \t\t\t\"repositoryIdentifier: \\\"\" + repository + \"\\\",\" + \"\\n\" +\r\n\t\t\t\"identifier: \\\"\" + objectId + \"\\\",\" + \"\\n\";\r\n\t\t\t\r\n\t\t\tif (classId) {\r\n\t\t\t\tquery += \" classIdentifier: \\\"\" + classId + \"\\\",\" + \"\\n\";\r\n\t\t\t}\r\n\t\t\t\r\n\t\t\tquery += propertyType + \": {\" + \"\\n\" +\r\n\t\t\t\t\"properties: \" + properties + \"\\n\" +\r\n\t\t\t\"}\" + \"\\n\" +\r\n\t\t\")\" + \"\\n\" +\r\n\t\t\"{\" + \"\\n\";\r\n\t\t\r\n\t\tif (returnProperties && returnProperties.length > 0) {\r\n           \t\tquery += \"properties(includes: \";\r\n\t\t\tvar PROPS = \"[\";\r\n\t\t\treturnProperties.forEach(function(property) {\r\n\t\t\t\tPROPS += \"\\\"\" + property + \"\\\" \";\r\n\t\t\t});\r\n\t\t\tquery += PROPS += \"]\";\r\n\t\t\tquery += \") {\" + \"\\n\";\r\n\t\t} else {\r\n            \tquery += \"properties\" + \"\\n\";\r\n\t\t\tquery += \"{\" + \"\\n\";\r\n\t\t}\r\n            \t\r\n            query += \"id\" + \"\\n\" +\r\n\t\t\t\t\"type\" + \"\\n\" +\r\n\t\t\t\t\"value\" + \"\\n\" +\r\n\t\t\t\t \"... on DateTimeProperty {\" + \"\\n\" +\r\n\t\t\t\t\t\"isDateOnly\" + \"\\n\" +\r\n\t\t\t\t \"}\" + \"\\n\" +\t\r\n\t\t\t\t \"... on DateTimeListProperty {\" + \"\\n\" +\r\n\t\t\t\t\t\"isDateOnly\" + \"\\n\" +\r\n\t\t\t\t \"}\" + \"\\n\";        \t\t\r\n\t\t\t\t\r\n\t\t\t\tif (objectProperties && objectProperties.length > 0) {\t\t\t\t\r\n\t\t\t\t\tquery += \"... on ObjectProperty {\" + \"\\n\" +\r\n\t\t\t\t \t\t\"objectValue {\" + \"\\n\" +\r\n\t\t\t\t\t\t\"properties(includes: \";\r\n\t\t\t\t          \r\n\t\t\t\t\t\tvar OVPPROPS = \"[\";\r\n\t\t\t\t\t\tobjectProperties.forEach(function(property) {\r\n\t\t\t\t\t\t      OVPPROPS += \"\\\"\" + property + \"\\\" \";\r\n\t\t\t\t\t\t});\r\n\t\t\t\t\t\tquery += OVPPROPS += \"]\";\r\n\t\t\t\t          \r\n\t\t\t\t \t\tquery += \") {\" + \"\\n\" +\r\n\t\t\t\t          \t\t\"id\" + \"\\n\" +\r\n\t\t\t\t            \t\"type\" + \"\\n\" +\r\n\t\t\t\t            \t\"value\" + \"\\n\" +\r\n\t\t\t\t            \t\"... on DateTimeProperty {\" + \"\\n\" +\r\n\t\t\t\t\t\t\t\t\"isDateOnly\" + \"\\n\" +\r\n\t\t\t\t \t\t\t\"}\" + \"\\n\" +\t\r\n\t\t\t\t \t\t\t\"... on DateTimeListProperty {\" + \"\\n\" +\r\n\t\t\t\t\t\t\t\t\"isDateOnly\" + \"\\n\" +\r\n\t\t\t\t \t\t\t\"}\" + \"\\n\" +  \t\t\r\n\t\t\t\t \t\t\"}\" + \"\\n\" +\r\n\t\t\t\t         \"}\" + \"\\n\" +\r\n\t\t\t\t\t\"}\" + \"\\n\";\r\n\t\t\t\t}\r\n\t\t\t\t\r\n\t\t\tquery += \"}\" + \"\\n\" +\r\n\t\t\"}\" + \"\\n\" +\r\n\t\"}\";\r\n    \r\n\toptions.payload.query = query;\r\n\tconsole.debug(\"****CALLING performRequest to update properties****\");\r\n\ttw.system.performRequest(appServerResource, options, function(response, httpStatus) {\r\n\r\n\t\tconsole.debug(\"performRequest response: \", response);\r\n\t\tconsole.debug(\"performRequest httpStatus: \", httpStatus);\r\n\r\n\t\tif (httpStatus.statusCode != 200){\r\n\t\t\ttw.local.error = {};\r\n\t\t\ttw.local.error.errorCode = httpStatus.statusCode;\r\n\t\t\ttw.local.error.errorText = response;\r\n\t\t\ttw.local.error.serviceInError = serviceName;\r\n\t\t}\r\n\t\telse {\r\n\t\t\tvar resultsJson = JSON.parse(response);\r\n\t\t\tif (resultsJson.errors) {\r\n\t\t\t\tvar error = resultsJson.errors[0];\r\n\t\t\t\ttw.local.error = {};\r\n\t\t\t\ttw.local.error.errorCode = error.extensions ? error.extensions.errorCode ?  error.extensions.errorCode : error.errorType : error.errorType;\r\n\t\t\t\ttw.local.error.errorText = error.extensions ? error.extensions.explanation ? error.extensions.explanation : error.message : error.message;\r\n\t\t\t\ttw.local.error.serviceInError = serviceName;\r\n\t\t\t} else {\r\n\t\t\t\tvar response = {};\r\n\t\t\t\tresponse[\"properties\"] = resultsJson.data.updateDocument ? resultsJson.data.updateDocument.properties : resultsJson.data.updateFolder ? resultsJson.data.updateFolder.properties : resultsJson.data.updateCmAbstractPersistable.properties;\r\n\t\t\t\ttw.local.results = {\r\n\t\t\t\t\tresults: response\r\n\t\t\t\t}\r\n\t\t\t}\r\n\t\t\t\r\n\t\t\t// Signal to engine that flow can continue past this Script?\r\n\t\t\ttw.system.continueFlow();\r\n\t\t}\r\n\t}, function (err) {\r\n\t\tconsole.error(\"performRequest failed: \", err);\r\n\t\r\n\t\ttw.local.error = {};\r\n\t\ttw.local.error.errorCode = err.code ? err.code : err.errno ? err.errno : err.name;\r\n\t\ttw.local.error.errorText = err.message;\r\n\t\ttw.local.error.serviceInError = serviceName;\r\n\t\r\n\t\t// Signal to engine that flow can continue past this Script.\r\n\t\ttw.system.continueFlow();\r\n\t});\t\r\n};\r\n\r\nconsole.debug(\"Calling lookupDBARegistry\");\r\ntw.system.lookupDBARegistry(appServerResource, function(response) {\r\n\t\r\n\t// Add the context root and path if they are missing for backward compatibility\r\n\tif (!response.ctxRoot){\r\n\t\toptions.ctxRoot = \"/content-services-graphql\";\r\n\t}\r\n\tif (!response.path){\r\n\t\toptions.path = \"/graphql\";\r\n\t}\r\n\r\n\tif (ovpPropertyId) {\r\n\t\tvar parentObjectType = tw.local.data.objectType == \"Document\" ? \"document\" : \"folder\";\r\n\t\tvar query = \"{\" + parentObjectType + \"(\" + \"\\n\" +\r\n\t\t\t\t\"repositoryIdentifier: \\\"\" + repository + \"\\\",\" + \"\\n\" +\r\n\t\t\t\"identifier: \\\"\" + objectId + \"\\\"\" + \"\\n\" +\r\n\t\t\t\")\" + \"\\n\" +\r\n\t\t\t\"{\" + \"\\n\" +\r\n\t\t\t\t\"id\" + \"\\n\" +\r\n\t\t\t\t\"properties(includes:[\\\"\" + ovpPropertyId + \"\\\"])\" + \"\\n\" +\r\n\t\t\t\t\"{\" + \"\\n\" +\r\n\t\t\t\t\t\t\t\"value\" + \"\\n\" +\r\n\t\t\t\t\t\"}\" + \"\\n\" +\r\n\t\t\t\"}\" + \"\\n\" +\r\n\t\t\"}\";\r\n\t\t\r\n\t\toptions.payload.query = query;\r\n\t\t\r\n\t\tconsole.debug(\"****CALLING performRequest to get parent object****\");\r\n\t\ttw.system.performRequest(appServerResource, options, function(response, httpStatus) {\r\n\r\n\t\t\tconsole.debug(\"performRequest response: \", response);\r\n\t\t\tconsole.debug(\"performRequest httpStatus: \", httpStatus);\r\n\r\n\t\t\tif (httpStatus.statusCode != 200){\r\n\t\t\t\ttw.local.error = {};\r\n\t\t\t\ttw.local.error.errorCode = httpStatus.statusCode;\r\n\t\t\t\ttw.local.error.errorText = response;\r\n\t\t\t\ttw.local.error.serviceInError = serviceName;\r\n\t\t\t}\r\n\t\t\telse {\r\n\t\t\t\tvar resultsJson = JSON.parse(response);\r\n\t\t\t\tif (resultsJson.errors) {\r\n\t\t\t\t\tvar error = resultsJson.errors[0];\r\n\t\t\t\t\ttw.local.error = {};\r\n\t\t\t\t\ttw.local.error.errorCode = error.extensions ? error.extensions.errorCode ?  error.extensions.errorCode : error.errorType : error.errorType;\r\n\t\t\t\t\ttw.local.error.errorText = error.extensions ? error.extensions.explanation ? error.extensions.explanation : error.message : error.message;\r\n\t\t\t\t\ttw.local.error.serviceInError = serviceName;\r\n\t\t\t\t\t\r\n\t\t\t\t\t// Signal to engine that flow can continue past this Script.\r\n\t\t\t\t\ttw.system.continueFlow();\r\n\t\t\t\t} else {\r\n\t\t\t\t\tvar dependentObjectId = resultsJson.data.document ? resultsJson.data.document.properties[0].value.identifier : resultsJson.data.folder.properties[0].value.identifier;\r\n\t\t\t\t\tupdateProperties(dependentObjectId, \"updateCmAbstractPersistable\", \"cmAbstractPersistableProperties\");\r\n\t\t\t\t}\r\n\t\t\t}\r\n\t\t}, function (err) {\r\n\t\t\tconsole.error(\"performRequest failed: \", err);\r\n\t\t\r\n\t\t\ttw.local.error = {};\r\n\t\t\ttw.local.error.errorCode = err.code ? err.code : err.errno ? err.errno : err.name;\r\n\t\t\ttw.local.error.errorText = err.message;\r\n\t\t\ttw.local.error.serviceInError = serviceName;\r\n\t\t\r\n\t\t\t// Signal to engine that flow can continue past this Script.\r\n\t\t\ttw.system.continueFlow();\r\n\t\t});\r\n\t} else {\r\n\t\tupdateProperties(objectId, updateType, propertyType);\r\n\t}\r\n}, function(err) {\r\n\tconsole.error(\"Error returned from lookupDBARegistry:\", err);\r\n\ttw.local.error = {};\r\n\ttw.local.error.errorCode = err.msg;\r\n\ttw.local.error.errorText = err.msg;\r\n\ttw.local.error.serviceInError = serviceName;\r\n\ttw.system.continueFlow();\r\n});\r\n\r\nconsole.debug(\"At the end of the script step pending response from Graphql\");"]}},{"targetRef":"c399879c-37d8-492f-8b96-6b806aeb3370","extensionElements":{"sequenceFlowImplementation":[{"fireValidation":"Never","sboSyncEnabled":true,"declaredType":"com.ibm.bpmsdk.model.bpmn20.ibmext.TSequenceFlowImplementation"}],"linkVisualInfo":[{"sourcePortLocation":"rightCenter","showCoachControlLabel":false,"labelPosition":0.0,"targetPortLocation":"leftCenter","declaredType":"TLinkVisualInfo","saveExecutionContext":true,"showLabel":false}]},"name":"To End","declaredType":"sequenceFlow","id":"2027.3c6949a8-b3a6-4e44-a0f0-14a739fe1130","sourceRef":"2025.55205d7a-f255-450e-93ed-87a558aa2e56"}],"isClosed":false,"declaredType":"com.ibm.bpmsdk.model.bpmn20.ibmext.TUserTaskImplementation","id":"4e6d756e-75bc-4528-bbcf-8b168e397972","processType":"None"}]},"implementation":"##unspecified","documentation":[{"content":["Updates the properties of an object."],"textFormat":"text/plain"}],"name":"updateProperties","declaredType":"globalUserTask","id":"1.acd3d427-6c24-4b7f-afeb-3023266d7b2e","ioSpecification":{"dataOutput":[{"itemSubjectRef":"itm.12.c09c9b6e-aabd-4897-bef2-ed61db106297","documentation":[{"content":["Set on success. Contains a JSON object containing the updated properties of the object."],"textFormat":"text/plain"}],"name":"results","isCollection":false,"id":"2055.c8b7073e-d231-4708-a931-76823e17f3b8"},{"itemSubjectRef":"itm.12.5551644c-3dc6-4161-a939-4e7f27f8ce45","documentation":[{"content":["Set on error. Contains information about why the call failed."],"textFormat":"text/plain"}],"name":"error","isCollection":false,"id":"2055.fa7c2844-a856-4f8b-badb-61cb4412b9c8"}],"inputSet":[{}],"outputSet":[{}],"dataInput":[{"itemSubjectRef":"itm.12.aa146938-4645-4c2c-adf0-afe69abbd0eb","name":"data","isCollection":false,"id":"2055.7b85a12e-c53b-44b2-baf7-faf50e80144c"}]}}],"targetNamespace":"","typeLanguage":"http://www.w3.org/2001/XMLSchema","expressionLanguage":"http://www.ibm.com/xmlns/prod/bpm/expression-lang/javascript","id":"1.acd3d427-6c24-4b7f-afeb-3023266d7b2e"}},"status":"200"}