{"data":{"metadata":{"paId":"2066.bd3841e7-7c78-4b6b-aa2b-1f9cc91afc9a","paShortName":"SYSCST","snapshotId":"2064.2ac60c1c-874b-4787-bfc1-262edfeb41d7","snapshotName":"23.0.2.0.231031231725","name":"Content Services"},"defaults":{"entry":[{"type":"S","value":""},{"type":"B","value":false},{"type":"I","value":0},{"type":"D","value":0.0},{"type":"DT","value":null},{"type":"DT","value":null}]},"templates":{"variableTemplates":[{"modelId":"1.b0fd78e2-8f40-48fe-855d-f35c3d633108","parentId":"1.b0fd78e2-8f40-48fe-855d-f35c3d633108","variableTemplate":[{"id":"2055.d68fabfd-d323-4d81-8bec-347c90fa76f0","name":"data","boTemplateName":"CSC"},{"id":"2055.5f868dd0-eb4f-4e06-8579-c66376b30631","name":"results","boTemplateName":"A"},{"id":"2055.2dab87c1-5750-487a-892a-d8877f89f623","name":"error","boTemplateName":"Aja"}]}],"boTemplate":[{"id":"12.4a6d8270-cb42-4983-97ca-41706411e4ec","name":"CSC","property":[{"name":"serverInfo","type":"S","isList":false},{"name":"appResourceInfo","type":"A","isList":false},{"name":"csrfToken","type":"S","isList":false},{"name":"query","type":"S","isList":false}]},{"id":"12.5551644c-3dc6-4161-a939-4e7f27f8ce45","name":"Aja","property":[{"name":"errorText","type":"S","isList":false},{"name":"errorCode","type":"S","isList":false},{"name":"serviceInError","type":"S","isList":false}]}]},"model":{"rootElement":[{"extensionElements":{"userTaskImplementation":[{"flowElement":[{"parallelMultiple":false,"outgoing":["2027.f37bcabc-d7fc-47a3-834d-11cf651f14e3"],"isInterrupting":true,"extensionElements":{"default":["2027.f37bcabc-d7fc-47a3-834d-11cf651f14e3"],"nodeVisualInfo":[{"color":"#F8F8F8","width":24,"x":50,"y":200,"declaredType":"TNodeVisualInfo","height":24}]},"name":"Start","declaredType":"startEvent","id":"69d8126c-08a7-4462-8034-da0202ab34d4"},{"incoming":["2027.524275e8-92e9-434b-8c48-8a39cb174f0b"],"extensionElements":{"nodeVisualInfo":[{"color":"#F8F8F8","width":24,"x":687,"y":198,"declaredType":"TNodeVisualInfo","height":24}],"navigationInstructions":[{"targetType":"Default","declaredType":"com.ibm.bpmsdk.model.bpmn20.ibmext.TNavigationInstructions"}]},"name":"End","declaredType":"endEvent","id":"fd6cfd3f-f4fb-4816-8dea-ff88cbf76de5"},{"startQuantity":1,"outgoing":["2027.524275e8-92e9-434b-8c48-8a39cb174f0b"],"incoming":["2027.f37bcabc-d7fc-47a3-834d-11cf651f14e3"],"default":"2027.524275e8-92e9-434b-8c48-8a39cb174f0b","extensionElements":{"nodeVisualInfo":[{"color":"#95D087","width":95,"x":367,"y":177,"declaredType":"TNodeVisualInfo","height":70}]},"name":"Get Class Details Service","isForCompensation":false,"completionQuantity":1,"declaredType":"scriptTask","id":"2025.cc8f0c3a-513f-45c4-824b-973fc5e9a32d","scriptFormat":"text/x-javascript","script":{"content":["console.debug(\"****BEGIN Script Get Class Details Service****\");\r\n\r\ntw.system.waitForContinueFlow();\r\n\r\nvar serviceName =\"getClassDetailsService\";\r\n\r\nvar csrfToken = tw.local.data && tw.local.data.csrfToken;\r\nvar appServerResource = tw.local.data && tw.local.data.serverInfo;\r\nvar appResourceInfo = tw.local.data && tw.local.data.appResourceInfo;\r\nvar query = tw.local.data && tw.local.data.query;\r\n\r\nvar options = {\r\n\tmethod: \"POST\",\r\n\tctxRoot: appResourceInfo.ctxRoot,\r\n\tpath: appResourceInfo.path,\r\n\tpayload: {\r\n\t\tquery: query,\r\n\t\tvariables: null,\r\n\t\toperationName: null\r\n\t},\r\n\theaders: {\r\n\t\t\"ECM-CS-XSRF-Token\": csrfToken,\r\n\t\tCookie: \"ECM-CS-XSRF-Token=\" + csrfToken,\r\n\t\t\"Accept-Language\": tw.system.user.locale\r\n\t}\r\n};\r\n\r\nconsole.debug(\"Options: \", options);\t\r\nconsole.debug(\"****PAYLOAD: \", query);\r\nconsole.debug(\"****CALLING performRequest****\");\r\n\r\ntw.system.performRequest(appServerResource, options, function(response, httpStatus) {\r\n\r\n\tconsole.debug(\"performRequest response: \", response);\r\n\tconsole.debug(\"performRequest httpStatus: \", httpStatus);\r\n\r\n\tif (httpStatus.statusCode != 200){\r\n\t\ttw.local.error = {};\r\n\t\ttw.local.error.errorCode = httpStatus.statusCode;\r\n\t\ttw.local.error.errorText = response;\r\n\t\ttw.local.error.serviceInError = serviceName;\r\n\t}\r\n\telse {\r\n\t\tvar resultsJson = JSON.parse(response);\r\n\t\tif (resultsJson.errors){\r\n\t\t\tvar error = resultsJson.errors[0];\r\n\t\t\ttw.local.error = {};\r\n\t\t\ttw.local.error.errorCode = error.extensions ? error.extensions.errorCode ?  error.extensions.errorCode : error.errorType : error.errorType;\r\n\t\t\ttw.local.error.errorText = error.extensions ? error.extensions.explanation ? error.extensions.explanation : error.message : error.message;\r\n\t\t\ttw.local.error.serviceInError = serviceName;\r\n\t\t} else {\r\n\t\t\ttw.local.results = resultsJson;\r\n\t\t}\r\n\t}\r\n\r\n\t// Signal to engine that flow can continue past this Script?\r\n\ttw.system.continueFlow();\r\n}, function (err) {\r\n\tconsole.error(\"performRequest failed: \", err);\r\n\t\r\n\ttw.local.error = {};\r\n\ttw.local.error.errorCode = err.code ? err.code : err.errno ? err.errno : err.name;\r\n\ttw.local.error.errorText = err.message;\r\n\ttw.local.error.serviceInError = serviceName;\r\n\t\r\n\t// Signal to engine that flow can continue past this Script?\r\n\ttw.system.continueFlow();\r\n});\r\n"]}},{"targetRef":"2025.cc8f0c3a-513f-45c4-824b-973fc5e9a32d","extensionElements":{"linkVisualInfo":[{"sourcePortLocation":"rightCenter","showCoachControlLabel":false,"labelPosition":0.0,"targetPortLocation":"leftCenter","declaredType":"TLinkVisualInfo","saveExecutionContext":false,"showLabel":false}]},"name":"To Get Class Details Service","declaredType":"sequenceFlow","id":"2027.f37bcabc-d7fc-47a3-834d-11cf651f14e3","sourceRef":"69d8126c-08a7-4462-8034-da0202ab34d4"},{"targetRef":"fd6cfd3f-f4fb-4816-8dea-ff88cbf76de5","extensionElements":{"sequenceFlowImplementation":[{"fireValidation":"Never","sboSyncEnabled":true,"declaredType":"com.ibm.bpmsdk.model.bpmn20.ibmext.TSequenceFlowImplementation"}],"linkVisualInfo":[{"sourcePortLocation":"rightCenter","showCoachControlLabel":false,"labelPosition":0.0,"targetPortLocation":"leftCenter","declaredType":"TLinkVisualInfo","saveExecutionContext":true,"showLabel":false}]},"name":"To End","declaredType":"sequenceFlow","id":"2027.524275e8-92e9-434b-8c48-8a39cb174f0b","sourceRef":"2025.cc8f0c3a-513f-45c4-824b-973fc5e9a32d"}],"isClosed":false,"declaredType":"com.ibm.bpmsdk.model.bpmn20.ibmext.TUserTaskImplementation","id":"544ce6b9-9ce3-4839-8fac-c98e50600f86","processType":"None"}]},"implementation":"##unspecified","documentation":[{"textFormat":"text/plain"}],"name":"getClassDetailsService","declaredType":"globalUserTask","id":"1.b0fd78e2-8f40-48fe-855d-f35c3d633108","ioSpecification":{"dataOutput":[{"itemSubjectRef":"itm.12.c09c9b6e-aabd-4897-bef2-ed61db106297","name":"results","isCollection":false,"id":"2055.5f868dd0-eb4f-4e06-8579-c66376b30631"},{"itemSubjectRef":"itm.12.5551644c-3dc6-4161-a939-4e7f27f8ce45","name":"error","isCollection":false,"id":"2055.2dab87c1-5750-487a-892a-d8877f89f623"}],"inputSet":[{}],"outputSet":[{}],"dataInput":[{"itemSubjectRef":"itm.12.4a6d8270-cb42-4983-97ca-41706411e4ec","name":"data","isCollection":false,"id":"2055.d68fabfd-d323-4d81-8bec-347c90fa76f0"}]}}],"targetNamespace":"","typeLanguage":"http://www.w3.org/2001/XMLSchema","expressionLanguage":"http://www.ibm.com/xmlns/prod/bpm/expression-lang/javascript","id":"1.b0fd78e2-8f40-48fe-855d-f35c3d633108"}},"status":"200"}