{"data":{"metadata":{"paId":"2066.bd3841e7-7c78-4b6b-aa2b-1f9cc91afc9a","paShortName":"SYSCST","snapshotId":"2064.2ac60c1c-874b-4787-bfc1-262edfeb41d7","snapshotName":"23.0.2.0.231031231725","name":"Content Services"},"defaults":{"entry":[{"type":"S","value":""},{"type":"B","value":false},{"type":"I","value":0},{"type":"D","value":0.0},{"type":"DT","value":null},{"type":"DT","value":null}]},"templates":{"variableTemplates":[{"modelId":"1.ed1a846c-10f1-40f6-83dc-b58d4ab89a18","parentId":"1.ed1a846c-10f1-40f6-83dc-b58d4ab89a18","variableTemplate":[{"id":"2055.8593ffe9-a8e5-4ace-893d-3aa8c53cebbf","name":"data","boTemplateName":"A"},{"id":"2055.2f50808a-ac35-4ea6-828c-5803b21df339","name":"results","boTemplateName":"A"},{"id":"2055.bf34bc2a-cf8a-46ce-8e20-81fd6c4fd85b","name":"error","boTemplateName":"Aja"}]}],"boTemplate":[{"id":"12.5551644c-3dc6-4161-a939-4e7f27f8ce45","name":"Aja","property":[{"name":"errorText","type":"S","isList":false},{"name":"errorCode","type":"S","isList":false},{"name":"serviceInError","type":"S","isList":false}]}]},"model":{"rootElement":[{"extensionElements":{"userTaskImplementation":[{"flowElement":[{"parallelMultiple":false,"outgoing":["2027.01777b11-0c82-4b2a-804c-887b86396575"],"isInterrupting":true,"extensionElements":{"nodeVisualInfo":[{"color":"#F8F8F8","width":24,"x":50,"y":200,"declaredType":"TNodeVisualInfo","height":24}]},"name":"Start","declaredType":"startEvent","id":"da5b2856-0558-49e6-8437-7e96e0bdfce3"},{"incoming":["2027.16fdbc18-dc47-4560-8ade-85405b727fdb"],"extensionElements":{"nodeVisualInfo":[{"color":"#F8F8F8","width":24,"x":700,"y":200,"declaredType":"TNodeVisualInfo","height":24}],"navigationInstructions":[{"targetType":"Default","declaredType":"com.ibm.bpmsdk.model.bpmn20.ibmext.TNavigationInstructions"}]},"name":"End","declaredType":"endEvent","id":"7aa3b61c-4dd5-47af-8167-cc4c98c5e588"},{"targetRef":"2025.0fdd53a8-c517-456c-8013-11557ab76fbf","extensionElements":{"linkVisualInfo":[{"sourcePortLocation":"rightCenter","showCoachControlLabel":false,"labelPosition":0.0,"targetPortLocation":"leftCenter","declaredType":"TLinkVisualInfo","saveExecutionContext":false,"showLabel":false}]},"name":"To Get App Resource Info Service","declaredType":"sequenceFlow","id":"2027.01777b11-0c82-4b2a-804c-887b86396575","sourceRef":"da5b2856-0558-49e6-8437-7e96e0bdfce3"},{"startQuantity":1,"outgoing":["2027.16fdbc18-dc47-4560-8ade-85405b727fdb"],"incoming":["2027.01777b11-0c82-4b2a-804c-887b86396575"],"default":"2027.16fdbc18-dc47-4560-8ade-85405b727fdb","extensionElements":{"nodeVisualInfo":[{"color":"#95D087","width":95,"x":320,"y":177,"declaredType":"TNodeVisualInfo","height":70}]},"name":"Get App Resource Info Service","isForCompensation":false,"completionQuantity":1,"declaredType":"scriptTask","id":"2025.0fdd53a8-c517-456c-8013-11557ab76fbf","scriptFormat":"text/x-javascript","script":{"content":["console.debug(\"****BEGIN Script Get App Resource Info Service ****\");\r\n\r\ntw.system.waitForContinueFlow();\r\n\r\nvar serviceName =\"getAppResourceInfoService\";\r\n\r\nvar appServerResource = tw.local.data && tw.local.data.serverInfo;\r\n\r\ntw.system.lookupDBARegistry(appServerResource, function(response) {\r\n\r\n\ttw.local.results = response;\r\n\r\n}, function(err) {\r\n\tconsole.error(\"Error returned from lookupDBARegistry:\", err);\r\n\ttw.local.error = {};\r\n\ttw.local.error.errorCode = err.msg;\r\n\ttw.local.error.errorText = err.msg;\r\n\ttw.local.error.serviceInError = serviceName;\r\n});\r\n\r\ntw.system.continueFlow();"]}},{"targetRef":"7aa3b61c-4dd5-47af-8167-cc4c98c5e588","extensionElements":{"sequenceFlowImplementation":[{"fireValidation":"Never","sboSyncEnabled":true,"declaredType":"com.ibm.bpmsdk.model.bpmn20.ibmext.TSequenceFlowImplementation"}],"linkVisualInfo":[{"sourcePortLocation":"rightCenter","showCoachControlLabel":false,"labelPosition":0.0,"targetPortLocation":"leftCenter","declaredType":"TLinkVisualInfo","saveExecutionContext":true,"showLabel":false}]},"name":"Start to End","declaredType":"sequenceFlow","id":"2027.16fdbc18-dc47-4560-8ade-85405b727fdb","sourceRef":"2025.0fdd53a8-c517-456c-8013-11557ab76fbf"}],"isClosed":false,"declaredType":"com.ibm.bpmsdk.model.bpmn20.ibmext.TUserTaskImplementation","id":"e2f1be51-cecb-490f-8d4d-a9e22c6ace7f","processType":"None"}]},"implementation":"##unspecified","documentation":[{"textFormat":"text/plain"}],"name":"getAppResourceInfoService","declaredType":"globalUserTask","id":"1.ed1a846c-10f1-40f6-83dc-b58d4ab89a18","ioSpecification":{"dataOutput":[{"itemSubjectRef":"itm.12.c09c9b6e-aabd-4897-bef2-ed61db106297","name":"results","isCollection":false,"id":"2055.2f50808a-ac35-4ea6-828c-5803b21df339"},{"itemSubjectRef":"itm.12.5551644c-3dc6-4161-a939-4e7f27f8ce45","name":"error","isCollection":false,"id":"2055.bf34bc2a-cf8a-46ce-8e20-81fd6c4fd85b"}],"inputSet":[{}],"outputSet":[{}],"dataInput":[{"itemSubjectRef":"itm.12.c09c9b6e-aabd-4897-bef2-ed61db106297","name":"data","isCollection":false,"id":"2055.8593ffe9-a8e5-4ace-893d-3aa8c53cebbf"}]}}],"targetNamespace":"","typeLanguage":"http://www.w3.org/2001/XMLSchema","expressionLanguage":"http://www.ibm.com/xmlns/prod/bpm/expression-lang/javascript","id":"1.ed1a846c-10f1-40f6-83dc-b58d4ab89a18"}},"status":"200"}