{"data":{"metadata":{"paId":"2066.bd3841e7-7c78-4b6b-aa2b-1f9cc91afc9a","paShortName":"SYSCST","snapshotId":"2064.2ac60c1c-874b-4787-bfc1-262edfeb41d7","snapshotName":"23.0.2.0.231031231725","name":"Content Services"},"defaults":{"entry":[{"type":"S","value":""},{"type":"B","value":false},{"type":"I","value":0},{"type":"D","value":0.0},{"type":"DT","value":null},{"type":"DT","value":null}]},"templates":{"variableTemplates":[{"modelId":"1.f74383d0-f712-4573-a30b-06be87f01f1d","parentId":"1.f74383d0-f712-4573-a30b-06be87f01f1d","variableTemplate":[{"id":"2055.7fe8f000-d106-4fed-89fb-656eb6786efd","name":"data","boTemplateName":"CSG"},{"id":"2055.2ba84a4a-7c40-4281-8d12-9cb55a967857","name":"results","boTemplateName":"A"},{"id":"2055.e9f9ad88-e109-4e95-8cd3-4e08537b277d","name":"error","boTemplateName":"Aja"}]}],"boTemplate":[{"id":"12.d93caa5e-f235-4b5b-b5e9-87b0cff9a596","name":"CSG","property":[{"name":"csrfToken","type":"S","isList":false},{"name":"appServerResource","type":"S","isList":false},{"name":"repository","type":"S","isList":false},{"name":"thumbnailId","type":"S","isList":false},{"name":"properties","type":"S","isList":true}]},{"id":"12.5551644c-3dc6-4161-a939-4e7f27f8ce45","name":"Aja","property":[{"name":"errorText","type":"S","isList":false},{"name":"errorCode","type":"S","isList":false},{"name":"serviceInError","type":"S","isList":false}]}]},"model":{"rootElement":[{"extensionElements":{"userTaskImplementation":[{"flowElement":[{"parallelMultiple":false,"outgoing":["2027.ee459882-bc5e-417e-82f9-f2e1ebbbeeea"],"isInterrupting":true,"extensionElements":{"nodeVisualInfo":[{"color":"#F8F8F8","width":24,"x":50,"y":200,"declaredType":"TNodeVisualInfo","height":24}]},"name":"Start","declaredType":"startEvent","id":"2b8fc625-524e-4dcd-8343-52d5c9f7db11"},{"incoming":["2027.ee12b19e-fb9a-4f7c-8fde-e6b4f6e7ae85"],"extensionElements":{"nodeVisualInfo":[{"color":"#F8F8F8","width":24,"x":700,"y":200,"declaredType":"TNodeVisualInfo","height":24}],"navigationInstructions":[{"targetType":"Default","declaredType":"com.ibm.bpmsdk.model.bpmn20.ibmext.TNavigationInstructions"}]},"name":"End","declaredType":"endEvent","id":"030ab5b3-2c3f-4fcd-8228-a8daed671706"},{"targetRef":"2025.12dee525-a79c-459c-84eb-92e374f6ac2f","extensionElements":{"linkVisualInfo":[{"sourcePortLocation":"rightCenter","showCoachControlLabel":false,"labelPosition":0.0,"targetPortLocation":"leftCenter","declaredType":"TLinkVisualInfo","saveExecutionContext":false,"showLabel":false}]},"name":"Start to End","declaredType":"sequenceFlow","id":"2027.ee459882-bc5e-417e-82f9-f2e1ebbbeeea","sourceRef":"2b8fc625-524e-4dcd-8343-52d5c9f7db11"},{"startQuantity":1,"outgoing":["2027.ee12b19e-fb9a-4f7c-8fde-e6b4f6e7ae85"],"incoming":["2027.ee459882-bc5e-417e-82f9-f2e1ebbbeeea"],"default":"2027.ee12b19e-fb9a-4f7c-8fde-e6b4f6e7ae85","extensionElements":{"nodeVisualInfo":[{"width":95,"x":320,"y":177,"declaredType":"TNodeVisualInfo","height":70}]},"name":"Get Thumbnail","isForCompensation":false,"completionQuantity":1,"declaredType":"scriptTask","id":"2025.12dee525-a79c-459c-84eb-92e374f6ac2f","scriptFormat":"text/x-javascript","script":{"content":["console.debug(\"****BEGIN Script Get Thumbnail ****\");\r\n\r\n//tw.system.disableAutoContinue = true;‌\r\ntw.system.waitForContinueFlow();\r\n\r\nvar serviceName =\"getThumbnail\";\r\n\r\nvar csrfToken = tw.local.data && tw.local.data.csrfToken;\r\nvar appServerResource = tw.local.data && tw.local.data.serverAppResource;\r\nvar repository = tw.local.data && tw.local.data.repository;\r\nvar thumbnailId = tw.local.data && tw.local.data.thumbnailId; \r\nvar properties = tw.local.data && tw.local.data.properties;\r\n\r\nvar QUERY = \"{\" + \"\\n\" +\r\n\t\"cmThumbnail(\" + \"\\n\" +\r\n\t\t\"repositoryIdentifier: \\\"\" + repository + \"\\\",\" + \"\\n\" +\r\n\t\t\"identifier: \\\"\" + thumbnailId + \"\\\"\" + \"\\n\" +\r\n\t\")\" + \"\\n\" +\r\n\t\"{\" + \"\\n\" +\r\n\t\t\"id\" + \"\\n\" +\r\n    \t\t\"name\" + \"\\n\" +\r\n\t\t\"mimeType\" + \"\\n\" +\r\n    \t\t\"imageByteCount\" + \"\\n\" +\r\n    \t\t\"image\" + \"\\n\" +\r\n\t\t\"properties(includes: \";\r\n\r\n\t\tvar PROPS = \"[\";\r\n\t\tproperties.forEach(function(property) {\r\n\t\t\tPROPS += \"\\\"\" + property + \"\\\" \";\r\n\t\t});\r\n\t\tQUERY += PROPS += \"]\";\r\n\r\n\t\tQUERY += \") {\" + \"\\n\" +\r\n\t\t\t\"id\" + \"\\n\" +\r\n\t\t\t\"label\" + \"\\n\" +\r\n\t\t\t\"type\" + \"\\n\" +\r\n\t\t\t\"cardinality\" + \"\\n\" +\r\n\t\t\t\"value\" + \"\\n\" +\r\n\t\t\"}\" + \"\\n\" +\r\n\t\"}\" + \"\\n\" +\r\n\"}\";\r\n\r\nconsole.debug(\"Calling lookupDBARegistry\");\r\ntw.system.lookupDBARegistry(appServerResource, function(response) {\r\n\r\n\tvar options = {\r\n\t\tmethod: \"POST\",\r\n\t\tpayload: {\r\n\t\t\tquery: QUERY,\r\n\t\t\tvariables: null,\r\n\t\t\toperationName: null\r\n\t\t},\r\n\t\theaders: {\r\n\t\t\t\"ECM-CS-XSRF-Token\": csrfToken,\r\n\t\t\tCookie: \"ECM-CS-XSRF-Token=\" + csrfToken,\r\n\t\t\t\"Accept-Language\": tw.system.user.locale\r\n\t\t}\r\n\t};\r\n\t\r\n\t// Add the context root and path if they are missing for backward compatibility\r\n\tif (!response.ctxRoot){\r\n\t\toptions.ctxRoot = \"/content-services-graphql\";\r\n\t}\r\n\tif (!response.path){\r\n\t\toptions.path = \"/graphql\";\r\n\t}\t\r\n\tconsole.debug(\"Options: \", options);\t\r\n\tconsole.debug(\"****PAYLOAD: \", QUERY);\r\n\tconsole.debug(\"****CALLING performRequest****\");\r\n\t\r\n\ttw.system.performRequest(appServerResource, options, function(response, httpStatus) {\r\n\t\r\n\t\tconsole.debug(\"performRequest response: \", response);\r\n\t\tconsole.debug(\"performRequest httpStatus: \", httpStatus);\r\n\r\n\t\tif (httpStatus.statusCode != 200){\r\n\t\t\ttw.local.error = {};\r\n\t\t\ttw.local.error.errorCode = httpStatus.statusCode;\r\n\t\t\ttw.local.error.errorText = response;\r\n\t\t\ttw.local.error.serviceInError = serviceName;\r\n\t\t}\r\n\t\telse {\r\n\t\t\tvar resultsJson = JSON.parse(response);\r\n\t\t\tif (resultsJson.errors) {\r\n\t\t\t\tvar error = resultsJson.errors[0];\r\n\t\t\t\ttw.local.error = {};\r\n\t\t\t\ttw.local.error.errorCode = error.extensions ? error.extensions.errorCode ?  error.extensions.errorCode : error.errorType : error.errorType;\r\n\t\t\t\ttw.local.error.errorText = error.extensions ? error.extensions.explanation ? error.extensions.explanation : error.message : error.message;\r\n\t\t\t\ttw.local.error.serviceInError = serviceName;\r\n\t\t\t} else {\r\n\t\t\t\tvar cmThumbnail = resultsJson.data.cmThumbnail;\r\n\t\t\t\r\n\t\t\t\tvar newObject = new Object();\r\n\t\t\t\tnewObject.name = cmThumbnail.name;\r\n\t\t\t\tnewObject.id = cmThumbnail.id;\r\n\t\t\t\tnewObject.mimeType = cmThumbnail.mimeType;\r\n\t\t\t\tnewObject.properties = cmThumbnail.properties;\r\n\t\t\t\tnewObject.imageByteCount = cmThumbnail.imageByteCount;\r\n\t\t\t\tnewObject.image = cmThumbnail.image;\r\n\r\n\t\t\t\ttw.local.results = {\r\n\t\t\t\t\tresults: newObject\r\n\t\t\t\t}\r\n\t\t\t}\r\n\t\t}\r\n\t\t\r\n\t\t// Signal to engine that flow can continue past this Script‌\r\n\t\ttw.system.continueFlow();\r\n\t\t\r\n\t}, function (err) {\r\n\t\tconsole.error(\"performRequest failed: \", err);\r\n\t\t\r\n\t\ttw.local.error = {};\r\n\t\ttw.local.error.errorCode = err.code ? err.code : err.errno ? err.errno : err.name;\r\n\t\ttw.local.error.errorText = err.message;\r\n\t\ttw.local.error.serviceInError = serviceName;\r\n\t\t\r\n\t\t// Signal to engine that flow can continue past this Script.\r\n\t\ttw.system.continueFlow();\r\n\t});\r\n}, function(err) {\r\n\tconsole.error(\"Error returned from lookupDBARegistry:\", err);\r\n\ttw.local.error = {};\r\n\ttw.local.error.errorCode = err.msg;\r\n\ttw.local.error.errorText = err.msg;\r\n\ttw.local.error.serviceInError = serviceName;\r\n\ttw.system.continueFlow();\r\n});\r\n\t\r\nconsole.debug(\"At the end of the script step pending response from Graphql\");\r\n"]}},{"targetRef":"030ab5b3-2c3f-4fcd-8228-a8daed671706","extensionElements":{"sequenceFlowImplementation":[{"fireValidation":"Never","sboSyncEnabled":true,"declaredType":"com.ibm.bpmsdk.model.bpmn20.ibmext.TSequenceFlowImplementation"}],"linkVisualInfo":[{"sourcePortLocation":"rightCenter","showCoachControlLabel":false,"labelPosition":0.0,"targetPortLocation":"leftCenter","declaredType":"TLinkVisualInfo","saveExecutionContext":true,"showLabel":false}]},"name":"To End","declaredType":"sequenceFlow","id":"2027.ee12b19e-fb9a-4f7c-8fde-e6b4f6e7ae85","sourceRef":"2025.12dee525-a79c-459c-84eb-92e374f6ac2f"}],"isClosed":false,"declaredType":"com.ibm.bpmsdk.model.bpmn20.ibmext.TUserTaskImplementation","id":"a98d8fb3-3e84-4b42-8654-60629f085c0f","processType":"None"}]},"implementation":"##unspecified","documentation":[{"content":["Returns the thumbnail image of a document."],"textFormat":"text/plain"}],"name":"getThumbnail","declaredType":"globalUserTask","id":"1.f74383d0-f712-4573-a30b-06be87f01f1d","ioSpecification":{"dataOutput":[{"itemSubjectRef":"itm.12.c09c9b6e-aabd-4897-bef2-ed61db106297","documentation":[{"content":["Set on success. Contains a partial Content Item representing the thumbnail containing its properties and the thumbnail image. See the JavaScript API document for a description of Content Item."],"textFormat":"text/plain"}],"name":"results","isCollection":false,"id":"2055.2ba84a4a-7c40-4281-8d12-9cb55a967857"},{"itemSubjectRef":"itm.12.5551644c-3dc6-4161-a939-4e7f27f8ce45","documentation":[{"content":["Set on error. Contains information about why the call failed."],"textFormat":"text/plain"}],"name":"error","isCollection":false,"id":"2055.e9f9ad88-e109-4e95-8cd3-4e08537b277d"}],"inputSet":[{}],"outputSet":[{}],"dataInput":[{"itemSubjectRef":"itm.12.d93caa5e-f235-4b5b-b5e9-87b0cff9a596","name":"data","isCollection":false,"id":"2055.7fe8f000-d106-4fed-89fb-656eb6786efd"}]}}],"targetNamespace":"","typeLanguage":"http://www.w3.org/2001/XMLSchema","expressionLanguage":"http://www.ibm.com/xmlns/prod/bpm/expression-lang/javascript","id":"1.f74383d0-f712-4573-a30b-06be87f01f1d"}},"status":"200"}