<?xml version="1.0" encoding="UTF-8"?>
<teamworks>
    <process id="1.374a09ee-99ad-4261-bd42-0c3c35988135" name="Delete Resource">
        <lastModified>1644014000715</lastModified>
        <lastModifiedBy>bpmadmin</lastModifiedBy>
        <tenantId isNull="true" />
        <processId>1.374a09ee-99ad-4261-bd42-0c3c35988135</processId>
        <image isNull="true" />
        <tabGroup isNull="true" />
        <startingProcessItemId>2025.5689d0d1-1797-40b5-a4d9-062659ba7e81</startingProcessItemId>
        <isRootProcess>false</isRootProcess>
        <processType>12</processType>
        <isErrorHandlerEnabled>false</isErrorHandlerEnabled>
        <errorHandlerItemId isNull="true" />
        <isLoggingVariables>false</isLoggingVariables>
        <isTransactional>false</isTransactional>
        <processTimingLevel isNull="true" />
        <participantRef isNull="true" />
        <exposedType>0</exposedType>
        <isTrackingEnabled>true</isTrackingEnabled>
        <xmlData isNull="true" />
        <cachingType>false</cachingType>
        <itemLabel isNull="true" />
        <cacheLength>43200</cacheLength>
        <mobileReady>false</mobileReady>
        <sboSyncEnabled>true</sboSyncEnabled>
        <externalId isNull="true" />
        <isSecured>true</isSecured>
        <isAjaxExposed>true</isAjaxExposed>
        <isInvokedAsynchronously>false</isInvokedAsynchronously>
        <description isNull="true" />
        <guid>cb89467e-6eb8-411b-b0df-21ff55336192</guid>
        <versionId>638a56e1-5d3b-430d-a115-4df10ada30b5</versionId>
        <dependencySummary>&lt;dependencySummary id="bpdid:65ced482326f222e:-72b2d1a3:17ead17228b:-96d"&gt;&#xD;
  &lt;artifactReference id="bpdid:65ced482326f222e:-72b2d1a3:17ead17228b:-96c"&gt;&#xD;
    &lt;refId&gt;1.de8813f8-2ed3-4824-bd0f-3620f6b9f1da&lt;/refId&gt;&#xD;
    &lt;refType&gt;1&lt;/refType&gt;&#xD;
    &lt;nameValuePair id="bpdid:65ced482326f222e:-72b2d1a3:17ead17228b:-96b"&gt;&#xD;
      &lt;name&gt;operationId&lt;/name&gt;&#xD;
      &lt;value&gt;_3962f074-6027-47bf-be89-96bd703ae75d&lt;/value&gt;&#xD;
    &lt;/nameValuePair&gt;&#xD;
  &lt;/artifactReference&gt;&#xD;
&lt;/dependencySummary&gt;</dependencySummary>
        <jsonData>{"rootElement":[{"flowElement":[{"parallelMultiple":false,"outgoing":["2027.d2b12500-c843-45d2-867d-e92791c0ecde"],"isInterrupting":false,"extensionElements":{"nodeVisualInfo":[{"color":"#F8F8F8","width":24,"x":25,"y":80,"declaredType":"TNodeVisualInfo","height":24}]},"name":"Start","declaredType":"startEvent","id":"cbcbe065-ce9f-4711-b634-e891fbf41a48"},{"incoming":["5ea577ee-1380-408f-befa-d01075bab234"],"extensionElements":{"nodeVisualInfo":[{"color":"#F8F8F8","width":24,"x":650,"y":80,"declaredType":"TNodeVisualInfo","height":24}],"endStateId":["guid:65ced482326f222e:-72b2d1a3:17ead17228b:-240a"],"saveExecutionContext":[true]},"name":"End","declaredType":"endEvent","id":"cf57e563-9181-4f03-9374-c1226c2b3c19"},{"targetRef":"5689d0d1-1797-40b5-a4d9-062659ba7e81","extensionElements":{"linkVisualInfo":[{"sourcePortLocation":"rightCenter","showCoachControlLabel":false,"labelPosition":0.0,"targetPortLocation":"leftCenter","declaredType":"TLinkVisualInfo","saveExecutionContext":false,"showLabel":false}]},"name":"To ADPRESTServices","declaredType":"sequenceFlow","id":"2027.d2b12500-c843-45d2-867d-e92791c0ecde","sourceRef":"cbcbe065-ce9f-4711-b634-e891fbf41a48"},{"startQuantity":1,"outgoing":["5ea577ee-1380-408f-befa-d01075bab234"],"incoming":["2027.d2b12500-c843-45d2-867d-e92791c0ecde"],"extensionElements":{"nodeVisualInfo":[{"width":95,"x":286,"y":57,"declaredType":"TNodeVisualInfo","height":70}],"activityType":["ServiceTask"],"externalServiceRefPO":["1.de8813f8-2ed3-4824-bd0f-3620f6b9f1da"],"externalServiceRef":["_ca780430-b592-4bc1-b01f-c992bd6bff0e"]},"operationRef":"_3962f074-6027-47bf-be89-96bd703ae75d","implementation":"##WebService","name":"ADPRESTServices","dataInputAssociation":[{"targetRef":"_0f10d4a0-df07-4c1f-8e3f-77ed3768f1b2","assignment":[{"from":{"evaluatesToTypeRef":"itm.12.db884a3c-c533-44b7-bb2d-47bec8ad4022","declaredType":"TFormalExpression","content":["tw.local.host"]}}]},{"targetRef":"_4d09821b-0d6b-4532-9962-e890c0db01cd","assignment":[{"from":{"evaluatesToTypeRef":"itm.12.db884a3c-c533-44b7-bb2d-47bec8ad4022","declaredType":"TFormalExpression","content":["tw.local.username"]}}]},{"targetRef":"_d620a75a-7cb2-4662-9537-d649afcea498","assignment":[{"from":{"evaluatesToTypeRef":"itm.12.db884a3c-c533-44b7-bb2d-47bec8ad4022","declaredType":"TFormalExpression","content":["tw.local.password"]}}]},{"targetRef":"_5c3aa20d-0fe1-492e-972d-a388ef87da87","assignment":[{"from":{"evaluatesToTypeRef":"itm.12.db884a3c-c533-44b7-bb2d-47bec8ad4022","declaredType":"TFormalExpression","content":["tw.local.projectId"]}}]},{"targetRef":"_8de260ee-2e2a-4fa2-a5d0-75c14f4a5dea","assignment":[{"from":{"evaluatesToTypeRef":"itm.12.db884a3c-c533-44b7-bb2d-47bec8ad4022","declaredType":"TFormalExpression","content":["tw.local.analyzerId"]}}]}],"isForCompensation":false,"completionQuantity":1,"declaredType":"serviceTask","id":"5689d0d1-1797-40b5-a4d9-062659ba7e81"},{"targetRef":"cf57e563-9181-4f03-9374-c1226c2b3c19","extensionElements":{"sequenceFlowImplementation":[{"fireValidation":"Never","sboSyncEnabled":true,"declaredType":"com.ibm.bpmsdk.model.bpmn20.ibmext.TSequenceFlowImplementation"}],"linkVisualInfo":[{"sourcePortLocation":"rightCenter","showCoachControlLabel":false,"labelPosition":0.0,"targetPortLocation":"leftCenter","declaredType":"TLinkVisualInfo","saveExecutionContext":true,"showLabel":false}]},"name":"To End","declaredType":"sequenceFlow","id":"5ea577ee-1380-408f-befa-d01075bab234","sourceRef":"5689d0d1-1797-40b5-a4d9-062659ba7e81"}],"laneSet":[{"id":"e4a1224f-015c-4139-9dd8-182445fb05b4","lane":[{"flowNodeRef":["cbcbe065-ce9f-4711-b634-e891fbf41a48","cf57e563-9181-4f03-9374-c1226c2b3c19","5689d0d1-1797-40b5-a4d9-062659ba7e81"],"extensionElements":{"nodeVisualInfo":[{"color":"#F8F8F8","width":3000,"x":0,"y":0,"declaredType":"TNodeVisualInfo","height":500}]},"name":"System","partitionElementRef":"24.6fd38d02-81cf-48ab-bd42-8ff4c0a1628b","declaredType":"lane","id":"61b171a4-279a-48ee-b615-0a06fe9ba1fc","otherAttributes":{"{http:\/\/www.ibm.com\/xmlns\/prod\/bpm\/bpmn\/ext\/process\/wle}isSystemLane":"true"}}]}],"isClosed":false,"extensionElements":{"isSecured":[true],"isAjaxExposed":[true],"cachingType":[false],"cacheLength":[43200],"sboSyncEnabled":[true]},"documentation":[{"textFormat":"text\/plain"}],"name":"Delete Resource","declaredType":"process","id":"1.374a09ee-99ad-4261-bd42-0c3c35988135","processType":"None","otherAttributes":{"{http:\/\/www.ibm.com\/xmlns\/prod\/bpm\/bpmn\/ext\/process}executionMode":"microflow"},"ioSpecification":{"inputSet":[{"dataInputRefs":["2055.9e7ebf96-99ca-40d0-9bdb-03e88e013c18","2055.fd9236a4-5d16-4fc8-9d2d-29abcd3606ce","2055.6abcf0fc-a993-41bb-8539-074802a0c1c8","2055.2092e655-15bc-4953-a1dc-d62818c90192","2055.64de3fcf-e380-4f0b-b385-fdf211d24f73"]}],"outputSet":[{}],"dataInput":[{"itemSubjectRef":"itm.12.db884a3c-c533-44b7-bb2d-47bec8ad4022","name":"host","isCollection":false,"id":"2055.9e7ebf96-99ca-40d0-9bdb-03e88e013c18"},{"itemSubjectRef":"itm.12.db884a3c-c533-44b7-bb2d-47bec8ad4022","name":"username","isCollection":false,"id":"2055.fd9236a4-5d16-4fc8-9d2d-29abcd3606ce"},{"itemSubjectRef":"itm.12.db884a3c-c533-44b7-bb2d-47bec8ad4022","name":"password","isCollection":false,"id":"2055.6abcf0fc-a993-41bb-8539-074802a0c1c8"},{"itemSubjectRef":"itm.12.db884a3c-c533-44b7-bb2d-47bec8ad4022","name":"projectId","isCollection":false,"id":"2055.2092e655-15bc-4953-a1dc-d62818c90192"},{"itemSubjectRef":"itm.12.db884a3c-c533-44b7-bb2d-47bec8ad4022","name":"analyzerId","isCollection":false,"id":"2055.64de3fcf-e380-4f0b-b385-fdf211d24f73"}]}}],"targetNamespace":"","typeLanguage":"http:\/\/www.w3.org\/2001\/XMLSchema","expressionLanguage":"http:\/\/www.ibm.com\/xmlns\/prod\/bpm\/expression-lang\/javascript"}</jsonData>
        <field1 isNull="true" />
        <field2 isNull="true" />
        <field3>0</field3>
        <field4 isNull="true" />
        <field5>false</field5>
        <clobField1 isNull="true" />
        <blobField1 isNull="true" />
        <processParameter name="host">
            <lastModified isNull="true" />
            <lastModifiedBy isNull="true" />
            <tenantId isNull="true" />
            <processParameterId>2055.9e7ebf96-99ca-40d0-9bdb-03e88e013c18</processParameterId>
            <processId>1.374a09ee-99ad-4261-bd42-0c3c35988135</processId>
            <parameterType>1</parameterType>
            <isArrayOf>false</isArrayOf>
            <classId>261059c3-7c6b-434a-9514-283d35d29c3a/12.db884a3c-c533-44b7-bb2d-47bec8ad4022</classId>
            <seq>1</seq>
            <hasDefault>false</hasDefault>
            <defaultValue isNull="true" />
            <isLocked>false</isLocked>
            <description isNull="true" />
            <guid>9e72a66e-7ab7-4f4c-be4e-5ae07e9d5928</guid>
            <versionId>5a7a4a84-80b3-49fb-9efa-8ee490d44418</versionId>
        </processParameter>
        <processParameter name="username">
            <lastModified isNull="true" />
            <lastModifiedBy isNull="true" />
            <tenantId isNull="true" />
            <processParameterId>2055.fd9236a4-5d16-4fc8-9d2d-29abcd3606ce</processParameterId>
            <processId>1.374a09ee-99ad-4261-bd42-0c3c35988135</processId>
            <parameterType>1</parameterType>
            <isArrayOf>false</isArrayOf>
            <classId>261059c3-7c6b-434a-9514-283d35d29c3a/12.db884a3c-c533-44b7-bb2d-47bec8ad4022</classId>
            <seq>2</seq>
            <hasDefault>false</hasDefault>
            <defaultValue isNull="true" />
            <isLocked>false</isLocked>
            <description isNull="true" />
            <guid>03761777-6d6c-4d19-be52-c79670e9d2d0</guid>
            <versionId>19fb6cc4-2e2f-4136-9aad-abdadf237137</versionId>
        </processParameter>
        <processParameter name="password">
            <lastModified isNull="true" />
            <lastModifiedBy isNull="true" />
            <tenantId isNull="true" />
            <processParameterId>2055.6abcf0fc-a993-41bb-8539-074802a0c1c8</processParameterId>
            <processId>1.374a09ee-99ad-4261-bd42-0c3c35988135</processId>
            <parameterType>1</parameterType>
            <isArrayOf>false</isArrayOf>
            <classId>261059c3-7c6b-434a-9514-283d35d29c3a/12.db884a3c-c533-44b7-bb2d-47bec8ad4022</classId>
            <seq>3</seq>
            <hasDefault>false</hasDefault>
            <defaultValue isNull="true" />
            <isLocked>false</isLocked>
            <description isNull="true" />
            <guid>8d347a3a-6121-4760-a69d-2a9bef41d6dd</guid>
            <versionId>c11f0698-fb57-4e1d-8a94-302533e574b8</versionId>
        </processParameter>
        <processParameter name="projectId">
            <lastModified isNull="true" />
            <lastModifiedBy isNull="true" />
            <tenantId isNull="true" />
            <processParameterId>2055.2092e655-15bc-4953-a1dc-d62818c90192</processParameterId>
            <processId>1.374a09ee-99ad-4261-bd42-0c3c35988135</processId>
            <parameterType>1</parameterType>
            <isArrayOf>false</isArrayOf>
            <classId>261059c3-7c6b-434a-9514-283d35d29c3a/12.db884a3c-c533-44b7-bb2d-47bec8ad4022</classId>
            <seq>4</seq>
            <hasDefault>false</hasDefault>
            <defaultValue isNull="true" />
            <isLocked>false</isLocked>
            <description isNull="true" />
            <guid>86534975-d882-49ae-a300-c18e654352fd</guid>
            <versionId>fbaf4992-b10e-4dde-a6a2-8d4e637745b1</versionId>
        </processParameter>
        <processParameter name="analyzerId">
            <lastModified isNull="true" />
            <lastModifiedBy isNull="true" />
            <tenantId isNull="true" />
            <processParameterId>2055.64de3fcf-e380-4f0b-b385-fdf211d24f73</processParameterId>
            <processId>1.374a09ee-99ad-4261-bd42-0c3c35988135</processId>
            <parameterType>1</parameterType>
            <isArrayOf>false</isArrayOf>
            <classId>261059c3-7c6b-434a-9514-283d35d29c3a/12.db884a3c-c533-44b7-bb2d-47bec8ad4022</classId>
            <seq>5</seq>
            <hasDefault>false</hasDefault>
            <defaultValue isNull="true" />
            <isLocked>false</isLocked>
            <description isNull="true" />
            <guid>baa2f53c-05b8-4a5e-a54c-0e190b10b25d</guid>
            <versionId>b12a6620-4070-4b14-86c5-91eff04e42b7</versionId>
        </processParameter>
        <item>
            <lastModified isNull="true" />
            <lastModifiedBy isNull="true" />
            <tenantId isNull="true" />
            <processItemId>2025.cf57e563-9181-4f03-9374-c1226c2b3c19</processItemId>
            <processId>1.374a09ee-99ad-4261-bd42-0c3c35988135</processId>
            <name>End</name>
            <tWComponentName>ExitPoint</tWComponentName>
            <tWComponentId>3008.fe8f5303-1f3f-478a-aa35-e0498ca0f11d</tWComponentId>
            <isLogEnabled>false</isLogEnabled>
            <isTraceEnabled>false</isTraceEnabled>
            <traceCategory isNull="true" />
            <traceLevel isNull="true" />
            <traceMessage isNull="true" />
            <traceSymbolTable isNull="true" />
            <isExecutionContextTraced>false</isExecutionContextTraced>
            <saveExecutionContext>true</saveExecutionContext>
            <documentation isNull="true" />
            <isErrorHandlerEnabled>false</isErrorHandlerEnabled>
            <errorHandlerItemId isNull="true" />
            <guid>guid:65ced482326f222e:-72b2d1a3:17ead17228b:-240a</guid>
            <versionId>ffdc38a6-62fa-467a-9624-cdce3177b080</versionId>
            <externalServiceRef isNull="true" />
            <externalServiceOp isNull="true" />
            <nodeColor isNull="true" />
            <layoutData x="650" y="80">
                <errorLink>
                    <controlPoints />
                    <showEndState>false</showEndState>
                    <showName>false</showName>
                </errorLink>
            </layoutData>
            <TWComponent>
                <lastModified isNull="true" />
                <lastModifiedBy isNull="true" />
                <tenantId isNull="true" />
                <exitPointId>3008.fe8f5303-1f3f-478a-aa35-e0498ca0f11d</exitPointId>
                <haltProcess>false</haltProcess>
                <guid>ca8c2cb6-2229-4b0d-9e31-aa6f99916bc6</guid>
                <versionId>7cabfbae-2aae-4288-8767-93bef7c48497</versionId>
            </TWComponent>
        </item>
        <item>
            <lastModified isNull="true" />
            <lastModifiedBy isNull="true" />
            <tenantId isNull="true" />
            <processItemId>2025.5689d0d1-1797-40b5-a4d9-062659ba7e81</processItemId>
            <processId>1.374a09ee-99ad-4261-bd42-0c3c35988135</processId>
            <name>ADPRESTServices</name>
            <tWComponentName>SKELConnector</tWComponentName>
            <tWComponentId>3034.4da267e4-1e53-4fc7-822c-682d5129683a</tWComponentId>
            <isLogEnabled>false</isLogEnabled>
            <isTraceEnabled>false</isTraceEnabled>
            <traceCategory isNull="true" />
            <traceLevel isNull="true" />
            <traceMessage isNull="true" />
            <traceSymbolTable isNull="true" />
            <isExecutionContextTraced>false</isExecutionContextTraced>
            <saveExecutionContext>false</saveExecutionContext>
            <documentation isNull="true" />
            <isErrorHandlerEnabled>false</isErrorHandlerEnabled>
            <errorHandlerItemId isNull="true" />
            <guid>guid:65ced482326f222e:-72b2d1a3:17ead17228b:-2409</guid>
            <versionId>ccc26790-5194-45e9-a178-8e6ecb5faf7e</versionId>
            <externalServiceRef>/1.de8813f8-2ed3-4824-bd0f-3620f6b9f1da</externalServiceRef>
            <externalServiceOp>_3962f074-6027-47bf-be89-96bd703ae75d</externalServiceOp>
            <nodeColor isNull="true" />
            <layoutData x="286" y="57">
                <errorLink>
                    <controlPoints />
                    <showEndState>false</showEndState>
                    <showName>false</showName>
                </errorLink>
            </layoutData>
            <TWComponent>
                <lastModified isNull="true" />
                <lastModifiedBy isNull="true" />
                <tenantId isNull="true" />
                <skelConnectorId>3034.4da267e4-1e53-4fc7-822c-682d5129683a</skelConnectorId>
                <definition>&lt;config type="com.lombardisoftware.client.persistence.SKELConnectorConfiguration"&gt;&#xD;
  &lt;inputParameters&gt;&#xD;
    &lt;parameter&gt;&#xD;
      &lt;name&gt;_0f10d4a0-df07-4c1f-8e3f-77ed3768f1b2&lt;/name&gt;&#xD;
      &lt;type&gt;itm.12.db884a3c-c533-44b7-bb2d-47bec8ad4022&lt;/type&gt;&#xD;
      &lt;description /&gt;&#xD;
      &lt;defaultValue /&gt;&#xD;
      &lt;argumentVariable&gt;tw.local.host&lt;/argumentVariable&gt;&#xD;
      &lt;isArray&gt;&lt;/isArray&gt;&#xD;
    &lt;/parameter&gt;&#xD;
    &lt;parameter&gt;&#xD;
      &lt;name&gt;_4d09821b-0d6b-4532-9962-e890c0db01cd&lt;/name&gt;&#xD;
      &lt;type&gt;itm.12.db884a3c-c533-44b7-bb2d-47bec8ad4022&lt;/type&gt;&#xD;
      &lt;description /&gt;&#xD;
      &lt;defaultValue /&gt;&#xD;
      &lt;argumentVariable&gt;tw.local.username&lt;/argumentVariable&gt;&#xD;
      &lt;isArray&gt;&lt;/isArray&gt;&#xD;
    &lt;/parameter&gt;&#xD;
    &lt;parameter&gt;&#xD;
      &lt;name&gt;_d620a75a-7cb2-4662-9537-d649afcea498&lt;/name&gt;&#xD;
      &lt;type&gt;itm.12.db884a3c-c533-44b7-bb2d-47bec8ad4022&lt;/type&gt;&#xD;
      &lt;description /&gt;&#xD;
      &lt;defaultValue /&gt;&#xD;
      &lt;argumentVariable&gt;tw.local.password&lt;/argumentVariable&gt;&#xD;
      &lt;isArray&gt;&lt;/isArray&gt;&#xD;
    &lt;/parameter&gt;&#xD;
    &lt;parameter&gt;&#xD;
      &lt;name&gt;_5c3aa20d-0fe1-492e-972d-a388ef87da87&lt;/name&gt;&#xD;
      &lt;type&gt;itm.12.db884a3c-c533-44b7-bb2d-47bec8ad4022&lt;/type&gt;&#xD;
      &lt;description /&gt;&#xD;
      &lt;defaultValue /&gt;&#xD;
      &lt;argumentVariable&gt;tw.local.projectId&lt;/argumentVariable&gt;&#xD;
      &lt;isArray&gt;&lt;/isArray&gt;&#xD;
    &lt;/parameter&gt;&#xD;
    &lt;parameter&gt;&#xD;
      &lt;name&gt;_8de260ee-2e2a-4fa2-a5d0-75c14f4a5dea&lt;/name&gt;&#xD;
      &lt;type&gt;itm.12.db884a3c-c533-44b7-bb2d-47bec8ad4022&lt;/type&gt;&#xD;
      &lt;description /&gt;&#xD;
      &lt;defaultValue /&gt;&#xD;
      &lt;argumentVariable&gt;tw.local.analyzerId&lt;/argumentVariable&gt;&#xD;
      &lt;isArray&gt;&lt;/isArray&gt;&#xD;
    &lt;/parameter&gt;&#xD;
  &lt;/inputParameters&gt;&#xD;
  &lt;outputParameters /&gt;&#xD;
  &lt;extendedProperties /&gt;&#xD;
&lt;/config&gt;</definition>
                <guid>4610c224-2e92-4662-a65d-2d4444f30682</guid>
                <versionId>fb85f07d-b85d-40e3-b12b-c48cfb535259</versionId>
            </TWComponent>
        </item>
        <startingProcessItemId>2025.5689d0d1-1797-40b5-a4d9-062659ba7e81</startingProcessItemId>
        <errorHandlerItemId isNull="true" />
        <layoutData noConversion="true">
            <errorLink>
                <controlPoints />
                <showEndState>false</showEndState>
                <showName>false</showName>
            </errorLink>
        </layoutData>
        <startPoint>
            <layoutData x="25" y="80">
                <errorLink>
                    <controlPoints />
                    <showEndState>false</showEndState>
                    <showName>false</showName>
                </errorLink>
            </layoutData>
        </startPoint>
        <startLink>
            <fromPort locationId="rightCenter" portType="1" />
            <toPort locationId="leftCenter" portType="2" />
            <layoutData>
                <controlPoints />
                <showEndState>false</showEndState>
                <showName>false</showName>
            </layoutData>
        </startLink>
        <bpmn2Model>
            <ns16:definitions xmlns:ns16="http://www.omg.org/spec/BPMN/20100524/MODEL" xmlns:ns2="http://www.ibm.com/xmlns/prod/bpm/bpmn/ext/trackinggroup" xmlns:ns3="http://www.ibm.com/xmlns/prod/bpm/bpmn/ext/process" xmlns:ns4="http://www.ibm.com/xmlns/prod/bpm/bpmn/ext/process/wle" xmlns:ns5="http://www.ibm.com/xmlns/prod/bpm/bpmn/ext/process/case" xmlns:ns6="http://www.ibm.com/bpm/Extensions" xmlns:ns7="http://www.ibm.com/xmlns/prod/bpm/uca" xmlns:ns8="http://www.ibm.com/xmlns/prod/bpm/bpmn/ext/team" xmlns:ns9="http://www.ibm.com/xmlns/bpmnx/20100524/v1/BusinessVocabulary" xmlns:ns10="http://www.omg.org/spec/DD/20100524/DI" xmlns:ns11="http://www.omg.org/spec/DD/20100524/DC" xmlns:ns12="http://www.omg.org/spec/BPMN/20100524/BPMNDI" xmlns:ns13="http://www.ibm.com/xmlns/prod/bpm/graph" xmlns:ns14="http://www.ibm.com/xmlns/prod/bpm/bpmn/ext/process/auth" xmlns:ns15="http://www.ibm.com/xmlns/prod/bpm/bpmn/ext/extservice" xmlns:ns17="http://www.ibm.com/bpm/processappsettings" xmlns:ns18="http://www.ibm.com/xmlns/links" xmlns:ns19="http://www.ibm.com/bpm/CoachDesignerNG" xmlns:ns20="http://www.ibm.com/xmlns/tagging" xmlns:ns21="http://www.ibm.com/bpm/uitheme" xmlns:ns22="http://www.ibm.com/bpm/coachview" targetNamespace="" expressionLanguage="http://www.ibm.com/xmlns/prod/bpm/expression-lang/javascript" typeLanguage="http://www.w3.org/2001/XMLSchema">
                
                
                
                
                
                
                
                
                
                
                
                
                
                
                
                
                
                
                <ns16:process name="Delete Resource" id="1.374a09ee-99ad-4261-bd42-0c3c35988135" ns3:executionMode="microflow">
                    
                    
                    
                    
                    
                    
                    
                    
                    
                    
                    
                    
                    
                    
                    
                    
                    
                    
                    <ns16:documentation textFormat="text/plain" />
                    
                    
                    
                    
                    
                    
                    
                    
                    
                    
                    
                    
                    
                    
                    
                    
                    
                    
                    <ns16:extensionElements>
                        
                        
                        
                        
                        
                        
                        
                        
                        
                        
                        
                        
                        
                        
                        
                        
                        
                        
                        <ns3:isSecured>true</ns3:isSecured>
                        
                        
                        
                        
                        
                        
                        
                        
                        
                        
                        
                        
                        
                        
                        
                        
                        
                        
                        <ns3:isAjaxExposed>true</ns3:isAjaxExposed>
                        
                        
                        
                        
                        
                        
                        
                        
                        
                        
                        
                        
                        
                        
                        
                        
                        
                        
                        <ns3:sboSyncEnabled>true</ns3:sboSyncEnabled>
                        
                        
                        
                        
                        
                        
                        
                        
                        
                        
                        
                        
                        
                        
                        
                        
                        
                        
                        <ns3:cacheLength>43200</ns3:cacheLength>
                        
                        
                        
                        
                        
                        
                        
                        
                        
                        
                        
                        
                        
                        
                        
                        
                        
                        
                        <ns3:cachingType>false</ns3:cachingType>
                        
                        
                        
                        
                        
                        
                        
                        
                        
                    
                    
                    
                    
                    
                    
                    
                    
                    
                    </ns16:extensionElements>
                    
                    
                    
                    
                    
                    
                    
                    
                    
                    
                    
                    
                    
                    
                    
                    
                    
                    
                    <ns16:ioSpecification>
                        
                        
                        
                        
                        
                        
                        
                        
                        
                        
                        
                        
                        
                        
                        
                        
                        
                        
                        <ns16:dataInput name="host" itemSubjectRef="itm.12.db884a3c-c533-44b7-bb2d-47bec8ad4022" isCollection="false" id="2055.9e7ebf96-99ca-40d0-9bdb-03e88e013c18" />
                        
                        
                        
                        
                        
                        
                        
                        
                        
                        
                        
                        
                        
                        
                        
                        
                        
                        
                        <ns16:dataInput name="username" itemSubjectRef="itm.12.db884a3c-c533-44b7-bb2d-47bec8ad4022" isCollection="false" id="2055.fd9236a4-5d16-4fc8-9d2d-29abcd3606ce" />
                        
                        
                        
                        
                        
                        
                        
                        
                        
                        
                        
                        
                        
                        
                        
                        
                        
                        
                        <ns16:dataInput name="password" itemSubjectRef="itm.12.db884a3c-c533-44b7-bb2d-47bec8ad4022" isCollection="false" id="2055.6abcf0fc-a993-41bb-8539-074802a0c1c8" />
                        
                        
                        
                        
                        
                        
                        
                        
                        
                        
                        
                        
                        
                        
                        
                        
                        
                        
                        <ns16:dataInput name="projectId" itemSubjectRef="itm.12.db884a3c-c533-44b7-bb2d-47bec8ad4022" isCollection="false" id="2055.2092e655-15bc-4953-a1dc-d62818c90192" />
                        
                        
                        
                        
                        
                        
                        
                        
                        
                        
                        
                        
                        
                        
                        
                        
                        
                        
                        <ns16:dataInput name="analyzerId" itemSubjectRef="itm.12.db884a3c-c533-44b7-bb2d-47bec8ad4022" isCollection="false" id="2055.64de3fcf-e380-4f0b-b385-fdf211d24f73" />
                        
                        
                        
                        
                        
                        
                        
                        
                        
                        
                        
                        
                        
                        
                        
                        
                        
                        
                        <ns16:inputSet>
                            
                            
                            
                            
                            
                            
                            
                            
                            
                            
                            
                            
                            
                            
                            
                            
                            
                            
                            <ns16:dataInputRefs>2055.9e7ebf96-99ca-40d0-9bdb-03e88e013c18</ns16:dataInputRefs>
                            
                            
                            
                            
                            
                            
                            
                            
                            
                            
                            
                            
                            
                            
                            
                            
                            
                            
                            <ns16:dataInputRefs>2055.fd9236a4-5d16-4fc8-9d2d-29abcd3606ce</ns16:dataInputRefs>
                            
                            
                            
                            
                            
                            
                            
                            
                            
                            
                            
                            
                            
                            
                            
                            
                            
                            
                            <ns16:dataInputRefs>2055.6abcf0fc-a993-41bb-8539-074802a0c1c8</ns16:dataInputRefs>
                            
                            
                            
                            
                            
                            
                            
                            
                            
                            
                            
                            
                            
                            
                            
                            
                            
                            
                            <ns16:dataInputRefs>2055.2092e655-15bc-4953-a1dc-d62818c90192</ns16:dataInputRefs>
                            
                            
                            
                            
                            
                            
                            
                            
                            
                            
                            
                            
                            
                            
                            
                            
                            
                            
                            <ns16:dataInputRefs>2055.64de3fcf-e380-4f0b-b385-fdf211d24f73</ns16:dataInputRefs>
                            
                            
                            
                            
                            
                            
                            
                            
                            
                        
                        
                        
                        
                        
                        
                        
                        
                        
                        </ns16:inputSet>
                        
                        
                        
                        
                        
                        
                        
                        
                        
                        
                        
                        
                        
                        
                        
                        
                        
                        
                        <ns16:outputSet />
                        
                        
                        
                        
                        
                        
                        
                        
                        
                    
                    
                    
                    
                    
                    
                    
                    
                    
                    </ns16:ioSpecification>
                    
                    
                    
                    
                    
                    
                    
                    
                    
                    
                    
                    
                    
                    
                    
                    
                    
                    
                    <ns16:laneSet id="e4a1224f-015c-4139-9dd8-182445fb05b4">
                        
                        
                        
                        
                        
                        
                        
                        
                        
                        
                        
                        
                        
                        
                        
                        
                        
                        
                        <ns16:lane name="System" partitionElementRef="24.6fd38d02-81cf-48ab-bd42-8ff4c0a1628b" id="61b171a4-279a-48ee-b615-0a06fe9ba1fc" ns4:isSystemLane="true">
                            
                            
                            
                            
                            
                            
                            
                            
                            
                            
                            
                            
                            
                            
                            
                            
                            
                            
                            <ns16:extensionElements>
                                
                                
                                
                                
                                
                                
                                
                                
                                
                                
                                
                                
                                
                                
                                
                                
                                
                                
                                <ns13:nodeVisualInfo x="0" y="0" width="3000" height="500" color="#F8F8F8" />
                                
                                
                                
                                
                                
                                
                                
                                
                                
                            
                            
                            
                            
                            
                            
                            
                            
                            
                            </ns16:extensionElements>
                            
                            
                            
                            
                            
                            
                            
                            
                            
                            
                            
                            
                            
                            
                            
                            
                            
                            
                            <ns16:flowNodeRef>cbcbe065-ce9f-4711-b634-e891fbf41a48</ns16:flowNodeRef>
                            
                            
                            
                            
                            
                            
                            
                            
                            
                            
                            
                            
                            
                            
                            
                            
                            
                            
                            <ns16:flowNodeRef>cf57e563-9181-4f03-9374-c1226c2b3c19</ns16:flowNodeRef>
                            
                            
                            
                            
                            
                            
                            
                            
                            
                            
                            
                            
                            
                            
                            
                            
                            
                            
                            <ns16:flowNodeRef>5689d0d1-1797-40b5-a4d9-062659ba7e81</ns16:flowNodeRef>
                            
                            
                            
                            
                            
                            
                            
                            
                            
                        
                        
                        
                        
                        
                        
                        
                        
                        
                        </ns16:lane>
                        
                        
                        
                        
                        
                        
                        
                        
                        
                    
                    
                    
                    
                    
                    
                    
                    
                    
                    </ns16:laneSet>
                    
                    
                    
                    
                    
                    
                    
                    
                    
                    
                    
                    
                    
                    
                    
                    
                    
                    
                    <ns16:startEvent isInterrupting="false" parallelMultiple="false" name="Start" id="cbcbe065-ce9f-4711-b634-e891fbf41a48">
                        
                        
                        
                        
                        
                        
                        
                        
                        
                        
                        
                        
                        
                        
                        
                        
                        
                        
                        <ns16:extensionElements>
                            
                            
                            
                            
                            
                            
                            
                            
                            
                            
                            
                            
                            
                            
                            
                            
                            
                            
                            <ns13:nodeVisualInfo x="25" y="80" width="24" height="24" color="#F8F8F8" />
                            
                            
                            
                            
                            
                            
                            
                            
                            
                        
                        
                        
                        
                        
                        
                        
                        
                        
                        </ns16:extensionElements>
                        
                        
                        
                        
                        
                        
                        
                        
                        
                        
                        
                        
                        
                        
                        
                        
                        
                        
                        <ns16:outgoing>2027.d2b12500-c843-45d2-867d-e92791c0ecde</ns16:outgoing>
                        
                        
                        
                        
                        
                        
                        
                        
                        
                    
                    
                    
                    
                    
                    
                    
                    
                    
                    </ns16:startEvent>
                    
                    
                    
                    
                    
                    
                    
                    
                    
                    
                    
                    
                    
                    
                    
                    
                    
                    
                    <ns16:endEvent name="End" id="cf57e563-9181-4f03-9374-c1226c2b3c19">
                        
                        
                        
                        
                        
                        
                        
                        
                        
                        
                        
                        
                        
                        
                        
                        
                        
                        
                        <ns16:extensionElements>
                            
                            
                            
                            
                            
                            
                            
                            
                            
                            
                            
                            
                            
                            
                            
                            
                            
                            
                            <ns13:nodeVisualInfo x="650" y="80" width="24" height="24" color="#F8F8F8" />
                            
                            
                            
                            
                            
                            
                            
                            
                            
                            
                            
                            
                            
                            
                            
                            
                            
                            
                            <ns4:saveExecutionContext>true</ns4:saveExecutionContext>
                            
                            
                            
                            
                            
                            
                            
                            
                            
                            
                            
                            
                            
                            
                            
                            
                            
                            
                            <ns3:endStateId>guid:65ced482326f222e:-72b2d1a3:17ead17228b:-240a</ns3:endStateId>
                            
                            
                            
                            
                            
                            
                            
                            
                            
                        
                        
                        
                        
                        
                        
                        
                        
                        
                        </ns16:extensionElements>
                        
                        
                        
                        
                        
                        
                        
                        
                        
                        
                        
                        
                        
                        
                        
                        
                        
                        
                        <ns16:incoming>5ea577ee-1380-408f-befa-d01075bab234</ns16:incoming>
                        
                        
                        
                        
                        
                        
                        
                        
                        
                    
                    
                    
                    
                    
                    
                    
                    
                    
                    </ns16:endEvent>
                    
                    
                    
                    
                    
                    
                    
                    
                    
                    
                    
                    
                    
                    
                    
                    
                    
                    
                    <ns16:sequenceFlow sourceRef="cbcbe065-ce9f-4711-b634-e891fbf41a48" targetRef="5689d0d1-1797-40b5-a4d9-062659ba7e81" name="To ADPRESTServices" id="2027.d2b12500-c843-45d2-867d-e92791c0ecde">
                        
                        
                        
                        
                        
                        
                        
                        
                        
                        
                        
                        
                        
                        
                        
                        
                        
                        
                        <ns16:extensionElements>
                            
                            
                            
                            
                            
                            
                            
                            
                            
                            
                            
                            
                            
                            
                            
                            
                            
                            
                            <ns13:linkVisualInfo>
                                
                                
                                
                                
                                
                                
                                
                                
                                
                                
                                
                                
                                
                                
                                
                                
                                
                                
                                <ns13:sourcePortLocation>rightCenter</ns13:sourcePortLocation>
                                
                                
                                
                                
                                
                                
                                
                                
                                
                                
                                
                                
                                
                                
                                
                                
                                
                                
                                <ns13:targetPortLocation>leftCenter</ns13:targetPortLocation>
                                
                                
                                
                                
                                
                                
                                
                                
                                
                                
                                
                                
                                
                                
                                
                                
                                
                                
                                <ns13:showLabel>false</ns13:showLabel>
                                
                                
                                
                                
                                
                                
                                
                                
                                
                                
                                
                                
                                
                                
                                
                                
                                
                                
                                <ns13:showCoachControlLabel>false</ns13:showCoachControlLabel>
                                
                                
                                
                                
                                
                                
                                
                                
                                
                                
                                
                                
                                
                                
                                
                                
                                
                                
                                <ns13:labelPosition>0.0</ns13:labelPosition>
                                
                                
                                
                                
                                
                                
                                
                                
                                
                                
                                
                                
                                
                                
                                
                                
                                
                                
                                <ns13:saveExecutionContext>false</ns13:saveExecutionContext>
                                
                                
                                
                                
                                
                                
                                
                                
                                
                            
                            
                            
                            
                            
                            
                            
                            
                            
                            </ns13:linkVisualInfo>
                            
                            
                            
                            
                            
                            
                            
                            
                            
                        
                        
                        
                        
                        
                        
                        
                        
                        
                        </ns16:extensionElements>
                        
                        
                        
                        
                        
                        
                        
                        
                        
                    
                    
                    
                    
                    
                    
                    
                    
                    
                    </ns16:sequenceFlow>
                    
                    
                    
                    
                    
                    
                    
                    
                    
                    
                    
                    
                    
                    
                    
                    
                    
                    
                    <ns16:serviceTask operationRef="_3962f074-6027-47bf-be89-96bd703ae75d" name="ADPRESTServices" id="5689d0d1-1797-40b5-a4d9-062659ba7e81">
                        
                        
                        
                        
                        
                        
                        
                        
                        
                        
                        
                        
                        
                        
                        
                        
                        
                        
                        <ns16:extensionElements>
                            
                            
                            
                            
                            
                            
                            
                            
                            
                            
                            
                            
                            
                            
                            
                            
                            
                            
                            <ns13:nodeVisualInfo x="286" y="57" width="95" height="70" />
                            
                            
                            
                            
                            
                            
                            
                            
                            
                            
                            
                            
                            
                            
                            
                            
                            
                            
                            <ns4:activityType>ServiceTask</ns4:activityType>
                            
                            
                            
                            
                            
                            
                            
                            
                            
                            
                            
                            
                            
                            
                            
                            
                            
                            
                            <ns3:externalServiceRefPO>1.de8813f8-2ed3-4824-bd0f-3620f6b9f1da</ns3:externalServiceRefPO>
                            
                            
                            
                            
                            
                            
                            
                            
                            
                            
                            
                            
                            
                            
                            
                            
                            
                            
                            <ns3:externalServiceRef>_ca780430-b592-4bc1-b01f-c992bd6bff0e</ns3:externalServiceRef>
                            
                            
                            
                            
                            
                            
                            
                            
                            
                        
                        
                        
                        
                        
                        
                        
                        
                        
                        </ns16:extensionElements>
                        
                        
                        
                        
                        
                        
                        
                        
                        
                        
                        
                        
                        
                        
                        
                        
                        
                        
                        <ns16:incoming>2027.d2b12500-c843-45d2-867d-e92791c0ecde</ns16:incoming>
                        
                        
                        
                        
                        
                        
                        
                        
                        
                        
                        
                        
                        
                        
                        
                        
                        
                        
                        <ns16:outgoing>5ea577ee-1380-408f-befa-d01075bab234</ns16:outgoing>
                        
                        
                        
                        
                        
                        
                        
                        
                        
                        
                        
                        
                        
                        
                        
                        
                        
                        
                        <ns16:dataInputAssociation>
                            
                            
                            
                            
                            
                            
                            
                            
                            
                            
                            
                            
                            
                            
                            
                            
                            
                            
                            <ns16:targetRef>_0f10d4a0-df07-4c1f-8e3f-77ed3768f1b2</ns16:targetRef>
                            
                            
                            
                            
                            
                            
                            
                            
                            
                            
                            
                            
                            
                            
                            
                            
                            
                            
                            <ns16:assignment>
                                
                                
                                
                                
                                
                                
                                
                                
                                
                                
                                
                                
                                
                                
                                
                                
                                
                                
                                <ns16:from xmlns:xsi="http://www.w3.org/2001/XMLSchema-instance" xsi:type="ns16:tFormalExpression" evaluatesToTypeRef="itm.12.db884a3c-c533-44b7-bb2d-47bec8ad4022">tw.local.host</ns16:from>
                                
                                
                                
                                
                                
                                
                                
                                
                                
                            
                            
                            
                            
                            
                            
                            
                            
                            
                            </ns16:assignment>
                            
                            
                            
                            
                            
                            
                            
                            
                            
                        
                        
                        
                        
                        
                        
                        
                        
                        
                        </ns16:dataInputAssociation>
                        
                        
                        
                        
                        
                        
                        
                        
                        
                        
                        
                        
                        
                        
                        
                        
                        
                        
                        <ns16:dataInputAssociation>
                            
                            
                            
                            
                            
                            
                            
                            
                            
                            
                            
                            
                            
                            
                            
                            
                            
                            
                            <ns16:targetRef>_4d09821b-0d6b-4532-9962-e890c0db01cd</ns16:targetRef>
                            
                            
                            
                            
                            
                            
                            
                            
                            
                            
                            
                            
                            
                            
                            
                            
                            
                            
                            <ns16:assignment>
                                
                                
                                
                                
                                
                                
                                
                                
                                
                                
                                
                                
                                
                                
                                
                                
                                
                                
                                <ns16:from xmlns:xsi="http://www.w3.org/2001/XMLSchema-instance" xsi:type="ns16:tFormalExpression" evaluatesToTypeRef="itm.12.db884a3c-c533-44b7-bb2d-47bec8ad4022">tw.local.username</ns16:from>
                                
                                
                                
                                
                                
                                
                                
                                
                                
                            
                            
                            
                            
                            
                            
                            
                            
                            
                            </ns16:assignment>
                            
                            
                            
                            
                            
                            
                            
                            
                            
                        
                        
                        
                        
                        
                        
                        
                        
                        
                        </ns16:dataInputAssociation>
                        
                        
                        
                        
                        
                        
                        
                        
                        
                        
                        
                        
                        
                        
                        
                        
                        
                        
                        <ns16:dataInputAssociation>
                            
                            
                            
                            
                            
                            
                            
                            
                            
                            
                            
                            
                            
                            
                            
                            
                            
                            
                            <ns16:targetRef>_d620a75a-7cb2-4662-9537-d649afcea498</ns16:targetRef>
                            
                            
                            
                            
                            
                            
                            
                            
                            
                            
                            
                            
                            
                            
                            
                            
                            
                            
                            <ns16:assignment>
                                
                                
                                
                                
                                
                                
                                
                                
                                
                                
                                
                                
                                
                                
                                
                                
                                
                                
                                <ns16:from xmlns:xsi="http://www.w3.org/2001/XMLSchema-instance" xsi:type="ns16:tFormalExpression" evaluatesToTypeRef="itm.12.db884a3c-c533-44b7-bb2d-47bec8ad4022">tw.local.password</ns16:from>
                                
                                
                                
                                
                                
                                
                                
                                
                                
                            
                            
                            
                            
                            
                            
                            
                            
                            
                            </ns16:assignment>
                            
                            
                            
                            
                            
                            
                            
                            
                            
                        
                        
                        
                        
                        
                        
                        
                        
                        
                        </ns16:dataInputAssociation>
                        
                        
                        
                        
                        
                        
                        
                        
                        
                        
                        
                        
                        
                        
                        
                        
                        
                        
                        <ns16:dataInputAssociation>
                            
                            
                            
                            
                            
                            
                            
                            
                            
                            
                            
                            
                            
                            
                            
                            
                            
                            
                            <ns16:targetRef>_5c3aa20d-0fe1-492e-972d-a388ef87da87</ns16:targetRef>
                            
                            
                            
                            
                            
                            
                            
                            
                            
                            
                            
                            
                            
                            
                            
                            
                            
                            
                            <ns16:assignment>
                                
                                
                                
                                
                                
                                
                                
                                
                                
                                
                                
                                
                                
                                
                                
                                
                                
                                
                                <ns16:from xmlns:xsi="http://www.w3.org/2001/XMLSchema-instance" xsi:type="ns16:tFormalExpression" evaluatesToTypeRef="itm.12.db884a3c-c533-44b7-bb2d-47bec8ad4022">tw.local.projectId</ns16:from>
                                
                                
                                
                                
                                
                                
                                
                                
                                
                            
                            
                            
                            
                            
                            
                            
                            
                            
                            </ns16:assignment>
                            
                            
                            
                            
                            
                            
                            
                            
                            
                        
                        
                        
                        
                        
                        
                        
                        
                        
                        </ns16:dataInputAssociation>
                        
                        
                        
                        
                        
                        
                        
                        
                        
                        
                        
                        
                        
                        
                        
                        
                        
                        
                        <ns16:dataInputAssociation>
                            
                            
                            
                            
                            
                            
                            
                            
                            
                            
                            
                            
                            
                            
                            
                            
                            
                            
                            <ns16:targetRef>_8de260ee-2e2a-4fa2-a5d0-75c14f4a5dea</ns16:targetRef>
                            
                            
                            
                            
                            
                            
                            
                            
                            
                            
                            
                            
                            
                            
                            
                            
                            
                            
                            <ns16:assignment>
                                
                                
                                
                                
                                
                                
                                
                                
                                
                                
                                
                                
                                
                                
                                
                                
                                
                                
                                <ns16:from xmlns:xsi="http://www.w3.org/2001/XMLSchema-instance" xsi:type="ns16:tFormalExpression" evaluatesToTypeRef="itm.12.db884a3c-c533-44b7-bb2d-47bec8ad4022">tw.local.analyzerId</ns16:from>
                                
                                
                                
                                
                                
                                
                                
                                
                                
                            
                            
                            
                            
                            
                            
                            
                            
                            
                            </ns16:assignment>
                            
                            
                            
                            
                            
                            
                            
                            
                            
                        
                        
                        
                        
                        
                        
                        
                        
                        
                        </ns16:dataInputAssociation>
                        
                        
                        
                        
                        
                        
                        
                        
                        
                    
                    
                    
                    
                    
                    
                    
                    
                    
                    </ns16:serviceTask>
                    
                    
                    
                    
                    
                    
                    
                    
                    
                    
                    
                    
                    
                    
                    
                    
                    
                    
                    <ns16:sequenceFlow sourceRef="5689d0d1-1797-40b5-a4d9-062659ba7e81" targetRef="cf57e563-9181-4f03-9374-c1226c2b3c19" name="To End" id="5ea577ee-1380-408f-befa-d01075bab234">
                        
                        
                        
                        
                        
                        
                        
                        
                        
                        
                        
                        
                        
                        
                        
                        
                        
                        
                        <ns16:extensionElements>
                            
                            
                            
                            
                            
                            
                            
                            
                            
                            
                            
                            
                            
                            
                            
                            
                            
                            
                            <ns3:sequenceFlowImplementation sboSyncEnabled="true" />
                            
                            
                            
                            
                            
                            
                            
                            
                            
                            
                            
                            
                            
                            
                            
                            
                            
                            
                            <ns13:linkVisualInfo>
                                
                                
                                
                                
                                
                                
                                
                                
                                
                                
                                
                                
                                
                                
                                
                                
                                
                                
                                <ns13:sourcePortLocation>rightCenter</ns13:sourcePortLocation>
                                
                                
                                
                                
                                
                                
                                
                                
                                
                                
                                
                                
                                
                                
                                
                                
                                
                                
                                <ns13:targetPortLocation>leftCenter</ns13:targetPortLocation>
                                
                                
                                
                                
                                
                                
                                
                                
                                
                                
                                
                                
                                
                                
                                
                                
                                
                                
                                <ns13:showLabel>false</ns13:showLabel>
                                
                                
                                
                                
                                
                                
                                
                                
                                
                                
                                
                                
                                
                                
                                
                                
                                
                                
                                <ns13:showCoachControlLabel>false</ns13:showCoachControlLabel>
                                
                                
                                
                                
                                
                                
                                
                                
                                
                                
                                
                                
                                
                                
                                
                                
                                
                                
                                <ns13:labelPosition>0.0</ns13:labelPosition>
                                
                                
                                
                                
                                
                                
                                
                                
                                
                                
                                
                                
                                
                                
                                
                                
                                
                                
                                <ns13:saveExecutionContext>true</ns13:saveExecutionContext>
                                
                                
                                
                                
                                
                                
                                
                                
                                
                            
                            
                            
                            
                            
                            
                            
                            
                            
                            </ns13:linkVisualInfo>
                            
                            
                            
                            
                            
                            
                            
                            
                            
                        
                        
                        
                        
                        
                        
                        
                        
                        
                        </ns16:extensionElements>
                        
                        
                        
                        
                        
                        
                        
                        
                        
                    
                    
                    
                    
                    
                    
                    
                    
                    
                    </ns16:sequenceFlow>
                    
                    
                    
                    
                    
                    
                    
                    
                    
                
                
                
                
                
                
                
                
                
                </ns16:process>
                
                
                
                
                
                
                
                
                
            
            
            
            
            
            
            
            
            
            </ns16:definitions>
        </bpmn2Model>
        <link name="To End">
            <lastModified isNull="true" />
            <lastModifiedBy isNull="true" />
            <tenantId isNull="true" />
            <processLinkId>2027.5ea577ee-1380-408f-befa-d01075bab234</processLinkId>
            <processId>1.374a09ee-99ad-4261-bd42-0c3c35988135</processId>
            <description isNull="true" />
            <fromProcessItemId>2025.5689d0d1-1797-40b5-a4d9-062659ba7e81</fromProcessItemId>
            <endStateId>Out</endStateId>
            <toProcessItemId>2025.cf57e563-9181-4f03-9374-c1226c2b3c19</toProcessItemId>
            <guid>831fe0c5-69a0-4bde-a31c-d63d681d5d0c</guid>
            <versionId>a320eb20-b7e5-456b-8901-bd6fde74a02a</versionId>
            <layoutData>
                <controlPoints />
                <showEndState>false</showEndState>
                <showName>false</showName>
            </layoutData>
            <fromItemPort locationId="rightCenter" portType="1" />
            <toItemPort locationId="leftCenter" portType="2" />
            <fromProcessItemId>2025.5689d0d1-1797-40b5-a4d9-062659ba7e81</fromProcessItemId>
            <toProcessItemId>2025.cf57e563-9181-4f03-9374-c1226c2b3c19</toProcessItemId>
        </link>
    </process>
</teamworks>

