<?xml version="1.0" encoding="UTF-8"?>
<teamworks>
    <process id="1.556cb794-70e5-4773-9d33-f2cdf756c19c" name="Retrieve Processing Status">
        <lastModified>1644013995313</lastModified>
        <lastModifiedBy>bpmadmin</lastModifiedBy>
        <tenantId isNull="true" />
        <processId>1.556cb794-70e5-4773-9d33-f2cdf756c19c</processId>
        <image isNull="true" />
        <tabGroup isNull="true" />
        <startingProcessItemId>2025.d21ac20b-8d7a-4582-87b7-6f77e93f7af2</startingProcessItemId>
        <isRootProcess>false</isRootProcess>
        <processType>12</processType>
        <isErrorHandlerEnabled>false</isErrorHandlerEnabled>
        <errorHandlerItemId isNull="true" />
        <isLoggingVariables>false</isLoggingVariables>
        <isTransactional>false</isTransactional>
        <processTimingLevel isNull="true" />
        <participantRef isNull="true" />
        <exposedType>0</exposedType>
        <isTrackingEnabled>true</isTrackingEnabled>
        <xmlData isNull="true" />
        <cachingType>false</cachingType>
        <itemLabel isNull="true" />
        <cacheLength>43200</cacheLength>
        <mobileReady>false</mobileReady>
        <sboSyncEnabled>true</sboSyncEnabled>
        <externalId isNull="true" />
        <isSecured>true</isSecured>
        <isAjaxExposed>true</isAjaxExposed>
        <isInvokedAsynchronously>false</isInvokedAsynchronously>
        <description isNull="true" />
        <guid>guid:65ced482326f222e:-72b2d1a3:17ead17228b:-2428</guid>
        <versionId>8794322f-b5b4-48be-997e-65ef2e4d7fb1</versionId>
        <dependencySummary>&lt;dependencySummary id="bpdid:65ced482326f222e:-72b2d1a3:17ead17228b:-971"&gt;&#xD;
  &lt;artifactReference id="bpdid:65ced482326f222e:-72b2d1a3:17ead17228b:-970"&gt;&#xD;
    &lt;refId&gt;1.de8813f8-2ed3-4824-bd0f-3620f6b9f1da&lt;/refId&gt;&#xD;
    &lt;refType&gt;1&lt;/refType&gt;&#xD;
    &lt;nameValuePair id="bpdid:65ced482326f222e:-72b2d1a3:17ead17228b:-96f"&gt;&#xD;
      &lt;name&gt;operationId&lt;/name&gt;&#xD;
      &lt;value&gt;_14ffe8f8-1434-46cd-a23b-c38f725c23ef&lt;/value&gt;&#xD;
    &lt;/nameValuePair&gt;&#xD;
  &lt;/artifactReference&gt;&#xD;
&lt;/dependencySummary&gt;</dependencySummary>
        <jsonData>{"rootElement":[{"flowElement":[{"parallelMultiple":false,"outgoing":["2027.89e9ed49-b6bd-4435-8249-2e8de11ada0e"],"isInterrupting":false,"extensionElements":{"nodeVisualInfo":[{"color":"#F8F8F8","width":24,"x":25,"y":80,"declaredType":"TNodeVisualInfo","height":24}]},"name":"Start","declaredType":"startEvent","id":"8cd8f8d7-ec51-475f-883b-cc959b5f3d42"},{"incoming":["75b226ce-0a11-4ae4-8b97-b0f5631e2ec5"],"extensionElements":{"nodeVisualInfo":[{"color":"#F8F8F8","width":24,"x":650,"y":80,"declaredType":"TNodeVisualInfo","height":24}],"endStateId":["guid:65ced482326f222e:-72b2d1a3:17ead17228b:-2426"],"saveExecutionContext":[true]},"name":"End","declaredType":"endEvent","id":"4f98b0a4-0f2d-4da2-8cf5-4090ccbefdf0"},{"targetRef":"d21ac20b-8d7a-4582-87b7-6f77e93f7af2","extensionElements":{"linkVisualInfo":[{"sourcePortLocation":"rightCenter","showCoachControlLabel":false,"labelPosition":0.0,"targetPortLocation":"leftCenter","declaredType":"TLinkVisualInfo","saveExecutionContext":false,"showLabel":false}]},"name":"To ADPRESTServices","declaredType":"sequenceFlow","id":"2027.89e9ed49-b6bd-4435-8249-2e8de11ada0e","sourceRef":"8cd8f8d7-ec51-475f-883b-cc959b5f3d42"},{"outgoing":["75b226ce-0a11-4ae4-8b97-b0f5631e2ec5"],"incoming":["2027.89e9ed49-b6bd-4435-8249-2e8de11ada0e"],"extensionElements":{"nodeVisualInfo":[{"width":95,"x":287,"y":57,"declaredType":"TNodeVisualInfo","height":70}],"activityType":["ServiceTask"],"externalServiceRefPO":["1.de8813f8-2ed3-4824-bd0f-3620f6b9f1da"],"externalServiceRef":["_ca780430-b592-4bc1-b01f-c992bd6bff0e"]},"operationRef":"_14ffe8f8-1434-46cd-a23b-c38f725c23ef","implementation":"##WebService","declaredType":"serviceTask","startQuantity":1,"name":"ADPRESTServices","dataInputAssociation":[{"targetRef":"_39d2a221-d438-4582-a074-281455c9dd88","assignment":[{"from":{"evaluatesToTypeRef":"itm.12.db884a3c-c533-44b7-bb2d-47bec8ad4022","declaredType":"TFormalExpression","content":["tw.local.host"]}}]},{"targetRef":"_2ad7fafe-100c-4e96-9f97-e0e6a6a09ee0","assignment":[{"from":{"evaluatesToTypeRef":"itm.12.db884a3c-c533-44b7-bb2d-47bec8ad4022","declaredType":"TFormalExpression","content":["tw.local.username"]}}]},{"targetRef":"_311b6002-dbf3-4d79-9f43-a41cc9c95fb1","assignment":[{"from":{"evaluatesToTypeRef":"itm.12.db884a3c-c533-44b7-bb2d-47bec8ad4022","declaredType":"TFormalExpression","content":["tw.local.password"]}}]},{"targetRef":"_2066965b-48ab-4403-b738-8e9c6e7c83f9","assignment":[{"from":{"evaluatesToTypeRef":"itm.12.db884a3c-c533-44b7-bb2d-47bec8ad4022","declaredType":"TFormalExpression","content":["tw.local.projectId"]}}]},{"targetRef":"_022b9fc5-3c7d-4bb3-a5a8-710158e762fa","assignment":[{"from":{"evaluatesToTypeRef":"itm.12.db884a3c-c533-44b7-bb2d-47bec8ad4022","declaredType":"TFormalExpression","content":["tw.local.analyzerId"]}}]}],"isForCompensation":false,"completionQuantity":1,"id":"d21ac20b-8d7a-4582-87b7-6f77e93f7af2","dataOutputAssociation":[{"assignment":[{"to":{"evaluatesToTypeRef":"itm.12.db884a3c-c533-44b7-bb2d-47bec8ad4022","declaredType":"TFormalExpression","content":["tw.local.status"]}}],"sourceRef":["_91061832-5439-4782-acac-f6859105b359"]}]},{"targetRef":"4f98b0a4-0f2d-4da2-8cf5-4090ccbefdf0","extensionElements":{"sequenceFlowImplementation":[{"fireValidation":"Never","sboSyncEnabled":true,"declaredType":"com.ibm.bpmsdk.model.bpmn20.ibmext.TSequenceFlowImplementation"}],"linkVisualInfo":[{"sourcePortLocation":"rightCenter","showCoachControlLabel":false,"labelPosition":0.0,"targetPortLocation":"leftCenter","declaredType":"TLinkVisualInfo","saveExecutionContext":true,"showLabel":false}]},"name":"To End","declaredType":"sequenceFlow","id":"75b226ce-0a11-4ae4-8b97-b0f5631e2ec5","sourceRef":"d21ac20b-8d7a-4582-87b7-6f77e93f7af2"}],"laneSet":[{"id":"0b2305b9-89d6-4c63-891a-128852b2ffad","lane":[{"flowNodeRef":["8cd8f8d7-ec51-475f-883b-cc959b5f3d42","4f98b0a4-0f2d-4da2-8cf5-4090ccbefdf0","d21ac20b-8d7a-4582-87b7-6f77e93f7af2"],"extensionElements":{"nodeVisualInfo":[{"color":"#F8F8F8","width":3000,"x":0,"y":0,"declaredType":"TNodeVisualInfo","height":500}]},"name":"System","partitionElementRef":"24.6fd38d02-81cf-48ab-bd42-8ff4c0a1628b","declaredType":"lane","id":"bc905f43-8a7c-41df-8e9f-0bd3927cd45c","otherAttributes":{"{http:\/\/www.ibm.com\/xmlns\/prod\/bpm\/bpmn\/ext\/process\/wle}isSystemLane":"true"}}]}],"isClosed":false,"extensionElements":{"isSecured":[true],"isAjaxExposed":[true],"cachingType":[false],"cacheLength":[43200],"sboSyncEnabled":[true]},"documentation":[{"textFormat":"text\/plain"}],"name":"Retrieve Processing Status","declaredType":"process","id":"1.556cb794-70e5-4773-9d33-f2cdf756c19c","processType":"None","otherAttributes":{"{http:\/\/www.ibm.com\/xmlns\/prod\/bpm\/bpmn\/ext\/process}executionMode":"microflow"},"ioSpecification":{"dataOutput":[{"itemSubjectRef":"itm.12.db884a3c-c533-44b7-bb2d-47bec8ad4022","name":"status","isCollection":false,"id":"2055.1876eece-5444-4ff0-8299-df5126e896f2"}],"inputSet":[{"dataInputRefs":["2055.19fd9992-098c-4d10-88ee-c9b0593c8244","2055.05913dde-f8cc-4557-8441-5d53d91cfbb9","2055.658f7f26-de2c-4736-887a-b5f9a513d1d9","2055.40569ef8-77c8-493a-8439-b5cc9f9d0b1d","2055.edbd6bd3-6183-461c-8b7e-8b4a07080b60"]}],"outputSet":[{"dataOutputRefs":["2055.1876eece-5444-4ff0-8299-df5126e896f2"]}],"dataInput":[{"itemSubjectRef":"itm.12.db884a3c-c533-44b7-bb2d-47bec8ad4022","name":"host","isCollection":false,"id":"2055.19fd9992-098c-4d10-88ee-c9b0593c8244"},{"itemSubjectRef":"itm.12.db884a3c-c533-44b7-bb2d-47bec8ad4022","name":"username","isCollection":false,"id":"2055.05913dde-f8cc-4557-8441-5d53d91cfbb9"},{"itemSubjectRef":"itm.12.db884a3c-c533-44b7-bb2d-47bec8ad4022","name":"password","isCollection":false,"id":"2055.658f7f26-de2c-4736-887a-b5f9a513d1d9"},{"itemSubjectRef":"itm.12.db884a3c-c533-44b7-bb2d-47bec8ad4022","name":"projectId","isCollection":false,"id":"2055.40569ef8-77c8-493a-8439-b5cc9f9d0b1d"},{"itemSubjectRef":"itm.12.db884a3c-c533-44b7-bb2d-47bec8ad4022","name":"analyzerId","isCollection":false,"id":"2055.edbd6bd3-6183-461c-8b7e-8b4a07080b60"}]}}],"targetNamespace":"","typeLanguage":"http:\/\/www.w3.org\/2001\/XMLSchema","expressionLanguage":"http:\/\/www.ibm.com\/xmlns\/prod\/bpm\/expression-lang\/javascript"}</jsonData>
        <field1 isNull="true" />
        <field2 isNull="true" />
        <field3>0</field3>
        <field4 isNull="true" />
        <field5>false</field5>
        <clobField1 isNull="true" />
        <blobField1 isNull="true" />
        <processParameter name="host">
            <lastModified isNull="true" />
            <lastModifiedBy isNull="true" />
            <tenantId isNull="true" />
            <processParameterId>2055.19fd9992-098c-4d10-88ee-c9b0593c8244</processParameterId>
            <processId>1.556cb794-70e5-4773-9d33-f2cdf756c19c</processId>
            <parameterType>1</parameterType>
            <isArrayOf>false</isArrayOf>
            <classId>261059c3-7c6b-434a-9514-283d35d29c3a/12.db884a3c-c533-44b7-bb2d-47bec8ad4022</classId>
            <seq>1</seq>
            <hasDefault>false</hasDefault>
            <defaultValue isNull="true" />
            <isLocked>false</isLocked>
            <description isNull="true" />
            <guid>c41fc09d-32c6-4d8b-8b2c-dc7ec62ad74d</guid>
            <versionId>a30c0816-2380-4629-ad4f-cb18fd6655e8</versionId>
        </processParameter>
        <processParameter name="username">
            <lastModified isNull="true" />
            <lastModifiedBy isNull="true" />
            <tenantId isNull="true" />
            <processParameterId>2055.05913dde-f8cc-4557-8441-5d53d91cfbb9</processParameterId>
            <processId>1.556cb794-70e5-4773-9d33-f2cdf756c19c</processId>
            <parameterType>1</parameterType>
            <isArrayOf>false</isArrayOf>
            <classId>261059c3-7c6b-434a-9514-283d35d29c3a/12.db884a3c-c533-44b7-bb2d-47bec8ad4022</classId>
            <seq>2</seq>
            <hasDefault>false</hasDefault>
            <defaultValue isNull="true" />
            <isLocked>false</isLocked>
            <description isNull="true" />
            <guid>4caf2d6e-4ed1-4a46-b5d7-893a26983231</guid>
            <versionId>fd33eb3b-e07c-4bf7-926c-1475fed4e896</versionId>
        </processParameter>
        <processParameter name="password">
            <lastModified isNull="true" />
            <lastModifiedBy isNull="true" />
            <tenantId isNull="true" />
            <processParameterId>2055.658f7f26-de2c-4736-887a-b5f9a513d1d9</processParameterId>
            <processId>1.556cb794-70e5-4773-9d33-f2cdf756c19c</processId>
            <parameterType>1</parameterType>
            <isArrayOf>false</isArrayOf>
            <classId>261059c3-7c6b-434a-9514-283d35d29c3a/12.db884a3c-c533-44b7-bb2d-47bec8ad4022</classId>
            <seq>3</seq>
            <hasDefault>false</hasDefault>
            <defaultValue isNull="true" />
            <isLocked>false</isLocked>
            <description isNull="true" />
            <guid>6e7b4cba-e5e9-479b-ac62-f20c01b85261</guid>
            <versionId>902f4f63-b030-40cd-9adf-68a25c267796</versionId>
        </processParameter>
        <processParameter name="projectId">
            <lastModified isNull="true" />
            <lastModifiedBy isNull="true" />
            <tenantId isNull="true" />
            <processParameterId>2055.40569ef8-77c8-493a-8439-b5cc9f9d0b1d</processParameterId>
            <processId>1.556cb794-70e5-4773-9d33-f2cdf756c19c</processId>
            <parameterType>1</parameterType>
            <isArrayOf>false</isArrayOf>
            <classId>261059c3-7c6b-434a-9514-283d35d29c3a/12.db884a3c-c533-44b7-bb2d-47bec8ad4022</classId>
            <seq>4</seq>
            <hasDefault>false</hasDefault>
            <defaultValue isNull="true" />
            <isLocked>false</isLocked>
            <description isNull="true" />
            <guid>c6df0d5d-5757-436f-a452-1eb0b7a60dac</guid>
            <versionId>73079fac-efed-4722-9a1d-186185f1d733</versionId>
        </processParameter>
        <processParameter name="analyzerId">
            <lastModified isNull="true" />
            <lastModifiedBy isNull="true" />
            <tenantId isNull="true" />
            <processParameterId>2055.edbd6bd3-6183-461c-8b7e-8b4a07080b60</processParameterId>
            <processId>1.556cb794-70e5-4773-9d33-f2cdf756c19c</processId>
            <parameterType>1</parameterType>
            <isArrayOf>false</isArrayOf>
            <classId>261059c3-7c6b-434a-9514-283d35d29c3a/12.db884a3c-c533-44b7-bb2d-47bec8ad4022</classId>
            <seq>5</seq>
            <hasDefault>false</hasDefault>
            <defaultValue isNull="true" />
            <isLocked>false</isLocked>
            <description isNull="true" />
            <guid>e2dd9909-d40a-48e3-9640-b2b9079ac449</guid>
            <versionId>279a6c76-210a-4142-9057-dc31460521d7</versionId>
        </processParameter>
        <processParameter name="status">
            <lastModified isNull="true" />
            <lastModifiedBy isNull="true" />
            <tenantId isNull="true" />
            <processParameterId>2055.1876eece-5444-4ff0-8299-df5126e896f2</processParameterId>
            <processId>1.556cb794-70e5-4773-9d33-f2cdf756c19c</processId>
            <parameterType>2</parameterType>
            <isArrayOf>false</isArrayOf>
            <classId>261059c3-7c6b-434a-9514-283d35d29c3a/12.db884a3c-c533-44b7-bb2d-47bec8ad4022</classId>
            <seq>6</seq>
            <hasDefault>false</hasDefault>
            <defaultValue isNull="true" />
            <isLocked>false</isLocked>
            <description isNull="true" />
            <guid>27161a59-abb7-486e-9583-d2ad569fd6b4</guid>
            <versionId>b15e8fc5-70cc-428d-8df4-cd1b191fb910</versionId>
        </processParameter>
        <item>
            <lastModified isNull="true" />
            <lastModifiedBy isNull="true" />
            <tenantId isNull="true" />
            <processItemId>2025.4f98b0a4-0f2d-4da2-8cf5-4090ccbefdf0</processItemId>
            <processId>1.556cb794-70e5-4773-9d33-f2cdf756c19c</processId>
            <name>End</name>
            <tWComponentName>ExitPoint</tWComponentName>
            <tWComponentId>3008.6a81aa64-74a9-49a6-b79e-f2e85b1ee3a9</tWComponentId>
            <isLogEnabled>false</isLogEnabled>
            <isTraceEnabled>false</isTraceEnabled>
            <traceCategory isNull="true" />
            <traceLevel isNull="true" />
            <traceMessage isNull="true" />
            <traceSymbolTable isNull="true" />
            <isExecutionContextTraced>false</isExecutionContextTraced>
            <saveExecutionContext>true</saveExecutionContext>
            <documentation isNull="true" />
            <isErrorHandlerEnabled>false</isErrorHandlerEnabled>
            <errorHandlerItemId isNull="true" />
            <guid>guid:65ced482326f222e:-72b2d1a3:17ead17228b:-2426</guid>
            <versionId>3e427117-e81e-4b29-9211-da2470d36d21</versionId>
            <externalServiceRef isNull="true" />
            <externalServiceOp isNull="true" />
            <nodeColor isNull="true" />
            <layoutData x="650" y="80">
                <errorLink>
                    <controlPoints />
                    <showEndState>false</showEndState>
                    <showName>false</showName>
                </errorLink>
            </layoutData>
            <TWComponent>
                <lastModified isNull="true" />
                <lastModifiedBy isNull="true" />
                <tenantId isNull="true" />
                <exitPointId>3008.6a81aa64-74a9-49a6-b79e-f2e85b1ee3a9</exitPointId>
                <haltProcess>false</haltProcess>
                <guid>461c268b-8ccb-4ac0-a3ce-21a0414b9716</guid>
                <versionId>5cbb3d91-81b1-471e-983d-1d69a636f6d4</versionId>
            </TWComponent>
        </item>
        <item>
            <lastModified isNull="true" />
            <lastModifiedBy isNull="true" />
            <tenantId isNull="true" />
            <processItemId>2025.d21ac20b-8d7a-4582-87b7-6f77e93f7af2</processItemId>
            <processId>1.556cb794-70e5-4773-9d33-f2cdf756c19c</processId>
            <name>ADPRESTServices</name>
            <tWComponentName>SKELConnector</tWComponentName>
            <tWComponentId>3034.6f639009-616e-45d1-8969-382770bf6e18</tWComponentId>
            <isLogEnabled>false</isLogEnabled>
            <isTraceEnabled>false</isTraceEnabled>
            <traceCategory isNull="true" />
            <traceLevel isNull="true" />
            <traceMessage isNull="true" />
            <traceSymbolTable isNull="true" />
            <isExecutionContextTraced>false</isExecutionContextTraced>
            <saveExecutionContext>false</saveExecutionContext>
            <documentation isNull="true" />
            <isErrorHandlerEnabled>false</isErrorHandlerEnabled>
            <errorHandlerItemId isNull="true" />
            <guid>guid:65ced482326f222e:-72b2d1a3:17ead17228b:-241d</guid>
            <versionId>9ffe9f1b-dc5d-4d7e-90d5-9ff0a4dcf7a4</versionId>
            <externalServiceRef>/1.de8813f8-2ed3-4824-bd0f-3620f6b9f1da</externalServiceRef>
            <externalServiceOp>_14ffe8f8-1434-46cd-a23b-c38f725c23ef</externalServiceOp>
            <nodeColor isNull="true" />
            <layoutData x="287" y="57">
                <errorLink>
                    <controlPoints />
                    <showEndState>false</showEndState>
                    <showName>false</showName>
                </errorLink>
            </layoutData>
            <TWComponent>
                <lastModified isNull="true" />
                <lastModifiedBy isNull="true" />
                <tenantId isNull="true" />
                <skelConnectorId>3034.6f639009-616e-45d1-8969-382770bf6e18</skelConnectorId>
                <definition>&lt;config type="com.lombardisoftware.client.persistence.SKELConnectorConfiguration"&gt;&#xD;
  &lt;inputParameters&gt;&#xD;
    &lt;parameter&gt;&#xD;
      &lt;name&gt;_39d2a221-d438-4582-a074-281455c9dd88&lt;/name&gt;&#xD;
      &lt;type&gt;itm.12.db884a3c-c533-44b7-bb2d-47bec8ad4022&lt;/type&gt;&#xD;
      &lt;description /&gt;&#xD;
      &lt;defaultValue /&gt;&#xD;
      &lt;argumentVariable&gt;tw.local.host&lt;/argumentVariable&gt;&#xD;
      &lt;isArray&gt;&lt;/isArray&gt;&#xD;
    &lt;/parameter&gt;&#xD;
    &lt;parameter&gt;&#xD;
      &lt;name&gt;_2ad7fafe-100c-4e96-9f97-e0e6a6a09ee0&lt;/name&gt;&#xD;
      &lt;type&gt;itm.12.db884a3c-c533-44b7-bb2d-47bec8ad4022&lt;/type&gt;&#xD;
      &lt;description /&gt;&#xD;
      &lt;defaultValue /&gt;&#xD;
      &lt;argumentVariable&gt;tw.local.username&lt;/argumentVariable&gt;&#xD;
      &lt;isArray&gt;&lt;/isArray&gt;&#xD;
    &lt;/parameter&gt;&#xD;
    &lt;parameter&gt;&#xD;
      &lt;name&gt;_311b6002-dbf3-4d79-9f43-a41cc9c95fb1&lt;/name&gt;&#xD;
      &lt;type&gt;itm.12.db884a3c-c533-44b7-bb2d-47bec8ad4022&lt;/type&gt;&#xD;
      &lt;description /&gt;&#xD;
      &lt;defaultValue /&gt;&#xD;
      &lt;argumentVariable&gt;tw.local.password&lt;/argumentVariable&gt;&#xD;
      &lt;isArray&gt;&lt;/isArray&gt;&#xD;
    &lt;/parameter&gt;&#xD;
    &lt;parameter&gt;&#xD;
      &lt;name&gt;_2066965b-48ab-4403-b738-8e9c6e7c83f9&lt;/name&gt;&#xD;
      &lt;type&gt;itm.12.db884a3c-c533-44b7-bb2d-47bec8ad4022&lt;/type&gt;&#xD;
      &lt;description /&gt;&#xD;
      &lt;defaultValue /&gt;&#xD;
      &lt;argumentVariable&gt;tw.local.projectId&lt;/argumentVariable&gt;&#xD;
      &lt;isArray&gt;&lt;/isArray&gt;&#xD;
    &lt;/parameter&gt;&#xD;
    &lt;parameter&gt;&#xD;
      &lt;name&gt;_022b9fc5-3c7d-4bb3-a5a8-710158e762fa&lt;/name&gt;&#xD;
      &lt;type&gt;itm.12.db884a3c-c533-44b7-bb2d-47bec8ad4022&lt;/type&gt;&#xD;
      &lt;description /&gt;&#xD;
      &lt;defaultValue /&gt;&#xD;
      &lt;argumentVariable&gt;tw.local.analyzerId&lt;/argumentVariable&gt;&#xD;
      &lt;isArray&gt;&lt;/isArray&gt;&#xD;
    &lt;/parameter&gt;&#xD;
  &lt;/inputParameters&gt;&#xD;
  &lt;outputParameters&gt;&#xD;
    &lt;parameter&gt;&#xD;
      &lt;name&gt;_91061832-5439-4782-acac-f6859105b359&lt;/name&gt;&#xD;
      &lt;type&gt;itm.12.db884a3c-c533-44b7-bb2d-47bec8ad4022&lt;/type&gt;&#xD;
      &lt;description /&gt;&#xD;
      &lt;defaultValue /&gt;&#xD;
      &lt;argumentVariable&gt;tw.local.status&lt;/argumentVariable&gt;&#xD;
      &lt;isArray&gt;&lt;/isArray&gt;&#xD;
    &lt;/parameter&gt;&#xD;
  &lt;/outputParameters&gt;&#xD;
  &lt;extendedProperties /&gt;&#xD;
&lt;/config&gt;</definition>
                <guid>9af10665-61ab-4360-aac3-cf34b261f815</guid>
                <versionId>d4e1d036-5690-4ab8-bea8-114f133c527e</versionId>
            </TWComponent>
        </item>
        <startingProcessItemId>2025.d21ac20b-8d7a-4582-87b7-6f77e93f7af2</startingProcessItemId>
        <errorHandlerItemId isNull="true" />
        <layoutData noConversion="true">
            <errorLink>
                <controlPoints />
                <showEndState>false</showEndState>
                <showName>false</showName>
            </errorLink>
        </layoutData>
        <startPoint>
            <layoutData x="25" y="80">
                <errorLink>
                    <controlPoints />
                    <showEndState>false</showEndState>
                    <showName>false</showName>
                </errorLink>
            </layoutData>
        </startPoint>
        <startLink>
            <fromPort locationId="rightCenter" portType="1" />
            <toPort locationId="leftCenter" portType="2" />
            <layoutData>
                <controlPoints />
                <showEndState>false</showEndState>
                <showName>false</showName>
            </layoutData>
        </startLink>
        <bpmn2Model>
            <ns16:definitions xmlns:ns16="http://www.omg.org/spec/BPMN/20100524/MODEL" xmlns:ns2="http://www.ibm.com/xmlns/prod/bpm/bpmn/ext/trackinggroup" xmlns:ns3="http://www.ibm.com/xmlns/prod/bpm/bpmn/ext/process" xmlns:ns4="http://www.ibm.com/xmlns/prod/bpm/bpmn/ext/process/wle" xmlns:ns5="http://www.ibm.com/xmlns/prod/bpm/bpmn/ext/process/case" xmlns:ns6="http://www.ibm.com/bpm/Extensions" xmlns:ns7="http://www.ibm.com/xmlns/prod/bpm/uca" xmlns:ns8="http://www.ibm.com/xmlns/prod/bpm/bpmn/ext/team" xmlns:ns9="http://www.ibm.com/xmlns/bpmnx/20100524/v1/BusinessVocabulary" xmlns:ns10="http://www.omg.org/spec/DD/20100524/DI" xmlns:ns11="http://www.omg.org/spec/DD/20100524/DC" xmlns:ns12="http://www.omg.org/spec/BPMN/20100524/BPMNDI" xmlns:ns13="http://www.ibm.com/xmlns/prod/bpm/graph" xmlns:ns14="http://www.ibm.com/xmlns/prod/bpm/bpmn/ext/process/auth" xmlns:ns15="http://www.ibm.com/xmlns/prod/bpm/bpmn/ext/extservice" xmlns:ns17="http://www.ibm.com/bpm/processappsettings" xmlns:ns18="http://www.ibm.com/xmlns/links" xmlns:ns19="http://www.ibm.com/bpm/CoachDesignerNG" xmlns:ns20="http://www.ibm.com/xmlns/tagging" xmlns:ns21="http://www.ibm.com/bpm/uitheme" xmlns:ns22="http://www.ibm.com/bpm/coachview" targetNamespace="" expressionLanguage="http://www.ibm.com/xmlns/prod/bpm/expression-lang/javascript" typeLanguage="http://www.w3.org/2001/XMLSchema">
                
                
                
                
                
                
                
                
                
                
                
                
                
                
                
                
                
                
                <ns16:process name="Retrieve Processing Status" id="1.556cb794-70e5-4773-9d33-f2cdf756c19c" ns3:executionMode="microflow">
                    
                    
                    
                    
                    
                    
                    
                    
                    
                    
                    
                    
                    
                    
                    
                    
                    
                    
                    <ns16:documentation textFormat="text/plain" />
                    
                    
                    
                    
                    
                    
                    
                    
                    
                    
                    
                    
                    
                    
                    
                    
                    
                    
                    <ns16:extensionElements>
                        
                        
                        
                        
                        
                        
                        
                        
                        
                        
                        
                        
                        
                        
                        
                        
                        
                        
                        <ns3:isSecured>true</ns3:isSecured>
                        
                        
                        
                        
                        
                        
                        
                        
                        
                        
                        
                        
                        
                        
                        
                        
                        
                        
                        <ns3:isAjaxExposed>true</ns3:isAjaxExposed>
                        
                        
                        
                        
                        
                        
                        
                        
                        
                        
                        
                        
                        
                        
                        
                        
                        
                        
                        <ns3:sboSyncEnabled>true</ns3:sboSyncEnabled>
                        
                        
                        
                        
                        
                        
                        
                        
                        
                        
                        
                        
                        
                        
                        
                        
                        
                        
                        <ns3:cacheLength>43200</ns3:cacheLength>
                        
                        
                        
                        
                        
                        
                        
                        
                        
                        
                        
                        
                        
                        
                        
                        
                        
                        
                        <ns3:cachingType>false</ns3:cachingType>
                        
                        
                        
                        
                        
                        
                        
                        
                        
                    
                    
                    
                    
                    
                    
                    
                    
                    
                    </ns16:extensionElements>
                    
                    
                    
                    
                    
                    
                    
                    
                    
                    
                    
                    
                    
                    
                    
                    
                    
                    
                    <ns16:ioSpecification>
                        
                        
                        
                        
                        
                        
                        
                        
                        
                        
                        
                        
                        
                        
                        
                        
                        
                        
                        <ns16:dataInput name="host" itemSubjectRef="itm.12.db884a3c-c533-44b7-bb2d-47bec8ad4022" isCollection="false" id="2055.19fd9992-098c-4d10-88ee-c9b0593c8244" />
                        
                        
                        
                        
                        
                        
                        
                        
                        
                        
                        
                        
                        
                        
                        
                        
                        
                        
                        <ns16:dataInput name="username" itemSubjectRef="itm.12.db884a3c-c533-44b7-bb2d-47bec8ad4022" isCollection="false" id="2055.05913dde-f8cc-4557-8441-5d53d91cfbb9" />
                        
                        
                        
                        
                        
                        
                        
                        
                        
                        
                        
                        
                        
                        
                        
                        
                        
                        
                        <ns16:dataInput name="password" itemSubjectRef="itm.12.db884a3c-c533-44b7-bb2d-47bec8ad4022" isCollection="false" id="2055.658f7f26-de2c-4736-887a-b5f9a513d1d9" />
                        
                        
                        
                        
                        
                        
                        
                        
                        
                        
                        
                        
                        
                        
                        
                        
                        
                        
                        <ns16:dataInput name="projectId" itemSubjectRef="itm.12.db884a3c-c533-44b7-bb2d-47bec8ad4022" isCollection="false" id="2055.40569ef8-77c8-493a-8439-b5cc9f9d0b1d" />
                        
                        
                        
                        
                        
                        
                        
                        
                        
                        
                        
                        
                        
                        
                        
                        
                        
                        
                        <ns16:dataInput name="analyzerId" itemSubjectRef="itm.12.db884a3c-c533-44b7-bb2d-47bec8ad4022" isCollection="false" id="2055.edbd6bd3-6183-461c-8b7e-8b4a07080b60" />
                        
                        
                        
                        
                        
                        
                        
                        
                        
                        
                        
                        
                        
                        
                        
                        
                        
                        
                        <ns16:dataOutput name="status" itemSubjectRef="itm.12.db884a3c-c533-44b7-bb2d-47bec8ad4022" isCollection="false" id="2055.1876eece-5444-4ff0-8299-df5126e896f2" />
                        
                        
                        
                        
                        
                        
                        
                        
                        
                        
                        
                        
                        
                        
                        
                        
                        
                        
                        <ns16:inputSet>
                            
                            
                            
                            
                            
                            
                            
                            
                            
                            
                            
                            
                            
                            
                            
                            
                            
                            
                            <ns16:dataInputRefs>2055.19fd9992-098c-4d10-88ee-c9b0593c8244</ns16:dataInputRefs>
                            
                            
                            
                            
                            
                            
                            
                            
                            
                            
                            
                            
                            
                            
                            
                            
                            
                            
                            <ns16:dataInputRefs>2055.05913dde-f8cc-4557-8441-5d53d91cfbb9</ns16:dataInputRefs>
                            
                            
                            
                            
                            
                            
                            
                            
                            
                            
                            
                            
                            
                            
                            
                            
                            
                            
                            <ns16:dataInputRefs>2055.658f7f26-de2c-4736-887a-b5f9a513d1d9</ns16:dataInputRefs>
                            
                            
                            
                            
                            
                            
                            
                            
                            
                            
                            
                            
                            
                            
                            
                            
                            
                            
                            <ns16:dataInputRefs>2055.40569ef8-77c8-493a-8439-b5cc9f9d0b1d</ns16:dataInputRefs>
                            
                            
                            
                            
                            
                            
                            
                            
                            
                            
                            
                            
                            
                            
                            
                            
                            
                            
                            <ns16:dataInputRefs>2055.edbd6bd3-6183-461c-8b7e-8b4a07080b60</ns16:dataInputRefs>
                            
                            
                            
                            
                            
                            
                            
                            
                            
                        
                        
                        
                        
                        
                        
                        
                        
                        
                        </ns16:inputSet>
                        
                        
                        
                        
                        
                        
                        
                        
                        
                        
                        
                        
                        
                        
                        
                        
                        
                        
                        <ns16:outputSet>
                            
                            
                            
                            
                            
                            
                            
                            
                            
                            
                            
                            
                            
                            
                            
                            
                            
                            
                            <ns16:dataOutputRefs>2055.1876eece-5444-4ff0-8299-df5126e896f2</ns16:dataOutputRefs>
                            
                            
                            
                            
                            
                            
                            
                            
                            
                        
                        
                        
                        
                        
                        
                        
                        
                        
                        </ns16:outputSet>
                        
                        
                        
                        
                        
                        
                        
                        
                        
                    
                    
                    
                    
                    
                    
                    
                    
                    
                    </ns16:ioSpecification>
                    
                    
                    
                    
                    
                    
                    
                    
                    
                    
                    
                    
                    
                    
                    
                    
                    
                    
                    <ns16:laneSet id="0b2305b9-89d6-4c63-891a-128852b2ffad">
                        
                        
                        
                        
                        
                        
                        
                        
                        
                        
                        
                        
                        
                        
                        
                        
                        
                        
                        <ns16:lane name="System" partitionElementRef="24.6fd38d02-81cf-48ab-bd42-8ff4c0a1628b" id="bc905f43-8a7c-41df-8e9f-0bd3927cd45c" ns4:isSystemLane="true">
                            
                            
                            
                            
                            
                            
                            
                            
                            
                            
                            
                            
                            
                            
                            
                            
                            
                            
                            <ns16:extensionElements>
                                
                                
                                
                                
                                
                                
                                
                                
                                
                                
                                
                                
                                
                                
                                
                                
                                
                                
                                <ns13:nodeVisualInfo x="0" y="0" width="3000" height="500" color="#F8F8F8" />
                                
                                
                                
                                
                                
                                
                                
                                
                                
                            
                            
                            
                            
                            
                            
                            
                            
                            
                            </ns16:extensionElements>
                            
                            
                            
                            
                            
                            
                            
                            
                            
                            
                            
                            
                            
                            
                            
                            
                            
                            
                            <ns16:flowNodeRef>8cd8f8d7-ec51-475f-883b-cc959b5f3d42</ns16:flowNodeRef>
                            
                            
                            
                            
                            
                            
                            
                            
                            
                            
                            
                            
                            
                            
                            
                            
                            
                            
                            <ns16:flowNodeRef>4f98b0a4-0f2d-4da2-8cf5-4090ccbefdf0</ns16:flowNodeRef>
                            
                            
                            
                            
                            
                            
                            
                            
                            
                            
                            
                            
                            
                            
                            
                            
                            
                            
                            <ns16:flowNodeRef>d21ac20b-8d7a-4582-87b7-6f77e93f7af2</ns16:flowNodeRef>
                            
                            
                            
                            
                            
                            
                            
                            
                            
                        
                        
                        
                        
                        
                        
                        
                        
                        
                        </ns16:lane>
                        
                        
                        
                        
                        
                        
                        
                        
                        
                    
                    
                    
                    
                    
                    
                    
                    
                    
                    </ns16:laneSet>
                    
                    
                    
                    
                    
                    
                    
                    
                    
                    
                    
                    
                    
                    
                    
                    
                    
                    
                    <ns16:startEvent isInterrupting="false" parallelMultiple="false" name="Start" id="8cd8f8d7-ec51-475f-883b-cc959b5f3d42">
                        
                        
                        
                        
                        
                        
                        
                        
                        
                        
                        
                        
                        
                        
                        
                        
                        
                        
                        <ns16:extensionElements>
                            
                            
                            
                            
                            
                            
                            
                            
                            
                            
                            
                            
                            
                            
                            
                            
                            
                            
                            <ns13:nodeVisualInfo x="25" y="80" width="24" height="24" color="#F8F8F8" />
                            
                            
                            
                            
                            
                            
                            
                            
                            
                        
                        
                        
                        
                        
                        
                        
                        
                        
                        </ns16:extensionElements>
                        
                        
                        
                        
                        
                        
                        
                        
                        
                        
                        
                        
                        
                        
                        
                        
                        
                        
                        <ns16:outgoing>2027.89e9ed49-b6bd-4435-8249-2e8de11ada0e</ns16:outgoing>
                        
                        
                        
                        
                        
                        
                        
                        
                        
                    
                    
                    
                    
                    
                    
                    
                    
                    
                    </ns16:startEvent>
                    
                    
                    
                    
                    
                    
                    
                    
                    
                    
                    
                    
                    
                    
                    
                    
                    
                    
                    <ns16:endEvent name="End" id="4f98b0a4-0f2d-4da2-8cf5-4090ccbefdf0">
                        
                        
                        
                        
                        
                        
                        
                        
                        
                        
                        
                        
                        
                        
                        
                        
                        
                        
                        <ns16:extensionElements>
                            
                            
                            
                            
                            
                            
                            
                            
                            
                            
                            
                            
                            
                            
                            
                            
                            
                            
                            <ns13:nodeVisualInfo x="650" y="80" width="24" height="24" color="#F8F8F8" />
                            
                            
                            
                            
                            
                            
                            
                            
                            
                            
                            
                            
                            
                            
                            
                            
                            
                            
                            <ns4:saveExecutionContext>true</ns4:saveExecutionContext>
                            
                            
                            
                            
                            
                            
                            
                            
                            
                            
                            
                            
                            
                            
                            
                            
                            
                            
                            <ns3:endStateId>guid:65ced482326f222e:-72b2d1a3:17ead17228b:-2426</ns3:endStateId>
                            
                            
                            
                            
                            
                            
                            
                            
                            
                        
                        
                        
                        
                        
                        
                        
                        
                        
                        </ns16:extensionElements>
                        
                        
                        
                        
                        
                        
                        
                        
                        
                        
                        
                        
                        
                        
                        
                        
                        
                        
                        <ns16:incoming>75b226ce-0a11-4ae4-8b97-b0f5631e2ec5</ns16:incoming>
                        
                        
                        
                        
                        
                        
                        
                        
                        
                    
                    
                    
                    
                    
                    
                    
                    
                    
                    </ns16:endEvent>
                    
                    
                    
                    
                    
                    
                    
                    
                    
                    
                    
                    
                    
                    
                    
                    
                    
                    
                    <ns16:sequenceFlow sourceRef="8cd8f8d7-ec51-475f-883b-cc959b5f3d42" targetRef="d21ac20b-8d7a-4582-87b7-6f77e93f7af2" name="To ADPRESTServices" id="2027.89e9ed49-b6bd-4435-8249-2e8de11ada0e">
                        
                        
                        
                        
                        
                        
                        
                        
                        
                        
                        
                        
                        
                        
                        
                        
                        
                        
                        <ns16:extensionElements>
                            
                            
                            
                            
                            
                            
                            
                            
                            
                            
                            
                            
                            
                            
                            
                            
                            
                            
                            <ns13:linkVisualInfo>
                                
                                
                                
                                
                                
                                
                                
                                
                                
                                
                                
                                
                                
                                
                                
                                
                                
                                
                                <ns13:sourcePortLocation>rightCenter</ns13:sourcePortLocation>
                                
                                
                                
                                
                                
                                
                                
                                
                                
                                
                                
                                
                                
                                
                                
                                
                                
                                
                                <ns13:targetPortLocation>leftCenter</ns13:targetPortLocation>
                                
                                
                                
                                
                                
                                
                                
                                
                                
                                
                                
                                
                                
                                
                                
                                
                                
                                
                                <ns13:showLabel>false</ns13:showLabel>
                                
                                
                                
                                
                                
                                
                                
                                
                                
                                
                                
                                
                                
                                
                                
                                
                                
                                
                                <ns13:showCoachControlLabel>false</ns13:showCoachControlLabel>
                                
                                
                                
                                
                                
                                
                                
                                
                                
                                
                                
                                
                                
                                
                                
                                
                                
                                
                                <ns13:labelPosition>0.0</ns13:labelPosition>
                                
                                
                                
                                
                                
                                
                                
                                
                                
                                
                                
                                
                                
                                
                                
                                
                                
                                
                                <ns13:saveExecutionContext>false</ns13:saveExecutionContext>
                                
                                
                                
                                
                                
                                
                                
                                
                                
                            
                            
                            
                            
                            
                            
                            
                            
                            
                            </ns13:linkVisualInfo>
                            
                            
                            
                            
                            
                            
                            
                            
                            
                        
                        
                        
                        
                        
                        
                        
                        
                        
                        </ns16:extensionElements>
                        
                        
                        
                        
                        
                        
                        
                        
                        
                    
                    
                    
                    
                    
                    
                    
                    
                    
                    </ns16:sequenceFlow>
                    
                    
                    
                    
                    
                    
                    
                    
                    
                    
                    
                    
                    
                    
                    
                    
                    
                    
                    <ns16:serviceTask operationRef="_14ffe8f8-1434-46cd-a23b-c38f725c23ef" name="ADPRESTServices" id="d21ac20b-8d7a-4582-87b7-6f77e93f7af2">
                        
                        
                        
                        
                        
                        
                        
                        
                        
                        
                        
                        
                        
                        
                        
                        
                        
                        
                        <ns16:extensionElements>
                            
                            
                            
                            
                            
                            
                            
                            
                            
                            
                            
                            
                            
                            
                            
                            
                            
                            
                            <ns13:nodeVisualInfo x="287" y="57" width="95" height="70" />
                            
                            
                            
                            
                            
                            
                            
                            
                            
                            
                            
                            
                            
                            
                            
                            
                            
                            
                            <ns4:activityType>ServiceTask</ns4:activityType>
                            
                            
                            
                            
                            
                            
                            
                            
                            
                            
                            
                            
                            
                            
                            
                            
                            
                            
                            <ns3:externalServiceRefPO>1.de8813f8-2ed3-4824-bd0f-3620f6b9f1da</ns3:externalServiceRefPO>
                            
                            
                            
                            
                            
                            
                            
                            
                            
                            
                            
                            
                            
                            
                            
                            
                            
                            
                            <ns3:externalServiceRef>_ca780430-b592-4bc1-b01f-c992bd6bff0e</ns3:externalServiceRef>
                            
                            
                            
                            
                            
                            
                            
                            
                            
                        
                        
                        
                        
                        
                        
                        
                        
                        
                        </ns16:extensionElements>
                        
                        
                        
                        
                        
                        
                        
                        
                        
                        
                        
                        
                        
                        
                        
                        
                        
                        
                        <ns16:incoming>2027.89e9ed49-b6bd-4435-8249-2e8de11ada0e</ns16:incoming>
                        
                        
                        
                        
                        
                        
                        
                        
                        
                        
                        
                        
                        
                        
                        
                        
                        
                        
                        <ns16:outgoing>75b226ce-0a11-4ae4-8b97-b0f5631e2ec5</ns16:outgoing>
                        
                        
                        
                        
                        
                        
                        
                        
                        
                        
                        
                        
                        
                        
                        
                        
                        
                        
                        <ns16:dataInputAssociation>
                            
                            
                            
                            
                            
                            
                            
                            
                            
                            
                            
                            
                            
                            
                            
                            
                            
                            
                            <ns16:targetRef>_39d2a221-d438-4582-a074-281455c9dd88</ns16:targetRef>
                            
                            
                            
                            
                            
                            
                            
                            
                            
                            
                            
                            
                            
                            
                            
                            
                            
                            
                            <ns16:assignment>
                                
                                
                                
                                
                                
                                
                                
                                
                                
                                
                                
                                
                                
                                
                                
                                
                                
                                
                                <ns16:from xmlns:xsi="http://www.w3.org/2001/XMLSchema-instance" xsi:type="ns16:tFormalExpression" evaluatesToTypeRef="itm.12.db884a3c-c533-44b7-bb2d-47bec8ad4022">tw.local.host</ns16:from>
                                
                                
                                
                                
                                
                                
                                
                                
                                
                            
                            
                            
                            
                            
                            
                            
                            
                            
                            </ns16:assignment>
                            
                            
                            
                            
                            
                            
                            
                            
                            
                        
                        
                        
                        
                        
                        
                        
                        
                        
                        </ns16:dataInputAssociation>
                        
                        
                        
                        
                        
                        
                        
                        
                        
                        
                        
                        
                        
                        
                        
                        
                        
                        
                        <ns16:dataInputAssociation>
                            
                            
                            
                            
                            
                            
                            
                            
                            
                            
                            
                            
                            
                            
                            
                            
                            
                            
                            <ns16:targetRef>_2ad7fafe-100c-4e96-9f97-e0e6a6a09ee0</ns16:targetRef>
                            
                            
                            
                            
                            
                            
                            
                            
                            
                            
                            
                            
                            
                            
                            
                            
                            
                            
                            <ns16:assignment>
                                
                                
                                
                                
                                
                                
                                
                                
                                
                                
                                
                                
                                
                                
                                
                                
                                
                                
                                <ns16:from xmlns:xsi="http://www.w3.org/2001/XMLSchema-instance" xsi:type="ns16:tFormalExpression" evaluatesToTypeRef="itm.12.db884a3c-c533-44b7-bb2d-47bec8ad4022">tw.local.username</ns16:from>
                                
                                
                                
                                
                                
                                
                                
                                
                                
                            
                            
                            
                            
                            
                            
                            
                            
                            
                            </ns16:assignment>
                            
                            
                            
                            
                            
                            
                            
                            
                            
                        
                        
                        
                        
                        
                        
                        
                        
                        
                        </ns16:dataInputAssociation>
                        
                        
                        
                        
                        
                        
                        
                        
                        
                        
                        
                        
                        
                        
                        
                        
                        
                        
                        <ns16:dataInputAssociation>
                            
                            
                            
                            
                            
                            
                            
                            
                            
                            
                            
                            
                            
                            
                            
                            
                            
                            
                            <ns16:targetRef>_311b6002-dbf3-4d79-9f43-a41cc9c95fb1</ns16:targetRef>
                            
                            
                            
                            
                            
                            
                            
                            
                            
                            
                            
                            
                            
                            
                            
                            
                            
                            
                            <ns16:assignment>
                                
                                
                                
                                
                                
                                
                                
                                
                                
                                
                                
                                
                                
                                
                                
                                
                                
                                
                                <ns16:from xmlns:xsi="http://www.w3.org/2001/XMLSchema-instance" xsi:type="ns16:tFormalExpression" evaluatesToTypeRef="itm.12.db884a3c-c533-44b7-bb2d-47bec8ad4022">tw.local.password</ns16:from>
                                
                                
                                
                                
                                
                                
                                
                                
                                
                            
                            
                            
                            
                            
                            
                            
                            
                            
                            </ns16:assignment>
                            
                            
                            
                            
                            
                            
                            
                            
                            
                        
                        
                        
                        
                        
                        
                        
                        
                        
                        </ns16:dataInputAssociation>
                        
                        
                        
                        
                        
                        
                        
                        
                        
                        
                        
                        
                        
                        
                        
                        
                        
                        
                        <ns16:dataInputAssociation>
                            
                            
                            
                            
                            
                            
                            
                            
                            
                            
                            
                            
                            
                            
                            
                            
                            
                            
                            <ns16:targetRef>_2066965b-48ab-4403-b738-8e9c6e7c83f9</ns16:targetRef>
                            
                            
                            
                            
                            
                            
                            
                            
                            
                            
                            
                            
                            
                            
                            
                            
                            
                            
                            <ns16:assignment>
                                
                                
                                
                                
                                
                                
                                
                                
                                
                                
                                
                                
                                
                                
                                
                                
                                
                                
                                <ns16:from xmlns:xsi="http://www.w3.org/2001/XMLSchema-instance" xsi:type="ns16:tFormalExpression" evaluatesToTypeRef="itm.12.db884a3c-c533-44b7-bb2d-47bec8ad4022">tw.local.projectId</ns16:from>
                                
                                
                                
                                
                                
                                
                                
                                
                                
                            
                            
                            
                            
                            
                            
                            
                            
                            
                            </ns16:assignment>
                            
                            
                            
                            
                            
                            
                            
                            
                            
                        
                        
                        
                        
                        
                        
                        
                        
                        
                        </ns16:dataInputAssociation>
                        
                        
                        
                        
                        
                        
                        
                        
                        
                        
                        
                        
                        
                        
                        
                        
                        
                        
                        <ns16:dataInputAssociation>
                            
                            
                            
                            
                            
                            
                            
                            
                            
                            
                            
                            
                            
                            
                            
                            
                            
                            
                            <ns16:targetRef>_022b9fc5-3c7d-4bb3-a5a8-710158e762fa</ns16:targetRef>
                            
                            
                            
                            
                            
                            
                            
                            
                            
                            
                            
                            
                            
                            
                            
                            
                            
                            
                            <ns16:assignment>
                                
                                
                                
                                
                                
                                
                                
                                
                                
                                
                                
                                
                                
                                
                                
                                
                                
                                
                                <ns16:from xmlns:xsi="http://www.w3.org/2001/XMLSchema-instance" xsi:type="ns16:tFormalExpression" evaluatesToTypeRef="itm.12.db884a3c-c533-44b7-bb2d-47bec8ad4022">tw.local.analyzerId</ns16:from>
                                
                                
                                
                                
                                
                                
                                
                                
                                
                            
                            
                            
                            
                            
                            
                            
                            
                            
                            </ns16:assignment>
                            
                            
                            
                            
                            
                            
                            
                            
                            
                        
                        
                        
                        
                        
                        
                        
                        
                        
                        </ns16:dataInputAssociation>
                        
                        
                        
                        
                        
                        
                        
                        
                        
                        
                        
                        
                        
                        
                        
                        
                        
                        
                        <ns16:dataOutputAssociation>
                            
                            
                            
                            
                            
                            
                            
                            
                            
                            
                            
                            
                            
                            
                            
                            
                            
                            
                            <ns16:sourceRef>_91061832-5439-4782-acac-f6859105b359</ns16:sourceRef>
                            
                            
                            
                            
                            
                            
                            
                            
                            
                            
                            
                            
                            
                            
                            
                            
                            
                            
                            <ns16:assignment>
                                
                                
                                
                                
                                
                                
                                
                                
                                
                                
                                
                                
                                
                                
                                
                                
                                
                                
                                <ns16:to xmlns:xsi="http://www.w3.org/2001/XMLSchema-instance" xsi:type="ns16:tFormalExpression" evaluatesToTypeRef="itm.12.db884a3c-c533-44b7-bb2d-47bec8ad4022">tw.local.status</ns16:to>
                                
                                
                                
                                
                                
                                
                                
                                
                                
                            
                            
                            
                            
                            
                            
                            
                            
                            
                            </ns16:assignment>
                            
                            
                            
                            
                            
                            
                            
                            
                            
                        
                        
                        
                        
                        
                        
                        
                        
                        
                        </ns16:dataOutputAssociation>
                        
                        
                        
                        
                        
                        
                        
                        
                        
                    
                    
                    
                    
                    
                    
                    
                    
                    
                    </ns16:serviceTask>
                    
                    
                    
                    
                    
                    
                    
                    
                    
                    
                    
                    
                    
                    
                    
                    
                    
                    
                    <ns16:sequenceFlow sourceRef="d21ac20b-8d7a-4582-87b7-6f77e93f7af2" targetRef="4f98b0a4-0f2d-4da2-8cf5-4090ccbefdf0" name="To End" id="75b226ce-0a11-4ae4-8b97-b0f5631e2ec5">
                        
                        
                        
                        
                        
                        
                        
                        
                        
                        
                        
                        
                        
                        
                        
                        
                        
                        
                        <ns16:extensionElements>
                            
                            
                            
                            
                            
                            
                            
                            
                            
                            
                            
                            
                            
                            
                            
                            
                            
                            
                            <ns3:sequenceFlowImplementation sboSyncEnabled="true" />
                            
                            
                            
                            
                            
                            
                            
                            
                            
                            
                            
                            
                            
                            
                            
                            
                            
                            
                            <ns13:linkVisualInfo>
                                
                                
                                
                                
                                
                                
                                
                                
                                
                                
                                
                                
                                
                                
                                
                                
                                
                                
                                <ns13:sourcePortLocation>rightCenter</ns13:sourcePortLocation>
                                
                                
                                
                                
                                
                                
                                
                                
                                
                                
                                
                                
                                
                                
                                
                                
                                
                                
                                <ns13:targetPortLocation>leftCenter</ns13:targetPortLocation>
                                
                                
                                
                                
                                
                                
                                
                                
                                
                                
                                
                                
                                
                                
                                
                                
                                
                                
                                <ns13:showLabel>false</ns13:showLabel>
                                
                                
                                
                                
                                
                                
                                
                                
                                
                                
                                
                                
                                
                                
                                
                                
                                
                                
                                <ns13:showCoachControlLabel>false</ns13:showCoachControlLabel>
                                
                                
                                
                                
                                
                                
                                
                                
                                
                                
                                
                                
                                
                                
                                
                                
                                
                                
                                <ns13:labelPosition>0.0</ns13:labelPosition>
                                
                                
                                
                                
                                
                                
                                
                                
                                
                                
                                
                                
                                
                                
                                
                                
                                
                                
                                <ns13:saveExecutionContext>true</ns13:saveExecutionContext>
                                
                                
                                
                                
                                
                                
                                
                                
                                
                            
                            
                            
                            
                            
                            
                            
                            
                            
                            </ns13:linkVisualInfo>
                            
                            
                            
                            
                            
                            
                            
                            
                            
                        
                        
                        
                        
                        
                        
                        
                        
                        
                        </ns16:extensionElements>
                        
                        
                        
                        
                        
                        
                        
                        
                        
                    
                    
                    
                    
                    
                    
                    
                    
                    
                    </ns16:sequenceFlow>
                    
                    
                    
                    
                    
                    
                    
                    
                    
                
                
                
                
                
                
                
                
                
                </ns16:process>
                
                
                
                
                
                
                
                
                
            
            
            
            
            
            
            
            
            
            </ns16:definitions>
        </bpmn2Model>
        <link name="To End">
            <lastModified isNull="true" />
            <lastModifiedBy isNull="true" />
            <tenantId isNull="true" />
            <processLinkId>2027.75b226ce-0a11-4ae4-8b97-b0f5631e2ec5</processLinkId>
            <processId>1.556cb794-70e5-4773-9d33-f2cdf756c19c</processId>
            <description isNull="true" />
            <fromProcessItemId>2025.d21ac20b-8d7a-4582-87b7-6f77e93f7af2</fromProcessItemId>
            <endStateId>Out</endStateId>
            <toProcessItemId>2025.4f98b0a4-0f2d-4da2-8cf5-4090ccbefdf0</toProcessItemId>
            <guid>ec4c7764-5199-469c-81d8-f047dd6f5053</guid>
            <versionId>d574754a-e044-4aba-a4fd-75f3627faa4e</versionId>
            <layoutData>
                <controlPoints />
                <showEndState>false</showEndState>
                <showName>false</showName>
            </layoutData>
            <fromItemPort locationId="rightCenter" portType="1" />
            <toItemPort locationId="leftCenter" portType="2" />
            <fromProcessItemId>2025.d21ac20b-8d7a-4582-87b7-6f77e93f7af2</fromProcessItemId>
            <toProcessItemId>2025.4f98b0a4-0f2d-4da2-8cf5-4090ccbefdf0</toProcessItemId>
        </link>
    </process>
</teamworks>

