<?xml version="1.0" encoding="UTF-8"?>
<teamworks>
    <bpd id="25.95b1666b-599f-4586-9580-f4f95907b4a8" name="Upload Document">
        <bpdParameter name="jsonOutput">
            <lastModified isNull="true" />
            <lastModifiedBy isNull="true" />
            <tenantId isNull="true" />
            <bpdParameterId>2007.db61354e-3ce2-408e-85e2-121e4c26cc95</bpdParameterId>
            <bpdId>25.95b1666b-599f-4586-9580-f4f95907b4a8</bpdId>
            <parameterType>2</parameterType>
            <isArrayOf>false</isArrayOf>
            <classId>261059c3-7c6b-434a-9514-283d35d29c3a/12.db884a3c-c533-44b7-bb2d-47bec8ad4022</classId>
            <seq>0</seq>
            <documentation></documentation>
            <hasDefault>false</hasDefault>
            <defaultValue isNull="true" />
            <isReadOnly>false</isReadOnly>
            <guid>01971b88-5c11-4c9f-96e9-7e0815e5ed16</guid>
            <versionId>e4546660-9c4f-46a3-8710-9729d2143193</versionId>
        </bpdParameter>
        <lastModified>1661447792715</lastModified>
        <lastModifiedBy>cp4badmin</lastModifiedBy>
        <tenantId isNull="true" />
        <bpdId>25.95b1666b-599f-4586-9580-f4f95907b4a8</bpdId>
        <isTrackingEnabled>false</isTrackingEnabled>
        <isSpcEnabled>false</isSpcEnabled>
        <restrictedName isNull="true" />
        <isCriticalPathEnabled>false</isCriticalPathEnabled>
        <participantRef isNull="true" />
        <businessDataParticipantRef isNull="true" />
        <perfMetricParticipantRef isNull="true" />
        <ownerTeamParticipantRef isNull="true" />
        <timeScheduleType isNull="true" />
        <timeScheduleName isNull="true" />
        <timeScheduleExpression isNull="true" />
        <holidayScheduleType isNull="true" />
        <holidayScheduleName isNull="true" />
        <holidayScheduleExpression isNull="true" />
        <timezoneType isNull="true" />
        <timezone isNull="true" />
        <timezoneExpression isNull="true" />
        <internalName isNull="true" />
        <description></description>
        <type>1</type>
        <rootBpdId isNull="true" />
        <parentBpdId isNull="true" />
        <parentFlowObjectId isNull="true" />
        <xmlData isNull="true" />
        <bpmn2Data>&lt;ns15:definitions xmlns:ns15="http://www.omg.org/spec/BPMN/20100524/MODEL" xmlns:ns2="http://www.ibm.com/xmlns/prod/bpm/bpmn/ext/process" xmlns:ns3="http://www.ibm.com/xmlns/prod/bpm/bpmn/ext/process/wle" xmlns:ns4="http://www.ibm.com/xmlns/prod/bpm/bpmn/ext/process/case" xmlns:ns5="http://www.ibm.com/bpm/Extensions" xmlns:ns6="http://www.ibm.com/xmlns/prod/bpm/uca" xmlns:ns7="http://www.ibm.com/xmlns/prod/bpm/bpmn/ext/team" xmlns:ns8="http://www.ibm.com/xmlns/prod/bpm/bpmn/ext/trackinggroup" xmlns:ns9="http://www.ibm.com/xmlns/bpmnx/20100524/v1/BusinessVocabulary" xmlns:ns10="http://www.omg.org/spec/DD/20100524/DI" xmlns:ns11="http://www.omg.org/spec/DD/20100524/DC" xmlns:ns12="http://www.omg.org/spec/BPMN/20100524/BPMNDI" xmlns:ns13="http://www.ibm.com/xmlns/prod/bpm/graph" xmlns:ns14="http://www.ibm.com/xmlns/prod/bpm/bpmn/ext/extservice" xmlns:ns16="http://www.ibm.com/bpm/processappsettings" xmlns:ns17="http://www.ibm.com/xmlns/prod/bpm/bpmn/ext/process/auth" xmlns:ns18="http://www.ibm.com/bpm/CoachDesignerNG" xmlns:ns19="http://www.ibm.com/xmlns/links" xmlns:ns20="http://www.ibm.com/bpm/uitheme" xmlns:ns21="http://www.ibm.com/bpm/coachview" xmlns:ns22="http://www.ibm.com/xmlns/tagging" id="fc8b4a0f-9c82-43ef-9ece-1b0f93e886e2" targetNamespace="" expressionLanguage="http://www.ibm.com/xmlns/prod/bpm/expression-lang/javascript"&gt;&lt;ns15:process name="Upload Document" id="25.95b1666b-599f-4586-9580-f4f95907b4a8" ns2:executionMode="longRunning"&gt;&lt;ns15:documentation /&gt;&lt;ns15:extensionElements&gt;&lt;ns3:bpdExtension instanceName="&amp;quot;Upload Document:&amp;quot; + tw.system.process.instanceId" dueDateEnabled="true" atRiskCalcEnabled="true" enableTracking="true" allowProjectedPathManagement="false" optimizeExecForLatency="false" sBOSyncEnabled="true" allowContentOperations="false" autoTrackingEnabled="false" autoTrackingName="at1661446842350"&gt;&lt;ns3:dueDateSettings type="TimeCalculation"&gt;&lt;ns3:dueDate unit="Hours" timeOfDay="00:00"&gt;8&lt;/ns3:dueDate&gt;&lt;/ns3:dueDateSettings&gt;&lt;ns3:workSchedule&gt;&lt;ns3:timeScheduleType&gt;0&lt;/ns3:timeScheduleType&gt;&lt;ns3:timezoneType&gt;0&lt;/ns3:timezoneType&gt;&lt;ns3:holidayScheduleType&gt;0&lt;/ns3:holidayScheduleType&gt;&lt;/ns3:workSchedule&gt;&lt;/ns3:bpdExtension&gt;&lt;ns4:caseExtension&gt;&lt;ns4:caseFolder id="7c5dcf9d-5782-43c4-a49e-8c9e75fe2d49" /&gt;&lt;/ns4:caseExtension&gt;&lt;ns4:isConvergedProcess&gt;true&lt;/ns4:isConvergedProcess&gt;&lt;/ns15:extensionElements&gt;&lt;ns15:ioSpecification&gt;&lt;ns15:dataOutput name="jsonOutput" itemSubjectRef="itm.12.db884a3c-c533-44b7-bb2d-47bec8ad4022" isCollection="false" id="2007.db61354e-3ce2-408e-85e2-121e4c26cc95" /&gt;&lt;ns15:inputSet /&gt;&lt;ns15:inputSet id="_b274cbb3-bfa1-4d1e-b89a-cb032c3fab22" /&gt;&lt;ns15:outputSet&gt;&lt;ns15:dataOutputRefs&gt;2007.db61354e-3ce2-408e-85e2-121e4c26cc95&lt;/ns15:dataOutputRefs&gt;&lt;/ns15:outputSet&gt;&lt;ns15:outputSet id="_02c2e582-7c23-417a-bb0e-c1dc1088f07c" /&gt;&lt;/ns15:ioSpecification&gt;&lt;ns15:laneSet id="24ecd1c5-351d-4b5e-8253-cd1623a61d4f"&gt;&lt;ns15:lane name="Team" partitionElementRef="24.da7e4d23-78cb-4483-98ed-b9c238308a03" id="5b013cdb-4f21-4f88-9e97-e0b6032967f7" ns3:isSystemLane="false"&gt;&lt;ns15:extensionElements&gt;&lt;ns13:nodeVisualInfo x="0" y="0" width="3000" height="200" color="#F8F8F8" /&gt;&lt;/ns15:extensionElements&gt;&lt;ns15:flowNodeRef&gt;f59b5c7c-f924-4f04-89e1-4327af1df2a3&lt;/ns15:flowNodeRef&gt;&lt;ns15:flowNodeRef&gt;89a5c112-c6f9-43ff-b621-8c6409bb7008&lt;/ns15:flowNodeRef&gt;&lt;/ns15:lane&gt;&lt;ns15:lane name="System" partitionElementRef="24.6fd38d02-81cf-48ab-bd42-8ff4c0a1628b" id="227d4d75-305b-472f-b7fb-b3feb5a59a38" ns3:isSystemLane="true"&gt;&lt;ns15:extensionElements&gt;&lt;ns13:nodeVisualInfo x="0" y="201" width="3000" height="200" color="#F8F8F8" /&gt;&lt;/ns15:extensionElements&gt;&lt;ns15:flowNodeRef&gt;54704c9c-e1cb-4524-8afd-2292b6da843f&lt;/ns15:flowNodeRef&gt;&lt;ns15:flowNodeRef&gt;db4dec0f-748f-48f5-bd99-08e249fd6e95&lt;/ns15:flowNodeRef&gt;&lt;/ns15:lane&gt;&lt;/ns15:laneSet&gt;&lt;ns15:startEvent name="Start" id="f59b5c7c-f924-4f04-89e1-4327af1df2a3"&gt;&lt;ns15:extensionElements&gt;&lt;ns13:nodeVisualInfo x="25" y="80" width="24" height="24" color="#F8F8F8" /&gt;&lt;ns2:default&gt;25b426b9-5b7d-454a-8bbc-34cb70d87b99&lt;/ns2:default&gt;&lt;/ns15:extensionElements&gt;&lt;ns15:outgoing&gt;25b426b9-5b7d-454a-8bbc-34cb70d87b99&lt;/ns15:outgoing&gt;&lt;/ns15:startEvent&gt;&lt;ns15:endEvent name="End" id="db4dec0f-748f-48f5-bd99-08e249fd6e95"&gt;&lt;ns15:extensionElements&gt;&lt;ns13:nodeVisualInfo x="650" y="105" width="24" height="24" color="#F8F8F8" /&gt;&lt;/ns15:extensionElements&gt;&lt;ns15:incoming&gt;92570dc8-7b7f-4390-8b27-31b2b7809f23&lt;/ns15:incoming&gt;&lt;/ns15:endEvent&gt;&lt;ns15:callActivity calledElement="1.7d9a4aae-a381-45f4-aa60-baaad89d11ca" default="c849e873-de76-4081-9cae-ac80079c864f" name="Upload Doc" id="89a5c112-c6f9-43ff-b621-8c6409bb7008"&gt;&lt;ns15:extensionElements&gt;&lt;ns3:activityExtension conditional="false" transactionalBehavior="NotSet"&gt;&lt;ns3:conditionScript /&gt;&lt;/ns3:activityExtension&gt;&lt;ns13:nodeVisualInfo x="185" y="57" width="95" height="70" /&gt;&lt;ns3:userTaskSettings&gt;&lt;ns3:activityPriority type="Priority"&gt;&lt;ns3:priority&gt;Normal&lt;/ns3:priority&gt;&lt;/ns3:activityPriority&gt;&lt;ns3:activityDueDate type="TimeCalculation"&gt;&lt;ns3:dueDate unit="Hours" timeOfDay="00:00"&gt;1&lt;/ns3:dueDate&gt;&lt;ns3:timeZone type="TimeZone"&gt;&lt;ns3:value&gt;(use default)&lt;/ns3:value&gt;&lt;/ns3:timeZone&gt;&lt;/ns3:activityDueDate&gt;&lt;ns3:activityAssignmentType&gt;Lane&lt;/ns3:activityAssignmentType&gt;&lt;ns3:activityWorkSchedule&gt;&lt;ns3:timeScheduleType&gt;0&lt;/ns3:timeScheduleType&gt;&lt;ns3:timezoneType&gt;0&lt;/ns3:timezoneType&gt;&lt;ns3:holidayScheduleType&gt;0&lt;/ns3:holidayScheduleType&gt;&lt;/ns3:activityWorkSchedule&gt;&lt;/ns3:userTaskSettings&gt;&lt;ns3:activityType&gt;UserTask&lt;/ns3:activityType&gt;&lt;/ns15:extensionElements&gt;&lt;ns15:incoming&gt;25b426b9-5b7d-454a-8bbc-34cb70d87b99&lt;/ns15:incoming&gt;&lt;ns15:outgoing&gt;c849e873-de76-4081-9cae-ac80079c864f&lt;/ns15:outgoing&gt;&lt;ns15:dataOutputAssociation&gt;&lt;ns15:sourceRef&gt;2055.1d667d20-bb21-4bc1-8c88-193aef6cdc27&lt;/ns15:sourceRef&gt;&lt;ns15:assignment&gt;&lt;ns15:to xmlns:xsi="http://www.w3.org/2001/XMLSchema-instance" xsi:type="ns15:tFormalExpression" evaluatesToTypeRef="itm.12.db884a3c-c533-44b7-bb2d-47bec8ad4022"&gt;tw.local.fileName&lt;/ns15:to&gt;&lt;/ns15:assignment&gt;&lt;/ns15:dataOutputAssociation&gt;&lt;ns15:dataOutputAssociation&gt;&lt;ns15:sourceRef&gt;2055.85f6396f-eb47-4bb6-8e29-0eb168108b66&lt;/ns15:sourceRef&gt;&lt;ns15:assignment&gt;&lt;ns15:to xmlns:xsi="http://www.w3.org/2001/XMLSchema-instance" xsi:type="ns15:tFormalExpression" evaluatesToTypeRef="itm.12.db884a3c-c533-44b7-bb2d-47bec8ad4022"&gt;tw.local.fileContent&lt;/ns15:to&gt;&lt;/ns15:assignment&gt;&lt;/ns15:dataOutputAssociation&gt;&lt;ns3:activityPerformer distribution="None" name="Lane"&gt;&lt;ns3:teamFilterService /&gt;&lt;/ns3:activityPerformer&gt;&lt;ns3:activityPerformer distribution="None" name="Team"&gt;&lt;ns3:teamFilterService /&gt;&lt;/ns3:activityPerformer&gt;&lt;ns15:performer name="Expert" /&gt;&lt;/ns15:callActivity&gt;&lt;ns15:sequenceFlow sourceRef="f59b5c7c-f924-4f04-89e1-4327af1df2a3" targetRef="89a5c112-c6f9-43ff-b621-8c6409bb7008" name="To Upload Doc" id="25b426b9-5b7d-454a-8bbc-34cb70d87b99"&gt;&lt;ns15:extensionElements&gt;&lt;ns13:linkVisualInfo&gt;&lt;ns13:sourcePortLocation&gt;rightCenter&lt;/ns13:sourcePortLocation&gt;&lt;ns13:targetPortLocation&gt;leftCenter&lt;/ns13:targetPortLocation&gt;&lt;ns13:showLabel&gt;false&lt;/ns13:showLabel&gt;&lt;ns13:showCoachControlLabel&gt;false&lt;/ns13:showCoachControlLabel&gt;&lt;ns13:labelPosition&gt;0.0&lt;/ns13:labelPosition&gt;&lt;ns13:saveExecutionContext&gt;false&lt;/ns13:saveExecutionContext&gt;&lt;/ns13:linkVisualInfo&gt;&lt;ns2:happySequence&gt;true&lt;/ns2:happySequence&gt;&lt;/ns15:extensionElements&gt;&lt;/ns15:sequenceFlow&gt;&lt;ns15:sequenceFlow sourceRef="89a5c112-c6f9-43ff-b621-8c6409bb7008" targetRef="54704c9c-e1cb-4524-8afd-2292b6da843f" name="To Capture Document" id="c849e873-de76-4081-9cae-ac80079c864f"&gt;&lt;ns15:extensionElements&gt;&lt;ns13:linkVisualInfo&gt;&lt;ns13:sourcePortLocation&gt;rightCenter&lt;/ns13:sourcePortLocation&gt;&lt;ns13:targetPortLocation&gt;leftCenter&lt;/ns13:targetPortLocation&gt;&lt;ns13:showLabel&gt;false&lt;/ns13:showLabel&gt;&lt;ns13:showCoachControlLabel&gt;false&lt;/ns13:showCoachControlLabel&gt;&lt;ns13:labelPosition&gt;0.0&lt;/ns13:labelPosition&gt;&lt;ns13:saveExecutionContext&gt;true&lt;/ns13:saveExecutionContext&gt;&lt;/ns13:linkVisualInfo&gt;&lt;ns2:sequenceFlowImplementation sboSyncEnabled="true" fireValidation="Never" /&gt;&lt;ns2:happySequence&gt;true&lt;/ns2:happySequence&gt;&lt;/ns15:extensionElements&gt;&lt;/ns15:sequenceFlow&gt;&lt;ns15:dataObject itemSubjectRef="itm.12.db884a3c-c533-44b7-bb2d-47bec8ad4022" isCollection="false" name="fileContent" id="4a931851-2128-4f80-8dc8-88e4d00e2fcc" /&gt;&lt;ns15:dataObject itemSubjectRef="itm.12.db884a3c-c533-44b7-bb2d-47bec8ad4022" isCollection="false" name="fileName" id="cd1296e0-b25c-47d7-8600-828e4618bc69" /&gt;&lt;ns15:callActivity calledElement="25.a2590f76-e3cd-4170-aef1-c074ac7a531f" default="92570dc8-7b7f-4390-8b27-31b2b7809f23" name="Capture Document" id="54704c9c-e1cb-4524-8afd-2292b6da843f"&gt;&lt;ns15:extensionElements&gt;&lt;ns13:nodeVisualInfo x="377" y="82" width="95" height="70" /&gt;&lt;ns3:activityType&gt;CalledProcess&lt;/ns3:activityType&gt;&lt;ns3:activityExtension conditional="false"&gt;&lt;ns3:conditionScript /&gt;&lt;/ns3:activityExtension&gt;&lt;/ns15:extensionElements&gt;&lt;ns15:incoming&gt;c849e873-de76-4081-9cae-ac80079c864f&lt;/ns15:incoming&gt;&lt;ns15:outgoing&gt;92570dc8-7b7f-4390-8b27-31b2b7809f23&lt;/ns15:outgoing&gt;&lt;ns15:dataInputAssociation&gt;&lt;ns15:targetRef&gt;2007.fc2271ca-07f5-42df-8690-47d5b1ad9835&lt;/ns15:targetRef&gt;&lt;ns15:assignment&gt;&lt;ns15:from xmlns:xsi="http://www.w3.org/2001/XMLSchema-instance" xsi:type="ns15:tFormalExpression" evaluatesToTypeRef="itm.12.c09c9b6e-aabd-4897-bef2-ed61db106297"&gt;tw.env.host&lt;/ns15:from&gt;&lt;/ns15:assignment&gt;&lt;/ns15:dataInputAssociation&gt;&lt;ns15:dataInputAssociation&gt;&lt;ns15:targetRef&gt;2007.ec4b964b-278a-43db-8a85-1e885178aabc&lt;/ns15:targetRef&gt;&lt;ns15:assignment&gt;&lt;ns15:from xmlns:xsi="http://www.w3.org/2001/XMLSchema-instance" xsi:type="ns15:tFormalExpression" evaluatesToTypeRef="itm.12.c09c9b6e-aabd-4897-bef2-ed61db106297"&gt;tw.env.username&lt;/ns15:from&gt;&lt;/ns15:assignment&gt;&lt;/ns15:dataInputAssociation&gt;&lt;ns15:dataInputAssociation&gt;&lt;ns15:targetRef&gt;2007.611baf9e-4d2f-4f87-8956-81ca2dc066c3&lt;/ns15:targetRef&gt;&lt;ns15:assignment&gt;&lt;ns15:from xmlns:xsi="http://www.w3.org/2001/XMLSchema-instance" xsi:type="ns15:tFormalExpression" evaluatesToTypeRef="itm.12.c09c9b6e-aabd-4897-bef2-ed61db106297"&gt;tw.env.password&lt;/ns15:from&gt;&lt;/ns15:assignment&gt;&lt;/ns15:dataInputAssociation&gt;&lt;ns15:dataInputAssociation&gt;&lt;ns15:targetRef&gt;2007.081ac626-a0f0-4563-82b0-4991747ea7a3&lt;/ns15:targetRef&gt;&lt;ns15:assignment&gt;&lt;ns15:from xmlns:xsi="http://www.w3.org/2001/XMLSchema-instance" xsi:type="ns15:tFormalExpression" evaluatesToTypeRef="itm.12.c09c9b6e-aabd-4897-bef2-ed61db106297"&gt;tw.env.projectId&lt;/ns15:from&gt;&lt;/ns15:assignment&gt;&lt;/ns15:dataInputAssociation&gt;&lt;ns15:dataInputAssociation&gt;&lt;ns15:targetRef&gt;2007.57021da5-b418-48b7-8dbf-dc97c0f39a66&lt;/ns15:targetRef&gt;&lt;ns15:assignment&gt;&lt;ns15:from xmlns:xsi="http://www.w3.org/2001/XMLSchema-instance" xsi:type="ns15:tFormalExpression" evaluatesToTypeRef="itm.12.db884a3c-c533-44b7-bb2d-47bec8ad4022"&gt;tw.local.fileName&lt;/ns15:from&gt;&lt;/ns15:assignment&gt;&lt;/ns15:dataInputAssociation&gt;&lt;ns15:dataInputAssociation&gt;&lt;ns15:targetRef&gt;2007.f8ddbc60-e20c-4e58-88c8-c12e019d6d23&lt;/ns15:targetRef&gt;&lt;ns15:assignment&gt;&lt;ns15:from xmlns:xsi="http://www.w3.org/2001/XMLSchema-instance" xsi:type="ns15:tFormalExpression" evaluatesToTypeRef="itm.12.db884a3c-c533-44b7-bb2d-47bec8ad4022"&gt;tw.local.fileContent&lt;/ns15:from&gt;&lt;/ns15:assignment&gt;&lt;/ns15:dataInputAssociation&gt;&lt;ns15:dataOutputAssociation&gt;&lt;ns15:sourceRef&gt;2007.23d10d07-782a-482d-8145-9703a33d6a6f&lt;/ns15:sourceRef&gt;&lt;ns15:assignment&gt;&lt;ns15:to xmlns:xsi="http://www.w3.org/2001/XMLSchema-instance" xsi:type="ns15:tFormalExpression" evaluatesToTypeRef="itm.12.db884a3c-c533-44b7-bb2d-47bec8ad4022"&gt;tw.local.jsonOutput&lt;/ns15:to&gt;&lt;/ns15:assignment&gt;&lt;/ns15:dataOutputAssociation&gt;&lt;/ns15:callActivity&gt;&lt;ns15:sequenceFlow sourceRef="54704c9c-e1cb-4524-8afd-2292b6da843f" targetRef="db4dec0f-748f-48f5-bd99-08e249fd6e95" name="To End" id="92570dc8-7b7f-4390-8b27-31b2b7809f23"&gt;&lt;ns15:extensionElements&gt;&lt;ns2:sequenceFlowImplementation sboSyncEnabled="true" /&gt;&lt;ns13:linkVisualInfo&gt;&lt;ns13:sourcePortLocation&gt;rightCenter&lt;/ns13:sourcePortLocation&gt;&lt;ns13:targetPortLocation&gt;leftCenter&lt;/ns13:targetPortLocation&gt;&lt;ns13:showLabel&gt;false&lt;/ns13:showLabel&gt;&lt;ns13:showCoachControlLabel&gt;false&lt;/ns13:showCoachControlLabel&gt;&lt;ns13:labelPosition&gt;0.0&lt;/ns13:labelPosition&gt;&lt;ns13:saveExecutionContext&gt;true&lt;/ns13:saveExecutionContext&gt;&lt;/ns13:linkVisualInfo&gt;&lt;ns2:happySequence&gt;true&lt;/ns2:happySequence&gt;&lt;/ns15:extensionElements&gt;&lt;/ns15:sequenceFlow&gt;&lt;ns15:resourceRole name="participantRef" /&gt;&lt;ns15:resourceRole name="businessDataParticipantRef" /&gt;&lt;ns15:resourceRole name="perfMetricParticipantRef" /&gt;&lt;ns15:resourceRole name="ownerTeamParticipantRef" /&gt;&lt;/ns15:process&gt;&lt;ns15:interface name="Upload DocumentInterface" id="_822f39dd-96ec-4387-8ec4-4f716c3f15b6" /&gt;&lt;/ns15:definitions&gt;
</bpmn2Data>
        <dependencySummary isNull="true" />
        <jsonData>{"rootElement":[{"flowElement":[{"parallelMultiple":false,"outgoing":["25b426b9-5b7d-454a-8bbc-34cb70d87b99"],"isInterrupting":true,"extensionElements":{"default":["25b426b9-5b7d-454a-8bbc-34cb70d87b99"],"nodeVisualInfo":[{"color":"#F8F8F8","width":24,"x":25,"y":80,"declaredType":"TNodeVisualInfo","height":24}]},"name":"Start","declaredType":"startEvent","id":"f59b5c7c-f924-4f04-89e1-4327af1df2a3"},{"incoming":["92570dc8-7b7f-4390-8b27-31b2b7809f23"],"extensionElements":{"nodeVisualInfo":[{"color":"#F8F8F8","width":24,"x":650,"y":105,"declaredType":"TNodeVisualInfo","height":24}]},"name":"End","declaredType":"endEvent","id":"db4dec0f-748f-48f5-bd99-08e249fd6e95"},{"outgoing":["c849e873-de76-4081-9cae-ac80079c864f"],"incoming":["25b426b9-5b7d-454a-8bbc-34cb70d87b99"],"extensionElements":{"activityExtension":[{"conditionScript":"","conditional":false,"transactionalBehavior":"NotSet","declaredType":"com.ibm.bpmsdk.model.bpmn20.ibmwleext.TActivityExtension"}],"nodeVisualInfo":[{"width":95,"x":185,"y":57,"declaredType":"TNodeVisualInfo","height":70}],"userTaskSettings":[{"activityAssignmentType":"Lane","activityWorkSchedule":{"timezoneType":0,"timeScheduleType":0,"holidayScheduleType":0},"declaredType":"com.ibm.bpmsdk.model.bpmn20.ibmwleext.TUserTaskSettings","activityPriority":{"type":"Priority","priority":"Normal"},"activityDueDate":{"dueDate":{"unit":"Hours","value":"1","timeOfDay":"00:00"},"timeZone":{"type":"TimeZone","value":"(use default)"},"type":"TimeCalculation"}}],"activityType":["UserTask"]},"declaredType":"callActivity","startQuantity":1,"resourceRole":[{"teamAssignmentType":"Reference","name":"Lane","declaredType":"com.ibm.bpmsdk.model.bpmn20.ibmwleext.TActivityPerformer","distribution":"None","teamFilterService":{}},{"teamAssignmentType":"Reference","name":"Team","declaredType":"com.ibm.bpmsdk.model.bpmn20.ibmwleext.TActivityPerformer","distribution":"None","teamFilterService":{}},{"name":"Expert","declaredType":"performer"}],"default":"c849e873-de76-4081-9cae-ac80079c864f","name":"Upload Doc","isForCompensation":false,"completionQuantity":1,"id":"89a5c112-c6f9-43ff-b621-8c6409bb7008","dataOutputAssociation":[{"assignment":[{"to":{"evaluatesToTypeRef":"itm.12.db884a3c-c533-44b7-bb2d-47bec8ad4022","declaredType":"TFormalExpression","content":["tw.local.fileName"]}}],"sourceRef":["2055.1d667d20-bb21-4bc1-8c88-193aef6cdc27"]},{"assignment":[{"to":{"evaluatesToTypeRef":"itm.12.db884a3c-c533-44b7-bb2d-47bec8ad4022","declaredType":"TFormalExpression","content":["tw.local.fileContent"]}}],"sourceRef":["2055.85f6396f-eb47-4bb6-8e29-0eb168108b66"]}],"calledElement":"1.7d9a4aae-a381-45f4-aa60-baaad89d11ca"},{"targetRef":"89a5c112-c6f9-43ff-b621-8c6409bb7008","extensionElements":{"linkVisualInfo":[{"sourcePortLocation":"rightCenter","showCoachControlLabel":false,"labelPosition":0.0,"targetPortLocation":"leftCenter","declaredType":"TLinkVisualInfo","saveExecutionContext":false,"showLabel":false}],"happySequence":[true]},"name":"To Upload Doc","declaredType":"sequenceFlow","id":"25b426b9-5b7d-454a-8bbc-34cb70d87b99","sourceRef":"f59b5c7c-f924-4f04-89e1-4327af1df2a3"},{"targetRef":"54704c9c-e1cb-4524-8afd-2292b6da843f","extensionElements":{"sequenceFlowImplementation":[{"fireValidation":"Never","sboSyncEnabled":true,"declaredType":"com.ibm.bpmsdk.model.bpmn20.ibmext.TSequenceFlowImplementation"}],"linkVisualInfo":[{"sourcePortLocation":"rightCenter","showCoachControlLabel":false,"labelPosition":0.0,"targetPortLocation":"leftCenter","declaredType":"TLinkVisualInfo","saveExecutionContext":true,"showLabel":false}],"happySequence":[true]},"name":"To Capture Document","declaredType":"sequenceFlow","id":"c849e873-de76-4081-9cae-ac80079c864f","sourceRef":"89a5c112-c6f9-43ff-b621-8c6409bb7008"},{"itemSubjectRef":"itm.12.db884a3c-c533-44b7-bb2d-47bec8ad4022","name":"fileContent","isCollection":false,"declaredType":"dataObject","id":"4a931851-2128-4f80-8dc8-88e4d00e2fcc"},{"itemSubjectRef":"itm.12.db884a3c-c533-44b7-bb2d-47bec8ad4022","name":"fileName","isCollection":false,"declaredType":"dataObject","id":"cd1296e0-b25c-47d7-8600-828e4618bc69"},{"outgoing":["92570dc8-7b7f-4390-8b27-31b2b7809f23"],"incoming":["c849e873-de76-4081-9cae-ac80079c864f"],"extensionElements":{"activityExtension":[{"conditionScript":"","conditional":false,"transactionalBehavior":"NotSet","declaredType":"com.ibm.bpmsdk.model.bpmn20.ibmwleext.TActivityExtension"}],"nodeVisualInfo":[{"width":95,"x":377,"y":82,"declaredType":"TNodeVisualInfo","height":70}],"activityType":["CalledProcess"]},"declaredType":"callActivity","startQuantity":1,"default":"92570dc8-7b7f-4390-8b27-31b2b7809f23","name":"Capture Document","dataInputAssociation":[{"targetRef":"2007.fc2271ca-07f5-42df-8690-47d5b1ad9835","assignment":[{"from":{"evaluatesToTypeRef":"itm.12.c09c9b6e-aabd-4897-bef2-ed61db106297","declaredType":"TFormalExpression","content":["tw.env.host"]}}]},{"targetRef":"2007.ec4b964b-278a-43db-8a85-1e885178aabc","assignment":[{"from":{"evaluatesToTypeRef":"itm.12.c09c9b6e-aabd-4897-bef2-ed61db106297","declaredType":"TFormalExpression","content":["tw.env.username"]}}]},{"targetRef":"2007.611baf9e-4d2f-4f87-8956-81ca2dc066c3","assignment":[{"from":{"evaluatesToTypeRef":"itm.12.c09c9b6e-aabd-4897-bef2-ed61db106297","declaredType":"TFormalExpression","content":["tw.env.password"]}}]},{"targetRef":"2007.081ac626-a0f0-4563-82b0-4991747ea7a3","assignment":[{"from":{"evaluatesToTypeRef":"itm.12.c09c9b6e-aabd-4897-bef2-ed61db106297","declaredType":"TFormalExpression","content":["tw.env.projectId"]}}]},{"targetRef":"2007.57021da5-b418-48b7-8dbf-dc97c0f39a66","assignment":[{"from":{"evaluatesToTypeRef":"itm.12.db884a3c-c533-44b7-bb2d-47bec8ad4022","declaredType":"TFormalExpression","content":["tw.local.fileName"]}}]},{"targetRef":"2007.f8ddbc60-e20c-4e58-88c8-c12e019d6d23","assignment":[{"from":{"evaluatesToTypeRef":"itm.12.db884a3c-c533-44b7-bb2d-47bec8ad4022","declaredType":"TFormalExpression","content":["tw.local.fileContent"]}}]}],"isForCompensation":false,"completionQuantity":1,"id":"54704c9c-e1cb-4524-8afd-2292b6da843f","dataOutputAssociation":[{"assignment":[{"to":{"evaluatesToTypeRef":"itm.12.db884a3c-c533-44b7-bb2d-47bec8ad4022","declaredType":"TFormalExpression","content":["tw.local.jsonOutput"]}}],"sourceRef":["2007.23d10d07-782a-482d-8145-9703a33d6a6f"]}],"calledElement":"25.a2590f76-e3cd-4170-aef1-c074ac7a531f"},{"targetRef":"db4dec0f-748f-48f5-bd99-08e249fd6e95","extensionElements":{"sequenceFlowImplementation":[{"fireValidation":"Never","sboSyncEnabled":true,"declaredType":"com.ibm.bpmsdk.model.bpmn20.ibmext.TSequenceFlowImplementation"}],"linkVisualInfo":[{"sourcePortLocation":"rightCenter","showCoachControlLabel":false,"labelPosition":0.0,"targetPortLocation":"leftCenter","declaredType":"TLinkVisualInfo","saveExecutionContext":true,"showLabel":false}],"happySequence":[true]},"name":"To End","declaredType":"sequenceFlow","id":"92570dc8-7b7f-4390-8b27-31b2b7809f23","sourceRef":"54704c9c-e1cb-4524-8afd-2292b6da843f"}],"laneSet":[{"id":"24ecd1c5-351d-4b5e-8253-cd1623a61d4f","lane":[{"flowNodeRef":["f59b5c7c-f924-4f04-89e1-4327af1df2a3","89a5c112-c6f9-43ff-b621-8c6409bb7008"],"extensionElements":{"nodeVisualInfo":[{"color":"#F8F8F8","width":3000,"x":0,"y":0,"declaredType":"TNodeVisualInfo","height":200}]},"name":"Team","partitionElementRef":"24.da7e4d23-78cb-4483-98ed-b9c238308a03","declaredType":"lane","id":"5b013cdb-4f21-4f88-9e97-e0b6032967f7","otherAttributes":{"{http:\/\/www.ibm.com\/xmlns\/prod\/bpm\/bpmn\/ext\/process\/wle}isSystemLane":"false"}},{"flowNodeRef":["54704c9c-e1cb-4524-8afd-2292b6da843f","db4dec0f-748f-48f5-bd99-08e249fd6e95"],"extensionElements":{"nodeVisualInfo":[{"color":"#F8F8F8","width":3000,"x":0,"y":201,"declaredType":"TNodeVisualInfo","height":200}]},"name":"System","partitionElementRef":"24.6fd38d02-81cf-48ab-bd42-8ff4c0a1628b","declaredType":"lane","id":"227d4d75-305b-472f-b7fb-b3feb5a59a38","otherAttributes":{"{http:\/\/www.ibm.com\/xmlns\/prod\/bpm\/bpmn\/ext\/process\/wle}isSystemLane":"true"}}]}],"resourceRole":[{"name":"participantRef","declaredType":"resourceRole"},{"name":"businessDataParticipantRef","declaredType":"resourceRole"},{"name":"perfMetricParticipantRef","declaredType":"resourceRole"},{"name":"ownerTeamParticipantRef","declaredType":"resourceRole"}],"isClosed":false,"extensionElements":{"bpdExtension":[{"allowContentOperations":false,"enableTracking":true,"workSchedule":{"timezoneType":0,"timeScheduleType":0,"holidayScheduleType":0},"instanceName":"\"Upload Document:\" + tw.system.process.instanceId","dueDateSettings":{"dueDate":{"unit":"Hours","value":"8","timeOfDay":"00:00"},"type":"TimeCalculation"},"autoTrackingName":"at1661446842350","declaredType":"com.ibm.bpmsdk.model.bpmn20.ibmwleext.TBPDExtension","optimizeExecForLatency":false,"dueDateEnabled":true,"atRiskCalcEnabled":true,"allowProjectedPathManagement":false,"autoTrackingEnabled":false,"sboSyncEnabled":true}],"caseExtension":[{"declaredType":"com.ibm.bpmsdk.model.bpmn20.ibmcaseext.TCaseExtension","caseFolder":{"allowSubfoldersCreation":false,"allowLocalDoc":false,"id":"7c5dcf9d-5782-43c4-a49e-8c9e75fe2d49","allowExternalFolder":false,"allowExternalDoc":false}}],"isConvergedProcess":[true]},"documentation":[{"textFormat":"text\/plain"}],"name":"Upload Document","declaredType":"process","id":"25.95b1666b-599f-4586-9580-f4f95907b4a8","processType":"None","otherAttributes":{"{http:\/\/www.ibm.com\/xmlns\/prod\/bpm\/bpmn\/ext\/process}executionMode":"longRunning"},"ioSpecification":{"dataOutput":[{"itemSubjectRef":"itm.12.db884a3c-c533-44b7-bb2d-47bec8ad4022","name":"jsonOutput","isCollection":false,"id":"2007.db61354e-3ce2-408e-85e2-121e4c26cc95"}],"inputSet":[{},{"id":"_b274cbb3-bfa1-4d1e-b89a-cb032c3fab22"}],"outputSet":[{"dataOutputRefs":["2007.db61354e-3ce2-408e-85e2-121e4c26cc95"]},{"id":"_02c2e582-7c23-417a-bb0e-c1dc1088f07c"}]}},{"name":"Upload DocumentInterface","declaredType":"interface","id":"_822f39dd-96ec-4387-8ec4-4f716c3f15b6"}],"targetNamespace":"","typeLanguage":"http:\/\/www.w3.org\/2001\/XMLSchema","expressionLanguage":"http:\/\/www.ibm.com\/xmlns\/prod\/bpm\/expression-lang\/javascript","id":"fc8b4a0f-9c82-43ef-9ece-1b0f93e886e2"}</jsonData>
        <migrationData isNull="true" />
        <rwfData isNull="true" />
        <rwfStatus isNull="true" />
        <templateId isNull="true" />
        <externalId isNull="true" />
        <guid>guid:788ab29cead0df39:-296f990f:18271967dd3:-7cdc</guid>
        <versionId>39bfadb6-8122-401e-b339-6d489e392da8</versionId>
        <field1 isNull="true" />
        <field2 isNull="true" />
        <field3>0</field3>
        <field4 isNull="true" />
        <field5>false</field5>
        <clobField1 isNull="true" />
        <blobField1 isNull="true" />
        <BusinessProcessDiagram id="bpdid:89416636f7ce572e:-54eaee34:187e6df992f:-7ebd">
            <metadata>
                <entry>
                    <key>SAP_META.SHOULDRECOVER</key>
                    <value>no</value>
                </entry>
            </metadata>
            <name>Upload Document</name>
            <documentation></documentation>
            <name>Upload Document</name>
            <dimension>
                <size w="600" h="150" />
            </dimension>
            <author>cpadmin</author>
            <isTrackingEnabled>true</isTrackingEnabled>
            <isCriticalPathEnabled>false</isCriticalPathEnabled>
            <isSpcEnabled>false</isSpcEnabled>
            <isDueDateEnabled>true</isDueDateEnabled>
            <isAtRiskCalcEnabled>true</isAtRiskCalcEnabled>
            <creationDate>1661446842372</creationDate>
            <modificationDate>1683651361879</modificationDate>
            <metricSettings itemType="2" />
            <instanceNameExpression>"Upload Document:" + tw.system.process.instanceId</instanceNameExpression>
            <dueDateType>1</dueDateType>
            <dueDateTime>8</dueDateTime>
            <dueDateTimeResolution>1</dueDateTimeResolution>
            <dueDateTimeTOD>00:00</dueDateTimeTOD>
            <officeIntegration>
                <sharePointParentSiteDisabled>true</sharePointParentSiteDisabled>
                <sharePointParentSiteName>&lt;#= tw.system.process.name #&gt;</sharePointParentSiteName>
                <sharePointParentSiteTemplate>ParentSiteTemplate.stp</sharePointParentSiteTemplate>
                <sharePointWorkspaceSiteName>&lt;#= tw.system.process.name #&gt; &lt;#= tw.system.process.instanceId #&gt;</sharePointWorkspaceSiteName>
                <sharePointWorkspaceSiteDescription>This site has been automatically generated for managing collaborations and documents 
for the Lombardi TeamWorks process instance: &lt;#= tw.system.process.name #&gt; &lt;#= tw.system.process.instanceId #&gt;

TeamWorks Link:  ~APPSERVER_URL~/portal/jsp/getProcessDetails.do?bpdInstanceId=&lt;#= tw.system.process.instanceId #&gt;

</sharePointWorkspaceSiteDescription>
                <sharePointWorkspaceSiteTemplate>WorkspaceSiteTemplate.stp</sharePointWorkspaceSiteTemplate>
                <sharePointLCID>1033</sharePointLCID>
            </officeIntegration>
            <timeScheduleType>0</timeScheduleType>
            <holidayScheduleType>0</holidayScheduleType>
            <timezoneType>0</timezoneType>
            <executionProfile>default</executionProfile>
            <isSBOSyncEnabled>true</isSBOSyncEnabled>
            <allowContentOperations>false</allowContentOperations>
            <isLegacyCaseMigrated>false</isLegacyCaseMigrated>
            <hasCaseObjectParams>false</hasCaseObjectParams>
            <defaultPool>
                <BpmnObjectId id="24ecd1c5-351d-4b5e-8253-cd1623a61d4f" />
            </defaultPool>
            <defaultInstanceUI id="bpdid:788ab29cead0df39:-296f990f:18271967dd3:-7c9f" />
            <ownerTeamInstanceUI id="bpdid:788ab29cead0df39:-296f990f:18271967dd3:-7ca0" />
            <simulationScenario id="bpdid:788ab29cead0df39:-296f990f:18271967dd3:-7cc9">
                <name>Default</name>
                <simNumInstances>100</simNumInstances>
                <simMinutesBetween>30</simMinutesBetween>
                <maxInstances>100</maxInstances>
                <useMaxInstances>true</useMaxInstances>
                <continueFromReal>false</continueFromReal>
                <useParticipantCalendars>false</useParticipantCalendars>
                <useDuration>false</useDuration>
                <duration>86400</duration>
                <startTime>1661446842653</startTime>
            </simulationScenario>
            <flow id="92570dc8-7b7f-4390-8b27-31b2b7809f23" connectionType="SequenceFlow">
                <name>To End</name>
                <documentation></documentation>
                <nameVisible>false</nameVisible>
                <metricSettings itemType="32" />
                <connection>
                    <lineType>0</lineType>
                    <condition id="bpdid:788ab29cead0df39:-296f990f:18271967dd3:-7c89" />
                </connection>
            </flow>
            <flow id="c849e873-de76-4081-9cae-ac80079c864f" connectionType="SequenceFlow">
                <name>To Capture Document</name>
                <documentation></documentation>
                <nameVisible>false</nameVisible>
                <metricSettings itemType="32" />
                <connection>
                    <lineType>0</lineType>
                    <condition id="bpdid:788ab29cead0df39:-296f990f:18271967dd3:-7c88" />
                </connection>
            </flow>
            <flow id="25b426b9-5b7d-454a-8bbc-34cb70d87b99" connectionType="SequenceFlow">
                <name>To Upload Doc</name>
                <documentation></documentation>
                <nameVisible>false</nameVisible>
                <metricSettings itemType="32" />
                <connection>
                    <lineType>0</lineType>
                    <condition id="bpdid:788ab29cead0df39:-296f990f:18271967dd3:-7c87" />
                </connection>
            </flow>
            <pool id="24ecd1c5-351d-4b5e-8253-cd1623a61d4f">
                <name>Pool</name>
                <documentation></documentation>
                <restrictedName>at1661446842350</restrictedName>
                <dimension>
                    <size w="3000" h="400" />
                </dimension>
                <autoTrackingEnabled>false</autoTrackingEnabled>
                <lane id="5b013cdb-4f21-4f88-9e97-e0b6032967f7">
                    <name>Team</name>
                    <height>200</height>
                    <laneColor>0</laneColor>
                    <systemLane>false</systemLane>
                    <attachedParticipant>261059c3-7c6b-434a-9514-283d35d29c3a/24.da7e4d23-78cb-4483-98ed-b9c238308a03</attachedParticipant>
                    <flowObject id="89a5c112-c6f9-43ff-b621-8c6409bb7008" componentType="Activity">
                        <name>Upload Doc</name>
                        <position>
                            <location x="185" y="57" />
                        </position>
                        <dropIconUrl>0</dropIconUrl>
                        <colorInput>#A5B7CD</colorInput>
                        <component>
                            <loopType>0</loopType>
                            <loopMaximum>1</loopMaximum>
                            <startQuantity>1</startQuantity>
                            <isAutoflowable>false</isAutoflowable>
                            <MIOrdering>1</MIOrdering>
                            <MIFlowCondition>0</MIFlowCondition>
                            <cancelRemainingInstances>false</cancelRemainingInstances>
                            <metricSettings itemType="4" />
                            <implementationType>1</implementationType>
                            <isConditional>false</isConditional>
                            <conditionScript></conditionScript>
                            <bpmnTaskType>1</bpmnTaskType>
                            <activityOptionType>REQUIRED</activityOptionType>
                            <activityExecutionType>NONE</activityExecutionType>
                            <activityExecutionTypePreviousValue>AUTOMATIC</activityExecutionTypePreviousValue>
                            <isHidden>false</isHidden>
                            <isRepeatable>false</isRepeatable>
                            <transactionalBehavior>0</transactionalBehavior>
                            <isRobotTask>false</isRobotTask>
                            <implementation>
                                <attachedActivityId>/1.7d9a4aae-a381-45f4-aa60-baaad89d11ca</attachedActivityId>
                                <sendToType>1</sendToType>
                                <taskRouting>0</taskRouting>
                                <dueDateType>1</dueDateType>
                                <dueDateTime>1</dueDateTime>
                                <dueDateTimeResolution>1</dueDateTimeResolution>
                                <dueDateTimeTOD>00:00</dueDateTimeTOD>
                                <priorityType>0</priorityType>
                                <priority>30.30</priority>
                                <forceSend>true</forceSend>
                                <timeSchedule>(use default)</timeSchedule>
                                <timeScheduleType>0</timeScheduleType>
                                <timeZone>(use default)</timeZone>
                                <timeZoneType>0</timeZoneType>
                                <holidaySchedule>(use default)</holidaySchedule>
                                <holidayScheduleType>0</holidayScheduleType>
                                <outputActivityParameterMapping id="bpdid:788ab29cead0df39:-296f990f:18271967dd3:-7c9d">
                                    <name>fileName</name>
                                    <classId>261059c3-7c6b-434a-9514-283d35d29c3a/12.db884a3c-c533-44b7-bb2d-47bec8ad4022</classId>
                                    <value>tw.local.fileName</value>
                                    <parameterId>2055.1d667d20-bb21-4bc1-8c88-193aef6cdc27</parameterId>
                                </outputActivityParameterMapping>
                                <outputActivityParameterMapping id="bpdid:788ab29cead0df39:-296f990f:18271967dd3:-7c9c">
                                    <name>fileContent</name>
                                    <classId>261059c3-7c6b-434a-9514-283d35d29c3a/12.db884a3c-c533-44b7-bb2d-47bec8ad4022</classId>
                                    <value>tw.local.fileContent</value>
                                    <parameterId>2055.85f6396f-eb47-4bb6-8e29-0eb168108b66</parameterId>
                                </outputActivityParameterMapping>
                                <laneFilter id="bpdid:788ab29cead0df39:-296f990f:18271967dd3:-7c9b">
                                    <serviceType>1</serviceType>
                                    <teamRef>261059c3-7c6b-434a-9514-283d35d29c3a/24.da7e4d23-78cb-4483-98ed-b9c238308a03</teamRef>
                                </laneFilter>
                                <teamFilter id="bpdid:788ab29cead0df39:-296f990f:18271967dd3:-7c9a">
                                    <serviceType>1</serviceType>
                                </teamFilter>
                            </implementation>
                        </component>
                        <inputPort id="bpdid:788ab29cead0df39:-296f990f:18271967dd3:-7c8f">
                            <positionId>leftCenter</positionId>
                            <input>true</input>
                            <flow ref="25b426b9-5b7d-454a-8bbc-34cb70d87b99" />
                        </inputPort>
                        <outputPort id="bpdid:788ab29cead0df39:-296f990f:18271967dd3:-7c8e">
                            <positionId>rightCenter</positionId>
                            <flow ref="c849e873-de76-4081-9cae-ac80079c864f" />
                        </outputPort>
                    </flowObject>
                    <flowObject id="f59b5c7c-f924-4f04-89e1-4327af1df2a3" componentType="Event">
                        <name>Start</name>
                        <documentation></documentation>
                        <position>
                            <location x="25" y="80" />
                        </position>
                        <dropIconUrl>0</dropIconUrl>
                        <colorInput>#F8F8F8</colorInput>
                        <component>
                            <nameVisible>true</nameVisible>
                            <eventType>1</eventType>
                            <cancelActivity>true</cancelActivity>
                            <repeatable>false</repeatable>
                            <doCloseTask>true</doCloseTask>
                        </component>
                        <outputPort id="bpdid:788ab29cead0df39:-296f990f:18271967dd3:-7c90">
                            <positionId>rightCenter</positionId>
                            <flow ref="25b426b9-5b7d-454a-8bbc-34cb70d87b99" />
                        </outputPort>
                    </flowObject>
                </lane>
                <lane id="227d4d75-305b-472f-b7fb-b3feb5a59a38">
                    <name>System</name>
                    <height>200</height>
                    <laneColor>0</laneColor>
                    <systemLane>true</systemLane>
                    <attachedParticipant>261059c3-7c6b-434a-9514-283d35d29c3a/24.6fd38d02-81cf-48ab-bd42-8ff4c0a1628b</attachedParticipant>
                    <flowObject id="54704c9c-e1cb-4524-8afd-2292b6da843f" componentType="Activity">
                        <name>Capture Document</name>
                        <documentation></documentation>
                        <position>
                            <location x="377" y="82" />
                        </position>
                        <dropIconUrl>0</dropIconUrl>
                        <colorInput>#A5B7CD</colorInput>
                        <component>
                            <loopType>0</loopType>
                            <loopMaximum>1</loopMaximum>
                            <startQuantity>1</startQuantity>
                            <isAutoflowable>false</isAutoflowable>
                            <MIOrdering>1</MIOrdering>
                            <MIFlowCondition>0</MIFlowCondition>
                            <cancelRemainingInstances>false</cancelRemainingInstances>
                            <metricSettings itemType="4" />
                            <implementationType>2</implementationType>
                            <isConditional>false</isConditional>
                            <conditionScript></conditionScript>
                            <bpmnTaskType>5</bpmnTaskType>
                            <activityOptionType>REQUIRED</activityOptionType>
                            <activityExecutionType>NONE</activityExecutionType>
                            <activityExecutionTypePreviousValue>AUTOMATIC</activityExecutionTypePreviousValue>
                            <isHidden>false</isHidden>
                            <isRepeatable>false</isRepeatable>
                            <transactionalBehavior>0</transactionalBehavior>
                            <isRobotTask>false</isRobotTask>
                            <implementation>
                                <attachedProcessId>/25.a2590f76-e3cd-4170-aef1-c074ac7a531f</attachedProcessId>
                                <inputProcessParameterMapping id="bpdid:788ab29cead0df39:-296f990f:18271967dd3:-7c97">
                                    <name>host</name>
                                    <classId>261059c3-7c6b-434a-9514-283d35d29c3a/12.db884a3c-c533-44b7-bb2d-47bec8ad4022</classId>
                                    <input>true</input>
                                    <useDefault>true</useDefault>
                                    <value>tw.env.host</value>
                                    <parameterId>2007.fc2271ca-07f5-42df-8690-47d5b1ad9835</parameterId>
                                </inputProcessParameterMapping>
                                <inputProcessParameterMapping id="bpdid:788ab29cead0df39:-296f990f:18271967dd3:-7c96">
                                    <name>username</name>
                                    <classId>261059c3-7c6b-434a-9514-283d35d29c3a/12.db884a3c-c533-44b7-bb2d-47bec8ad4022</classId>
                                    <input>true</input>
                                    <useDefault>true</useDefault>
                                    <value>tw.env.username</value>
                                    <parameterId>2007.ec4b964b-278a-43db-8a85-1e885178aabc</parameterId>
                                </inputProcessParameterMapping>
                                <inputProcessParameterMapping id="bpdid:788ab29cead0df39:-296f990f:18271967dd3:-7c95">
                                    <name>password</name>
                                    <classId>261059c3-7c6b-434a-9514-283d35d29c3a/12.db884a3c-c533-44b7-bb2d-47bec8ad4022</classId>
                                    <input>true</input>
                                    <useDefault>true</useDefault>
                                    <value>tw.env.password</value>
                                    <parameterId>2007.611baf9e-4d2f-4f87-8956-81ca2dc066c3</parameterId>
                                </inputProcessParameterMapping>
                                <inputProcessParameterMapping id="bpdid:788ab29cead0df39:-296f990f:18271967dd3:-7c94">
                                    <name>projectId</name>
                                    <classId>261059c3-7c6b-434a-9514-283d35d29c3a/12.db884a3c-c533-44b7-bb2d-47bec8ad4022</classId>
                                    <input>true</input>
                                    <useDefault>true</useDefault>
                                    <value>tw.env.projectId</value>
                                    <parameterId>2007.081ac626-a0f0-4563-82b0-4991747ea7a3</parameterId>
                                </inputProcessParameterMapping>
                                <inputProcessParameterMapping id="bpdid:788ab29cead0df39:-296f990f:18271967dd3:-7c93">
                                    <name>fileName</name>
                                    <classId>261059c3-7c6b-434a-9514-283d35d29c3a/12.db884a3c-c533-44b7-bb2d-47bec8ad4022</classId>
                                    <input>true</input>
                                    <useDefault>true</useDefault>
                                    <value>tw.local.fileName</value>
                                    <parameterId>2007.57021da5-b418-48b7-8dbf-dc97c0f39a66</parameterId>
                                </inputProcessParameterMapping>
                                <inputProcessParameterMapping id="bpdid:788ab29cead0df39:-296f990f:18271967dd3:-7c92">
                                    <name>fileContent</name>
                                    <classId>261059c3-7c6b-434a-9514-283d35d29c3a/12.db884a3c-c533-44b7-bb2d-47bec8ad4022</classId>
                                    <input>true</input>
                                    <useDefault>true</useDefault>
                                    <value>tw.local.fileContent</value>
                                    <parameterId>2007.f8ddbc60-e20c-4e58-88c8-c12e019d6d23</parameterId>
                                </inputProcessParameterMapping>
                                <outputProcessParameterMapping id="bpdid:788ab29cead0df39:-296f990f:18271967dd3:-7c91">
                                    <name>jsonOutput</name>
                                    <classId>261059c3-7c6b-434a-9514-283d35d29c3a/12.db884a3c-c533-44b7-bb2d-47bec8ad4022</classId>
                                    <value>tw.local.jsonOutput</value>
                                    <parameterId>2007.23d10d07-782a-482d-8145-9703a33d6a6f</parameterId>
                                </outputProcessParameterMapping>
                            </implementation>
                        </component>
                        <inputPort id="bpdid:788ab29cead0df39:-296f990f:18271967dd3:-7c8d">
                            <positionId>leftCenter</positionId>
                            <input>true</input>
                            <flow ref="c849e873-de76-4081-9cae-ac80079c864f" />
                        </inputPort>
                        <outputPort id="bpdid:788ab29cead0df39:-296f990f:18271967dd3:-7c8c">
                            <positionId>rightCenter</positionId>
                            <flow ref="92570dc8-7b7f-4390-8b27-31b2b7809f23" />
                        </outputPort>
                    </flowObject>
                    <flowObject id="db4dec0f-748f-48f5-bd99-08e249fd6e95" componentType="Event">
                        <name>End</name>
                        <documentation></documentation>
                        <position>
                            <location x="650" y="105" />
                        </position>
                        <dropIconUrl>0</dropIconUrl>
                        <colorInput>#F8F8F8</colorInput>
                        <component>
                            <nameVisible>true</nameVisible>
                            <eventType>2</eventType>
                            <cancelActivity>true</cancelActivity>
                            <repeatable>false</repeatable>
                            <doCloseTask>true</doCloseTask>
                        </component>
                        <inputPort id="bpdid:788ab29cead0df39:-296f990f:18271967dd3:-7c8b">
                            <positionId>leftCenter</positionId>
                            <input>true</input>
                            <flow ref="92570dc8-7b7f-4390-8b27-31b2b7809f23" />
                        </inputPort>
                    </flowObject>
                </lane>
                <outputParameter id="db61354e-3ce2-408e-85e2-121e4c26cc95">
                    <bpdParameterId>2007.db61354e-3ce2-408e-85e2-121e4c26cc95</bpdParameterId>
                    <isProcessInstanceCorrelator>false</isProcessInstanceCorrelator>
                </outputParameter>
                <privateVariable id="4a931851-2128-4f80-8dc8-88e4d00e2fcc">
                    <name>fileContent</name>
                    <description></description>
                    <classId>261059c3-7c6b-434a-9514-283d35d29c3a/12.db884a3c-c533-44b7-bb2d-47bec8ad4022</classId>
                    <arrayOf>false</arrayOf>
                    <hasDefault>false</hasDefault>
                    <visibleInSearch>false</visibleInSearch>
                    <isProcessInstanceCorrelator>false</isProcessInstanceCorrelator>
                    <isSharedContext>false</isSharedContext>
                </privateVariable>
                <privateVariable id="cd1296e0-b25c-47d7-8600-828e4618bc69">
                    <name>fileName</name>
                    <description></description>
                    <classId>261059c3-7c6b-434a-9514-283d35d29c3a/12.db884a3c-c533-44b7-bb2d-47bec8ad4022</classId>
                    <arrayOf>false</arrayOf>
                    <hasDefault>false</hasDefault>
                    <visibleInSearch>false</visibleInSearch>
                    <isProcessInstanceCorrelator>false</isProcessInstanceCorrelator>
                    <isSharedContext>false</isSharedContext>
                </privateVariable>
            </pool>
            <extension id="bpdid:788ab29cead0df39:-296f990f:18271967dd3:-7c8a" type="CASE">
                <caseFolder id="7c5dcf9d-5782-43c4-a49e-8c9e75fe2d49">
                    <allowLocalDoc>false</allowLocalDoc>
                    <allowExternalDoc>false</allowExternalDoc>
                    <allowSubfoldersCreation>false</allowSubfoldersCreation>
                    <allowExternalFolder>false</allowExternalFolder>
                </caseFolder>
            </extension>
        </BusinessProcessDiagram>
    </bpd>
</teamworks>

