<?xml version="1.0" encoding="UTF-8"?>
<teamworks>
    <managedAsset id="61.4b6b597b-58dd-4a68-a136-a4768dc014ec" name="ADPRESTServices.jar">
        <lastModified>1644012920987</lastModified>
        <lastModifiedBy>bpmadmin</lastModifiedBy>
        <tenantId isNull="true" />
        <managedAssetId>61.4b6b597b-58dd-4a68-a136-a4768dc014ec</managedAssetId>
        <assetUuid>2cb5a6b9-6218-47a5-bb23-b11276fa3153</assetUuid>
        <mimeType isNull="true" />
        <charEncoding isNull="true" />
        <assetTypeCode>J</assetTypeCode>
        <length>278435</length>
        <localLastModification>1644012920537</localLastModification>
        <description isNull="true" />
        <isDocumentationFile>false</isDocumentationFile>
        <guid>582cbd7b-89bf-4302-b41d-e642c080ac17</guid>
        <versionId>6a0b667a-e843-413c-8767-2a0bb2d6e181</versionId>
    </managedAsset>
</teamworks>

