{"Client_Onboarding":{"values":{"d":"{\"key\":\"2066.5e6a5d76-8612-4ae0-a486-a6d4e598b8b7\",\"domainSegment\":\"IBM_WORKFLOW\",\"authentication\":{\"declaredType\":\"com.ibm.bpmsdk.model.bpmn20.ibmextservice.TBasicServiceAuthentication\",\"authType\":\"OIDC\"}}"},"type":"REGISTRY_LOOKUP"},"evObjectStoreName":{"values":{"d":"BAWTOS"},"type":"general"},"evRootFolder":{"values":{"d":""},"type":"general"},"GRAPHQL_APP_RESOURCE":{"values":{"d":"{\"domainSegment\":\"IBM_ECM\",\"key\":\"GRAPHQLAPI_SYSTEM\",\"authentication\":{\"declaredType\":\"com.ibm.bpmsdk.model.bpmn20.ibmextservice.TBasicServiceAuthentication\",\"authType\":\"OIDC\"}}"},"type":"REGISTRY_LOOKUP"}}