{"data":{"metadata":{"paId":"2066.bd3841e7-7c78-4b6b-aa2b-1f9cc91afc9a","paShortName":"SYSCST","snapshotId":"2064.e56cae0e-3219-4db7-9465-459fadbe1e83","snapshotName":"Aug282025v2","name":"Content Services"},"defaults":{"entry":[{"type":"S","value":""},{"type":"B","value":false},{"type":"I","value":0},{"type":"D","value":0.0},{"type":"DT","value":null},{"type":"DT","value":null}]},"templates":{"variableTemplates":[{"modelId":"1.2c8a4fec-42b8-4dc5-bd61-25e46c57e644","parentId":"1.2c8a4fec-42b8-4dc5-bd61-25e46c57e644","variableTemplate":[{"id":"2055.242b0a25-75f3-40c9-8afd-dd56483c358e","name":"data","boTemplateName":"CSC"},{"id":"2055.fb100e52-2462-4fb5-8627-15f25bff92b3","name":"results","boTemplateName":"A"},{"id":"2055.40944102-a58c-4c7b-8006-63cabb1bca3d","name":"error","boTemplateName":"Aja"}]}],"boTemplate":[{"id":"12.4a6d8270-cb42-4983-97ca-41706411e4ec","name":"CSC","property":[{"name":"serverInfo","type":"S","isList":false},{"name":"appResourceInfo","type":"A","isList":false},{"name":"csrfToken","type":"S","isList":false},{"name":"query","type":"S","isList":false}]},{"id":"12.5551644c-3dc6-4161-a939-4e7f27f8ce45","name":"Aja","property":[{"name":"errorText","type":"S","isList":false},{"name":"errorCode","type":"S","isList":false},{"name":"serviceInError","type":"S","isList":false}]}]},"model":{"rootElement":[{"extensionElements":{"userTaskImplementation":[{"flowElement":[{"parallelMultiple":false,"outgoing":["2027.99674361-c611-405a-82bc-16bb24f347c0"],"isInterrupting":true,"extensionElements":{"default":["2027.99674361-c611-405a-82bc-16bb24f347c0"],"nodeVisualInfo":[{"color":"#F8F8F8","width":24,"x":50,"y":200,"declaredType":"TNodeVisualInfo","height":24}]},"name":"Start","declaredType":"startEvent","id":"e6351036-1cc7-45a7-85da-247e320c6dd6"},{"incoming":["2027.78ec76bd-c7be-4d37-819c-83bddef578f1"],"extensionElements":{"nodeVisualInfo":[{"color":"#F8F8F8","width":24,"x":700,"y":200,"declaredType":"TNodeVisualInfo","height":24}],"navigationInstructions":[{"targetType":"Default","declaredType":"com.ibm.bpmsdk.model.bpmn20.ibmext.TNavigationInstructions"}]},"name":"End","declaredType":"endEvent","id":"e08e402e-ca07-4e31-8a74-02015a9bbf75"},{"startQuantity":1,"outgoing":["2027.78ec76bd-c7be-4d37-819c-83bddef578f1"],"incoming":["2027.99674361-c611-405a-82bc-16bb24f347c0"],"default":"2027.78ec76bd-c7be-4d37-819c-83bddef578f1","extensionElements":{"nodeVisualInfo":[{"color":"#95D087","width":95,"x":322,"y":177,"declaredType":"TNodeVisualInfo","height":70}]},"name":"Get Annotations Service","isForCompensation":false,"completionQuantity":1,"declaredType":"scriptTask","id":"2025.7eca9b2e-ea86-4a81-818e-dd4b39573bc4","scriptFormat":"text/x-javascript","script":{"content":["console.debug(\"****BEGIN Script Get Annotations Service****\");\r\n\r\ntw.system.waitForContinueFlow();\r\n\r\nvar serviceName =\"getAnnotationsService\";\r\n\r\nvar csrfToken = tw.local.data && tw.local.data.csrfToken;\r\nvar appServerResource = tw.local.data && tw.local.data.serverInfo;\r\nvar appResourceInfo = tw.local.data && tw.local.data.appResourceInfo;\r\nvar query = tw.local.data && tw.local.data.query;\r\n\r\nvar options = {\r\n\tmethod: \"POST\",\r\n\tctxRoot: appResourceInfo.ctxRoot,\r\n\tpath: appResourceInfo.path,\r\n\tpayload: {\r\n\t\tquery: query,\r\n\t\tvariables: null,\r\n\t\toperationName: null\r\n\t},\r\n\theaders: {\r\n\t\t\"ECM-CS-XSRF-Token\": csrfToken,\r\n\t\tCookie: \"ECM-CS-XSRF-Token=\" + csrfToken,\r\n\t\t\"Accept-Language\": tw.system.user.locale\r\n\t}\r\n};\r\n\r\nconsole.debug(\"Options: \", options);\t\r\nconsole.debug(\"****PAYLOAD: \", query);\r\nconsole.debug(\"****CALLING performRequest****\");\r\n\r\ntw.system.performRequest(appServerResource, options, function(response, httpStatus) {\r\n\r\n\tconsole.debug(\"performRequest response: \", response);\r\n\tconsole.debug(\"performRequest httpStatus: \", httpStatus);\r\n\r\n\tif (httpStatus.statusCode != 200) {\r\n\t\ttw.local.error = {};\r\n\t\ttw.local.error.errorCode = httpStatus.statusCode;\r\n\t\ttw.local.error.errorText = response;\r\n\t\ttw.local.error.serviceInError = serviceName;\r\n\t} else {\r\n\t\tvar resultsJson = JSON.parse(response);\r\n\t\tif (resultsJson.errors) {\r\n\t\t\tvar error = resultsJson.errors[0];\r\n\t\t\ttw.local.error = {};\r\n\t\t\ttw.local.error.errorCode = error.extensions ? error.extensions.errorCode ?  error.extensions.errorCode : error.errorType : error.errorType;\r\n\t\t\ttw.local.error.errorText = error.extensions ? error.extensions.explanation ? error.extensions.explanation : error.message : error.message;\r\n\t\t\ttw.local.error.serviceInError = serviceName;\r\n\t\t} else {\r\n\t\t\ttw.local.results = resultsJson;\r\n\t\t}\r\n\t}\r\n\t\r\n\t// Signal to engine that flow can continue past this Script‌\r\n\ttw.system.continueFlow();\r\n}, function (err) {\r\n\tconsole.error(\"performRequest failed: \", err);\r\n\r\n\ttw.local.error = JSON.stringify(err);\r\n\t\r\n\t// Signal to engine that flow can continue past this Script‌\r\n\ttw.system.continueFlow();\r\n});\r\n\t\r\nconsole.debug(\"At the end of the script step pending response from Graphql\");\r\n"]}},{"targetRef":"2025.7eca9b2e-ea86-4a81-818e-dd4b39573bc4","extensionElements":{"linkVisualInfo":[{"sourcePortLocation":"rightCenter","showCoachControlLabel":false,"labelPosition":0.0,"targetPortLocation":"leftCenter","declaredType":"TLinkVisualInfo","saveExecutionContext":false,"showLabel":false}]},"name":"To Get Annotations Service","declaredType":"sequenceFlow","id":"2027.99674361-c611-405a-82bc-16bb24f347c0","sourceRef":"e6351036-1cc7-45a7-85da-247e320c6dd6"},{"targetRef":"e08e402e-ca07-4e31-8a74-02015a9bbf75","extensionElements":{"sequenceFlowImplementation":[{"fireValidation":"Never","sboSyncEnabled":true,"declaredType":"com.ibm.bpmsdk.model.bpmn20.ibmext.TSequenceFlowImplementation"}],"linkVisualInfo":[{"sourcePortLocation":"rightCenter","showCoachControlLabel":false,"labelPosition":0.0,"targetPortLocation":"leftCenter","declaredType":"TLinkVisualInfo","saveExecutionContext":true,"showLabel":false}]},"name":"To End","declaredType":"sequenceFlow","id":"2027.78ec76bd-c7be-4d37-819c-83bddef578f1","sourceRef":"2025.7eca9b2e-ea86-4a81-818e-dd4b39573bc4"}],"isClosed":false,"declaredType":"com.ibm.bpmsdk.model.bpmn20.ibmext.TUserTaskImplementation","id":"0f52fa27-75a5-44af-845a-1f5d2946a311","processType":"None"}]},"implementation":"##unspecified","documentation":[{"textFormat":"text/plain"}],"name":"getAnnotationsService","declaredType":"globalUserTask","id":"1.2c8a4fec-42b8-4dc5-bd61-25e46c57e644","ioSpecification":{"dataOutput":[{"itemSubjectRef":"itm.12.c09c9b6e-aabd-4897-bef2-ed61db106297","name":"results","isCollection":false,"id":"2055.fb100e52-2462-4fb5-8627-15f25bff92b3"},{"itemSubjectRef":"itm.12.5551644c-3dc6-4161-a939-4e7f27f8ce45","name":"error","isCollection":false,"id":"2055.40944102-a58c-4c7b-8006-63cabb1bca3d"}],"inputSet":[{}],"outputSet":[{}],"dataInput":[{"itemSubjectRef":"itm.12.4a6d8270-cb42-4983-97ca-41706411e4ec","name":"data","isCollection":false,"id":"2055.242b0a25-75f3-40c9-8afd-dd56483c358e"}]}}],"targetNamespace":"","typeLanguage":"http://www.w3.org/2001/XMLSchema","expressionLanguage":"http://www.ibm.com/xmlns/prod/bpm/expression-lang/javascript","id":"1.2c8a4fec-42b8-4dc5-bd61-25e46c57e644"}},"status":"200"}