{"data":{"metadata":{"paId":"2066.bd3841e7-7c78-4b6b-aa2b-1f9cc91afc9a","paShortName":"SYSCST","snapshotId":"2064.e56cae0e-3219-4db7-9465-459fadbe1e83","snapshotName":"Aug282025v2","name":"Content Services"},"defaults":{"entry":[{"type":"S","value":""},{"type":"B","value":false},{"type":"I","value":0},{"type":"D","value":0.0},{"type":"DT","value":null},{"type":"DT","value":null}]},"templates":{"variableTemplates":[{"modelId":"1.6b9782ab-93b5-41c8-8f1d-1d30d223d855","parentId":"1.6b9782ab-93b5-41c8-8f1d-1d30d223d855","variableTemplate":[{"id":"2055.4380c43d-fe04-485e-8973-7809b95e6dfc","name":"data","boTemplateName":"CSC"},{"id":"2055.d5bc7517-8c6c-43dd-8c21-14abfdf548fb","name":"results","boTemplateName":"A"},{"id":"2055.a18e4e5e-102d-4196-83fc-94a471be5304","name":"error","boTemplateName":"Aja"}]}],"boTemplate":[{"id":"12.4a6d8270-cb42-4983-97ca-41706411e4ec","name":"CSC","property":[{"name":"serverInfo","type":"S","isList":false},{"name":"appResourceInfo","type":"A","isList":false},{"name":"csrfToken","type":"S","isList":false},{"name":"query","type":"S","isList":false}]},{"id":"12.5551644c-3dc6-4161-a939-4e7f27f8ce45","name":"Aja","property":[{"name":"errorText","type":"S","isList":false},{"name":"errorCode","type":"S","isList":false},{"name":"serviceInError","type":"S","isList":false}]}]},"model":{"rootElement":[{"extensionElements":{"userTaskImplementation":[{"flowElement":[{"parallelMultiple":false,"outgoing":["2027.a8077c1e-6ac2-4598-84b4-d9ec48cf8a2d"],"isInterrupting":true,"extensionElements":{"default":["2027.a8077c1e-6ac2-4598-84b4-d9ec48cf8a2d"],"nodeVisualInfo":[{"color":"#F8F8F8","width":24,"x":50,"y":200,"declaredType":"TNodeVisualInfo","height":24}]},"name":"Start","declaredType":"startEvent","id":"576c14ba-c655-409f-8f12-865c1b031ec4"},{"incoming":["2027.d5fadf53-59b0-4f89-8645-09b4befdcf62"],"extensionElements":{"nodeVisualInfo":[{"color":"#F8F8F8","width":24,"x":700,"y":200,"declaredType":"TNodeVisualInfo","height":24}],"navigationInstructions":[{"targetType":"Default","declaredType":"com.ibm.bpmsdk.model.bpmn20.ibmext.TNavigationInstructions"}]},"name":"End","declaredType":"endEvent","id":"f3a8f2af-c1cf-4a52-8d97-595ffa199d4c"},{"startQuantity":1,"outgoing":["2027.d5fadf53-59b0-4f89-8645-09b4befdcf62"],"incoming":["2027.a8077c1e-6ac2-4598-84b4-d9ec48cf8a2d"],"default":"2027.d5fadf53-59b0-4f89-8645-09b4befdcf62","extensionElements":{"nodeVisualInfo":[{"color":"#95D087","width":95,"x":324,"y":177,"declaredType":"TNodeVisualInfo","height":70}]},"name":"Delete Object Service","isForCompensation":false,"completionQuantity":1,"declaredType":"scriptTask","id":"2025.3ccb28cc-806b-4f4b-82d7-92dc6a1fb871","scriptFormat":"text/x-javascript","script":{"content":["console.debug(\"****BEGIN Script Delete Object Service****\");\r\n\r\ntw.system.waitForContinueFlow();\r\n\r\nvar serviceName = \"deleteObjectService\";\r\n\r\nvar csrfToken = tw.local.data && tw.local.data.csrfToken;\r\nvar appServerResource = tw.local.data && tw.local.data.serverInfo;\r\nvar appResourceInfo = tw.local.data && tw.local.data.appResourceInfo;\r\nvar query = tw.local.data && tw.local.data.query;\r\n\r\nvar options = {\r\n\tmethod: \"POST\",\r\n\tctxRoot: appResourceInfo.ctxRoot,\r\n\tpath: appResourceInfo.path,\r\n\tpayload: {\r\n\t\tquery: query,\r\n\t\tvariables: null,\r\n\t\toperationName: null\r\n\t},\r\n\theaders: {\r\n\t\t\"ECM-CS-XSRF-Token\": csrfToken,\r\n\t\tCookie: \"ECM-CS-XSRF-Token=\" + csrfToken,\r\n\t\t\"Accept-Language\": tw.system.user.locale\r\n\t}\r\n};\r\n\r\nconsole.debug(\"Options: \", options);\t\r\nconsole.debug(\"****PAYLOAD: \", query);\r\nconsole.debug(\"****CALLING performRequest****\");\r\n\r\ntw.system.performRequest(appServerResource, options, function(response, httpStatus) {\r\n\t\r\n\tconsole.debug(\"performRequest response: \", response);\r\n\tconsole.debug(\"performRequest httpStatus: \", httpStatus);\r\n\r\n\tif (httpStatus.statusCode != 200) {\r\n\t\ttw.local.error = {};\r\n\t\ttw.local.error.errorCode = httpStatus.statusCode;\r\n\t\ttw.local.error.errorText = response;\r\n\t\ttw.local.error.serviceInError = serviceName;\r\n\t} else {\t\r\n\t\tvar resultsJson = JSON.parse(response);\r\n\t\tif (resultsJson.errors) {\r\n\t\t\tvar error = resultsJson.errors[0];\r\n\t\t\ttw.local.error = {};\r\n\t\t\ttw.local.error.errorCode = error.extensions ? error.extensions.errorCode ?  error.extensions.errorCode : error.errorType : error.errorType;\r\n\t\t\ttw.local.error.errorText = error.extensions ? error.extensions.explanation ? error.extensions.explanation : error.message : error.message;\r\n\t\t\ttw.local.error.serviceInError = serviceName;\r\n\t\t} else {\r\n\t\t\ttw.local.results = resultsJson;\t\t\t\t\r\n\t\t}\r\n\t}\r\n\t\r\n\t// Signal to engine that flow can continue past this Script‌\r\n\ttw.system.continueFlow();\r\n\t\r\n}, function (err) {\r\n\tconsole.error(\"performRequest failed: \", err);\r\n\t\r\n\ttw.local.error = {};\r\n\ttw.local.error.errorCode = err.code ? err.code : err.errno ? err.errno : err.name;\r\n\ttw.local.error.errorText = err.message;\r\n\ttw.local.error.serviceInError = serviceName;\r\n\t\r\n\t// Signal to engine that flow can continue past this Script.\r\n\ttw.system.continueFlow();\r\n});\r\n\t\r\nconsole.debug(\"At the end of the script step pending response from Graphql\");\r\n"]}},{"targetRef":"2025.3ccb28cc-806b-4f4b-82d7-92dc6a1fb871","extensionElements":{"linkVisualInfo":[{"sourcePortLocation":"rightCenter","showCoachControlLabel":false,"labelPosition":0.0,"targetPortLocation":"leftCenter","declaredType":"TLinkVisualInfo","saveExecutionContext":false,"showLabel":false}]},"name":"To Delete Object Service","declaredType":"sequenceFlow","id":"2027.a8077c1e-6ac2-4598-84b4-d9ec48cf8a2d","sourceRef":"576c14ba-c655-409f-8f12-865c1b031ec4"},{"targetRef":"f3a8f2af-c1cf-4a52-8d97-595ffa199d4c","extensionElements":{"sequenceFlowImplementation":[{"fireValidation":"Never","sboSyncEnabled":true,"declaredType":"com.ibm.bpmsdk.model.bpmn20.ibmext.TSequenceFlowImplementation"}],"linkVisualInfo":[{"sourcePortLocation":"rightCenter","showCoachControlLabel":false,"labelPosition":0.0,"targetPortLocation":"leftCenter","declaredType":"TLinkVisualInfo","saveExecutionContext":true,"showLabel":false}]},"name":"To End","declaredType":"sequenceFlow","id":"2027.d5fadf53-59b0-4f89-8645-09b4befdcf62","sourceRef":"2025.3ccb28cc-806b-4f4b-82d7-92dc6a1fb871"}],"isClosed":false,"declaredType":"com.ibm.bpmsdk.model.bpmn20.ibmext.TUserTaskImplementation","id":"c42b2603-cbda-4f13-8498-87b6dec39d83","processType":"None"}]},"implementation":"##unspecified","documentation":[{"textFormat":"text/plain"}],"name":"deleteObjectService","declaredType":"globalUserTask","id":"1.6b9782ab-93b5-41c8-8f1d-1d30d223d855","ioSpecification":{"dataOutput":[{"itemSubjectRef":"itm.12.c09c9b6e-aabd-4897-bef2-ed61db106297","name":"results","isCollection":false,"id":"2055.d5bc7517-8c6c-43dd-8c21-14abfdf548fb"},{"itemSubjectRef":"itm.12.5551644c-3dc6-4161-a939-4e7f27f8ce45","name":"error","isCollection":false,"id":"2055.a18e4e5e-102d-4196-83fc-94a471be5304"}],"inputSet":[{}],"outputSet":[{}],"dataInput":[{"itemSubjectRef":"itm.12.4a6d8270-cb42-4983-97ca-41706411e4ec","name":"data","isCollection":false,"id":"2055.4380c43d-fe04-485e-8973-7809b95e6dfc"}]}}],"targetNamespace":"","typeLanguage":"http://www.w3.org/2001/XMLSchema","expressionLanguage":"http://www.ibm.com/xmlns/prod/bpm/expression-lang/javascript","id":"1.6b9782ab-93b5-41c8-8f1d-1d30d223d855"}},"status":"200"}