{"data":{"metadata":{"paId":"2066.bd3841e7-7c78-4b6b-aa2b-1f9cc91afc9a","paShortName":"SYSCST","snapshotId":"2064.e56cae0e-3219-4db7-9465-459fadbe1e83","snapshotName":"Aug282025v2","name":"Content Services"},"defaults":{"entry":[{"type":"S","value":""},{"type":"B","value":false},{"type":"I","value":0},{"type":"D","value":0.0},{"type":"DT","value":null},{"type":"DT","value":null}]},"templates":{"variableTemplates":[{"modelId":"1.74c98733-3c4b-4b64-8972-c162d636017e","parentId":"1.74c98733-3c4b-4b64-8972-c162d636017e","variableTemplate":[{"id":"2055.47453f62-a949-4a05-8154-0b1eaaa7fcc5","name":"data","boTemplateName":"A"},{"id":"2055.bfcb917c-d6b6-41a6-8b8e-7ce52c6fc5c2","name":"results","boTemplateName":"A"},{"id":"2055.b09cb74d-72dc-4e8b-8c31-ec1cf077ec9d","name":"error","boTemplateName":"Aja"}]}],"boTemplate":[{"id":"12.5551644c-3dc6-4161-a939-4e7f27f8ce45","name":"Aja","property":[{"name":"errorText","type":"S","isList":false},{"name":"errorCode","type":"S","isList":false},{"name":"serviceInError","type":"S","isList":false}]}]},"model":{"rootElement":[{"extensionElements":{"userTaskImplementation":[{"flowElement":[{"parallelMultiple":false,"outgoing":["2027.6f0c2f0d-23bd-4c28-8241-1fbd8f43327d"],"isInterrupting":true,"extensionElements":{"nodeVisualInfo":[{"color":"#F8F8F8","width":24,"x":50,"y":200,"declaredType":"TNodeVisualInfo","height":24}]},"name":"Start","declaredType":"startEvent","id":"5749b294-396b-4c79-85cf-1f77cae4944c"},{"incoming":["2027.5141cfc4-79ad-41b3-8109-9d3358a06b20"],"extensionElements":{"nodeVisualInfo":[{"color":"#F8F8F8","width":24,"x":700,"y":200,"declaredType":"TNodeVisualInfo","height":24}],"navigationInstructions":[{"targetType":"Default","declaredType":"com.ibm.bpmsdk.model.bpmn20.ibmext.TNavigationInstructions"}]},"name":"End","declaredType":"endEvent","id":"41dc96bd-7b40-49e0-80a7-c6f4f8c90d86"},{"targetRef":"2025.c46cdea8-f460-4fd8-8252-bae4f160168e","extensionElements":{"linkVisualInfo":[{"sourcePortLocation":"rightCenter","showCoachControlLabel":false,"labelPosition":0.0,"targetPortLocation":"leftCenter","declaredType":"TLinkVisualInfo","saveExecutionContext":false,"showLabel":false}]},"name":"To Move Document Service","declaredType":"sequenceFlow","id":"2027.6f0c2f0d-23bd-4c28-8241-1fbd8f43327d","sourceRef":"5749b294-396b-4c79-85cf-1f77cae4944c"},{"startQuantity":1,"outgoing":["2027.5141cfc4-79ad-41b3-8109-9d3358a06b20"],"incoming":["2027.6f0c2f0d-23bd-4c28-8241-1fbd8f43327d"],"default":"2027.5141cfc4-79ad-41b3-8109-9d3358a06b20","extensionElements":{"nodeVisualInfo":[{"color":"#95D087","width":95,"x":336,"y":177,"declaredType":"TNodeVisualInfo","height":70}]},"name":"Move Document Service","isForCompensation":false,"completionQuantity":1,"declaredType":"scriptTask","id":"2025.c46cdea8-f460-4fd8-8252-bae4f160168e","scriptFormat":"text/x-javascript","script":{"content":["console.debug(\"****BEGIN Script Move Document Service ****\");\r\n\r\ntw.system.waitForContinueFlow();\r\n\r\nvar serviceName =\"moveDocumentService\";\r\n\r\nvar csrfToken = tw.local.data && tw.local.data.csrfToken;\r\nvar appServerResource = tw.local.data && tw.local.data.serverInfo;\r\nvar appResourceInfo = tw.local.data && tw.local.data.appResourceInfo;\r\nvar query = tw.local.data && tw.local.data.query;\r\n\r\nvar options = {\r\n\tmethod: \"POST\",\r\n\tctxRoot: appResourceInfo.ctxRoot,\r\n\tpath: appResourceInfo.path,\r\n\tpayload: {\r\n\t\tquery: query,\r\n\t\tvariables: null,\r\n\t\toperationName: null\r\n\t},\r\n\theaders: {\r\n\t\t\"ECM-CS-XSRF-Token\": csrfToken,\r\n\t\tCookie: \"ECM-CS-XSRF-Token=\" + csrfToken,\r\n\t\t\"Accept-Language\": tw.system.user.locale\r\n\t}\r\n};\r\n\r\nconsole.debug(\"Options: \", options);\t\r\nconsole.debug(\"****PAYLOAD: \", query);\r\nconsole.debug(\"****CALLING performRequest****\");\r\n\r\ntw.system.performRequest(appServerResource, options, function(response, httpStatus) {\r\n\t\r\n\tconsole.debug(\"performRequest response: \", response);\r\n\tconsole.debug(\"performRequest httpStatus: \", httpStatus);\r\n\r\n\tif (httpStatus.statusCode != 200) {\r\n\t\ttw.local.error = {};\r\n\t\ttw.local.error.errorCode = httpStatus.statusCode;\r\n\t\ttw.local.error.errorText = response;\r\n\t\ttw.local.error.serviceInError = serviceName;\r\n\t} else {\t\r\n\t\tvar resultsJson = JSON.parse(response);\r\n\t\tif (resultsJson.errors && resultsJson.data) {\r\n\t\t\t// This mutation is sending back both data and errors, and the action is completing successfully!\r\n\t\t\ttw.local.results = resultsJson;\t\t\t\t\r\n\t\t} else if (resultsJson.errors) {\r\n\t\t\tvar error = resultsJson.errors[0];\r\n\t\t\ttw.local.error = {};\r\n\t\t\ttw.local.error.errorCode = error.extensions ? error.extensions.errorCode ?  error.extensions.errorCode : error.errorType : error.errorType;\r\n\t\t\ttw.local.error.errorText = error.extensions ? error.extensions.explanation ? error.extensions.explanation : error.message : error.message;\r\n\t\t\ttw.local.error.serviceInError = serviceName;\r\n\t\t} else {\r\n\t\t\ttw.local.results = resultsJson;\t\t\t\t\r\n\t\t}\r\n\t}\r\n\t\r\n\t// Signal to engine that flow can continue past this Script‌\r\n\ttw.system.continueFlow();\r\n\t\r\n}, function (err) {\r\n\tconsole.error(\"performRequest failed: \", err);\r\n\t\r\n\ttw.local.error = {};\r\n\ttw.local.error.errorCode = err.code ? err.code : err.errno ? err.errno : err.name;\r\n\ttw.local.error.errorText = err.message;\r\n\ttw.local.error.serviceInError = serviceName;\r\n\t\r\n\t// Signal to engine that flow can continue past this Script.\r\n\ttw.system.continueFlow();\r\n});\r\n\r\nconsole.debug(\"At the end of the script step pending response from Graphql\");\r\n"]}},{"targetRef":"41dc96bd-7b40-49e0-80a7-c6f4f8c90d86","extensionElements":{"sequenceFlowImplementation":[{"fireValidation":"Never","sboSyncEnabled":true,"declaredType":"com.ibm.bpmsdk.model.bpmn20.ibmext.TSequenceFlowImplementation"}],"linkVisualInfo":[{"sourcePortLocation":"rightCenter","showCoachControlLabel":false,"labelPosition":0.0,"targetPortLocation":"leftCenter","declaredType":"TLinkVisualInfo","saveExecutionContext":true,"showLabel":false}]},"name":"Start to End","declaredType":"sequenceFlow","id":"2027.5141cfc4-79ad-41b3-8109-9d3358a06b20","sourceRef":"2025.c46cdea8-f460-4fd8-8252-bae4f160168e"}],"isClosed":false,"declaredType":"com.ibm.bpmsdk.model.bpmn20.ibmext.TUserTaskImplementation","id":"92014fec-08f4-474a-8fa5-05aa5298d22b","processType":"None"}]},"implementation":"##unspecified","documentation":[{"textFormat":"text/plain"}],"name":"moveDocumentService","declaredType":"globalUserTask","id":"1.74c98733-3c4b-4b64-8972-c162d636017e","ioSpecification":{"dataOutput":[{"itemSubjectRef":"itm.12.c09c9b6e-aabd-4897-bef2-ed61db106297","name":"results","isCollection":false,"id":"2055.bfcb917c-d6b6-41a6-8b8e-7ce52c6fc5c2"},{"itemSubjectRef":"itm.12.5551644c-3dc6-4161-a939-4e7f27f8ce45","name":"error","isCollection":false,"id":"2055.b09cb74d-72dc-4e8b-8c31-ec1cf077ec9d"}],"inputSet":[{}],"outputSet":[{}],"dataInput":[{"itemSubjectRef":"itm.12.c09c9b6e-aabd-4897-bef2-ed61db106297","name":"data","isCollection":false,"id":"2055.47453f62-a949-4a05-8154-0b1eaaa7fcc5"}]}}],"targetNamespace":"","typeLanguage":"http://www.w3.org/2001/XMLSchema","expressionLanguage":"http://www.ibm.com/xmlns/prod/bpm/expression-lang/javascript","id":"1.74c98733-3c4b-4b64-8972-c162d636017e"}},"status":"200"}