{"data":{"boModels":{"2055.6fdc48db-c0d7-4324-9996-7184cc455f60":"12.db884a3c-c533-44b7-bb2d-47bec8ad4022","2055.037b08d7-caa6-486e-bf84-63e67fedf0ff":"12.db884a3c-c533-44b7-bb2d-47bec8ad4022","12.ce3f127d-1d34-49c3-8a45-39d458bacaae":"{\"attributeFormDefault\":\"unqualified\",\"elementFormDefault\":\"unqualified\",\"targetNamespace\":\"http:\\/\\/COWE\",\"complexType\":[{\"annotation\":{\"documentation\":[{}],\"appinfo\":[{\"shared\":[false],\"shadow\":[false]}]},\"sequence\":{\"element\":[{\"annotation\":{\"documentation\":[{}],\"appinfo\":[{\"propertyName\":[\"additionalInformation\"],\"propertyRequired\":[false],\"propertyHidden\":[false]}]},\"name\":\"additionalInformation\",\"type\":\"{http:\\/\\/COWE}ClientInformation\",\"otherAttributes\":{\"{http:\\/\\/www.ibm.com\\/bpmsdk}refid\":\"12.29cda244-76f5-4d9e-99d7-5ccdc8402e76\"}},{\"annotation\":{\"documentation\":[{}],\"appinfo\":[{\"propertyName\":[\"address\"],\"propertyRequired\":[false],\"propertyHidden\":[false]}]},\"name\":\"address\",\"type\":\"{http:\\/\\/COWE}Address\",\"otherAttributes\":{\"{http:\\/\\/www.ibm.com\\/bpmsdk}refid\":\"12.1c6b3056-0274-4e52-95d7-93ba437e2c70\"}},{\"annotation\":{\"documentation\":[{}],\"appinfo\":[{\"propertyName\":[\"primaryContact\"],\"propertyRequired\":[false],\"propertyHidden\":[false]}]},\"name\":\"primaryContact\",\"type\":\"{http:\\/\\/COWE}PrimaryContact\",\"otherAttributes\":{\"{http:\\/\\/www.ibm.com\\/bpmsdk}refid\":\"12.26310ead-f249-4bc0-9e39-39a77914c2fd\"}},{\"annotation\":{\"documentation\":[{}],\"appinfo\":[{\"propertyName\":[\"name\"],\"propertyRequired\":[false],\"propertyHidden\":[false]}]},\"name\":\"name\",\"type\":\"{http:\\/\\/lombardi.ibm.com\\/schema\\/}String\",\"otherAttributes\":{\"{http:\\/\\/www.ibm.com\\/bpmsdk}refid\":\"12.db884a3c-c533-44b7-bb2d-47bec8ad4022\"}}]},\"name\":\"Client\"}],\"id\":\"_12.ce3f127d-1d34-49c3-8a45-39d458bacaae\"}","12.0a86f7d6-a210-48c9-a695-837f947f086f":"{\"simpleType\":[{\"annotation\":{\"documentation\":[{}]},\"name\":\"SupportingDocument\",\"restriction\":{\"annotation\":{\"appinfo\":[{\"simpleBaseType\":[\"Selection\"]}]},\"enumeration\":[{\"annotation\":{\"appinfo\":[{\"displayName\":[\"Banking Information\"]}]},\"value\":\"Banking Information\"},{\"annotation\":{\"appinfo\":[{\"displayName\":[\"Utility Bill\"]}]},\"value\":\"Utility Bill\"}],\"base\":\"{http:\\/\\/www.w3.org\\/2001\\/XMLSchema}string\"}}],\"attributeFormDefault\":\"unqualified\",\"elementFormDefault\":\"unqualified\",\"targetNamespace\":\"http:\\/\\/COWE\",\"id\":\"_12.0a86f7d6-a210-48c9-a695-837f947f086f\"}","2055.7dec0c7a-88fc-4fee-8a7a-e896739fdaa9":"12.db884a3c-c533-44b7-bb2d-47bec8ad4022","12.29cda244-76f5-4d9e-99d7-5ccdc8402e76":"{\"attributeFormDefault\":\"unqualified\",\"elementFormDefault\":\"unqualified\",\"targetNamespace\":\"http:\\/\\/COWE\",\"complexType\":[{\"annotation\":{\"documentation\":[{}],\"appinfo\":[{\"shared\":[false],\"shadow\":[false]}]},\"sequence\":{\"element\":[{\"annotation\":{\"documentation\":[{}],\"appinfo\":[{\"propertyName\":[\"defaultedPayment\"],\"propertyRequired\":[false],\"propertyHidden\":[false]}]},\"name\":\"defaultedPayment\",\"type\":\"{http:\\/\\/lombardi.ibm.com\\/schema\\/}Boolean\",\"otherAttributes\":{\"{http:\\/\\/www.ibm.com\\/bpmsdk}refid\":\"12.83ff975e-8dbc-42e5-b738-fa8bc08274a2\"}},{\"annotation\":{\"documentation\":[{}],\"appinfo\":[{\"propertyName\":[\"companyAge\"],\"propertyRequired\":[false],\"propertyHidden\":[false]}]},\"name\":\"companyAge\",\"type\":\"{http:\\/\\/lombardi.ibm.com\\/schema\\/}Integer\",\"otherAttributes\":{\"{http:\\/\\/www.ibm.com\\/bpmsdk}refid\":\"12.3fa0d7a0-828a-4d60-99cc-db5ed143fc2d\"}},{\"annotation\":{\"documentation\":[{}],\"appinfo\":[{\"propertyName\":[\"annualRevenue\"],\"propertyRequired\":[false],\"propertyHidden\":[false]}]},\"name\":\"annualRevenue\",\"type\":\"{http:\\/\\/lombardi.ibm.com\\/schema\\/}Integer\",\"otherAttributes\":{\"{http:\\/\\/www.ibm.com\\/bpmsdk}refid\":\"12.3fa0d7a0-828a-4d60-99cc-db5ed143fc2d\"}},{\"annotation\":{\"documentation\":[{}],\"appinfo\":[{\"propertyName\":[\"numberOfEmployees\"],\"propertyRequired\":[false],\"propertyHidden\":[false]}]},\"name\":\"numberOfEmployees\",\"type\":\"{http:\\/\\/lombardi.ibm.com\\/schema\\/}Integer\",\"otherAttributes\":{\"{http:\\/\\/www.ibm.com\\/bpmsdk}refid\":\"12.3fa0d7a0-828a-4d60-99cc-db5ed143fc2d\"}}]},\"name\":\"ClientInformation\"}],\"id\":\"_12.29cda244-76f5-4d9e-99d7-5ccdc8402e76\"}","2055.13b0fbf1-a92a-4797-8561-12dbcef40e2f":"12.db884a3c-c533-44b7-bb2d-47bec8ad4022","12.913f393b-8844-41c6-83a0-d5d837226fb1":"{\"simpleType\":[{\"annotation\":{\"documentation\":[{}]},\"name\":\"DocumentStatus\",\"restriction\":{\"annotation\":{\"appinfo\":[{\"simpleBaseType\":[\"Selection\"]}]},\"enumeration\":[{\"annotation\":{\"appinfo\":[{\"displayName\":[\"Pending\"]}]},\"value\":\"Pending\"},{\"annotation\":{\"appinfo\":[{\"displayName\":[\"Verified\"]}]},\"value\":\"Verified\"},{\"annotation\":{\"appinfo\":[{\"displayName\":[\"Not Required\"]}]},\"value\":\"Not Required\"}],\"base\":\"{http:\\/\\/www.w3.org\\/2001\\/XMLSchema}string\"}}],\"attributeFormDefault\":\"unqualified\",\"elementFormDefault\":\"unqualified\",\"targetNamespace\":\"http:\\/\\/COWE\",\"id\":\"_12.913f393b-8844-41c6-83a0-d5d837226fb1\"}","12.1c6b3056-0274-4e52-95d7-93ba437e2c70":"{\"attributeFormDefault\":\"unqualified\",\"elementFormDefault\":\"unqualified\",\"targetNamespace\":\"http:\\/\\/COWE\",\"complexType\":[{\"annotation\":{\"documentation\":[{}],\"appinfo\":[{\"shared\":[false],\"shadow\":[false]}]},\"sequence\":{\"element\":[{\"annotation\":{\"documentation\":[{}],\"appinfo\":[{\"propertyName\":[\"zipCode\"],\"propertyRequired\":[false],\"propertyHidden\":[false]}]},\"name\":\"zipCode\",\"type\":\"{http:\\/\\/lombardi.ibm.com\\/schema\\/}String\",\"otherAttributes\":{\"{http:\\/\\/www.ibm.com\\/bpmsdk}refid\":\"12.db884a3c-c533-44b7-bb2d-47bec8ad4022\"}},{\"annotation\":{\"documentation\":[{}],\"appinfo\":[{\"propertyName\":[\"country\"],\"propertyRequired\":[false],\"propertyHidden\":[false]}]},\"name\":\"country\",\"type\":\"{http:\\/\\/lombardi.ibm.com\\/schema\\/}String\",\"otherAttributes\":{\"{http:\\/\\/www.ibm.com\\/bpmsdk}refid\":\"12.db884a3c-c533-44b7-bb2d-47bec8ad4022\"}},{\"annotation\":{\"documentation\":[{}],\"appinfo\":[{\"propertyName\":[\"unit\"],\"propertyRequired\":[false],\"propertyHidden\":[false]}]},\"name\":\"unit\",\"type\":\"{http:\\/\\/lombardi.ibm.com\\/schema\\/}String\",\"otherAttributes\":{\"{http:\\/\\/www.ibm.com\\/bpmsdk}refid\":\"12.db884a3c-c533-44b7-bb2d-47bec8ad4022\"}},{\"annotation\":{\"documentation\":[{}],\"appinfo\":[{\"propertyName\":[\"city\"],\"propertyRequired\":[false],\"propertyHidden\":[false]}]},\"name\":\"city\",\"type\":\"{http:\\/\\/lombardi.ibm.com\\/schema\\/}String\",\"otherAttributes\":{\"{http:\\/\\/www.ibm.com\\/bpmsdk}refid\":\"12.db884a3c-c533-44b7-bb2d-47bec8ad4022\"}},{\"annotation\":{\"documentation\":[{}],\"appinfo\":[{\"propertyName\":[\"street\"],\"propertyRequired\":[false],\"propertyHidden\":[false]}]},\"name\":\"street\",\"type\":\"{http:\\/\\/lombardi.ibm.com\\/schema\\/}String\",\"otherAttributes\":{\"{http:\\/\\/www.ibm.com\\/bpmsdk}refid\":\"12.db884a3c-c533-44b7-bb2d-47bec8ad4022\"}},{\"annotation\":{\"documentation\":[{}],\"appinfo\":[{\"propertyName\":[\"state\"],\"propertyRequired\":[false],\"propertyHidden\":[false]}]},\"name\":\"state\",\"type\":\"{http:\\/\\/lombardi.ibm.com\\/schema\\/}String\",\"otherAttributes\":{\"{http:\\/\\/www.ibm.com\\/bpmsdk}refid\":\"12.db884a3c-c533-44b7-bb2d-47bec8ad4022\"}}]},\"name\":\"Address\"}],\"id\":\"_12.1c6b3056-0274-4e52-95d7-93ba437e2c70\"}","12.83ff975e-8dbc-42e5-b738-fa8bc08274a2":"{\"simpleType\":[{\"annotation\":{\"documentation\":[{\"content\":[\"Boolean Type\"]}],\"appinfo\":[{\"simpleErrorMessage\":[\"Please enter 'true' or 'false'\"]}]},\"name\":\"Boolean\",\"restriction\":{\"annotation\":{\"appinfo\":[{\"simpleBaseType\":[\"Boolean\"]}]},\"base\":\"{http:\\/\\/www.w3.org\\/2001\\/XMLSchema}boolean\"}}],\"attributeFormDefault\":\"unqualified\",\"elementFormDefault\":\"unqualified\",\"targetNamespace\":\"http:\\/\\/COWE\",\"id\":\"_12.83ff975e-8dbc-42e5-b738-fa8bc08274a2\"}","2055.68ef7b19-3aaa-4b09-ac3b-e7d13422ea42":"12.e307cb02-bca5-4b00-933a-b8e22b645339","2055.ed892464-fad0-4368-899f-1a28ceb30f00":"12.db884a3c-c533-44b7-bb2d-47bec8ad4022","12.e307cb02-bca5-4b00-933a-b8e22b645339":"{\"attributeFormDefault\":\"unqualified\",\"elementFormDefault\":\"unqualified\",\"targetNamespace\":\"http:\\/\\/COWE\",\"complexType\":[{\"annotation\":{\"documentation\":[{}],\"appinfo\":[{\"shared\":[false],\"shadow\":[false]}]},\"sequence\":{\"element\":[{\"annotation\":{\"documentation\":[{}],\"appinfo\":[{\"propertyName\":[\"documentStatus\"],\"propertyRequired\":[false],\"propertyHidden\":[false]}]},\"name\":\"documentStatus\",\"type\":\"{http:\\/\\/COWE}DocumentStatus\",\"otherAttributes\":{\"{http:\\/\\/www.ibm.com\\/bpmsdk}refid\":\"12.913f393b-8844-41c6-83a0-d5d837226fb1\"}},{\"annotation\":{\"documentation\":[{}],\"appinfo\":[{\"propertyName\":[\"documentName\"],\"propertyRequired\":[false],\"propertyHidden\":[false]}]},\"name\":\"documentName\",\"type\":\"{http:\\/\\/COWE}SupportingDocument\",\"otherAttributes\":{\"{http:\\/\\/www.ibm.com\\/bpmsdk}refid\":\"12.0a86f7d6-a210-48c9-a695-837f947f086f\"}}]},\"name\":\"DocumentReview\"}],\"id\":\"_12.e307cb02-bca5-4b00-933a-b8e22b645339\"}","12.db884a3c-c533-44b7-bb2d-47bec8ad4022":"{\"simpleType\":[{\"annotation\":{\"documentation\":[{\"content\":[\"String Type\"]}],\"appinfo\":[{\"simpleErrorMessage\":[\"Please enter a character string\"]}]},\"name\":\"String\",\"restriction\":{\"annotation\":{\"appinfo\":[{\"stringLengthType\":[\"0\"],\"simpleBaseType\":[\"String\"]}]},\"base\":\"{http:\\/\\/www.w3.org\\/2001\\/XMLSchema}string\"}}],\"attributeFormDefault\":\"unqualified\",\"elementFormDefault\":\"unqualified\",\"targetNamespace\":\"http:\\/\\/COWE\",\"id\":\"_12.db884a3c-c533-44b7-bb2d-47bec8ad4022\"}","12.3fa0d7a0-828a-4d60-99cc-db5ed143fc2d":"{\"simpleType\":[{\"annotation\":{\"documentation\":[{\"content\":[\"Integer Type\"]}],\"appinfo\":[{\"simpleErrorMessage\":[\"Please enter a number without a decimal point\"]}]},\"name\":\"Integer\",\"restriction\":{\"annotation\":{\"appinfo\":[{\"simpleBaseType\":[\"Integer\"]}]},\"base\":\"{http:\\/\\/www.w3.org\\/2001\\/XMLSchema}int\"}}],\"attributeFormDefault\":\"unqualified\",\"elementFormDefault\":\"unqualified\",\"targetNamespace\":\"http:\\/\\/COWE\",\"id\":\"_12.3fa0d7a0-828a-4d60-99cc-db5ed143fc2d\"}","12.26310ead-f249-4bc0-9e39-39a77914c2fd":"{\"attributeFormDefault\":\"unqualified\",\"elementFormDefault\":\"unqualified\",\"targetNamespace\":\"http:\\/\\/COWE\",\"complexType\":[{\"annotation\":{\"documentation\":[{}],\"appinfo\":[{\"shared\":[false],\"shadow\":[false]}]},\"sequence\":{\"element\":[{\"annotation\":{\"documentation\":[{}],\"appinfo\":[{\"propertyName\":[\"firstName\"],\"propertyRequired\":[false],\"propertyHidden\":[false]}]},\"name\":\"firstName\",\"type\":\"{http:\\/\\/lombardi.ibm.com\\/schema\\/}String\",\"otherAttributes\":{\"{http:\\/\\/www.ibm.com\\/bpmsdk}refid\":\"12.db884a3c-c533-44b7-bb2d-47bec8ad4022\"}},{\"annotation\":{\"documentation\":[{}],\"appinfo\":[{\"propertyName\":[\"lastName\"],\"propertyRequired\":[false],\"propertyHidden\":[false]}]},\"name\":\"lastName\",\"type\":\"{http:\\/\\/lombardi.ibm.com\\/schema\\/}String\",\"otherAttributes\":{\"{http:\\/\\/www.ibm.com\\/bpmsdk}refid\":\"12.db884a3c-c533-44b7-bb2d-47bec8ad4022\"}},{\"annotation\":{\"documentation\":[{}],\"appinfo\":[{\"propertyName\":[\"phoneNumber\"],\"propertyRequired\":[false],\"propertyHidden\":[false]}]},\"name\":\"phoneNumber\",\"type\":\"{http:\\/\\/lombardi.ibm.com\\/schema\\/}String\",\"otherAttributes\":{\"{http:\\/\\/www.ibm.com\\/bpmsdk}refid\":\"12.db884a3c-c533-44b7-bb2d-47bec8ad4022\"}},{\"annotation\":{\"documentation\":[{}],\"appinfo\":[{\"propertyName\":[\"email\"],\"propertyRequired\":[false],\"propertyHidden\":[false]}]},\"name\":\"email\",\"type\":\"{http:\\/\\/lombardi.ibm.com\\/schema\\/}String\",\"otherAttributes\":{\"{http:\\/\\/www.ibm.com\\/bpmsdk}refid\":\"12.db884a3c-c533-44b7-bb2d-47bec8ad4022\"}}]},\"name\":\"PrimaryContact\"}],\"id\":\"_12.26310ead-f249-4bc0-9e39-39a77914c2fd\"}","2055.8e53ccb1-5fa5-40a6-92ff-bc5c68170547":"12.ce3f127d-1d34-49c3-8a45-39d458bacaae","2055.9c9e6634-0249-4554-a35e-0e2fc469ca53":"12.3fa0d7a0-828a-4d60-99cc-db5ed143fc2d"},"metadata":{"paId":"2066.a4d1d9d5-9bbf-4358-ac18-a975fdfeb066","paShortName":"COWE","snapshotId":"2064.bac17390-750f-44e9-be98-6e0831886d34","snapshotName":"v1.0","name":"Client_Onboarding_Workflows_External"},"defaults":{"entry":[{"type":"S","value":""},{"type":"B","value":false},{"type":"I","value":0},{"type":"D","value":0.0},{"type":"DT","value":null},{"type":"DT","value":null}]},"templates":{"variableTemplates":[{"modelId":"1.67a3dc51-029a-493a-8284-871a41e69e7d","parentId":"1.67a3dc51-029a-493a-8284-871a41e69e7d","variableTemplate":[{"id":"2055.8e53ccb1-5fa5-40a6-92ff-bc5c68170547","name":"client","boTemplateName":"Cli"},{"id":"2055.68ef7b19-3aaa-4b09-ac3b-e7d13422ea42","name":"reviewedDocuments","boTemplateName":"Doc"},{"id":"2055.7dec0c7a-88fc-4fee-8a7a-e896739fdaa9","name":"industry","boTemplateName":"S"},{"id":"2055.6fdc48db-c0d7-4324-9996-7184cc455f60","name":"servicesRequested","boTemplateName":"S"},{"id":"2055.9c9e6634-0249-4554-a35e-0e2fc469ca53","name":"servicesFee","boTemplateName":"I"},{"id":"2055.ed892464-fad0-4368-899f-1a28ceb30f00","name":"selectedDocumentIDs","boTemplateName":"S"},{"id":"2055.037b08d7-caa6-486e-bf84-63e67fedf0ff","name":"referenceID","boTemplateName":"S"},{"id":"2055.13b0fbf1-a92a-4797-8561-12dbcef40e2f","name":"userID","boTemplateName":"S"}]},{"modelId":"1.1cb3f8fe-9c24-4c1c-b063-90a47804ba83","parentId":"1.1cb3f8fe-9c24-4c1c-b063-90a47804ba83","variableTemplate":[{"id":"2055.0ce848c8-3965-4ec6-88d0-629a9e8609be","name":"processApp","boTemplateName":"S"},{"id":"2055.87565e58-4f13-40ad-8e99-da8d5f8eab3c","name":"processAppID","boTemplateName":"S"},{"id":"2055.9cd70e81-50e9-46ad-8c22-d580a17571fb","name":"processID","boTemplateName":"S"},{"id":"2055.c9e74fed-0b77-4486-8b48-59d37c2050b8","name":"snapshotID","boTemplateName":"S"},{"id":"2055.9b71db0c-b378-4986-89f2-42435760ebdb","name":"branchID","boTemplateName":"S"},{"id":"2055.ac7256e6-72af-4b88-8fef-c9e2dc783902","name":"inputParameters","boTemplateName":"A"},{"id":"2055.7773ba65-0225-46c5-8c04-673278536f2c","name":"success","boTemplateName":"B"},{"id":"2055.14f99ee4-be6d-4505-8d0d-3a0f3c063a5e","name":"responseMessage","boTemplateName":"S"},{"id":"2056.6843389c-c665-43f4-836e-911a72574b2e","name":"isDefinedEndpoint","boTemplateName":"B"}]}],"boTemplate":[{"id":"12.ce3f127d-1d34-49c3-8a45-39d458bacaae","name":"Cli","property":[{"name":"additionalInformation","type":"Cli1","isList":false},{"name":"address","type":"Add","isList":false},{"name":"primaryContact","type":"Pri","isList":false},{"name":"name","type":"S","isList":false}]},{"id":"12.29cda244-76f5-4d9e-99d7-5ccdc8402e76","name":"Cli1","property":[{"name":"defaultedPayment","type":"B","isList":false},{"name":"companyAge","type":"I","isList":false},{"name":"annualRevenue","type":"I","isList":false},{"name":"numberOfEmployees","type":"I","isList":false}]},{"id":"12.1c6b3056-0274-4e52-95d7-93ba437e2c70","name":"Add","property":[{"name":"zipCode","type":"S","isList":false},{"name":"country","type":"S","isList":false},{"name":"unit","type":"S","isList":false},{"name":"city","type":"S","isList":false},{"name":"street","type":"S","isList":false},{"name":"state","type":"S","isList":false}]},{"id":"12.26310ead-f249-4bc0-9e39-39a77914c2fd","name":"Pri","property":[{"name":"firstName","type":"S","isList":false},{"name":"lastName","type":"S","isList":false},{"name":"phoneNumber","type":"S","isList":false},{"name":"email","type":"S","isList":false}]},{"id":"12.e307cb02-bca5-4b00-933a-b8e22b645339","name":"Doc","property":[{"name":"documentStatus","type":"S","isList":false},{"name":"documentName","type":"S","isList":false}]}]},"model":{"rootElement":[{"extensionElements":{"userTaskImplementation":[{"flowElement":[{"parallelMultiple":false,"outgoing":["2027.8fdb3aca-9807-4b39-94ab-c4e9bad91ad3"],"isInterrupting":true,"extensionElements":{"nodeVisualInfo":[{"color":"#F8F8F8","width":24,"x":50,"y":200,"declaredType":"TNodeVisualInfo","height":24}]},"name":"Start","declaredType":"startEvent","id":"3a3021d6-7fc9-4dcc-b3bb-fb28bc6ccfe1"},{"incoming":["2027.fd981873-f827-41f1-996f-a1a056d028ac"],"extensionElements":{"nodeVisualInfo":[{"color":"#F8F8F8","width":24,"x":700,"y":200,"declaredType":"TNodeVisualInfo","height":24}],"navigationInstructions":[{"targetType":"Default","declaredType":"com.ibm.bpmsdk.model.bpmn20.ibmext.TNavigationInstructions"}]},"name":"End","declaredType":"endEvent","id":"7a6d6776-3d58-4f8b-8394-94917890213f"},{"startQuantity":1,"outgoing":["2027.fd981873-f827-41f1-996f-a1a056d028ac"],"incoming":["2027.8fdb3aca-9807-4b39-94ab-c4e9bad91ad3"],"default":"2027.fd981873-f827-41f1-996f-a1a056d028ac","extensionElements":{"nodeVisualInfo":[{"width":95,"x":330,"y":177,"declaredType":"TNodeVisualInfo","height":70}],"activityType":["CalledProcess"]},"name":"Nested Action","dataInputAssociation":[{"targetRef":"2055.0ce848c8-3965-4ec6-88d0-629a9e8609be","assignment":[{"from":{"evaluatesToTypeRef":"itm.12.d34bed30-8320-40b1-a92c-e5f6e411c52e","declaredType":"TFormalExpression","content":["\"REMOTE_SERVICES_SERVER\""]}}]},{"targetRef":"2055.87565e58-4f13-40ad-8e99-da8d5f8eab3c","assignment":[{"from":{"evaluatesToTypeRef":"itm.12.db884a3c-c533-44b7-bb2d-47bec8ad4022","declaredType":"TFormalExpression","content":["\"2066.07806c00-d241-4232-8d80-cb23b748caf5\""]}}]},{"targetRef":"2055.9cd70e81-50e9-46ad-8c22-d580a17571fb","assignment":[{"from":{"evaluatesToTypeRef":"itm.12.db884a3c-c533-44b7-bb2d-47bec8ad4022","declaredType":"TFormalExpression","content":["\"25.1e51c45b-b136-4d30-87af-77c2d6323cea\""]}}]},{"targetRef":"2055.ac7256e6-72af-4b88-8fef-c9e2dc783902","assignment":[{"from":{"evaluatesToTypeRef":"itm.12.c09c9b6e-aabd-4897-bef2-ed61db106297","declaredType":"TFormalExpression","content":["{\"client\" : tw.local.client, \"reviewedDocuments\" : tw.local.reviewedDocuments, \"industry\" : tw.local.industry, \"servicesRequested\" : tw.local.servicesRequested, \"servicesFee\" : tw.local.servicesFee, \"selectedDocumentIDs\" : tw.local.selectedDocumentIDs, \"referenceID\" : tw.local.referenceID, \"userID\" : tw.local.userID}"]}}]}],"isForCompensation":false,"completionQuantity":1,"declaredType":"callActivity","id":"2025.7bf6d810-f510-443d-8553-19823f9c5522","calledElement":"1.1cb3f8fe-9c24-4c1c-b063-90a47804ba83"},{"targetRef":"2025.7bf6d810-f510-443d-8553-19823f9c5522","extensionElements":{"linkVisualInfo":[{"sourcePortLocation":"rightCenter","showCoachControlLabel":false,"labelPosition":0.0,"targetPortLocation":"leftCenter","declaredType":"TLinkVisualInfo","saveExecutionContext":false,"showLabel":false}]},"name":"Start to Nested Action","declaredType":"sequenceFlow","id":"2027.8fdb3aca-9807-4b39-94ab-c4e9bad91ad3","sourceRef":"3a3021d6-7fc9-4dcc-b3bb-fb28bc6ccfe1"},{"targetRef":"7a6d6776-3d58-4f8b-8394-94917890213f","extensionElements":{"sequenceFlowImplementation":[{"fireValidation":"Never","sboSyncEnabled":true,"declaredType":"com.ibm.bpmsdk.model.bpmn20.ibmext.TSequenceFlowImplementation"}],"linkVisualInfo":[{"sourcePortLocation":"rightCenter","showCoachControlLabel":false,"labelPosition":0.0,"targetPortLocation":"leftCenter","declaredType":"TLinkVisualInfo","saveExecutionContext":false,"showLabel":false}]},"name":"Nested Action to End","declaredType":"sequenceFlow","id":"2027.fd981873-f827-41f1-996f-a1a056d028ac","sourceRef":"2025.7bf6d810-f510-443d-8553-19823f9c5522"}],"isClosed":false,"declaredType":"com.ibm.bpmsdk.model.bpmn20.ibmext.TUserTaskImplementation","id":"e8395117-bc89-46b7-97b2-5a2a4e0ed918","processType":"None"}]},"implementation":"##unspecified","documentation":[{"content":["Process that starts a new Client Onboarding Request Case"],"textFormat":"text/plain"}],"name":"call New Client Onboarding Request","declaredType":"globalUserTask","id":"1.67a3dc51-029a-493a-8284-871a41e69e7d","ioSpecification":{"inputSet":[{"id":"_76df1e4b-5ed0-4058-8c71-1bb3dd93de72"}],"outputSet":[{"id":"_b6372d87-9ec0-40af-a15e-ed633f82221e"}],"dataInput":[{"itemSubjectRef":"itm.12.ce3f127d-1d34-49c3-8a45-39d458bacaae","name":"client","isCollection":false,"id":"2055.8e53ccb1-5fa5-40a6-92ff-bc5c68170547"},{"itemSubjectRef":"itm.12.e307cb02-bca5-4b00-933a-b8e22b645339","name":"reviewedDocuments","isCollection":true,"id":"2055.68ef7b19-3aaa-4b09-ac3b-e7d13422ea42"},{"itemSubjectRef":"itm.12.db884a3c-c533-44b7-bb2d-47bec8ad4022","name":"industry","isCollection":false,"id":"2055.7dec0c7a-88fc-4fee-8a7a-e896739fdaa9"},{"itemSubjectRef":"itm.12.db884a3c-c533-44b7-bb2d-47bec8ad4022","name":"servicesRequested","isCollection":true,"id":"2055.6fdc48db-c0d7-4324-9996-7184cc455f60"},{"itemSubjectRef":"itm.12.3fa0d7a0-828a-4d60-99cc-db5ed143fc2d","name":"servicesFee","isCollection":false,"id":"2055.9c9e6634-0249-4554-a35e-0e2fc469ca53"},{"itemSubjectRef":"itm.12.db884a3c-c533-44b7-bb2d-47bec8ad4022","name":"selectedDocumentIDs","isCollection":true,"id":"2055.ed892464-fad0-4368-899f-1a28ceb30f00"},{"itemSubjectRef":"itm.12.db884a3c-c533-44b7-bb2d-47bec8ad4022","name":"referenceID","isCollection":false,"id":"2055.037b08d7-caa6-486e-bf84-63e67fedf0ff"},{"itemSubjectRef":"itm.12.db884a3c-c533-44b7-bb2d-47bec8ad4022","name":"userID","isCollection":false,"id":"2055.13b0fbf1-a92a-4797-8561-12dbcef40e2f"}]}},{"extensionElements":{"userTaskImplementation":[{"flowElement":[{"parallelMultiple":false,"outgoing":["2027.6cfdff0f-90f4-43a1-8dd0-8ea3d3fb59dd"],"isInterrupting":true,"extensionElements":{"default":["2027.6cfdff0f-90f4-43a1-8dd0-8ea3d3fb59dd"],"nodeVisualInfo":[{"color":"#F8F8F8","width":24,"x":50,"y":200,"declaredType":"TNodeVisualInfo","height":24}]},"name":"Start","declaredType":"startEvent","id":"756cc19e-cd12-43d2-8f1a-d5ae69909397"},{"incoming":["2027.091f52ee-ca34-4c21-898f-68158992e314"],"extensionElements":{"nodeVisualInfo":[{"color":"#F8F8F8","width":24,"x":700,"y":200,"declaredType":"TNodeVisualInfo","height":24}],"navigationInstructions":[{"targetType":"Default","declaredType":"com.ibm.bpmsdk.model.bpmn20.ibmext.TNavigationInstructions"}]},"name":"End","declaredType":"endEvent","id":"d67ad1a1-8f4e-4a61-8aac-e92746a9e406"},{"startQuantity":1,"outgoing":["2027.091f52ee-ca34-4c21-898f-68158992e314"],"incoming":["2027.6cfdff0f-90f4-43a1-8dd0-8ea3d3fb59dd"],"default":"2027.091f52ee-ca34-4c21-898f-68158992e314","extensionElements":{"nodeVisualInfo":[{"width":95,"x":330,"y":177,"declaredType":"TNodeVisualInfo","height":70}]},"name":"Start Process Script","isForCompensation":false,"completionQuantity":1,"declaredType":"scriptTask","id":"2025.7e533c30-2d86-478b-8173-16058ea2cbe4","scriptFormat":"text/x-javascript","script":{"content":["/*\r\nLicensed Materials - Property of IBM\r\n5737-H41\r\n(C) Copyright IBM Corporation 2019-2020. All Rights Reserved.\r\nUS Government Users Restricted Rights- Use, duplication or disclosure\r\nrestricted by GSA ADP Schedule Contract with IBM Corp.\r\n*/\r\n\r\nconsole.log(\"****BEGIN START PROCESS****\");\r\n\r\nvar name = tw.local.processApp;\r\nvar processAppId = tw.env[name].key ? tw.env[name].key : tw.local.processAppID;\r\nvar bpdId = tw.local.processID;\r\nvar params = tw.local.inputParameters;\r\n\r\nvar snapshotID = tw.local.snapshotID;\r\nvar branchID = tw.local.branchID;\r\n\r\nvar payloadObj = {};\r\n\r\ntw.system.waitForContinueFlow();\r\n\r\ntw.system.lookupDBARegistry(name, \r\n\tfunction(response, responseInfo){\r\n\t\t//we dont care about the information of the response, only if it is a success. If it succeeds, it is a type Registry Lookup\r\n\t\ttw.local.isDefinedEndpoint = false;\r\n\t\ttw.system.continueFlow();\r\n\t},\r\n\t\r\n\tfunction(err){\r\n\t\t//we dont care about the error, if it reaches here we assume it is because it is looking up an App Resource of \r\n\t\t//type Defined Endpoint, which will not work with this rest call\r\n\t\ttw.local.isDefinedEndpoint = true;\r\n\t\ttw.system.continueFlow();\r\n\t}\r\n);\r\n\r\npayloadObj.action = \"start\";\r\npayloadObj.bpdId = bpdId;\r\npayloadObj.processAppId = processAppId;\r\npayloadObj.parts = \"header|excludeTaskData|excludeDocs\";\r\npayloadObj.params = JSON.stringify(params);\r\n\r\nif (snapshotID && snapshotID != \"\") { payloadObj.snapshotId = snapshotID; }\r\nif (branchID && branchID != \"\") { payloadObj.branchId = branchID; }\r\n\r\nif (tw.local.isDefinedEndpoint){\r\n\tvar options = {\r\n\t      ctxRoot: \"/rest/bpm/wle\",\r\n\t     \tpath: \"/v1/process\",\r\n\t\tmethod: \"POST\",\r\n\t\theaders: {\r\n\t\t\t\"Content-Type\": \"application/x-www-form-urlencoded\",\r\n\t\t\t\"Accept\": \"application/json\"\r\n\t\t},\r\n\t\tpayload: payloadObj\r\n\t};\r\n} else{\r\n\t//we disclude the ctxRoot as it is looked up in Resource Registry\r\n\tvar options = {\r\n\t     \tpath: \"/v1/process\",\r\n\t\tmethod: \"POST\",\r\n\t\theaders: {\r\n\t\t\t\"Content-Type\": \"application/x-www-form-urlencoded\",\r\n\t\t\t\"Accept\": \"application/json\"\r\n\t\t},\r\n\t\tpayload: payloadObj\r\n\t};\r\n}\r\n\r\nconsole.log(\"****CALLING performRequest****\");\r\n\r\ntw.system.waitForContinueFlow();\r\n\r\ntw.system.performRequest(name, options, function(data, metadata) {\r\n      processConnection(data, metadata);  \r\n\t// Signal to engine that flow can continue past this Script‌\r\n\ttw.system.continueFlow();\r\n}, function (err) {\r\n        tw.local.responseMessage = \"Error occured : \" + JSON.stringify(err);\r\n        tw.system.continueFlow();\r\n});\r\n\r\nfunction processConnection (data, metadata) {\r\n    console.log(\"performRequest completed: \", data);\r\n    \r\n    if (data && data.status && data.status==\"error\") {\r\n        tw.local.success = false;\r\n        tw.local.responseMessage = JSON.stringify(data) + \" \" + metadata ? JSON.stringify(metadata) : \"\";\r\n    } else if (metadata && metadata.statusCode!=\"200\") {\r\n        tw.local.responseMessage = data ? JSON.stringify(data) : JSON.stringify(metadata);\r\n    } else {\r\n        tw.local.success = true;\r\n        tw.local.responseMessage = \"Connection Successful : \" + JSON.stringify(data);\r\n    }\r\n}"]}},{"targetRef":"2025.7e533c30-2d86-478b-8173-16058ea2cbe4","extensionElements":{"linkVisualInfo":[{"sourcePortLocation":"rightCenter","showCoachControlLabel":false,"labelPosition":0.0,"targetPortLocation":"leftCenter","declaredType":"TLinkVisualInfo","saveExecutionContext":false,"showLabel":false}]},"name":"To Start Process Script","declaredType":"sequenceFlow","id":"2027.6cfdff0f-90f4-43a1-8dd0-8ea3d3fb59dd","sourceRef":"756cc19e-cd12-43d2-8f1a-d5ae69909397"},{"targetRef":"d67ad1a1-8f4e-4a61-8aac-e92746a9e406","extensionElements":{"sequenceFlowImplementation":[{"fireValidation":"Never","sboSyncEnabled":true,"declaredType":"com.ibm.bpmsdk.model.bpmn20.ibmext.TSequenceFlowImplementation"}],"linkVisualInfo":[{"sourcePortLocation":"rightCenter","showCoachControlLabel":false,"labelPosition":0.0,"targetPortLocation":"leftCenter","declaredType":"TLinkVisualInfo","saveExecutionContext":true,"showLabel":false}]},"name":"To End","declaredType":"sequenceFlow","id":"2027.091f52ee-ca34-4c21-898f-68158992e314","sourceRef":"2025.7e533c30-2d86-478b-8173-16058ea2cbe4"},{"itemSubjectRef":"itm.12.83ff975e-8dbc-42e5-b738-fa8bc08274a2","name":"isDefinedEndpoint","isCollection":false,"declaredType":"dataObject","id":"2056.6843389c-c665-43f4-836e-911a72574b2e"}],"isClosed":false,"declaredType":"com.ibm.bpmsdk.model.bpmn20.ibmext.TUserTaskImplementation","id":"7a16df3b-2224-47b3-8b76-0366515ced30","processType":"None"}]},"implementation":"##unspecified","documentation":[{"textFormat":"text/plain"}],"name":"Start Process","declaredType":"globalUserTask","id":"1.1cb3f8fe-9c24-4c1c-b063-90a47804ba83","otherAttributes":{"snapshotID":"2064.7d1554b6-971d-4234-8012-35e0d39eac06"},"ioSpecification":{"dataOutput":[{"itemSubjectRef":"itm.12.83ff975e-8dbc-42e5-b738-fa8bc08274a2","name":"success","isCollection":false,"id":"2055.7773ba65-0225-46c5-8c04-673278536f2c"},{"itemSubjectRef":"itm.12.db884a3c-c533-44b7-bb2d-47bec8ad4022","name":"responseMessage","isCollection":false,"id":"2055.14f99ee4-be6d-4505-8d0d-3a0f3c063a5e"}],"inputSet":[{}],"outputSet":[{}],"dataInput":[{"itemSubjectRef":"itm.12.d34bed30-8320-40b1-a92c-e5f6e411c52e","name":"processApp","isCollection":false,"id":"2055.0ce848c8-3965-4ec6-88d0-629a9e8609be"},{"itemSubjectRef":"itm.12.db884a3c-c533-44b7-bb2d-47bec8ad4022","name":"processAppID","isCollection":false,"id":"2055.87565e58-4f13-40ad-8e99-da8d5f8eab3c"},{"itemSubjectRef":"itm.12.db884a3c-c533-44b7-bb2d-47bec8ad4022","name":"processID","isCollection":false,"id":"2055.9cd70e81-50e9-46ad-8c22-d580a17571fb"},{"itemSubjectRef":"itm.12.db884a3c-c533-44b7-bb2d-47bec8ad4022","name":"snapshotID","isCollection":false,"id":"2055.c9e74fed-0b77-4486-8b48-59d37c2050b8"},{"itemSubjectRef":"itm.12.db884a3c-c533-44b7-bb2d-47bec8ad4022","name":"branchID","isCollection":false,"id":"2055.9b71db0c-b378-4986-89f2-42435760ebdb"},{"itemSubjectRef":"itm.12.c09c9b6e-aabd-4897-bef2-ed61db106297","name":"inputParameters","isCollection":false,"id":"2055.ac7256e6-72af-4b88-8fef-c9e2dc783902"}]}}],"targetNamespace":"","typeLanguage":"http://www.w3.org/2001/XMLSchema","expressionLanguage":"http://www.ibm.com/xmlns/prod/bpm/expression-lang/javascript","id":"2b3bf70e-a13f-4c6e-bfb3-89b91e28daae"}},"status":"200"}