{"id":"50.adeae4bd-e860-48f8-8f12-9436f7840773/2064.e56cae0e-3219-4db7-9465-459fadbe1e83","localeLanguage":"it","localeCountry":null,"localeVariant":null,"localeDisplayName":"CSResource","resourceBundleKey":[{"id":null,"key":"CS_ActionList_FilterHintText","value":"Testo suggerimento filtro"},{"id":null,"key":"CS_ActionList_FilterHintText_Help","value":"Impostare il testo del suggerimento visualizzato nel controllo filtro dell'elenco azioni."},{"id":null,"key":"CS_ActionList_HideContextMenu","value":"Nascondi menu contestuale"},{"id":null,"key":"CS_ActionList_HideContextMenu_Help","value":"Nasconde il menu contestuale nell'elenco di azioni."},{"id":null,"key":"CS_ActionList_HideDocuments","value":"Nascondi i documenti"},{"id":null,"key":"CS_ActionList_HideDocuments_Help","value":"Fa in modo che l'elenco di azioni visualizzi solo cartelle quando è attivata la modalità di navigazione tra cartelle."},{"id":null,"key":"CS_Add","value":"Aggiungi"},{"id":null,"key":"CS_AddBatch_OnFilesSelected","value":"Alla selezione dei file"},{"id":null,"key":"CS_AddBatch_OnFilesSelected_Help","value":"Un evento che viene attivato quando i file sono selezionati dalla finestra di dialogo File"},{"id":null,"key":"CS_AddToFolder","value":"Aggiungi alla cartella"},{"id":null,"key":"CS_AddToFolder_Desc","value":"È possibile aggiungere documenti a più di una cartella. Se il documento si trova già in una cartella, rimane in quella cartella e viene aggiunto alla ulteriore cartella specificata."},{"id":null,"key":"CS_BatchContent_AutomationDocType","value":"Tipo di documento di automazione"},{"id":null,"key":"CS_BatchContent_AutomationDocType_Help","value":"Il tipo di documento da utilizzare quando si aggiungono o modificano i documenti batch. Se non specificato, si utilizzerà il valore predefinito a DbaCaptureBase."},{"id":null,"key":"CS_BatchContent_OnDocumentCheckedOut","value":"Quando è stato eseguito il checkout del documento"},{"id":null,"key":"CS_BatchContent_OnDocumentCheckedOut_Help","value":"Un evento che viene emesso quando il documento è stato eseguito il checkout del documento."},{"id":null,"key":"CS_BatchContent_OnGetProperties","value":"All'acquisizione delle proprietà"},{"id":null,"key":"CS_BatchContent_OnGetProperties_Help","value":"Un evento che viene attivato quando le proprietà sono state richiamate."},{"id":null,"key":"CS_BatchContent_OnResubmitBatch","value":"Quando viene nuovamente inoltrato il batch"},{"id":null,"key":"CS_BatchContent_OnResubmitBatch_Help","value":"Un evento che viene attivato quando il batch è stato nuovamente inoltrato correttamente per l'elaborazione."},{"id":null,"key":"CS_BatchContent_OnRollbackBatch","value":"Nel batch di rollback"},{"id":null,"key":"CS_BatchContent_OnRollbackBatch_Help","value":"Un evento attivato quando è stato eseguito correttamente il roll back del batch."},{"id":null,"key":"CS_BatchContent_OnSaveBatch","value":"Durante il batch di salvataggio"},{"id":null,"key":"CS_BatchContent_OnSaveBatch_Help","value":"Un evento che viene attivato quando il batch viene salvato."},{"id":null,"key":"CS_BatchContent_OnSearchResults","value":"Al momento dei risultati della ricerca"},{"id":null,"key":"CS_BatchContent_OnSearchResults_Help","value":"Un evento attivato quando i risuktati della ricerca vengono restituiti correttamente."},{"id":null,"key":"CS_BatchContent_OnUpdateBatch","value":"Durante il batch di aggiornamento"},{"id":null,"key":"CS_BatchContent_OnUpdateBatch_Help","value":"Un evento che viene attivato quando il batch viene aggiornato."},{"id":null,"key":"CS_BatchContent_OnUpdateProperties","value":"Al momento dell'aggiornamento delle proprietà"},{"id":null,"key":"CS_BatchContent_OnUpdateProperties_Help","value":"Un evento che viene emesso quando le proprietà sono state aggiornate."},{"id":null,"key":"CS_Cancel","value":"Annulla"},{"id":null,"key":"CS_Class_Selector_Svc_Error","value":"Errore servizio"},{"id":null,"key":"CS_Class_Selector_Svc_Error_Help","value":"Emesso quando viene restituito un errore dal richiamo di un servizio."},{"id":null,"key":"CS_ContentListFilter_Cancel","value":"Annulla"},{"id":null,"key":"CS_ContentListFilter_Filter","value":"Filtra"},{"id":null,"key":"CS_ContentListFilter_GetPropDescs","value":"Acquisire le descrizioni delle proprietà"},{"id":null,"key":"CS_ContentListFilter_OnCanceFilter","value":"All'annullamento"},{"id":null,"key":"CS_ContentListFilter_OnCancelFilter_Help","value":"Un evento che viene attivato quando si fa clic sul pulsante Annulla."},{"id":null,"key":"CS_ContentListFilter_OnFilter","value":"In caso di filtro"},{"id":null,"key":"CS_ContentListFilter_OnFilter_Help","value":"Un evento che viene attivato quando si fa clic sul pulsante di filtro."},{"id":null,"key":"CS_ContentListFilter_TypeName","value":"Immetti nome"},{"id":null,"key":"CS_ContentListFilter_TypeName_Help","value":"Tipo di oggetto di ricerca."},{"id":null,"key":"CS_ContentList_AcceptFileTypes","value":"Tipi di file accettati"},{"id":null,"key":"CS_ContentList_AcceptFileTypes_Help","value":"Specificare le estensioni del tipo di file consentite quando si aggiungono nuovi documenti (ad esempio .dotx, .pdf, ecc). Quando non viene specificato, sono accettati tutti i tipi di file."},{"id":null,"key":"CS_ContentList_Actions","value":"Azioni"},{"id":null,"key":"CS_ContentList_AddButton","value":"Aggiungi"},{"id":null,"key":"CS_ContentList_AddFolder","value":"Aggiungi cartella"},{"id":null,"key":"CS_ContentList_Advanced","value":"Avanzato"},{"id":null,"key":"CS_ContentList_BatchObjects","value":"Acquisisci documenti batch"},{"id":null,"key":"CS_ContentList_Behavior","value":"Comportamento"},{"id":null,"key":"CS_ContentList_CancelCheckout","value":"Annulla checkout"},{"id":null,"key":"CS_ContentList_Case_Client_URI","value":"Case client URI"},{"id":null,"key":"CS_ContentList_Case_Client_URI_Help","value":"The URI for the Case client. Required for Case when running in a SaaS environment."},{"id":null,"key":"CS_ContentList_CheckoutDocument","value":"Documento di checkout"},{"id":null,"key":"CS_ContentList_Columns","value":"Colonne"},{"id":null,"key":"CS_ContentList_Columns_Help","value":"Le colonne da visualizzare nell'elenco. Impostare questa opzione se si desidera visualizzare le proprie proprietà personalizzate della colonna, in caso contrario viene utilizzato un set predefinito."},{"id":null,"key":"CS_ContentList_ConfigurationProperty","value":"Proprietà di configurazione"},{"id":null,"key":"CS_ContentList_ConfigurationProperty_Help","value":"Nome di una proprietà in cui i dati di configurazione saranno archiviati in formato JSON."},{"id":null,"key":"CS_ContentList_ConfigurationValues","value":"Valori di configurazione"},{"id":null,"key":"CS_ContentList_ContentItems","value":"Elementi del contenuto"},{"id":null,"key":"CS_ContentList_ContentItems_Help","value":"Elenco degli oggetti CSDocument da visualizzare. La proprietà ID è l'unica proprietà richiesta degli oggetti del documento."},{"id":null,"key":"CS_ContentList_ControllerProperty","value":"Proprietà del documento del controller"},{"id":null,"key":"CS_ContentList_ControllerProperty_Help","value":"Nome della proprietà del valore dell'oggetto nella classe del documento che si collega al controller batch."},{"id":null,"key":"CS_ContentList_DeleteBatchDocument","value":"Elimina documento batch"},{"id":null,"key":"CS_ContentList_DisableDnDAdd_Help","value":"Selezionare questa impostazione per disabilitare l'aggiunta di documenti utilizzando il trascinamento."},{"id":null,"key":"CS_ContentList_DisableTitleEvent","value":"Disabilita evento di clic sul titolo"},{"id":null,"key":"CS_ContentList_DisableTitleEvent_Help","value":"Disabilita l'attivazione dell'evento di clic sul titolo."},{"id":null,"key":"CS_ContentList_DisabledValues","value":"Valori disabilitati"},{"id":null,"key":"CS_ContentList_DisabledValues_Help","value":"Specificare i valori delle proprietà di cui verranno visualizzate le azioni sugli elementi."},{"id":null,"key":"CS_ContentList_DisplayProgressIndicator","value":"Visualizza l'indicatore di avanzamento quando si aggiungono documenti."},{"id":null,"key":"CS_ContentList_DisplayProgressIndicator_Help","value":"Selezionare questa opzione per visualizzare un indicatore di avanzamento quando si aggiungono documenti."},{"id":null,"key":"CS_ContentList_Documents","value":"Acquisisci documenti"},{"id":null,"key":"CS_ContentList_DomainName","value":"Domain name"},{"id":null,"key":"CS_ContentList_DomainName_Help","value":"Optional. The domain name to use when making upload and download requests. Set when domain name contains a country extension or more than two parts."},{"id":null,"key":"CS_ContentList_EnableSearchFilter","value":"Abilita filtro di ricerca"},{"id":null,"key":"CS_ContentList_EnableSearchFilter_Help","value":"Visualizza il componente del filtro di ricerca per specificare più parametri di ricerca su cui eseguire la query e visualizzare i risultati nella vista elenco."},{"id":null,"key":"CS_ContentList_Enable_Polling","value":"Abilita il polling dello stato del documento"},{"id":null,"key":"CS_ContentList_Enable_Polling_Help","value":"Quando impostato, il polling viene utilizzato per aggiornare lo stato dei documenti aggiunti."},{"id":null,"key":"CS_ContentList_ExtraProperties","value":"Proprietà extra"},{"id":null,"key":"CS_ContentList_ExtraProperties_Help","value":"Specificare le proprietà aggiuntive che si desidera vengano restituite con gli elementi nel set di risultati."},{"id":null,"key":"CS_ContentList_Filter_Help","value":"I valori della proprietà sono combinati con un operatore AND nel filtro di ricerca."},{"id":null,"key":"CS_ContentList_Folder","value":"Cartella"},{"id":null,"key":"CS_ContentList_FolderContainees","value":"Acquisisci i contenitori della cartella"},{"id":null,"key":"CS_ContentList_FolderId","value":"ID cartella"},{"id":null,"key":"CS_ContentList_FolderId_Help","value":"Impostare il percorso o l'ID della cartella per inizializzare l'elenco dei contenuti con il contenuto della cartella specificata. L'impostazione dell'ID della cartella avrà la precedenza sulle impostazioni di ricerca."},{"id":null,"key":"CS_ContentList_GetBatchDocumentCount","value":"Acquisisci il conteggio dei documenti batch"},{"id":null,"key":"CS_ContentList_GetClassDetails","value":"Acquisisci dettagli di classe"},{"id":null,"key":"CS_ContentList_GetContentClasses","value":"Acquisire classi di contenuto"},{"id":null,"key":"CS_ContentList_GetProperties","value":"Richiamo proprietà"},{"id":null,"key":"CS_ContentList_GraphqlService","value":"Servizio GraphQL"},{"id":null,"key":"CS_ContentList_GraphqlService_Help","value":"In caso di esecuzione in un ambiente BAW, specificare l'URL del servizio graphql che deve essere richiamato dai servizi del toolkit."},{"id":null,"key":"CS_ContentList_Height_Help","value":"L'altezza della finestra della vista dell'elenco dei contenuti."},{"id":null,"key":"CS_ContentList_HideAction_Help","value":"Controllare le impostazioni dell'azione se si desidera rimuovere questa azione dal menu a discesa."},{"id":null,"key":"CS_ContentList_HideAddDialog","value":"Nascondi finestra di dialogo Aggiungi quando si aggiungono i documenti"},{"id":null,"key":"CS_ContentList_HideAddDialog_Help","value":"Quando questa opzione viene selezionata e viene configurato un singolo tipo di documento, i documenti vengono aggiunti senza visualizzare la finestra di dialogo Aggiungi documento."},{"id":null,"key":"CS_ContentList_HideAddDocument","value":"Nascondi aggiungi documento"},{"id":null,"key":"CS_ContentList_HideAddFolder","value":"Nascondi aggiungi cartella"},{"id":null,"key":"CS_ContentList_HideCancelCheckoutDoc","value":"Nascondi annulla checkout documento"},{"id":null,"key":"CS_ContentList_HideCheckoutDocument","value":"Nascondi checkout documento"},{"id":null,"key":"CS_ContentList_HideCheckoutState","value":"Nascondi stato checkout"},{"id":null,"key":"CS_ContentList_HideCheckoutState_Help","value":"Selezionare questa opzione per abilitare o disabilitare la visualizzazione dell'icona dello stato di checkout."},{"id":null,"key":"CS_ContentList_HideDeleteDocument","value":"Nascondi elimina documento"},{"id":null,"key":"CS_ContentList_HideDeleteFolder","value":"Nascondi elimina cartella"},{"id":null,"key":"CS_ContentList_HideDownloadDocument","value":"Nascondi scarica documento"},{"id":null,"key":"CS_ContentList_HideEditDocument","value":"Nascondi modifica documento"},{"id":null,"key":"CS_ContentList_HideEditDocumentProps","value":"Nascondi modifica proprietà del documento"},{"id":null,"key":"CS_ContentList_HideEditFolderProps","value":"Nascondi modifica proprietà della cartella"},{"id":null,"key":"CS_ContentList_HideRefresh","value":"Nascondi aggiorna"},{"id":null,"key":"CS_ContentList_HideRenameFolder","value":"Nascondi rinomina cartella"},{"id":null,"key":"CS_ContentList_HideSearchField","value":"Nascondi cerca campo"},{"id":null,"key":"CS_ContentList_HideSearchField_Help","value":"Non visualizzare il campo di ricerca. I parametri di ricerca sono definiti nelle impostazioni della configurazione."},{"id":null,"key":"CS_ContentList_HideUploadNewVersionDoc","value":"Nascondi Carica nuovo documento versione"},{"id":null,"key":"CS_ContentList_HideViewDocument","value":"Nascondi visualizza documento"},{"id":null,"key":"CS_ContentList_IncludeTimeInDates","value":"Includi l'ora nelle proprietà della data"},{"id":null,"key":"CS_ContentList_IncludeTimeInDates_Help","value":"Visualizza porzione di tempo del valore della data nelle proprietà della colonna."},{"id":null,"key":"CS_ContentList_InitialPageSize","value":"Dimensione pagina iniziale"},{"id":null,"key":"CS_ContentList_InitialPageSize_Help","value":"La dimensione dell'insieme di risultati restituito per la rappresentazione nell'elenco dei contenuti. La dimensione predefinita della pagina è di 20 elementi."},{"id":null,"key":"CS_ContentList_MoreBatchObjects","value":"Ottenere più documenti batch"},{"id":null,"key":"CS_ContentList_MoreDocuments","value":"Acquisisci più documenti"},{"id":null,"key":"CS_ContentList_MoreFolderContainees","value":"Ottenere più contenitori di cartella"},{"id":null,"key":"CS_ContentList_MoreSearchREsults","value":"Acquisisci più risultati di ricerca"},{"id":null,"key":"CS_ContentList_MoreTextSearchResults","value":"Acquisisci risultati di ricerca ulteriore testo"},{"id":null,"key":"CS_ContentList_OnActionMenuOpen","value":"Al momento dell'apertura del menu azione"},{"id":null,"key":"CS_ContentList_OnActionMenuOpen_Help","value":"Un evento che viene emesso quando il menu azioni sta per essere aperto. Passa un oggetto cartella con proprietà."},{"id":null,"key":"CS_ContentList_OnAdd","value":"Quando viene aggiunto contenuto"},{"id":null,"key":"CS_ContentList_OnAdd_Help","value":"L'evento che viene emesso quando viene aggiunto un documento o una cartella. Passa un oggetto contentItem."},{"id":null,"key":"CS_ContentList_OnAllRowsSelected","value":"Quando vengono selezionate tutte le righe"},{"id":null,"key":"CS_ContentList_OnAllRowsSelected_Help","value":"Questo evento viene chiamato quando l'utente seleziona la casella di spunta Seleziona tutto e l'elenco dei contenuti è in modalità Selezione multipla. Il parametro passato \"selected\" indica se tutte o nessuna delle righe sono selezionate."},{"id":null,"key":"CS_ContentList_OnContextMenuOpen","value":"Al momento dell'apertura del menu contestuale"},{"id":null,"key":"CS_ContentList_OnContextMenuOpen_Help","value":"Un evento che viene emesso quando il menu di contesto sta per essere aperto. Passa un oggetto contenuto con proprietà."},{"id":null,"key":"CS_ContentList_OnError","value":"In caso di errore"},{"id":null,"key":"CS_ContentList_OnError_Help","value":"L'evento che viene inviato quando si verifica un errore di servizio."},{"id":null,"key":"CS_ContentList_OnFileClicked","value":"Quando si fa clic su un file"},{"id":null,"key":"CS_ContentList_OnFileClicked_Help","value":"L'evento che viene emesso quando viene selezionato un documento nella colonna principale. Passa un oggetto documento con proprietà."},{"id":null,"key":"CS_ContentList_OnFilesSelected","value":"Alla selezione dei file"},{"id":null,"key":"CS_ContentList_OnFilesSelected_Help","value":"Un evento che viene attivato quando i file sono selezionati dalla finestra di dialogo File"},{"id":null,"key":"CS_ContentList_OnFolderClicked","value":"Quando si fa clic su una cartella"},{"id":null,"key":"CS_ContentList_OnFolderClicked_Help","value":"Un evento che viene emesso quando viene selezionata una cartella nella colonna principale. Passa un oggetto cartella con proprietà."},{"id":null,"key":"CS_ContentList_OnPollResults","value":"Ai risultati del sondaggio"},{"id":null,"key":"CS_ContentList_OnPollResults_Help","value":"Attivato quando viene ricevuto un risultato del sondaggio che contiene lo stato del documento."},{"id":null,"key":"CS_ContentList_OnResults","value":"Quando sono stati caricati i risultati"},{"id":null,"key":"CS_ContentList_OnResults_Help","value":"L'evento che viene inviato quando un servizio restituisce i risultati. Passa un elenco di elementi presenti nell'elenco dei contenuti."},{"id":null,"key":"CS_ContentList_OnRowSelected","value":"Al momento della selezione della riga"},{"id":null,"key":"CS_ContentList_OnRowSelected_Help","value":"L'evento che viene emesso quando una riga viene selezionata utilizzando un pulsante di opzione o una casella di spunta. Passa l'ulteriore parametro: row (row.data.contentItem contiene l'oggetto documento o cartella con le proprietà)."},{"id":null,"key":"CS_ContentList_Polling_Exit_Values","value":"Polling dei valori della proprietà di uscita"},{"id":null,"key":"CS_ContentList_Polling_Exit_Values_Help","value":"Il polling viene arrestato quando il valore della proprietà del documento restituito dal polling è uno dei valori configurati."},{"id":null,"key":"CS_ContentList_Polling_Neg_Exit_Values","value":"Polling dei valori delle proprietà di uscita negativi"},{"id":null,"key":"CS_ContentList_Polling_Neg_Exit_Values_Help","value":"Il polling viene arrestato quando il valore della proprietà del documento restituito dal polling non è uno dei valori configurati."},{"id":null,"key":"CS_ContentList_RemoveFromFolder_Help","value":"Visualizza un'azione sul documento che rimuove un documento da una cartella."},{"id":null,"key":"CS_ContentList_RenameFolder","value":"Ridenomina cartella"},{"id":null,"key":"CS_ContentList_Resources","value":"Risorse"},{"id":null,"key":"CS_ContentList_Resources_Help","value":"Impostare su un bundle di risorse esterno per estrarre le risorse stringa localizzate per le intestazioni di colonna e le etichette del filtro di elenco delle proprietà."},{"id":null,"key":"CS_ContentList_RootFolderName","value":"Nome cartella root"},{"id":null,"key":"CS_ContentList_RootFolderName_Help","value":"Il nome di visualizzazione della cartella root da utilizzare al posto del nome della cartella nel repository di Content Services."},{"id":null,"key":"CS_ContentList_ScopeFolderActions","value":"Scope folder actions"},{"id":null,"key":"CS_ContentList_ScopeFolderActions_Help","value":"Scopes the Add and Move to folder actions to the root folder specified in the Folder configuration settings."},{"id":null,"key":"CS_ContentList_Search","value":"Ricerca"},{"id":null,"key":"CS_ContentList_SearchFilterProperties","value":"Cerca proprietà del filtro"},{"id":null,"key":"CS_ContentList_SearchFilterProperties_Help","value":"Specificare l'insieme delle proprietà su cui si desidera eseguire la query per popolare la vista elenco. I valori della proprietà sono combinati con un operatore AND nel filtro di ricerca."},{"id":null,"key":"CS_ContentList_SearchFolderId","value":"Cerca nell'ID cartella"},{"id":null,"key":"CS_ContentList_SearchFolderId_Help","value":"L'ID della cartella in cui avviare la ricerca. Questa è un'impostazione facoltativa che imita la ricerca alla cartella specificata. Se non impostata, la ricerca viene effettuata nell'intero object store."},{"id":null,"key":"CS_ContentList_SearchFor","value":"Cerca per"},{"id":null,"key":"CS_ContentList_SearchFor_Help","value":"Cerca elementi dei documenti o delle cartelle."},{"id":null,"key":"CS_ContentList_SearchOnlyFolder","value":"Cerca solo in questa cartella"},{"id":null,"key":"CS_ContentList_SearchOnlyFolder_Help","value":"Non includere la ricerca nelle sottocartelle."},{"id":null,"key":"CS_ContentList_SearchOperator","value":"Operatore"},{"id":null,"key":"CS_ContentList_SearchOperator_Help","value":"L'operatore di query che si desidera utilizzare, come ad esempio Inizia con, Termina con, Uguale, Non uguale, \\=, <, >, <>, >\\=, <\\=, e così via."},{"id":null,"key":"CS_ContentList_SearchProperty","value":"Proprietà di ricerca"},{"id":null,"key":"CS_ContentList_SearchPropertyCardinality","value":"Cardinalità della proprietà di ricerca"},{"id":null,"key":"CS_ContentList_SearchPropertyCardinality_Help","value":"Specifica se la proprietà di ricerca è a valore singolo o multiplo."},{"id":null,"key":"CS_ContentList_SearchPropertyType","value":"Tipo di proprietà di ricerca"},{"id":null,"key":"CS_ContentList_SearchPropertyType_Help","value":"Il tipo di dati della proprietà di ricerca specificata."},{"id":null,"key":"CS_ContentList_SearchProperty_Help","value":"Il nome simbolico della proprietà su cui si desidera effettuare la ricerca."},{"id":null,"key":"CS_ContentList_SearchResults","value":"Acquisisci risultati di ricerca"},{"id":null,"key":"CS_ContentList_SearchRootName","value":"Nome ricerca root"},{"id":null,"key":"CS_ContentList_SearchRootName_Help","value":"Il nome di visualizzazione della ricerca root da utilizzare sul breadcrumb."},{"id":null,"key":"CS_ContentList_SearchTextOptions","value":"Opzioni di testo"},{"id":null,"key":"CS_ContentList_SearchTextOptions_Help","value":"Configurare la ricerca in modo da includere una query della base dei contenuti in aggiunta alla ricerca della proprietà specificata."},{"id":null,"key":"CS_ContentList_SearchType","value":"Tipo di ricerca"},{"id":null,"key":"CS_ContentList_SearchType_Help","value":"Cerca oggetti di determinato tipo."},{"id":null,"key":"CS_ContentList_SearchValue","value":"Valore predefinito"},{"id":null,"key":"CS_ContentList_SearchValue_Help","value":"Il valore da cercare. Se lasciato vuoto, gli utenti possono inserire un valore per richiamare la ricerca in fase di runtime."},{"id":null,"key":"CS_ContentList_SecondaryProperty","value":"Proprietà secondaria dello stato"},{"id":null,"key":"CS_ContentList_SecondaryProperty_Help","value":"Selezionare una proprietà da utilizzare come proprietà di stato secondaria personalizzata."},{"id":null,"key":"CS_ContentList_SelectionMode","value":"Modalità di selezione"},{"id":null,"key":"CS_ContentList_SelectionMode_Help","value":"Selezione singola, selezione multipla o nessuna."},{"id":null,"key":"CS_ContentList_Services","value":"Servizi"},{"id":null,"key":"CS_ContentList_ShowAddToFolder","value":"Mostra Aggiungi a cartella"},{"id":null,"key":"CS_ContentList_ShowAddToFolder_Help","value":"Visualizza un'azione sul documento che aggiunge un documento a una cartella."},{"id":null,"key":"CS_ContentList_ShowCustomState","value":"Mostra stato personalizzato"},{"id":null,"key":"CS_ContentList_ShowCustomState_Help","value":"Selezionare questa opzione per abilitare o disabilitare la visualizzazione di un'icona di stato personalizzato."},{"id":null,"key":"CS_ContentList_ShowListAnnotations","value":"Mostra annotazioni elenco"},{"id":null,"key":"CS_ContentList_ShowListAnnotations_Help","value":"Visualizza l'elenco di annotazioni associate ad un documento."},{"id":null,"key":"CS_ContentList_ShowListVersions","value":"Mostra versioni elenco"},{"id":null,"key":"CS_ContentList_ShowListVersions_Help","value":"Visualizza la cronologia delle versioni di un documento."},{"id":null,"key":"CS_ContentList_ShowMoveToFolder","value":"Mostra Sposta nella cartella"},{"id":null,"key":"CS_ContentList_ShowMoveToFolder_Help","value":"Visualizza un'azione sul documento che sposta un documento da una cartella all'altra."},{"id":null,"key":"CS_ContentList_ShowRemoveFromFolder","value":"Mostra Rimuovi da cartella"},{"id":null,"key":"CS_ContentList_SortOrder","value":"Criterio di ordinamento"},{"id":null,"key":"CS_ContentList_SortOrder_Help","value":"Criterio di ordinamento predefinito, ascendente o discendente."},{"id":null,"key":"CS_ContentList_SortProperty","value":"Ordina in base alla proprietà"},{"id":null,"key":"CS_ContentList_SortProperty_Help","value":"Selezionare la proprietà da utilizzare per ordinare il set di risultati."},{"id":null,"key":"CS_ContentList_StateProperty","value":"Proprietà stato"},{"id":null,"key":"CS_ContentList_StateProperty_Help","value":"Selezionare una proprietà da utilizzare come proprietà di stato personalizzata."},{"id":null,"key":"CS_ContentList_Status_Polling_Interval","value":"Intervallo di polling dello stato"},{"id":null,"key":"CS_ContentList_Status_Polling_Interval_Help","value":"Numero di secondi tra le richieste di sondaggio dello stato dei documenti aggiunti."},{"id":null,"key":"CS_ContentList_Status_Polling_Property","value":"Proprietà di polling dello stato"},{"id":null,"key":"CS_ContentList_Status_Polling_Property_Help","value":"Proprietà sondata per ottenere lo stato dei documenti aggiunti."},{"id":null,"key":"CS_ContentList_Status_Polling_Timeout","value":"Timeout di polling del documento"},{"id":null,"key":"CS_ContentList_Status_Polling_Timeout_Help","value":"Il numero di secondi per documento dopo cui il polling viene arrestato se non viene soddisfatta una condizione di uscita."},{"id":null,"key":"CS_ContentList_TableRowHeight","value":"Altezza riga della tabella"},{"id":null,"key":"CS_ContentList_TableRowHeight_Help","value":"Impostazione utilizzata per specificare l'altezza della riga della tabella elenco dei contenuti."},{"id":null,"key":"CS_ContentList_TextSearchResults","value":"Acquisisci risultati di ricerca del testo"},{"id":null,"key":"CS_ContentList_UpdateProperties","value":"Proprietà di aggiornamento"},{"id":null,"key":"CS_ContentList_ViewMode","value":"Modalità di visualizzazione"},{"id":null,"key":"CS_ContentList_ViewMode_Help","value":"Specifica la modalità di visualizzazione dell'Elenco contenuti. Se impostato su una delle opzioni, includerà un pulsante Impostazioni nella barra degli strumenti."},{"id":null,"key":"CS_ContentList_Width_Help","value":"La larghezza della finestra della vista dell'elenco dei contenuti."},{"id":null,"key":"CS_ContentLlist_DisableDnDAdd","value":"Disabilita aggiunta tramite trascinamento"},{"id":null,"key":"CS_ContentLlist_Polling_Neg_Exit_Values_Help","value":"Il polling viene arrestato quando il valore della proprietà del documento restituito dal polling non è uno dei valori configurati."},{"id":null,"key":"CS_ContentViewerHeight_Help","value":"Imposta l'altezza della finestra del visualizzatore. Se non impostato, verrà utilizzato il valore predefinito 480px."},{"id":null,"key":"CS_ContentViewerWidth_Help","value":"Imposta la larghezza della finestra del visualizzatore. Se non è impostato, verrà utilizzato il valore predefinito 600px."},{"id":null,"key":"CS_ContentViewer_FitHeight","value":"Adatta in altezza"},{"id":null,"key":"CS_ContentViewer_FitWidth","value":"Adatta alla larghezza"},{"id":null,"key":"CS_ContentViewer_Height","value":"Altezza"},{"id":null,"key":"CS_ContentViewer_OnLoad","value":"Al momento del caricamento"},{"id":null,"key":"CS_ContentViewer_Width","value":"Larghezza"},{"id":null,"key":"CS_ContestList_MaxAddDocs_Help","value":"Specifica il numero massimo di documenti che gli utenti possono aggiungere ogni volta. Il valore predefinito massimo è 50, ma è possibile impostare il valore massimo fino a 300."},{"id":null,"key":"CS_DeleteObject_DeleteObject","value":"Elimina oggetto"},{"id":null,"key":"CS_DeleteObject_OnDeleteObject","value":"Al momento dell'eliminazione dell'oggetto"},{"id":null,"key":"CS_DeleteObject_OnDeleteObjectHelp","value":"Un evento che viene attivato una volta che l'oggetto viene eliminato."},{"id":null,"key":"CS_DepDocPropertiesProperty","value":"Proprietà del documento dipendente"},{"id":null,"key":"CS_DepDocPropertiesProperty_Help","value":"Il nome simbolico della proprietà del valore dell'oggetto che punta al documento contenente i valori JSON da visualizzare."},{"id":null,"key":"CS_DepDocumentProperties_OnError","value":"In caso di errore"},{"id":null,"key":"CS_DepDocumentProperties_OnError_Help","value":"Un evento che viene attivato quando si verifica un errore durante il richiamo dei valori della proprietà."},{"id":null,"key":"CS_DocumentReference_AddDocMode","value":"Aggiungi modalità documento"},{"id":null,"key":"CS_DocumentReference_AddDocMode_Help","value":"Impostazione che controlla il processo di aggiunta del documento. Selezionare Nessuno per nessun supporto aggiuntivo, Aggiungi nessuna interfaccia utente non visualizzerà alcuna interfaccia utente e Aggiungi con proprietà visualizzerà la finestra di dialogo Aggiungi documento."},{"id":null,"key":"CS_DocumentReference_AllowsActions","value":"Consente azioni"},{"id":null,"key":"CS_DocumentReference_AllowsActions_Help","value":"Abilita il menu contestuale a discesa delle azioni di gestione dei contenuti in visualizza componente."},{"id":null,"key":"CS_DocumentReference_AllowsRemoveDoc","value":"Consente cancellazione documento"},{"id":null,"key":"CS_DocumentReference_AllowsRemoveDoc_Help","value":"Abilita l'azione di cancellazione del documento in visualizza componente. Questa azione cancella il documento sola dalla vista e non lo elimina dal repository."},{"id":null,"key":"CS_DocumentReference_DocumentId","value":"ID documento"},{"id":null,"key":"CS_DocumentReference_DocumentId_Help","value":"L'Id del documento che si desidera caricare in questa vista."},{"id":null,"key":"CS_DocumentReference_EnableTitleAction","value":"Abilita azione del menu del clic del titolo"},{"id":null,"key":"CS_DocumentReference_EnableTitleAction_Help","value":"Consente di fare clic sul testo del titolo del documento ed esegue la prima azione elencata nel menu contestuale."},{"id":null,"key":"CS_DocumentReference_EnableTitleEvent","value":"Abilita evento title click"},{"id":null,"key":"CS_DocumentReference_EnableTitleEvent_Help","value":"Consente di fare clic sul testo del titolo del documento e di attivare un evento clic che passa un parametro evento Oggetto contenuto."},{"id":null,"key":"CS_DocumentReference_HelperText","value":"Testo di aiuto"},{"id":null,"key":"CS_DocumentReference_HelperText_Help","value":"Testo di aiuto visualizzato sotto il campo di input."},{"id":null,"key":"CS_DocumentReference_HintText","value":"Testo di suggerimento"},{"id":null,"key":"CS_DocumentReference_HintText_Help","value":"Testo di suggerimento da visualizzare nel campo quando non viene specificato alcun documento."},{"id":null,"key":"CS_DocumentReference_OnClear","value":"Al momento della cancellazione"},{"id":null,"key":"CS_DocumentReference_OnClear_Help","value":"Un evento attivato quando l'utente richiama l'azione di cancellazione."},{"id":null,"key":"CS_DocumentReference_OnClick","value":"Al momento del clic"},{"id":null,"key":"CS_DocumentReference_OnClick_Help","value":"Un evento che viene attivato quando è stato fatto clic sul titolo del documento."},{"id":null,"key":"CS_DocumentReference_ViewMode","value":"Modalità di visualizzazione"},{"id":null,"key":"CS_DocumentReference_ViewMode_Help","value":"Impostare su Normal per visualizzare i tipi mime e il titolo del documento oppure impostare su Thumbnail per vedere la miniatura del documento e il titolo."},{"id":null,"key":"CS_DocumentViewer_Features","value":"Funzioni"},{"id":null,"key":"CS_DocumentViewer_IcnRepository","value":"Repository Navigator"},{"id":null,"key":"CS_DocumentViewer_IcnRepository_Help","value":"Nome del repository Navigator da utilizzare quando si apre l'URL del segnalibro per visualizzare il documento. Obbligatorio, se al desktop Navigator è assegnato più di un repository."},{"id":null,"key":"CS_DocumentViewer_ShowBanner","value":"Visualizza banner"},{"id":null,"key":"CS_DocumentViewer_ShowBanner_Help","value":"Abilitare questa impostazione per visualizzare la barra del banner sopra la finestra del visualizzatore."},{"id":null,"key":"CS_DocumentViewer_ShowTitleBar","value":"Mostra barra del titolo"},{"id":null,"key":"CS_DocumentViewer_ShowTitleBar_Help","value":"Abilitare questa opzione per visualizzare la barra del titolo sopra la finestra del visualizzatore."},{"id":null,"key":"CS_DocumentViewer_Viewer","value":"Visualizzatore"},{"id":null,"key":"CS_Document_Classes","value":"Classi di documento"},{"id":null,"key":"CS_Document_Classes_Help","value":"Un insieme di classi di documenti visualizzate quando vengono aggiunti nuovi documenti. Se non impostata, le classi di documenti vengono richiamate dal server. I nomi immessi vengono visualizzati dall'utente ed i valori corrispondono al nome simbolico di ciascuna classe di documenti."},{"id":null,"key":"CS_Done","value":"Fine"},{"id":null,"key":"CS_Event_OnLoad","value":"A vista caricata"},{"id":null,"key":"CS_Event_OnLoad_Help","value":"Un evento che viene sparato quando la vista ha terminato il caricamento."},{"id":null,"key":"CS_ExportClassificationDataOnError","value":"In caso di errore"},{"id":null,"key":"CS_ExportClassificationDataOnError_Help","value":"Un evento che viene attivato quando si verifica un errore durante il download dei dati di classificazione."},{"id":null,"key":"CS_ExportClassificationDataOnSuccess","value":"In caso di esito positivo"},{"id":null,"key":"CS_ExportClassificationDataOnSuccess_Help","value":"Un evento che viene attivato quando i dati di classificazione sono stati scaricati correttamente."},{"id":null,"key":"CS_ExportProcessingData_DownloadTables","value":"Scarica i dati della tabella (verranno scaricati più file)"},{"id":null,"key":"CS_ExportProcessingData_ExportButton","value":"Esporta dati"},{"id":null,"key":"CS_ExportProcessingData_FileName","value":"Nome file"},{"id":null,"key":"CS_ExportProcessingData_GetAnnotations","value":"Acquisisci annotazioni di elaborazione del documento"},{"id":null,"key":"CS_ExportProcessingData_Help","value":"Assegnare al file un nome e selezionare un tipo di file da esportare."},{"id":null,"key":"CS_ExportProcessingData_LearnMoreLink","value":"Scopri più link"},{"id":null,"key":"CS_ExportProcessingData_LearnMoreLinkHelp","value":"Indirizzo web che ha lo scopo di aiutare con l'esportazione delle tabelle in formato CSV."},{"id":null,"key":"CS_ExportProcessingData_OnExportStart","value":"All'avvio dell'esportazione"},{"id":null,"key":"CS_ExportProcessingData_OnExportStart_Help","value":"Attivato quando l'utente fa clic sul pulsante Esporta dati nella finestra di dialogo e l'esportazione inizia."},{"id":null,"key":"CS_FileDocument_OnFile","value":"Su file"},{"id":null,"key":"CS_FileDocument_OnFile_Help","value":"Un evento che viene attivato quando un documento viene archiviato in una cartella."},{"id":null,"key":"CS_FileDocument_Service","value":"Archivia documento"},{"id":null,"key":"CS_FileDropZone_AcceptFileTypes","value":"Tipi di file accettati"},{"id":null,"key":"CS_FileDropZone_AcceptFileTypes_Help","value":"Specificare i tipi di file che la zona di rilascio del file accetterà. I tipi di file devono essere specificati come stringhe di estensione dot."},{"id":null,"key":"CS_FileDropZone_DetailMessage","value":"Messaggio di dettaglio"},{"id":null,"key":"CS_FileDropZone_DetailMessage_Help","value":"Stringa del messaggio visualizzato sopra la zona di rilascio file."},{"id":null,"key":"CS_FileDropZone_DocumentType","value":"Tipo documento"},{"id":null,"key":"CS_FileDropZone_DocumentType_Help","value":"Tipo di documento da utilizzare quando si aggiungono documenti. Se non impostato, viene utilizzato il tipo di documento predefinito."},{"id":null,"key":"CS_FileDropZone_FolderId_Help","value":"ID della cartella in cui verranno aggiunti i documenti. Se non specificato, i documenti non saranno archiviati."},{"id":null,"key":"CS_FileDropZone_Height_Help","value":"L'altezza dell'area zona di rilascio file."},{"id":null,"key":"CS_FileDropZone_MaxAddDoc","value":"Numero massimo di documenti da aggiungere"},{"id":null,"key":"CS_FileDropZone_MaxAddDoc_Help","value":"Specifica il numero massimo di documenti che gli utenti possono aggiungere ogni volta. Il massimo predefinito è di 50."},{"id":null,"key":"CS_FileDropZone_MaxDocumentSize","value":"Dimensione massima del documento"},{"id":null,"key":"CS_FileDropZone_MaxDocumentSize_Help","value":"La dimensione massima del documento in KB consentita. La dimensione 0 indica illimitata."},{"id":null,"key":"CS_FileDropZone_Width_Help","value":"La larghezza dell'area zona di rilascio file."},{"id":null,"key":"CS_Folder_Classes","value":"Classi cartella"},{"id":null,"key":"CS_Folder_Classes_Help","value":"Un insieme di classi di cartelle visualizzate quando vengono aggiunte nuove cartelle. Se non impostata, le classi di cartelle vengono richiamate dal server. I nomi immessi vengono visualizzati dall'utente ed i valori corrispondono ai nomi simbolici di ciascuna classe di cartelle."},{"id":null,"key":"CS_GetContent_GetAnnotation","value":"Acquisisci annotazione"},{"id":null,"key":"CS_GetContent_GetAppResourceInfo","value":"Acquisisci info risorsa app"},{"id":null,"key":"CS_GetContent_GetClassAccess","value":"Ottenere accesso di classe"},{"id":null,"key":"CS_GetContent_GetVersionSeries","value":"Acquisisci serie di versioni"},{"id":null,"key":"CS_GetContent_OnContentReceived","value":"Quando vengono ricevuti contenuti"},{"id":null,"key":"CS_GetContent_OnContentReceived_Help","value":"Un evento che viene attivato quando il contenuto del documento viene restituito nella risposta."},{"id":null,"key":"CS_GetContent_OnGetClassAccess","value":"Accesso alla classe Get"},{"id":null,"key":"CS_GetContent_OnGetClassAccess_Help","value":"Un evento attivato quando viene restituita la risposta di accesso alla classe Get."},{"id":null,"key":"CS_GetContent_OnPropertiesUpdated","value":"Nelle proprietà aggiornate"},{"id":null,"key":"CS_GetContent_OnPropertiesUpdated_Help","value":"Un evento attivato quando le proprietà sono state recuperate ed aggiornate nell'oggetto elemento contenuto."},{"id":null,"key":"CS_Height","value":"Altezza"},{"id":null,"key":"CS_Hide_Time_Picker","value":"Nascondi selezionatori di tempo quando si modificano i valori di data e ora"},{"id":null,"key":"CS_Hide_Time_Picker_Help","value":"Quando impostata, nasconde l'interfaccia per la modifica della porzione di tempo dei valori di data e ora."},{"id":null,"key":"CS_ListAnnotations_Annotations","value":"Annotazioni"},{"id":null,"key":"CS_ListAnnotations_GetAnnotations","value":"Acquisisci annotazioni"},{"id":null,"key":"CS_ListAnnotations_OnDone","value":"In caso di fine"},{"id":null,"key":"CS_ListAnnotations_OnDone_Help","value":"Un evento che viene attivato quando viene chiusa la finestra di dialogo di elenco annotazioni."},{"id":null,"key":"CS_ListVersions_GetVersions","value":"Acquisisci versioni"},{"id":null,"key":"CS_ListVersions_Versions","value":"Versioni"},{"id":null,"key":"CS_Modal_OnCancel","value":"All'annullamento"},{"id":null,"key":"CS_Modal_OnCancel_Help","value":"Un evento che viene generato quando l'utente esce dalla visualizzazione di un modale."},{"id":null,"key":"CS_Move","value":"Sposta"},{"id":null,"key":"CS_MoveDocument","value":"Sposta documento"},{"id":null,"key":"CS_MoveDocument_GetFolderRcr","value":"Ottieni l'rcrs della cartella"},{"id":null,"key":"CS_MoveDocument_MoveFrom","value":"Sposta da"},{"id":null,"key":"CS_MoveDocument_OnMove","value":"Allo spostamento"},{"id":null,"key":"CS_MoveDocument_OnMove_Help","value":"Un evento che viene attivato quando si sposta un documento in una cartella."},{"id":null,"key":"CS_MoveToFolder","value":"Sposta nella cartella"},{"id":null,"key":"CS_MoveToFolder_Desc","value":"È possibile spostare i documenti da una cartella all'altra."},{"id":null,"key":"CS_OK","value":"Ok"},{"id":null,"key":"CS_ObjectStoreName","value":"Nome repository"},{"id":null,"key":"CS_ObjectStoreName_Help","value":"Nome object store dalla console di gestione per Content Platform Engine."},{"id":null,"key":"CS_On_Class_Selected","value":"Al momento della selezione della classe"},{"id":null,"key":"CS_On_Class_Selected_Help","value":"L'evento che viene emesso quando l'utente seleziona una classe."},{"id":null,"key":"CS_ProgressIndicator_OnClose","value":"In chiusura"},{"id":null,"key":"CS_ProgressIndicator_OnClose_Help","value":"Emesso quando l'indicatore di avanzamento è chiuso."},{"id":null,"key":"CS_ProgressIndicator_OnFileRemoved","value":"Al momento della rimozione del file"},{"id":null,"key":"CS_ProgressIndicator_OnFileRemoved_Help","value":"Emesso quando un file in sospeso viene rimosso dall'indicatore di avanzamento"},{"id":null,"key":"CS_PropertyList_Display_Edit","value":"Visualizza pulsanti per la modifica dei valori delle proprietà"},{"id":null,"key":"CS_PropertyList_Display_Edit_Help","value":"Visualizza pulsanti in una barra degli strumenti che consentono agli utenti di modificare i valori delle proprietà."},{"id":null,"key":"CS_PropertyPoller_OnError","value":"In caso di errore"},{"id":null,"key":"CS_PropertyPoller_OnError_Help","value":"Emesso quando si verifica un errore durante il polling di una proprietà."},{"id":null,"key":"CS_PropertyPoller_OnResults","value":"In base ai risultati"},{"id":null,"key":"CS_PropertyPoller_OnResults_Help","value":"Attivato quando vengono ricevuti i risultati da una richiesta di poll."},{"id":null,"key":"CS_PropertyPoller_OnStatus","value":"Quando vengono restituite informazioni sulla proprietà"},{"id":null,"key":"CS_PropertyPoller_OnStatus_Help","value":"Emesso quando i dati vengono restituiti dal polling del server alla ricerca delle informazioni sulla proprietà."},{"id":null,"key":"CS_Query_ExecuteOnChange","value":"Esegui ricerca in caso di modifica"},{"id":null,"key":"CS_Query_ExecuteOnChange_Help","value":"Esegue la ricerca configurata quando si verifica l'evento di modifica della vista nel componente."},{"id":null,"key":"CS_Query_ExecuteOnView","value":"Esegui ricerca nella vista"},{"id":null,"key":"CS_Query_ExecuteOnView_Help","value":"Esegue la ricerca configurata quando nel componente si verifica l'evento della vista coach."},{"id":null,"key":"CS_Query_MaxResults","value":"Numero massimo risultati"},{"id":null,"key":"CS_Query_MaxResults_Help","value":"Il numero massimo di risultati che la query deve restituire."},{"id":null,"key":"CS_Query_OnError","value":"In caso di errore"},{"id":null,"key":"CS_Query_OnError_Help","value":"Emesso quando si verifica un errore."},{"id":null,"key":"CS_Query_OnSearchResults","value":"Al momento dei risultati della ricerca"},{"id":null,"key":"CS_Query_OnSearchResults_Help","value":"Emesso quando i risultati della ricerca vengono restituiti dal server."},{"id":null,"key":"CS_Query_ResultProperties","value":"Proprietà del risultato"},{"id":null,"key":"CS_Query_ResultProperties_Help","value":"I nomi simbolici delle proprietà restituite nei risultati della ricerca."},{"id":null,"key":"CS_Query_SearchValue","value":"Valori di ricerca"},{"id":null,"key":"CS_Query_SearchValue_Help","value":"I valori da ricercare."},{"id":null,"key":"CS_Remove","value":"Rimuove"},{"id":null,"key":"CS_RemoveFromFolder","value":"Rimuovi dalla cartella"},{"id":null,"key":"CS_RemoveFromFolder_Desc","value":"È possibile rimuovere documenti dalle cartelle. Tuttavia, la rimozione di un documento da tutte le cartelle, non rimuove il documento dal repository. È ancora possibile richiamare il documento eseguendo una ricerca.  Nell'elenco vengono visualizzate solo le cartelle per cui si detengono privilegi di visualizzazione. "},{"id":null,"key":"CS_RemoveFromFolder_FilterHint","value":"Filtra elenco"},{"id":null,"key":"CS_RemoveFromFolder_UnfileDocument","value":"Annulla archiviazione documento"},{"id":null,"key":"CS_Repository","value":"Repository"},{"id":null,"key":"CS_RepositoryId","value":"ID repository"},{"id":null,"key":"CS_RepositoryId_Help","value":"L'ID repository da IBM Navigator. Questo valore viene utilizzato dal visualizzatore del documento."},{"id":null,"key":"CS_Save","value":"Salva"},{"id":null,"key":"CS_SearchOperator_OnChange","value":"Quando viene modificato l'operatore"},{"id":null,"key":"CS_SearchProperty_AddBlankSelection","value":"Aggiungi selezione vuota"},{"id":null,"key":"CS_SearchProperty_AddBlankSelection_Help","value":"Includere una selezione vuota nell'elenco di proprietà."},{"id":null,"key":"CS_SearchProperty_IncludeHidden","value":"Includi nascosti"},{"id":null,"key":"CS_SearchProperty_IncludeHidden_Help","value":"Includere le proprietà nascoste nell'elenco di selezione."},{"id":null,"key":"CS_SearchProperty_IsSearchable","value":"Disponibile per la ricerca"},{"id":null,"key":"CS_SearchProperty_IsSearchable_Help","value":"Includere solo le proprietà disponibili per la ricerca."},{"id":null,"key":"CS_SearchProperty_OnChangeProperty","value":"Quando si modifica la proprietà"},{"id":null,"key":"CS_SearchProperty_OnChangeProperty_Help","value":"Un evento che viene attivato quando si modifica la proprietà selezionata."},{"id":null,"key":"CS_SearchProperty_OnResult","value":"In base ai risultati"},{"id":null,"key":"CS_SearchProperty_OnResult_Help","value":"Un evento che viene attivato quando termina il caricamento dell'elenco di selezione delle proprietà."},{"id":null,"key":"CS_SearchProperty_SearchFor","value":"Cerca per"},{"id":null,"key":"CS_SearchProperty_SearchFor_Help","value":"I tipi di oggetto da ricercare; Documento o Cartella."},{"id":null,"key":"CS_SelectFiles","value":"Seleziona file"},{"id":null,"key":"CS_SelectObject_DateValue","value":"Valore data"},{"id":null,"key":"CS_SelectObject_DecimalValue","value":"Valore decimale"},{"id":null,"key":"CS_SelectObject_Desc","value":"Selezionare un oggetto dall'elenco."},{"id":null,"key":"CS_SelectObject_DisplayMode","value":"Modalità di visualizzazione"},{"id":null,"key":"CS_SelectObject_DisplayMode_Help","value":"Modalità di visualizzazione da utilizzare quando si popola l'elenco di contenuti."},{"id":null,"key":"CS_SelectObject_IntegerValue","value":"Valore intero"},{"id":null,"key":"CS_SelectObject_OnChange","value":"Alla modifica"},{"id":null,"key":"CS_SelectObject_OnSelect","value":"Alla selezione"},{"id":null,"key":"CS_SelectObject_OnSelect_Help","value":"Un evento che viene attivato quando è stato selezionato un oggetto nella finestra di dialogo."},{"id":null,"key":"CS_SelectObject_Search","value":"Ricerca"},{"id":null,"key":"CS_SelectObject_SearchOperator","value":"Operatore"},{"id":null,"key":"CS_SelectObject_SearchProperty","value":"Proprietà di ricerca"},{"id":null,"key":"CS_SelectObject_SearchValue","value":"Valore"},{"id":null,"key":"CS_SelectObject_Select","value":"Seleziona"},{"id":null,"key":"CS_SelectObject_SelectObject","value":"Seleziona oggetto"},{"id":null,"key":"CS_SelectObject_SelectObjectType","value":"Seleziona tipo di oggetto"},{"id":null,"key":"CS_SelectObject_SelectObjectType_Help","value":"Tipo di oggetto per consentire la selezione; Documento o Cartella."},{"id":null,"key":"CS_SelectObject_SelectValue","value":"Seleziona valore"},{"id":null,"key":"CS_SelectObject_StringValue","value":"Valore di stringa"},{"id":null,"key":"CS_SetDocClass_AddButton","value":"Aggiungi"},{"id":null,"key":"CS_SetDocClass_AutoClassifyButton","value":"Classificazione automatica"},{"id":null,"key":"CS_SetDocClass_ClassifyButton","value":"Classifica"},{"id":null,"key":"CS_SetDocClass_Description","value":"Per specificare manualmente il tipo di documento, selezionare prima i file in tabella. Utilizzare l'opzione di classifica, per assegnare il tipo di documento per i file selezionati. Se un file non è stato classificato manualmente, il sistema lo classificherà automaticamente."},{"id":null,"key":"CS_SetDocClass_DeselectButton","value":"Deseleziona"},{"id":null,"key":"CS_SetDocClass_Filter_Placeholder","value":"Elenco filtri"},{"id":null,"key":"CS_SetDocClass_Modal_Heading","value":"Aggiungi file"},{"id":null,"key":"CS_SummaryCard_Details","value":"Dettagli"},{"id":null,"key":"CS_SummaryCard_Details_Help","value":"Visualizzati nella sezione dettagli della scheda di riepilogo."},{"id":null,"key":"CS_SummaryCard_DisplayHelpIcon","value":"Icona Visualizza guida"},{"id":null,"key":"CS_SummaryCard_DisplayHelpIcon_Help","value":"Quando contrassegnata, visualizza un'icona della guida nella scheda."},{"id":null,"key":"CS_SummaryCard_HelpLearnMoreUrl","value":"Guida URL Ulteriori informazioni"},{"id":null,"key":"CS_SummaryCard_HelpLearnMoreUrl_Help","value":"Un collegamento a Ulteriori informazioni. Quando viene impostato, nel suggerimento della guida viene visualizzato un pulsante che, quando selezionato, visualizza la pagina specificata nel collegamento."},{"id":null,"key":"CS_SummaryCard_HelpText","value":"Testo della guida"},{"id":null,"key":"CS_SummaryCard_HelpText_Help","value":"Testo o ID del messaggio visualizzati in un suggerimento quando l'utente fa clic sull'icona della guida."},{"id":null,"key":"CS_SummaryCard_OnClick","value":"Al momento del clic"},{"id":null,"key":"CS_SummaryCard_OnClick_Help","value":"Emesso quando si fa clic sulla scheda di riepilogo."},{"id":null,"key":"CS_SummaryCard_Title","value":"Titolo"},{"id":null,"key":"CS_SummaryCard_Title_Help","value":"Visualizzato come titolo della scheda di riepilogo."},{"id":null,"key":"CS_Upload","value":"Carica"},{"id":null,"key":"CS_UploadContent_GetClassDetails","value":"Acquisisci dettagli di classe"},{"id":null,"key":"CS_UploadContent_MaxUploads","value":"Upload massimi simultanei"},{"id":null,"key":"CS_UploadContent_MaxUploads_Help","value":"Il numero massimo di upload che verranno eseguiti contemporaneamente."},{"id":null,"key":"CS_UploadContent_OnContentAdded","value":"Quando viene aggiunto contenuto"},{"id":null,"key":"CS_UploadContent_OnContentAdded_Help","value":"Un evento che viene attivato quando il contenuto viene caricato correttamente."},{"id":null,"key":"CS_UploadContent_OnError","value":"In caso di errore"},{"id":null,"key":"CS_UploadContent_OnError_Help","value":"Un evento che viene attivato quando si verifica un errore durante il caricamento del contenuto."},{"id":null,"key":"CS_UploadVersion_OnUploadVersion","value":"Al momento del caricamento della versione"},{"id":null,"key":"CS_UploadVersion_OnUploadVersionHelp","value":"Un evento che viene emesso quando viene caricata una nuova versione del documento."},{"id":null,"key":"CS_Width","value":"Larghezza"},{"id":null,"key":"pathName","value":"Nome percorso"}]}