{"id":"50.adeae4bd-e860-48f8-8f12-9436f7840773/2064.91e0f284-0db5-4f27-994d-d0f601dabca4","localeLanguage":"ru","localeCountry":"","localeVariant":"","localeDisplayName":"CSResource","resourceBundleKey":[{"id":null,"key":"CS_Add","value":"Add"},{"id":null,"key":"CS_BatchContent_AutomationDocType","value":"Automation document type"},{"id":null,"key":"CS_BatchContent_AutomationDocType_Help","value":"The document type to be used when adding or modifying batch documents. If not specified, the value defaults to DbaCaptureBase."},{"id":null,"key":"CS_BatchContent_OnDocumentCheckedOut","value":"On document checked out"},{"id":null,"key":"CS_BatchContent_OnDocumentCheckedOut_Help","value":"An event that is fired when the document has been checked out."},{"id":null,"key":"CS_BatchContent_OnGetProperties","value":"On get properties"},{"id":null,"key":"CS_BatchContent_OnGetProperties_Help","value":"An event that is fired when the properties have been retrieved."},{"id":null,"key":"CS_BatchContent_OnResubmitBatch","value":"On resubmit batch"},{"id":null,"key":"CS_BatchContent_OnResubmitBatch_Help","value":"An event that is fired when the batch has been resubmitted for processing successfully."},{"id":null,"key":"CS_BatchContent_OnRollbackBatch","value":"On rollback batch"},{"id":null,"key":"CS_BatchContent_OnRollbackBatch_Help","value":"An event that is fired when the batch has been rolled back successfully."},{"id":null,"key":"CS_BatchContent_OnSaveBatch","value":"On save batch"},{"id":null,"key":"CS_BatchContent_OnSaveBatch_Help","value":"An event that is fired when the batch has been saved."},{"id":null,"key":"CS_BatchContent_OnSearchResults","value":"On search results"},{"id":null,"key":"CS_BatchContent_OnSearchResults_Help","value":"An event that is fired when the search results have returned successfully."},{"id":null,"key":"CS_BatchContent_OnUpdateBatch","value":"On update batch"},{"id":null,"key":"CS_BatchContent_OnUpdateBatch_Help","value":"An event that is fired when the batch has been updated."},{"id":null,"key":"CS_BatchContent_OnUpdateProperties","value":"On update properties"},{"id":null,"key":"CS_BatchContent_OnUpdateProperties_Help","value":"An event that is fired when the properties have been updated."},{"id":null,"key":"CS_Cancel","value":"Cancel"},{"id":null,"key":"CS_Class_Selector_Svc_Error","value":"Ошибка службы"},{"id":null,"key":"CS_Class_Selector_Svc_Error_Help","value":"Запускается, когда вызов службы возвращает ошибку."},{"id":null,"key":"CS_ContentListFilter_Cancel","value":"Cancel"},{"id":null,"key":"CS_ContentListFilter_Filter","value":"Filter"},{"id":null,"key":"CS_ContentListFilter_OnCanceFilter","value":"On cancel"},{"id":null,"key":"CS_ContentListFilter_OnCancelFilter_Help","value":"An event that is fired when the cancel button is clicked."},{"id":null,"key":"CS_ContentListFilter_OnFilter","value":"On filter"},{"id":null,"key":"CS_ContentListFilter_OnFilter_Help","value":"An event that is fired when the filter button is clicked."},{"id":null,"key":"CS_ContentListFilter_TypeName","value":"Type name"},{"id":null,"key":"CS_ContentListFilter_TypeName_Help","value":"Search object type."},{"id":null,"key":"CS_ContentList_AcceptFileTypes","value":"Accepted file types"},{"id":null,"key":"CS_ContentList_AcceptFileTypes_Help","value":"Specify the file type extensions that are allowed when adding new documents (for example, .dotx, .pdf, etc). When not specified, all file types are accepted."},{"id":null,"key":"CS_ContentList_Actions","value":"Действия"},{"id":null,"key":"CS_ContentList_AddButton","value":"Добавить"},{"id":null,"key":"CS_ContentList_Advanced","value":"Дополнительно"},{"id":null,"key":"CS_ContentList_Behavior","value":"Поведение"},{"id":null,"key":"CS_ContentList_Columns","value":"Столбцы"},{"id":null,"key":"CS_ContentList_Columns_Help","value":"Столбцы, которые будут показаны в списке. Задайте их, если вам нужны свои собственные свойства столбцов, иначе используется набор по умолчанию."},{"id":null,"key":"CS_ContentList_ConfigurationProperty","value":"Свойство конфигурации"},{"id":null,"key":"CS_ContentList_ConfigurationProperty_Help","value":"Имя свойства, где будут храниться данные конфигурации в формате JSON."},{"id":null,"key":"CS_ContentList_ConfigurationValues","value":"Значения конфигурации"},{"id":null,"key":"CS_ContentList_ContentItems","value":"Элементы содержимого"},{"id":null,"key":"CS_ContentList_ContentItems_Help","value":"Список объектов CSDocument, подлежащих выводу. Свойство id - исключительно обязательное свойство объектов документов."},{"id":null,"key":"CS_ContentList_ControllerProperty","value":"Controller document property"},{"id":null,"key":"CS_ContentList_ControllerProperty_Help","value":"Name of the object value property in the document class that links to the batch controller."},{"id":null,"key":"CS_ContentList_DisableDnDAdd_Help","value":"Включите этот параметр, чтоб отключить добавление документов с помощью перетаскивания."},{"id":null,"key":"CS_ContentList_DisabledValues","value":"Отключенные значения"},{"id":null,"key":"CS_ContentList_DisabledValues_Help","value":"Задайте значения свойства, для которых будут отключены действия элементов."},{"id":null,"key":"CS_ContentList_DisplayProgressIndicator","value":"Выводить индикатор хода выполнения при добавлении документов"},{"id":null,"key":"CS_ContentList_DisplayProgressIndicator_Help","value":"Включите эту опцию, чтобы при добавлении документов выводился индикатор хода выполнения."},{"id":null,"key":"CS_ContentList_EnableSearchFilter","value":"Enable search filter"},{"id":null,"key":"CS_ContentList_EnableSearchFilter_Help","value":"Displays the search filter component for specifying multiple search parameters to query against and display the results in the list view."},{"id":null,"key":"CS_ContentList_Enable_Polling","value":"Включить опрос для состояния документа"},{"id":null,"key":"CS_ContentList_Enable_Polling_Help","value":"Если задать, для обновления состояния добавленных документов будет использоваться опрос."},{"id":null,"key":"CS_ContentList_ExtraProperties","value":"Extra properties"},{"id":null,"key":"CS_ContentList_ExtraProperties_Help","value":"Specify additional properties that you want returned with the items in the results set."},{"id":null,"key":"CS_ContentList_Filter_Help","value":"=The property values are combined with an AND operator in the search filter."},{"id":null,"key":"CS_ContentList_Folder","value":"Папка"},{"id":null,"key":"CS_ContentList_FolderId","value":"ID папки"},{"id":null,"key":"CS_ContentList_FolderId_Help","value":"Задайте ID папки или путь, чтобы инициализировать список содержимого с помощью указанного содержимого папки. Если задать ID папки, это будет иметь приоритет перед параметрами поиска."},{"id":null,"key":"CS_ContentList_Height_Help","value":"The height of the content list view window."},{"id":null,"key":"CS_ContentList_HideAction_Help","value":"Отметьте этот параметр действия, если вы хотите удалить это действие из выпадающего меню."},{"id":null,"key":"CS_ContentList_HideAddDialog","value":"Скрыть диалоговое окно добавления при добавлении документов"},{"id":null,"key":"CS_ContentList_HideAddDialog_Help","value":"Если выбрать эту опция и сконфигурировать один тип документов, документы будут добавляться без вывода диалогового окна Добавить документ."},{"id":null,"key":"CS_ContentList_HideAddDocument","value":"Скрыть добавление документа"},{"id":null,"key":"CS_ContentList_HideAddFolder","value":"Скрыть добавление папки"},{"id":null,"key":"CS_ContentList_HideCancelCheckoutDoc","value":"Скрыть отмену резервирования документа"},{"id":null,"key":"CS_ContentList_HideCheckoutDocument","value":"Скрыть резервирование документа"},{"id":null,"key":"CS_ContentList_HideCheckoutState","value":"Скрыть состояние резервирования"},{"id":null,"key":"CS_ContentList_HideCheckoutState_Help","value":"Выберите эту опцию, чтобы включить/отключить вывод значка состояния."},{"id":null,"key":"CS_ContentList_HideDeleteDocument","value":"Скрыть удаление документа"},{"id":null,"key":"CS_ContentList_HideDeleteFolder","value":"Скрыть удаление папки"},{"id":null,"key":"CS_ContentList_HideDownloadDocument","value":"Скрыть скачивание документа"},{"id":null,"key":"CS_ContentList_HideEditDocument","value":"Скрыть правку документа"},{"id":null,"key":"CS_ContentList_HideEditDocumentProps","value":"Скрыть правку свойств документа"},{"id":null,"key":"CS_ContentList_HideEditFolderProps","value":"Скрыть правку свойств папки"},{"id":null,"key":"CS_ContentList_HideRefresh","value":"Hide refresh"},{"id":null,"key":"CS_ContentList_HideRenameFolder","value":"Скрыть переименование папки"},{"id":null,"key":"CS_ContentList_HideSearchField","value":"Скрыть поле поиска"},{"id":null,"key":"CS_ContentList_HideSearchField_Help","value":"Не показывать поле поиска. Параметры поиска определены в параметрах конфигурации."},{"id":null,"key":"CS_ContentList_HideUploadNewVersionDoc","value":"Скрыть закачивание новой версии документа"},{"id":null,"key":"CS_ContentList_HideViewDocument","value":"Скрыть просмотр документа"},{"id":null,"key":"CS_ContentList_IncludeTimeInDates","value":"Включить время в свойства даты"},{"id":null,"key":"CS_ContentList_IncludeTimeInDates_Help","value":"Вывести часть времени значения даты в свойствах столбца."},{"id":null,"key":"CS_ContentList_InitialPageSize","value":"Начальный размер страницы"},{"id":null,"key":"CS_ContentList_InitialPageSize_Help","value":"Размер набора результатов, возвращенного для рендеринга в списке содержимого. Размер страницы по умолчанию - 20 пунктов."},{"id":null,"key":"CS_ContentList_OnActionMenuOpen","value":"On action menu open"},{"id":null,"key":"CS_ContentList_OnActionMenuOpen_Help","value":"An event that is fired when the action menu is about to be opened. Passes a folder object with properties."},{"id":null,"key":"CS_ContentList_OnAdd","value":"При добавлении содержимого"},{"id":null,"key":"CS_ContentList_OnAdd_Help","value":"Событие, запускаемое при добавлении документа или папки. Передает объект contentItem."},{"id":null,"key":"CS_ContentList_OnAllRowsSelected","value":"On all rows selected"},{"id":null,"key":"CS_ContentList_OnAllRowsSelected_Help","value":"This event is called when the user clicks on the Select All checkbox and the content list is in Multiselect mode. The passed parameter \"selected\" indicates whether all or none of the rows are selected."},{"id":null,"key":"CS_ContentList_OnContextMenuOpen","value":"При открытии контекстного меню"},{"id":null,"key":"CS_ContentList_OnContextMenuOpen_Help","value":"Событие, запускаемое при открытии контекстного меню. Передает объект содержимого со свойствами."},{"id":null,"key":"CS_ContentList_OnError","value":"При ошибке"},{"id":null,"key":"CS_ContentList_OnError_Help","value":"Событие, которое отправляется при возникновении ошибки службы."},{"id":null,"key":"CS_ContentList_OnFileClicked","value":"При щелчке по файлу"},{"id":null,"key":"CS_ContentList_OnFileClicked_Help","value":"Событие, которое запускается, когда выбирается документ в главном столбце. Передает объект документа со свойствами."},{"id":null,"key":"CS_ContentList_OnFolderClicked","value":"При щелчке по папке"},{"id":null,"key":"CS_ContentList_OnFolderClicked_Help","value":"Событие, которое запускается, когда выбирается папка в главном столбце. Передает объект папки со свойствами."},{"id":null,"key":"CS_ContentList_OnPollResults","value":"On poll results"},{"id":null,"key":"CS_ContentList_OnPollResults_Help","value":"Fired when a poll result containing document status is received."},{"id":null,"key":"CS_ContentList_OnResults","value":"При загрузке результатов"},{"id":null,"key":"CS_ContentList_OnResults_Help","value":"Событие, которое отправляется при возвращении результатов от службы. Передает список элементов, вывод которых был обработан в списке содержимого."},{"id":null,"key":"CS_ContentList_OnRowSelected","value":"При выборе строки"},{"id":null,"key":"CS_ContentList_OnRowSelected_Help","value":"Событие, которое запускается, когда строка выбирается с использованием радиокнопки или переключателя. Передает дополнительный параметр: строка (row.data.contentItem содержит объект документа или папки со свойствами)."},{"id":null,"key":"CS_ContentList_Polling_Exit_Values","value":"Опрос значений свойств выхода"},{"id":null,"key":"CS_ContentList_Polling_Exit_Values_Help","value":"Опрос будет прекращен, если значение свойства документа, возвращенное из опроса, окажется одним из сконфигурированных значений."},{"id":null,"key":"CS_ContentList_Polling_Neg_Exit_Values","value":"Опрос отрицательных значений свойств выхода"},{"id":null,"key":"CS_ContentList_Polling_Neg_Exit_Values_Help","value":"Опрос будет прекращен, если значение свойства документа, возвращенное из опроса, окажется НЕ одним из сконфигурированных значений."},{"id":null,"key":"CS_ContentList_Resources","value":"Resources"},{"id":null,"key":"CS_ContentList_Resources_Help","value":"Set to an external resource bundle to pull in localized string resources for the column headers and the property list filter labels."},{"id":null,"key":"CS_ContentList_RootFolderName","value":"Имя корневой папки"},{"id":null,"key":"CS_ContentList_RootFolderName_Help","value":"Имя для вывода корневой папки, которое будет использоваться вместо имени папки в репозитории служб работы с содержимым."},{"id":null,"key":"CS_ContentList_Search","value":"Поиск"},{"id":null,"key":"CS_ContentList_SearchFilterProperties","value":"Search filter properties"},{"id":null,"key":"CS_ContentList_SearchFilterProperties_Help","value":"Specify the set of properties you want to query against to populate the list view. The property values are combined with an AND operator in the search filter."},{"id":null,"key":"CS_ContentList_SearchFolderId","value":"Поиск в ID папки"},{"id":null,"key":"CS_ContentList_SearchFolderId_Help","value":"ID папки, где начать поиск. Это - необязательный параметр, который ограничит поиск указанной папкой. Если он не выбран, то поиск выполняется по всему складу объектов."},{"id":null,"key":"CS_ContentList_SearchFor","value":"Search for"},{"id":null,"key":"CS_ContentList_SearchFor_Help","value":"Search for document or folder items."},{"id":null,"key":"CS_ContentList_SearchOnlyFolder","value":"Искать только в этой папке"},{"id":null,"key":"CS_ContentList_SearchOnlyFolder_Help","value":"Не включать поиск в подпапках."},{"id":null,"key":"CS_ContentList_SearchOperator","value":"Операция"},{"id":null,"key":"CS_ContentList_SearchOperator_Help","value":"Оператор запроса, который вы хотите использовать, например, Начинается с, Оканчивается на, Похоже, Не похоже, =, <, >, <>, >=, <= и т.д.)."},{"id":null,"key":"CS_ContentList_SearchProperty","value":"Свойство поиска"},{"id":null,"key":"CS_ContentList_SearchPropertyCardinality","value":"Мощность свойства поиска"},{"id":null,"key":"CS_ContentList_SearchPropertyCardinality_Help","value":"Указывает, будет ли свойство поиска свойством с одним или несколькими значениями"},{"id":null,"key":"CS_ContentList_SearchPropertyType","value":"Поиск типа свойства"},{"id":null,"key":"CS_ContentList_SearchPropertyType_Help","value":"Тип данных заданного свойства поиска."},{"id":null,"key":"CS_ContentList_SearchProperty_Help","value":"Символьное имя свойства, которое надо искать."},{"id":null,"key":"CS_ContentList_SearchRootName","value":"Root search name"},{"id":null,"key":"CS_ContentList_SearchRootName_Help","value":"The root search display name to use on the breadcrumb."},{"id":null,"key":"CS_ContentList_SearchTextOptions","value":"Опции текста"},{"id":null,"key":"CS_ContentList_SearchTextOptions_Help","value":"Конфигурировать поиск, чтобы включить запрос на основе содержимого в дополнение к поиску указанного свойства."},{"id":null,"key":"CS_ContentList_SearchType","value":"Search type"},{"id":null,"key":"CS_ContentList_SearchType_Help","value":"Search for objects of a particular type."},{"id":null,"key":"CS_ContentList_SearchValue","value":"Значение по умолчанию"},{"id":null,"key":"CS_ContentList_SearchValue_Help","value":"Значение для поиска. Если оставить пустым, то пользователи смогут ввести значение, чтобы запустить поиск во время выполнения."},{"id":null,"key":"CS_ContentList_SecondaryProperty","value":"State secondary property"},{"id":null,"key":"CS_ContentList_SecondaryProperty_Help","value":"Select a property to be used as a custom secondary state property."},{"id":null,"key":"CS_ContentList_SelectionMode","value":"Режим выделения"},{"id":null,"key":"CS_ContentList_SelectionMode_Help","value":"Выбор одного, выбор нескольких или без выбора."},{"id":null,"key":"CS_ContentList_ShowCustomState","value":"Показать пользовательское состояние"},{"id":null,"key":"CS_ContentList_ShowCustomState_Help","value":"Выберите эту опцию, чтобы включить/отключить вывод значка пользовательского состояния."},{"id":null,"key":"CS_ContentList_SortOrder","value":"Порядок сортировки"},{"id":null,"key":"CS_ContentList_SortOrder_Help","value":"Направление сортировки по умолчанию (по возрастанию или по убыванию)"},{"id":null,"key":"CS_ContentList_SortProperty","value":"Сортировать по свойствам"},{"id":null,"key":"CS_ContentList_SortProperty_Help","value":"Выберите свойство, которое будет использоваться для сортировки набора результатов."},{"id":null,"key":"CS_ContentList_StateProperty","value":"Свойство состояния"},{"id":null,"key":"CS_ContentList_StateProperty_Help","value":"Выберите свойство, которое следует использовать в качестве пользовательского свойства состояния."},{"id":null,"key":"CS_ContentList_Status_Polling_Interval","value":"Интервал опроса состояния"},{"id":null,"key":"CS_ContentList_Status_Polling_Interval_Help","value":"Время в секундах между требованиями опроса состояния добавленных документов."},{"id":null,"key":"CS_ContentList_Status_Polling_Property","value":"Опрос свойства состояния"},{"id":null,"key":"CS_ContentList_Status_Polling_Property_Help","value":"Свойство, опрашиваемое для получения состояния добавленных документов."},{"id":null,"key":"CS_ContentList_Status_Polling_Timeout","value":"Polling timeout per document"},{"id":null,"key":"CS_ContentList_Status_Polling_Timeout_Help","value":"Number of seconds per document after which polling stops if an exit condition is not met."},{"id":null,"key":"CS_ContentList_TableRowHeight","value":"Высота строки таблицы"},{"id":null,"key":"CS_ContentList_TableRowHeight_Help","value":"Параметр, используемый для задания высоты строки таблицы списка содержимого."},{"id":null,"key":"CS_ContentList_Width_Help","value":"The width of the content list view window."},{"id":null,"key":"CS_ContentLlist_DisableDnDAdd","value":"Отключить добавление перетаскиванием"},{"id":null,"key":"CS_ContentLlist_Polling_Neg_Exit_Values_Help","value":"Опрос будет прекращен, если значение свойства документа, возвращенное из опроса, окажется НЕ одним из сконфигурированных значений."},{"id":null,"key":"CS_ContentViewer_FitHeight","value":"По высоте"},{"id":null,"key":"CS_ContentViewer_FitWidth","value":"По ширине"},{"id":null,"key":"CS_ContentViewer_Height","value":"Высота"},{"id":null,"key":"CS_ContentViewer_OnLoad","value":"При загрузке"},{"id":null,"key":"CS_ContentViewer_Width","value":"Ширина"},{"id":null,"key":"CS_ContestList_MaxAddDocs_Help","value":"Укажите максимальное число документов, которые пользователи смогут одновременно добавить. Максимум по умолчанию - 50. Однако вы можете задать максимум до 300."},{"id":null,"key":"CS_DeleteObject_OnDeleteObject","value":"On delete object"},{"id":null,"key":"CS_DeleteObject_OnDeleteObjectHelp","value":"An event that is fired after the object is deleted."},{"id":null,"key":"CS_DepDocPropertiesProperty","value":"Зависимое свойство документа"},{"id":null,"key":"CS_DepDocPropertiesProperty_Help","value":"Символическое имя свойства значения объекта, которое указывает на документ, содержащий подлежащие выводу значения JSON."},{"id":null,"key":"CS_DepDocumentProperties_OnError","value":"При ошибке"},{"id":null,"key":"CS_DepDocumentProperties_OnError_Help","value":"Событие, запускаемое в случае ошибки при получении значений свойств."},{"id":null,"key":"CS_DocumentReference_AddDocMode","value":"Add document mode"},{"id":null,"key":"CS_DocumentReference_AddDocMode_Help","value":"Setting that controls the add document process. Select None for no add support, Add no UI will not display any ui and Add with properties will display the add document dialog."},{"id":null,"key":"CS_DocumentReference_AllowsActions","value":"Enable actions"},{"id":null,"key":"CS_DocumentReference_AllowsActions_Help","value":"Enables the drop down context menu of content management actions in the view component."},{"id":null,"key":"CS_DocumentReference_AllowsRemoveDoc","value":"Enable clear document"},{"id":null,"key":"CS_DocumentReference_AllowsRemoveDoc_Help","value":"Enables the clear document action in the view component. This action only clears the document from the view and does not delete it from the repository."},{"id":null,"key":"CS_DocumentReference_DocumentId","value":"Document ID"},{"id":null,"key":"CS_DocumentReference_DocumentId_Help","value":"The ID of the document you want to load into this view."},{"id":null,"key":"CS_DocumentReference_EnableTitleAction","value":"Enable title click action"},{"id":null,"key":"CS_DocumentReference_EnableTitleAction_Help","value":"Enables the document title text to be clickable and runs the first action in the context menu."},{"id":null,"key":"CS_DocumentReference_HelperText","value":"Helper text"},{"id":null,"key":"CS_DocumentReference_HelperText_Help","value":"Helper text displayed below the input field."},{"id":null,"key":"CS_DocumentReference_HintText","value":"Hint text"},{"id":null,"key":"CS_DocumentReference_HintText_Help","value":"Hint text to display in the field when no document is specified."},{"id":null,"key":"CS_DocumentReference_OnClear","value":"On clear"},{"id":null,"key":"CS_DocumentReference_OnClear_Help","value":"An event that is fired when the user invokes the clear action."},{"id":null,"key":"CS_DocumentReference_ViewMode","value":"View mode"},{"id":null,"key":"CS_DocumentReference_ViewMode_Help","value":"Set to Normal to see the document mime type and title, or set to Thumbnail to see the document thumbnail and title."},{"id":null,"key":"CS_Document_Classes","value":"Классы документов"},{"id":null,"key":"CS_Document_Classes_Help","value":"Ряд классов документов, которые будут показаны при добавлении новых документов. Если классы документов не заданы, они будут получены с сервера. Имена, введенные здесь, показаны пользователю, значения соответствуют символьному имени каждого класса документов."},{"id":null,"key":"CS_FileDropZone_AcceptFileTypes","value":"Accepted file types"},{"id":null,"key":"CS_FileDropZone_AcceptFileTypes_Help","value":"Specify the file types that the file drop zone will accept. The files types must be specified as file dot extension strings."},{"id":null,"key":"CS_FileDropZone_DetailMessage","value":"Detail message"},{"id":null,"key":"CS_FileDropZone_DetailMessage_Help","value":"Message string displayed above the file drop zone."},{"id":null,"key":"CS_FileDropZone_DocumentType","value":"Тип документа"},{"id":null,"key":"CS_FileDropZone_DocumentType_Help","value":"Тип документа для использования при добавлении документов. Если не задао, будет использоваться тип документов по умолчанию."},{"id":null,"key":"CS_FileDropZone_FolderId_Help","value":"ID папки, в которую будут добавлены документы. Если он не задан, документы не будут добавлены в папку."},{"id":null,"key":"CS_FileDropZone_Height_Help","value":"The height of the file drop zone area."},{"id":null,"key":"CS_FileDropZone_MaxAddDoc","value":"Maximum number of documents to add"},{"id":null,"key":"CS_FileDropZone_MaxAddDoc_Help","value":"Specify the maximum number of documents that users can add at a time. The default maximum is 50."},{"id":null,"key":"CS_FileDropZone_MaxDocumentSize","value":"Max document size"},{"id":null,"key":"CS_FileDropZone_MaxDocumentSize_Help","value":"The maximum document size in KB allowed to be added. The size of 0 is unlimited."},{"id":null,"key":"CS_FileDropZone_Width_Help","value":"The width of the file drop zone area."},{"id":null,"key":"CS_Folder_Classes","value":"Классы папок"},{"id":null,"key":"CS_Folder_Classes_Help","value":"Ряд классов папок, которые будут показаны при добавлении новых папок. Если классы папок не заданы, они будут получены с сервера. Имена, введенные здесь, показаны пользователю, значения соответствуют символьным именам каждого класса папок."},{"id":null,"key":"CS_GetContent_OnContentReceived","value":"При получении содержимого"},{"id":null,"key":"CS_GetContent_OnContentReceived_Help","value":"Событие, запускаемое, если в ответе было возвращено содержимое документа."},{"id":null,"key":"CS_GetContent_OnGetClassAccess","value":"On get class access"},{"id":null,"key":"CS_GetContent_OnGetClassAccess_Help","value":"An event that is fired when the get class access response has returned."},{"id":null,"key":"CS_GetContent_OnPropertiesUpdated","value":"On properties updated"},{"id":null,"key":"CS_GetContent_OnPropertiesUpdated_Help","value":"An event that is fired when the properties have been retrieved and updated in the content item object."},{"id":null,"key":"CS_Height","value":"Высота"},{"id":null,"key":"CS_Hide_Time_Picker","value":"Hide time picker when editing date and time values"},{"id":null,"key":"CS_Hide_Time_Picker_Help","value":"When set, hides the interface for editing the time portion of date and time values."},{"id":null,"key":"CS_Modal_OnCancel","value":"On cancel"},{"id":null,"key":"CS_Modal_OnCancel_Help","value":"An event that is fired when the user cancels out of a modal view."},{"id":null,"key":"CS_OK","value":"Ok"},{"id":null,"key":"CS_ObjectStoreName","value":"Имя хранилища объектов"},{"id":null,"key":"CS_ObjectStoreName_Help","value":"Имя склада объектов от административного средства Acce."},{"id":null,"key":"CS_On_Class_Selected","value":"При выборе класса"},{"id":null,"key":"CS_On_Class_Selected_Help","value":"Событие, которое запускается, когда пользователь выбирает класс."},{"id":null,"key":"CS_ProgressIndicator_OnClose","value":"On close"},{"id":null,"key":"CS_ProgressIndicator_OnClose_Help","value":"Fired when the progress indicator is closed."},{"id":null,"key":"CS_ProgressIndicator_OnFileRemoved","value":"On file removed"},{"id":null,"key":"CS_ProgressIndicator_OnFileRemoved_Help","value":"Fired when a pending file is removed from the progress indicator"},{"id":null,"key":"CS_PropertyList_Display_Edit","value":"Показать кнопки для правки значений свойств"},{"id":null,"key":"CS_PropertyList_Display_Edit_Help","value":"Показать кнопки на панели инструментов, которые позволяют пользователям редактировать значения свойств."},{"id":null,"key":"CS_PropertyPoller_OnError","value":"При ошибке"},{"id":null,"key":"CS_PropertyPoller_OnError_Help","value":"Запускается в случае ошибки при опросе свойства."},{"id":null,"key":"CS_PropertyPoller_OnResults","value":"On results"},{"id":null,"key":"CS_PropertyPoller_OnResults_Help","value":"Fired when results are received from a poll requests."},{"id":null,"key":"CS_PropertyPoller_OnStatus","value":"При возврате информации свойств"},{"id":null,"key":"CS_PropertyPoller_OnStatus_Help","value":"Запускается при возврате данных из опроса сервера с целью получения информации свойств."},{"id":null,"key":"CS_Query_ExecuteOnChange","value":"Run search on change"},{"id":null,"key":"CS_Query_ExecuteOnChange_Help","value":"Runs the configured search when the view change event occurs in the component."},{"id":null,"key":"CS_Query_ExecuteOnView","value":"Execute search on view"},{"id":null,"key":"CS_Query_ExecuteOnView_Help","value":"Runs the configured search when the coach view event occurs in the component."},{"id":null,"key":"CS_Query_MaxResults","value":"Maximum results"},{"id":null,"key":"CS_Query_MaxResults_Help","value":"The maximum number of results to return from the query."},{"id":null,"key":"CS_Query_OnError","value":"On error"},{"id":null,"key":"CS_Query_OnError_Help","value":"Fired when an error occurs."},{"id":null,"key":"CS_Query_OnSearchResults","value":"On search results"},{"id":null,"key":"CS_Query_OnSearchResults_Help","value":"Fired when search results are returned from the server."},{"id":null,"key":"CS_Query_ResultProperties","value":"Result properties"},{"id":null,"key":"CS_Query_ResultProperties_Help","value":"Symbolic names of properties returned in the search results."},{"id":null,"key":"CS_Query_SearchValue","value":"Search values"},{"id":null,"key":"CS_Query_SearchValue_Help","value":"The values to search for."},{"id":null,"key":"CS_RepositoryId","value":"ID репозитория"},{"id":null,"key":"CS_RepositoryId_Help","value":"ID репозитория от IBM Navigator. Это значение используется средством просмотра документов."},{"id":null,"key":"CS_Save","value":"Save"},{"id":null,"key":"CS_SelectFiles","value":"Select Files"},{"id":null,"key":"CS_SummaryCard_Details","value":"Details"},{"id":null,"key":"CS_SummaryCard_Details_Help","value":"Displayed in the details section of the summary card."},{"id":null,"key":"CS_SummaryCard_DisplayHelpIcon","value":"Display help icon"},{"id":null,"key":"CS_SummaryCard_DisplayHelpIcon_Help","value":"When checked, displays a help icon in the card."},{"id":null,"key":"CS_SummaryCard_HelpLearnMoreUrl","value":"Help learn more URL"},{"id":null,"key":"CS_SummaryCard_HelpLearnMoreUrl_Help","value":"A link to Learn More information. When set, a button is displayed in the help tooltip that when clicked, displays the page specified in the link."},{"id":null,"key":"CS_SummaryCard_HelpText","value":"Help text"},{"id":null,"key":"CS_SummaryCard_HelpText_Help","value":"Either a message ID or text that is displayed in a tooltip when the user clicks the help icon."},{"id":null,"key":"CS_SummaryCard_OnClick","value":"On click"},{"id":null,"key":"CS_SummaryCard_OnClick_Help","value":"Fired when the summary card is clicked."},{"id":null,"key":"CS_SummaryCard_Title","value":"Title"},{"id":null,"key":"CS_SummaryCard_Title_Help","value":"Displayed as the title of the summary card."},{"id":null,"key":"CS_Upload","value":"Upload"},{"id":null,"key":"CS_UploadContent_OnContentAdded","value":"При добавлении содержимого"},{"id":null,"key":"CS_UploadContent_OnContentAdded_Help","value":"Событие, запускаемое при успешном закачивании содержимого."},{"id":null,"key":"CS_UploadContent_OnError","value":"При ошибке"},{"id":null,"key":"CS_UploadContent_OnError_Help","value":"Событие, запускаемое в случае ошибки при закачивании содержимого."},{"id":null,"key":"CS_UploadVersion_OnUploadVersion","value":"On upload version"},{"id":null,"key":"CS_UploadVersion_OnUploadVersionHelp","value":"An event that is fired when a new version of the document has been uploaded."},{"id":null,"key":"CS_Width","value":"Ширина"}]}