{"data":{"metadata":{"paId":"2066.bd3841e7-7c78-4b6b-aa2b-1f9cc91afc9a","paShortName":"SYSCST","snapshotId":"2064.91e0f284-0db5-4f27-994d-d0f601dabca4","snapshotName":"21.0.3.0.211129231416","name":"Content Services"},"defaults":{"entry":[{"type":"S","value":""},{"type":"B","value":false},{"type":"I","value":0},{"type":"D","value":0.0},{"type":"DT","value":null},{"type":"DT","value":null}]},"templates":{"variableTemplates":[{"modelId":"1.1946a2e3-f98c-4296-bed3-6fcabb6246c9","parentId":"1.1946a2e3-f98c-4296-bed3-6fcabb6246c9","variableTemplate":[{"id":"2055.a7b3721e-d6eb-4bf8-82cf-43c06c064d91","name":"data","boTemplateName":"CSG"},{"id":"2055.dea7bf1a-ff82-43f5-88a5-620f69138ff9","name":"results","boTemplateName":"A"},{"id":"2055.008be488-2f1a-47e2-8a2b-578527a482d9","name":"error","boTemplateName":"Aja"}]}],"boTemplate":[{"id":"12.8b62961f-7d27-4877-b193-f2b282bb4d2d","name":"CSG","property":[{"name":"topLevelClass","type":"S","isList":false},{"name":"repository","type":"S","isList":false},{"name":"serverAppResource","type":"S","isList":false},{"name":"csrfToken","type":"S","isList":false}]},{"id":"12.5551644c-3dc6-4161-a939-4e7f27f8ce45","name":"Aja","property":[{"name":"errorText","type":"S","isList":false},{"name":"errorCode","type":"S","isList":false},{"name":"serviceInError","type":"S","isList":false}]}]},"model":{"rootElement":[{"extensionElements":{"userTaskImplementation":[{"flowElement":[{"parallelMultiple":false,"outgoing":["2027.5baf64cd-960b-44f0-89be-0276f3a47e92"],"isInterrupting":true,"extensionElements":{"nodeVisualInfo":[{"color":"#F8F8F8","width":24,"x":50,"y":200,"declaredType":"TNodeVisualInfo","height":24}]},"documentation":[{"textFormat":"text/plain"}],"name":"Start","declaredType":"startEvent","id":"76a20ea2-1d2c-48e8-8e63-0f34be907c42"},{"incoming":["2027.c6e1383e-cf97-4b66-86bb-c58689d236dd"],"extensionElements":{"nodeVisualInfo":[{"color":"#F8F8F8","width":24,"x":700,"y":200,"declaredType":"TNodeVisualInfo","height":24}],"navigationInstructions":[{"targetType":"Default","declaredType":"com.ibm.bpmsdk.model.bpmn20.ibmext.TNavigationInstructions"}]},"name":"End","declaredType":"endEvent","id":"405134c7-6387-4ccb-b833-b137e401655f"},{"targetRef":"2025.0b226877-b0e5-4b67-b190-5376a0128b69","extensionElements":{"linkVisualInfo":[{"sourcePortLocation":"rightCenter","showCoachControlLabel":false,"labelPosition":0.0,"targetPortLocation":"leftCenter","declaredType":"TLinkVisualInfo","saveExecutionContext":false,"showLabel":false}]},"name":"Start to End","declaredType":"sequenceFlow","id":"2027.5baf64cd-960b-44f0-89be-0276f3a47e92","sourceRef":"76a20ea2-1d2c-48e8-8e63-0f34be907c42"},{"startQuantity":1,"outgoing":["2027.c6e1383e-cf97-4b66-86bb-c58689d236dd"],"incoming":["2027.5baf64cd-960b-44f0-89be-0276f3a47e92"],"default":"2027.c6e1383e-cf97-4b66-86bb-c58689d236dd","extensionElements":{"nodeVisualInfo":[{"width":95,"x":330,"y":177,"declaredType":"TNodeVisualInfo","height":70}]},"name":"Get Content Classes","isForCompensation":false,"completionQuantity":1,"declaredType":"scriptTask","id":"2025.0b226877-b0e5-4b67-b190-5376a0128b69","scriptFormat":"text/x-javascript","script":{"content":["console.debug(\"****BEGIN Script Get Content Classes****\");\r\n\r\ntw.system.waitForContinueFlow();\r\n\r\nvar serviceName =\"getContentClasses\";\r\n\r\nvar csrfToken = tw.local.data && tw.local.data.csrfToken;\r\nvar appServerResource = tw.local.data && tw.local.data.serverAppResource;\r\nvar repository = tw.local.data && tw.local.data.repository;\r\nvar topLevelClass = tw.local.data && tw.local.data.topLevelClass;\r\n\r\nvar TOPCLASS_QUERY = \"{\\\r\n\tclassDescription(\\\r\n    \t\trepositoryIdentifier: \\\"\" + repository + \"\\\",\\\r\n\t\tidentifier: \\\"\" + topLevelClass + \"\\\"\\\r\n  \t)\\\r\n\t{\\\r\n\t\tsymbolicName\\\r\n\t\tdisplayName\\\r\n\t\tallowsInstances\\\r\n\t\tisHidden\\\r\n\t}\\\r\n}\";\r\n\r\nvar SUBCLASS_QUERY = \"{\\\r\n\tsubClassDescriptions(\\\r\n    \t\trepositoryIdentifier: \\\"\" + repository + \"\\\",\\\r\n\t\tidentifier: \\\"\" + topLevelClass + \"\\\",\\\r\n\t\tpageSize: 2147483647\\\r\n  \t)\\\r\n\t{\\\r\n\t\tclassDescriptions{\\\r\n\t\t\tsymbolicName,\\\r\n\t\t\tdisplayName,\\\r\n\t\t\tallowsInstances,\\\r\n\t\t\tisHidden\\\r\n\t\t\tsuperClassDescription{\\\r\n\t\t\t\tsymbolicName\\\r\n\t\t\t}\\\r\n\t\t}\\\r\n\t}\\\r\n}\";\r\n\r\nconsole.debug(\"Calling lookupDBARegistry\");\r\ntw.system.lookupDBARegistry(appServerResource, function(response) {\r\n\r\n\tvar options = {\r\n\t\tmethod: \"POST\",\r\n\t\tpayload: {\r\n\t\t\tquery: TOPCLASS_QUERY,\r\n\t\t\tvariables: null,\r\n\t\t\toperationName: null\r\n\t\t},\r\n\t\theaders: {\r\n\t\t\t\"ECM-CS-XSRF-Token\": csrfToken,\r\n\t\t\tCookie: \"ECM-CS-XSRF-Token=\" + csrfToken,\r\n\t\t\t\"Accept-Language\": tw.system.user.locale\r\n\t\t}\r\n\t};\r\n\t\r\n\t// Add the context root and path if they are missing for backward compatibility\r\n\tif (!response.ctxRoot){\r\n\t\toptions.ctxRoot = \"/content-services-graphql\";\r\n\t}\r\n\tif (!response.path){\r\n\t\toptions.path = \"/graphql\";\r\n\t}\t\r\n\tconsole.debug(\"Options: \", options);\t\r\n\tconsole.debug(\"****CALLING performRequest****\");\r\n\ttw.system.performRequest(appServerResource, options, function(response, httpStatus) {\r\n\r\n\t\tconsole.debug(\"performRequest completed for top class query: \", response);\r\n\t\tconsole.debug(\"performRequest httpStatus for top class query: \", httpStatus);\r\n\r\n\t\tif (httpStatus.statusCode != 200){\r\n\t\t\ttw.local.error = {};\r\n\t\t\ttw.local.error.errorCode = httpStatus.statusCode;\r\n\t\t\ttw.local.error.errorText = response;\r\n\t\t\ttw.local.error.serviceInError = serviceName;\r\n\t\t}\r\n\t\telse {\t\r\n\t\t\tvar resultsJson = JSON.parse(response);\r\n\t\t\tif (resultsJson.errors){\r\n\t\t\t\tvar error = resultsJson.errors[0];\r\n\t\t\t\ttw.local.error = {};\r\n\t\t\t\ttw.local.error.errorCode = error.extensions ? error.extensions.errorCode ?  error.extensions.errorCode : error.errorType : error.errorType;\r\n\t\t\t\ttw.local.error.errorText = error.extensions ? error.extensions.explanation ? error.extensions.explanation : error.message : error.message;\r\n\t\t\t\ttw.local.error.serviceInError = serviceName;\r\n\t\t\t\t\r\n\t\t\t\t// Signal to engine that flow can continue past this Script\r\n\t\t\t\ttw.system.continueFlow();\r\n\t\t\t} else {\r\n\t\t\t\tvar results = {\r\n\t\t\t\t\ttopClassDescription: resultsJson.data.classDescription\r\n\t\t\t\t}\r\n\t\t\t\t\t\t\t\r\n\t\t\t\toptions.payload.query = SUBCLASS_QUERY;\r\n\t\t\t\ttw.system.performRequest(appServerResource, options, function(response, httpStatus) {\r\n\r\n\t\t\t\t\tconsole.debug(\"performRequest completed for subclass query: \", response);\r\n\t\t\t\t\tconsole.debug(\"performRequest httpStatus for subclass query: \", httpStatus);\r\n\r\n\t\t\t\t\tif (httpStatus.statusCode != 200){\r\n\t\t\t\t\t\ttw.local.error = {};\r\n\t\t\t\t\t\ttw.local.error.errorCode = httpStatus.statusCode;\r\n\t\t\t\t\t\ttw.local.error.errorText = response;\r\n\t\t\t\t\t\ttw.local.error.serviceInError = serviceName;\r\n\t\t\t\t\t}\r\n\t\t\t\t\telse {\t\r\n\t\t\t\t\t\tresultsJson = JSON.parse(response);\r\n\t\t\t\t\t\tif (resultsJson.errors){\r\n\t\t\t\t\t\t\tvar error = resultsJson.errors[0];\r\n\t\t\t\t\t\t\ttw.local.error = {};\r\n\t\t\t\t\t\t\ttw.local.error.errorCode = error.extensions ? error.extensions.errorCode ?  error.extensions.errorCode : error.errorType : error.errorType;\r\n\t\t\t\t\t\t\ttw.local.error.errorText = error.extensions ? error.extensions.explanation ? error.extensions.explanation : error.message : error.message;\r\n\t\t\t\t\t\t\ttw.local.error.serviceInError = serviceName;\r\n\t\t\t\t\t\t} else {\r\n\t\t\t\t\t\t\tresults.subClassDescriptions = resultsJson.data.subClassDescriptions.classDescriptions\r\n\t\t\t\t\t\t\ttw.local.results = {\r\n\t\t\t\t\t\t\t\tresults: results\r\n\t\t\t\t\t\t\t}\r\n\t\t\t\t\t\t}\r\n\t\t\t\t\t}\r\n\t\t\t\t\t\r\n\t\t\t\t\t// Signal to engine that flow can continue past this Script\r\n\t\t\t\t\ttw.system.continueFlow();\r\n\t\t\t\t}, function (err) {\r\n\t\t\t\t\tconsole.error(\"performRequest failed for subclass query: \", err);\r\n\t\t\r\n\t\t\t\t\ttw.local.error = {};\r\n\t\t\t\t\ttw.local.error.errorCode = err.code ? err.code : err.errno ? err.errno : err.name;\r\n\t\t\t\t\ttw.local.error.errorText = err.message;\r\n\t\t\t\t\ttw.local.error.serviceInError = serviceName;\r\n\t\t\r\n\t\t\t\t\t// Signal to engine that flow can continue past this Script.\r\n\t\t\t\t\ttw.system.continueFlow();\r\n\t\t\t\t});\r\n\t\t\t}\r\n\t\t}\r\n\t}, function (err) {\r\n\t\tconsole.error(\"performRequest failed for topclass query: \", err);\r\n\t\t\r\n\t\ttw.local.error = {};\r\n\t\ttw.local.error.errorCode = err.code ? err.code : err.errno ? err.errno : err.name;\r\n\t\ttw.local.error.errorText = err.message;\r\n\t\ttw.local.error.serviceInError = serviceName;\r\n\t\t\r\n\t\t// Signal to engine that flow can continue past this Script.\r\n\t\ttw.system.continueFlow();\r\n\t});\r\n}, function(err) {\r\n\tconsole.error(\"Error returned from lookupDBARegistry:\", err);\r\n\ttw.local.error = {};\r\n\ttw.local.error.errorCode = err.msg;\r\n\ttw.local.error.errorText = err.msg;\r\n\ttw.local.error.serviceInError = serviceName;\r\n\ttw.system.continueFlow();\r\n});\t\t\t\t\r\n\r\nconsole.debug(\"At the end of the script step pending response from Graphql\");"]}},{"targetRef":"405134c7-6387-4ccb-b833-b137e401655f","extensionElements":{"sequenceFlowImplementation":[{"fireValidation":"Never","sboSyncEnabled":true,"declaredType":"com.ibm.bpmsdk.model.bpmn20.ibmext.TSequenceFlowImplementation"}],"linkVisualInfo":[{"sourcePortLocation":"rightCenter","showCoachControlLabel":false,"labelPosition":0.0,"targetPortLocation":"leftCenter","declaredType":"TLinkVisualInfo","saveExecutionContext":true,"showLabel":false}]},"name":"To End","declaredType":"sequenceFlow","id":"2027.c6e1383e-cf97-4b66-86bb-c58689d236dd","sourceRef":"2025.0b226877-b0e5-4b67-b190-5376a0128b69"}],"isClosed":false,"declaredType":"com.ibm.bpmsdk.model.bpmn20.ibmext.TUserTaskImplementation","id":"c605dd99-adfe-4729-9bfc-fdf0f22f386e","processType":"None"}]},"implementation":"##unspecified","documentation":[{"content":["Returns a list of types (classes) in a repository."],"textFormat":"text/plain"}],"name":"getContentClasses","declaredType":"globalUserTask","id":"1.1946a2e3-f98c-4296-bed3-6fcabb6246c9","ioSpecification":{"dataOutput":[{"itemSubjectRef":"itm.12.c09c9b6e-aabd-4897-bef2-ed61db106297","documentation":[{"content":["Set on success. Contains a JSON object with description of the first type (class) in the hierarchy, including sub types. Property descriptions are not returned."],"textFormat":"text/plain"}],"name":"results","isCollection":false,"id":"2055.dea7bf1a-ff82-43f5-88a5-620f69138ff9"},{"itemSubjectRef":"itm.12.5551644c-3dc6-4161-a939-4e7f27f8ce45","documentation":[{"content":["Set on error. Contains information about why the call failed."],"textFormat":"text/plain"}],"name":"error","isCollection":false,"id":"2055.008be488-2f1a-47e2-8a2b-578527a482d9"}],"inputSet":[{}],"outputSet":[{}],"dataInput":[{"itemSubjectRef":"itm.12.8b62961f-7d27-4877-b193-f2b282bb4d2d","name":"data","isCollection":false,"id":"2055.a7b3721e-d6eb-4bf8-82cf-43c06c064d91"}]}}],"targetNamespace":"","typeLanguage":"http://www.w3.org/2001/XMLSchema","expressionLanguage":"http://www.ibm.com/xmlns/prod/bpm/expression-lang/javascript","id":"1.1946a2e3-f98c-4296-bed3-6fcabb6246c9"}},"status":"200"}