{"data":{"metadata":{"paId":"2066.bd3841e7-7c78-4b6b-aa2b-1f9cc91afc9a","paShortName":"SYSCST","snapshotId":"2064.91e0f284-0db5-4f27-994d-d0f601dabca4","snapshotName":"21.0.3.0.211129231416","name":"Content Services"},"defaults":{"entry":[{"type":"S","value":""},{"type":"B","value":false},{"type":"I","value":0},{"type":"D","value":0.0},{"type":"DT","value":null},{"type":"DT","value":null}]},"templates":{"variableTemplates":[{"modelId":"1.b00818be-600b-4200-9431-1620cfa83c98","parentId":"1.b00818be-600b-4200-9431-1620cfa83c98","variableTemplate":[{"id":"2055.f61c4886-f97a-4c2a-8ebc-6c6d1b5e7c38","name":"data","boTemplateName":"CSG"},{"id":"2055.071c1d80-88dd-4531-a48b-3b84e38c2d74","name":"results","boTemplateName":"A"},{"id":"2055.0e3f2762-8387-4c6d-9666-32b3581c4ba0","name":"error","boTemplateName":"Aja"}]}],"boTemplate":[{"id":"12.ef3509d9-ddc4-403a-8bd5-ca8dd6048195","name":"CSG","property":[{"name":"objectId","type":"S","isList":false},{"name":"objectType","type":"S","isList":false},{"name":"properties","type":"S","isList":true},{"name":"ovpProperties","type":"S","isList":true},{"name":"classId","type":"S","isList":false},{"name":"repository","type":"S","isList":false},{"name":"serverAppResource","type":"S","isList":false},{"name":"csrfToken","type":"S","isList":false}]},{"id":"12.5551644c-3dc6-4161-a939-4e7f27f8ce45","name":"Aja","property":[{"name":"errorText","type":"S","isList":false},{"name":"errorCode","type":"S","isList":false},{"name":"serviceInError","type":"S","isList":false}]}]},"model":{"rootElement":[{"extensionElements":{"userTaskImplementation":[{"flowElement":[{"parallelMultiple":false,"outgoing":["2027.97de398c-317f-4e47-b7ba-4aeb14e26882"],"isInterrupting":true,"extensionElements":{"nodeVisualInfo":[{"color":"#F8F8F8","width":24,"x":50,"y":200,"declaredType":"TNodeVisualInfo","height":24}]},"name":"Start","declaredType":"startEvent","id":"83151dde-d158-4da2-8670-bee1772cd07d"},{"incoming":["2027.f695f5c7-154c-4a2b-b2aa-b7a618f1eff4"],"extensionElements":{"nodeVisualInfo":[{"color":"#F8F8F8","width":24,"x":700,"y":200,"declaredType":"TNodeVisualInfo","height":24}],"navigationInstructions":[{"targetType":"Default","declaredType":"com.ibm.bpmsdk.model.bpmn20.ibmext.TNavigationInstructions"}]},"name":"End","declaredType":"endEvent","id":"3bfda47d-3acb-4423-af5e-e01c445a1013"},{"targetRef":"2025.44603666-b138-4a2b-8f4f-95b40e3288c8","extensionElements":{"linkVisualInfo":[{"sourcePortLocation":"rightCenter","showCoachControlLabel":false,"labelPosition":0.0,"targetPortLocation":"leftCenter","declaredType":"TLinkVisualInfo","saveExecutionContext":false,"showLabel":false}]},"name":"Start to End","declaredType":"sequenceFlow","id":"2027.97de398c-317f-4e47-b7ba-4aeb14e26882","sourceRef":"83151dde-d158-4da2-8670-bee1772cd07d"},{"startQuantity":1,"outgoing":["2027.f695f5c7-154c-4a2b-b2aa-b7a618f1eff4"],"incoming":["2027.97de398c-317f-4e47-b7ba-4aeb14e26882"],"default":"2027.f695f5c7-154c-4a2b-b2aa-b7a618f1eff4","extensionElements":{"nodeVisualInfo":[{"width":95,"x":316,"y":177,"declaredType":"TNodeVisualInfo","height":70}]},"name":"Get Properties","isForCompensation":false,"completionQuantity":1,"declaredType":"scriptTask","id":"2025.44603666-b138-4a2b-8f4f-95b40e3288c8","scriptFormat":"text/x-javascript","script":{"content":["console.debug(\"****BEGIN Script Get Properties****\");\r\n\r\ntw.system.waitForContinueFlow();\r\n\r\nvar serviceName =\"getProperties\";\r\n\r\nvar csrfToken = tw.local.data && tw.local.data.csrfToken;\r\nvar appServerResource = tw.local.data && tw.local.data.serverAppResource;\r\nvar repository = tw.local.data && tw.local.data.repository;\r\nvar propertyNamesIn = tw.local.data.properties;\r\nvar ovpPropertyNamesIn = tw.local.data.ovpProperties;\r\nvar objectId = tw.local.data && tw.local.data.objectId;\r\nvar objectType = tw.local.data && tw.local.data.objectType;\r\nvar classId = tw.local.data && tw.local.data.classId;\r\n\r\nvar queryObjectType = \"document\";\r\nif (objectType == \"Folder\") {\r\n\tqueryObjectType = \"folder\";\r\n} else if (objectType == \"Abstract\") {\r\n\tqueryObjectType = \"cmAbstractPersistable\";\r\n}\r\n\r\nvar propertyNames = \"\\\"\" + propertyNamesIn.join(\"\\\", \\\"\") + \"\\\"\";\r\nvar ovpPropertyNames = null;\r\nif (ovpPropertyNamesIn && ovpPropertyNamesIn.length > 0){\r\n\tovpPropertyNames =  \"\\\"\" + ovpPropertyNamesIn.join(\"\\\", \\\"\") + \"\\\"\";\r\n}\r\n\r\nvar QUERY = \"{\" + queryObjectType + \"(\" + \"\\n\" +\r\n    \t\"repositoryIdentifier: \\\"\" + repository + \"\\\",\" + \"\\n\" +\r\n\t\"identifier: \\\"\" + objectId + \"\\\"\";\r\n\t\t\r\n\tif (objectType == \"Abstract\") {\r\n\t\tQUERY += \",\" + \"\\n\" +\r\n\t\t\"classIdentifier: \\\"\" + classId + \"\\\"\" + \"\\n\";\r\n\t}\r\n\t\t\r\n\tQUERY += \")\" + \"\\n\" +\r\n\t\"{\" + \"\\n\" +\r\n\t\t\"id\" + \"\\n\" +\r\n\t\t\"className\" + \"\\n\" +\r\n\t\t\"accessAllowed\" + \"\\n\";\r\n\t\t\r\n\t\tif (objectType == \"Document\") {\t      \r\n\t\t\tQUERY += \"contentElements {\" + \"\\n\" +\r\n\t\t\t\t\"elementSequenceNumber\" + \"\\n\" +\r\n\t\t\t\t\"... on ContentTransfer {\" + \"\\n\" +\r\n\t\t\t\t\t\"retrievalName\" + \"\\n\" +\r\n\t\t\t\t\t\"downloadUrl\" + \"\\n\" +\r\n\t\t\t\t\"}\" + \"\\n\" +\r\n\t\t\t\"}\" + \"\\n\";\r\n\t\t\t\r\n\t\t\tQUERY += \"cmThumbnails {\" + \"\\n\" +\r\n\t\t   \t\t\"cmThumbnails {\" + \"\\n\" +\r\n\t\t\t     \t\t\"id\" + \"\\n\" +\r\n\t\t\t \t\"}\" + \"\\n\" +\r\n\t\t\t\"}\" + \"\\n\";\r\n\t\t}\r\n\t\t\r\n\t\tQUERY += \"properties(includes: [\" + propertyNames + \"])\" + \"\\n\" +\r\n\t\t\"{\" + \"\\n\" +\r\n\t\t\t\"id\" + \"\\n\" +\r\n\t\t\t\"value\" + \"\\n\";\r\n\t\t\t\r\n\t\t\tif (ovpPropertyNames && ovpPropertyNames.length > 0) {\t\t\t\t\r\n\t\t\t\tQUERY += \"... on ObjectProperty {\" + \"\\n\" +\r\n\t\t\t\t \t\"objectValue {\" + \"\\n\" +\r\n\t\t\t\t\t\t\"properties(includes: [\" + ovpPropertyNames + \"])\" + \"\\n\" +\r\n\t\t\t\t\t\t\"{\"  + \"\\n\" +\r\n\t\t\t\t          \t\t\"id\" + \"\\n\" +\r\n\t\t\t\t            \t\"type\" + \"\\n\" +\r\n\t\t\t\t            \t\"value\" + \"\\n\" + \r\n\t\t\t\t            \t\"cardinality\" + \"\\n\" + \r\n\t\t\t\t            \t\"label\"  + \"\\n\" + \r\n\t\t\t\t \t\t\"}\" + \"\\n\" +\r\n\t\t\t\t\t\"}\" + \"\\n\" +\r\n\t\t\t\t\"}\";\r\n\t\t\t}\r\n\t\t\t\r\n\t\tQUERY +=\"}\" + \"\\n\" +\r\n\t\"}\" + \"\\n\" +\r\n\"}\";\r\n\r\nconsole.debug(\"Calling lookupDBARegistry\");\r\ntw.system.lookupDBARegistry(appServerResource, function(response) {\r\n\r\n\tvar options = {\r\n\t\tmethod: \"POST\",\r\n\t\tpayload: {\r\n\t\t\tquery: QUERY,\r\n\t\t\tvariables: null,\r\n\t\t\toperationName: null\r\n\t\t},\r\n\t\theaders: {\r\n\t\t\t\"ECM-CS-XSRF-Token\": csrfToken,\r\n\t\t\tCookie: \"ECM-CS-XSRF-Token=\" + csrfToken,\r\n\t\t\t\"Accept-Language\": tw.system.user.locale\r\n\t\t}\r\n\t};\r\n\t\r\n\t// Add the context root and path if they are missing for backward compatibility\r\n\tif (!response.ctxRoot){\r\n\t\toptions.ctxRoot = \"/content-services-graphql\";\r\n\t}\r\n\tif (!response.path){\r\n\t\toptions.path = \"/graphql\";\r\n\t}\t\r\n\tconsole.debug(\"Options: \", options);\t\r\n\tconsole.debug(\"****PAYLOAD: \", QUERY);\r\n\tconsole.debug(\"****CALLING performRequest****\");\r\n\ttw.system.performRequest(appServerResource, options, function(response, httpStatus) {\r\n\r\n\t\tconsole.debug(\"performRequest response: \", response);\r\n\t\tconsole.debug(\"performRequest httpStatus: \", httpStatus);\r\n\r\n\t\tif (httpStatus.statusCode != 200){\r\n\t\t\ttw.local.error = {};\r\n\t\t\ttw.local.error.errorCode = httpStatus.statusCode;\r\n\t\t\ttw.local.error.errorText = response;\r\n\t\t\ttw.local.error.serviceInError = serviceName;\r\n\t\t}\r\n\t\telse {\r\n\t\t\tvar resultsJson = JSON.parse(response);\r\n\t\t\tif (resultsJson.errors) {\r\n\t\t\t\tvar error = resultsJson.errors[0];\r\n\t\t\t\ttw.local.error = {};\r\n\t\t\t\ttw.local.error.errorCode = error.extensions ? error.extensions.errorCode ?  error.extensions.errorCode : error.errorType : error.errorType;\r\n\t\t\t\ttw.local.error.errorText = error.extensions ? error.extensions.explanation ? error.extensions.explanation : error.message : error.message;\r\n\t\t\t\ttw.local.error.serviceInError = serviceName;\r\n\t\t\t} else {\r\n\t\t\t\t// Return contentItem like object with additional first level property information too\r\n\t\t\t\tvar results;\r\n\t\t\t\tif (resultsJson.data.document) {\r\n\t\t\t\t\tresults = resultsJson.data.document;\r\n\t\t\t\t} else if (resultsJson.data.folder) {\r\n\t\t\t\t\tresults = resultsJson.data.folder;\r\n\t\t\t\t} else {\r\n\t\t\t\t\tresults = resultsJson.data.cmAbstractPersistable;\t\r\n\t\t\t\t}\r\n\t\t\t}\r\n\t\t\t\r\n\t\t\ttw.local.results = {\r\n\t\t\t\tresults: results\r\n\t\t\t}\r\n\t\t\t\r\n\t\t}\r\n\r\n\t\t// Signal to engine that flow can continue past this Script?\r\n\t\ttw.system.continueFlow();\r\n\t}, function (err) {\r\n\t\tconsole.error(\"performRequest failed: \", err)\r\n\t\t\r\n\t\ttw.local.error = {};\r\n\t\ttw.local.error.errorCode = err.code ? err.code : err.errno ? err.errno : err.name;\r\n\t\ttw.local.error.errorText = err.message;\r\n\t\ttw.local.error.serviceInError = serviceName;\r\n\t\t\r\n\t\t// Signal to engine that flow can continue past this Script.\r\n\t\ttw.system.continueFlow();\r\n\t});\r\n}, function(err) {\r\n\tconsole.error(\"Error returned from lookupDBARegistry:\", err);\r\n\ttw.local.error = {};\r\n\ttw.local.error.errorCode = err.msg;\r\n\ttw.local.error.errorText = err.msg;\r\n\ttw.local.error.serviceInError = serviceName;\r\n\ttw.system.continueFlow();\r\n});\r\n\r\nconsole.debug(\"At the end of the script\");\r\n"]}},{"targetRef":"3bfda47d-3acb-4423-af5e-e01c445a1013","extensionElements":{"sequenceFlowImplementation":[{"fireValidation":"Never","sboSyncEnabled":true,"declaredType":"com.ibm.bpmsdk.model.bpmn20.ibmext.TSequenceFlowImplementation"}],"linkVisualInfo":[{"sourcePortLocation":"rightCenter","showCoachControlLabel":false,"labelPosition":0.0,"targetPortLocation":"leftCenter","declaredType":"TLinkVisualInfo","saveExecutionContext":true,"showLabel":false}]},"name":"To End","declaredType":"sequenceFlow","id":"2027.f695f5c7-154c-4a2b-b2aa-b7a618f1eff4","sourceRef":"2025.44603666-b138-4a2b-8f4f-95b40e3288c8"}],"isClosed":false,"declaredType":"com.ibm.bpmsdk.model.bpmn20.ibmext.TUserTaskImplementation","id":"009feb92-0b9a-4dfe-9f70-a4c9e27481e3","processType":"None"}]},"implementation":"##unspecified","documentation":[{"content":["Returns the property values of an object."],"textFormat":"text/plain"}],"name":"getProperties","declaredType":"globalUserTask","id":"1.b00818be-600b-4200-9431-1620cfa83c98","ioSpecification":{"dataOutput":[{"itemSubjectRef":"itm.12.c09c9b6e-aabd-4897-bef2-ed61db106297","documentation":[{"content":["Set on success. Contains a JSON object with a JSON array containing property values."],"textFormat":"text/plain"}],"name":"results","isCollection":false,"id":"2055.071c1d80-88dd-4531-a48b-3b84e38c2d74"},{"itemSubjectRef":"itm.12.5551644c-3dc6-4161-a939-4e7f27f8ce45","documentation":[{"content":["Set on error. Contains information about why the call failed."],"textFormat":"text/plain"}],"name":"error","isCollection":false,"id":"2055.0e3f2762-8387-4c6d-9666-32b3581c4ba0"}],"inputSet":[{}],"outputSet":[{}],"dataInput":[{"itemSubjectRef":"itm.12.ef3509d9-ddc4-403a-8bd5-ca8dd6048195","name":"data","isCollection":false,"id":"2055.f61c4886-f97a-4c2a-8ebc-6c6d1b5e7c38"}]}}],"targetNamespace":"","typeLanguage":"http://www.w3.org/2001/XMLSchema","expressionLanguage":"http://www.ibm.com/xmlns/prod/bpm/expression-lang/javascript","id":"1.b00818be-600b-4200-9431-1620cfa83c98"}},"status":"200"}