{"id":"50.c4d6cc83-a000-4ae2-b2f5-d35d89f9c6ba/2064.7814960a-7cfe-424d-92b5-d9ce2fbce18c","localeLanguage":"nl","localeCountry":"","localeVariant":"","localeDisplayName":"WPT","resourceBundleKey":[{"id":null,"key":"HistoryLBL","value":"Historie"},{"id":null,"key":"activitiesDOC","value":"Een lijst van activiteiten"},{"id":null,"key":"activitiesLBL","value":"Activiteiten"},{"id":null,"key":"activitySummariesDOC","value":"De lijst met samenvattingen van activiteit die wordt afgebeeld. Dit is alleen van toepassing als de optie voor proces-ID gebruikt wordt."},{"id":null,"key":"activitySummariesLBL","value":"Samenvattingen van activiteit"},{"id":null,"key":"addFilterLBL","value":"Filter toevoegen"},{"id":null,"key":"alwaysShowDOC","value":"Altijd afbeelden"},{"id":null,"key":"alwaysShowLBL","value":"Altijd afbeelden"},{"id":null,"key":"availableActionsDOC","value":"De lijst van beschikbare acties die het procesdiagram mogelijk maakt. Deze zijn gebaseerd op de machtigingen van de huidige gebruiker als ze binnen een dashboard worden gebruikt."},{"id":null,"key":"availableActionsLBL","value":"AvailableActions"},{"id":null,"key":"blocksShowingOnloadDOC","value":"Aantal blokken dat bij laden afgebeeld wordt"},{"id":null,"key":"blocksShowingOnloadLBL","value":"Blokken die bij laden worden afgebeeld"},{"id":null,"key":"bottomTableLabelDOC","value":"Geef de tekst op voor het label dat onder de lijst wordt afgebeeld."},{"id":null,"key":"bottomTableLabelLBL","value":"Label voor voettekst toevoegen"},{"id":null,"key":"branchIdDOC","value":"Het vertakkings-ID voor een bepaald proces (begint met 2063.xxx)."},{"id":null,"key":"branchIdLBL","value":"Vertakkings-ID"},{"id":null,"key":"brandDOC","value":"Merknaam die wordt afgebeeld op de titelbalk"},{"id":null,"key":"brandLBL","value":"Merknaam"},{"id":null,"key":"businessColumnsDOC","value":"De lijst van mogelijke bedrijfskolommen"},{"id":null,"key":"businessColumnsLBL","value":"Bedrijfskolommen"},{"id":null,"key":"caseScopeDOC","value":"Kies welke zaakinstances in uw lijst worden opgenomen: alle instances waarvoor u gemachtigd bent om ze te zien of alleen de instances die rechtstreeks aan u zijn toegewezen."},{"id":null,"key":"caseScopeLBL","value":"Casebereik"},{"id":null,"key":"clearFilterLBL","value":"Filter wissen"},{"id":null,"key":"customPathDOC","value":"De lijst van ProjectedPathLinkChange's voor het gemaakte aangepaste pad. Dit is alleen van toepassing als de optie voor procesinstance-ID gebruikt wordt."},{"id":null,"key":"customPathLBL","value":"Aangepast pad"},{"id":null,"key":"disableActionsDOC","value":"De acties die moeten worden uitgeschakeld"},{"id":null,"key":"disableActionsLBL","value":"Acties uitschakelen"},{"id":null,"key":"disableCompleteTasksDOC","value":"Voorkomen dat gebruikers voltooide taken kunnen openen."},{"id":null,"key":"disableCompleteTasksLBL","value":"Openen van voltooide taken uitschakelen"},{"id":null,"key":"disableFilterEventsDOC","value":"Automatisch vernieuwen van de lijst uitschakelen als filters worden bijgewerkt."},{"id":null,"key":"disableFilterEventsLBL","value":"Automatisch vernieuwen uitschakelen"},{"id":null,"key":"disableFulltextSearchDOC","value":"De zoekfunctie in volledige tekst in de zoekbalk uitschakelen"},{"id":null,"key":"disableFulltextSearchLBL","value":"Zoeken in volledige tekst uitschakelen"},{"id":null,"key":"disableLeftClickActivityDetailsDOC","value":"Hiermee deactiveert u het voorgrondvenster Details van activiteit, dat wordt afgebeeld wanneer op een knooppunt wordt geklikt."},{"id":null,"key":"disableLeftClickActivityDetailsLBL","value":"Details van activiteit uitschakelen bij links klikken"},{"id":null,"key":"disableRetrieveServicesDOC","value":"Ophaalservices (bijvoorbeeld team beheren, werkstromen maken) in het actiemenu uitschakelen."},{"id":null,"key":"disableRetrieveServicesLBL","value":"Ophaalservices uitschakelen"},{"id":null,"key":"disableRightClickMenusDOC","value":"Hiermee deactiveert u het contextmenu dat wordt afgebeeld wanneer met de rechtermuisknop op een knooppunt wordt geklikt."},{"id":null,"key":"disableRightClickMenusLBL","value":"Contextmenu na rechts klikken uitschakelen"},{"id":null,"key":"documentsLBL","value":"Documenten"},{"id":null,"key":"embededViewDOC","value":"Hiermee wordt de sluitknop verborgen voor het inbedden in een andere view."},{"id":null,"key":"embededViewLBL","value":"Ingebedde view"},{"id":null,"key":"enableAddWorkflowDOC","value":"De knop voor het starten van de werkstroom afbeelden."},{"id":null,"key":"enableAddWorkflowLBL","value":"Werkstroom starten afbeelden"},{"id":null,"key":"enableBatchModifyDOC","value":"De wijziging van meerdere geselecteerde taken tegelijk inschakelen."},{"id":null,"key":"enableBatchModifyLBL","value":"Wijzigen in batch inschakelen"},{"id":null,"key":"enableHistoryNavDOC","value":"Het navigatiepad naar de huidige pagina in de taakviewer afbeelden."},{"id":null,"key":"enableHistoryNavLBL","value":"Het broodkruimelspoor afbeelden"},{"id":null,"key":"enableInstanceDetailsDOC","value":"De actie voor viewinstance in overloopmenu afbeelden."},{"id":null,"key":"enableInstanceDetailsLBL","value":"Viewinstance afbeelden"},{"id":null,"key":"enableSavedSearchEditingDOC","value":"Het maken en bewerken van opgeslagen zoekopdrachten inschakelen."},{"id":null,"key":"enableSavedSearchEditingLBL","value":"Opgeslagen zoekopdrachten inschakelen"},{"id":null,"key":"enterDecimalLBL","value":"Geef een decimaal getal op..."},{"id":null,"key":"enterNumberLBL","value":"Geef een getal op..."},{"id":null,"key":"eventONNavigationButtonClickedDOC","value":"Event bij klikken op navigatie-item"},{"id":null,"key":"eventONNavigationButtonClickedLBL","value":"Bij klikken op navigatie-item"},{"id":null,"key":"eventONPageSizeChangedDOC","value":"Wordt geactiveerd wanneer het aantal items per pagina is gewijzigd."},{"id":null,"key":"eventONPageSizeChangedLBL","value":"Op items per pagina gewijzigd"},{"id":null,"key":"eventONPageSwitchedDOC","value":"Wordt geactiveerd wanneer het paginanummer wordt gewijzigd."},{"id":null,"key":"eventONPageSwitchedLBL","value":"Bij pagina gewijzigd"},{"id":null,"key":"eventOnCardBlurDOC","value":"Geactiveerd als kaart focus verliest"},{"id":null,"key":"eventOnCardBlurLBL","value":"Bij kaart vervagen"},{"id":null,"key":"eventOnCardFocusDOC","value":"Geactiveerd bij focus op kaart"},{"id":null,"key":"eventOnCardFocusLBL","value":"Bij kaartfocus"},{"id":null,"key":"eventOnChangeDOC","value":"Bij wijzigingsevent"},{"id":null,"key":"eventOnChangeLBL","value":"Bij wijziging"},{"id":null,"key":"eventOnExternalFetchDOC","value":"De methode verwacht dat setTasks() bij de nieuwe takenlijst wordt aangeroepen."},{"id":null,"key":"eventOnExternalFetchLBL","value":"Bij extern ophalen"},{"id":null,"key":"eventOnFilterBtnClickedDOC","value":"Wordt geactiveerd wanneer er op een filterknop wordt geklikt."},{"id":null,"key":"eventOnFilterBtnClickedLBL","value":"Bij geklikt op filterknop"},{"id":null,"key":"eventOnHideDOC","value":"Bij event voor verbergen"},{"id":null,"key":"eventOnHideLBL","value":"Bij verbergen"},{"id":null,"key":"eventOnInstanceLaunchedLBL","value":"Bij instance gestart"},{"id":null,"key":"eventOnInstanceUIActionDOC","value":"Bij instance-UI actie event"},{"id":null,"key":"eventOnInstanceUIActionLBL","value":"Bij instance-UI actie"},{"id":null,"key":"eventOnInstanceUIActivitySelectedDOC","value":"Bij instance-UI-activiteit geselecteerde event"},{"id":null,"key":"eventOnInstanceUIActivitySelectedLBL","value":"Bij instance-UI-activiteit geselecteerd"},{"id":null,"key":"eventOnInstanceUIClosedDOC","value":"Bij instance gesloten event"},{"id":null,"key":"eventOnInstanceUIClosedLBL","value":"Bij instance gesloten"},{"id":null,"key":"eventOnInstanceUICommentPostDOC","value":"Bij instance-UI-reactie post event"},{"id":null,"key":"eventOnInstanceUICommentPostLBL","value":"Bij instance-UI-reactie post"},{"id":null,"key":"eventOnInstanceUILaunchedDOC","value":"Bij instance-UI gestart event"},{"id":null,"key":"eventOnInstanceUILaunchedLBL","value":"Bij instance-UI gestart"},{"id":null,"key":"eventOnInstanceUITabChangeDOC","value":"Bij instance-UI-tabblad event verandering"},{"id":null,"key":"eventOnInstanceUITabChangeLBL","value":"Bij instance-UI-tabblad verandering"},{"id":null,"key":"eventOnLoadDOC","value":"Onload-event"},{"id":null,"key":"eventOnLoadLBL","value":"Bij laden"},{"id":null,"key":"eventOnProcessLaunched","value":"Bij event voor gestart proces"},{"id":null,"key":"eventOnRefreshDOC","value":"Bij vernieuwingsevent"},{"id":null,"key":"eventOnRefreshLBL","value":"Bij Vernieuwen"},{"id":null,"key":"eventOnSearchLaunched","value":"Bij event voor gestarte zoekopdracht"},{"id":null,"key":"eventOnServiceClosedDOC","value":"Event bij sluiten van service"},{"id":null,"key":"eventOnServiceClosedLBL","value":"Bij gesloten service"},{"id":null,"key":"eventOnServiceLaunched","value":"Bij event voor gestarte  service"},{"id":null,"key":"eventOnServiceOpenedDOC","value":"Event bij openen van service"},{"id":null,"key":"eventOnServiceOpenedLBL","value":"Bij geopende service"},{"id":null,"key":"eventOnShowDOC","value":"Bij afbeeldingsevent"},{"id":null,"key":"eventOnShowLBL","value":"Bij afbeelden"},{"id":null,"key":"eventOnTaskActionDOC","value":"Bij event voor taakactie"},{"id":null,"key":"eventOnTaskActionLBL","value":"Bij taakactie"},{"id":null,"key":"eventOnTaskClosedDOC","value":"Event bij sluiten van taak"},{"id":null,"key":"eventOnTaskClosedLBL","value":"Bij gesloten taak"},{"id":null,"key":"eventOnTaskLaunchedDOC","value":"Bij event voor gestarte taak"},{"id":null,"key":"eventOnTaskLaunchedLBL","value":"Bij gestarte taak"},{"id":null,"key":"eventOnTaskOpenedDOC","value":"Event bij openen van taak"},{"id":null,"key":"eventOnTaskOpenedLBL","value":"Bij geopende taak"},{"id":null,"key":"eventOnVisibilityChangeDOC","value":"Bij event voor wijzigen zichtbaarheid"},{"id":null,"key":"eventOnVisibilityChangeLBL","value":"Bij wijziging van zichtbaarheid"},{"id":null,"key":"filterByProjectDOC","value":"Geef de projectnaam op om de instancelijst te filteren op alleen de instances voor dat project."},{"id":null,"key":"filterByProjectLBL","value":"Filteren op project"},{"id":null,"key":"generalTaskSortingDOC","value":"Selecteer de binding om de sorteervolgorde van de lijst te handhaven."},{"id":null,"key":"hideActionsMenuDOC","value":"Het menu uitschakelen dat toegang geeft tot meer acties voor de taak."},{"id":null,"key":"hideActionsMenuLBL","value":"Actiemenu uitschakelen"},{"id":null,"key":"hideCase","value":"Zaken verbergen"},{"id":null,"key":"hideColumnSelectorDOC","value":"Verberg de selector voor de kolommen die in de lijst moeten worden afgebeeld."},{"id":null,"key":"hideColumnSelectorLBL","value":"Kolomselector verbergen"},{"id":null,"key":"hideProcess","value":"Processen verbergen"},{"id":null,"key":"hideSearchBarDOC","value":"De zoekbalk verbergen."},{"id":null,"key":"hideSearchBarLBL","value":"Zoekbalk verbergen"},{"id":null,"key":"hideService","value":"Opstartbare services verbergen"},{"id":null,"key":"hideStatusColumnDOC","value":"Verberg de statuskolom in de lijst."},{"id":null,"key":"hideStatusColumnLBL","value":"Statuskolom verbergen"},{"id":null,"key":"instanceDOC","value":"InstanceData"},{"id":null,"key":"instanceFiltersDOC","value":"Selecteer de binding om de filters in de instancelijst te handhaven."},{"id":null,"key":"instanceFiltersLBL","value":"Persistente filters instellen"},{"id":null,"key":"instanceIdDOC","value":"Het ID van de instance van de bedrijfsprocesdefinitie. Deze optie heeft voorrang boven de optie voor proces-ID."},{"id":null,"key":"instanceIdLBL","value":"Procesinstance-ID"},{"id":null,"key":"instanceLBL","value":"Instance"},{"id":null,"key":"instanceListColumnWidthDOC","value":"De binding selecteren om de kolombreedte in de instancelijst te handhaven."},{"id":null,"key":"instanceListColumnWidthLBL","value":"Persistente kolombreedtes instellen"},{"id":null,"key":"instanceModeDOC","value":"Alleen aan instances gerelateerde zoekopdrachten afbeelden"},{"id":null,"key":"instanceModeLBL","value":"Instancemodus"},{"id":null,"key":"instancesColumnsDOC","value":"Geef de af te beelden kolommen op in de lijst van instances."},{"id":null,"key":"instancesColumnsLBL","value":"Instancekolommen aanpassen"},{"id":null,"key":"instancesEnableInstanceDetailsDOC","value":"De mogelijkheid inschakelen om een werkstroominstance te openen."},{"id":null,"key":"instancesEnableInstanceDetailsLBL","value":"Starten van instance inschakelen"},{"id":null,"key":"instancesPerPageDOC","value":"Geef het aantal instances op dat per pagina moet worden afgebeeld."},{"id":null,"key":"instancesPerPageLBL","value":"Instances per pagina instellen"},{"id":null,"key":"instancesSortDOC","value":"Selecteer de binding om de sorteervolgorde van de instancelijst te handhaven."},{"id":null,"key":"instancesSortLBL","value":"Persistente subsysteemsortering instellen"},{"id":null,"key":"isTaskFilterServiceEnabledDOC","value":"Hiermee activeert u intelligente taakprioriteiten, waarmee de lijst wordt gesorteerd en taken waaraan u het beste als volgende kunt werken bovenaan geplaatst worden."},{"id":null,"key":"isTaskFilterServiceEnabledLBL","value":"Taakprioritering inschakelen"},{"id":null,"key":"itemLengthDOC","value":"Lengte van een invoerlijst."},{"id":null,"key":"itemLengthLBL","value":"Itemlengte"},{"id":null,"key":"itemPerPageDOC","value":"Aantal items per pagina."},{"id":null,"key":"itemPerPageLBL","value":"Per pagina"},{"id":null,"key":"localizationServiceDOC","value":"Geef de service op die wordt gebruikt voor het ophalen van gelokaliseerde tekenreeksen voor gebruik met deze Coachview."},{"id":null,"key":"localizationServiceLBL","value":"Lokalisatieservice"},{"id":null,"key":"mandatoryColumnsDOC","value":"De lijst van verplichte kolommen"},{"id":null,"key":"mandatoryColumnsLBL","value":"Verplichte kolommen"},{"id":null,"key":"maximumSearchSizeDOC","value":"Het maximumaantal taken instellen dat bij een zoekopdracht geretourneerd wordt."},{"id":null,"key":"maximumSearchSizeLBL","value":"Maximale zoeklimiet instellen"},{"id":null,"key":"numberOfTaskOptionDOC","value":"Het aantal beschikbare taakopties afbeelden"},{"id":null,"key":"numberOfTaskOptionLBL","value":"Lijst met aantal taken"},{"id":null,"key":"placeholderDOC","value":"Plaatshouder voor invoervelden"},{"id":null,"key":"placeholderLBL","value":"Plaatshouder"},{"id":null,"key":"processAppAcroDOC","value":"Geef een appacroniem op voor het filteren van de lijst om alleen taken voor die app weer te geven."},{"id":null,"key":"processAppAcroLBL","value":"Filteren op app"},{"id":null,"key":"processIdDOC","value":"Het ID van de bedrijfsprocesdefinitie van het procesdiagram dat afgebeeld wordt. Er is een snapshot-ID, vertakkings-ID, of project-ID vereist."},{"id":null,"key":"processIdLBL","value":"Proces-ID"},{"id":null,"key":"processModeDOC","value":"De view optimaliseren om procesinformatie af te beelden"},{"id":null,"key":"processModeLBL","value":"Optimaliseren voor processen"},{"id":null,"key":"projectIdDOC","value":"Het project-ID voor een bepaald proces (begint met 2066.xxx)."},{"id":null,"key":"projectIdLBL","value":"Project-ID"},{"id":null,"key":"projectedPathDOC","value":"De lijst van activiteit-ID's die u wilt accentueren langs het geprojecteerde pad. De activiteiten moeten in de volgorde van de stroom opgegeven worden. Dit is alleen van toepassing als de optie voor procesinstance-ID gebruikt wordt."},{"id":null,"key":"projectedPathLBL","value":"Geprojecteerd pad"},{"id":null,"key":"recentInstanceSearchesDOC","value":"Selecteer de binding om de recente zoekopdrachten in de zoekbalk te handhaven."},{"id":null,"key":"recentInstanceSearchesLBL","value":"Gehandhaafde zoekopdrachten instellen"},{"id":null,"key":"recentTaskSearchesDOC","value":"Selecteer de binding om de recente zoekopdrachten in de zoekbalk te handhaven."},{"id":null,"key":"recentTaskSearchesLBL","value":"Gehandhaafde zoekopdrachten instellen"},{"id":null,"key":"recentWorkstreamLimit","value":"Hoeveel werkstromen wilt u afbeelden voor de lijst"},{"id":null,"key":"removeFilterLBL","value":"Filter verwijderen"},{"id":null,"key":"requiredOwnershipCheckDOC","value":"Controleren of de huidige gebruiker gemachtigd is om de taak te openen."},{"id":null,"key":"requiredOwnershipCheckLBL","value":"Taakeigendom controleren"},{"id":null,"key":"responsiveModeDOC","value":"Selecteer de schermgrootte voor het bekijken van de takenlijst."},{"id":null,"key":"responsiveModeLBL","value":"Responsieve modus instellen"},{"id":null,"key":"riskStateDOC","value":"Stel hier de geselecteerde status van een activiteit in bij het afbeelden van samenvattingen van activiteit. Geldige waarden zijn Op schema, Risicovol en Achterstallig."},{"id":null,"key":"riskStateLBL","value":"Risicostatus"},{"id":null,"key":"savedSearchInstanceFilterDOC","value":"Alleen instance-gerelateerde filters afbeelden."},{"id":null,"key":"savedSearchInstanceFilterLBL","value":"Instancefilter"},{"id":null,"key":"savedSearchInstanceModeDOC","value":"Alleen instance-gerelateerde filters en kolommen afbeelden."},{"id":null,"key":"savedSearchInstanceModeLBL","value":"Instancemodus"},{"id":null,"key":"savedSearchNameDOC","value":"Selecteer de binding om de opgeslagen zoekopdrachten in de takenlijst te handhaven"},{"id":null,"key":"savedSearchNameLBL","value":"Gehandhaafde opgeslagen zoekopdrachten instellen"},{"id":null,"key":"scopeDOC","value":"Het zoekfilter afbeelden als een bereikfilter."},{"id":null,"key":"scopeLBL","value":"Afbeelden als bereikfilter"},{"id":null,"key":"selectDateLBL","value":"Selecteer een datum..."},{"id":null,"key":"selectValueLBL","value":"Waarde selecteren"},{"id":null,"key":"showActivitySummariesDOC","value":"Bepaalt of de samenvattingen voor activiteit afgebeeld worden. Dit is alleen van toepassing als de optie voor proces-ID gebruikt wordt."},{"id":null,"key":"showActivitySummariesLBL","value":"Samenvattingen van activiteit afbeelden"},{"id":null,"key":"showAllStatsDOC","value":"Alle statistische waarden afbeelden, inclusief waarden die null zijn"},{"id":null,"key":"showAllStatsLBL","value":"Alle waarden afbeelden"},{"id":null,"key":"showInstanceRefreshDOC","value":"De knop Vernieuwen afbeelden, waarmee u de instancelijst handmatig kunt vernieuwen wanneer de berichtenserver niet beschikbaar is."},{"id":null,"key":"showOnTaskClosedDOC","value":"De taakviewer afbeelden bij het sluiten van de taak."},{"id":null,"key":"showOnTaskClosedLBL","value":"Afbeelden bij gesloten taak"},{"id":null,"key":"showPageSizerDOC","value":"De formaatbesturing voor de pagina afbeelden."},{"id":null,"key":"showPageSizerLBL","value":"Formaatbesturing voor pagina afbeelden"},{"id":null,"key":"showPagerStatsDOC","value":"De paginastatistieken afbeelden."},{"id":null,"key":"showPagerStatsLBL","value":"Paginastatistieken afbeelden"},{"id":null,"key":"showRefreshLBL","value":"Knop Vernieuwen afbeelden"},{"id":null,"key":"showSavedSearchesDOC","value":"Een vervolgkeuzelijst met opgeslagen zoekopdrachten afbeelden."},{"id":null,"key":"showSavedSearchesLBL","value":"Opgeslagen zoekopdrachten afbeelden"},{"id":null,"key":"showSingleListDOC","value":"Alle taken in een enkele lijst afbeelden"},{"id":null,"key":"showSingleListLBL","value":"Enkele lijst afbeelden"},{"id":null,"key":"showSortByArrowDOC","value":"Selecteer de selector om de takenlijst in oplopende, aflopende of standaard volgorde te sorteren."},{"id":null,"key":"showSortByArrowLBL","value":"Selector voor kolomsortering afbeelden"},{"id":null,"key":"showStatsDOC","value":"Een overzicht van taakstatistieken afbeelden."},{"id":null,"key":"showStatsLBL","value":"Statistieken afbeelden"},{"id":null,"key":"showTaskRefreshDOC","value":"De knop Vernieuwen afbeelden, waarmee u de takenlijst handmatig kunt vernieuwen wanneer de berichtenserver niet beschikbaar is."},{"id":null,"key":"showTotalOnlyDOC","value":"Alleen het totaalaantal taken afbeelden"},{"id":null,"key":"showTotalOnlyLBL","value":"Alleen totaal afbeelden"},{"id":null,"key":"skipClaimForTasksDOC","value":"Het venster voor claimen van taken niet afbeelden. De taak wordt automatisch geclaimd bij het openen."},{"id":null,"key":"skipClaimForTasksLBL","value":"Claimen van taken uitschakelen"},{"id":null,"key":"skipNavDOC","value":"Het dialoogvenster voor het openen van Case Client niet in een nieuw venster afbeelden."},{"id":null,"key":"skipNavLBL","value":"Bevestigingsvenster overslaan"},{"id":null,"key":"snapshotIdDOC","value":"Het snapshot-ID voor een bepaald proces (begint met 2064.xxx)."},{"id":null,"key":"snapshotIdLBL","value":"Snapshot-ID"},{"id":null,"key":"sortByDOC","value":"Geef de kolom op waarop de lijst in eerste instantie wordt gesorteerd."},{"id":null,"key":"sortByLBL","value":"Sorteren op kolom"},{"id":null,"key":"stepIdDOC","value":"Stel hier de geselecteerde stap van een activiteit in bij het afbeelden van samenvattingen van activiteit."},{"id":null,"key":"stepIdLBL","value":"Stap-ID"},{"id":null,"key":"systemColumnsDOC","value":"De lijst van mogelijke intrinsieke kolommen"},{"id":null,"key":"systemColumnsLBL","value":"Intrinsieke kolommen"},{"id":null,"key":"systemDataDOC","value":"De systeemgegevens instellen die u in de taakviewer wilt afbeelden."},{"id":null,"key":"systemDataLBL","value":"Systeemgegevens aanpassen"},{"id":null,"key":"taskActionsDOC","value":"De lijst van acties instellen die voor de taak kunnen worden uitgevoerd."},{"id":null,"key":"taskActionsLBL","value":"Taakacties instellen"},{"id":null,"key":"taskDOC","value":"Stel de taak in die u in de taakviewer wilt afbeelden."},{"id":null,"key":"taskFiltersDOC","value":"Selecteer de binding om de filters in de takenlijst te handhaven."},{"id":null,"key":"taskFiltersLBL","value":"Persistente filters instellen"},{"id":null,"key":"taskLBL","value":"Taak instellen"},{"id":null,"key":"taskLaunchEventDOC","value":"Geef de naam op van de event die moet worden gestart wanneer een taak wordt geopend."},{"id":null,"key":"taskLaunchEventLBL","value":"Event instellen wanneer taken worden gestart"},{"id":null,"key":"taskListColumnWidthDOC","value":"De binding selecteren om de kolombreedte in de takenlijst te handhaven."},{"id":null,"key":"taskListColumnWidthLBL","value":"Persistente kolombreedtes instellen"},{"id":null,"key":"taskListEnableInstanceDetailsDOC","value":"De mogelijkheid inschakelen om een taakinstance te openen."},{"id":null,"key":"taskListFavoritesLBL","value":"Favorieten"},{"id":null,"key":"taskListTaskSortingDOC","value":"Selecteer de binding om de sorteervolgorde van de takenlijst te handhaven."},{"id":null,"key":"taskListTaskSortingLBL","value":"Permanente sortering instellen"},{"id":null,"key":"tasksColumnsDOC","value":"Geef de kolommen op die in de takenlijst moeten worden afgebeeld."},{"id":null,"key":"tasksColumnsLBL","value":"Kolommen aanpassen"},{"id":null,"key":"tasksDOC","value":"Lijst van taken die moeten worden afgebeeld"},{"id":null,"key":"tasksLBL","value":"Taken"},{"id":null,"key":"tasksPerBlockDOC","value":"Aantal taken dat in elk blok afgebeeld wordt"},{"id":null,"key":"tasksPerBlockLBL","value":"Taken per blok"},{"id":null,"key":"tasksPerPageDOC","value":"Geef het aantal taken op dat per pagina moet worden afgebeeld."},{"id":null,"key":"tasksPerPageLBL","value":"Taken per pagina instellen"},{"id":null,"key":"teamsDOC","value":"Lijst van teamsamenvattingen"},{"id":null,"key":"teamsLBL","value":"Teams"},{"id":null,"key":"titleDOC","value":"Titelreeks die moet worden afgebeeld op de titelbalk"},{"id":null,"key":"titleLBL","value":"Titelreeks"},{"id":null,"key":"topTableLabelDOC","value":"Geef de tekst op voor het label dat boven de lijst wordt afgebeeld."},{"id":null,"key":"topTableLabelLBL","value":"Koplabel toevoegen"},{"id":null,"key":"traversedPathDOC","value":"De lijst van link-ID's die worden geaccentueerd om het doorlopen pad af te beelden. Dit is alleen van toepassing als de optie voor procesinstance-ID gebruikt wordt."},{"id":null,"key":"traversedPathLBL","value":"Doorlopen pad"},{"id":null,"key":"typeHereLBL","value":"Typ hier..."},{"id":null,"key":"useEventTriggeringFetchActionDOC","value":"De opdracht voor het ophalen van taken delegeren aan een event."},{"id":null,"key":"useEventTriggeringFetchActionLBL","value":"Event gebruiken om taken op te halen"},{"id":null,"key":"workflowsLBL","value":"Werkstromen"},{"id":null,"key":"workplaceConfigDOC","value":"Hiermee configureert u werkplek-gedrag"},{"id":null,"key":"workplaceConfigLBL","value":"Werkplek-configuratie"},{"id":null,"key":"workplaceUserSettingsDOC","value":"Binding voor het behouden van gebruikersinstellingen die worden toegepast wanneer de gebruiker zich opnieuw aanmeldt"},{"id":null,"key":"workplaceUserSettingsLBL","value":"Gebruikersinstellingen voor werkplek"},{"id":null,"key":"zoomFactorDOC","value":"Geldige waarden voor het zoomniveau van het procesdiagram zijn 1 tot en met 10."},{"id":null,"key":"zoomFactorLBL","value":"Zoomniveau"}]}