{"id":"50.c4d6cc83-a000-4ae2-b2f5-d35d89f9c6ba/2064.7814960a-7cfe-424d-92b5-d9ce2fbce18c","localeLanguage":"el","localeCountry":"","localeVariant":"","localeDisplayName":"WPT","resourceBundleKey":[{"id":null,"key":"HistoryLBL","value":"Ιστορικό"},{"id":null,"key":"activitiesDOC","value":"Λίστα δραστηριοτήτων"},{"id":null,"key":"activitiesLBL","value":"Δραστηριότητες"},{"id":null,"key":"activitySummariesDOC","value":"Η λίστα των περιλήψεων δραστηριοτήτων που θα εμφανιστούν. Αυτή η επιλογή χρησιμοποιείται μόνο όταν χρησιμοποιείται η επιλογή Ταυτότητα διεργασίας."},{"id":null,"key":"activitySummariesLBL","value":"Περιλήψεις δραστηριοτήτων"},{"id":null,"key":"addFilterLBL","value":"Προσθήκη φίλτρου"},{"id":null,"key":"alwaysShowDOC","value":"Εμφάνιση πάντοτε"},{"id":null,"key":"alwaysShowLBL","value":"Εμφάνιση πάντοτε"},{"id":null,"key":"availableActionsDOC","value":"Η λίστα με τις διαθέσιμες ενέργειες που θα επιτρέπονται στο διάγραμμα διεργασίας. Αυτές βασίζονται στις εξουσιοδοτήσεις του τρέχοντος χρήστη σε ένα χειριστήριο."},{"id":null,"key":"availableActionsLBL","value":"Διαθέσιμες ενέργειες"},{"id":null,"key":"blocksShowingOnloadDOC","value":"Αριθμός ενοτήτων που εμφανίζονται κατά τη φόρτωση"},{"id":null,"key":"blocksShowingOnloadLBL","value":"Ενότητες που εμφανίζονται κατά τη φόρτωση"},{"id":null,"key":"bottomTableLabelDOC","value":"Εισαγάγετε το κείμενο για την ετικέτα που εμφανίζεται κάτω από τη λίστα."},{"id":null,"key":"bottomTableLabelLBL","value":"Προσθήκη ετικέτας υποσέλιδου"},{"id":null,"key":"branchIdDOC","value":"Η ταυτότητα κλάδου για μια συγκεκριμένη διεργασία (ξεκινά με 2063.xxx)."},{"id":null,"key":"branchIdLBL","value":"Ταυτότητα κλάδου"},{"id":null,"key":"brandDOC","value":"Επωνυμία που θα εμφανίζεται στη γραμμή τίτλου"},{"id":null,"key":"brandLBL","value":"Εμπορική επωνυμία"},{"id":null,"key":"businessColumnsDOC","value":"Η λίστα των πιθανών επιχειρησιακών στηλών"},{"id":null,"key":"businessColumnsLBL","value":"Επιχειρησιακές στήλες"},{"id":null,"key":"caseScopeDOC","value":"Επιλέξτε ποιες υποθέσεις περιλαμβάνονται στη λίστα σας, είτε όλες οι χρήσεις που έχετε δικαίωμα να δείτε είτε μόνο οι χρήσεις που έχουν εκχωρηθεί απευθείας σε εσάς."},{"id":null,"key":"caseScopeLBL","value":"Εμβέλεια περίπτωσης"},{"id":null,"key":"clearFilterLBL","value":"Εκκαθάριση φίλτρου"},{"id":null,"key":"customPathDOC","value":"Η λίστα των ProjectedPathLinkChange για την προσαρμοσμένη διαδρομή που δημιουργήθηκε. Αυτή η επιλογή χρησιμοποιείται μόνο όταν χρησιμοποιείται η επιλογή Ταυτότητα χρήσης διεργασίας."},{"id":null,"key":"customPathLBL","value":"Προσαρμοσμένη διαδρομή"},{"id":null,"key":"disableActionsDOC","value":"Οι ενέργειες προς απενεργοποίηση"},{"id":null,"key":"disableActionsLBL","value":"Απενεργοποίηση ενεργειών"},{"id":null,"key":"disableCompleteTasksDOC","value":"Αποτρέψτε τους χρήστες από το άνοιγμα ολοκληρωμένων εργασιών."},{"id":null,"key":"disableCompleteTasksLBL","value":"Απενεργοποίηση ανοίγματος των ολοκληρωμένων εργασιών"},{"id":null,"key":"disableFilterEventsDOC","value":"Απενεργοποιήστε την αυτόματη ανανέωση της λίστας όταν ενημερώνονται τα φίλτρα."},{"id":null,"key":"disableFilterEventsLBL","value":"Απενεργοποίηση αυτόματης ανανέωσης"},{"id":null,"key":"disableFulltextSearchDOC","value":"Απενεργοποιήστε τη δυνατότητα αναζήτησης πλήρους κειμένου στη γραμμή αναζήτησης"},{"id":null,"key":"disableFulltextSearchLBL","value":"Απενεργοποίηση αναζήτησης πλήρους κειμένου"},{"id":null,"key":"disableLeftClickActivityDetailsDOC","value":"Απενεργοποιεί το αναδυόμενο πλαίσιο Λεπτομέρειες δραστηριότητας που εμφανίζεται με το πάτημα σε έναν κόμβο."},{"id":null,"key":"disableLeftClickActivityDetailsLBL","value":"Απενεργοποίηση εμφάνισης λεπτομερειών δραστηριότητας με πάτημα του αριστερού κουμπιού"},{"id":null,"key":"disableRetrieveServicesDOC","value":"Απενεργοποίηση υπηρεσιών ανάκτησης (π.χ. διαχείριση ομάδας, δημιουργία ροών εργασιών) στο μενού ενεργειών."},{"id":null,"key":"disableRetrieveServicesLBL","value":"Απενεργοποίηση υπηρεσιών ανάκτησης"},{"id":null,"key":"disableRightClickMenusDOC","value":"Απενεργοποιεί το αναδυόμενο μενού περιβάλλοντος που εμφανίζεται με το πάτημα του δεξιού κουμπιού σε έναν κόμβο."},{"id":null,"key":"disableRightClickMenusLBL","value":"Απενεργοποίηση εμφάνισης μενού περιβάλλοντος με το πάτημα του δεξιού κουμπιού"},{"id":null,"key":"documentsLBL","value":"Έγγραφα"},{"id":null,"key":"embededViewDOC","value":"Κρύβει το κουμπί κλεισίματος για ενσωμάτωση σε άλλη προβολή."},{"id":null,"key":"embededViewLBL","value":"Ενσωματωμένη προβολή"},{"id":null,"key":"enableAddWorkflowDOC","value":"Εμφανίστε το κουμπί έναρξης ροής εργασιών."},{"id":null,"key":"enableAddWorkflowLBL","value":"Εμφάνιση έναρξης ροής εργασιών"},{"id":null,"key":"enableBatchModifyDOC","value":"Ενεργοποιήστε την τροποποίηση πολλαπλών επιλεγμένων εργασιών ταυτόχρονα."},{"id":null,"key":"enableBatchModifyLBL","value":"Ενεργοποίηση τροποποίησης δέσμης"},{"id":null,"key":"enableHistoryNavDOC","value":"Προβολή της διαδρομής πλοήγησης στην τρέχουσα σελίδα στη λειτουργία προβολής εργασιών."},{"id":null,"key":"enableHistoryNavLBL","value":"Προβολή της διαδρομής πλοήγησης"},{"id":null,"key":"enableInstanceDetailsDOC","value":"Εμφάνιση της ενέργειας χρήσης προβολής στο μενού υπερχείλισης."},{"id":null,"key":"enableInstanceDetailsLBL","value":"Εμφάνιση χρήσης προβολής"},{"id":null,"key":"enableSavedSearchEditingDOC","value":"Ενεργοποιήστε τη δημιουργία και επεξεργασία αποθηκευμένων αναζητήσεων."},{"id":null,"key":"enableSavedSearchEditingLBL","value":"Ενεργοποίηση αποθηκευμένων αναζητήσεων"},{"id":null,"key":"enterDecimalLBL","value":"Εισαγάγετε έναν δεκαδικό αριθμό..."},{"id":null,"key":"enterNumberLBL","value":"Εισαγάγετε έναν αριθμό..."},{"id":null,"key":"eventONNavigationButtonClickedDOC","value":"Κατά το συμβάν επιλογής στοιχείου πλοήγησης"},{"id":null,"key":"eventONNavigationButtonClickedLBL","value":"Κατά την επιλογή στοιχείου πλοήγησης"},{"id":null,"key":"eventONPageSizeChangedDOC","value":"Ενεργοποιείται όταν αλλάζει ο αριθμός των στοιχείων ανά σελίδα."},{"id":null,"key":"eventONPageSizeChangedLBL","value":"Σε στοιχεία ανά σελίδα που άλλαξαν"},{"id":null,"key":"eventONPageSwitchedDOC","value":"Ενεργοποιείται όταν αλλάζει ο αριθμός σελίδας."},{"id":null,"key":"eventONPageSwitchedLBL","value":"Κατά την αλλαγή σελίδας"},{"id":null,"key":"eventOnCardBlurDOC","value":"Ενεργοποιείται όταν η κάρτα χάνει εστίαση"},{"id":null,"key":"eventOnCardBlurLBL","value":"Στο θάμπωμα κάρτας"},{"id":null,"key":"eventOnCardFocusDOC","value":"Ενεργοποιείται κατά την εστίαση της κάρτας"},{"id":null,"key":"eventOnCardFocusLBL","value":"Στην εστίαση κάρτας"},{"id":null,"key":"eventOnChangeDOC","value":"Για το συμβάν αλλαγής"},{"id":null,"key":"eventOnChangeLBL","value":"Κατά την αλλαγή"},{"id":null,"key":"eventOnExternalFetchDOC","value":"Η μέθοδος αναμένει ότι το setTasks () θα κληθεί με τη νέα λίστα εργασιών."},{"id":null,"key":"eventOnExternalFetchLBL","value":"Στην εξωτερική ανάκτηση"},{"id":null,"key":"eventOnFilterBtnClickedDOC","value":"Ενεργοποιείται όταν κάνετε κλικ σε ένα κουμπί φίλτρου."},{"id":null,"key":"eventOnFilterBtnClickedLBL","value":"Στην επιλογή κουμπιού φίλτρου"},{"id":null,"key":"eventOnHideDOC","value":"Για το συμβάν απόκρυψης"},{"id":null,"key":"eventOnHideLBL","value":"Για την απόκρυψη"},{"id":null,"key":"eventOnInstanceLaunchedLBL","value":"Κατά την εκκίνηση χρήσης"},{"id":null,"key":"eventOnInstanceUIActionDOC","value":"Στην εκκίνηση συμβάντος ενέργειας περιβάλλοντος χρήστη"},{"id":null,"key":"eventOnInstanceUIActionLBL","value":"Στην εκκίνηση ενέργειας περιβάλλοντος χρήστη"},{"id":null,"key":"eventOnInstanceUIActivitySelectedDOC","value":"Στην εκκίνηση συμβάντος επιλογής δραστηριότητας περιβάλλοντος χρήστη"},{"id":null,"key":"eventOnInstanceUIActivitySelectedLBL","value":"Στην εκκίνηση επιλογής δραστηριότητας περιβάλλοντος χρήστη"},{"id":null,"key":"eventOnInstanceUIClosedDOC","value":"Κατά το συμβάν κλεισίματος χρήσης"},{"id":null,"key":"eventOnInstanceUIClosedLBL","value":"Κατά το κλείσιμο χρήσης"},{"id":null,"key":"eventOnInstanceUICommentPostDOC","value":"Στην εκκίνηση συμβάντος ανάρτησης σχολίου περιβάλλοντος χρήστη"},{"id":null,"key":"eventOnInstanceUICommentPostLBL","value":"Στην εκκίνηση ανάρτησης σχολίου περιβάλλοντος χρήστη"},{"id":null,"key":"eventOnInstanceUILaunchedDOC","value":"Συμβάν κατά την εκκίνηση περιβάλλοντος χρήστη"},{"id":null,"key":"eventOnInstanceUILaunchedLBL","value":"Στην εκκίνηση περιβάλλοντος χρήστη"},{"id":null,"key":"eventOnInstanceUITabChangeDOC","value":"Στην εκκίνηση συμβάντος αλλαγής καρτέλας περιβάλλοντος χρήστη"},{"id":null,"key":"eventOnInstanceUITabChangeLBL","value":"Στην εκκίνηση αλλαγής καρτέλας περιβάλλοντος χρήστη"},{"id":null,"key":"eventOnLoadDOC","value":"Συμβάν κατά τη φόρτωση"},{"id":null,"key":"eventOnLoadLBL","value":"Κατά τη φόρτωση"},{"id":null,"key":"eventOnProcessLaunched","value":"Στο συμβάν εκκίνησης διεργασίας"},{"id":null,"key":"eventOnRefreshDOC","value":"Για το συμβάν ανανέωσης"},{"id":null,"key":"eventOnRefreshLBL","value":"Κατά την ανανέωση"},{"id":null,"key":"eventOnSearchLaunched","value":"Κατά την εκκίνηση αναζήτησης"},{"id":null,"key":"eventOnServiceClosedDOC","value":"Στο συμβάν κλεισίματος υπηρεσίας"},{"id":null,"key":"eventOnServiceClosedLBL","value":"Στο κλείσιμο υπηρεσίας"},{"id":null,"key":"eventOnServiceLaunched","value":"Στο συμβάν που ξεκίνησε από υπηρεσία"},{"id":null,"key":"eventOnServiceOpenedDOC","value":"Στο συμβάν ανοίγματος υπηρεσίας"},{"id":null,"key":"eventOnServiceOpenedLBL","value":"Στο άνοιγμα υπηρεσίας"},{"id":null,"key":"eventOnShowDOC","value":"Για το συμβάν προβολής"},{"id":null,"key":"eventOnShowLBL","value":"Κατά την εμφάνιση"},{"id":null,"key":"eventOnTaskActionDOC","value":"Για το συμβάν ενέργειας εργασίας"},{"id":null,"key":"eventOnTaskActionLBL","value":"Για την ενέργεια εργασίας"},{"id":null,"key":"eventOnTaskClosedDOC","value":"Στο συμβάν κλεισίματος εργασίας"},{"id":null,"key":"eventOnTaskClosedLBL","value":"Στο κλείσιμο εργασίας"},{"id":null,"key":"eventOnTaskLaunchedDOC","value":"Για το συμβάν εκκίνησης εργασίας"},{"id":null,"key":"eventOnTaskLaunchedLBL","value":"Για την εργασία που ξεκίνησε"},{"id":null,"key":"eventOnTaskOpenedDOC","value":"Στο συμβάν ανοίγματος εργασίας"},{"id":null,"key":"eventOnTaskOpenedLBL","value":"Στο άνοιγμα εργασίας"},{"id":null,"key":"eventOnVisibilityChangeDOC","value":"Για το συμβάν ορατότητας"},{"id":null,"key":"eventOnVisibilityChangeLBL","value":"Για την αλλαγή ορατότητας"},{"id":null,"key":"filterByProjectDOC","value":"Εισαγάγετε το όνομα του έργου για να φιλτράρετε τη λίστα χρήσεων μόνο στις χρήσεις για αυτό το έργο."},{"id":null,"key":"filterByProjectLBL","value":"Φιλτράρισμα ανά έργο"},{"id":null,"key":"generalTaskSortingDOC","value":"Επιλέξτε τη σύνδεση για να διατηρήσετε την ταξινόμηση της λίστας."},{"id":null,"key":"hideActionsMenuDOC","value":"Απενεργοποιήστε το μενού που παρέχει πρόσβαση σε περισσότερες ενέργειες για την εργασία."},{"id":null,"key":"hideActionsMenuLBL","value":"Απενεργοποίηση μενού ενεργειών"},{"id":null,"key":"hideCase","value":"Απόκρυψη υποθέσεων"},{"id":null,"key":"hideColumnSelectorDOC","value":"Απόκρυψη του επιλογέα για τις στήλες που θα εμφανίζονται στη λίστα."},{"id":null,"key":"hideColumnSelectorLBL","value":"Απόκρυψη επιλογέα στήλης"},{"id":null,"key":"hideProcess","value":"Απόκρυψη διεργασιών"},{"id":null,"key":"hideSearchBarDOC","value":"Κρύψτε τη γραμμή αναζήτησης."},{"id":null,"key":"hideSearchBarLBL","value":"Απόκρυψη γραμμής αναζήτησης"},{"id":null,"key":"hideService","value":"Απόκρυψη εκκινήσιμων υπηρεσιών"},{"id":null,"key":"hideStatusColumnDOC","value":"Απόκρυψη της στήλης κατάστασης από τη λίστα."},{"id":null,"key":"hideStatusColumnLBL","value":"Απόκρυψη στήλης κατάστασης"},{"id":null,"key":"instanceDOC","value":"InstanceData"},{"id":null,"key":"instanceFiltersDOC","value":"Επιλέξτε κανόνα σύνδεσης για να διατηρήσετε τα φίλτρα στη λίστα χρήσεων."},{"id":null,"key":"instanceFiltersLBL","value":"Ορισμός μόνιμων φίλτρων χρήσης"},{"id":null,"key":"instanceIdDOC","value":"Η ταυτότητα χρήσης του ορισμού επιχειρησιακής διεργασίας. Αυτή η επιλογή έχει προτεραιότητα έναντι της επιλογής Ταυτότητα διεργασίας."},{"id":null,"key":"instanceIdLBL","value":"Ταυτότητα χρήσης διεργασίας"},{"id":null,"key":"instanceLBL","value":"Χρήση"},{"id":null,"key":"instanceListColumnWidthDOC","value":"Επιλέξτε κανόνα σύνδεσης για να διατηρήσετε τα πλάτη στηλών στη λίστα χρήσεων."},{"id":null,"key":"instanceListColumnWidthLBL","value":"Ορισμός πλάτους επίμονης στήλης"},{"id":null,"key":"instanceModeDOC","value":"Εμφάνιση μόνο των αναζητήσεων που σχετίζονται με τη χρήση"},{"id":null,"key":"instanceModeLBL","value":"Κατάσταση λειτουργίας χρήσης"},{"id":null,"key":"instancesColumnsDOC","value":"Καθορίστε τις στήλες που θα εμφανίζονται στη λίστα χρήσεων."},{"id":null,"key":"instancesColumnsLBL","value":"Εξατομίκευση στηλών χρήσης"},{"id":null,"key":"instancesEnableInstanceDetailsDOC","value":"Ενεργοποίηση της δυνατότητας ανοίγματος μιας χρήσης ροής εργασιών."},{"id":null,"key":"instancesEnableInstanceDetailsLBL","value":"Ενεργοποίηση εκκίνησης χρήσης"},{"id":null,"key":"instancesPerPageDOC","value":"Εισαγάγετε τον αριθμό χρήσεων που θα εμφανίζονται ανά σελίδα."},{"id":null,"key":"instancesPerPageLBL","value":"Ορισμός χρήσεων ανά σελίδα"},{"id":null,"key":"instancesSortDOC","value":"Επιλέξτε τη σύνδεση για να διατηρήσετε την ταξινόμηση της λίστας χρήσεων."},{"id":null,"key":"instancesSortLBL","value":"Ορισμός μόνιμης ταξινόμησης χρήσης"},{"id":null,"key":"isTaskFilterServiceEnabledDOC","value":"Ενεργοποιήστε την έξυπνη προτεραιότητα εργασιών που ταξινομεί τη λίστα, τοποθετώντας τις καλύτερες εργασίες στην επόμενη στην κορυφή."},{"id":null,"key":"isTaskFilterServiceEnabledLBL","value":"Ενεργοποίηση προτεραιότητας εργασιών"},{"id":null,"key":"itemLengthDOC","value":"Μήκος μιας λίστας καταχωρήσεων"},{"id":null,"key":"itemLengthLBL","value":"Μήκος αντικειμένου"},{"id":null,"key":"itemPerPageDOC","value":"Αριθμός στοιχείων ανά σελίδα."},{"id":null,"key":"itemPerPageLBL","value":"Ανά σελίδα"},{"id":null,"key":"localizationServiceDOC","value":"Καθορίστε την υπηρεσία που χρησιμοποιείται για την ανάκτηση των μεταφρασμένων σειρών χαρακτήρων που θα χρησιμοποιηθούν με αυτή την προβολή Coach."},{"id":null,"key":"localizationServiceLBL","value":"Υπηρεσία τοπικής προσαρμογής"},{"id":null,"key":"mandatoryColumnsDOC","value":"Η λίστα των υποχρεωτικών στηλών"},{"id":null,"key":"mandatoryColumnsLBL","value":"Υποχρεωτικές στήλες"},{"id":null,"key":"maximumSearchSizeDOC","value":"Ορίστε τον μέγιστο αριθμό εργασιών που επιστρέφονται για μια αναζήτηση."},{"id":null,"key":"maximumSearchSizeLBL","value":"Ορισμός μέγιστου ορίου αναζήτησης"},{"id":null,"key":"numberOfTaskOptionDOC","value":"Λίστα διαθέσιμων επιλογών εργασιών"},{"id":null,"key":"numberOfTaskOptionLBL","value":"Αριθμός λίστας εργασιών"},{"id":null,"key":"placeholderDOC","value":"Πλαίσιο τοποθέτησης για τα πεδία εισαγωγής"},{"id":null,"key":"placeholderLBL","value":"Κείμενο κράτησης θέσης"},{"id":null,"key":"processAppAcroDOC","value":"Εισαγάγετε ένα αρκτικόλεξο εφαρμογής για να φιλτράρετε τη λίστα ώστε να εμφανίζονται μόνο εργασίες για αυτήν την εφαρμογή."},{"id":null,"key":"processAppAcroLBL","value":"Φιλτράρισμα κατά εφαρμογή"},{"id":null,"key":"processIdDOC","value":"Η ταυτότητα του ορισμού επιχειρησιακής διεργασίας για το διάγραμμα διεργασίας που θα εμφανιστεί. Απαιτείται μια ταυτότητα στιγμιοτύπου, μια ταυτότητα κλάδου ή μια ταυτότητα έργου."},{"id":null,"key":"processIdLBL","value":"Ταυτότητα διεργασίας"},{"id":null,"key":"processModeDOC","value":"Βελτιστοποιήστε την προβολή για να εμφανίσετε πληροφορίες διεργασίας"},{"id":null,"key":"processModeLBL","value":"Βελτιστοποίηση για τις διεργασίες"},{"id":null,"key":"projectIdDOC","value":"Η ταυτότητα έργου για μια συγκεκριμένη διεργασία (ξεκινά με 2066.xxx)."},{"id":null,"key":"projectIdLBL","value":"Ταυτότητα έργου"},{"id":null,"key":"projectedPathDOC","value":"Η λίστα των ταυτοτήτων δραστηριοτήτων που θα επισημανθούν κατά μήκος της προβλεπόμενης διαδρομής. Οι δραστηριότητες πρέπει να οριστούν κατά σειρά ροής. Αυτή η επιλογή χρησιμοποιείται μόνο όταν χρησιμοποιείται η επιλογή Ταυτότητα χρήσης διεργασίας."},{"id":null,"key":"projectedPathLBL","value":"Προβλεπόμενη διαδρομή"},{"id":null,"key":"recentInstanceSearchesDOC","value":"Επιλέξτε κανόνας σύνδεσης για να συνεχίσετε τις πρόσφατες αναζητήσεις στη γραμμή αναζήτησης."},{"id":null,"key":"recentInstanceSearchesLBL","value":"Ορισμός μόνιμων αναζητήσεων"},{"id":null,"key":"recentTaskSearchesDOC","value":"Επιλέξτε κανόνας σύνδεσης για να συνεχίσετε τις πρόσφατες αναζητήσεις στη γραμμή αναζήτησης."},{"id":null,"key":"recentTaskSearchesLBL","value":"Ορισμός μόνιμων αναζητήσεων"},{"id":null,"key":"recentWorkstreamLimit","value":"Πόσες workstream θέλετε να εμφανίζονται στη λίστα"},{"id":null,"key":"removeFilterLBL","value":"Αφαίρεση φίλτρου"},{"id":null,"key":"requiredOwnershipCheckDOC","value":"Ελέγξτε εάν ο τρέχων χρήστης έχει άδεια να ανοίξει την εργασία."},{"id":null,"key":"requiredOwnershipCheckLBL","value":"Έλεγχος ιδιοκτησίας της εργασίας"},{"id":null,"key":"responsiveModeDOC","value":"Επιλέξτε το μέγεθος της οθόνης για προβολή της λίστας εργασιών."},{"id":null,"key":"responsiveModeLBL","value":"Ορισμός λειτουργίας απόκρισης"},{"id":null,"key":"riskStateDOC","value":"Ορισμός της επιλεγμένης κατάστασης μιας δραστηριότητας όταν εμφανίζονται οι περιλήψεις δραστηριοτήτων. Οι έγκυρες τιμές είναι OnTrack, AtRisk και Overdue."},{"id":null,"key":"riskStateLBL","value":"Κατάσταση κινδύνου"},{"id":null,"key":"savedSearchInstanceFilterDOC","value":"Εμφάνιση μόνο φίλτρων που σχετίζονται με χρήσεις."},{"id":null,"key":"savedSearchInstanceFilterLBL","value":"Φίλτρο χρήσης"},{"id":null,"key":"savedSearchInstanceModeDOC","value":"Εμφάνιση μόνο φίλτρων και στηλών που σχετίζονται με χρήσεις."},{"id":null,"key":"savedSearchInstanceModeLBL","value":"Λειτουργία χρήσης"},{"id":null,"key":"savedSearchNameDOC","value":"Επιλέξτε κανόνα σύνδεσης για να διατηρήσετε τις αποθηκευμένες αναζητήσεις στη λίστα εργασιών"},{"id":null,"key":"savedSearchNameLBL","value":"Ορισμός μόνιμων αποθηκευμένων αναζητήσεων"},{"id":null,"key":"scopeDOC","value":"Εμφάνιση του φίλτρου αναζήτησης ως φίλτρο εμβέλειας."},{"id":null,"key":"scopeLBL","value":"Εμφάνιση ως φίλτρο εμβέλειας"},{"id":null,"key":"selectDateLBL","value":"Επιλέξτε μια ημερομηνία..."},{"id":null,"key":"selectValueLBL","value":"Επιλογή μιας τιμής."},{"id":null,"key":"showActivitySummariesDOC","value":"Καθορίζει αν θα εμφανίζονται οι περιλήψεις δραστηριοτήτων. Αυτή η επιλογή χρησιμοποιείται μόνο όταν χρησιμοποιείται η επιλογή Ταυτότητα διεργασίας."},{"id":null,"key":"showActivitySummariesLBL","value":"Εμφάνιση περιλήψεων δραστηριοτήτων"},{"id":null,"key":"showAllStatsDOC","value":"Εμφάνιση όλων των τιμών στατιστικών, συμπεριλαμβανομένων των τιμών που είναι μηδενικές"},{"id":null,"key":"showAllStatsLBL","value":"Εμφάνιση όλων των τιμών"},{"id":null,"key":"showInstanceRefreshDOC","value":"Εμφανίζει το κουμπί ανανέωσης, το οποίο μπορείτε να χρησιμοποιήσετε για να ανανεώσετε μη αυτόματα τη λίστα χρήσεων όταν ο εξυπηρετητής ειδοποιήσεων δεν είναι διαθέσιμος."},{"id":null,"key":"showOnTaskClosedDOC","value":"Εμφάνιση της προβολής εργασιών όταν η εργασία κλείσει."},{"id":null,"key":"showOnTaskClosedLBL","value":"Εμφάνιση στο κλείσιμο εργασίας"},{"id":null,"key":"showPageSizerDOC","value":"Εμφάνιση του στοιχείου ελέγχου μεγέθους σελίδας."},{"id":null,"key":"showPageSizerLBL","value":"Εμφάνιση στοιχείου ελέγχου μεγέθους σελίδας"},{"id":null,"key":"showPagerStatsDOC","value":"Εμφάνιση στατιστικών σελίδων."},{"id":null,"key":"showPagerStatsLBL","value":"Εμφάνιση στατιστικών σελίδων"},{"id":null,"key":"showRefreshLBL","value":"Εμφάνιση κουμπιού ανανέωσης"},{"id":null,"key":"showSavedSearchesDOC","value":"Εμφάνιση μιας αναπτυσσόμενης λίστας αποθηκευμένων αναζητήσεων."},{"id":null,"key":"showSavedSearchesLBL","value":"Εμφάνιση αποθηκευμένων αναζητήσεων"},{"id":null,"key":"showSingleListDOC","value":"Εμφάνιση όλων των εργασιών σε μία λίστα"},{"id":null,"key":"showSingleListLBL","value":"Εμφάνιση μίας λίστας"},{"id":null,"key":"showSortByArrowDOC","value":"Εμφάνιση του επιλογέα για ταξινόμηση της λίστας εργασιών με αύξουσα, φθίνουσα ή προεπιλεγμένη σειρά."},{"id":null,"key":"showSortByArrowLBL","value":"Εμφάνιση επιλογέα ταξινόμησης στηλών"},{"id":null,"key":"showStatsDOC","value":"Εμφάνιση σύνοψης στατιστικών στοιχείων των εργασιών."},{"id":null,"key":"showStatsLBL","value":"Εμφάνιση στατιστικών στοιχείων"},{"id":null,"key":"showTaskRefreshDOC","value":"Εμφανίζει το κουμπί ανανέωσης, το οποίο μπορείτε να χρησιμοποιήσετε για να ανανεώσετε μη αυτόματα τη λίστα εργασιών όταν ο εξυπηρετητής ειδοποιήσεων δεν είναι διαθέσιμος."},{"id":null,"key":"showTotalOnlyDOC","value":"Εμφάνιση μόνο του συνόλου εργασιών"},{"id":null,"key":"showTotalOnlyLBL","value":"Εμφάνιση συνόλου μόνο"},{"id":null,"key":"skipClaimForTasksDOC","value":"Απόκρυψη της υποχρεωτικής απόκρισης διεκδίκησης εργασίας. Η εργασία διεκδικείται αυτόματα κατά το άνοιγμα."},{"id":null,"key":"skipClaimForTasksLBL","value":"Απενεργοποίηση αξίωσης εργασίας"},{"id":null,"key":"skipNavDOC","value":"Να μην εμφανίζεται το παράθυρο διαλόγου για το άνοιγμα του Case Client σε νέο παράθυρο."},{"id":null,"key":"skipNavLBL","value":"Παράλειψη διαλόγου επιβεβαίωσης"},{"id":null,"key":"snapshotIdDOC","value":"Η ταυτότητα στιγμιοτύπου για μια συγκεκριμένη διεργασία (ξεκινά με 2064.xxx)."},{"id":null,"key":"snapshotIdLBL","value":"Ταυτότητα στιγμιοτύπου"},{"id":null,"key":"sortByDOC","value":"Καθορίστε τη στήλη στην οποία ταξινομήθηκε αρχικά η λίστα."},{"id":null,"key":"sortByLBL","value":"Ταξινόμηση κατά στήλη"},{"id":null,"key":"stepIdDOC","value":"Ορισμός του επιλεγμένου βήματος δραστηριότητας όταν εμφανίζονται οι περιλήψεις δραστηριοτήτων."},{"id":null,"key":"stepIdLBL","value":"Ταυτότητα βήματος"},{"id":null,"key":"systemColumnsDOC","value":"Η λίστα των πιθανών εσωτερικών στηλών"},{"id":null,"key":"systemColumnsLBL","value":"Εσωτερικές στήλες"},{"id":null,"key":"systemDataDOC","value":"Ορίστε τα δεδομένα συστήματος που θέλετε να εμφανίζονται στην προβολή εργασιών."},{"id":null,"key":"systemDataLBL","value":"Προσαρμογή δεδομένων συστήματος"},{"id":null,"key":"taskActionsDOC","value":"Καθορίστε τη λίστα των ενεργειών που μπορούν να εκτελεστούν στην εργασία."},{"id":null,"key":"taskActionsLBL","value":"Ορισμός ενεργειών εργασίας"},{"id":null,"key":"taskDOC","value":"Ορίστε την εργασία που θέλετε να εμφανίζεται στην προβολή εργασιών."},{"id":null,"key":"taskFiltersDOC","value":"Επιλέξτε κανόνα σύνδεσης για να διατηρήσετε τα φίλτρα στη λίστα εργασιών."},{"id":null,"key":"taskFiltersLBL","value":"Ορίστε μόνιμα φίλτρα"},{"id":null,"key":"taskLBL","value":"Ορισμός εργασίας"},{"id":null,"key":"taskLaunchEventDOC","value":"Εισαγάγετε το όνομα του συμβάντος για ενεργοποίηση όταν ανοίξει μια εργασία."},{"id":null,"key":"taskLaunchEventLBL","value":"Ορίστε το συμβάν κατά την εκκίνηση των εργασιών"},{"id":null,"key":"taskListColumnWidthDOC","value":"Επιλέξτε κανόνα σύνδεσης για να διατηρήσετε τα πλάτη στηλών στη λίστα εργασιών."},{"id":null,"key":"taskListColumnWidthLBL","value":"Ορισμός πλάτους επίμονης στήλης"},{"id":null,"key":"taskListEnableInstanceDetailsDOC","value":"Ενεργοποίηση της δυνατότητας ανοίγματος μιας παρουσίας εργασίας."},{"id":null,"key":"taskListFavoritesLBL","value":"Αγαπημένα"},{"id":null,"key":"taskListTaskSortingDOC","value":"Επιλέξτε τη σύνδεση για να διατηρήσετε την ταξινόμηση της λίστας εργασιών."},{"id":null,"key":"taskListTaskSortingLBL","value":"Ορισμός μόνιμης ταξινόμησης"},{"id":null,"key":"tasksColumnsDOC","value":"Καθορίστε τις στήλες που θα εμφανίζονται στη λίστα εργασιών."},{"id":null,"key":"tasksColumnsLBL","value":"Προσαρμογή στηλών"},{"id":null,"key":"tasksDOC","value":"Λίστα εργασιών προς εμφάνιση"},{"id":null,"key":"tasksLBL","value":"Εργασίες"},{"id":null,"key":"tasksPerBlockDOC","value":"Αριθμός εργασιών που εμφανίζονται σε κάθε ενότητα"},{"id":null,"key":"tasksPerBlockLBL","value":"Εργασίες ανά ενότητα"},{"id":null,"key":"tasksPerPageDOC","value":"Εισαγάγετε τον αριθμό εργασιών που θα εμφανίζονται ανά σελίδα."},{"id":null,"key":"tasksPerPageLBL","value":"Ορισμός εργασιών ανά σελίδα"},{"id":null,"key":"teamsDOC","value":"Λίστα περιλήψεων ομάδων"},{"id":null,"key":"teamsLBL","value":"Ομάδες"},{"id":null,"key":"titleDOC","value":"Τίτλος σειράς χαρακτήρων που θα εμφανίζεται στη γραμμή τίτλου"},{"id":null,"key":"titleLBL","value":"Τίτλος σειράς χαρακτήρων"},{"id":null,"key":"topTableLabelDOC","value":"Εισαγάγετε το κείμενο για την ετικέτα που εμφανίζεται πάνω από τη λίστα."},{"id":null,"key":"topTableLabelLBL","value":"Προσθήκη ετικέτας κεφαλίδας"},{"id":null,"key":"traversedPathDOC","value":"Η λίστα των ταυτοτήτων διασυνδέσεων που θα επισημανθούν για την εμφάνιση της ακολουθούμενης διαδρομής. Αυτή η επιλογή χρησιμοποιείται μόνο όταν χρησιμοποιείται η επιλογή Ταυτότητα χρήσης διεργασίας."},{"id":null,"key":"traversedPathLBL","value":"Ακολουθούμενη διαδρομή"},{"id":null,"key":"typeHereLBL","value":"Πληκτρολογήστε εδώ..."},{"id":null,"key":"useEventTriggeringFetchActionDOC","value":"Αναθέστε το αίτημα ανάκτησης εργασιών σε ένα συμβάν."},{"id":null,"key":"useEventTriggeringFetchActionLBL","value":"Χρησιμοποιήστε το συμβάν για την ανάκτηση εργασιών"},{"id":null,"key":"workflowsLBL","value":"Ροές εργασιών"},{"id":null,"key":"workplaceConfigDOC","value":"Διαμορφώνει τη συμπεριφορά του χώρου εργασίας"},{"id":null,"key":"workplaceConfigLBL","value":"Διαμόρφωση χώρου εργασίας"},{"id":null,"key":"workplaceUserSettingsDOC","value":"Κανόνας σύνδεσης για τη διατήρηση των ρυθμίσεων χρήστη που θα εφαρμοστούν όταν ο χρήστης συνδεθεί ξανά"},{"id":null,"key":"workplaceUserSettingsLBL","value":"Ρυθμίσεις χώρου εργασίας χρήστη"},{"id":null,"key":"zoomFactorDOC","value":"Οι έγκυρες τιμές για το επίπεδο μεγέθυνσης/σμίκρυνσης του διαγράμματος διεργασίας είναι από 1 έως 10."},{"id":null,"key":"zoomFactorLBL","value":"Επίπεδο μεγέθυνσης/σμίκρυνσης"}]}