{"id":"50.c4d6cc83-a000-4ae2-b2f5-d35d89f9c6ba/2064.7814960a-7cfe-424d-92b5-d9ce2fbce18c","localeLanguage":"cs","localeCountry":"","localeVariant":"","localeDisplayName":"WPT","resourceBundleKey":[{"id":null,"key":"HistoryLBL","value":"Historie"},{"id":null,"key":"activitiesDOC","value":"Seznam aktivit"},{"id":null,"key":"activitiesLBL","value":"Aktivity"},{"id":null,"key":"activitySummariesDOC","value":"Seznam souhrnů aktivit, které se mají zobrazit. Použitelné pouze při použití volby ID procesu."},{"id":null,"key":"activitySummariesLBL","value":"Souhrny aktivit"},{"id":null,"key":"addFilterLBL","value":"Přidat filtr"},{"id":null,"key":"alwaysShowDOC","value":"Vždy zobrazit"},{"id":null,"key":"alwaysShowLBL","value":"Vždy zobrazit"},{"id":null,"key":"availableActionsDOC","value":"Seznam dostupných akcí, které povolí diagram procesu. Vycházejí z autorizace aktuálního uživatele při použití v panelu dashboard."},{"id":null,"key":"availableActionsLBL","value":"Dostupné akce"},{"id":null,"key":"blocksShowingOnloadDOC","value":"Počet bloků zobrazených při načtení"},{"id":null,"key":"blocksShowingOnloadLBL","value":"Bloky zobrazené při načtení"},{"id":null,"key":"bottomTableLabelDOC","value":"Zadejte text pro popisek zobrazený pod seznamem."},{"id":null,"key":"bottomTableLabelLBL","value":"Přidat popisek zápatí"},{"id":null,"key":"branchIdDOC","value":"ID větve určitého procesu (začíná na 2063.xxx)."},{"id":null,"key":"branchIdLBL","value":"ID větve"},{"id":null,"key":"brandDOC","value":"Název značky, která má být zobrazena na pruhu titulku"},{"id":null,"key":"brandLBL","value":"Název značky"},{"id":null,"key":"businessColumnsDOC","value":"Seznam možných obchodních sloupců"},{"id":null,"key":"businessColumnsLBL","value":"Obchodní sloupce"},{"id":null,"key":"caseScopeDOC","value":"Zvolte, které instance případu jsou zahrnuty do seznamu; možnosti jsou všechny instance, které máte oprávnění vidět, nebo pouze instance, které jsou vám přímo přiřazeny."},{"id":null,"key":"caseScopeLBL","value":"Rozsah případu"},{"id":null,"key":"clearFilterLBL","value":"Vymazat filtr"},{"id":null,"key":"customPathDOC","value":"Seznam prvků ProjectedPathLinkChange pro vytvářenou vlastní cestu. Použitelné pouze při použití volby ID instance procesu."},{"id":null,"key":"customPathLBL","value":"Vlastní cesta"},{"id":null,"key":"disableActionsDOC","value":"Akce, které mají být zakázány"},{"id":null,"key":"disableActionsLBL","value":"Zakázat akce"},{"id":null,"key":"disableCompleteTasksDOC","value":"Znemožní uživatelům otevírat dokončené úlohy."},{"id":null,"key":"disableCompleteTasksLBL","value":"Zakázat otevírání dokončených úloh"},{"id":null,"key":"disableFilterEventsDOC","value":"Zakáže automatickou aktualizaci seznamu při aktualizaci filtrů."},{"id":null,"key":"disableFilterEventsLBL","value":"Zakázat automatickou aktualizaci"},{"id":null,"key":"disableFulltextSearchDOC","value":"Zakázat možnost fulltextového vyhledávání na panelu hledání"},{"id":null,"key":"disableFulltextSearchLBL","value":"Zakázat fulltextové vyhledávání"},{"id":null,"key":"disableLeftClickActivityDetailsDOC","value":"Zakáže rozevírací okno podrobností o aktivitě zobrazované při klepnutí na uzel."},{"id":null,"key":"disableLeftClickActivityDetailsLBL","value":"Zakázat podrobnosti o aktivitě při klepnutí levým tlačítkem myši"},{"id":null,"key":"disableRetrieveServicesDOC","value":"Zakázání služeb načtení (např. správa týmu, vytváření proudů prací) v nabídce akcí."},{"id":null,"key":"disableRetrieveServicesLBL","value":"Zakázat služby načtení"},{"id":null,"key":"disableRightClickMenusDOC","value":"Zakáže rozevírací okno kontextové nabídky zobrazované při klepnutí na uzel pravým tlačítkem myši."},{"id":null,"key":"disableRightClickMenusLBL","value":"Zakázat kontextovou nabídku při klepnutí pravým tlačítkem myši"},{"id":null,"key":"documentsLBL","value":"Dokumenty"},{"id":null,"key":"embededViewDOC","value":"Skryje tlačítko uzavření pro vložení do jiného pohledu."},{"id":null,"key":"embededViewLBL","value":"Vložený pohled"},{"id":null,"key":"enableAddWorkflowDOC","value":"Zobrazí tlačítko Spustit sled prací."},{"id":null,"key":"enableAddWorkflowLBL","value":"Zobrazit tlačítko Spustit sled prací"},{"id":null,"key":"enableBatchModifyDOC","value":"Povolí úpravu několika vybraných úloh najednou."},{"id":null,"key":"enableBatchModifyLBL","value":"Povolit dávkovou úpravu"},{"id":null,"key":"enableHistoryNavDOC","value":"Zobrazí cestu navigace k aktuální stránce v prohlížeči úloh."},{"id":null,"key":"enableHistoryNavLBL","value":"Zobrazit navigační cestu ke stránce"},{"id":null,"key":"enableInstanceDetailsDOC","value":"Zobrazí akci instance pohledu v nabídce přetečení."},{"id":null,"key":"enableInstanceDetailsLBL","value":"Zobrazit instanci pohledu"},{"id":null,"key":"enableSavedSearchEditingDOC","value":"Povolí vytváření a úpravy uložených hledání."},{"id":null,"key":"enableSavedSearchEditingLBL","value":"Povolit uložená hledání"},{"id":null,"key":"enterDecimalLBL","value":"Zadejte desetinné číslo..."},{"id":null,"key":"enterNumberLBL","value":"Zadejte číslo..."},{"id":null,"key":"eventONNavigationButtonClickedDOC","value":"Událost při klepnutí na položku navigace"},{"id":null,"key":"eventONNavigationButtonClickedLBL","value":"Při klepnutí na položku navigace"},{"id":null,"key":"eventONPageSizeChangedDOC","value":"Tato událost je spuštěna při změně počtu položek na stránku."},{"id":null,"key":"eventONPageSizeChangedLBL","value":"Při změně počtu položek na stránku"},{"id":null,"key":"eventONPageSwitchedDOC","value":"Tato událost je spuštěna při změně počtu stránek."},{"id":null,"key":"eventONPageSwitchedLBL","value":"Při změně stránky"},{"id":null,"key":"eventOnCardBlurDOC","value":"Tato událost je spuštěna, když karta ztratí fokus."},{"id":null,"key":"eventOnCardBlurLBL","value":"Při ztrátě fokusu karty"},{"id":null,"key":"eventOnCardFocusDOC","value":"Tato událost je spuštěna, když karta získá fokus."},{"id":null,"key":"eventOnCardFocusLBL","value":"Při získání fokusu karty"},{"id":null,"key":"eventOnChangeDOC","value":"Při události změny"},{"id":null,"key":"eventOnChangeLBL","value":"Při změně"},{"id":null,"key":"eventOnExternalFetchDOC","value":"Tato metoda očekává volání metody setTasks() s novým seznamem úloh."},{"id":null,"key":"eventOnExternalFetchLBL","value":"Při externím načtení"},{"id":null,"key":"eventOnFilterBtnClickedDOC","value":"Tato událost se spustí při klepnutí na tlačítko filtru."},{"id":null,"key":"eventOnFilterBtnClickedLBL","value":"Při klepnutí na tlačítko filtru"},{"id":null,"key":"eventOnHideDOC","value":"Při události skrytí"},{"id":null,"key":"eventOnHideLBL","value":"Při skrytí"},{"id":null,"key":"eventOnInstanceLaunchedLBL","value":"Při spuštění instance"},{"id":null,"key":"eventOnInstanceUIActionDOC","value":"Při události akce v uživatelském rozhraní instance"},{"id":null,"key":"eventOnInstanceUIActionLBL","value":"Při akci v uživatelském rozhraní instance"},{"id":null,"key":"eventOnInstanceUIActivitySelectedDOC","value":"Při události výběru aktivity v uživatelském rozhraní instance"},{"id":null,"key":"eventOnInstanceUIActivitySelectedLBL","value":"Při výběru aktivity v uživatelském rozhraní instance"},{"id":null,"key":"eventOnInstanceUIClosedDOC","value":"Při události zavření instance"},{"id":null,"key":"eventOnInstanceUIClosedLBL","value":"Při zavření instance"},{"id":null,"key":"eventOnInstanceUICommentPostDOC","value":"Při události vystavení komentáře v uživatelském rozhraní instance"},{"id":null,"key":"eventOnInstanceUICommentPostLBL","value":"Při vystavení komentáře v uživatelském rozhraní instance"},{"id":null,"key":"eventOnInstanceUILaunchedDOC","value":"Událost při spuštění uživatelského rozhraní instance"},{"id":null,"key":"eventOnInstanceUILaunchedLBL","value":"Při spuštění uživatelského rozhraní instance"},{"id":null,"key":"eventOnInstanceUITabChangeDOC","value":"Při události změny karty uživatelského rozhraní instance"},{"id":null,"key":"eventOnInstanceUITabChangeLBL","value":"Při změně karty uživatelského rozhraní instance"},{"id":null,"key":"eventOnLoadDOC","value":"Při události načtení"},{"id":null,"key":"eventOnLoadLBL","value":"Při načtení"},{"id":null,"key":"eventOnProcessLaunched","value":"Při události spuštění procesu"},{"id":null,"key":"eventOnRefreshDOC","value":"Při události aktualizace"},{"id":null,"key":"eventOnRefreshLBL","value":"Při aktualizaci"},{"id":null,"key":"eventOnSearchLaunched","value":"Při události spuštění hledání"},{"id":null,"key":"eventOnServiceClosedDOC","value":"Při události zavření služby"},{"id":null,"key":"eventOnServiceClosedLBL","value":"Při zavřené službě"},{"id":null,"key":"eventOnServiceLaunched","value":"Při události spuštění služby"},{"id":null,"key":"eventOnServiceOpenedDOC","value":"Událost při otevřené službě"},{"id":null,"key":"eventOnServiceOpenedLBL","value":"Při otevřené službě"},{"id":null,"key":"eventOnShowDOC","value":"Při události zobrazení"},{"id":null,"key":"eventOnShowLBL","value":"Při zobrazení"},{"id":null,"key":"eventOnTaskActionDOC","value":"Při události akce úlohy"},{"id":null,"key":"eventOnTaskActionLBL","value":"Při akci úlohy"},{"id":null,"key":"eventOnTaskClosedDOC","value":"Při události zavření úlohy"},{"id":null,"key":"eventOnTaskClosedLBL","value":"Při zavřené úloze"},{"id":null,"key":"eventOnTaskLaunchedDOC","value":"Při události spuštění úlohy"},{"id":null,"key":"eventOnTaskLaunchedLBL","value":"Při spuštění úlohy"},{"id":null,"key":"eventOnTaskOpenedDOC","value":"Událost při otevřené úloze"},{"id":null,"key":"eventOnTaskOpenedLBL","value":"Při otevřené úloze"},{"id":null,"key":"eventOnVisibilityChangeDOC","value":"Při události viditelnosti"},{"id":null,"key":"eventOnVisibilityChangeLBL","value":"Při změně viditelnosti"},{"id":null,"key":"filterByProjectDOC","value":"Zadejte název projektu pro filtrování seznamu instancí, aby se zobrazily pouze instance pro daný projekt."},{"id":null,"key":"filterByProjectLBL","value":"Filtrovat podle projektu"},{"id":null,"key":"generalTaskSortingDOC","value":"Vyberte vazbu pro trvalé řazení seznamu úloh."},{"id":null,"key":"hideActionsMenuDOC","value":"Zakáže nabídku, která poskytuje přístup k dalším akcím pro danou úlohu."},{"id":null,"key":"hideActionsMenuLBL","value":"Zakázat nabídku akcí"},{"id":null,"key":"hideCase","value":"Skrýt případy"},{"id":null,"key":"hideColumnSelectorDOC","value":"Skryje selektor sloupců, které se mají zobrazit v seznamu."},{"id":null,"key":"hideColumnSelectorLBL","value":"Skrýt selektor sloupců"},{"id":null,"key":"hideProcess","value":"Skrýt procesy"},{"id":null,"key":"hideSearchBarDOC","value":"Skryje panel hledání."},{"id":null,"key":"hideSearchBarLBL","value":"Skrýt panel hledání"},{"id":null,"key":"hideService","value":"Skrýt spustitelné služby"},{"id":null,"key":"hideStatusColumnDOC","value":"Skryje v seznamu sloupec stavu."},{"id":null,"key":"hideStatusColumnLBL","value":"Skrýt sloupec stavu"},{"id":null,"key":"instanceDOC","value":"Data instance"},{"id":null,"key":"instanceFiltersDOC","value":"Vyberte vazbu, která nastaví filtry v seznamu instancí jako trvalé."},{"id":null,"key":"instanceFiltersLBL","value":"Nastavit trvalé filtry instancí"},{"id":null,"key":"instanceIdDOC","value":"ID instance definice obchodního procesu. Tato volba má přednost před volbou ID procesu."},{"id":null,"key":"instanceIdLBL","value":"ID instance procesu"},{"id":null,"key":"instanceLBL","value":"Instance"},{"id":null,"key":"instanceListColumnWidthDOC","value":"Vyberte vazbu, která nastaví šířky sloupců v seznamu instancí jako trvalé."},{"id":null,"key":"instanceListColumnWidthLBL","value":"Nastavit trvalé šířky sloupců"},{"id":null,"key":"instanceModeDOC","value":"Zobrazit pouze hledání související s instancí"},{"id":null,"key":"instanceModeLBL","value":"Režim instance"},{"id":null,"key":"instancesColumnsDOC","value":"Určete sloupce, které mají být zobrazeny v seznamu instancí."},{"id":null,"key":"instancesColumnsLBL","value":"Přizpůsobit sloupce instance"},{"id":null,"key":"instancesEnableInstanceDetailsDOC","value":"Povolí schopnost otevřít instanci sledu prací."},{"id":null,"key":"instancesEnableInstanceDetailsLBL","value":"Povolit spuštění instance"},{"id":null,"key":"instancesPerPageDOC","value":"Zadejte počet instancí, které se mají zobrazit na stránce."},{"id":null,"key":"instancesPerPageLBL","value":"Nastavit počet instancí na stránku"},{"id":null,"key":"instancesSortDOC","value":"Vyberte vazbu pro trvalé řazení seznamu instancí."},{"id":null,"key":"instancesSortLBL","value":"Nastavit trvalé řazení instancí"},{"id":null,"key":"isTaskFilterServiceEnabledDOC","value":"Aktivuje funkci Inteligentní určování priorit úloh, která seřadí seznam tak, aby se nejlepší úlohy pro pokračování práce nacházely nahoře."},{"id":null,"key":"isTaskFilterServiceEnabledLBL","value":"Povolit určování priorit úloh"},{"id":null,"key":"itemLengthDOC","value":"Délka vstupního seznamu."},{"id":null,"key":"itemLengthLBL","value":"Délka položky"},{"id":null,"key":"itemPerPageDOC","value":"Počet položek na stránku."},{"id":null,"key":"itemPerPageLBL","value":"Na stránku"},{"id":null,"key":"localizationServiceDOC","value":"Zadejte službu, která se bude používat k načítání lokalizovaných řetězců používaných v tomto pohledu modulu Coach."},{"id":null,"key":"localizationServiceLBL","value":"Služba lokalizace"},{"id":null,"key":"mandatoryColumnsDOC","value":"Seznam povinných sloupců"},{"id":null,"key":"mandatoryColumnsLBL","value":"Povinné sloupce"},{"id":null,"key":"maximumSearchSizeDOC","value":"Nastavte maximální počet úloh vrácených pro hledání."},{"id":null,"key":"maximumSearchSizeLBL","value":"Nastavit maximální limit hledání"},{"id":null,"key":"numberOfTaskOptionDOC","value":"Seznam voleb počtů úloh, které jsou k dispozici"},{"id":null,"key":"numberOfTaskOptionLBL","value":"Seznam počtů úloh"},{"id":null,"key":"placeholderDOC","value":"Zástupný symbol pro vstupní pole"},{"id":null,"key":"placeholderLBL","value":"Zástupný symbol"},{"id":null,"key":"processAppAcroDOC","value":"Zadejte akronym aplikace, který bude filtrovat seznam tak, aby se zobrazily pouze úlohy pro danou aplikaci."},{"id":null,"key":"processAppAcroLBL","value":"Filtrovat podle aplikace"},{"id":null,"key":"processIdDOC","value":"ID definice obchodního procesu diagramu procesu, který se má zobrazit. ID snímku, ID větve nebo ID projektu jsou nezbytné."},{"id":null,"key":"processIdLBL","value":"ID procesu"},{"id":null,"key":"processModeDOC","value":"Optimalizovat pohled pro zobrazení informací o procesu"},{"id":null,"key":"processModeLBL","value":"Optimalizovat pro procesy"},{"id":null,"key":"projectIdDOC","value":"ID projektu určitého procesu (začíná na 2066.xxx)."},{"id":null,"key":"projectIdLBL","value":"ID projektu"},{"id":null,"key":"projectedPathDOC","value":"Seznam ID aktivit na cestě k projektu, která se má zvýraznit. Aktivity musí být uváděny v pořadí podle toku. Použitelné pouze při použití volby ID instance procesu."},{"id":null,"key":"projectedPathLBL","value":"Projektovaná cesta"},{"id":null,"key":"recentInstanceSearchesDOC","value":"Vyberte vazbu, která nastaví nedávná hledání v panelu hledání jako trvalá."},{"id":null,"key":"recentInstanceSearchesLBL","value":"Nastavit trvalá hledání"},{"id":null,"key":"recentTaskSearchesDOC","value":"Vyberte vazbu, která nastaví nedávná hledání v panelu hledání jako trvalá."},{"id":null,"key":"recentTaskSearchesLBL","value":"Nastavit trvalá hledání"},{"id":null,"key":"recentWorkstreamLimit","value":"Počet proudů prací, které mají být zobrazeny pro seznam"},{"id":null,"key":"removeFilterLBL","value":"Odebrat filtr"},{"id":null,"key":"requiredOwnershipCheckDOC","value":"Zkontroluje, zda má aktuální uživatel autorizaci pro otevření úlohy."},{"id":null,"key":"requiredOwnershipCheckLBL","value":"Zkontrolovat vlastnictví úlohy"},{"id":null,"key":"responsiveModeDOC","value":"Vyberte velikost obrazovky pro zobrazení seznamu úloh."},{"id":null,"key":"responsiveModeLBL","value":"Nastavit responzivní režim"},{"id":null,"key":"riskStateDOC","value":"Nastaveno na vybraný stav aktivity při zobrazení souhrnů aktivit. Platné hodnoty jsou OnTrack, AtRisk a Overdue."},{"id":null,"key":"riskStateLBL","value":"Stav rizika"},{"id":null,"key":"savedSearchInstanceFilterDOC","value":"Zobrazit pouze filtry související s instancí."},{"id":null,"key":"savedSearchInstanceFilterLBL","value":"Filtr instance"},{"id":null,"key":"savedSearchInstanceModeDOC","value":"Zobrazit pouze filtry a sloupce související s instancí."},{"id":null,"key":"savedSearchInstanceModeLBL","value":"Režim instance"},{"id":null,"key":"savedSearchNameDOC","value":"Vyberte vazbu, která nastaví uložená hledání v seznamu úloh jako trvalá."},{"id":null,"key":"savedSearchNameLBL","value":"Nastavit trvalá uložená hledání"},{"id":null,"key":"scopeDOC","value":"Zobrazit filtr vyhledávání jako filtr rozsahu."},{"id":null,"key":"scopeLBL","value":"Zobrazit jako filtr rozsahu"},{"id":null,"key":"selectDateLBL","value":"Vyberte datum..."},{"id":null,"key":"selectValueLBL","value":"Vybrat hodnotu"},{"id":null,"key":"showActivitySummariesDOC","value":"Řídí, zda se zobrazují souhrny aktivit. Použitelné pouze při použití volby ID procesu."},{"id":null,"key":"showActivitySummariesLBL","value":"Zobrazit souhrny aktivit"},{"id":null,"key":"showAllStatsDOC","value":"Zobrazit všechny hodnoty statistik, včetně hodnot null"},{"id":null,"key":"showAllStatsLBL","value":"Zobrazit všechny hodnoty"},{"id":null,"key":"showInstanceRefreshDOC","value":"Zobrazí tlačítko Aktualizovat, které lze použít k ručnímu obnovení seznamu instancí, je-li server oznámení nedostupný."},{"id":null,"key":"showOnTaskClosedDOC","value":"Při zavření úlohy zobrazí prohlížeč úloh."},{"id":null,"key":"showOnTaskClosedLBL","value":"Zobrazit při zavření úlohy"},{"id":null,"key":"showPageSizerDOC","value":"Zobrazí modul pro určování velikosti stránky."},{"id":null,"key":"showPageSizerLBL","value":"Zobrazit modul pro určování velikosti stránky"},{"id":null,"key":"showPagerStatsDOC","value":"Zobrazí statistiky stránky."},{"id":null,"key":"showPagerStatsLBL","value":"Zobrazit statistiku stránky"},{"id":null,"key":"showRefreshLBL","value":"Zobrazit tlačítko Aktualizovat"},{"id":null,"key":"showSavedSearchesDOC","value":"Zobrazí rozevírací seznam uložených hledání."},{"id":null,"key":"showSavedSearchesLBL","value":"Zobrazit uložená hledání"},{"id":null,"key":"showSingleListDOC","value":"Zobrazit všechny úlohy v jednoduchém seznamu"},{"id":null,"key":"showSingleListLBL","value":"Zobrazit jednoduchý seznam"},{"id":null,"key":"showSortByArrowDOC","value":"Zobrazí selektor řazení sloupců ve vzestupném, sestupném či výchozím pořadí."},{"id":null,"key":"showSortByArrowLBL","value":"Zobrazit selektor řazení sloupců"},{"id":null,"key":"showStatsDOC","value":"Zobrazí souhrn statistik úloh."},{"id":null,"key":"showStatsLBL","value":"Zobrazit statistiky"},{"id":null,"key":"showTaskRefreshDOC","value":"Zobrazí tlačítko Aktualizovat, které lze použít k ručnímu obnovení seznamu úloh, je-li server oznámení nedostupný."},{"id":null,"key":"showTotalOnlyDOC","value":"Zobrazit pouze celkový počet úloh"},{"id":null,"key":"showTotalOnlyLBL","value":"Zobrazit pouze celkový počet"},{"id":null,"key":"skipClaimForTasksDOC","value":"Nezobrazovat modální okno Nárokovat úlohu. Úloha je automaticky nárokována při otevření."},{"id":null,"key":"skipClaimForTasksLBL","value":"Zakázat nárokování úloh"},{"id":null,"key":"skipNavDOC","value":"Nezobrazovat dialogové okno pro otevření produktu Case Client v novém okně."},{"id":null,"key":"skipNavLBL","value":"Přeskočit potvrzovací dialogové okno"},{"id":null,"key":"snapshotIdDOC","value":"ID snímku určitého procesu (začíná na 2064.xxx)."},{"id":null,"key":"snapshotIdLBL","value":"ID snímku"},{"id":null,"key":"sortByDOC","value":"Určete sloupec, podle nějž je seznam na počátku seřazen."},{"id":null,"key":"sortByLBL","value":"Řadit podle sloupce"},{"id":null,"key":"stepIdDOC","value":"Nastaveno na vybraný krok aktivity při zobrazení souhrnů aktivit."},{"id":null,"key":"stepIdLBL","value":"ID kroku"},{"id":null,"key":"systemColumnsDOC","value":"Seznam možných podstatných sloupců"},{"id":null,"key":"systemColumnsLBL","value":"Podstatné sloupce"},{"id":null,"key":"systemDataDOC","value":"Nastavte systémová data, která mají být zobrazena v prohlížeči úloh."},{"id":null,"key":"systemDataLBL","value":"Přizpůsobení systémových dat"},{"id":null,"key":"taskActionsDOC","value":"Určete seznam akcí, které mají být provedeny pro úlohu."},{"id":null,"key":"taskActionsLBL","value":"Nastavit akce úlohy"},{"id":null,"key":"taskDOC","value":"Nastavte úlohu, která má být zobrazena v prohlížeči úloh."},{"id":null,"key":"taskFiltersDOC","value":"Vyberte vazbu, která nastaví filtry v seznamu úloh jako trvalé."},{"id":null,"key":"taskFiltersLBL","value":"Nastavit trvalé filtry"},{"id":null,"key":"taskLBL","value":"Nastavit úlohu"},{"id":null,"key":"taskLaunchEventDOC","value":"Zadejte název události, která se má spustit při otevření úlohy."},{"id":null,"key":"taskLaunchEventLBL","value":"Nastavit událost při spuštění úloh"},{"id":null,"key":"taskListColumnWidthDOC","value":"Vyberte vazbu, která nastaví šířky sloupců v seznamu úloh jako trvalé."},{"id":null,"key":"taskListColumnWidthLBL","value":"Nastavit trvalé šířky sloupců"},{"id":null,"key":"taskListEnableInstanceDetailsDOC","value":"Povolí schopnost otevřít instanci úlohy."},{"id":null,"key":"taskListFavoritesLBL","value":"Oblíbené položky"},{"id":null,"key":"taskListTaskSortingDOC","value":"Vyberte vazbu pro trvalé řazení seznamu úloh."},{"id":null,"key":"taskListTaskSortingLBL","value":"Nastavit trvalé řazení"},{"id":null,"key":"tasksColumnsDOC","value":"Určete sloupce, které mají být zobrazeny v seznamu úloh."},{"id":null,"key":"tasksColumnsLBL","value":"Přizpůsobit sloupce"},{"id":null,"key":"tasksDOC","value":"Seznam úloh k zobrazení"},{"id":null,"key":"tasksLBL","value":"Úlohy"},{"id":null,"key":"tasksPerBlockDOC","value":"Počet úloh zobrazených v každém bloku"},{"id":null,"key":"tasksPerBlockLBL","value":"Počet úloh na blok"},{"id":null,"key":"tasksPerPageDOC","value":"Zadejte počet úloh, které se mají zobrazit na stránce."},{"id":null,"key":"tasksPerPageLBL","value":"Nastavit počet úloh na stránku"},{"id":null,"key":"teamsDOC","value":"Seznam souhrnů týmu"},{"id":null,"key":"teamsLBL","value":"Týmy"},{"id":null,"key":"titleDOC","value":"Řetězec nadpisu, který má být zobrazen na pruhu titulku"},{"id":null,"key":"titleLBL","value":"Řetězec nadpisu"},{"id":null,"key":"topTableLabelDOC","value":"Zadejte text pro popisek zobrazený nad seznamem."},{"id":null,"key":"topTableLabelLBL","value":"Přidat popisek záhlaví"},{"id":null,"key":"traversedPathDOC","value":"Seznam ID odkazů pro zvýraznění a zobrazení absolvované cesty. Použitelné pouze při použití volby ID instance procesu."},{"id":null,"key":"traversedPathLBL","value":"Absolvovaná cesta"},{"id":null,"key":"typeHereLBL","value":"Zadejte zde..."},{"id":null,"key":"useEventTriggeringFetchActionDOC","value":"Deleguje požadavek na načtení úloh události."},{"id":null,"key":"useEventTriggeringFetchActionLBL","value":"Použít událost k načtení úloh"},{"id":null,"key":"workflowsLBL","value":"Sledy prací"},{"id":null,"key":"workplaceConfigDOC","value":"Konfiguruje chování pracovní oblasti"},{"id":null,"key":"workplaceConfigLBL","value":"Konfigurace pracovní oblasti"},{"id":null,"key":"workplaceUserSettingsDOC","value":"Vazba pro zachování uživatelských nastavení, která budou použita při opětovném přihlášení uživatele"},{"id":null,"key":"workplaceUserSettingsLBL","value":"Uživatelská nastavení pracovní oblasti"},{"id":null,"key":"zoomFactorDOC","value":"Platné hodnoty úrovně zobrazení diagramu procesu jsou 1 až 10."},{"id":null,"key":"zoomFactorLBL","value":"Úroveň zobrazení"}]}