{"id":"50.c4d6cc83-a000-4ae2-b2f5-d35d89f9c6ba/2064.7814960a-7cfe-424d-92b5-d9ce2fbce18c","localeLanguage":"it","localeCountry":"","localeVariant":"","localeDisplayName":"WPT","resourceBundleKey":[{"id":null,"key":"HistoryLBL","value":"Cronologia"},{"id":null,"key":"activitiesDOC","value":"Un elenco di attività"},{"id":null,"key":"activitiesLBL","value":"Attività"},{"id":null,"key":"activitySummariesDOC","value":"L'elenco dei riepiloghi delle attività da visualizzare. È applicabile solo se viene utilizzata l'opzione ID processo."},{"id":null,"key":"activitySummariesLBL","value":"Riepiloghi attività"},{"id":null,"key":"addFilterLBL","value":"Aggiungi filtro"},{"id":null,"key":"alwaysShowDOC","value":"Mostra sempre"},{"id":null,"key":"alwaysShowLBL","value":"Mostra sempre"},{"id":null,"key":"availableActionsDOC","value":"Elenco delle azioni disponibili che verranno abilitate dal diagramma del processo. Si basano sulle autorizzazioni di cui dispone l'utente corrente quando utilizzato in un Dashboard."},{"id":null,"key":"availableActionsLBL","value":"Azioni disponibili"},{"id":null,"key":"blocksShowingOnloadDOC","value":"Numero di blocchi visualizzati al caricamento"},{"id":null,"key":"blocksShowingOnloadLBL","value":"Blocchi visualizzati al caricamento"},{"id":null,"key":"bottomTableLabelDOC","value":"Inserire il testo per l'etichetta visualizzato nell'elenco."},{"id":null,"key":"bottomTableLabelLBL","value":"Etichetta piè di pagina Aggiungi"},{"id":null,"key":"branchIdDOC","value":"L'ID ramo per uno specifico processo (inizia con 2063.xxx)."},{"id":null,"key":"branchIdLBL","value":"ID ramo"},{"id":null,"key":"brandDOC","value":"Nome del marchio da visualizzare sulla barra del titolo"},{"id":null,"key":"brandLBL","value":"Nome marchio"},{"id":null,"key":"businessColumnsDOC","value":"L'elenco di possibili colonne di business"},{"id":null,"key":"businessColumnsLBL","value":"Colonne di business"},{"id":null,"key":"caseScopeDOC","value":"Selezionare quali istanze del caso vengono incluse nell'elenco: tutte le istanze che l'utente è autorizzato a visualizzare o solo le istanze direttamente assegnate all'utente."},{"id":null,"key":"caseScopeLBL","value":"Ambito del caso"},{"id":null,"key":"clearFilterLBL","value":"Cancella filtro"},{"id":null,"key":"customPathDOC","value":"L'elenco di ProjectedPathLinkChange per il percorso personalizzato creato. È applicabile solo quando viene utilizzata l'opzione ID istanza del processo."},{"id":null,"key":"customPathLBL","value":"Percorso personalizzato"},{"id":null,"key":"disableActionsDOC","value":"Le azioni da disabilitare"},{"id":null,"key":"disableActionsLBL","value":"Disabilita azioni"},{"id":null,"key":"disableCompleteTasksDOC","value":"Impedire agli utenti di aprire le attività completate."},{"id":null,"key":"disableCompleteTasksLBL","value":"Disabilita l'apertura delle attività completate"},{"id":null,"key":"disableFilterEventsDOC","value":"Disabilitare l'aggiornamento automatico dell'elenco quando i filtri vengono aggiornati."},{"id":null,"key":"disableFilterEventsLBL","value":"Disabilita aggiornamento automatico"},{"id":null,"key":"disableFulltextSearchDOC","value":"Disabilitare la funzionalità di ricerca Full Text nella barra di ricerca"},{"id":null,"key":"disableFulltextSearchLBL","value":"Disabilita ricerca Full Text"},{"id":null,"key":"disableLeftClickActivityDetailsDOC","value":"Disabilita il popup Dettagli attività che viene visualizzato quando si fa clic su un nodo."},{"id":null,"key":"disableLeftClickActivityDetailsLBL","value":"Disabilita dettagli attività pulsante sinistro"},{"id":null,"key":"disableRetrieveServicesDOC","value":"Disabilitare i servizi di richiamo (es. gestire il team, creare flussi di lavoro) nel menu azioni."},{"id":null,"key":"disableRetrieveServicesLBL","value":"Disabilita servizi di richiamo"},{"id":null,"key":"disableRightClickMenusDOC","value":"Disabilita il popup Menu contestuale che viene visualizzato quando si fa clic con il tasto destro del mouse su un nodo."},{"id":null,"key":"disableRightClickMenusLBL","value":"Disabilita menu contestuale pulsante destro"},{"id":null,"key":"documentsLBL","value":"Documenti"},{"id":null,"key":"embededViewDOC","value":"Nasconde il pulsante di chiusura per l'incorporazione in un'altra vista."},{"id":null,"key":"embededViewLBL","value":"Vista incorporata"},{"id":null,"key":"enableAddWorkflowDOC","value":"Mostra pulsante flusso di lavoro Avvia."},{"id":null,"key":"enableAddWorkflowLBL","value":"Mostra flusso di lavoro Avvia"},{"id":null,"key":"enableBatchModifyDOC","value":"Abilitare la modifica di più attività selezionate contemporaneamente."},{"id":null,"key":"enableBatchModifyLBL","value":"Abilita modifica batch"},{"id":null,"key":"enableHistoryNavDOC","value":"Mostrare il percorso di navigazione alla pagina corrente nel visualizzatore attività."},{"id":null,"key":"enableHistoryNavLBL","value":"Mostra la traccia di navigazione"},{"id":null,"key":"enableInstanceDetailsDOC","value":"Mostra l'azione Visualizza istanza nel menu Overflow."},{"id":null,"key":"enableInstanceDetailsLBL","value":"Mostra azione di visualizzazione istanza"},{"id":null,"key":"enableSavedSearchEditingDOC","value":"Abilita la creazione e la modifica delle ricerche salvate."},{"id":null,"key":"enableSavedSearchEditingLBL","value":"Abilita ricerche salvate"},{"id":null,"key":"enterDecimalLBL","value":"Inserire un numero decimale..."},{"id":null,"key":"enterNumberLBL","value":"Immettere un numero..."},{"id":null,"key":"eventONNavigationButtonClickedDOC","value":"Evento che si verifica quando si fa clic sull'elemento di navigazione"},{"id":null,"key":"eventONNavigationButtonClickedLBL","value":"Quando si fa clic sull'elemento di navigazione"},{"id":null,"key":"eventONPageSizeChangedDOC","value":"Attivato quando cambia il numero di elementi per pagina."},{"id":null,"key":"eventONPageSizeChangedLBL","value":"Su cambiamento elementi per pagina"},{"id":null,"key":"eventONPageSwitchedDOC","value":"Attivato quando cambia il numero di pagina."},{"id":null,"key":"eventONPageSwitchedLBL","value":"Su cambiamento pagina"},{"id":null,"key":"eventOnCardBlurDOC","value":"Attivato quando la scheda non è selezionata"},{"id":null,"key":"eventOnCardBlurLBL","value":"Alla deselezione della scheda"},{"id":null,"key":"eventOnCardFocusDOC","value":"Attivato quando si seleziona la scheda"},{"id":null,"key":"eventOnCardFocusLBL","value":"Alla selezione della scheda"},{"id":null,"key":"eventOnChangeDOC","value":"Evento alla modifica"},{"id":null,"key":"eventOnChangeLBL","value":"Alla modifica"},{"id":null,"key":"eventOnExternalFetchDOC","value":"Il metodo prevede che setTasks() venga richiamato con il nuovo elenco di attività."},{"id":null,"key":"eventOnExternalFetchLBL","value":"Su richiamo esterno"},{"id":null,"key":"eventOnFilterBtnClickedDOC","value":"Attivato quando si fa clic su un pulsante di filtro."},{"id":null,"key":"eventOnFilterBtnClickedLBL","value":"Al clic del pulsante di filtro"},{"id":null,"key":"eventOnHideDOC","value":"Evento al nascondimento"},{"id":null,"key":"eventOnHideLBL","value":"Al nascondimento"},{"id":null,"key":"eventOnInstanceLaunchedLBL","value":"All'istanza avviata"},{"id":null,"key":"eventOnInstanceUIActionDOC","value":"Evento all'azione IU istanza"},{"id":null,"key":"eventOnInstanceUIActionLBL","value":"All'azione IU istanza"},{"id":null,"key":"eventOnInstanceUIActivitySelectedDOC","value":"Evento alla selezione di un'attività IU dell'istanza"},{"id":null,"key":"eventOnInstanceUIActivitySelectedLBL","value":"Alla selezione di un'attività IU dell'istanza"},{"id":null,"key":"eventOnInstanceUIClosedDOC","value":"Evento alla chiusura dell'istanza"},{"id":null,"key":"eventOnInstanceUIClosedLBL","value":"Alla chiusura dell'istanza"},{"id":null,"key":"eventOnInstanceUICommentPostDOC","value":"Evento alla pubblicazione di un commento IU istanza"},{"id":null,"key":"eventOnInstanceUICommentPostLBL","value":"Alla pubblicazione di un commento IU istanza"},{"id":null,"key":"eventOnInstanceUILaunchedDOC","value":"Evento all'avvio IU istanza"},{"id":null,"key":"eventOnInstanceUILaunchedLBL","value":"All'avvio IU istanza"},{"id":null,"key":"eventOnInstanceUITabChangeDOC","value":"Evento alla modifica scheda IU istanza"},{"id":null,"key":"eventOnInstanceUITabChangeLBL","value":"Alla modifica scheda IU istanza"},{"id":null,"key":"eventOnLoadDOC","value":"Evento al caricamento"},{"id":null,"key":"eventOnLoadLBL","value":"Al caricamento"},{"id":null,"key":"eventOnProcessLaunched","value":"'Evento al processo avviato"},{"id":null,"key":"eventOnRefreshDOC","value":"Evento all'aggiornamento"},{"id":null,"key":"eventOnRefreshLBL","value":"All'aggiornamento"},{"id":null,"key":"eventOnSearchLaunched","value":"Evento alla ricerca avviata"},{"id":null,"key":"eventOnServiceClosedDOC","value":"Evento alla chiusura del servizio"},{"id":null,"key":"eventOnServiceClosedLBL","value":"Alla chiusura del servizio"},{"id":null,"key":"eventOnServiceLaunched","value":"Evento al servizio avviato"},{"id":null,"key":"eventOnServiceOpenedDOC","value":"Evento all'apertura del servizio"},{"id":null,"key":"eventOnServiceOpenedLBL","value":"All'apertura del servizio"},{"id":null,"key":"eventOnShowDOC","value":"Evento alla visualizzazione"},{"id":null,"key":"eventOnShowLBL","value":"Alla visualizzazione"},{"id":null,"key":"eventOnTaskActionDOC","value":"Evento all'azione attività"},{"id":null,"key":"eventOnTaskActionLBL","value":"All'azione attività"},{"id":null,"key":"eventOnTaskClosedDOC","value":"Evento alla chiusura dell'attività"},{"id":null,"key":"eventOnTaskClosedLBL","value":"Alla chiusura dell'attività"},{"id":null,"key":"eventOnTaskLaunchedDOC","value":"Evento all'attività avviata"},{"id":null,"key":"eventOnTaskLaunchedLBL","value":"All'attività avviata"},{"id":null,"key":"eventOnTaskOpenedDOC","value":"Evento all'apertura dell'attività"},{"id":null,"key":"eventOnTaskOpenedLBL","value":"All'apertura dell'attività"},{"id":null,"key":"eventOnVisibilityChangeDOC","value":"Evento alla visibilità"},{"id":null,"key":"eventOnVisibilityChangeLBL","value":"Alla modifica della visibilità"},{"id":null,"key":"filterByProjectDOC","value":"Immettere il nome progetto per filtrare l'elenco di istanze alle sole istanze per tale progetto."},{"id":null,"key":"filterByProjectLBL","value":"Filtra per progetto"},{"id":null,"key":"generalTaskSortingDOC","value":"Selezionare il bind per rendere persistente l'ordinamento dell'elenco."},{"id":null,"key":"hideActionsMenuDOC","value":"Disabilita il menu che dà accesso a più azioni per l'attività."},{"id":null,"key":"hideActionsMenuLBL","value":"Disabilita il menu azioni"},{"id":null,"key":"hideCase","value":"Nascondi casi"},{"id":null,"key":"hideColumnSelectorDOC","value":"Nascondere il selettore per le colonne da visualizzare nell'elenco."},{"id":null,"key":"hideColumnSelectorLBL","value":"Nascondi selettore colonna"},{"id":null,"key":"hideProcess","value":"Nascondi processi"},{"id":null,"key":"hideSearchBarDOC","value":"Nascondere la barra di ricerca."},{"id":null,"key":"hideSearchBarLBL","value":"Nascondi barra di ricerca"},{"id":null,"key":"hideService","value":"Nascondi servizi avviabili"},{"id":null,"key":"hideStatusColumnDOC","value":"Nascondere la colonna di stato dall'elenco."},{"id":null,"key":"hideStatusColumnLBL","value":"Nascondi colonna di stato"},{"id":null,"key":"instanceDOC","value":"Dati istanza"},{"id":null,"key":"instanceFiltersDOC","value":"Selezionare il collegamento per rendere persistenti i filtri nell'elenco di istanze."},{"id":null,"key":"instanceFiltersLBL","value":"Imposta filtri istanze persistenti"},{"id":null,"key":"instanceIdDOC","value":"L'ID istanza della BPD (business process definition). Questa opzione ha la precedenza sull'opzione ID processo."},{"id":null,"key":"instanceIdLBL","value":"ID istanza del processo"},{"id":null,"key":"instanceLBL","value":"Istanza"},{"id":null,"key":"instanceListColumnWidthDOC","value":"Selezionare il collegamento per rendere persistenti le larghezze delle colonne nell'elenco di istanze."},{"id":null,"key":"instanceListColumnWidthLBL","value":"Imposta larghezze colonna persistenti"},{"id":null,"key":"instanceModeDOC","value":"Mostra solo le ricerche correlate alle istanze"},{"id":null,"key":"instanceModeLBL","value":"Modalità istanza"},{"id":null,"key":"instancesColumnsDOC","value":"Specificare le colonne da visualizzare nell'elenco di istanze."},{"id":null,"key":"instancesColumnsLBL","value":"Personalizza le colonne dell'istanza"},{"id":null,"key":"instancesEnableInstanceDetailsDOC","value":"Abilitare la possibilità di aprire un'istanza di flusso di lavoro."},{"id":null,"key":"instancesEnableInstanceDetailsLBL","value":"Abilita avvio dell'istanza"},{"id":null,"key":"instancesPerPageDOC","value":"Immettere il numero di istanze da mostrare per pagina."},{"id":null,"key":"instancesPerPageLBL","value":"Imposta istanze per pagina"},{"id":null,"key":"instancesSortDOC","value":"Selezionare il bind per rendere persistente l'ordinamento dell'elenco istanze."},{"id":null,"key":"instancesSortLBL","value":"Imposta ordinamento istanze persistente"},{"id":null,"key":"isTaskFilterServiceEnabledDOC","value":"Attiva la prioritizzazione intelligente delle attività che ordina l'elenco, posizionando le attività migliori su cui lavorare successivamente in alto."},{"id":null,"key":"isTaskFilterServiceEnabledLBL","value":"Abilita la prioritizzazione dell'attività"},{"id":null,"key":"itemLengthDOC","value":"Lunghezza di un elenco di input."},{"id":null,"key":"itemLengthLBL","value":"Lunghezza elemento"},{"id":null,"key":"itemPerPageDOC","value":"Numero di elementi per pagina."},{"id":null,"key":"itemPerPageLBL","value":"Per pagina"},{"id":null,"key":"localizationServiceDOC","value":"Specificare il servizio utilizzato per richiamare le stringhe localizzate da utilizzare con questa vista Coach."},{"id":null,"key":"localizationServiceLBL","value":"Servizio di localizzazione"},{"id":null,"key":"mandatoryColumnsDOC","value":"L'elenco delle colonne obbligatorie"},{"id":null,"key":"mandatoryColumnsLBL","value":"Colonne obbligatorie"},{"id":null,"key":"maximumSearchSizeDOC","value":"Impostare il numero massimo di attività restituite per una ricerca."},{"id":null,"key":"maximumSearchSizeLBL","value":"Impostare il limite massimo di ricerca"},{"id":null,"key":"numberOfTaskOptionDOC","value":"Elenco del numero di opzioni attività disponibili"},{"id":null,"key":"numberOfTaskOptionLBL","value":"Elenco numero di attività"},{"id":null,"key":"placeholderDOC","value":"Segnaposto per i campi di input"},{"id":null,"key":"placeholderLBL","value":"Segnaposto"},{"id":null,"key":"processAppAcroDOC","value":"Inserire un acronimo di app per filtrare l'elenco per mostrare solo le attività per quella app."},{"id":null,"key":"processAppAcroLBL","value":"Filtra per app"},{"id":null,"key":"processIdDOC","value":"L'ID BPD (business process definition) del diagramma del processo da visualizzare. Sono richiesti un ID snapshot, un ID ramo o un ID progetto."},{"id":null,"key":"processIdLBL","value":"ID processo"},{"id":null,"key":"processModeDOC","value":"Ottimizza la vista per visualizzare le informazioni sul processo"},{"id":null,"key":"processModeLBL","value":"Ottimizza per i processi"},{"id":null,"key":"projectIdDOC","value":"L'ID progetto per uno specifico processo (inizia con 2066.xxx)."},{"id":null,"key":"projectIdLBL","value":"ID progetto"},{"id":null,"key":"projectedPathDOC","value":"L'elenco di ID attività lungo il percorso previsto da evidenziare. Le attività devono essere indicate in ordine di flusso. È applicabile solo quando viene utilizzata l'opzione ID istanza del processo."},{"id":null,"key":"projectedPathLBL","value":"Percorso previsto"},{"id":null,"key":"recentInstanceSearchesDOC","value":"Selezionare il collegamento per rendere persistenti le ricerche recenti nella barra di ricerca."},{"id":null,"key":"recentInstanceSearchesLBL","value":"Imposta ricerche persistenti"},{"id":null,"key":"recentTaskSearchesDOC","value":"Selezionare il collegamento per rendere persistenti le ricerche recenti nella barra di ricerca."},{"id":null,"key":"recentTaskSearchesLBL","value":"Imposta ricerche persistenti"},{"id":null,"key":"recentWorkstreamLimit","value":"Quanti flussi di lavoro si desidera mostrare per l'elenco"},{"id":null,"key":"removeFilterLBL","value":"Rimuovi filtro"},{"id":null,"key":"requiredOwnershipCheckDOC","value":"Verificare se l'utente corrente è autorizzato ad aprire l'attività."},{"id":null,"key":"requiredOwnershipCheckLBL","value":"Verifica proprietà attività"},{"id":null,"key":"responsiveModeDOC","value":"Selezionare la dimensione dello schermo per la visualizzazione dell'elenco attività."},{"id":null,"key":"responsiveModeLBL","value":"Impostare la modalità responsive"},{"id":null,"key":"riskStateDOC","value":"Impostato sullo stato selezionato di un'attività quando mostra i riepiloghi delle attività. I valori validi sono OnTrack, AtRisk e Overdue."},{"id":null,"key":"riskStateLBL","value":"Stato rischio"},{"id":null,"key":"savedSearchInstanceFilterDOC","value":"Mostra solo filtri relativi all'istanza."},{"id":null,"key":"savedSearchInstanceFilterLBL","value":"Filtro istanza"},{"id":null,"key":"savedSearchInstanceModeDOC","value":"Mostra solo filtri e colonne relativi all'istanza."},{"id":null,"key":"savedSearchInstanceModeLBL","value":"Modalità istanza"},{"id":null,"key":"savedSearchNameDOC","value":"Selezionare il bind per rendere persistenti le ricerche salvate nell'elenco delle attività"},{"id":null,"key":"savedSearchNameLBL","value":"Impostare le ricerche salvate persistenti"},{"id":null,"key":"scopeDOC","value":"Mostra il filtro di ricerca come filtro di ambito."},{"id":null,"key":"scopeLBL","value":"Mostra come filtro di ambito"},{"id":null,"key":"selectDateLBL","value":"Selezionare una data..."},{"id":null,"key":"selectValueLBL","value":"Seleziona valore"},{"id":null,"key":"showActivitySummariesDOC","value":"Controlla se visualizzare i riepiloghi attività. È applicabile solo se viene utilizzata l'opzione ID processo."},{"id":null,"key":"showActivitySummariesLBL","value":"Mostra riepiloghi attività"},{"id":null,"key":"showAllStatsDOC","value":"Mostrare tutti i valori di statistiche, inclusi i valori che sono null"},{"id":null,"key":"showAllStatsLBL","value":"Mostra tutti i valori"},{"id":null,"key":"showInstanceRefreshDOC","value":"Mostrare il pulsante Aggiorna, che è possibile utilizzare per aggiornare manualmente l'elenco delle istanze quando il server di notifica non è disponibile."},{"id":null,"key":"showOnTaskClosedDOC","value":"Mostrare il visualizzatore attività quando viene chiusa l'attività."},{"id":null,"key":"showOnTaskClosedLBL","value":"Mostra alla chiusura attività"},{"id":null,"key":"showPageSizerDOC","value":"Mostrare il controllo di dimensione della pagina."},{"id":null,"key":"showPageSizerLBL","value":"Mostra Page Sizer"},{"id":null,"key":"showPagerStatsDOC","value":"Mostrare le statistiche della pagina."},{"id":null,"key":"showPagerStatsLBL","value":"Mostra statistiche pagina"},{"id":null,"key":"showRefreshLBL","value":"Mostra pulsante Aggiorna"},{"id":null,"key":"showSavedSearchesDOC","value":"Mostra un elenco a comparsa delle ricerche salvate."},{"id":null,"key":"showSavedSearchesLBL","value":"Mostra ricerche salvate"},{"id":null,"key":"showSingleListDOC","value":"Mostra tutte le attività in un unico elenco"},{"id":null,"key":"showSingleListLBL","value":"Mostra elenco singolo"},{"id":null,"key":"showSortByArrowDOC","value":"Mostrare il selettore per ordinare l'elenco delle attività in ordine crescente, decrescente o predefinito."},{"id":null,"key":"showSortByArrowLBL","value":"Mostra selettore di ordinamento colonne"},{"id":null,"key":"showStatsDOC","value":"Mostrare un riepilogo delle statistiche delle attività."},{"id":null,"key":"showStatsLBL","value":"Mostra statistiche"},{"id":null,"key":"showTaskRefreshDOC","value":"Mostrare il pulsante Aggiorna, che è possibile utilizzare per aggiornare manualmente l'elenco delle attività quando il server di notifica non è disponibile."},{"id":null,"key":"showTotalOnlyDOC","value":"Mostra solo il numero di attività totali"},{"id":null,"key":"showTotalOnlyLBL","value":"Mostra solo totali"},{"id":null,"key":"skipClaimForTasksDOC","value":"Non mostrare la modale Richiedi attività. L'attività viene richiesta automaticamente all'apertura."},{"id":null,"key":"skipClaimForTasksLBL","value":"Disabilita richiesta di attività"},{"id":null,"key":"skipNavDOC","value":"Non mostrare la finestra di dialogo per l'apertura del client del caso in una nuova finestra."},{"id":null,"key":"skipNavLBL","value":"Ignora finestra di dialogo di conferma"},{"id":null,"key":"snapshotIdDOC","value":"L'ID snapshot per uno specifico processo (inizia con 2064.xxx)."},{"id":null,"key":"snapshotIdLBL","value":"ID snapshot"},{"id":null,"key":"sortByDOC","value":"Specificare la colonna in base alla quale è ordinato inizialmente l'elenco."},{"id":null,"key":"sortByLBL","value":"Ordina per colonna"},{"id":null,"key":"stepIdDOC","value":"Impostato sullo stato attività selezionato quando mostra i riepiloghi delle attività."},{"id":null,"key":"stepIdLBL","value":"ID fase"},{"id":null,"key":"systemColumnsDOC","value":"L'elenco di possibili colonne intrinseche"},{"id":null,"key":"systemColumnsLBL","value":"Colonne intrinseche"},{"id":null,"key":"systemDataDOC","value":"Impostare i dati di sistema che si desidera visualizzare nel visualizzatore attività."},{"id":null,"key":"systemDataLBL","value":"Personalizza dati di sistema"},{"id":null,"key":"taskActionsDOC","value":"Specificare l'elenco di azioni che è possibile eseguire sull'attività."},{"id":null,"key":"taskActionsLBL","value":"Imposta azioni attività"},{"id":null,"key":"taskDOC","value":"Impostare l'attività che si desidera visualizzare nel visualizzatore attività."},{"id":null,"key":"taskFiltersDOC","value":"Selezionare il bind per rendere persistenti i filtri nell'elenco delle attività."},{"id":null,"key":"taskFiltersLBL","value":"Impostare i filtri persistenti"},{"id":null,"key":"taskLBL","value":"Imposta attività"},{"id":null,"key":"taskLaunchEventDOC","value":"Immettere il nome dell'evento da attivare all'apertura di un'attività."},{"id":null,"key":"taskLaunchEventLBL","value":"Imposta l'evento quando vengono avviate le attività"},{"id":null,"key":"taskListColumnWidthDOC","value":"Selezionare il bind per rendere persistenti le larghezze delle colonne nell'elenco delle attività."},{"id":null,"key":"taskListColumnWidthLBL","value":"Impostare larghezze di colonne persistenti"},{"id":null,"key":"taskListEnableInstanceDetailsDOC","value":"Abilitare la possibilità di aprire un'istanza di attività."},{"id":null,"key":"taskListFavoritesLBL","value":"Preferiti"},{"id":null,"key":"taskListTaskSortingDOC","value":"Selezionare il bind per rendere persistente l'ordinamento dell'elenco attività."},{"id":null,"key":"taskListTaskSortingLBL","value":"Imposta ordinamento persistente"},{"id":null,"key":"tasksColumnsDOC","value":"Specifica le colonne da visualizzare nell'elenco delle attività."},{"id":null,"key":"tasksColumnsLBL","value":"Personalizza colonne"},{"id":null,"key":"tasksDOC","value":"Elenco delle attività da visualizzare"},{"id":null,"key":"tasksLBL","value":"Attività"},{"id":null,"key":"tasksPerBlockDOC","value":"Numero di attività visualizzate in ogni blocco"},{"id":null,"key":"tasksPerBlockLBL","value":"Attività per blocco"},{"id":null,"key":"tasksPerPageDOC","value":"Inserire il numero di attività da mostrare per pagina."},{"id":null,"key":"tasksPerPageLBL","value":"Imposta attività per pagina"},{"id":null,"key":"teamsDOC","value":"Elenco di riepiloghi del team"},{"id":null,"key":"teamsLBL","value":"Team"},{"id":null,"key":"titleDOC","value":"Stringa del titolo da visualizzare sulla barra del titolo"},{"id":null,"key":"titleLBL","value":"Stringa del titolo"},{"id":null,"key":"topTableLabelDOC","value":"Inserire il testo per l'etichetta visualizzato sopra nell'elenco."},{"id":null,"key":"topTableLabelLBL","value":"Etichetta di intestazione Aggiungi"},{"id":null,"key":"traversedPathDOC","value":"L'elenco degli ID link da evidenziate per mostrare il percorso traverso. È applicabile solo quando viene utilizzata l'opzione ID istanza del processo."},{"id":null,"key":"traversedPathLBL","value":"Percorso traverso"},{"id":null,"key":"typeHereLBL","value":"Immettere qui..."},{"id":null,"key":"useEventTriggeringFetchActionDOC","value":"Delega la richiesta di attività di caricamento a un evento."},{"id":null,"key":"useEventTriggeringFetchActionLBL","value":"Utilizza evento per richiamare attività"},{"id":null,"key":"workflowsLBL","value":"Flussi di lavoro"},{"id":null,"key":"workplaceConfigDOC","value":"Configura il funzionamento di Workplace"},{"id":null,"key":"workplaceConfigLBL","value":"Configurazione Workplace"},{"id":null,"key":"workplaceUserSettingsDOC","value":"Bind per preservare le impostazioni utente che verranno applicate quando l'utente esegue nuovamente l'accesso"},{"id":null,"key":"workplaceUserSettingsLBL","value":"Impostazioni utente Workplace"},{"id":null,"key":"zoomFactorDOC","value":"I valori validi per il livello di zoom del diagramma del processo sono compresi tra 1 e 10."},{"id":null,"key":"zoomFactorLBL","value":"Livello di zoom"}]}