{"id":"50.c4d6cc83-a000-4ae2-b2f5-d35d89f9c6ba/2064.7814960a-7cfe-424d-92b5-d9ce2fbce18c","localeLanguage":"ja","localeCountry":"","localeVariant":"","localeDisplayName":"WPT","resourceBundleKey":[{"id":null,"key":"HistoryLBL","value":"履歴"},{"id":null,"key":"activitiesDOC","value":"アクティビティーのリスト"},{"id":null,"key":"activitiesLBL","value":"アクティビティー"},{"id":null,"key":"activitySummariesDOC","value":"表示するアクティビティー要約のリスト。 これが適用されるのは、「プロセス ID」オプションを使用する場合のみです。"},{"id":null,"key":"activitySummariesLBL","value":"アクティビティー要約"},{"id":null,"key":"addFilterLBL","value":"フィルターの追加"},{"id":null,"key":"alwaysShowDOC","value":"常に表示"},{"id":null,"key":"alwaysShowLBL","value":"常に表示"},{"id":null,"key":"availableActionsDOC","value":"プロセス・ダイアグラムで有効になる使用可能なアクションのリスト。 表示されるアクションは、ダッシュボード内で使用されるときの現行ユーザーの許可状況により異なります。"},{"id":null,"key":"availableActionsLBL","value":"使用可能なアクション"},{"id":null,"key":"blocksShowingOnloadDOC","value":"ロード時に表示されるブロックの数"},{"id":null,"key":"blocksShowingOnloadLBL","value":"ロード時に表示されるブロック数"},{"id":null,"key":"bottomTableLabelDOC","value":"リストの下に表示されるラベルのテキストを入力します。"},{"id":null,"key":"bottomTableLabelLBL","value":"フッター・ラベルの追加"},{"id":null,"key":"branchIdDOC","value":"特定のプロセスのブランチ ID (2063.xxx で始まる)。"},{"id":null,"key":"branchIdLBL","value":"ブランチ ID"},{"id":null,"key":"brandDOC","value":"タイトル・バーに表示されるブランド名"},{"id":null,"key":"brandLBL","value":"ブランド名"},{"id":null,"key":"businessColumnsDOC","value":"使用できるビジネス列のリスト"},{"id":null,"key":"businessColumnsLBL","value":"ビジネス列"},{"id":null,"key":"caseScopeDOC","value":"リストに表示するケース・インスタンスとして、自分が表示する権限を持つすべてのインスタンス、または自分に直接割り当てられたインスタンスのみのいずれかを選択します。"},{"id":null,"key":"caseScopeLBL","value":"ケースの範囲"},{"id":null,"key":"clearFilterLBL","value":"フィルターのクリア"},{"id":null,"key":"customPathDOC","value":"作成されたカスタム・パスの ProjectedPathLinkChange のリスト。 これが適用されるのは、「プロセス・インスタンス ID」オプションを使用する場合のみです。"},{"id":null,"key":"customPathLBL","value":"カスタム・パス"},{"id":null,"key":"disableActionsDOC","value":"無効にするアクション"},{"id":null,"key":"disableActionsLBL","value":"アクションの無効化"},{"id":null,"key":"disableCompleteTasksDOC","value":"完了したタスクをユーザーが開くことができないようにします。"},{"id":null,"key":"disableCompleteTasksLBL","value":"完了したタスクを開く操作の無効化"},{"id":null,"key":"disableFilterEventsDOC","value":"フィルターが更新されたときのリストの自動最新表示を無効にします。"},{"id":null,"key":"disableFilterEventsLBL","value":"自動最新表示の無効化"},{"id":null,"key":"disableFulltextSearchDOC","value":"検索バーで全文検索を無効にします"},{"id":null,"key":"disableFulltextSearchLBL","value":"全文検索の無効化"},{"id":null,"key":"disableLeftClickActivityDetailsDOC","value":"ノードをクリックしたときに表示される「アクティビティーの詳細」ポップアップを無効にします。"},{"id":null,"key":"disableLeftClickActivityDetailsLBL","value":"左クリック・アクティビティーの詳細を無効にする"},{"id":null,"key":"disableRetrieveServicesDOC","value":"アクション・メニューへのサービス (チームの管理、ワークストリームの作成など) の取得を無効にします。"},{"id":null,"key":"disableRetrieveServicesLBL","value":"サービスの取得を無効化"},{"id":null,"key":"disableRightClickMenusDOC","value":"ノードを右クリックしたときに表示されるコンテキスト・メニューのポップアップを無効にします。"},{"id":null,"key":"disableRightClickMenusLBL","value":"右クリック・コンテキスト・メニューを無効にする"},{"id":null,"key":"documentsLBL","value":"文書"},{"id":null,"key":"embededViewDOC","value":"別のビューに埋め込むために「閉じる」ボタンを非表示にします。"},{"id":null,"key":"embededViewLBL","value":"埋め込みビュー"},{"id":null,"key":"enableAddWorkflowDOC","value":"「ワークフローの開始」ボタンを表示します。"},{"id":null,"key":"enableAddWorkflowLBL","value":"ワークフローの開始の表示"},{"id":null,"key":"enableBatchModifyDOC","value":"選択した複数のタスクを 1 回で変更できるようにします。"},{"id":null,"key":"enableBatchModifyLBL","value":"一括変更の有効化"},{"id":null,"key":"enableHistoryNavDOC","value":"タスク・ビューアーの現在のページへのナビゲーション・パスを表示します。"},{"id":null,"key":"enableHistoryNavLBL","value":"パンくずリストの表示"},{"id":null,"key":"enableInstanceDetailsDOC","value":"オーバーフロー・メニューにビュー・インスタンス・アクションを表示します。"},{"id":null,"key":"enableInstanceDetailsLBL","value":"ビュー・インスタンスの表示"},{"id":null,"key":"enableSavedSearchEditingDOC","value":"保存済み検索の作成と編集を有効にします。"},{"id":null,"key":"enableSavedSearchEditingLBL","value":"保存済み検索の有効化"},{"id":null,"key":"enterDecimalLBL","value":"小数を入力してください..."},{"id":null,"key":"enterNumberLBL","value":"数値を入力してください..."},{"id":null,"key":"eventONNavigationButtonClickedDOC","value":"ナビゲーション項目のクリック時"},{"id":null,"key":"eventONNavigationButtonClickedLBL","value":"ナビゲーション項目のクリック時"},{"id":null,"key":"eventONPageSizeChangedDOC","value":"ページあたりの項目数が変わったときにトリガーされます。"},{"id":null,"key":"eventONPageSizeChangedLBL","value":"ページあたりの項目数の変更時"},{"id":null,"key":"eventONPageSwitchedDOC","value":"ページ番号が変わったときにトリガーされます。"},{"id":null,"key":"eventONPageSwitchedLBL","value":"ページ変更時"},{"id":null,"key":"eventOnCardBlurDOC","value":"カードがフォーカスを失ったときにトリガー"},{"id":null,"key":"eventOnCardBlurLBL","value":"カード不鮮明時"},{"id":null,"key":"eventOnCardFocusDOC","value":"カードにフォーカスを当てたときにトリガー"},{"id":null,"key":"eventOnCardFocusLBL","value":"カード・フォーカス時"},{"id":null,"key":"eventOnChangeDOC","value":"変更時イベント"},{"id":null,"key":"eventOnChangeLBL","value":"変更時"},{"id":null,"key":"eventOnExternalFetchDOC","value":"このメソッドは、新規タスク・リストを指定して setTasks() が呼び出されることを必要とします。"},{"id":null,"key":"eventOnExternalFetchLBL","value":"外部取り出し時"},{"id":null,"key":"eventOnFilterBtnClickedDOC","value":"「フィルター」ボタンがクリックされたときにトリガーされます。"},{"id":null,"key":"eventOnFilterBtnClickedLBL","value":"「フィルター」ボタンのクリック時"},{"id":null,"key":"eventOnHideDOC","value":"非表示時イベント"},{"id":null,"key":"eventOnHideLBL","value":"非表示時"},{"id":null,"key":"eventOnInstanceLaunchedLBL","value":"インスタンス起動時"},{"id":null,"key":"eventOnInstanceUIActionDOC","value":"インスタンス UI のアクション時イベント"},{"id":null,"key":"eventOnInstanceUIActionLBL","value":"インスタンス UI のアクション時"},{"id":null,"key":"eventOnInstanceUIActivitySelectedDOC","value":"インスタンス UI のアクティビティー選択時イベント"},{"id":null,"key":"eventOnInstanceUIActivitySelectedLBL","value":"インスタンス UI のアクティビティー選択時"},{"id":null,"key":"eventOnInstanceUIClosedDOC","value":"インスタンス終了時イベント"},{"id":null,"key":"eventOnInstanceUIClosedLBL","value":"インスタンス終了時"},{"id":null,"key":"eventOnInstanceUICommentPostDOC","value":"インスタンス UI へのコメント投稿時イベント"},{"id":null,"key":"eventOnInstanceUICommentPostLBL","value":"インスタンス UI へのコメント投稿時"},{"id":null,"key":"eventOnInstanceUILaunchedDOC","value":"インスタンス UI 起動時イベント"},{"id":null,"key":"eventOnInstanceUILaunchedLBL","value":"インスタンス UI 起動時"},{"id":null,"key":"eventOnInstanceUITabChangeDOC","value":"インスタンス UI のタブ変更時イベント"},{"id":null,"key":"eventOnInstanceUITabChangeLBL","value":"インスタンス UI のタブ変更時"},{"id":null,"key":"eventOnLoadDOC","value":"ロード時イベント"},{"id":null,"key":"eventOnLoadLBL","value":"ロード時"},{"id":null,"key":"eventOnProcessLaunched","value":"プロセス起動時イベント"},{"id":null,"key":"eventOnRefreshDOC","value":"最新表示時イベント"},{"id":null,"key":"eventOnRefreshLBL","value":"最新表示時"},{"id":null,"key":"eventOnSearchLaunched","value":"検索起動時イベント"},{"id":null,"key":"eventOnServiceClosedDOC","value":"サービス終了時イベント"},{"id":null,"key":"eventOnServiceClosedLBL","value":"サービス終了時"},{"id":null,"key":"eventOnServiceLaunched","value":"サービス起動時イベント"},{"id":null,"key":"eventOnServiceOpenedDOC","value":"サービス開始時イベント"},{"id":null,"key":"eventOnServiceOpenedLBL","value":"サービス開始時"},{"id":null,"key":"eventOnShowDOC","value":"表示時イベント"},{"id":null,"key":"eventOnShowLBL","value":"表示した時"},{"id":null,"key":"eventOnTaskActionDOC","value":"タスク・アクション時イベント"},{"id":null,"key":"eventOnTaskActionLBL","value":"タスク・アクション時"},{"id":null,"key":"eventOnTaskClosedDOC","value":"タスク終了時イベント"},{"id":null,"key":"eventOnTaskClosedLBL","value":"タスク終了時"},{"id":null,"key":"eventOnTaskLaunchedDOC","value":"タスク起動時イベント"},{"id":null,"key":"eventOnTaskLaunchedLBL","value":"タスク起動時"},{"id":null,"key":"eventOnTaskOpenedDOC","value":"タスク開始時イベント"},{"id":null,"key":"eventOnTaskOpenedLBL","value":"タスク開始時"},{"id":null,"key":"eventOnVisibilityChangeDOC","value":"可視性時イベント"},{"id":null,"key":"eventOnVisibilityChangeLBL","value":"可視性の変更時"},{"id":null,"key":"filterByProjectDOC","value":"プロジェクト名を入力することで、そのプロジェクトのインスタンスのみが表示されるようにインスタンス・リストをフィルタリングします。"},{"id":null,"key":"filterByProjectLBL","value":"プロジェクトでのフィルタリング"},{"id":null,"key":"generalTaskSortingDOC","value":"リストのソートを保持するバインディングを選択します。"},{"id":null,"key":"hideActionsMenuDOC","value":"タスクに対するその他のアクションを選択するためのメニューを無効にします。"},{"id":null,"key":"hideActionsMenuLBL","value":"アクション・メニューを無効化"},{"id":null,"key":"hideCase","value":"ケースの非表示"},{"id":null,"key":"hideColumnSelectorDOC","value":"リスト内に表示する列のセレクターを非表示にします。"},{"id":null,"key":"hideColumnSelectorLBL","value":"列セレクターの非表示"},{"id":null,"key":"hideProcess","value":"プロセスの非表示"},{"id":null,"key":"hideSearchBarDOC","value":"検索バーを非表示にします。"},{"id":null,"key":"hideSearchBarLBL","value":"検索バーを非表示"},{"id":null,"key":"hideService","value":"始動可能サービスの非表示"},{"id":null,"key":"hideStatusColumnDOC","value":"リストの状況列を非表示にします。"},{"id":null,"key":"hideStatusColumnLBL","value":"状況列の非表示"},{"id":null,"key":"instanceDOC","value":"インスタンス・データ"},{"id":null,"key":"instanceFiltersDOC","value":"インスタンス・リストでフィルターを永続化するためのバインディングを選択します。"},{"id":null,"key":"instanceFiltersLBL","value":"永続インスタンス・フィルターの設定"},{"id":null,"key":"instanceIdDOC","value":"ビジネス・プロセス定義インスタンス ID。 このオプションは、「プロセス ID」オプションよりも優先されます。"},{"id":null,"key":"instanceIdLBL","value":"プロセス・インスタンス ID"},{"id":null,"key":"instanceLBL","value":"インスタンス"},{"id":null,"key":"instanceListColumnWidthDOC","value":"インスタンス・リストで列幅を永続化するためのバインディングを選択します。"},{"id":null,"key":"instanceListColumnWidthLBL","value":"永続的な列幅の設定"},{"id":null,"key":"instanceModeDOC","value":"インスタンス関連検索のみを表示します"},{"id":null,"key":"instanceModeLBL","value":"インスタンス・モード"},{"id":null,"key":"instancesColumnsDOC","value":"インスタンス・リストに表示する列を指定します。"},{"id":null,"key":"instancesColumnsLBL","value":"インスタンスの列をカスタマイズ"},{"id":null,"key":"instancesEnableInstanceDetailsDOC","value":"ワークフロー・インスタンスを開く機能を有効にします。"},{"id":null,"key":"instancesEnableInstanceDetailsLBL","value":"インスタンス起動の有効化"},{"id":null,"key":"instancesPerPageDOC","value":"1 ページに表示するインスタンスの数を入力します。"},{"id":null,"key":"instancesPerPageLBL","value":"1 ページあたりのインスタンス数の設定"},{"id":null,"key":"instancesSortDOC","value":"インスタンス・リストのソートを保持するバインディングを選択します。"},{"id":null,"key":"instancesSortLBL","value":"永続インスタンス・ソートの設定"},{"id":null,"key":"isTaskFilterServiceEnabledDOC","value":"インテリジェントなタスクの優先付けをアクティブ化します。これにより、次に処理する対象として最適なタスクが一番上に表示されるようにリストがソートされます。"},{"id":null,"key":"isTaskFilterServiceEnabledLBL","value":"タスクの優先順位付けの有効化"},{"id":null,"key":"itemLengthDOC","value":"入力リストの長さ。"},{"id":null,"key":"itemLengthLBL","value":"項目の長さ"},{"id":null,"key":"itemPerPageDOC","value":"ページあたりの項目数。"},{"id":null,"key":"itemPerPageLBL","value":"ページあたり"},{"id":null,"key":"localizationServiceDOC","value":"この Coach ビューで使用するローカライズされたストリングを取得するためのサービスを指定します。"},{"id":null,"key":"localizationServiceLBL","value":"ローカリゼーション・サービス"},{"id":null,"key":"mandatoryColumnsDOC","value":"必須の列のリスト"},{"id":null,"key":"mandatoryColumnsLBL","value":"必須の列"},{"id":null,"key":"maximumSearchSizeDOC","value":"検索で返されるタスクの最大数を設定します。"},{"id":null,"key":"maximumSearchSizeLBL","value":"最大検索限界の設定"},{"id":null,"key":"numberOfTaskOptionDOC","value":"使用可能なタスク・オプション数のリスト"},{"id":null,"key":"numberOfTaskOptionLBL","value":"タスク数のリスト"},{"id":null,"key":"placeholderDOC","value":"入力フィールドのプレースホルダー"},{"id":null,"key":"placeholderLBL","value":"プレースホルダー"},{"id":null,"key":"processAppAcroDOC","value":"アプリケーションの頭字語を入力することで、そのアプリケーションのタスクのみが表示されるようにリストをフィルタリングします。"},{"id":null,"key":"processAppAcroLBL","value":"アプリケーションでのフィルタリング"},{"id":null,"key":"processIdDOC","value":"表示されるプロセス・ダイアグラムのビジネス・プロセス定義 ID。 スナップショット ID、ブランチ ID、またはプロジェクト ID が必須です。"},{"id":null,"key":"processIdLBL","value":"プロセス ID"},{"id":null,"key":"processModeDOC","value":"プロセス情報を表示するビューの最適化"},{"id":null,"key":"processModeLBL","value":"プロセスの最適化"},{"id":null,"key":"projectIdDOC","value":"特定のプロセスのプロジェクト ID (2066.xxx で始まる)。"},{"id":null,"key":"projectIdLBL","value":"プロジェクト ID"},{"id":null,"key":"projectedPathDOC","value":"強調表示する予測パスに沿ったアクティビティー ID のリスト。 アクティビティーはフロー順序に従って指定する必要があります。 これが適用されるのは、「プロセス・インスタンス ID」オプションを使用する場合のみです。"},{"id":null,"key":"projectedPathLBL","value":"予測パス"},{"id":null,"key":"recentInstanceSearchesDOC","value":"検索バーで最近の検索を永続化するためのバインディングを選択します。"},{"id":null,"key":"recentInstanceSearchesLBL","value":"永続的検索の設定"},{"id":null,"key":"recentTaskSearchesDOC","value":"検索バーで最近の検索を永続化するためのバインディングを選択します。"},{"id":null,"key":"recentTaskSearchesLBL","value":"永続的検索の設定"},{"id":null,"key":"recentWorkstreamLimit","value":"リストに表示するワークストリームの数"},{"id":null,"key":"removeFilterLBL","value":"フィルターの削除"},{"id":null,"key":"requiredOwnershipCheckDOC","value":"現在のユーザーにタスクを開く権限があるかどうかを確認します。"},{"id":null,"key":"requiredOwnershipCheckLBL","value":"タスク所有権の確認"},{"id":null,"key":"responsiveModeDOC","value":"タスク・リストを表示する画面サイズを選択します。"},{"id":null,"key":"responsiveModeLBL","value":"レスポンシブ・モードの設定"},{"id":null,"key":"riskStateDOC","value":"アクティビティー要約を表示する場合に、選択したアクティビティー状態に設定します。 有効な値は、OnTrack、AtRisk、および Overdue です。"},{"id":null,"key":"riskStateLBL","value":"リスク状態"},{"id":null,"key":"savedSearchInstanceFilterDOC","value":"インスタンス関連のフィルターのみを表示します。"},{"id":null,"key":"savedSearchInstanceFilterLBL","value":"インスタンス・フィルター"},{"id":null,"key":"savedSearchInstanceModeDOC","value":"インスタンス関連フィルターおよび列のみ表示します。"},{"id":null,"key":"savedSearchInstanceModeLBL","value":"インスタンス・モード"},{"id":null,"key":"savedSearchNameDOC","value":"タスク・リストで保存済み検索を永続化するためのバインディングを選択します。"},{"id":null,"key":"savedSearchNameLBL","value":"永続的保存済み検索の設定"},{"id":null,"key":"scopeDOC","value":"検索フィルターをスコープ・フィルターとして表示します。"},{"id":null,"key":"scopeLBL","value":"スコープ・フィルターとして表示"},{"id":null,"key":"selectDateLBL","value":"日付を選択してください..."},{"id":null,"key":"selectValueLBL","value":"値の選択"},{"id":null,"key":"showActivitySummariesDOC","value":"アクティビティー要約を表示するかどうかを制御します。 これが適用されるのは、「プロセス ID」オプションを使用する場合のみです。"},{"id":null,"key":"showActivitySummariesLBL","value":"アクティビティー要約を表示"},{"id":null,"key":"showAllStatsDOC","value":"NULL 値を含むすべての統計値を表示します"},{"id":null,"key":"showAllStatsLBL","value":"すべての値の表示"},{"id":null,"key":"showInstanceRefreshDOC","value":"「最新表示」ボタンを表示します。通知サーバーを使用できない場合は、このボタンを使用してインスタンス・リストを手動で最新表示できます。"},{"id":null,"key":"showOnTaskClosedDOC","value":"タスクが終了するときにタスク・ビューアーを表示します。"},{"id":null,"key":"showOnTaskClosedLBL","value":"タスク終了時に表示"},{"id":null,"key":"showPageSizerDOC","value":"ページ・サイザーを表示します。"},{"id":null,"key":"showPageSizerLBL","value":"ページ・サイザーを表示"},{"id":null,"key":"showPagerStatsDOC","value":"ページ統計を表示します。"},{"id":null,"key":"showPagerStatsLBL","value":"ページ統計を表示"},{"id":null,"key":"showRefreshLBL","value":"最新表示ボタンの表示"},{"id":null,"key":"showSavedSearchesDOC","value":"保存済み検索のドロップダウン・リストを表示します。"},{"id":null,"key":"showSavedSearchesLBL","value":"保存済み検索の表示"},{"id":null,"key":"showSingleListDOC","value":"すべてのタスクを単一リストで表示します"},{"id":null,"key":"showSingleListLBL","value":"単一リストの表示"},{"id":null,"key":"showSortByArrowDOC","value":"タスク・リストを昇順、降順、またはデフォルトの順序でソートするためのセレクターを表示します。"},{"id":null,"key":"showSortByArrowLBL","value":"列ソート・セレクターの表示"},{"id":null,"key":"showStatsDOC","value":"タスク統計の要約を表示します。"},{"id":null,"key":"showStatsLBL","value":"統計の表示"},{"id":null,"key":"showTaskRefreshDOC","value":"「最新表示」ボタンを表示します。通知サーバーを使用できない場合は、このボタンを使用してタスク・リストを手動で最新表示できます。"},{"id":null,"key":"showTotalOnlyDOC","value":"タスクの合計件数のみを表示"},{"id":null,"key":"showTotalOnlyLBL","value":"合計のみを表示"},{"id":null,"key":"skipClaimForTasksDOC","value":"「タスクの要求」モーダルを非表示にします。 タスクは開くときに自動的に要求されます。"},{"id":null,"key":"skipClaimForTasksLBL","value":"タスク要求の無効化"},{"id":null,"key":"skipNavDOC","value":"新しいウィンドウで Case Client を開くためのダイアログを表示しません。"},{"id":null,"key":"skipNavLBL","value":"確認ダイアログのスキップ"},{"id":null,"key":"snapshotIdDOC","value":"特定のプロセスのスナップショット ID (2064.xxx で始まる)。"},{"id":null,"key":"snapshotIdLBL","value":"スナップショット ID"},{"id":null,"key":"sortByDOC","value":"リストの最初のソート基準となる列を指定します。"},{"id":null,"key":"sortByLBL","value":"列でソート"},{"id":null,"key":"stepIdDOC","value":"アクティビティー要約を表示する場合に、選択したアクティビティー・ステップに設定します。"},{"id":null,"key":"stepIdLBL","value":"ステップ ID"},{"id":null,"key":"systemColumnsDOC","value":"使用できる組み込みの列のリスト"},{"id":null,"key":"systemColumnsLBL","value":"組み込みの列"},{"id":null,"key":"systemDataDOC","value":"タスク・ビューアーに表示するシステム・データを設定します。"},{"id":null,"key":"systemDataLBL","value":"システム・データのカスタマイズ"},{"id":null,"key":"taskActionsDOC","value":"タスクに対して実行できるアクションのリストを指定します。"},{"id":null,"key":"taskActionsLBL","value":"タスク・アクションの設定"},{"id":null,"key":"taskDOC","value":"タスク・ビューアーに表示するタスクを設定します。"},{"id":null,"key":"taskFiltersDOC","value":"タスク・リストでフィルターを永続化するためのバインディングを選択します。"},{"id":null,"key":"taskFiltersLBL","value":"永続フィルターの設定"},{"id":null,"key":"taskLBL","value":"タスクの設定"},{"id":null,"key":"taskLaunchEventDOC","value":"タスクを開いたときに起動されるイベントの名前を入力します。"},{"id":null,"key":"taskLaunchEventLBL","value":"タスク起動時のイベントの設定"},{"id":null,"key":"taskListColumnWidthDOC","value":"タスク・リストで列幅を永続化するためのバインディングを選択します。"},{"id":null,"key":"taskListColumnWidthLBL","value":"永続的な列幅の設定"},{"id":null,"key":"taskListEnableInstanceDetailsDOC","value":"タスク・インスタンスを開く機能を有効にします。"},{"id":null,"key":"taskListFavoritesLBL","value":"お気に入り"},{"id":null,"key":"taskListTaskSortingDOC","value":"タスク・リストのソートを保持するバインディングを選択します。"},{"id":null,"key":"taskListTaskSortingLBL","value":"永続ソートの設定"},{"id":null,"key":"tasksColumnsDOC","value":"タスク・リストに表示する列を指定します。"},{"id":null,"key":"tasksColumnsLBL","value":"列のカスタマイズ"},{"id":null,"key":"tasksDOC","value":"表示するタスクのリスト"},{"id":null,"key":"tasksLBL","value":"タスク"},{"id":null,"key":"tasksPerBlockDOC","value":"各ブロックに表示されるタスクの数"},{"id":null,"key":"tasksPerBlockLBL","value":"ブロックあたりのタスク数"},{"id":null,"key":"tasksPerPageDOC","value":"1 ページに表示するタスクの数を入力します。"},{"id":null,"key":"tasksPerPageLBL","value":"1 ページあたりのタスク数の設定"},{"id":null,"key":"teamsDOC","value":"チームの要約のリスト"},{"id":null,"key":"teamsLBL","value":"チーム"},{"id":null,"key":"titleDOC","value":"タイトル・バーに表示されるタイトル・ストリング"},{"id":null,"key":"titleLBL","value":"タイトル・ストリング"},{"id":null,"key":"topTableLabelDOC","value":"リストの上に表示されるラベルのテキストを入力します。"},{"id":null,"key":"topTableLabelLBL","value":"ヘッダー・ラベルの追加"},{"id":null,"key":"traversedPathDOC","value":"探索パスを示すために強調表示するリンク ID のリスト。 これが適用されるのは、「プロセス・インスタンス ID」オプションを使用する場合のみです。"},{"id":null,"key":"traversedPathLBL","value":"探索パス"},{"id":null,"key":"typeHereLBL","value":"ここに入力してください..."},{"id":null,"key":"useEventTriggeringFetchActionDOC","value":"タスクの取り出し要求をイベントに委任します。"},{"id":null,"key":"useEventTriggeringFetchActionLBL","value":"イベントを使用してタスクを取り出し"},{"id":null,"key":"workflowsLBL","value":"ワークフロー"},{"id":null,"key":"workplaceConfigDOC","value":"ワークプレースの動作を構成します"},{"id":null,"key":"workplaceConfigLBL","value":"ワークプレース構成"},{"id":null,"key":"workplaceUserSettingsDOC","value":"ユーザーが再ログインしたときに適用されるユーザー設定を保持するためのバインディング"},{"id":null,"key":"workplaceUserSettingsLBL","value":"ワークプレース・ユーザーの設定"},{"id":null,"key":"zoomFactorDOC","value":"プロセス・ダイアグラムのズーム・レベルの有効値は 1 から 10 までです。"},{"id":null,"key":"zoomFactorLBL","value":"ズーム・レベル"}]}