{"id":"50.c4d6cc83-a000-4ae2-b2f5-d35d89f9c6ba/2064.7814960a-7cfe-424d-92b5-d9ce2fbce18c","localeLanguage":"pt","localeCountry":"BR","localeVariant":"","localeDisplayName":"WPT","resourceBundleKey":[{"id":null,"key":"HistoryLBL","value":"Histórico"},{"id":null,"key":"activitiesDOC","value":"Uma lista de atividades"},{"id":null,"key":"activitiesLBL","value":"Atividades"},{"id":null,"key":"activitySummariesDOC","value":"A lista de resumos de atividade a ser exibida. Apenas será aplicável quando a opção de ID do Processo for usada."},{"id":null,"key":"activitySummariesLBL","value":"Resumos de Atividade"},{"id":null,"key":"addFilterLBL","value":"Incluir filtro"},{"id":null,"key":"alwaysShowDOC","value":"Sempre mostrar"},{"id":null,"key":"alwaysShowLBL","value":"Sempre mostrar"},{"id":null,"key":"availableActionsDOC","value":"A lista de ações disponíveis que o diagrama do processo ativará. Elas serão baseadas nas autorizações do usuário atual quando usadas dentro de um Painel."},{"id":null,"key":"availableActionsLBL","value":"Ações disponíveis"},{"id":null,"key":"blocksShowingOnloadDOC","value":"Número de blocos aparecendo no carregamento"},{"id":null,"key":"blocksShowingOnloadLBL","value":"Blocos aparecendo no carregamento"},{"id":null,"key":"bottomTableLabelDOC","value":"Insira o texto para o rótulo exibido sob a lista."},{"id":null,"key":"bottomTableLabelLBL","value":"Incluir rótulo de rodapé"},{"id":null,"key":"branchIdDOC","value":"O ID de ramificação de um processo específico (começa com 2063.xxx)."},{"id":null,"key":"branchIdLBL","value":"ID de Ramificação"},{"id":null,"key":"brandDOC","value":"O nome da marca a ser exibido na barra de título"},{"id":null,"key":"brandLBL","value":"Nome da Marca"},{"id":null,"key":"businessColumnsDOC","value":"A lista de possíveis colunas de negócios"},{"id":null,"key":"businessColumnsLBL","value":"Colunas de negócios"},{"id":null,"key":"caseScopeDOC","value":"Escolha quais instâncias de caso estão incluídas na sua lista, todas as instâncias que você está autorizado a ver ou apenas as instâncias que estiverem designadas diretamente a você."},{"id":null,"key":"caseScopeLBL","value":"Escopo do caso"},{"id":null,"key":"clearFilterLBL","value":"Limpar Filtro"},{"id":null,"key":"customPathDOC","value":"A lista de ProjectedPathLinkChange para o caminho customizado criado. Apenas será aplicável quando a opção de ID da Instância de Processo for usada."},{"id":null,"key":"customPathLBL","value":"Caminho Customizado"},{"id":null,"key":"disableActionsDOC","value":"As ações a serem desativadas"},{"id":null,"key":"disableActionsLBL","value":"Desativar ações"},{"id":null,"key":"disableCompleteTasksDOC","value":"Impeça que os usuários abram tarefas concluídas."},{"id":null,"key":"disableCompleteTasksLBL","value":"Desativar a abertura de tarefas concluídas"},{"id":null,"key":"disableFilterEventsDOC","value":"Desative a atualização automática da lista quando os filtros são atualizados."},{"id":null,"key":"disableFilterEventsLBL","value":"Desativar atualização automática"},{"id":null,"key":"disableFulltextSearchDOC","value":"Desativar a capacidade de procura de texto completa na barra de procura"},{"id":null,"key":"disableFulltextSearchLBL","value":"Desativar a procura de texto completa"},{"id":null,"key":"disableLeftClickActivityDetailsDOC","value":"Desativa o pop-up Detalhes da atividade que é exibido ao clicar em um nó."},{"id":null,"key":"disableLeftClickActivityDetailsLBL","value":"Desativar detalhes de atividade por clique esquerdo"},{"id":null,"key":"disableRetrieveServicesDOC","value":"Desativar serviços de recuperação (por exemplo, gerenciar equipe, criar fluxos de trabalho) no menu Ação."},{"id":null,"key":"disableRetrieveServicesLBL","value":"Desativar serviços de recuperação"},{"id":null,"key":"disableRightClickMenusDOC","value":"Desativa o pop-up Menu de contexto que é exibido ao clicar com o botão direito em um nó."},{"id":null,"key":"disableRightClickMenusLBL","value":"Desativar menu de contexto com clique direita"},{"id":null,"key":"documentsLBL","value":"Documentos"},{"id":null,"key":"embededViewDOC","value":"Oculta o botão Fechar para integração em outra visualização."},{"id":null,"key":"embededViewLBL","value":"Visualização integrada"},{"id":null,"key":"enableAddWorkflowDOC","value":"Mostre o botão Iniciar fluxo de trabalho."},{"id":null,"key":"enableAddWorkflowLBL","value":"Mostrar Iniciar fluxo de trabalho"},{"id":null,"key":"enableBatchModifyDOC","value":"Ative a modificação de várias tarefas selecionadas de uma só vez."},{"id":null,"key":"enableBatchModifyLBL","value":"Ativar modificação em lote"},{"id":null,"key":"enableHistoryNavDOC","value":"Mostre o caminho de navegação para a página atual no visualizador de tarefas."},{"id":null,"key":"enableHistoryNavLBL","value":"Mostrar a trilha de navegação"},{"id":null,"key":"enableInstanceDetailsDOC","value":"Mostrar a ação da instância de visualização em um menu overflow."},{"id":null,"key":"enableInstanceDetailsLBL","value":"Mostrar instância da visualização"},{"id":null,"key":"enableSavedSearchEditingDOC","value":"Ativar a criação e edição de procuras salvas."},{"id":null,"key":"enableSavedSearchEditingLBL","value":"Ativar procuras salvas"},{"id":null,"key":"enterDecimalLBL","value":"Insira um número decimal..."},{"id":null,"key":"enterNumberLBL","value":"Insira um número..."},{"id":null,"key":"eventONNavigationButtonClickedDOC","value":"No evento de item de navegação clicado"},{"id":null,"key":"eventONNavigationButtonClickedLBL","value":"No item de navegação clicado"},{"id":null,"key":"eventONPageSizeChangedDOC","value":"Acionado quando houver mudança do número de itens por página."},{"id":null,"key":"eventONPageSizeChangedLBL","value":"Em itens por página alterada"},{"id":null,"key":"eventONPageSwitchedDOC","value":"Acionado quando houver mudança do número de página."},{"id":null,"key":"eventONPageSwitchedLBL","value":"Em página alterada"},{"id":null,"key":"eventOnCardBlurDOC","value":"Acionado quando o cartão perde foco"},{"id":null,"key":"eventOnCardBlurLBL","value":"No desfoque do cartão"},{"id":null,"key":"eventOnCardFocusDOC","value":"Acionado quando o cartão ganha foco"},{"id":null,"key":"eventOnCardFocusLBL","value":"No foco do cartão"},{"id":null,"key":"eventOnChangeDOC","value":"No evento de mudança"},{"id":null,"key":"eventOnChangeLBL","value":"Na mudança"},{"id":null,"key":"eventOnExternalFetchDOC","value":"O método espera que setTasks() seja chamado com a nova lista de tarefas."},{"id":null,"key":"eventOnExternalFetchLBL","value":"Na busca externa"},{"id":null,"key":"eventOnFilterBtnClickedDOC","value":"Acionado quando um botão de filtro é clicado."},{"id":null,"key":"eventOnFilterBtnClickedLBL","value":"Ao clicar no botão de filtro"},{"id":null,"key":"eventOnHideDOC","value":"No evento de ocultação"},{"id":null,"key":"eventOnHideLBL","value":"Na ocultação"},{"id":null,"key":"eventOnInstanceLaunchedLBL","value":"Na instância ativada"},{"id":null,"key":"eventOnInstanceUIActionDOC","value":"No evento de ação de IU de instância"},{"id":null,"key":"eventOnInstanceUIActionLBL","value":"Na ação de IU de instância"},{"id":null,"key":"eventOnInstanceUIActivitySelectedDOC","value":"No evento de atividade de IU de instância selecionada"},{"id":null,"key":"eventOnInstanceUIActivitySelectedLBL","value":"Na atividade de IU de instância selecionada"},{"id":null,"key":"eventOnInstanceUIClosedDOC","value":"No evento de instância encerrada"},{"id":null,"key":"eventOnInstanceUIClosedLBL","value":"Na instância encerrada"},{"id":null,"key":"eventOnInstanceUICommentPostDOC","value":"No evento de post de comentário de IU de instância"},{"id":null,"key":"eventOnInstanceUICommentPostLBL","value":"No post de comentário de IU de instância"},{"id":null,"key":"eventOnInstanceUILaunchedDOC","value":"No evento de IU de instância ativada"},{"id":null,"key":"eventOnInstanceUILaunchedLBL","value":"Na IU de instância ativada"},{"id":null,"key":"eventOnInstanceUITabChangeDOC","value":"No evento de mudança de guia de IU de instância"},{"id":null,"key":"eventOnInstanceUITabChangeLBL","value":"Na mudança de guia de IU de instância"},{"id":null,"key":"eventOnLoadDOC","value":"Evento de onload"},{"id":null,"key":"eventOnLoadLBL","value":"No carregamento"},{"id":null,"key":"eventOnProcessLaunched","value":"No evento de processo ativado"},{"id":null,"key":"eventOnRefreshDOC","value":"No evento de atualização"},{"id":null,"key":"eventOnRefreshLBL","value":"Na atualização"},{"id":null,"key":"eventOnSearchLaunched","value":"No evento de procura ativada"},{"id":null,"key":"eventOnServiceClosedDOC","value":"No evento de serviço encerrado"},{"id":null,"key":"eventOnServiceClosedLBL","value":"No serviço encerrado"},{"id":null,"key":"eventOnServiceLaunched","value":"No evento de serviço ativado"},{"id":null,"key":"eventOnServiceOpenedDOC","value":"No evento de serviço aberto"},{"id":null,"key":"eventOnServiceOpenedLBL","value":"No serviço aberto"},{"id":null,"key":"eventOnShowDOC","value":"No evento de apresentação"},{"id":null,"key":"eventOnShowLBL","value":"Na apresentação"},{"id":null,"key":"eventOnTaskActionDOC","value":"No evento de ação de tarefa"},{"id":null,"key":"eventOnTaskActionLBL","value":"Na ação de tarefa"},{"id":null,"key":"eventOnTaskClosedDOC","value":"No evento de tarefa encerrada"},{"id":null,"key":"eventOnTaskClosedLBL","value":"Na tarefa encerrada"},{"id":null,"key":"eventOnTaskLaunchedDOC","value":"No evento de tarefa ativada"},{"id":null,"key":"eventOnTaskLaunchedLBL","value":"Na tarefa ativada"},{"id":null,"key":"eventOnTaskOpenedDOC","value":"No evento de tarefa aberta"},{"id":null,"key":"eventOnTaskOpenedLBL","value":"Na tarefa aberta"},{"id":null,"key":"eventOnVisibilityChangeDOC","value":"No evento de visibilidade"},{"id":null,"key":"eventOnVisibilityChangeLBL","value":"Na mudança de visibilidade"},{"id":null,"key":"filterByProjectDOC","value":"Insira o nome do projeto para filtrar a lista de instâncias somente para as instâncias desse projeto."},{"id":null,"key":"filterByProjectLBL","value":"Filtrar por projeto"},{"id":null,"key":"generalTaskSortingDOC","value":"Selecione a ligação para que a classificação da lista seja persistente."},{"id":null,"key":"hideActionsMenuDOC","value":"Desative o menu que dá acesso a mais ações para a tarefa."},{"id":null,"key":"hideActionsMenuLBL","value":"Desativar menu de ações"},{"id":null,"key":"hideCase","value":"Ocultar casos"},{"id":null,"key":"hideColumnSelectorDOC","value":"Oculte o seletor para que as colunas sejam exibidas na lista."},{"id":null,"key":"hideColumnSelectorLBL","value":"Ocultar seletor de coluna"},{"id":null,"key":"hideProcess","value":"Ocultar processos"},{"id":null,"key":"hideSearchBarDOC","value":"Oculte a barra de procura."},{"id":null,"key":"hideSearchBarLBL","value":"Ocultar barra de pesquisa"},{"id":null,"key":"hideService","value":"Ocultar serviços iniciáveis"},{"id":null,"key":"hideStatusColumnDOC","value":"Oculte a coluna de status da lista."},{"id":null,"key":"hideStatusColumnLBL","value":"Ocultar coluna de status"},{"id":null,"key":"instanceDOC","value":"InstanceData"},{"id":null,"key":"instanceFiltersDOC","value":"Selecione a ligação para que os filtros na lista de instâncias sejam persistentes."},{"id":null,"key":"instanceFiltersLBL","value":"Configurar filtros de instâncias persistentes"},{"id":null,"key":"instanceIdDOC","value":"O ID da instância de definição de processo de negócios. Essa opção tem prioridade sobre a opção ID do Processo."},{"id":null,"key":"instanceIdLBL","value":"ID da instância do processo"},{"id":null,"key":"instanceLBL","value":"Instância"},{"id":null,"key":"instanceListColumnWidthDOC","value":"Selecione a ligação para que as larguras da coluna na lista de instâncias sejam persistentes."},{"id":null,"key":"instanceListColumnWidthLBL","value":"Configurar larguras de coluna persistente"},{"id":null,"key":"instanceModeDOC","value":"Mostrar apenas as procuras relacionadas à instância"},{"id":null,"key":"instanceModeLBL","value":"Modo de instância"},{"id":null,"key":"instancesColumnsDOC","value":"Especifique as colunas a serem exibidas na lista de instâncias."},{"id":null,"key":"instancesColumnsLBL","value":"Customizar colunas de instância"},{"id":null,"key":"instancesEnableInstanceDetailsDOC","value":"Ative a capacidade de abrir uma instância de fluxo de trabalho."},{"id":null,"key":"instancesEnableInstanceDetailsLBL","value":"Permitir ativação da instância"},{"id":null,"key":"instancesPerPageDOC","value":"Insira o número de instâncias para mostrar por página."},{"id":null,"key":"instancesPerPageLBL","value":"Configurar instâncias por página"},{"id":null,"key":"instancesSortDOC","value":"Selecione a ligação para que a classificação da lista de instâncias seja persistente."},{"id":null,"key":"instancesSortLBL","value":"Configurar classificação de instâncias persistentes"},{"id":null,"key":"isTaskFilterServiceEnabledDOC","value":"Ative a Priorização de tarefa inteligente que classifica a lista, colocando as melhores tarefas para se trabalhar próximas da parte superior."},{"id":null,"key":"isTaskFilterServiceEnabledLBL","value":"Ativar priorização de tarefa"},{"id":null,"key":"itemLengthDOC","value":"Comprimento de uma lista de entrada."},{"id":null,"key":"itemLengthLBL","value":"Comprimento do item"},{"id":null,"key":"itemPerPageDOC","value":"Número de itens por página."},{"id":null,"key":"itemPerPageLBL","value":"Por página"},{"id":null,"key":"localizationServiceDOC","value":"Especifique o serviço usado para recuperar as sequências localizadas para uso com essa Visualização de Coach."},{"id":null,"key":"localizationServiceLBL","value":"Serviço de localização"},{"id":null,"key":"mandatoryColumnsDOC","value":"A lista de colunas obrigatórias"},{"id":null,"key":"mandatoryColumnsLBL","value":"Colunas obrigatórias"},{"id":null,"key":"maximumSearchSizeDOC","value":"Configure o número máximo de tarefas que são retornadas para uma procura."},{"id":null,"key":"maximumSearchSizeLBL","value":"Configurar limite de procura máximo"},{"id":null,"key":"numberOfTaskOptionDOC","value":"Lista do número de opções de tarefa disponíveis"},{"id":null,"key":"numberOfTaskOptionLBL","value":"Número de lista de tarefas"},{"id":null,"key":"placeholderDOC","value":"Item temporário para campos de entrada"},{"id":null,"key":"placeholderLBL","value":"Sinalizador de substituição"},{"id":null,"key":"processAppAcroDOC","value":"Insira um acrônimo de aplicativo para filtrar a lista a fim de mostrar apenas tarefas para esse aplicativo."},{"id":null,"key":"processAppAcroLBL","value":"Filtrar por aplicativos"},{"id":null,"key":"processIdDOC","value":"O ID da definição de processo de negócios do diagrama do processo a ser exibido. Um ID de Captura Instantânea, ID de Filial ou ID de Projeto é necessário."},{"id":null,"key":"processIdLBL","value":"ID do Processo"},{"id":null,"key":"processModeDOC","value":"Otimizar a visualização para exibir informações do processo"},{"id":null,"key":"processModeLBL","value":"Otimizar para processos"},{"id":null,"key":"projectIdDOC","value":"O ID do projeto de um processo específico (começa com 2066.xxx)."},{"id":null,"key":"projectIdLBL","value":"ID do Projeto"},{"id":null,"key":"projectedPathDOC","value":"A lista de IDs de atividade ao longo do caminho planejado a ser destacado. As atividades devem ser fornecidas na ordem do fluxo. Apenas será aplicável quando a opção de ID da Instância de Processo for usada."},{"id":null,"key":"projectedPathLBL","value":"Caminho Planejado"},{"id":null,"key":"recentInstanceSearchesDOC","value":"Selecione a ligação para persistir as procuras recentes na barra de procura."},{"id":null,"key":"recentInstanceSearchesLBL","value":"Configurar procuras contínuas"},{"id":null,"key":"recentTaskSearchesDOC","value":"Selecione a ligação para persistir as procuras recentes na barra de procura."},{"id":null,"key":"recentTaskSearchesLBL","value":"Configurar procuras persistentes"},{"id":null,"key":"recentWorkstreamLimit","value":"Quantos fluxos de trabalho você gostaria de mostrar para a lista"},{"id":null,"key":"removeFilterLBL","value":"Remover filtro"},{"id":null,"key":"requiredOwnershipCheckDOC","value":"Verifique se o usuário atual está autorizado a abrir a tarefa."},{"id":null,"key":"requiredOwnershipCheckLBL","value":"Verificar propriedade da tarefa"},{"id":null,"key":"responsiveModeDOC","value":"Selecione o tamanho da tela para visualizar a lista de tarefas."},{"id":null,"key":"responsiveModeLBL","value":"Configurar modo responsivo"},{"id":null,"key":"riskStateDOC","value":"Configure para o estado selecionado de uma atividade quando os resumos da atividade forem mostrados. Os valores válidos são OnTrack AtRisk e Overdue."},{"id":null,"key":"riskStateLBL","value":"Estado de Risco"},{"id":null,"key":"savedSearchInstanceFilterDOC","value":"Mostrar apenas filtros relacionados à instância."},{"id":null,"key":"savedSearchInstanceFilterLBL","value":"Filtro de instância"},{"id":null,"key":"savedSearchInstanceModeDOC","value":"Mostrar apenas filtros e colunas relacionados à instância."},{"id":null,"key":"savedSearchInstanceModeLBL","value":"Modo de instância"},{"id":null,"key":"savedSearchNameDOC","value":"Selecione a ligação para que as procuras salvas na lista de tarefas sejam persistentes"},{"id":null,"key":"savedSearchNameLBL","value":"Configurar procuras salvas persistentes"},{"id":null,"key":"scopeDOC","value":"Mostrar o filtro de pesquisa como um filtro de escopo."},{"id":null,"key":"scopeLBL","value":"Mostrar como filtro de escopo"},{"id":null,"key":"selectDateLBL","value":"Selecionar uma Data..."},{"id":null,"key":"selectValueLBL","value":"Selecionar valor"},{"id":null,"key":"showActivitySummariesDOC","value":"Controla se os resumos da atividade são mostrados. Apenas será aplicável quando a opção de ID do Processo for usada."},{"id":null,"key":"showActivitySummariesLBL","value":"Mostrar Resumos de Atividade"},{"id":null,"key":"showAllStatsDOC","value":"Mostrar todos os valores de estatísticas, incluindo valores nulos"},{"id":null,"key":"showAllStatsLBL","value":"Mostrar todos os valores"},{"id":null,"key":"showInstanceRefreshDOC","value":"Mostre o botão Atualizar, que pode ser usado para atualizar manualmente a lista de instâncias quando o servidor de notificação estiver indisponível."},{"id":null,"key":"showOnTaskClosedDOC","value":"Mostre o visualizador de tarefas quando a tarefa for encerrada."},{"id":null,"key":"showOnTaskClosedLBL","value":"Mostrar na tarefa encerrada"},{"id":null,"key":"showPageSizerDOC","value":"Mostrar o dimensionador da página."},{"id":null,"key":"showPageSizerLBL","value":"Mostrar dimensionador da página"},{"id":null,"key":"showPagerStatsDOC","value":"Mostrar as estatísticas da página."},{"id":null,"key":"showPagerStatsLBL","value":"Mostrar estatísticas da página"},{"id":null,"key":"showRefreshLBL","value":"Mostrar botão Atualizar"},{"id":null,"key":"showSavedSearchesDOC","value":"Mostrar uma lista suspensa de procuras salvas."},{"id":null,"key":"showSavedSearchesLBL","value":"Mostrar procuras salvas"},{"id":null,"key":"showSingleListDOC","value":"Mostrar todas as tarefas em uma única lista"},{"id":null,"key":"showSingleListLBL","value":"Mostrar lista única"},{"id":null,"key":"showSortByArrowDOC","value":"Mostre o seletor para classificar a lista de tarefas em ordem ascendente, descendente ou padrão."},{"id":null,"key":"showSortByArrowLBL","value":"Mostrar seletor de classificação de coluna"},{"id":null,"key":"showStatsDOC","value":"Mostre um resumo de estatísticas da tarefa."},{"id":null,"key":"showStatsLBL","value":"Mostrar estatísticas"},{"id":null,"key":"showTaskRefreshDOC","value":"Mostre o botão Atualizar, que pode ser usado para atualizar manualmente a lista de tarefas quando o servidor de notificação estiver indisponível."},{"id":null,"key":"showTotalOnlyDOC","value":"Mostrar apenas a contagem total de tarefas"},{"id":null,"key":"showTotalOnlyLBL","value":"Mostrar apenas o total"},{"id":null,"key":"skipClaimForTasksDOC","value":"Não mostre o modal de Solicitar tarefa. A tarefa é solicitada automaticamente ao abrir."},{"id":null,"key":"skipClaimForTasksLBL","value":"Desativar solicitação de tarefa"},{"id":null,"key":"skipNavDOC","value":"Não mostrar o diálogo de abertura de Cliente do caso em uma nova janela."},{"id":null,"key":"skipNavLBL","value":"Ignorar diálogo de confirmação"},{"id":null,"key":"snapshotIdDOC","value":"O ID da captura instantânea de um processo específico (começa com 2064.xxx)."},{"id":null,"key":"snapshotIdLBL","value":"ID de Captura Instantânea"},{"id":null,"key":"sortByDOC","value":"Especifique a coluna pela qual a lista é classificada inicialmente."},{"id":null,"key":"sortByLBL","value":"Classificar por coluna"},{"id":null,"key":"stepIdDOC","value":"Configure para a etapa da atividade selecionada quando os resumos da atividade forem mostrados."},{"id":null,"key":"stepIdLBL","value":"ID da Etapa"},{"id":null,"key":"systemColumnsDOC","value":"A lista de possíveis colunas intrínsecas"},{"id":null,"key":"systemColumnsLBL","value":"Colunas intrínsecas"},{"id":null,"key":"systemDataDOC","value":"Configure os dados do sistema que você deseja exibir no visualizador de tarefas."},{"id":null,"key":"systemDataLBL","value":"Customizar dados do sistema"},{"id":null,"key":"taskActionsDOC","value":"Especifique a lista de ações que podem ser executadas na tarefa."},{"id":null,"key":"taskActionsLBL","value":"Configurar ações de tarefa"},{"id":null,"key":"taskDOC","value":"Configure a tarefa que você deseja exibir no visualizador de tarefas."},{"id":null,"key":"taskFiltersDOC","value":"Selecione a ligação para que os filtros na lista de tarefas sejam persistentes."},{"id":null,"key":"taskFiltersLBL","value":"Configurar filtros persistentes"},{"id":null,"key":"taskLBL","value":"Configurar tarefa"},{"id":null,"key":"taskLaunchEventDOC","value":"Insira o nome do evento a ser disparado quando uma tarefa for aberta."},{"id":null,"key":"taskLaunchEventLBL","value":"Configurar evento quando as tarefas forem ativadas"},{"id":null,"key":"taskListColumnWidthDOC","value":"Selecione a ligação para que as larguras de coluna na lista de tarefas sejam persistentes."},{"id":null,"key":"taskListColumnWidthLBL","value":"Configurar larguras de coluna persistente"},{"id":null,"key":"taskListEnableInstanceDetailsDOC","value":"Ative a capacidade de abrir uma instância de tarefa."},{"id":null,"key":"taskListFavoritesLBL","value":"Favoritos"},{"id":null,"key":"taskListTaskSortingDOC","value":"Selecione a ligação para que a classificação da lista de tarefas seja persistente."},{"id":null,"key":"taskListTaskSortingLBL","value":"Configurar classificação persistente"},{"id":null,"key":"tasksColumnsDOC","value":"Especificar as colunas a serem exibidas na lista de tarefas."},{"id":null,"key":"tasksColumnsLBL","value":"Customizar colunas"},{"id":null,"key":"tasksDOC","value":"Lista de tarefas para exibir"},{"id":null,"key":"tasksLBL","value":"Tarefas"},{"id":null,"key":"tasksPerBlockDOC","value":"Número de tarefas aparecendo em cada bloco"},{"id":null,"key":"tasksPerBlockLBL","value":"Tarefas por bloco"},{"id":null,"key":"tasksPerPageDOC","value":"Insira o número de tarefas para mostrar por página."},{"id":null,"key":"tasksPerPageLBL","value":"Configurar tarefas por página"},{"id":null,"key":"teamsDOC","value":"Lista de resumos da equipe"},{"id":null,"key":"teamsLBL","value":"Equipes"},{"id":null,"key":"titleDOC","value":"A sequência de títulos a ser exibida na barra de título"},{"id":null,"key":"titleLBL","value":"Sequência de Títulos"},{"id":null,"key":"topTableLabelDOC","value":"Insira o texto para o rótulo exibido acima da lista."},{"id":null,"key":"topTableLabelLBL","value":"Incluir rótulo de cabeçalho"},{"id":null,"key":"traversedPathDOC","value":"A lista de IDs de link a serem destacados para mostrar o caminho atravessado. Apenas será aplicável quando a opção de ID da Instância de Processo for usada."},{"id":null,"key":"traversedPathLBL","value":"Caminho Atravessado"},{"id":null,"key":"typeHereLBL","value":"Digite aqui..."},{"id":null,"key":"useEventTriggeringFetchActionDOC","value":"Delegue a solicitação de buscar tarefas a um evento."},{"id":null,"key":"useEventTriggeringFetchActionLBL","value":"Usar evento para buscar tarefas"},{"id":null,"key":"workflowsLBL","value":"Fluxos de trabalho"},{"id":null,"key":"workplaceConfigDOC","value":"Configura o comportamento do local de trabalho"},{"id":null,"key":"workplaceConfigLBL","value":"Configuração do local de trabalho"},{"id":null,"key":"workplaceUserSettingsDOC","value":"Ligação para preservar as configurações do usuário que serão aplicadas quando o usuário efetuar login novamente"},{"id":null,"key":"workplaceUserSettingsLBL","value":"Configurações do usuário do local de trabalho"},{"id":null,"key":"zoomFactorDOC","value":"Os valores válidos para o nível de zoom do diagrama do processo são de 1 a 10."},{"id":null,"key":"zoomFactorLBL","value":"Nível de Zoom"}]}