{"id":"50.c4d6cc83-a000-4ae2-b2f5-d35d89f9c6ba/2064.7814960a-7cfe-424d-92b5-d9ce2fbce18c","localeLanguage":"da","localeCountry":"","localeVariant":"","localeDisplayName":"WPT","resourceBundleKey":[{"id":null,"key":"HistoryLBL","value":"Historik"},{"id":null,"key":"activitiesDOC","value":"En liste over aktiviteter"},{"id":null,"key":"activitiesLBL","value":"Aktiviteter"},{"id":null,"key":"activitySummariesDOC","value":"Listen over aktivitetsresuméer, der skal vises. Er kun relevant, når indstillingen Proces-id bruges."},{"id":null,"key":"activitySummariesLBL","value":"Aktivitetsresuméer"},{"id":null,"key":"addFilterLBL","value":"Tilføj filter"},{"id":null,"key":"alwaysShowDOC","value":"Vis altid"},{"id":null,"key":"alwaysShowLBL","value":"Vis altid"},{"id":null,"key":"availableActionsDOC","value":"Listen over tilgængelige handlinger, som procesdiagrammet aktiverer. De baseres på tilladelserne for den aktuelle bruger, når de bruges i et dashboard."},{"id":null,"key":"availableActionsLBL","value":"AvailableActions"},{"id":null,"key":"blocksShowingOnloadDOC","value":"Antal blokke, der vises ved indlæsning"},{"id":null,"key":"blocksShowingOnloadLBL","value":"Blokke, der vises ved indlæsning"},{"id":null,"key":"bottomTableLabelDOC","value":"Indtast teksten til den etiket, der vises under listen."},{"id":null,"key":"bottomTableLabelLBL","value":"Tilføj etiket til bundtekst"},{"id":null,"key":"branchIdDOC","value":"Gren-id for en bestemt proces (begynder med 2063.xxx)."},{"id":null,"key":"branchIdLBL","value":"Gren-id"},{"id":null,"key":"brandDOC","value":"Brand-navn, der skal vises på titellinjen"},{"id":null,"key":"brandLBL","value":"Brand-navn"},{"id":null,"key":"businessColumnsDOC","value":"Listen over mulige forretningskolonner"},{"id":null,"key":"businessColumnsLBL","value":"Forretningskolonner"},{"id":null,"key":"caseScopeDOC","value":"Vælg, hvilke sagsforekomster der er inkluderet på listen, enten alle de forekomster, du har autorisation til at få vist, eller kun de forekomster, der er tildelt direkte til dig."},{"id":null,"key":"caseScopeLBL","value":"Sagsomfang"},{"id":null,"key":"clearFilterLBL","value":"Ryd filter"},{"id":null,"key":"customPathDOC","value":"Listen med ProjectedPathLinkChange'er for den tilpassede sti, der er oprettet. Er kun relevant, når indstillingen Procesforekomst-id bruges."},{"id":null,"key":"customPathLBL","value":"Tilpasset sti"},{"id":null,"key":"disableActionsDOC","value":"De handlinger, der skal deaktiveres"},{"id":null,"key":"disableActionsLBL","value":"Deaktivér handlinger"},{"id":null,"key":"disableCompleteTasksDOC","value":"Sørg for, at brugere ikke kan åbne fuldførte opgaver."},{"id":null,"key":"disableCompleteTasksLBL","value":"Deaktivér åbning af fuldførte opgaver"},{"id":null,"key":"disableFilterEventsDOC","value":"Deaktivér automatisk opfriskning af listen, når filtrene opdateres."},{"id":null,"key":"disableFilterEventsLBL","value":"Deaktivér automatisk opfriskning"},{"id":null,"key":"disableFulltextSearchDOC","value":"Deaktivér hele tekstsøgningsevnen på søgelinjen"},{"id":null,"key":"disableFulltextSearchLBL","value":"Deaktivér fuld tekstsøgning"},{"id":null,"key":"disableLeftClickActivityDetailsDOC","value":"Deaktiverer pop op-vinduet Aktivitetsdetaljer, som åbnes, når du klikker på en node."},{"id":null,"key":"disableLeftClickActivityDetailsLBL","value":"Deaktivér aktivitetsdetaljer ved venstreklik"},{"id":null,"key":"disableRetrieveServicesDOC","value":"Deaktivér services til hentning (f.eks. administrér team, opret workstreams) til handlingsmenuen."},{"id":null,"key":"disableRetrieveServicesLBL","value":"Deaktivér services til hentning"},{"id":null,"key":"disableRightClickMenusDOC","value":"Deaktiverer pop op-vinduet med kontekstmenuen, som vises, når du højreklikker på en node."},{"id":null,"key":"disableRightClickMenusLBL","value":"Deaktivér kontekstmenu ved højreklik"},{"id":null,"key":"documentsLBL","value":"Dokumenter"},{"id":null,"key":"embededViewDOC","value":"Skjuler lukkeknappen til indlejring i en anden oversigt."},{"id":null,"key":"embededViewLBL","value":"Indlejret oversigt"},{"id":null,"key":"enableAddWorkflowDOC","value":"Vis knappen Start arbejdsgang."},{"id":null,"key":"enableAddWorkflowLBL","value":"Vis Start arbejdsgang"},{"id":null,"key":"enableBatchModifyDOC","value":"Aktivér ændringen af flere valgte opgaver på én gang."},{"id":null,"key":"enableBatchModifyLBL","value":"Aktivér batchrevidering"},{"id":null,"key":"enableHistoryNavDOC","value":"Vis navigationsstien til den aktuelle side i opgavefremviseren."},{"id":null,"key":"enableHistoryNavLBL","value":"Vis breadcrumb-sporet"},{"id":null,"key":"enableInstanceDetailsDOC","value":"Vis handlingen til Vis forekomst i overløbsmenuen."},{"id":null,"key":"enableInstanceDetailsLBL","value":"Vis oversigtsforekomst"},{"id":null,"key":"enableSavedSearchEditingDOC","value":"Aktivér oprettelse og redigering af gemte søgninger."},{"id":null,"key":"enableSavedSearchEditingLBL","value":"Aktivér gemte søgninger"},{"id":null,"key":"enterDecimalLBL","value":"Angiv et decimaltal..."},{"id":null,"key":"enterNumberLBL","value":"Angiv et tal..."},{"id":null,"key":"eventONNavigationButtonClickedDOC","value":"Ved klik på navigationselement-hændelse"},{"id":null,"key":"eventONNavigationButtonClickedLBL","value":"Ved klik på navigationselement"},{"id":null,"key":"eventONPageSizeChangedDOC","value":"Udløses, når antallet af elementer pr. side ændres."},{"id":null,"key":"eventONPageSizeChangedLBL","value":"Ved ændring af elementer pr. side"},{"id":null,"key":"eventONPageSwitchedDOC","value":"Udløses, når sidenummeret ændres."},{"id":null,"key":"eventONPageSwitchedLBL","value":"Ved siden er ændret"},{"id":null,"key":"eventOnCardBlurDOC","value":"Udløses, når fokus forsvinder fra kort"},{"id":null,"key":"eventOnCardBlurLBL","value":"Ved kortsløring"},{"id":null,"key":"eventOnCardFocusDOC","value":"Udløses ved fokus på kort"},{"id":null,"key":"eventOnCardFocusLBL","value":"Ved kortfokus"},{"id":null,"key":"eventOnChangeDOC","value":"Ved ændring af hændelse"},{"id":null,"key":"eventOnChangeLBL","value":"Ved ændring"},{"id":null,"key":"eventOnExternalFetchDOC","value":"Metoden forventer, at setTasks() kaldes med den nye opgaveliste."},{"id":null,"key":"eventOnExternalFetchLBL","value":"Ved ekstern hentning"},{"id":null,"key":"eventOnFilterBtnClickedDOC","value":"Udløses, når der klikkes på en filterknap."},{"id":null,"key":"eventOnFilterBtnClickedLBL","value":"Ved klik på filterknappen"},{"id":null,"key":"eventOnHideDOC","value":"Ved skjulning af hændelse"},{"id":null,"key":"eventOnHideLBL","value":"Ved skjulning"},{"id":null,"key":"eventOnInstanceLaunchedLBL","value":"Ved forekomst startet"},{"id":null,"key":"eventOnInstanceUIActionDOC","value":"Ved forekomst UI-handlingshændelse"},{"id":null,"key":"eventOnInstanceUIActionLBL","value":"Ved forekomst UI-handling"},{"id":null,"key":"eventOnInstanceUIActivitySelectedDOC","value":"Ved forekomst UI-aktivitet valgt-hændelse"},{"id":null,"key":"eventOnInstanceUIActivitySelectedLBL","value":"Ved forekomst UI-aktivitet valgt"},{"id":null,"key":"eventOnInstanceUIClosedDOC","value":"Ved forekomst lukket-hændelse"},{"id":null,"key":"eventOnInstanceUIClosedLBL","value":"Ved forekomst lukket"},{"id":null,"key":"eventOnInstanceUICommentPostDOC","value":"Ved forekomst UI-kommentarindlægshændelse"},{"id":null,"key":"eventOnInstanceUICommentPostLBL","value":"Ved forekomst UI-kommentarindlæg"},{"id":null,"key":"eventOnInstanceUILaunchedDOC","value":"Ved forekomst UI startet-hændelse"},{"id":null,"key":"eventOnInstanceUILaunchedLBL","value":"Ved forekomst UI startet"},{"id":null,"key":"eventOnInstanceUITabChangeDOC","value":"Ved forekomst UI-faneskifthændelse"},{"id":null,"key":"eventOnInstanceUITabChangeLBL","value":"Ved forekomst UI-faneskift"},{"id":null,"key":"eventOnLoadDOC","value":"Ved indlæsning af hændelse"},{"id":null,"key":"eventOnLoadLBL","value":"Ved indlæsning"},{"id":null,"key":"eventOnProcessLaunched","value":"Ved startet proces-hændelse"},{"id":null,"key":"eventOnRefreshDOC","value":"Ved opfriskning af hændelse"},{"id":null,"key":"eventOnRefreshLBL","value":"Ved opfriskning"},{"id":null,"key":"eventOnSearchLaunched","value":"Ved søgning startet-hændelse"},{"id":null,"key":"eventOnServiceClosedDOC","value":"Ved lukning af service-hændelse"},{"id":null,"key":"eventOnServiceClosedLBL","value":"Ved lukning af service"},{"id":null,"key":"eventOnServiceLaunched","value":"Ved startet service-hændelse"},{"id":null,"key":"eventOnServiceOpenedDOC","value":"Ved åbning af service-hændelse"},{"id":null,"key":"eventOnServiceOpenedLBL","value":"Ved åbning af service"},{"id":null,"key":"eventOnShowDOC","value":"Ved visning af hændelse"},{"id":null,"key":"eventOnShowLBL","value":"Ved visning"},{"id":null,"key":"eventOnTaskActionDOC","value":"Ved opgavehandling-hændelse"},{"id":null,"key":"eventOnTaskActionLBL","value":"Ved opgavehandling"},{"id":null,"key":"eventOnTaskClosedDOC","value":"Ved lukning af opgave-hændelse"},{"id":null,"key":"eventOnTaskClosedLBL","value":"Ved lukning af opgave"},{"id":null,"key":"eventOnTaskLaunchedDOC","value":"Ved startet opgave-hændelse"},{"id":null,"key":"eventOnTaskLaunchedLBL","value":"Ved startet opgave"},{"id":null,"key":"eventOnTaskOpenedDOC","value":"Ved åbning af opgave-hændelse"},{"id":null,"key":"eventOnTaskOpenedLBL","value":"Ved åbning af opgave"},{"id":null,"key":"eventOnVisibilityChangeDOC","value":"Ved synlighedshændelse"},{"id":null,"key":"eventOnVisibilityChangeLBL","value":"Ved ændring af synlighed"},{"id":null,"key":"filterByProjectDOC","value":"Angiv projektnavnet for at filtrere listen over forekomster, så kun forekomsterne til det pågældende projekt findes."},{"id":null,"key":"filterByProjectLBL","value":"Filtrér efter projekt"},{"id":null,"key":"generalTaskSortingDOC","value":"Vælg bindingen for at gøre sorteringen af listen permanent."},{"id":null,"key":"hideActionsMenuDOC","value":"Deaktivér den menu, der giver adgang til flere handlinger for opgaven."},{"id":null,"key":"hideActionsMenuLBL","value":"Deaktivér handlingsmenuen"},{"id":null,"key":"hideCase","value":"Skjul sager"},{"id":null,"key":"hideColumnSelectorDOC","value":"Skjul vælgeren for de kolonner, der skal vises på listen."},{"id":null,"key":"hideColumnSelectorLBL","value":"Skjul kolonnevælger"},{"id":null,"key":"hideProcess","value":"Skjul processer"},{"id":null,"key":"hideSearchBarDOC","value":"Skjul søgelinjen."},{"id":null,"key":"hideSearchBarLBL","value":"Skjul søgelinje"},{"id":null,"key":"hideService","value":"Skjul services, der kan startes"},{"id":null,"key":"hideStatusColumnDOC","value":"Skjul statuskolonnen fra listen."},{"id":null,"key":"hideStatusColumnLBL","value":"Skjul statuskolonne"},{"id":null,"key":"instanceDOC","value":"Forekomstdata"},{"id":null,"key":"instanceFiltersDOC","value":"Vælg bindingen for at gemme filtrene på listen over forekomster permanent."},{"id":null,"key":"instanceFiltersLBL","value":"Angiv permanente filtre"},{"id":null,"key":"instanceIdDOC","value":"Forekomst-id for forretningsprocesdefinitionen. Denne indstilling har forrang for indstillingen Proces-id."},{"id":null,"key":"instanceIdLBL","value":"Procesforekomst-id"},{"id":null,"key":"instanceLBL","value":"Forekomst"},{"id":null,"key":"instanceListColumnWidthDOC","value":"Vælg bindingen for at gemme kolonnebredderne på listen over forekomster permanent."},{"id":null,"key":"instanceListColumnWidthLBL","value":"Angiv permanente kolonnebredder"},{"id":null,"key":"instanceModeDOC","value":"Vis kun forekomstrelaterede søgninger"},{"id":null,"key":"instanceModeLBL","value":"Forekomsttilstand"},{"id":null,"key":"instancesColumnsDOC","value":"Angiv de kolonner, der skal vises i forekomstlisten."},{"id":null,"key":"instancesColumnsLBL","value":"Tilpas forekomstkolonner"},{"id":null,"key":"instancesEnableInstanceDetailsDOC","value":"Aktivér muligheden for at åbne en arbejdsgangsforekomst."},{"id":null,"key":"instancesEnableInstanceDetailsLBL","value":"Aktivér start af forekomst"},{"id":null,"key":"instancesPerPageDOC","value":"Angiv antallet af forekomster, der skal vises pr. side."},{"id":null,"key":"instancesPerPageLBL","value":"Angiv forekomster pr. side"},{"id":null,"key":"instancesSortDOC","value":"Vælg bindingen for at gøre sorteringen af forekomstlisten permanent."},{"id":null,"key":"instancesSortLBL","value":"Angiv permanent sortering af forekomster"},{"id":null,"key":"isTaskFilterServiceEnabledDOC","value":"Aktivér den intelligente opgaveprioritering, som sorterer listen og placerer de opgaver øverst, som er bedst at arbejde med."},{"id":null,"key":"isTaskFilterServiceEnabledLBL","value":"Aktivér opgaveprioritering"},{"id":null,"key":"itemLengthDOC","value":"Længden af en inputliste."},{"id":null,"key":"itemLengthLBL","value":"Elementlængde"},{"id":null,"key":"itemPerPageDOC","value":"Antal af elementer pr. side."},{"id":null,"key":"itemPerPageLBL","value":"Pr. side"},{"id":null,"key":"localizationServiceDOC","value":"Angiv den service, der skal hente de lokaliserede strenge, der skal bruges sammen med denne coachoversigt."},{"id":null,"key":"localizationServiceLBL","value":"Lokaliseringsservice"},{"id":null,"key":"mandatoryColumnsDOC","value":"Listen over obligatoriske kolonner"},{"id":null,"key":"mandatoryColumnsLBL","value":"Obligatoriske kolonner"},{"id":null,"key":"maximumSearchSizeDOC","value":"Angiv det maksimale antal opgaver, der returneres for en søgning."},{"id":null,"key":"maximumSearchSizeLBL","value":"Angiv maksimal søgegrænse"},{"id":null,"key":"numberOfTaskOptionDOC","value":"Liste med nummer på tilgængelige opgaveindstillinger"},{"id":null,"key":"numberOfTaskOptionLBL","value":"Opgavelistenummer"},{"id":null,"key":"placeholderDOC","value":"Pladsholder til inputfelter"},{"id":null,"key":"placeholderLBL","value":"Pladsholder"},{"id":null,"key":"processAppAcroDOC","value":"Angiv et app-akronym for at filtrere listen, så den kun viser opgaver for den pågældende app."},{"id":null,"key":"processAppAcroLBL","value":"Filtrér efter app"},{"id":null,"key":"processIdDOC","value":"Forretningsprocesdefinitions-id for det procesdiagram, der skal vises. Snapshot-id, gren-id eller projekt-id er påkrævet."},{"id":null,"key":"processIdLBL","value":"Proces-id"},{"id":null,"key":"processModeDOC","value":"Optimér oversigten til at få vist procesoplysninger"},{"id":null,"key":"processModeLBL","value":"Optimér til processer"},{"id":null,"key":"projectIdDOC","value":"Projekt-id'en for en bestemt proces (begynder med 2066.xxx)."},{"id":null,"key":"projectIdLBL","value":"Projekt-id"},{"id":null,"key":"projectedPathDOC","value":"Listen med aktivitets-id'er langs den projekterede sti, der skal fremhæves. Aktiviteterne skal angives i forløbsrækkefølge. Er kun relevant, når indstillingen Procesforekomst-id bruges."},{"id":null,"key":"projectedPathLBL","value":"Projekteret sti"},{"id":null,"key":"recentInstanceSearchesDOC","value":"Vælg bindingen for at gemme de seneste søgninger på søgelinjen permanent."},{"id":null,"key":"recentInstanceSearchesLBL","value":"Angiv permanente søgninger"},{"id":null,"key":"recentTaskSearchesDOC","value":"Vælg bindingen for at gemme de seneste søgninger på søgelinjen permanent."},{"id":null,"key":"recentTaskSearchesLBL","value":"Angiv permanente søgninger"},{"id":null,"key":"recentWorkstreamLimit","value":"Hvor mange workstreams vil du have vist for listen"},{"id":null,"key":"removeFilterLBL","value":"Fjern filter"},{"id":null,"key":"requiredOwnershipCheckDOC","value":"Kontrollér, om den aktuelle bruger er autoriseret til at åbne opgaven."},{"id":null,"key":"requiredOwnershipCheckLBL","value":"Kontrollér opgaveejerskab"},{"id":null,"key":"responsiveModeDOC","value":"Vælg skærmstørrelse til visning af opgavelisten."},{"id":null,"key":"responsiveModeLBL","value":"Angiv interaktiv tilstand"},{"id":null,"key":"riskStateDOC","value":"Angivet til den valgte tilstand for en aktivitet, når aktivitetsresuméerne vises. Gyldige værdier er OnTrack, AtRisk og Overdue."},{"id":null,"key":"riskStateLBL","value":"Risikotilstand"},{"id":null,"key":"savedSearchInstanceFilterDOC","value":"Vis kun forekomstrelaterede filtre."},{"id":null,"key":"savedSearchInstanceFilterLBL","value":"Forekomstfilter"},{"id":null,"key":"savedSearchInstanceModeDOC","value":"Vis kun forekomstrelaterede filtre og kolonner."},{"id":null,"key":"savedSearchInstanceModeLBL","value":"Forekomsttilstand"},{"id":null,"key":"savedSearchNameDOC","value":"Vælg bindingen for at gøre de gemte søgninger på opgavelisten permanente"},{"id":null,"key":"savedSearchNameLBL","value":"Angiv permanente gemte søgninger"},{"id":null,"key":"scopeDOC","value":"Vis søgefilteret som et omfangsfilter."},{"id":null,"key":"scopeLBL","value":"Vis som omfangsfilter"},{"id":null,"key":"selectDateLBL","value":"Vælg en dato..."},{"id":null,"key":"selectValueLBL","value":"Vælg værdi"},{"id":null,"key":"showActivitySummariesDOC","value":"Kontrollerer om aktivitetsresuméerne vises. Er kun relevant, når indstillingen Proces-id bruges."},{"id":null,"key":"showActivitySummariesLBL","value":"Vis aktivitetsresuméer"},{"id":null,"key":"showAllStatsDOC","value":"Vis alle statistikværdier inklusive værdier, der er null"},{"id":null,"key":"showAllStatsLBL","value":"Vis alle værdier"},{"id":null,"key":"showInstanceRefreshDOC","value":"Vis knappen Opfrisk, som du kan bruge til manuelt at opfriske listen over forekomster, når notifikationsserveren ikke er tilgængelig."},{"id":null,"key":"showOnTaskClosedDOC","value":"Vis opgavefremviseren, når opgaven lukkes."},{"id":null,"key":"showOnTaskClosedLBL","value":"Vis ved opgave lukket"},{"id":null,"key":"showPageSizerDOC","value":"Vis sidetilpasningen."},{"id":null,"key":"showPageSizerLBL","value":"Vis sidetilpasning"},{"id":null,"key":"showPagerStatsDOC","value":"Vis sidestatistikken."},{"id":null,"key":"showPagerStatsLBL","value":"Vis sidestatistik"},{"id":null,"key":"showRefreshLBL","value":"Vis knappen Opfrisk"},{"id":null,"key":"showSavedSearchesDOC","value":"Vis en rulleliste over gemte søgninger."},{"id":null,"key":"showSavedSearchesLBL","value":"Vis gemte søgninger"},{"id":null,"key":"showSingleListDOC","value":"Vis alle opgaver på en enkelt liste"},{"id":null,"key":"showSingleListLBL","value":"Vis enkelt liste"},{"id":null,"key":"showSortByArrowDOC","value":"Vis vælgeren til sortering af opgavelisten i stigende eller faldende rækkefølge eller standardrækkefølge."},{"id":null,"key":"showSortByArrowLBL","value":"Vis kolonnesorteringsvælger"},{"id":null,"key":"showStatsDOC","value":"Vis en oversigt over opgavestatistik."},{"id":null,"key":"showStatsLBL","value":"Vis statistik"},{"id":null,"key":"showTaskRefreshDOC","value":"Vis knappen Opfrisk, som du kan bruge til manuelt at opfriske opgavelisten, når notifikationsserveren ikke er tilgængelig."},{"id":null,"key":"showTotalOnlyDOC","value":"Vis kun det totale antal opgaver"},{"id":null,"key":"showTotalOnlyLBL","value":"Vis kun total"},{"id":null,"key":"skipClaimForTasksDOC","value":"Vis ikke Overtag opgave-modal. Opgaven accepteres og overtages automatisk, når den åbnes."},{"id":null,"key":"skipClaimForTasksLBL","value":"Deaktivér overtagelse af opgaver"},{"id":null,"key":"skipNavDOC","value":"Vis ikke dialogboksen til åbning af Case Client i et nyt vindue."},{"id":null,"key":"skipNavLBL","value":"Spring bekræftelsesdialogboks over"},{"id":null,"key":"snapshotIdDOC","value":"Snapshot-id for en bestemt proces (begynder med 2064.xxx)."},{"id":null,"key":"snapshotIdLBL","value":"Snapshot-id"},{"id":null,"key":"sortByDOC","value":"Angiv den kolonne, som listen først skal sorteres efter."},{"id":null,"key":"sortByLBL","value":"Sortér efter kolonne"},{"id":null,"key":"stepIdDOC","value":"Angivet til det valgte aktivitetstrin, når aktivitetsresuméerne vises."},{"id":null,"key":"stepIdLBL","value":"Trin-id"},{"id":null,"key":"systemColumnsDOC","value":"Listen over mulige indbyggede kolonner"},{"id":null,"key":"systemColumnsLBL","value":"Indbyggede kolonner"},{"id":null,"key":"systemDataDOC","value":"Angiv de systemdata, du vil have vist i opgavefremviseren."},{"id":null,"key":"systemDataLBL","value":"Tilpas systemdata"},{"id":null,"key":"taskActionsDOC","value":"Angiv listen over handlinger, der kan udføres på opgaven."},{"id":null,"key":"taskActionsLBL","value":"Angiv opgavehandlinger"},{"id":null,"key":"taskDOC","value":"Angiv den opgave, du vil have vist i opgavefremviseren."},{"id":null,"key":"taskFiltersDOC","value":"Vælg bindingen for at gemme filtrene permanent på opgavelisten."},{"id":null,"key":"taskFiltersLBL","value":"Angiv permanente filtre"},{"id":null,"key":"taskLBL","value":"Angiv opgave"},{"id":null,"key":"taskLaunchEventDOC","value":"Angiv navnet på den hændelse, der skal starte, når en opgave åbnes."},{"id":null,"key":"taskLaunchEventLBL","value":"Angiv hændelse, når opgaver startes"},{"id":null,"key":"taskListColumnWidthDOC","value":"Vælg bindingen for at gemme kolonnebredderne på opgavelisten permanent."},{"id":null,"key":"taskListColumnWidthLBL","value":"Angiv permanente kolonnebredder"},{"id":null,"key":"taskListEnableInstanceDetailsDOC","value":"Aktivér muligheden for at åbe en opgaveforekomst."},{"id":null,"key":"taskListFavoritesLBL","value":"Favoritter"},{"id":null,"key":"taskListTaskSortingDOC","value":"Vælg bindingen for at gøre sorteringen af opgavelisten permanent."},{"id":null,"key":"taskListTaskSortingLBL","value":"Angiv permanent sortering"},{"id":null,"key":"tasksColumnsDOC","value":"Angiv de kolonner, der skal vises på opgavelisten."},{"id":null,"key":"tasksColumnsLBL","value":"Tilpas kolonner"},{"id":null,"key":"tasksDOC","value":"Liste over opgaver, der skal vises"},{"id":null,"key":"tasksLBL","value":"Opgaver"},{"id":null,"key":"tasksPerBlockDOC","value":"Antal opgaver, der vises i hver blok"},{"id":null,"key":"tasksPerBlockLBL","value":"Opgaver pr. blok"},{"id":null,"key":"tasksPerPageDOC","value":"Angiv antallet af opgaver, der skal vises pr. side."},{"id":null,"key":"tasksPerPageLBL","value":"Angiv opgaver pr. side"},{"id":null,"key":"teamsDOC","value":"Liste over teamresuméer"},{"id":null,"key":"teamsLBL","value":"Teams"},{"id":null,"key":"titleDOC","value":"Titelstreng, der skal vises på titellinjen"},{"id":null,"key":"titleLBL","value":"Titelstreng"},{"id":null,"key":"topTableLabelDOC","value":"Skriv teksten til den etiket, der vises over listen."},{"id":null,"key":"topTableLabelLBL","value":"Tilføj etiket til toptekst"},{"id":null,"key":"traversedPathDOC","value":"Listen med link-id'er, der skal fremhæves for at vise den sti, der er gennemløbet. Er kun relevant, når indstillingen Procesforekomst-id bruges."},{"id":null,"key":"traversedPathLBL","value":"Gennemløbet sti"},{"id":null,"key":"typeHereLBL","value":"Skriv her..."},{"id":null,"key":"useEventTriggeringFetchActionDOC","value":"Overdrag anmodning om hentning af opgaver til en hændelse."},{"id":null,"key":"useEventTriggeringFetchActionLBL","value":"Brug hændelse til at hente opgaver"},{"id":null,"key":"workflowsLBL","value":"Arbejdsgange"},{"id":null,"key":"workplaceConfigDOC","value":"Konfigurer workplace-adfærd"},{"id":null,"key":"workplaceConfigLBL","value":"Konfiguration af workplace"},{"id":null,"key":"workplaceUserSettingsDOC","value":"Binding til at bevare brugerindstillinger, der skal anvendes, når brugeren logger på igen"},{"id":null,"key":"workplaceUserSettingsLBL","value":"Workplace-brugerindstillinger"},{"id":null,"key":"zoomFactorDOC","value":"Gyldige værdier for procesdiagrammets zoomniveau er 1 til og med 10."},{"id":null,"key":"zoomFactorLBL","value":"Zoomniveau"}]}