{"id":"50.c4d6cc83-a000-4ae2-b2f5-d35d89f9c6ba/2064.7814960a-7cfe-424d-92b5-d9ce2fbce18c","localeLanguage":"nb","localeCountry":"","localeVariant":"","localeDisplayName":"WPT","resourceBundleKey":[{"id":null,"key":"HistoryLBL","value":"Historikk"},{"id":null,"key":"activitiesDOC","value":"En liste over aktiviteter"},{"id":null,"key":"activitiesLBL","value":"Aktiviteter"},{"id":null,"key":"activitySummariesDOC","value":"Listen over aktivitetssammendrag som skal vises. Dette gjelder bare når alternativet Prosess-ID er brukt."},{"id":null,"key":"activitySummariesLBL","value":"Aktivitetssammendrag"},{"id":null,"key":"addFilterLBL","value":"Legg til filter"},{"id":null,"key":"alwaysShowDOC","value":"Vis alltid"},{"id":null,"key":"alwaysShowLBL","value":"Vis alltid"},{"id":null,"key":"availableActionsDOC","value":"Listen over tilgjengelige handlinger som prosessdiagrammet vil aktivere. Disse er basert på autorisasjonene for den gjeldende brukeren når de brukes på et dashbord."},{"id":null,"key":"availableActionsLBL","value":"AvailableActions"},{"id":null,"key":"blocksShowingOnloadDOC","value":"Antall blokker som vises ved innlastning"},{"id":null,"key":"blocksShowingOnloadLBL","value":"Blokker som vises ved innlasting"},{"id":null,"key":"bottomTableLabelDOC","value":"Skriv inn teksten for etiketten som vises under listen."},{"id":null,"key":"bottomTableLabelLBL","value":"Legg til bunntekstetikett"},{"id":null,"key":"branchIdDOC","value":"Gren-ID for en bestemt prosess (begynner med 2063.xxx)."},{"id":null,"key":"branchIdLBL","value":"Gren-ID"},{"id":null,"key":"brandDOC","value":"Merkevarenavn som skal vises på tittellinjen"},{"id":null,"key":"brandLBL","value":"Merkevarenavn"},{"id":null,"key":"businessColumnsDOC","value":"Listen over mulige forretningskolonner"},{"id":null,"key":"businessColumnsLBL","value":"Forretningskolonner"},{"id":null,"key":"caseScopeDOC","value":"Velg hvilke saksforekomster som er inkludert på listen din, enten alle forekomstene du er autorisert for å se, eller bare forekomstene som er direkte tildelt deg."},{"id":null,"key":"caseScopeLBL","value":"Saksomfang"},{"id":null,"key":"clearFilterLBL","value":"Fjern filter"},{"id":null,"key":"customPathDOC","value":"ProjectedPathLinkChange-listen for den tilpassede banen som er opprettet. Dette gjelder bare når alternativet Prosessforekomst-ID er brukt."},{"id":null,"key":"customPathLBL","value":"Tilpasset bane"},{"id":null,"key":"disableActionsDOC","value":"Handlingene som skal deaktiveres"},{"id":null,"key":"disableActionsLBL","value":"Deaktiver handlinger"},{"id":null,"key":"disableCompleteTasksDOC","value":"Hindre brukere i å åpne fullførte oppgaver."},{"id":null,"key":"disableCompleteTasksLBL","value":"Deaktiver åpning av fullførte oppgaver"},{"id":null,"key":"disableFilterEventsDOC","value":"Deaktiver automatisk oppdatering av listen når filtre blir oppdatert."},{"id":null,"key":"disableFilterEventsLBL","value":"Deaktiver automatisk oppdatering"},{"id":null,"key":"disableFulltextSearchDOC","value":"Deaktiver funksjonen for fulltekstsøk på søkelinjen"},{"id":null,"key":"disableFulltextSearchLBL","value":"Deaktiver fulltekstsøk"},{"id":null,"key":"disableLeftClickActivityDetailsDOC","value":"Deaktiverer aktivitetsdetaljvinduet som blir vist når du klikker på en node."},{"id":null,"key":"disableLeftClickActivityDetailsLBL","value":"Deaktiver venstre aktivitetsdetaljer for klikk"},{"id":null,"key":"disableRetrieveServicesDOC","value":"Deaktivere hentetjenester (f.eks. administrer team, opprett arbeidsstrømmer) til handlingsmenyen."},{"id":null,"key":"disableRetrieveServicesLBL","value":"Deaktiver hentetjenester"},{"id":null,"key":"disableRightClickMenusDOC","value":"Deaktiverer hurtigmenyen som blir vist når du høyreklikker på en node."},{"id":null,"key":"disableRightClickMenusLBL","value":"Deaktiver hurtigmeny ved høyreklikk"},{"id":null,"key":"documentsLBL","value":"Dokumenter"},{"id":null,"key":"embededViewDOC","value":"Skjuler lukkeknappen for innfelling i en annen visning."},{"id":null,"key":"embededViewLBL","value":"Innfelt visning"},{"id":null,"key":"enableAddWorkflowDOC","value":"Vis knappen Start arbeidsflyt."},{"id":null,"key":"enableAddWorkflowLBL","value":"Vis Start arbeidsflyt"},{"id":null,"key":"enableBatchModifyDOC","value":"Aktiver endring av flere valgte oppgaver samtidig."},{"id":null,"key":"enableBatchModifyLBL","value":"Aktiver satsvis endring"},{"id":null,"key":"enableHistoryNavDOC","value":"Vis navigeringsbanen til den gjeldende siden i oppgaveviseren."},{"id":null,"key":"enableHistoryNavLBL","value":"Vis brødsmulesti"},{"id":null,"key":"enableInstanceDetailsDOC","value":"Vis handlingen for visningsforekomst i overflytmenyen."},{"id":null,"key":"enableInstanceDetailsLBL","value":"Vis visningsforekomst"},{"id":null,"key":"enableSavedSearchEditingDOC","value":"Aktiver opprettelse og redigering av lagrede søk."},{"id":null,"key":"enableSavedSearchEditingLBL","value":"Aktiver lagrede søk"},{"id":null,"key":"enterDecimalLBL","value":"Oppgi et desimaltall..."},{"id":null,"key":"enterNumberLBL","value":"Oppgi et tall..."},{"id":null,"key":"eventONNavigationButtonClickedDOC","value":"Hendelsen Ved navigasjonselementklikk"},{"id":null,"key":"eventONNavigationButtonClickedLBL","value":"Ved navigasjonselementklikk"},{"id":null,"key":"eventONPageSizeChangedDOC","value":"Utløses når antall elementer per side endres."},{"id":null,"key":"eventONPageSizeChangedLBL","value":"Ved elementer per side endret"},{"id":null,"key":"eventONPageSwitchedDOC","value":"Utløses når sidetallet endres."},{"id":null,"key":"eventONPageSwitchedLBL","value":"Ved side endret"},{"id":null,"key":"eventOnCardBlurDOC","value":"Utløses når kortet mister fokus"},{"id":null,"key":"eventOnCardBlurLBL","value":"Ved kortsløring"},{"id":null,"key":"eventOnCardFocusDOC","value":"Utløses når kortet får fokus"},{"id":null,"key":"eventOnCardFocusLBL","value":"Ved kortfokus"},{"id":null,"key":"eventOnChangeDOC","value":"Hendelsen Ved endring"},{"id":null,"key":"eventOnChangeLBL","value":"Ved endring"},{"id":null,"key":"eventOnExternalFetchDOC","value":"Metoden forventer at setTasks() blir kalt med den nye oppgavelisten."},{"id":null,"key":"eventOnExternalFetchLBL","value":"Ved ekstern henting"},{"id":null,"key":"eventOnFilterBtnClickedDOC","value":"Utløses når det blir klikket på en filterknapp."},{"id":null,"key":"eventOnFilterBtnClickedLBL","value":"Ved filterknappeklikk"},{"id":null,"key":"eventOnHideDOC","value":"Hendelsen Ved skjuling"},{"id":null,"key":"eventOnHideLBL","value":"Ved skjuling"},{"id":null,"key":"eventOnInstanceLaunchedLBL","value":"Ved forekomst startet"},{"id":null,"key":"eventOnInstanceUIActionDOC","value":"Hendelsen Ved forekomst-UI-handling"},{"id":null,"key":"eventOnInstanceUIActionLBL","value":"Ved forekomst-UI-handling"},{"id":null,"key":"eventOnInstanceUIActivitySelectedDOC","value":"Hendelsen Ved forekomst-UI-aktivitet valgt"},{"id":null,"key":"eventOnInstanceUIActivitySelectedLBL","value":"Ved forekomst-UI-aktivitet valgt"},{"id":null,"key":"eventOnInstanceUIClosedDOC","value":"Hendelsen Ved forekomst lukket"},{"id":null,"key":"eventOnInstanceUIClosedLBL","value":"Ved forekomst lukket"},{"id":null,"key":"eventOnInstanceUICommentPostDOC","value":"Hendelsen Ved kommentarinnlegg for forekomst-UI"},{"id":null,"key":"eventOnInstanceUICommentPostLBL","value":"Ved kommentarinnlegg for forekomst-UI"},{"id":null,"key":"eventOnInstanceUILaunchedDOC","value":"Hendelsen Ved forekomst-UI startet"},{"id":null,"key":"eventOnInstanceUILaunchedLBL","value":"Ved forekomst-UI startet"},{"id":null,"key":"eventOnInstanceUITabChangeDOC","value":"Hendelsen Ved flippendring for forekomst-UI"},{"id":null,"key":"eventOnInstanceUITabChangeLBL","value":"Ved flippendring for forekomst-UI"},{"id":null,"key":"eventOnLoadDOC","value":"Hendelsen Ved innlasting"},{"id":null,"key":"eventOnLoadLBL","value":"Ved innlasting"},{"id":null,"key":"eventOnProcessLaunched","value":"Hendelsen Ved prosess startet"},{"id":null,"key":"eventOnRefreshDOC","value":"Hendelsen Ved oppdatering"},{"id":null,"key":"eventOnRefreshLBL","value":"Ved oppdatering"},{"id":null,"key":"eventOnSearchLaunched","value":"Hendelsen Ved søk startet"},{"id":null,"key":"eventOnServiceClosedDOC","value":"Hendelsen Ved tjeneste lukket"},{"id":null,"key":"eventOnServiceClosedLBL","value":"Ved tjeneste lukket"},{"id":null,"key":"eventOnServiceLaunched","value":"Hendelsen Ved tjeneste startet"},{"id":null,"key":"eventOnServiceOpenedDOC","value":"Hendelsen Ved tjeneste åpnet"},{"id":null,"key":"eventOnServiceOpenedLBL","value":"Ved tjeneste åpnet"},{"id":null,"key":"eventOnShowDOC","value":"Hendelsen Ved visning"},{"id":null,"key":"eventOnShowLBL","value":"Ved visning"},{"id":null,"key":"eventOnTaskActionDOC","value":"Hendelsen Ved oppgavehandling"},{"id":null,"key":"eventOnTaskActionLBL","value":"Ved oppgavehandling"},{"id":null,"key":"eventOnTaskClosedDOC","value":"Hendelsen Ved oppgave lukket"},{"id":null,"key":"eventOnTaskClosedLBL","value":"Ved oppgave lukket"},{"id":null,"key":"eventOnTaskLaunchedDOC","value":"Hendelsen Ved oppgave startet"},{"id":null,"key":"eventOnTaskLaunchedLBL","value":"Ved oppgave startet"},{"id":null,"key":"eventOnTaskOpenedDOC","value":"Hendelsen Ved oppgave åpnet"},{"id":null,"key":"eventOnTaskOpenedLBL","value":"Ved oppgave åpnet"},{"id":null,"key":"eventOnVisibilityChangeDOC","value":"Hendelsen Ved synlighetsendring"},{"id":null,"key":"eventOnVisibilityChangeLBL","value":"Ved synlighetsendring"},{"id":null,"key":"filterByProjectDOC","value":"Oppgi prosjektnavnet for å filtrere forekomstlisten til bare forekomstene for det prosjektet."},{"id":null,"key":"filterByProjectLBL","value":"Filtrer etter prosjekt"},{"id":null,"key":"generalTaskSortingDOC","value":"Velg bindingen for å bevare sorteringen av listen."},{"id":null,"key":"hideActionsMenuDOC","value":"Deaktiver menyen som gir tilgang til flere handlinger for oppgaven."},{"id":null,"key":"hideActionsMenuLBL","value":"Deaktiver handlingsmeny"},{"id":null,"key":"hideCase","value":"Skjul saker"},{"id":null,"key":"hideColumnSelectorDOC","value":"Skjul velgeren for kolonnene som skal vises på listen."},{"id":null,"key":"hideColumnSelectorLBL","value":"Skjul kolonnevelger"},{"id":null,"key":"hideProcess","value":"Skjul prosesser"},{"id":null,"key":"hideSearchBarDOC","value":"Skjul søkefeltet."},{"id":null,"key":"hideSearchBarLBL","value":"Skjul søkefelt"},{"id":null,"key":"hideService","value":"Skjul tjenester som kan startes"},{"id":null,"key":"hideStatusColumnDOC","value":"Skjul statuskolonnen fra listen."},{"id":null,"key":"hideStatusColumnLBL","value":"Skjul statuskolonne"},{"id":null,"key":"instanceDOC","value":"Forekomstdata"},{"id":null,"key":"instanceFiltersDOC","value":"Velg bindingen for å beholde filtrene på forekomstlisten."},{"id":null,"key":"instanceFiltersLBL","value":"Angi faste filtre"},{"id":null,"key":"instanceIdDOC","value":"Forekomst-ID for forretningsprosessdefinisjonen. Dette alternativet har høyere prioritet enn alternativet Prosess-ID."},{"id":null,"key":"instanceIdLBL","value":"Prosessforekomst-ID"},{"id":null,"key":"instanceLBL","value":"Forekomst"},{"id":null,"key":"instanceListColumnWidthDOC","value":"Velg bindingen for å beholde kolonnebreddene på forekomstlisten."},{"id":null,"key":"instanceListColumnWidthLBL","value":"Angi faste kolonnebredder"},{"id":null,"key":"instanceModeDOC","value":"Vis bare forekomstrelaterte søk"},{"id":null,"key":"instanceModeLBL","value":"Forekomstmodus"},{"id":null,"key":"instancesColumnsDOC","value":"Oppgi kolonnene som skal vises på forekomstlisten."},{"id":null,"key":"instancesColumnsLBL","value":"Tilpass forekomstkolonner"},{"id":null,"key":"instancesEnableInstanceDetailsDOC","value":"Aktiver muligheten for å åpne en arbeidsflytforekomst."},{"id":null,"key":"instancesEnableInstanceDetailsLBL","value":"Aktiver start av forekomst"},{"id":null,"key":"instancesPerPageDOC","value":"Oppgi hvor mange forekomster som skal vises per side."},{"id":null,"key":"instancesPerPageLBL","value":"Angi forekomster per side"},{"id":null,"key":"instancesSortDOC","value":"Velg bindingen for å bevare sorteringen av forekomstlisten."},{"id":null,"key":"instancesSortLBL","value":"Angi fast forekomstsortering"},{"id":null,"key":"isTaskFilterServiceEnabledDOC","value":"Aktiver intelligent oppgaveprioritering som sorterer listen, og plasserer de beste oppgavene for å arbeide videre med først, øverst."},{"id":null,"key":"isTaskFilterServiceEnabledLBL","value":"Aktiver oppgaveprioritering"},{"id":null,"key":"itemLengthDOC","value":"Lengde på en inndataliste."},{"id":null,"key":"itemLengthLBL","value":"Elementlengde"},{"id":null,"key":"itemPerPageDOC","value":"Antall elementer per side."},{"id":null,"key":"itemPerPageLBL","value":"Per side"},{"id":null,"key":"localizationServiceDOC","value":"Oppgi tjenesten som brukes til å hente de lokaliserte strengene for bruk sammen med denne coach-visningen."},{"id":null,"key":"localizationServiceLBL","value":"Lokaliseringstjeneste"},{"id":null,"key":"mandatoryColumnsDOC","value":"Listen over obligatoriske kolonner"},{"id":null,"key":"mandatoryColumnsLBL","value":"Obligatoriske kolonner"},{"id":null,"key":"maximumSearchSizeDOC","value":"Definer maksimalt antall oppgaver som kan returneres for et søk."},{"id":null,"key":"maximumSearchSizeLBL","value":"Definer maksimal søkegrense"},{"id":null,"key":"numberOfTaskOptionDOC","value":"Liste over antall oppgavealternativer som er tilgjengelige"},{"id":null,"key":"numberOfTaskOptionLBL","value":"Liste over antall oppgaver"},{"id":null,"key":"placeholderDOC","value":"Plassholder for inndatafelt"},{"id":null,"key":"placeholderLBL","value":"Plassholder"},{"id":null,"key":"processAppAcroDOC","value":"Skriv inn et app-akronym for å filtrere listen slik at den bare viser oppgaver for den appen."},{"id":null,"key":"processAppAcroLBL","value":"Filtrer etter app"},{"id":null,"key":"processIdDOC","value":"ID for forretningsprosessdefinisjonen for prosessdiagrammet som skal vises. Det kreves en snapshot-ID, gren-ID eller prosjekt-ID."},{"id":null,"key":"processIdLBL","value":"Prosess-ID"},{"id":null,"key":"processModeDOC","value":"Optimaliser visningen for å vise prosessinformasjon"},{"id":null,"key":"processModeLBL","value":"Optimaliser for prosesser"},{"id":null,"key":"projectIdDOC","value":"Prosjekt-ID for en bestemt prosess (begynner med 2066.xxx)."},{"id":null,"key":"projectIdLBL","value":"Prosjekt-ID"},{"id":null,"key":"projectedPathDOC","value":"Listen over aktivitets-IDer som skal utheves langs den anslåtte banen. Aktivitetene må angis i flytrekkefølge. Dette gjelder bare når alternativet Prosessforekomst-ID er brukt."},{"id":null,"key":"projectedPathLBL","value":"Anslått bane"},{"id":null,"key":"recentInstanceSearchesDOC","value":"Velg bindingen for å beholde de nyeste søkene i søkefeltet."},{"id":null,"key":"recentInstanceSearchesLBL","value":"Angi faste søk"},{"id":null,"key":"recentTaskSearchesDOC","value":"Velg bindingen for å beholde de nyeste søkene i søkefeltet."},{"id":null,"key":"recentTaskSearchesLBL","value":"Angi faste søk"},{"id":null,"key":"recentWorkstreamLimit","value":"Hvor mange arbeidsstrømmer vil du vise for listen"},{"id":null,"key":"removeFilterLBL","value":"Fjern filter"},{"id":null,"key":"requiredOwnershipCheckDOC","value":"Kontroller om den gjeldende brukeren er autorisert for å åpne oppgaven."},{"id":null,"key":"requiredOwnershipCheckLBL","value":"Kontroller eierskap for oppgave"},{"id":null,"key":"responsiveModeDOC","value":"Velg skjermstørrelsen for visning av oppgavelisten."},{"id":null,"key":"responsiveModeLBL","value":"Angi responsiv modus"},{"id":null,"key":"riskStateDOC","value":"Sett til valgt status for en aktivitet ved visning av aktivitetssammendrag. Gyldige verdier er OnTrack, AtRisk og Overdue."},{"id":null,"key":"riskStateLBL","value":"Risikostatus"},{"id":null,"key":"savedSearchInstanceFilterDOC","value":"Vis bare forekomstrelaterte filtre."},{"id":null,"key":"savedSearchInstanceFilterLBL","value":"Forekomstfilter"},{"id":null,"key":"savedSearchInstanceModeDOC","value":"Vis bare forekomstrelaterte filtre og kolonner."},{"id":null,"key":"savedSearchInstanceModeLBL","value":"Forekomstmodus"},{"id":null,"key":"savedSearchNameDOC","value":"Velg bindingen for å beholde de lagrede søkene på oppgavelisten"},{"id":null,"key":"savedSearchNameLBL","value":"Angi faste lagrede søk"},{"id":null,"key":"scopeDOC","value":"Vis søkefilteret som et omfangsfilter."},{"id":null,"key":"scopeLBL","value":"Vis som omfangsfilter"},{"id":null,"key":"selectDateLBL","value":"Velg en dato..."},{"id":null,"key":"selectValueLBL","value":"Velg verdi"},{"id":null,"key":"showActivitySummariesDOC","value":"Kontrollerer om aktivitetssammendrag skal vises eller ikke. Dette gjelder bare når alternativet Prosess-ID er brukt."},{"id":null,"key":"showActivitySummariesLBL","value":"Vis aktivitetssammendrag"},{"id":null,"key":"showAllStatsDOC","value":"Vis alle statistikkverdier, inkludert verdier som er null"},{"id":null,"key":"showAllStatsLBL","value":"Vis alle verdier"},{"id":null,"key":"showInstanceRefreshDOC","value":"Vis oppdateringsknappen, som du kan bruke til å oppdatere forekomstlisten manuelt når varslingsserveren ikke er tilgjengelig."},{"id":null,"key":"showOnTaskClosedDOC","value":"Vis oppgavevisningsprogrammet når oppgaven blir lukket."},{"id":null,"key":"showOnTaskClosedLBL","value":"Vis ved oppgave lukket"},{"id":null,"key":"showPageSizerDOC","value":"Vis sidestørrelsesvelgeren."},{"id":null,"key":"showPageSizerLBL","value":"Vis sidestørrelsesvelger"},{"id":null,"key":"showPagerStatsDOC","value":"Vis sidestatistikken."},{"id":null,"key":"showPagerStatsLBL","value":"Vis sidestatistikk"},{"id":null,"key":"showRefreshLBL","value":"Vis oppdateringsknapp"},{"id":null,"key":"showSavedSearchesDOC","value":"Vis en rullegardinliste med lagrede søk."},{"id":null,"key":"showSavedSearchesLBL","value":"Vis lagrede søk"},{"id":null,"key":"showSingleListDOC","value":"Vis alle oppgaver på en enkelt liste"},{"id":null,"key":"showSingleListLBL","value":"Vis enkeltliste"},{"id":null,"key":"showSortByArrowDOC","value":"Vis velgeren for å sortere oppgavelisten i stigende, synkende eller standard rekkefølge."},{"id":null,"key":"showSortByArrowLBL","value":"Vis kolonnesorteringsvelger"},{"id":null,"key":"showStatsDOC","value":"Vis et sammendrag av oppgavestatistikk."},{"id":null,"key":"showStatsLBL","value":"Vis statistikk"},{"id":null,"key":"showTaskRefreshDOC","value":"Vis oppdateringsknappen, som du kan bruke til å oppdatere oppgavelisten manuelt når varslingsserveren ikke er tilgjengelig."},{"id":null,"key":"showTotalOnlyDOC","value":"Vis bare totalt antall oppgaver"},{"id":null,"key":"showTotalOnlyLBL","value":"Vis bare totalsummer"},{"id":null,"key":"skipClaimForTasksDOC","value":"Ikke vis dialogboksen Gjør krav på oppgave. Det blir automatisk gjort krav på oppgaven når den åpnes."},{"id":null,"key":"skipClaimForTasksLBL","value":"Deaktiver mulighet til å gjøre krav på oppgave"},{"id":null,"key":"skipNavDOC","value":"Ikke vis dialogboksen for å åpne Case Client i et nytt vindu."},{"id":null,"key":"skipNavLBL","value":"Hopp over bekreftelsesdialog"},{"id":null,"key":"snapshotIdDOC","value":"Snapshot-ID for en bestemt prosess (begynner med 2064.xxx)."},{"id":null,"key":"snapshotIdLBL","value":"Snapshot-ID"},{"id":null,"key":"sortByDOC","value":"Oppgi kolonnen som listen blir sortert etter i utgangspunktet."},{"id":null,"key":"sortByLBL","value":"Sorter etter kolonne"},{"id":null,"key":"stepIdDOC","value":"Sett til valgt aktivitetstrinn ved visning av aktivitetssammendrag."},{"id":null,"key":"stepIdLBL","value":"Trinn-ID"},{"id":null,"key":"systemColumnsDOC","value":"Listen over mulige innebygde kolonner"},{"id":null,"key":"systemColumnsLBL","value":"Innebygde kolonner"},{"id":null,"key":"systemDataDOC","value":"Definer systemdataene du vil vise i oppgavevisningsprogrammet."},{"id":null,"key":"systemDataLBL","value":"Tilpass systemdata"},{"id":null,"key":"taskActionsDOC","value":"Oppgi en liste med handlinger som kan utføres på oppgaven."},{"id":null,"key":"taskActionsLBL","value":"Definer oppgavehandlinger"},{"id":null,"key":"taskDOC","value":"Definer oppgaven du vil vise i oppgavevisningsprogrammet."},{"id":null,"key":"taskFiltersDOC","value":"Velg bindingen for å beholde filtrene på oppgavelisten."},{"id":null,"key":"taskFiltersLBL","value":"Angi faste filtre"},{"id":null,"key":"taskLBL","value":"Definer oppgave"},{"id":null,"key":"taskLaunchEventDOC","value":"Skriv inn navnet på hendelsen som skal startes når en oppgave åpnes."},{"id":null,"key":"taskLaunchEventLBL","value":"Definer hendelse når oppgaver startes"},{"id":null,"key":"taskListColumnWidthDOC","value":"Velg bindingen for å beholde kolonnebreddene på oppgavelisten."},{"id":null,"key":"taskListColumnWidthLBL","value":"Angi faste kolonnebredder"},{"id":null,"key":"taskListEnableInstanceDetailsDOC","value":"Aktiver muligheten for å åpne en oppgaveforekomst."},{"id":null,"key":"taskListFavoritesLBL","value":"Favoritter"},{"id":null,"key":"taskListTaskSortingDOC","value":"Velg bindingen for å bevare sorteringen av oppgavelisten."},{"id":null,"key":"taskListTaskSortingLBL","value":"Angi fast sortering"},{"id":null,"key":"tasksColumnsDOC","value":"Oppgi kolonnene som skal vises på oppgavelisten."},{"id":null,"key":"tasksColumnsLBL","value":"Tilpass kolonner"},{"id":null,"key":"tasksDOC","value":"Liste over oppgaver som skal vises"},{"id":null,"key":"tasksLBL","value":"Oppgaver"},{"id":null,"key":"tasksPerBlockDOC","value":"Antall oppgaver som vises i hver blokk"},{"id":null,"key":"tasksPerBlockLBL","value":"Oppgaver per blokk"},{"id":null,"key":"tasksPerPageDOC","value":"Oppgi hvor mange oppgaver som skal vises per side."},{"id":null,"key":"tasksPerPageLBL","value":"Angi oppgaver per side"},{"id":null,"key":"teamsDOC","value":"Liste over teamsammendrag"},{"id":null,"key":"teamsLBL","value":"Team"},{"id":null,"key":"titleDOC","value":"Tittelstreng som skal vises på tittellinjen"},{"id":null,"key":"titleLBL","value":"Tittelstreng"},{"id":null,"key":"topTableLabelDOC","value":"Skriv inn teksten for etiketten som vises over listen."},{"id":null,"key":"topTableLabelLBL","value":"Legg til topptekstetikett"},{"id":null,"key":"traversedPathDOC","value":"Listen over link-IDer som skal utheves for å vise traversert bane. Dette gjelder bare når alternativet Prosessforekomst-ID er brukt."},{"id":null,"key":"traversedPathLBL","value":"Traversert bane"},{"id":null,"key":"typeHereLBL","value":"Skriv her..."},{"id":null,"key":"useEventTriggeringFetchActionDOC","value":"Deleger forespørselen om å hente oppgaver til en hendelse."},{"id":null,"key":"useEventTriggeringFetchActionLBL","value":"Bruk hendelse for å hente oppgaver"},{"id":null,"key":"workflowsLBL","value":"Arbeidsflyter"},{"id":null,"key":"workplaceConfigDOC","value":"Konfigurerer virkemåte for Workplace"},{"id":null,"key":"workplaceConfigLBL","value":"Workplace-konfigurasjon"},{"id":null,"key":"workplaceUserSettingsDOC","value":"Binding for å bevare brukerinnstillinger som skal brukes når brukeren logger seg på igjen"},{"id":null,"key":"workplaceUserSettingsLBL","value":"Brukerinnstillinger for Workplace"},{"id":null,"key":"zoomFactorDOC","value":"Gyldige verdier for zoomenivå for prosessdiagram er 1 til 10."},{"id":null,"key":"zoomFactorLBL","value":"Zoomenivå"}]}