{"id":"50.adeae4bd-e860-48f8-8f12-9436f7840773/2064.e571369d-4b11-4625-a600-621030240482","localeLanguage":"nl","localeCountry":null,"localeVariant":null,"localeDisplayName":"CSResource","resourceBundleKey":[{"id":null,"key":"CS_ActionList_FilterHintText","value":"Infotekst filteren"},{"id":null,"key":"CS_ActionList_FilterHintText_Help","value":"Geef de infotekst op die wordt afgebeeld in het filterbesturingselement van de actielijst"},{"id":null,"key":"CS_ActionList_HideContextMenu","value":"Contextmenu verbergen"},{"id":null,"key":"CS_ActionList_HideContextMenu_Help","value":"Verbergt het contextmenu in de actielijst."},{"id":null,"key":"CS_ActionList_HideDocuments","value":"Documenten verbergen"},{"id":null,"key":"CS_ActionList_HideDocuments_Help","value":"Zorgt ervoor dat de actielijst alleen mappen afbeeldt in de mapnavigatiemodus."},{"id":null,"key":"CS_Add","value":"Toevoegen"},{"id":null,"key":"CS_AddBatch_OnFilesSelected","value":"Op geselecteerde bestanden"},{"id":null,"key":"CS_AddBatch_OnFilesSelected_Help","value":"Een event die wordt gestart wanneer bestanden worden geselecteerd uit het dialoogvenster Bestand"},{"id":null,"key":"CS_AddToFolder","value":"Toevoegen aan map"},{"id":null,"key":"CS_AddToFolder_Desc","value":"U kunt een document toevoegen aan meerdere mappen. Als het document al in een map staat, blijft het in die map en wordt het toegevoegd aan de aanvullende map die u opgeeft."},{"id":null,"key":"CS_BatchContent_AutomationDocType","value":"Type automatiseringsdocument"},{"id":null,"key":"CS_BatchContent_AutomationDocType_Help","value":"Het documenttype dat moet worden gebruikt bij het toevoegen of wijzigen van batchdocumenten. Als dit niet is opgegeven, wordt de waarde standaard ingesteld op DbaCaptureBase."},{"id":null,"key":"CS_BatchContent_OnDocumentCheckedOut","value":"Op document uitgecheckt"},{"id":null,"key":"CS_BatchContent_OnDocumentCheckedOut_Help","value":"Een event die wordt gestart wanneer het document is uitgecheckt."},{"id":null,"key":"CS_BatchContent_OnGetProperties","value":"Bij ophalen van eigenschappen"},{"id":null,"key":"CS_BatchContent_OnGetProperties_Help","value":"Een event die wordt gestart wanneer de eigenschappen zijn opgehaald."},{"id":null,"key":"CS_BatchContent_OnResubmitBatch","value":"Bij opnieuw indienen batch"},{"id":null,"key":"CS_BatchContent_OnResubmitBatch_Help","value":"Een event die wordt gestart wanneer de batch opnieuw is aangeboden voor verwerking."},{"id":null,"key":"CS_BatchContent_OnRollbackBatch","value":"Bij rollback-batch"},{"id":null,"key":"CS_BatchContent_OnRollbackBatch_Help","value":"Een event die wordt gestart wanneer de batch met succes is teruggedraaid."},{"id":null,"key":"CS_BatchContent_OnSaveBatch","value":"Bij opslaan batch"},{"id":null,"key":"CS_BatchContent_OnSaveBatch_Help","value":"Een event die wordt gestart wanneer de batch is opgeslagen."},{"id":null,"key":"CS_BatchContent_OnSearchResults","value":"Op zoekresultaten"},{"id":null,"key":"CS_BatchContent_OnSearchResults_Help","value":"Een event die wordt gestart wanneer de zoekresultaten zijn teruggezonden."},{"id":null,"key":"CS_BatchContent_OnUpdateBatch","value":"Bij bijwerken batch"},{"id":null,"key":"CS_BatchContent_OnUpdateBatch_Help","value":"Een event die wordt gestart wanneer de batch is bijgewerkt."},{"id":null,"key":"CS_BatchContent_OnUpdateProperties","value":"Bij bijwerken van eigenschappen"},{"id":null,"key":"CS_BatchContent_OnUpdateProperties_Help","value":"Een event die wordt gestart wanneer de eigenschappen zijn bijgewerkt."},{"id":null,"key":"CS_Cancel","value":"Annuleren"},{"id":null,"key":"CS_Class_Selector_Svc_Error","value":"Servicefout"},{"id":null,"key":"CS_Class_Selector_Svc_Error_Help","value":"Wordt gestart wanneer een fout wordt teruggezonden bij het aanroepen van een service."},{"id":null,"key":"CS_ContentListFilter_Cancel","value":"Annuleren"},{"id":null,"key":"CS_ContentListFilter_Filter","value":"Filter"},{"id":null,"key":"CS_ContentListFilter_GetPropDescs","value":"Eigenschapsbeschrijvingen ophalen"},{"id":null,"key":"CS_ContentListFilter_OnCanceFilter","value":"Bij Annuleren"},{"id":null,"key":"CS_ContentListFilter_OnCancelFilter_Help","value":"Een event die wordt gestart wanneer op de knop Annuleren wordt geklikt."},{"id":null,"key":"CS_ContentListFilter_OnFilter","value":"Op filter"},{"id":null,"key":"CS_ContentListFilter_OnFilter_Help","value":"Een event die wordt gestart wanneer er op de filterknop wordt geklikt."},{"id":null,"key":"CS_ContentListFilter_TypeName","value":"Typenaam"},{"id":null,"key":"CS_ContentListFilter_TypeName_Help","value":"Type zoekobject."},{"id":null,"key":"CS_ContentList_AcceptFileTypes","value":"Geaccepteerde bestandstypen"},{"id":null,"key":"CS_ContentList_AcceptFileTypes_Help","value":"Geef de bestandsextensies op die zijn toegestaan bij het toevoegen van nieuwe documenten (bijvoorbeeld .dotx, .pdf, etc). Als deze optie niet is opgegeven, worden alle bestandstypen geaccepteerd."},{"id":null,"key":"CS_ContentList_Actions","value":"Acties"},{"id":null,"key":"CS_ContentList_AddButton","value":"Toevoegen"},{"id":null,"key":"CS_ContentList_AddFolder","value":"Map toevoegen"},{"id":null,"key":"CS_ContentList_Advanced","value":"Geavanceerd"},{"id":null,"key":"CS_ContentList_BatchObjects","value":"Batchdocumenten ophalen"},{"id":null,"key":"CS_ContentList_Behavior","value":"Gedrag"},{"id":null,"key":"CS_ContentList_CancelCheckout","value":"Uitchecken annuleren"},{"id":null,"key":"CS_ContentList_Case_Client_URI","value":"Case client URI"},{"id":null,"key":"CS_ContentList_Case_Client_URI_Help","value":"The URI for the Case client. Required for Case when running in a SaaS environment."},{"id":null,"key":"CS_ContentList_CheckoutDocument","value":"Document uitchecken"},{"id":null,"key":"CS_ContentList_Columns","value":"Kolommen"},{"id":null,"key":"CS_ContentList_Columns_Help","value":"De kolommen die in de lijst moeten worden afgebeeld. Stel deze in als u uw eigen aangepaste kolomeigenschappen wilt gebruiken; anders wordt een standaardset gebruikt."},{"id":null,"key":"CS_ContentList_ConfigurationProperty","value":"Configuratie-eigenschap"},{"id":null,"key":"CS_ContentList_ConfigurationProperty_Help","value":"Naam van een eigenschap waar configuratiegegevens worden opgeslagen in JSON-indeling."},{"id":null,"key":"CS_ContentList_ConfigurationValues","value":"Configuratiewaarden"},{"id":null,"key":"CS_ContentList_ContentItems","value":"Contentitems"},{"id":null,"key":"CS_ContentList_ContentItems_Help","value":"Lijst van CSDocument-objecten die moeten worden afgebeeld. De id-eigenschap is de enige vereiste eigenschap van de documentobjecten."},{"id":null,"key":"CS_ContentList_ControllerProperty","value":"Eigenschap voor controllerdocument"},{"id":null,"key":"CS_ContentList_ControllerProperty_Help","value":"De naam van de eigenschap van de objectwaarde in de documentklasse die wordt gekoppeld aan de batchcontroller."},{"id":null,"key":"CS_ContentList_DeleteBatchDocument","value":"Batchdocument wissen"},{"id":null,"key":"CS_ContentList_DisableDnDAdd_Help","value":"Selecteer deze instelling om het toevoegen van documenten met behulp van slepen en neerzetten uit te schakelen."},{"id":null,"key":"CS_ContentList_DisableTitleEvent","value":"Titel-klik-event uitschakelen"},{"id":null,"key":"CS_ContentList_DisableTitleEvent_Help","value":"Hiermee wordt de titel van de klik-event uitgeschakeld."},{"id":null,"key":"CS_ContentList_DisabledValues","value":"Uitgeschakelde waarden"},{"id":null,"key":"CS_ContentList_DisabledValues_Help","value":"Geef de eigenschapswaarden op waarvoor de itemacties moeten worden uitgeschakeld."},{"id":null,"key":"CS_ContentList_DisplayProgressIndicator","value":"Voortgangsindicatie afbeelden bij het toevoegen van documenten"},{"id":null,"key":"CS_ContentList_DisplayProgressIndicator_Help","value":"Selecteer deze optie om een voortgangsindicatie af te beelden bij het toevoegen van documenten."},{"id":null,"key":"CS_ContentList_Documents","value":"Documenten ophalen"},{"id":null,"key":"CS_ContentList_EnableSearchFilter","value":"Zoekfilter inschakelen"},{"id":null,"key":"CS_ContentList_EnableSearchFilter_Help","value":"Hiermee beeldt u de zoekfiltercomponent af voor het opgeven van meerdere zoekparameters om op te vragen en de resultaten af te beelden in de lijstweergave."},{"id":null,"key":"CS_ContentList_Enable_Polling","value":"Polling op documentstatus inschakelen"},{"id":null,"key":"CS_ContentList_Enable_Polling_Help","value":"Als dit is ingesteld, wordt polling gebruikt om de status van de toegevoegde documenten bij te werken."},{"id":null,"key":"CS_ContentList_ExtraProperties","value":"Extra eigenschappen"},{"id":null,"key":"CS_ContentList_ExtraProperties_Help","value":"Geef aanvullende eigenschappen op die u wilt terugzenden met de items in de resultenset."},{"id":null,"key":"CS_ContentList_Filter_Help","value":"De eigenschapswaarden worden gecombineerd met een AND-operator in het zoekfilter."},{"id":null,"key":"CS_ContentList_Folder","value":"Map"},{"id":null,"key":"CS_ContentList_FolderContainees","value":"Map-containden ophalen"},{"id":null,"key":"CS_ContentList_FolderId","value":"Map-ID"},{"id":null,"key":"CS_ContentList_FolderId_Help","value":"Stel het map-ID of het pad in om de contentlijst te initialiseren met de opgegeven mapinhoud. Het instellen van het map-ID heeft voorrang op de zoekinstellingen."},{"id":null,"key":"CS_ContentList_GetBatchDocumentCount","value":"Aantal batchdocumenten ophalen"},{"id":null,"key":"CS_ContentList_GetClassDetails","value":"Klassegegevens ophalen"},{"id":null,"key":"CS_ContentList_GetContentClasses","value":"Contentklassen ophalen"},{"id":null,"key":"CS_ContentList_GetProperties","value":"Eigenschappen ophalen"},{"id":null,"key":"CS_ContentList_GraphqlService","value":"GraphQL-service"},{"id":null,"key":"CS_ContentList_GraphqlService_Help","value":"Als u in een BAW-omgeving draait, geeft u de URL van de grafische service op die door de toolkitservices moet worden aangeroepen."},{"id":null,"key":"CS_ContentList_Height_Help","value":"De hoogte van het venster van de contentlijstview."},{"id":null,"key":"CS_ContentList_HideAction_Help","value":"Controleer de instelling van de actie als u deze actie wilt verwijderen uit het vervolgkeuzemenu."},{"id":null,"key":"CS_ContentList_HideAddDialog","value":"Venster voor toevoegen van document verbergen tijdens toevoegen van documenten"},{"id":null,"key":"CS_ContentList_HideAddDialog_Help","value":"Als deze optie is geselecteerd en er een enkel documenttype is geconfigureerd, worden documenten toegevoegd zonder dat het venster Document toevoegen wordt afgebeeld."},{"id":null,"key":"CS_ContentList_HideAddDocument","value":"Document toevoegen verbergen"},{"id":null,"key":"CS_ContentList_HideAddFolder","value":"Toevoegen van map verbergen"},{"id":null,"key":"CS_ContentList_HideCancelCheckoutDoc","value":"Annuleren van uitcheckdocument verbergen"},{"id":null,"key":"CS_ContentList_HideCheckoutDocument","value":"Uitchecken van document verbergen"},{"id":null,"key":"CS_ContentList_HideCheckoutState","value":"Uitcheckstatus verbergen"},{"id":null,"key":"CS_ContentList_HideCheckoutState_Help","value":"Selecteer deze optie voor het in- of uitschakelen van de weergave van het statuspictogram voor uitchecken."},{"id":null,"key":"CS_ContentList_HideDeleteDocument","value":"Document wissen verbergen"},{"id":null,"key":"CS_ContentList_HideDeleteFolder","value":"Wissen van map verbergen"},{"id":null,"key":"CS_ContentList_HideDownloadDocument","value":"Document downloaden verbergen"},{"id":null,"key":"CS_ContentList_HideEditDocument","value":"Document bewerken verbergen"},{"id":null,"key":"CS_ContentList_HideEditDocumentProps","value":"Documenteigenschappen bewerken verbergen"},{"id":null,"key":"CS_ContentList_HideEditFolderProps","value":"Mapeigenschappen bewerken verbergen"},{"id":null,"key":"CS_ContentList_HideRefresh","value":"Vernieuwen verbergen"},{"id":null,"key":"CS_ContentList_HideRenameFolder","value":"Map hernoemen verbergen"},{"id":null,"key":"CS_ContentList_HideSearchField","value":"Zoekveld verbergen"},{"id":null,"key":"CS_ContentList_HideSearchField_Help","value":"Het zoekveld niet afbeelden. De zoekparameters worden gedefinieerd in de configuratie-instellingen."},{"id":null,"key":"CS_ContentList_HideUploadNewVersionDoc","value":"Nieuw versiedocument uploaden verbergen"},{"id":null,"key":"CS_ContentList_HideViewDocument","value":"Document bekijken verbergen"},{"id":null,"key":"CS_ContentList_IncludeTimeInDates","value":"Tijd in datumeigenschappen opnemen"},{"id":null,"key":"CS_ContentList_IncludeTimeInDates_Help","value":"Tijdgedeelte van de datumwaarde in de kolomeigenschappen afbeelden."},{"id":null,"key":"CS_ContentList_InitialPageSize","value":"Oorspronkelijke paginagrootte"},{"id":null,"key":"CS_ContentList_InitialPageSize_Help","value":"De grootte van de resultaatset die wordt geretourneerd voor weergave in de contentlijst. De standaard paginagrootte is 20 items."},{"id":null,"key":"CS_ContentList_MoreBatchObjects","value":"Meer batchdocumenten ophalen"},{"id":null,"key":"CS_ContentList_MoreDocuments","value":"Meer documenten ophalen"},{"id":null,"key":"CS_ContentList_MoreFolderContainees","value":"Meer mapcontainaties ophalen"},{"id":null,"key":"CS_ContentList_MoreSearchREsults","value":"Meer zoekresultaten ophalen"},{"id":null,"key":"CS_ContentList_MoreTextSearchResults","value":"Meer tekstzoekresultaten ophalen"},{"id":null,"key":"CS_ContentList_OnActionMenuOpen","value":"In actie-menu openen"},{"id":null,"key":"CS_ContentList_OnActionMenuOpen_Help","value":"Een event die wordt gestart wanneer het actiemenu op het punt staat te worden geopend. Geeft een map-object door met eigenschappen."},{"id":null,"key":"CS_ContentList_OnAdd","value":"Bij toegevoegde content"},{"id":null,"key":"CS_ContentList_OnAdd_Help","value":"De event die wordt gestart wanneer er een document of map wordt toegevoegd. Geeft een contentItem-object door."},{"id":null,"key":"CS_ContentList_OnAllRowsSelected","value":"Op alle geselecteerde rijen"},{"id":null,"key":"CS_ContentList_OnAllRowsSelected_Help","value":"Deze event wordt aangeroepen wanneer de gebruiker op het selectievakje Alles selecteren klikt en de contentlijst in de werkstand Multiselect is. De doorgegeven parameter \"geselecteerd\" geeft aan of alle of geen van de rijen zijn geselecteerd."},{"id":null,"key":"CS_ContentList_OnContextMenuOpen","value":"Bij openen van contextmenu"},{"id":null,"key":"CS_ContentList_OnContextMenuOpen_Help","value":"Een event die wordt gestart wanneer het contextmenu op het punt van openen staat. Geeft een contentobject door met eigenschappen."},{"id":null,"key":"CS_ContentList_OnError","value":"Bij fout"},{"id":null,"key":"CS_ContentList_OnError_Help","value":"De event die wordt verzonden als er een fout in een service optreedt."},{"id":null,"key":"CS_ContentList_OnFileClicked","value":"Bij Op bestand geklikt"},{"id":null,"key":"CS_ContentList_OnFileClicked_Help","value":"De event die wordt gestart wanneer een document in de hoofdkolom wordt geselecteerd. Geeft een documentobject door met eigenschappen."},{"id":null,"key":"CS_ContentList_OnFilesSelected","value":"Op geselecteerde bestanden"},{"id":null,"key":"CS_ContentList_OnFilesSelected_Help","value":"Een event die wordt gestart wanneer bestanden worden geselecteerd uit het dialoogvenster Bestand"},{"id":null,"key":"CS_ContentList_OnFolderClicked","value":"Bij Op map geklikt"},{"id":null,"key":"CS_ContentList_OnFolderClicked_Help","value":"Een event die wordt gestart wanneer een map in de hoofdkolom wordt geselecteerd. Geeft een mapobject door met eigenschappen."},{"id":null,"key":"CS_ContentList_OnPollResults","value":"Bij peilingsresultaten"},{"id":null,"key":"CS_ContentList_OnPollResults_Help","value":"Wordt gestart wanneer een peilingsresultaat met de status van het document wordt ontvangen."},{"id":null,"key":"CS_ContentList_OnResults","value":"Bij geladen resultaten"},{"id":null,"key":"CS_ContentList_OnResults_Help","value":"De event die wordt verzonden wanneer de resultaten van een service geretourneerd zijn. Geeft een lijst van items door die zijn weergegeven in de lijst van content."},{"id":null,"key":"CS_ContentList_OnRowSelected","value":"Bij Rij geselecteerd"},{"id":null,"key":"CS_ContentList_OnRowSelected_Help","value":"De event die wordt gestart wanneer er een rij wordt geselecteerd met behulp van een keuzerondje of een selectievakje. Geeft de aanvullende parameter: row door (row.data.contentItem bevat een document- of mapobject met eigenschappen)."},{"id":null,"key":"CS_ContentList_Polling_Exit_Values","value":"Waarden van afsluiteigenschap worden gepolled"},{"id":null,"key":"CS_ContentList_Polling_Exit_Values_Help","value":"Polling wordt beëindigd wanneer de waarde van de documenteigenschap die wordt geretourneerd door polling een van de geconfigureerde waarden is."},{"id":null,"key":"CS_ContentList_Polling_Neg_Exit_Values","value":"Waarden van negatieve afsluiteigenschap worden gepolled"},{"id":null,"key":"CS_ContentList_Polling_Neg_Exit_Values_Help","value":"Polling wordt beëindigd wanneer de waarde van de documenteigenschap die wordt geretourneerd door polling NIET een van de geconfigureerde waarden is."},{"id":null,"key":"CS_ContentList_RemoveFromFolder_Help","value":"Hiermee wordt een documentactie afgebeeld waarmee een document uit een map wordt verwijderd."},{"id":null,"key":"CS_ContentList_RenameFolder","value":"Map hernoemen"},{"id":null,"key":"CS_ContentList_Resources","value":"Informatiebronnen"},{"id":null,"key":"CS_ContentList_Resources_Help","value":"Instellen op een externe resourcebundel voor het ophalen van gelokaliseerde reeksresources voor de kolomkoppen en de filterlabels van de eigenschappenlijst."},{"id":null,"key":"CS_ContentList_RootFolderName","value":"Naam hoofdmap"},{"id":null,"key":"CS_ContentList_RootFolderName_Help","value":"De weergavenaam van de hoofdmap die moet worden gebruikt in plaats van de mapnaam in de Content Services-repository."},{"id":null,"key":"CS_ContentList_ScopeFolderActions","value":"Scope folder actions"},{"id":null,"key":"CS_ContentList_ScopeFolderActions_Help","value":"Scopes the Add and Move to folder actions to the root folder specified in the Folder configuration settings."},{"id":null,"key":"CS_ContentList_Search","value":"Zoeken"},{"id":null,"key":"CS_ContentList_SearchFilterProperties","value":"Eigenschappen van zoekfilter"},{"id":null,"key":"CS_ContentList_SearchFilterProperties_Help","value":"Geef de set eigenschappen op die u wilt opvragen om de lijstweergave te vullen. De eigenschapswaarden worden gecombineerd met een AND-operator in het zoekfilter."},{"id":null,"key":"CS_ContentList_SearchFolderId","value":"Zoeken in map-ID"},{"id":null,"key":"CS_ContentList_SearchFolderId_Help","value":"Het map-ID van de map waarin wordt begonnen met zoeken. Dit is een optionele instelling waarmee de zoekopdracht wordt beperkt tot de opgegeven map. Als dit niet is ingesteld, wordt de gehele objectstore doorzocht."},{"id":null,"key":"CS_ContentList_SearchFor","value":"Zoeken naar"},{"id":null,"key":"CS_ContentList_SearchFor_Help","value":"Zoeken naar document-of mapitems."},{"id":null,"key":"CS_ContentList_SearchOnlyFolder","value":"Alleen deze map doorzoeken"},{"id":null,"key":"CS_ContentList_SearchOnlyFolder_Help","value":"Submappen niet doorzoeken."},{"id":null,"key":"CS_ContentList_SearchOperator","value":"Operator"},{"id":null,"key":"CS_ContentList_SearchOperator_Help","value":"De queryoperator die u wilt gebruiken, zoals Begint met, Eindigt op, Zoals, Niet zoals, =, <, >, <>, >=, <=, etc.)."},{"id":null,"key":"CS_ContentList_SearchProperty","value":"Zoekeigenschap"},{"id":null,"key":"CS_ContentList_SearchPropertyCardinality","value":"Kardinaliteit van zoekeigenschap"},{"id":null,"key":"CS_ContentList_SearchPropertyCardinality_Help","value":"Geeft aan of de zoekeigenschap één of meerdere waarden heeft."},{"id":null,"key":"CS_ContentList_SearchPropertyType","value":"Type zoekeigenschap"},{"id":null,"key":"CS_ContentList_SearchPropertyType_Help","value":"Het gegevenstype van de opgegeven eigenschap."},{"id":null,"key":"CS_ContentList_SearchProperty_Help","value":"De symbolische eigenschapnaam van de eigenschap waarnaar u wilt zoeken."},{"id":null,"key":"CS_ContentList_SearchResults","value":"Zoekresultaten ophalen"},{"id":null,"key":"CS_ContentList_SearchRootName","value":"Hoofdzoeknaam"},{"id":null,"key":"CS_ContentList_SearchRootName_Help","value":"De naam van het hoofdzoekscherm voor gebruik op de broodkruimel."},{"id":null,"key":"CS_ContentList_SearchTextOptions","value":"Opties voor tekst"},{"id":null,"key":"CS_ContentList_SearchTextOptions_Help","value":"De zoekopdracht zo configureren dat er naast de opgegeven zoekopdracht naar eigenschappen ook een contentbasisquery wordt opgenomen."},{"id":null,"key":"CS_ContentList_SearchType","value":"Type zoekopdracht"},{"id":null,"key":"CS_ContentList_SearchType_Help","value":"Zoeken naar objecten van een bepaald type."},{"id":null,"key":"CS_ContentList_SearchValue","value":"Standaardwaarde"},{"id":null,"key":"CS_ContentList_SearchValue_Help","value":"De waarde waarnaar wordt gezocht. Als u niets opgeeft, kunnen gebruikers een waarde opgeven voor het oproepen van de zoekopdracht tijdens runtime."},{"id":null,"key":"CS_ContentList_SecondaryProperty","value":"Secundaire eigenschap van de staat"},{"id":null,"key":"CS_ContentList_SecondaryProperty_Help","value":"Selecteer een eigenschap die moet worden gebruikt als aangepaste eigenschap voor secundaire status."},{"id":null,"key":"CS_ContentList_SelectionMode","value":"Selectiemodus"},{"id":null,"key":"CS_ContentList_SelectionMode_Help","value":"Enkelvoudig selecteren, meervoudig selecteren of geen."},{"id":null,"key":"CS_ContentList_Services","value":"Services"},{"id":null,"key":"CS_ContentList_ShowAddToFolder","value":"Toevoegen aan map afbeelden"},{"id":null,"key":"CS_ContentList_ShowAddToFolder_Help","value":"Hiermee wordt een documentactie afgebeeld waarmee een document aan een map wordt toegevoegd."},{"id":null,"key":"CS_ContentList_ShowCustomState","value":"Aangepaste status afbeelden"},{"id":null,"key":"CS_ContentList_ShowCustomState_Help","value":"Selecteer deze optie om de weergave van een aangepast statuspictogram in of uit te schakelen."},{"id":null,"key":"CS_ContentList_ShowListAnnotations","value":"Lijstannotaties afbeelden"},{"id":null,"key":"CS_ContentList_ShowListAnnotations_Help","value":"Toont de lijst met annotaties die zijn gekoppeld aan een document."},{"id":null,"key":"CS_ContentList_ShowListVersions","value":"Lijstversies afbeelden"},{"id":null,"key":"CS_ContentList_ShowListVersions_Help","value":"Toont de versiehistorie van een document."},{"id":null,"key":"CS_ContentList_ShowMoveToFolder","value":"Verplaatsen naar map afbeelden"},{"id":null,"key":"CS_ContentList_ShowMoveToFolder_Help","value":"Hiermee wordt een documentactie afgebeeld waarmee een document van de ene map naar de andere wordt verplaatst."},{"id":null,"key":"CS_ContentList_ShowRemoveFromFolder","value":"Verwijderen uit map afbeelden"},{"id":null,"key":"CS_ContentList_SortOrder","value":"Sorteervolgorde"},{"id":null,"key":"CS_ContentList_SortOrder_Help","value":"Standaard sorteerrichting, oplopend of aflopend."},{"id":null,"key":"CS_ContentList_SortProperty","value":"Sorteren op eigenschap"},{"id":null,"key":"CS_ContentList_SortProperty_Help","value":"Selecteer de eigenschap die u wilt gebruiken voor het sorteren van de resultaatset."},{"id":null,"key":"CS_ContentList_StateProperty","value":"Statuseigenschap"},{"id":null,"key":"CS_ContentList_StateProperty_Help","value":"Selecteer een eigenschap die moet worden gebruikt als aangepaste statuseigenschap."},{"id":null,"key":"CS_ContentList_Status_Polling_Interval","value":"Statuspollinginterval"},{"id":null,"key":"CS_ContentList_Status_Polling_Interval_Help","value":"Aantal seconden tussen aanvragen voor polling van de status van toegevoegde documenten."},{"id":null,"key":"CS_ContentList_Status_Polling_Property","value":"Statuseigenschap wordt gepolled"},{"id":null,"key":"CS_ContentList_Status_Polling_Property_Help","value":"Eigenschap die gepolled wordt om de status van toegevoegde documenten te verkrijgen."},{"id":null,"key":"CS_ContentList_Status_Polling_Timeout","value":"Pollingtimeout per document"},{"id":null,"key":"CS_ContentList_Status_Polling_Timeout_Help","value":"Aantal seconden per document waarna polling stopt als niet is voldaan aan een afsluitvoorwaarde."},{"id":null,"key":"CS_ContentList_TableRowHeight","value":"Hoogte tabelrij"},{"id":null,"key":"CS_ContentList_TableRowHeight_Help","value":"Instelling voor het opgeven van de rijhoogte van de tabel met de contentlijst."},{"id":null,"key":"CS_ContentList_TextSearchResults","value":"Resultaten voor zoeken in tekst ophalen"},{"id":null,"key":"CS_ContentList_UpdateProperties","value":"Eigenschappen bijwerken"},{"id":null,"key":"CS_ContentList_ViewMode","value":"Weergavemodus"},{"id":null,"key":"CS_ContentList_ViewMode_Help","value":"Geeft de weergavemodus van de contentlijst aan. Als deze optie is ingesteld op een van de beide opties, wordt er een knop Instellingen op de werkbalk opgenomen."},{"id":null,"key":"CS_ContentList_Width_Help","value":"De breedte van het venster van de contentlijstview."},{"id":null,"key":"CS_ContentLlist_DisableDnDAdd","value":"Slepen en neerzetten uitschakelen"},{"id":null,"key":"CS_ContentLlist_Polling_Neg_Exit_Values_Help","value":"Polling wordt beëindigd wanneer de waarde van de documenteigenschap die wordt geretourneerd door polling NIET een van de geconfigureerde waarden is."},{"id":null,"key":"CS_ContentViewerHeight_Help","value":"Stelt de hoogte van het viewervenster in. Als dit niet is ingesteld, wordt standaard 480px ingesteld."},{"id":null,"key":"CS_ContentViewerWidth_Help","value":"Hiermee stelt u de breedte van het viewervenster in. Als dit niet is ingesteld, wordt standaard 600px ingesteld."},{"id":null,"key":"CS_ContentViewer_FitHeight","value":"Passend maken op hoogte"},{"id":null,"key":"CS_ContentViewer_FitWidth","value":"Passend maken op breedte"},{"id":null,"key":"CS_ContentViewer_Height","value":"Hoogte"},{"id":null,"key":"CS_ContentViewer_OnLoad","value":"Bij laden"},{"id":null,"key":"CS_ContentViewer_Width","value":"Breedte"},{"id":null,"key":"CS_ContestList_MaxAddDocs_Help","value":"Geef de maximumhoeveelheid documenten aan die per keer door gebruikers kunnen worden toegevoegd. De standaard maximumwaarde is 50. U kunt een maximum tot 300 opgeven."},{"id":null,"key":"CS_DeleteObject_DeleteObject","value":"Object wissen"},{"id":null,"key":"CS_DeleteObject_OnDeleteObject","value":"Bij wissen object"},{"id":null,"key":"CS_DeleteObject_OnDeleteObjectHelp","value":"Een event die wordt gestart nadat het object is gewist."},{"id":null,"key":"CS_DepDocPropertiesProperty","value":"Eigenschap van afhankelijk document"},{"id":null,"key":"CS_DepDocPropertiesProperty_Help","value":"De symbolische naam van de eigenschap van de objectwaarde die verwijst naar het document met de JSON-waarden die moeten worden afgebeeld."},{"id":null,"key":"CS_DepDocumentProperties_OnError","value":"Bij fout"},{"id":null,"key":"CS_DepDocumentProperties_OnError_Help","value":"Een event die wordt gestart wanneer er een fout optreedt bij het ophalen van eigenschapswaarden."},{"id":null,"key":"CS_DocumentReference_AddDocMode","value":"Documentmodus toevoegen"},{"id":null,"key":"CS_DocumentReference_AddDocMode_Help","value":"Instelling waarmee het proces voor het toevoegen van documenten wordt bestuurd. Selecteer Geen voor geen ondersteuning voor toevoegen. Voeg geen gebruikersinterface toe en voeg met eigenschappen toe het dialoogvenster Document toevoegen af te beelden."},{"id":null,"key":"CS_DocumentReference_AllowsActions","value":"Acties inschakelen"},{"id":null,"key":"CS_DocumentReference_AllowsActions_Help","value":"Hiermee schakelt u het vervolgkeuzemenu van contentbeheeracties in de viewcomponent in."},{"id":null,"key":"CS_DocumentReference_AllowsRemoveDoc","value":"Wissen van document inschakelen"},{"id":null,"key":"CS_DocumentReference_AllowsRemoveDoc_Help","value":"Hiermee schakelt u de duidelijke documentactie in de viewcomponent in. Met deze actie wordt het document alleen gewist uit de view en wordt het niet verwijderd uit de repository."},{"id":null,"key":"CS_DocumentReference_DocumentId","value":"Document-ID"},{"id":null,"key":"CS_DocumentReference_DocumentId_Help","value":"Het ID van het document dat u in deze view wilt laden."},{"id":null,"key":"CS_DocumentReference_EnableTitleAction","value":"Titel van menuoptie inschakelen"},{"id":null,"key":"CS_DocumentReference_EnableTitleAction_Help","value":"Hiermee kunt u de tekst van de documenttitel aanklikken en de eerste actie uitvoeren die in het voorgrondmenu wordt afgebeeld."},{"id":null,"key":"CS_DocumentReference_EnableTitleEvent","value":"Titel-klik-event inschakelen"},{"id":null,"key":"CS_DocumentReference_EnableTitleEvent_Help","value":"Hiermee wordt de tekst van de documenttitel ingeschakeld en wordt een klikevent gestart met een contentitem-eventparameter."},{"id":null,"key":"CS_DocumentReference_HelperText","value":"Helpertekst"},{"id":null,"key":"CS_DocumentReference_HelperText_Help","value":"Hulptekst die onder het invoerveld wordt afgebeeld."},{"id":null,"key":"CS_DocumentReference_HintText","value":"Tekst voor hint"},{"id":null,"key":"CS_DocumentReference_HintText_Help","value":"Tekst die in het veld wordt afgebeeld als er geen document is opgegeven."},{"id":null,"key":"CS_DocumentReference_OnClear","value":"Bij wissen"},{"id":null,"key":"CS_DocumentReference_OnClear_Help","value":"Een event die wordt gestart wanneer de gebruiker de duidelijke actie oproept."},{"id":null,"key":"CS_DocumentReference_OnClick","value":"Bij klikken"},{"id":null,"key":"CS_DocumentReference_OnClick_Help","value":"Een event die wordt gestart wanneer er op de documenttitel is geklikt."},{"id":null,"key":"CS_DocumentReference_ViewMode","value":"Weergavemodus"},{"id":null,"key":"CS_DocumentReference_ViewMode_Help","value":"Instellen op Normaal om het mime-type en de titel van het document te zien, of stel de miniatuur in om de miniatuur en de titel van het document te bekijken."},{"id":null,"key":"CS_DocumentViewer_Features","value":"Functies"},{"id":null,"key":"CS_DocumentViewer_IcnRepository","value":"Navigator-repository"},{"id":null,"key":"CS_DocumentViewer_IcnRepository_Help","value":"De naam van de Navigator-repository die moet worden gebruikt bij het openen van de bladwijzer-URL voor het bekijken van het document. Deze is vereist als uw Navigator-bureaublad meer dan één repository heeft toegewezen."},{"id":null,"key":"CS_DocumentViewer_ShowBanner","value":"Banner afbeelden"},{"id":null,"key":"CS_DocumentViewer_ShowBanner_Help","value":"Schakel deze instelling in om de bannerbalk boven het viewervenster te tonen."},{"id":null,"key":"CS_DocumentViewer_ShowTitleBar","value":"Titelbalk afbeelden"},{"id":null,"key":"CS_DocumentViewer_ShowTitleBar_Help","value":"Schakel deze instelling in om de titelbalk boven het viewervenster te tonen."},{"id":null,"key":"CS_DocumentViewer_Viewer","value":"Lezer"},{"id":null,"key":"CS_Document_Classes","value":"Documentklassen"},{"id":null,"key":"CS_Document_Classes_Help","value":"Een set documentklassen die wordt afgebeeld bij het toevoegen van nieuwe documenten. Als dit niet ingesteld is, worden de documentklassen opgehaald van de server. De namen die hier zijn opgegeven, worden afgebeeld voor de gebruiker. De waarden komen overeen met de symbolische naam van elke documentklasse."},{"id":null,"key":"CS_Done","value":"Klaar"},{"id":null,"key":"CS_Event_OnLoad","value":"Op view geladen"},{"id":null,"key":"CS_Event_OnLoad_Help","value":"Een event die wordt gestart wanneer de view is geladen."},{"id":null,"key":"CS_ExportClassificationDataOnError","value":"Bij Fout"},{"id":null,"key":"CS_ExportClassificationDataOnError_Help","value":"Een event die wordt gestart wanneer er een fout optreedt tijdens het downloaden van classificatiegegevens."},{"id":null,"key":"CS_ExportClassificationDataOnSuccess","value":"Op succes"},{"id":null,"key":"CS_ExportClassificationDataOnSuccess_Help","value":"Een event die wordt gestart wanneer de classificatiegegevens zijn gedownload."},{"id":null,"key":"CS_ExportProcessingData_DownloadTables","value":"Tabelgegevens downloaden (meerdere bestanden worden gedownload)"},{"id":null,"key":"CS_ExportProcessingData_ExportButton","value":"Gegevens exporteren"},{"id":null,"key":"CS_ExportProcessingData_FileName","value":"Bestand"},{"id":null,"key":"CS_ExportProcessingData_GetAnnotations","value":"Annotaties voor documentverwerking ophalen"},{"id":null,"key":"CS_ExportProcessingData_Help","value":"Geef het bestand een naam en selecteer een bestandstype dat u wilt exporteren."},{"id":null,"key":"CS_ExportProcessingData_LearnMoreLink","value":"Meer link leren"},{"id":null,"key":"CS_ExportProcessingData_LearnMoreLinkHelp","value":"Webadres voor het exporteren van tabellen in CSV-indeling."},{"id":null,"key":"CS_ExportProcessingData_OnExportStart","value":"Bij exportstart"},{"id":null,"key":"CS_ExportProcessingData_OnExportStart_Help","value":"Wordt gestart wanneer de gebruiker op de knop Gegevens exporteren klikt in het dialoogvenster en de export begint."},{"id":null,"key":"CS_FileDocument_OnFile","value":"In bestand"},{"id":null,"key":"CS_FileDocument_OnFile_Help","value":"Een event dat wordt gestart wanneer een document wordt opgeslagen in een map."},{"id":null,"key":"CS_FileDocument_Service","value":"Bestandsdocument"},{"id":null,"key":"CS_FileDropZone_AcceptFileTypes","value":"Geaccepteerde bestandstypen"},{"id":null,"key":"CS_FileDropZone_AcceptFileTypes_Help","value":"Geef de bestandstypen op die de bestandsneerzetzone accepteert. De bestandstypen moeten worden opgegeven als bestandpunt-extensiereeksen."},{"id":null,"key":"CS_FileDropZone_DetailMessage","value":"Detailbericht"},{"id":null,"key":"CS_FileDropZone_DetailMessage_Help","value":"Berichtreeks boven het gebied neerzetgebied van bestanden."},{"id":null,"key":"CS_FileDropZone_DocumentType","value":"Documenttype"},{"id":null,"key":"CS_FileDropZone_DocumentType_Help","value":"Documenttypen dat gebruikt wordt bij het toevoegen van documenten. Als dit niet ingesteld wordt, wordt het standaard documenttype gebruikt."},{"id":null,"key":"CS_FileDropZone_FolderId_Help","value":"Map-ID van de map waarin de documenten toegevoegd worden. Als dit niet wordt opgegeven, worden de documenten niet in een map opgeslagen."},{"id":null,"key":"CS_FileDropZone_Height_Help","value":"De hoogte van het gebied voor het neerzetgebied van bestanden."},{"id":null,"key":"CS_FileDropZone_MaxAddDoc","value":"Maximum aantal toe te voegen documenten"},{"id":null,"key":"CS_FileDropZone_MaxAddDoc_Help","value":"Geef de maximumhoeveelheid documenten aan die per keer door gebruikers kunnen worden toegevoegd. De standaard maximale waarde is 50."},{"id":null,"key":"CS_FileDropZone_MaxDocumentSize","value":"Max. documentgrootte"},{"id":null,"key":"CS_FileDropZone_MaxDocumentSize_Help","value":"De maximale documentgrootte in KB mag worden toegevoegd. De grootte van 0 is onbeperkt."},{"id":null,"key":"CS_FileDropZone_Width_Help","value":"De breedte van het gebied voor het neerzetgebied van bestanden."},{"id":null,"key":"CS_Folder_Classes","value":"Mapklassen"},{"id":null,"key":"CS_Folder_Classes_Help","value":"Een set mapklassen die wordt afgebeeld bij het toevoegen van nieuwe mappen. Als dit niet ingesteld is, worden de mapklassen opgehaald van de server. De namen die hier zijn opgegeven, worden afgebeeld voor de gebruiker. De waarden komen overeen met de symbolische namen van elke mapklasse."},{"id":null,"key":"CS_GetContent_GetAnnotation","value":"Annotatie ophalen"},{"id":null,"key":"CS_GetContent_GetAppResourceInfo","value":"Info over app-resource ophalen"},{"id":null,"key":"CS_GetContent_GetClassAccess","value":"Toegang tot klasse ophalen"},{"id":null,"key":"CS_GetContent_GetVersionSeries","value":"Versiereeks ophalen"},{"id":null,"key":"CS_GetContent_OnContentReceived","value":"Bij ontvangen content"},{"id":null,"key":"CS_GetContent_OnContentReceived_Help","value":"Een event die wordt gestart wanneer de documentcontent is geretourneerd in de respons."},{"id":null,"key":"CS_GetContent_OnGetClassAccess","value":"Toegang tot toegang tot klasse"},{"id":null,"key":"CS_GetContent_OnGetClassAccess_Help","value":"Een event die wordt gestart wanneer de toegangsrespons van de get-klasse is teruggezonden."},{"id":null,"key":"CS_GetContent_OnPropertiesUpdated","value":"Op bijgewerkte eigenschappen"},{"id":null,"key":"CS_GetContent_OnPropertiesUpdated_Help","value":"Een event die wordt gestart wanneer de eigenschappen zijn opgehaald en bijgewerkt in het contentitem van het contentitem."},{"id":null,"key":"CS_Height","value":"Hoogte"},{"id":null,"key":"CS_Hide_Time_Picker","value":"Tijdkiezer verbergen bij wijzigen van datum-en tijdwaarden"},{"id":null,"key":"CS_Hide_Time_Picker_Help","value":"Als deze optie is ingesteld, verbergt u de interface voor het bewerken van het tijdgedeelte van datum-en tijdwaarden."},{"id":null,"key":"CS_ListAnnotations_Annotations","value":"Annotaties"},{"id":null,"key":"CS_ListAnnotations_GetAnnotations","value":"Aantekeningen ophalen"},{"id":null,"key":"CS_ListAnnotations_OnDone","value":"Bij klaar"},{"id":null,"key":"CS_ListAnnotations_OnDone_Help","value":"Een event die wordt gestart wanneer het venster voor lijstannotaties wordt gesloten."},{"id":null,"key":"CS_ListVersions_GetVersions","value":"Versies ophalen"},{"id":null,"key":"CS_ListVersions_Versions","value":"Versies"},{"id":null,"key":"CS_Modal_OnCancel","value":"Bij Annuleren"},{"id":null,"key":"CS_Modal_OnCancel_Help","value":"Een event die wordt gestart wanneer de gebruiker een modale view annuleert."},{"id":null,"key":"CS_Move","value":"Verplaatsen"},{"id":null,"key":"CS_MoveDocument","value":"Document verplaatsen"},{"id":null,"key":"CS_MoveDocument_GetFolderRcr","value":"Map rcrs ophalen"},{"id":null,"key":"CS_MoveDocument_MoveFrom","value":"Verplaatsen van"},{"id":null,"key":"CS_MoveDocument_OnMove","value":"Bij verplaatsen"},{"id":null,"key":"CS_MoveDocument_OnMove_Help","value":"Een event dat wordt gestart wanneer een document wordt verplaatst naar een map."},{"id":null,"key":"CS_MoveToFolder","value":"Verplaatsen naar map"},{"id":null,"key":"CS_MoveToFolder_Desc","value":"U kunt documenten verplaatsen van de ene map naar de andere."},{"id":null,"key":"CS_OK","value":"OK"},{"id":null,"key":"CS_ObjectStoreName","value":"Naam objectruimte"},{"id":null,"key":"CS_ObjectStoreName_Help","value":"Naam van objectstore uit de Acce-beheerfunctie."},{"id":null,"key":"CS_On_Class_Selected","value":"Bij Klasse geselecteerd"},{"id":null,"key":"CS_On_Class_Selected_Help","value":"De event die wordt gestart wanneer de gebruiker een klasse selecteert."},{"id":null,"key":"CS_ProgressIndicator_OnClose","value":"Bij sluiten"},{"id":null,"key":"CS_ProgressIndicator_OnClose_Help","value":"Wordt gestart wanneer de voortgangsindicator wordt gesloten."},{"id":null,"key":"CS_ProgressIndicator_OnFileRemoved","value":"Bij Bestand verwijderd"},{"id":null,"key":"CS_ProgressIndicator_OnFileRemoved_Help","value":"Wordt gestart wanneer een aangehouden bestand wordt verwijderd uit de voortgangsindicator"},{"id":null,"key":"CS_PropertyList_Display_Edit","value":"Knoppen afbeelden voor het bewerken van eigenschapswaarden"},{"id":null,"key":"CS_PropertyList_Display_Edit_Help","value":"Knoppen in een werkbalk afbeelden waarmee de gebruikers eigenschapswaarden kunnen bewerken."},{"id":null,"key":"CS_PropertyPoller_OnError","value":"Bij fout"},{"id":null,"key":"CS_PropertyPoller_OnError_Help","value":"Wordt gestart wanneer er een fout optreedt bij polling van een eigenschap."},{"id":null,"key":"CS_PropertyPoller_OnResults","value":"Bij resultaten"},{"id":null,"key":"CS_PropertyPoller_OnResults_Help","value":"Wordt gestart wanneer resultaten worden ontvangen van een polling-opdracht."},{"id":null,"key":"CS_PropertyPoller_OnStatus","value":"Bij geretourneerde informatie over eigenschap"},{"id":null,"key":"CS_PropertyPoller_OnStatus_Help","value":"Wordt gestart wanneer gegevens worden geretourneerd bij polling van de server op eigenschapsinformatie."},{"id":null,"key":"CS_Query_ExecuteOnChange","value":"Zoeken op wijziging uitvoeren"},{"id":null,"key":"CS_Query_ExecuteOnChange_Help","value":"Hiermee wordt de geconfigureerde zoekopdracht uitgevoerd wanneer de view wijzigingsevent optreedt in de component."},{"id":null,"key":"CS_Query_ExecuteOnView","value":"Zoekopdracht uitvoeren op view"},{"id":null,"key":"CS_Query_ExecuteOnView_Help","value":"Hiermee wordt de geconfigureerde zoekopdracht uitgevoerd wanneer de coachview-event optreedt in de component."},{"id":null,"key":"CS_Query_MaxResults","value":"Max. aantal overeenkomsten"},{"id":null,"key":"CS_Query_MaxResults_Help","value":"Het maximumaantal resultaten dat moet worden geretourneerd door de query."},{"id":null,"key":"CS_Query_OnError","value":"Bij Fout"},{"id":null,"key":"CS_Query_OnError_Help","value":"Wordt gestart wanneer er een fout optreedt."},{"id":null,"key":"CS_Query_OnSearchResults","value":"Op zoekresultaten"},{"id":null,"key":"CS_Query_OnSearchResults_Help","value":"Wordt gestart wanneer de zoekresultaten worden opgehaald van de server."},{"id":null,"key":"CS_Query_ResultProperties","value":"Resultaateigenschappen"},{"id":null,"key":"CS_Query_ResultProperties_Help","value":"Symbolische namen van eigenschappen die in de zoekresultaten worden geretourneerd."},{"id":null,"key":"CS_Query_SearchValue","value":"Zoekwaarden"},{"id":null,"key":"CS_Query_SearchValue_Help","value":"De waarden waarop moet worden gezocht."},{"id":null,"key":"CS_Remove","value":"Verwijderen"},{"id":null,"key":"CS_RemoveFromFolder","value":"Verwijderen uit map"},{"id":null,"key":"CS_RemoveFromFolder_Desc","value":"U kunt documenten uit mappen verwijderen. Het verwijderen van een document uit alle mappen verwijdert het document echter niet uit de repository. U kunt het document nog steeds ophalen door een zoekopdracht uit te voeren.  In de lijst worden alleen de mappen getoond waarvoor u weergaverechten hebt. "},{"id":null,"key":"CS_RemoveFromFolder_FilterHint","value":"Filterlijst"},{"id":null,"key":"CS_RemoveFromFolder_UnfileDocument","value":"Document verwijderen uit map"},{"id":null,"key":"CS_Repository","value":"Repository"},{"id":null,"key":"CS_RepositoryId","value":"Repository-ID"},{"id":null,"key":"CS_RepositoryId_Help","value":"Het repository-ID van IBM Navigator. Deze waarde wordt gebruikt door de documentviewer."},{"id":null,"key":"CS_Save","value":"Opslaan"},{"id":null,"key":"CS_SearchOperator_OnChange","value":"Bij wijzigingsoperator"},{"id":null,"key":"CS_SearchProperty_AddBlankSelection","value":"Lege selectie toevoegen"},{"id":null,"key":"CS_SearchProperty_AddBlankSelection_Help","value":"Een lege selectie opnemen in de lijst met eigenschappen."},{"id":null,"key":"CS_SearchProperty_IncludeHidden","value":"Verborgen items opnemen"},{"id":null,"key":"CS_SearchProperty_IncludeHidden_Help","value":"Verborgen eigenschappen opnemen in de keuzelijst."},{"id":null,"key":"CS_SearchProperty_IsSearchable","value":"Is doorzoekbaar"},{"id":null,"key":"CS_SearchProperty_IsSearchable_Help","value":"Alleen eigenschappen opnemen die doorzoekbaar zijn."},{"id":null,"key":"CS_SearchProperty_OnChangeProperty","value":"Bij wijziging van eigenschap"},{"id":null,"key":"CS_SearchProperty_OnChangeProperty_Help","value":"Een event dat wordt gestart wanneer de geselecteerde eigenschap wordt gewijzigd."},{"id":null,"key":"CS_SearchProperty_OnResult","value":"Bij resultaten"},{"id":null,"key":"CS_SearchProperty_OnResult_Help","value":"Een event dat wordt gestart wanneer de keuzelijst met eigenschappen wordt geladen."},{"id":null,"key":"CS_SearchProperty_SearchFor","value":"Zoeken naar"},{"id":null,"key":"CS_SearchProperty_SearchFor_Help","value":"De te zoeken objecttypen; Document of Map."},{"id":null,"key":"CS_SelectFiles","value":"Bestanden selecteren"},{"id":null,"key":"CS_SelectObject_DateValue","value":"Datumwaarde"},{"id":null,"key":"CS_SelectObject_DecimalValue","value":"Decimale waarde"},{"id":null,"key":"CS_SelectObject_Desc","value":"Selecteer een object in de lijst."},{"id":null,"key":"CS_SelectObject_DisplayMode","value":"Weergavestand"},{"id":null,"key":"CS_SelectObject_DisplayMode_Help","value":"Weergavemodus die moet worden gebruikt bij het vullen van de lijst van content."},{"id":null,"key":"CS_SelectObject_IntegerValue","value":"Geheel getal"},{"id":null,"key":"CS_SelectObject_OnChange","value":"Bij wijziging"},{"id":null,"key":"CS_SelectObject_OnSelect","value":"Bij selecteren"},{"id":null,"key":"CS_SelectObject_OnSelect_Help","value":"Een event dat wordt gestart wanneer een object is geselecteerd in het dialoogvenster."},{"id":null,"key":"CS_SelectObject_Search","value":"Zoeken"},{"id":null,"key":"CS_SelectObject_SearchOperator","value":"Operator"},{"id":null,"key":"CS_SelectObject_SearchProperty","value":"Zoekeigenschap"},{"id":null,"key":"CS_SelectObject_SearchValue","value":"Waarde"},{"id":null,"key":"CS_SelectObject_Select","value":"Selecteren"},{"id":null,"key":"CS_SelectObject_SelectObject","value":"Object selecteren"},{"id":null,"key":"CS_SelectObject_SelectObjectType","value":"Objecttype selecteren"},{"id":null,"key":"CS_SelectObject_SelectObjectType_Help","value":"Type object dat selectie toestaat; Document of Map."},{"id":null,"key":"CS_SelectObject_SelectValue","value":"Waarde selecteren"},{"id":null,"key":"CS_SelectObject_StringValue","value":"Reekswaarde"},{"id":null,"key":"CS_SetDocClass_AddButton","value":"Toevoegen"},{"id":null,"key":"CS_SetDocClass_AutoClassifyButton","value":"Automatisch classificeren"},{"id":null,"key":"CS_SetDocClass_ClassifyButton","value":"Classificeren"},{"id":null,"key":"CS_SetDocClass_Description","value":"Om het documenttype handmatig op te geven, selecteert u eerst de bestanden in de tabel. Gebruik de optie classificeren om het documenttype toe te wijzen voor het (de) geselecteerde bestand(en). Als een bestand niet handmatig is geclassificeerd, wordt het door het systeem automatisch geclassificeerd."},{"id":null,"key":"CS_SetDocClass_DeselectButton","value":"Deselecteren"},{"id":null,"key":"CS_SetDocClass_Filter_Placeholder","value":"Filterlijst"},{"id":null,"key":"CS_SetDocClass_Modal_Heading","value":"Bestanden toevoegen"},{"id":null,"key":"CS_SummaryCard_Details","value":"Details"},{"id":null,"key":"CS_SummaryCard_Details_Help","value":"Wordt afgebeeld in het detailgedeelte van de overzichtskaart."},{"id":null,"key":"CS_SummaryCard_DisplayHelpIcon","value":"Help-pictogram afbeelden"},{"id":null,"key":"CS_SummaryCard_DisplayHelpIcon_Help","value":"Als deze optie is geselecteerd, wordt er een Help-pictogram in de kaart afgebeeld."},{"id":null,"key":"CS_SummaryCard_HelpLearnMoreUrl","value":"Help om meer URL te leren"},{"id":null,"key":"CS_SummaryCard_HelpLearnMoreUrl_Help","value":"Een link om meer informatie te leren. Als deze optie is ingesteld, wordt er een knop afgebeeld in de knopinfo die bij het klikken op de link de pagina weergeeft die in de link is opgegeven."},{"id":null,"key":"CS_SummaryCard_HelpText","value":"Help-tekst"},{"id":null,"key":"CS_SummaryCard_HelpText_Help","value":"Een bericht-ID of een tekst die wordt afgebeeld in een knopinfo wanneer de gebruiker op het Help-pictogram klikt."},{"id":null,"key":"CS_SummaryCard_OnClick","value":"Bij klikken"},{"id":null,"key":"CS_SummaryCard_OnClick_Help","value":"Wordt gestart wanneer er op de overzichtskaart wordt geklikt."},{"id":null,"key":"CS_SummaryCard_Title","value":"Titel"},{"id":null,"key":"CS_SummaryCard_Title_Help","value":"Wordt afgebeeld als de titel van de overzichtskaart."},{"id":null,"key":"CS_Upload","value":"Uploaden"},{"id":null,"key":"CS_UploadContent_GetClassDetails","value":"Klassegegevens ophalen"},{"id":null,"key":"CS_UploadContent_MaxUploads","value":"Maximum aantal gelijktijdige uploads"},{"id":null,"key":"CS_UploadContent_MaxUploads_Help","value":"Het maximumaantal uploads dat tegelijkertijd wordt uitgevoerd."},{"id":null,"key":"CS_UploadContent_OnContentAdded","value":"Bij toegevoegde content"},{"id":null,"key":"CS_UploadContent_OnContentAdded_Help","value":"Een event die wordt gestart wanneer het uploaden van content geslaagd is."},{"id":null,"key":"CS_UploadContent_OnError","value":"Bij fout"},{"id":null,"key":"CS_UploadContent_OnError_Help","value":"Een event die wordt gestart wanneer er een fout optreedt bij het uploaden van content."},{"id":null,"key":"CS_UploadVersion_OnUploadVersion","value":"Bij uploadversie"},{"id":null,"key":"CS_UploadVersion_OnUploadVersionHelp","value":"Een event die wordt gestart wanneer een nieuwe versie van het document is geüpload."},{"id":null,"key":"CS_Width","value":"Breedte"},{"id":null,"key":"pathName","value":"Padnaam"}]}