{"id":"50.adeae4bd-e860-48f8-8f12-9436f7840773/2064.e571369d-4b11-4625-a600-621030240482","localeLanguage":"de","localeCountry":null,"localeVariant":null,"localeDisplayName":"CSResource","resourceBundleKey":[{"id":null,"key":"CS_ActionList_FilterHintText","value":"Hinweistext filtern"},{"id":null,"key":"CS_ActionList_FilterHintText_Help","value":"Im Steuerelement für Aktionslistenfilter angezeigten Hinweistext festlegen."},{"id":null,"key":"CS_ActionList_HideContextMenu","value":"Kontextmenü ausblenden"},{"id":null,"key":"CS_ActionList_HideContextMenu_Help","value":"Blendet das Kontextmenü in der Aktionsliste aus"},{"id":null,"key":"CS_ActionList_HideDocuments","value":"Dokumente ausblenden"},{"id":null,"key":"CS_ActionList_HideDocuments_Help","value":"Aktiviert die Aktionsliste, sodass nur Ordner im Ordnernavigationsmodus angezeigt werden."},{"id":null,"key":"CS_Add","value":"Hinzufügen"},{"id":null,"key":"CS_AddBatch_OnFilesSelected","value":"Für ausgewählte Dateien"},{"id":null,"key":"CS_AddBatch_OnFilesSelected_Help","value":"Ein Ereignis, das ausgelöst wird, wenn Dateien im Dateidialog ausgewählt werden"},{"id":null,"key":"CS_AddToFolder","value":"Zu Ordner hinzufügen"},{"id":null,"key":"CS_AddToFolder_Desc","value":"Sie können Dokumente mehreren Ordnern hinzufügen. Wenn sich das Dokument bereits in einem Ordner befindet, verbleibt es in diesem Ordner und wird dem von Ihnen angegebenen zusätzlichen Ordner hinzugefügt."},{"id":null,"key":"CS_BatchContent_AutomationDocType","value":"Dokumenttyp für die Automatisierung"},{"id":null,"key":"CS_BatchContent_AutomationDocType_Help","value":"Der Dokumenttyp, der beim Hinzufügen oder Ändern von Batchdokumenten verwendet wird. Wenn kein Typ angegeben ist, wird standardmäßig der Wert 'DbaCaptureBase' verwendet."},{"id":null,"key":"CS_BatchContent_OnDocumentCheckedOut","value":"Bei Dokument-Check-out"},{"id":null,"key":"CS_BatchContent_OnDocumentCheckedOut_Help","value":"Ein Ereignis, das ausgelöst wird, wenn das Dokument ausgecheckt wurde."},{"id":null,"key":"CS_BatchContent_OnGetProperties","value":"Bei Abruf von Eigenschaften"},{"id":null,"key":"CS_BatchContent_OnGetProperties_Help","value":"Ein Ereignis, das ausgelöst wird, wenn die Eigenschaften abgerufen wurden."},{"id":null,"key":"CS_BatchContent_OnResubmitBatch","value":"Im Batch für das erneute Übergeben"},{"id":null,"key":"CS_BatchContent_OnResubmitBatch_Help","value":"Ein Ereignis, das ausgelöst wird, wenn der Batch für die Verarbeitung erfolgreich erneut übergeben wurde."},{"id":null,"key":"CS_BatchContent_OnRollbackBatch","value":"Bei Batch-Rollback"},{"id":null,"key":"CS_BatchContent_OnRollbackBatch_Help","value":"Ein Ereignis, das ausgelöst wird, wenn der Batch erfolgreich rückgängig gemacht wurde."},{"id":null,"key":"CS_BatchContent_OnSaveBatch","value":"Bei Batchspeicherung"},{"id":null,"key":"CS_BatchContent_OnSaveBatch_Help","value":"Ein Ereignis, das nach Speicherung des Batch ausgelöst wird."},{"id":null,"key":"CS_BatchContent_OnSearchResults","value":"Bei Suchergebnissen"},{"id":null,"key":"CS_BatchContent_OnSearchResults_Help","value":"Ein Ereignis, das ausgelöst wird, wenn die Suchergebnisse erfolgreich zurückgegeben wurden."},{"id":null,"key":"CS_BatchContent_OnUpdateBatch","value":"Bei Batchaktualisierung"},{"id":null,"key":"CS_BatchContent_OnUpdateBatch_Help","value":"Ein Ereignis, das nach Aktualisierung des Batch ausgelöst wird."},{"id":null,"key":"CS_BatchContent_OnUpdateProperties","value":"Bei Eigenschaftsaktualisierung"},{"id":null,"key":"CS_BatchContent_OnUpdateProperties_Help","value":"Ein Ereignis, das ausgelöst wird, wenn die Eigenschaften aktualisiert wurden."},{"id":null,"key":"CS_Cancel","value":"Abbrechen"},{"id":null,"key":"CS_Class_Selector_Svc_Error","value":"Servicefehler"},{"id":null,"key":"CS_Class_Selector_Svc_Error_Help","value":"Wird ausgelöst, wenn beim Aufruf eines Service ein Fehler zurückgegeben wird."},{"id":null,"key":"CS_ContentListFilter_Cancel","value":"Abbrechen"},{"id":null,"key":"CS_ContentListFilter_Filter","value":"Filter"},{"id":null,"key":"CS_ContentListFilter_GetPropDescs","value":"Eigenschaftsbeschreibungen abrufen"},{"id":null,"key":"CS_ContentListFilter_OnCanceFilter","value":"Bei Abbruch"},{"id":null,"key":"CS_ContentListFilter_OnCancelFilter_Help","value":"Ein Ereignis, das beim Klicken auf die Abbruchschaltfläche ausgelöst wird."},{"id":null,"key":"CS_ContentListFilter_OnFilter","value":"Bei Filter"},{"id":null,"key":"CS_ContentListFilter_OnFilter_Help","value":"Ein Ereignis, das beim Klicken auf die Filterschaltfläche ausgelöst wird."},{"id":null,"key":"CS_ContentListFilter_TypeName","value":"Typname"},{"id":null,"key":"CS_ContentListFilter_TypeName_Help","value":"Suchen nach Objekttyp."},{"id":null,"key":"CS_ContentList_AcceptFileTypes","value":"Akzeptierte Dateitypen"},{"id":null,"key":"CS_ContentList_AcceptFileTypes_Help","value":"Geben Sie die Dateityperweiterungen an, die beim Hinzufügen neuer Dokumente zulässig sind (z. B. .dotx, .pdf usw.). Ohne diese Angabe werden alle Dateitypen akzeptiert."},{"id":null,"key":"CS_ContentList_Actions","value":"Aktionen"},{"id":null,"key":"CS_ContentList_AddButton","value":"Hinzufügen"},{"id":null,"key":"CS_ContentList_AddFolder","value":"Ordner hinzufügen"},{"id":null,"key":"CS_ContentList_Advanced","value":"Erweitert"},{"id":null,"key":"CS_ContentList_BatchObjects","value":"Stapeldokumente abrufen"},{"id":null,"key":"CS_ContentList_Behavior","value":"Verhalten"},{"id":null,"key":"CS_ContentList_CancelCheckout","value":"Auschecken abbrechen"},{"id":null,"key":"CS_ContentList_Case_Client_URI","value":"Case client URI"},{"id":null,"key":"CS_ContentList_Case_Client_URI_Help","value":"The URI for the Case client. Required for Case when running in a SaaS environment."},{"id":null,"key":"CS_ContentList_CheckoutDocument","value":"Dokument auschecken"},{"id":null,"key":"CS_ContentList_Columns","value":"Spalten"},{"id":null,"key":"CS_ContentList_Columns_Help","value":"Die in der Liste anzuzeigenden Spalten. Geben Sie für eigene benutzerdefinierte Spalteneigenschaften einen Wert an. Andernfalls wird ein Standardsatz verwendet."},{"id":null,"key":"CS_ContentList_ConfigurationProperty","value":"Konfigurationseigenschaft"},{"id":null,"key":"CS_ContentList_ConfigurationProperty_Help","value":"Name einer Eigenschaft, in der Konfigurationsdaten im JSON-Format gespeichert werden."},{"id":null,"key":"CS_ContentList_ConfigurationValues","value":"Konfigurationswerte"},{"id":null,"key":"CS_ContentList_ContentItems","value":"Inhaltselemente"},{"id":null,"key":"CS_ContentList_ContentItems_Help","value":"Liste der CSDocument-Objekte, die angezeigt werden sollen. Die ID-Eigenschaft ist die einzige erforderliche Eigenschaft der Dokumentobjekte."},{"id":null,"key":"CS_ContentList_ControllerProperty","value":"Controllerdokumenteigenschaft"},{"id":null,"key":"CS_ContentList_ControllerProperty_Help","value":"Name der Objektwerteigenschaft in der Dokumentklasse für die Herstellung der Verbindung zum Batchcontroller."},{"id":null,"key":"CS_ContentList_DeleteBatchDocument","value":"Batchdokument löschen"},{"id":null,"key":"CS_ContentList_DisableDnDAdd_Help","value":"Aktivieren Sie diese Einstellung, um das Hinzufügen von Dokumenten durch Ziehen und Ablegen zu inaktivieren."},{"id":null,"key":"CS_ContentList_DisableTitleEvent","value":"Titelklickereignis inaktivieren"},{"id":null,"key":"CS_ContentList_DisableTitleEvent_Help","value":"Inaktiviert für den Titel das Auslösen bei einem Klickereignis."},{"id":null,"key":"CS_ContentList_DisabledValues","value":"Inaktivierte Werte"},{"id":null,"key":"CS_ContentList_DisabledValues_Help","value":"Geben Sie die Eigenschaftswerte an, für die die Elementaktionen inaktiviert werden."},{"id":null,"key":"CS_ContentList_DisplayProgressIndicator","value":"Fortschrittsanzeiger anzeigen, wenn Dokumente hinzugefügt werden."},{"id":null,"key":"CS_ContentList_DisplayProgressIndicator_Help","value":"Aktivieren Sie diese Option, um beim Hinzufügen von Dokumenten einen Fortschrittsanzeiger anzuzeigen."},{"id":null,"key":"CS_ContentList_Documents","value":"Dokumente abrufen"},{"id":null,"key":"CS_ContentList_EnableSearchFilter","value":"Suchfilter aktivieren"},{"id":null,"key":"CS_ContentList_EnableSearchFilter_Help","value":"Zeigt die Suchfilterkomponente für die Angabe mehrerer abzufragender Suchparameter und die Ergebnisse in der Listenansicht an."},{"id":null,"key":"CS_ContentList_Enable_Polling","value":"Abfrage nach Dokumentstatus aktivieren"},{"id":null,"key":"CS_ContentList_Enable_Polling_Help","value":"Wenn festgelegt, wird der Status hinzugefügter Dokumente durch Abfragen aktualisiert."},{"id":null,"key":"CS_ContentList_ExtraProperties","value":"Zusätzliche Eigenschaften"},{"id":null,"key":"CS_ContentList_ExtraProperties_Help","value":"Geben Sie zusätzliche Eigenschaften an, die mit den Elementen in der Ergebnismenge zurückgegeben werden sollen."},{"id":null,"key":"CS_ContentList_Filter_Help","value":"Die Eigenschaftswerte werden im Suchfilter mit einem AND-Operator kombiniert."},{"id":null,"key":"CS_ContentList_Folder","value":"Ordner"},{"id":null,"key":"CS_ContentList_FolderContainees","value":"Ordnerinhalte abrufen"},{"id":null,"key":"CS_ContentList_FolderId","value":"Ordner-ID"},{"id":null,"key":"CS_ContentList_FolderId_Help","value":"Legen Sie Ordner-ID oder Pfad fest, um die Inhaltsliste mit dem angegebenen Ordnerinhalt zu initialisieren. Die Festlegung der Ordner-ID hat Vorrang vor den Sucheinstellungen."},{"id":null,"key":"CS_ContentList_GetBatchDocumentCount","value":"Anzahl der Stapeldokumente abrufen"},{"id":null,"key":"CS_ContentList_GetClassDetails","value":"Klassendetails abrufen"},{"id":null,"key":"CS_ContentList_GetContentClasses","value":"Inhaltsklassen abrufen"},{"id":null,"key":"CS_ContentList_GetProperties","value":"Eigenschaften für \"get\""},{"id":null,"key":"CS_ContentList_GraphqlService","value":"GraphQL-Service"},{"id":null,"key":"CS_ContentList_GraphqlService_Help","value":"Geben Sie bei der Ausführung in einer BAW-Umgebung die graphql-Service-URL an, die von den Toolkit-Services aufgerufen werden soll."},{"id":null,"key":"CS_ContentList_Height_Help","value":"Die Höhe des Inhaltslistenansichtsfensters."},{"id":null,"key":"CS_ContentList_HideAction_Help","value":"Aktivieren Sie die Aktionseinstellung, wenn Sie diese Aktion aus dem Dropdown-Menü entfernen möchten."},{"id":null,"key":"CS_ContentList_HideAddDialog","value":"Beim Hinzufügen von Dokumenten Hinzufügungsdialog ausblenden"},{"id":null,"key":"CS_ContentList_HideAddDialog_Help","value":"Wenn diese Option ausgewählt und ein einzelner Dokumenttyp konfiguriert ist, werden Dokumente hinzugefügt, ohne dass der Dialog \"Dokument hinzufügen\" angezeigt wird."},{"id":null,"key":"CS_ContentList_HideAddDocument","value":"Dokument hinzufügen ausblenden"},{"id":null,"key":"CS_ContentList_HideAddFolder","value":"Ordner hinzufügen ausblenden"},{"id":null,"key":"CS_ContentList_HideCancelCheckoutDoc","value":"Check-out von Dokument abbrechen ausblenden"},{"id":null,"key":"CS_ContentList_HideCheckoutDocument","value":"Dokument auschecken ausblenden"},{"id":null,"key":"CS_ContentList_HideCheckoutState","value":"Check-out-Status ausblenden"},{"id":null,"key":"CS_ContentList_HideCheckoutState_Help","value":"Wählen Sie diese Option aus, um die Anzeige des Check-out-Statussymbols zu aktivieren oder zu inaktivieren."},{"id":null,"key":"CS_ContentList_HideDeleteDocument","value":"Dokument löschen ausblenden"},{"id":null,"key":"CS_ContentList_HideDeleteFolder","value":"Ordner löschen ausblenden"},{"id":null,"key":"CS_ContentList_HideDownloadDocument","value":"Dokument herunterladen ausblenden"},{"id":null,"key":"CS_ContentList_HideEditDocument","value":"Dokument bearbeiten ausblenden"},{"id":null,"key":"CS_ContentList_HideEditDocumentProps","value":"Dokumenteigenschaften bearbeiten ausblenden"},{"id":null,"key":"CS_ContentList_HideEditFolderProps","value":"Ordnereigenschaften bearbeiten ausblenden"},{"id":null,"key":"CS_ContentList_HideRefresh","value":"Aktualisieren ausblenden"},{"id":null,"key":"CS_ContentList_HideRenameFolder","value":"Ordner umbenennen ausblenden"},{"id":null,"key":"CS_ContentList_HideSearchField","value":"Suchfeld ausblenden"},{"id":null,"key":"CS_ContentList_HideSearchField_Help","value":"Das Suchfeld wird nicht angezeigt. Suchparameter werden in den Konfigurationseinstellungen definiert."},{"id":null,"key":"CS_ContentList_HideUploadNewVersionDoc","value":"Neues Versionsdokument hochladen ausblenden"},{"id":null,"key":"CS_ContentList_HideViewDocument","value":"Dokument anzeigen ausblenden"},{"id":null,"key":"CS_ContentList_IncludeTimeInDates","value":"Zeit in Datumseigenschaften einschließen"},{"id":null,"key":"CS_ContentList_IncludeTimeInDates_Help","value":"Anzeigen des Zeitabschnitts des Datumswerts in den Spalteneigenschaften."},{"id":null,"key":"CS_ContentList_InitialPageSize","value":"Größe der ersten Seite"},{"id":null,"key":"CS_ContentList_InitialPageSize_Help","value":"Die Größe der Ergebnismenge, die zur Wiedergabe in der Inhaltsliste zurückgegeben wird. Die Standardseitengröße beträgt 20 Elemente."},{"id":null,"key":"CS_ContentList_MoreBatchObjects","value":"Weitere Stapeldokumente abrufen"},{"id":null,"key":"CS_ContentList_MoreDocuments","value":"Weitere Dokumente abrufen"},{"id":null,"key":"CS_ContentList_MoreFolderContainees","value":"Weitere Ordnerinhalte abrufen"},{"id":null,"key":"CS_ContentList_MoreSearchREsults","value":"Weitere Suchergebnisse abrufen"},{"id":null,"key":"CS_ContentList_MoreTextSearchResults","value":"Weitere Textsuchergebnisse abrufen"},{"id":null,"key":"CS_ContentList_OnActionMenuOpen","value":"Bei Öffnung des Aktionsmenüs"},{"id":null,"key":"CS_ContentList_OnActionMenuOpen_Help","value":"Ein Ereignis, das unmittelbar vor dem Öffnen des Aktionsmenüs ausgelöst wird. Übergibt ein Ordnerobjekt mit Eigenschaften."},{"id":null,"key":"CS_ContentList_OnAdd","value":"Bei Inhaltshinzufügung"},{"id":null,"key":"CS_ContentList_OnAdd_Help","value":"Das Ereignis, das ausgelöst wird, wenn ein Dokument oder Ordner hinzugefügt wird. Übergibt ein contentItem-Objekt."},{"id":null,"key":"CS_ContentList_OnAllRowsSelected","value":"In allen ausgewählten Zeilen"},{"id":null,"key":"CS_ContentList_OnAllRowsSelected_Help","value":"Dieses Ereignis wird aufgerufen, wenn der Benutzer das Kontrollkästchen 'Select All' (Alle auswählen) anklickt und sich die Inhaltsliste im Modus für die Mehrfachauswahl befindet. Der übergebene Parameter \"selected\" (ausgewählt) zeigt an, ob alle Zeilen oder keine Zeilen ausgewählt sind."},{"id":null,"key":"CS_ContentList_OnContextMenuOpen","value":"Bei Öffnung des Kontextmenüs"},{"id":null,"key":"CS_ContentList_OnContextMenuOpen_Help","value":"Ein Ereignis, das unmittelbar vor dem Öffnen des Kontextmenüs ausgelöst wird. Übergibt ein Inhaltsobjekt mit Eigenschaften."},{"id":null,"key":"CS_ContentList_OnError","value":"Bei Fehler"},{"id":null,"key":"CS_ContentList_OnError_Help","value":"Das Ereignis, das bei einem Servicefehler gesendet wird."},{"id":null,"key":"CS_ContentList_OnFileClicked","value":"Bei Klick auf Datei"},{"id":null,"key":"CS_ContentList_OnFileClicked_Help","value":"Das Ereignis, das ausgelöst wird, wenn in der Hauptspalte ein Dokument ausgewählt wird. Übergibt ein Dokumentobjekt mit Eigenschaften."},{"id":null,"key":"CS_ContentList_OnFilesSelected","value":"Für ausgewählte Dateien"},{"id":null,"key":"CS_ContentList_OnFilesSelected_Help","value":"Ein Ereignis, das ausgelöst wird, wenn Dateien im Dateidialog ausgewählt werden"},{"id":null,"key":"CS_ContentList_OnFolderClicked","value":"Bei Klick auf Ordner"},{"id":null,"key":"CS_ContentList_OnFolderClicked_Help","value":"Ein Ereignis, das ausgelöst wird, wenn in der Hauptspalte ein Ordner ausgewählt wird. Übergibt ein Ordnerobjekt mit Eigenschaften."},{"id":null,"key":"CS_ContentList_OnPollResults","value":"Bei Abfrageergebnissen"},{"id":null,"key":"CS_ContentList_OnPollResults_Help","value":"Wird ausgelöst, wenn ein Abfrageergebnis mit einem enthaltenen Dokumentstatus empfangen wird."},{"id":null,"key":"CS_ContentList_OnResults","value":"Bei geladenen Ergebnissen"},{"id":null,"key":"CS_ContentList_OnResults_Help","value":"Das Ereignis, das gesendet wird, wenn von einem Service Ergebnisse zurückgegeben wurden. Übergibt eine Liste mit Elementen, die in der Inhaltsliste ausgegeben wurden."},{"id":null,"key":"CS_ContentList_OnRowSelected","value":"Bei Zeilenauswahl"},{"id":null,"key":"CS_ContentList_OnRowSelected_Help","value":"Das Ereignis, das ausgelöst wird, wenn eine Zeile über ein Optionsfeld oder Kontrollkästchen ausgewählt wird. Übergibt den zusätzlichen Parameter: Zeile (row.data.contentItem enthält Dokument- oder Ordnerobjekt mit Eigenschaften)."},{"id":null,"key":"CS_ContentList_Polling_Exit_Values","value":"Abfrage von Exiteigenschaftswerten"},{"id":null,"key":"CS_ContentList_Polling_Exit_Values_Help","value":"Abfrage wird gestoppt, wenn der von der Abfrage zurückgegebene Dokumenteigenschaftswert einer der konfigurierten Werte ist."},{"id":null,"key":"CS_ContentList_Polling_Neg_Exit_Values","value":"Abfrage negativer Exiteigenschaftswerte"},{"id":null,"key":"CS_ContentList_Polling_Neg_Exit_Values_Help","value":"Abfrage wird gestoppt, wenn der von der Abfrage zurückgegebene Dokumenteigenschaftswert nicht einer der konfigurierten Werte ist."},{"id":null,"key":"CS_ContentList_RemoveFromFolder_Help","value":"Zeigt eine Dokumentaktion an, mit der ein Dokument aus einem Ordner entfernt wird."},{"id":null,"key":"CS_ContentList_RenameFolder","value":"Ordner umbenennen"},{"id":null,"key":"CS_ContentList_Resources","value":"Ressourcen"},{"id":null,"key":"CS_ContentList_Resources_Help","value":"Ist auf ein externes Ressourcenpaket gesetzt, um lokalisierte Zeichenfolgeressourcen für die Spaltenüberschriften und die Filterbezeichnungen der Eigenschaftsliste zu extrahieren."},{"id":null,"key":"CS_ContentList_RootFolderName","value":"Stammordnername"},{"id":null,"key":"CS_ContentList_RootFolderName_Help","value":"Der Stammordneranzeigename, der statt des Ordnernamens im Content Services-Repository verwendet werden soll."},{"id":null,"key":"CS_ContentList_ScopeFolderActions","value":"Scope folder actions"},{"id":null,"key":"CS_ContentList_ScopeFolderActions_Help","value":"Scopes the Add and Move to folder actions to the root folder specified in the Folder configuration settings."},{"id":null,"key":"CS_ContentList_Search","value":"Suchen"},{"id":null,"key":"CS_ContentList_SearchFilterProperties","value":"Suchfiltereigenschaften"},{"id":null,"key":"CS_ContentList_SearchFilterProperties_Help","value":"Geben Sie die Gruppe der Eigenschaften an, die zum Füllen der Listenansicht abgefragt werden sollen. Die Eigenschaftswerte werden im Suchfilter mit einem AND-Operator kombiniert."},{"id":null,"key":"CS_ContentList_SearchFolderId","value":"In Ordner-ID suchen"},{"id":null,"key":"CS_ContentList_SearchFolderId_Help","value":"Die ID des Ordners, in dem die Suche gestartet werden soll. Dies ist eine optionale Einstellung, die die Suche auf den angegebenen Ordner beschränkt. Wenn nicht angegeben, wird der gesamte Objektspeicher durchsucht."},{"id":null,"key":"CS_ContentList_SearchFor","value":"Suchen nach"},{"id":null,"key":"CS_ContentList_SearchFor_Help","value":"Suchen nach Dokument- oder Ordnerelementen."},{"id":null,"key":"CS_ContentList_SearchOnlyFolder","value":"Nur diesen Ordner durchsuchen"},{"id":null,"key":"CS_ContentList_SearchOnlyFolder_Help","value":"Unterordner werden nicht in die Suche eingeschlossen."},{"id":null,"key":"CS_ContentList_SearchOperator","value":"Operator"},{"id":null,"key":"CS_ContentList_SearchOperator_Help","value":"Der zu verwendende Abfrageoperator, z. B. Beginnt mit, Endet mit, Entspricht, Entspricht nicht, \\=, <, >, <>, >\\=, <\\= usw."},{"id":null,"key":"CS_ContentList_SearchProperty","value":"Sucheigenschaft"},{"id":null,"key":"CS_ContentList_SearchPropertyCardinality","value":"Sucheigenschaftskardinalität"},{"id":null,"key":"CS_ContentList_SearchPropertyCardinality_Help","value":"Gibt an, ob die Sucheigenschaft ein Einzel- oder Mehrfachwert ist."},{"id":null,"key":"CS_ContentList_SearchPropertyType","value":"Sucheigenschaftstyp"},{"id":null,"key":"CS_ContentList_SearchPropertyType_Help","value":"Der Datentyp der angegebenen Sucheigenschaft."},{"id":null,"key":"CS_ContentList_SearchProperty_Help","value":"Der symbolische Name der Eigenschaft, nach der gesucht werden soll."},{"id":null,"key":"CS_ContentList_SearchResults","value":"Suchergebnisse abrufen"},{"id":null,"key":"CS_ContentList_SearchRootName","value":"Name der Root-Suche"},{"id":null,"key":"CS_ContentList_SearchRootName_Help","value":"Der Anzeigename der Root-Suche, der im Breadcrumb verwendet werden soll."},{"id":null,"key":"CS_ContentList_SearchTextOptions","value":"Textoptionen"},{"id":null,"key":"CS_ContentList_SearchTextOptions_Help","value":"Konfigurieren Sie die Suche so, dass neben der angegebenen Eigenschaftssuche auch eine Inhaltsbasisabfrage enthalten ist."},{"id":null,"key":"CS_ContentList_SearchType","value":"Suchtyp"},{"id":null,"key":"CS_ContentList_SearchType_Help","value":"Suchen nach Objekten eines bestimmten Typs."},{"id":null,"key":"CS_ContentList_SearchValue","value":"Standardwert"},{"id":null,"key":"CS_ContentList_SearchValue_Help","value":"Der Wert, nach dem gesucht werden soll. Erfolgt keine Angabe, können Benutzer einen Wert eingeben, um die Suche zur Laufzeit aufzurufen."},{"id":null,"key":"CS_ContentList_SecondaryProperty","value":"Status sekundäre Eigenschaft"},{"id":null,"key":"CS_ContentList_SecondaryProperty_Help","value":"Wählen Sie eine Eigenschaft aus, die als benutzerdefinierte sekundäre Statuseigenschaft verwendet werden soll."},{"id":null,"key":"CS_ContentList_SelectionMode","value":"Auswahlmodus"},{"id":null,"key":"CS_ContentList_SelectionMode_Help","value":"Einzelauswahl, Mehrfachauswahl oder keine."},{"id":null,"key":"CS_ContentList_Services","value":"Services"},{"id":null,"key":"CS_ContentList_ShowAddToFolder","value":"„Zu Ordner hinzufügen“ anzeigen"},{"id":null,"key":"CS_ContentList_ShowAddToFolder_Help","value":"Zeigt eine Dokumentaktion an, die ein Dokument zu einem Ordner hinzufügt."},{"id":null,"key":"CS_ContentList_ShowCustomState","value":"Benutzerdefinierten Status anzeigen"},{"id":null,"key":"CS_ContentList_ShowCustomState_Help","value":"Wählen Sie diese Option aus, um die Anzeige eines benutzerdefinierten Statussymbols zu aktivieren oder zu inaktivieren."},{"id":null,"key":"CS_ContentList_ShowListAnnotations","value":"Listenanmerkungen anzeigen"},{"id":null,"key":"CS_ContentList_ShowListAnnotations_Help","value":"Zeigt die Liste der Anmerkungen an, die einem Dokument zugeordnet sind"},{"id":null,"key":"CS_ContentList_ShowListVersions","value":"Listenversionen anzeigen"},{"id":null,"key":"CS_ContentList_ShowListVersions_Help","value":"Zeigt das Versionsprotokoll eines Dokuments an."},{"id":null,"key":"CS_ContentList_ShowMoveToFolder","value":"„Verschieben in Ordner“ anzeigen"},{"id":null,"key":"CS_ContentList_ShowMoveToFolder_Help","value":"Zeigt eine Dokumentaktion an, die ein Dokument von einem Ordner in einen anderen verschiebt."},{"id":null,"key":"CS_ContentList_ShowRemoveFromFolder","value":"„Aus Ordner entfernen anzeigen“"},{"id":null,"key":"CS_ContentList_SortOrder","value":"Sortierreihenfolge"},{"id":null,"key":"CS_ContentList_SortOrder_Help","value":"Standardsortierrichtung, aufsteigend oder absteigend."},{"id":null,"key":"CS_ContentList_SortProperty","value":"Nach Eigenschaft sortieren"},{"id":null,"key":"CS_ContentList_SortProperty_Help","value":"Wählen Sie eine Eigenschaft zum Sortieren der Ergebnismenge aus."},{"id":null,"key":"CS_ContentList_StateProperty","value":"Statuseigenschaft"},{"id":null,"key":"CS_ContentList_StateProperty_Help","value":"Wählen Sie eine Eigenschaft aus, die als benutzerdefinierte Statuseigenschaft verwendet werden soll."},{"id":null,"key":"CS_ContentList_Status_Polling_Interval","value":"Statusabfrageintervall"},{"id":null,"key":"CS_ContentList_Status_Polling_Interval_Help","value":"Anzahl der Sekunden zwischen Anforderungen zum Abfragen des Status hinzugefügter Dokumente."},{"id":null,"key":"CS_ContentList_Status_Polling_Property","value":"Abfragestatuseigenschaft"},{"id":null,"key":"CS_ContentList_Status_Polling_Property_Help","value":"Eigenschaft, die abgefragt wird, um den Status hinzugefügter Dokumente zu erhalten."},{"id":null,"key":"CS_ContentList_Status_Polling_Timeout","value":"Abfragezeitlimit pro Dokument"},{"id":null,"key":"CS_ContentList_Status_Polling_Timeout_Help","value":"Anzahl der Sekunden pro Dokument, nach denen die Abfrage gestoppt wird, wenn eine Exitbedingung nicht erfüllt ist."},{"id":null,"key":"CS_ContentList_TableRowHeight","value":"Tabellenzeilenhöhe"},{"id":null,"key":"CS_ContentList_TableRowHeight_Help","value":"Einstellung zur Angabe der Tabellenzeilenhöhe der Inhaltsliste."},{"id":null,"key":"CS_ContentList_TextSearchResults","value":"Textsuchergebnisse abrufen"},{"id":null,"key":"CS_ContentList_UpdateProperties","value":"Eigenschaften aktualisieren"},{"id":null,"key":"CS_ContentList_ViewMode","value":"Anzeigemodus"},{"id":null,"key":"CS_ContentList_ViewMode_Help","value":"Gibt den Anzeigemodus der Inhaltsliste an. Wenn diese Option auf eine der beiden Optionen gesetzt ist, wird die Schaltfläche 'Einstellungen' in der Symbolleiste angezeigt."},{"id":null,"key":"CS_ContentList_Width_Help","value":"Die Breite des Inhaltslistenansichtsfensters."},{"id":null,"key":"CS_ContentLlist_DisableDnDAdd","value":"Hinzufügen durch Ziehen und Ablegen inaktivieren"},{"id":null,"key":"CS_ContentLlist_Polling_Neg_Exit_Values_Help","value":"Abfrage wird gestoppt, wenn der von der Abfrage zurückgegebene Dokumenteigenschaftswert nicht einer der konfigurierten Werte ist."},{"id":null,"key":"CS_ContentViewerHeight_Help","value":"Legt die Höhe des Anzeigefensters fest. Wenn keine Angabe erfolgt, wird der Standardwert 480px verwendet."},{"id":null,"key":"CS_ContentViewerWidth_Help","value":"Legt die Breite des Anzeigefensters fest. Wenn keine Angabe erfolgt, wird der Standardwert 600px verwendet."},{"id":null,"key":"CS_ContentViewer_FitHeight","value":"Höhe anpassen"},{"id":null,"key":"CS_ContentViewer_FitWidth","value":"Breite anpassen"},{"id":null,"key":"CS_ContentViewer_Height","value":"Höhe"},{"id":null,"key":"CS_ContentViewer_OnLoad","value":"Beim Laden"},{"id":null,"key":"CS_ContentViewer_Width","value":"Breite"},{"id":null,"key":"CS_ContestList_MaxAddDocs_Help","value":"Geben Sie die maximale Anzahl Dokumente an, die Benutzer gleichzeitig hinzufügen können. Das Standardmaximum ist 50, aber Sie können das Maximum auf 300 einstellen."},{"id":null,"key":"CS_DeleteObject_DeleteObject","value":"Objekt löschen"},{"id":null,"key":"CS_DeleteObject_OnDeleteObject","value":"Im Löschobjekt"},{"id":null,"key":"CS_DeleteObject_OnDeleteObjectHelp","value":"Ein Ereignis, das nach dem Löschen des Objekts ausgelöst wird."},{"id":null,"key":"CS_DepDocPropertiesProperty","value":"Abhängige Dokumenteigenschaft"},{"id":null,"key":"CS_DepDocPropertiesProperty_Help","value":"Der symbolische Name der Objektwerteigenschaft, die auf das Dokument verweist, das anzuzeigende JSON-Werte enthält."},{"id":null,"key":"CS_DepDocumentProperties_OnError","value":"Bei Fehler"},{"id":null,"key":"CS_DepDocumentProperties_OnError_Help","value":"Ein Ereignis, das ausgelöst wird, wenn beim Abrufen von Eigenschaftswerten ein Fehler auftritt."},{"id":null,"key":"CS_DocumentReference_AddDocMode","value":"Dokumentmodus hinzufügen"},{"id":null,"key":"CS_DocumentReference_AddDocMode_Help","value":"Einstellung, die den Prozess zum Hinzufügen von Dokumenten steuert. Bei Auswahl von 'None' (Keine) gibt es keine Unterstützung beim Hinzufügen, bei 'Add no UI' (Keine Benutzerschnittstelle hinzufügen) wird keine Benutzerschnittstelle angezeigt und bei 'Add with properties' (Mit Eigenschaften anzeigen) wird der Dialog zum Hinzufügen von Dokumenten angezeigt."},{"id":null,"key":"CS_DocumentReference_AllowsActions","value":"Aktionen erlauben"},{"id":null,"key":"CS_DocumentReference_AllowsActions_Help","value":"Aktiviert das Dropdown-Kontextmenü der Content-Management-Aktionen in der Ansichtskomponente."},{"id":null,"key":"CS_DocumentReference_AllowsRemoveDoc","value":"Ermöglicht Löschen von Dokument"},{"id":null,"key":"CS_DocumentReference_AllowsRemoveDoc_Help","value":"Ermöglicht die Aktion zum Löschen von Dokumenten in der Ansichtskomponente. Mit dieser Aktion wird das Dokument nur aus der Ansicht gelöscht, nicht aber aus dem Repository."},{"id":null,"key":"CS_DocumentReference_DocumentId","value":"Dokument-ID"},{"id":null,"key":"CS_DocumentReference_DocumentId_Help","value":"Die ID des Dokuments, das Sie in diese Ansicht laden möchten."},{"id":null,"key":"CS_DocumentReference_EnableTitleAction","value":"Menüaktion für Titelklick aktivieren"},{"id":null,"key":"CS_DocumentReference_EnableTitleAction_Help","value":"Ermöglicht das Klicken auf den Dokumenttiteltext und führt die erste Aktion aus, die im Kontextmenü aufgelistet ist."},{"id":null,"key":"CS_DocumentReference_EnableTitleEvent","value":"Klickereignis für Titel aktivieren"},{"id":null,"key":"CS_DocumentReference_EnableTitleEvent_Help","value":"Aktiviert den Text des Dokumenttitels, auf den geklickt werden kann, und löst ein Klickereignis aus, das einen Ereignisparameter \"contentItem\" übergibt."},{"id":null,"key":"CS_DocumentReference_HelperText","value":"Hilfetext"},{"id":null,"key":"CS_DocumentReference_HelperText_Help","value":"Hilfetext wird unter dem Eingabefeld angezeigt."},{"id":null,"key":"CS_DocumentReference_HintText","value":"Hinweistext"},{"id":null,"key":"CS_DocumentReference_HintText_Help","value":"Hinweistext für die Anzeige im Feld, wenn kein Dokument angegeben ist."},{"id":null,"key":"CS_DocumentReference_OnClear","value":"Beim Löschen"},{"id":null,"key":"CS_DocumentReference_OnClear_Help","value":"Ein Ereignis, das ausgelöst wird, wenn der Benutzer die Aktion zum Löschen aufruft."},{"id":null,"key":"CS_DocumentReference_OnClick","value":"Bei Anklicken"},{"id":null,"key":"CS_DocumentReference_OnClick_Help","value":"Ein Ereignis, das ausgelöst wird, wenn auf den Dokumenttitel geklickt wird."},{"id":null,"key":"CS_DocumentReference_ViewMode","value":"Ansichtsmodus"},{"id":null,"key":"CS_DocumentReference_ViewMode_Help","value":"Legen Sie 'Normal' fest, um den MIME-Typ und den Titel des Dokuments anzuzeigen, oder legen Sie 'Thumbnail' fest, um das Piktogramm und den Titel des Dokuments anzuzeigen."},{"id":null,"key":"CS_DocumentViewer_Features","value":"Funktionen"},{"id":null,"key":"CS_DocumentViewer_IcnRepository","value":"Navigator-Repository"},{"id":null,"key":"CS_DocumentViewer_IcnRepository_Help","value":"Der Name des Navigator-Repositorys, das beim Öffnen der Lesezeichen-URL zum Anzeigen des Dokuments verwendet werden soll. Erforderlich, wenn Ihrem Navigator-Desktop mehrere Repositorys zugeordnet sind."},{"id":null,"key":"CS_DocumentViewer_ShowBanner","value":"Banner anzeigen"},{"id":null,"key":"CS_DocumentViewer_ShowBanner_Help","value":"Aktivieren Sie diese Einstellung, um die Bannerleiste über dem Anzeigefenster anzuzeigen."},{"id":null,"key":"CS_DocumentViewer_ShowTitleBar","value":"Titelleiste anzeigen"},{"id":null,"key":"CS_DocumentViewer_ShowTitleBar_Help","value":"Aktivieren Sie diese Einstellung, um die Titelleiste über dem Anzeigefenster anzuzeigen."},{"id":null,"key":"CS_DocumentViewer_Viewer","value":"Viewer"},{"id":null,"key":"CS_Document_Classes","value":"Dokumentklassen"},{"id":null,"key":"CS_Document_Classes_Help","value":"Eine Gruppe von Dokumentklassen, die beim Hinzufügen neuer Dokumente angezeigt werden. Wenn nicht festgelegt, werden Dokumentklassen vom Server abgerufen. Die hier eingegebenen Namen werden dem Benutzer angezeigt und die Werte entsprechen den symbolischen Namen der einzelnen Dokumentklassen."},{"id":null,"key":"CS_Done","value":"Fertig"},{"id":null,"key":"CS_Event_OnLoad","value":"Bei Ansicht geladen"},{"id":null,"key":"CS_Event_OnLoad_Help","value":"Ein Ereignis, das ausgelöst wird, wenn das Laden der Ansicht abgeschlossen ist."},{"id":null,"key":"CS_ExportClassificationDataOnError","value":"Bei Fehler"},{"id":null,"key":"CS_ExportClassificationDataOnError_Help","value":"Ein Ereignis, das ausgelöst wird, wenn beim Herunterladen von Klassifikationsdaten ein Fehler auftritt."},{"id":null,"key":"CS_ExportClassificationDataOnSuccess","value":"Bei Erfolg"},{"id":null,"key":"CS_ExportClassificationDataOnSuccess_Help","value":"Ein Ereignis, das ausgelöst wird, wenn Klassifikationsdaten erfolgreich heruntergeladen werden."},{"id":null,"key":"CS_ExportProcessingData_DownloadTables","value":"Tabellendaten herunterladen (es werden mehrere Dateien heruntergeladen)"},{"id":null,"key":"CS_ExportProcessingData_ExportButton","value":"Daten exportieren"},{"id":null,"key":"CS_ExportProcessingData_FileName","value":"Dateiname"},{"id":null,"key":"CS_ExportProcessingData_GetAnnotations","value":"Dokumentverarbeitungsanmerkungen abrufen"},{"id":null,"key":"CS_ExportProcessingData_Help","value":"Geben Sie der Datei einen Namen und wählen Sie einen Dateityp für den Export aus."},{"id":null,"key":"CS_ExportProcessingData_LearnMoreLink","value":"Link \"Weitere Informationen\""},{"id":null,"key":"CS_ExportProcessingData_LearnMoreLinkHelp","value":"Webadresse, die auf Hilfeinformationen zum Exportieren von Tabellen im CSV-Format verweist."},{"id":null,"key":"CS_ExportProcessingData_OnExportStart","value":"Beim Exportstart"},{"id":null,"key":"CS_ExportProcessingData_OnExportStart_Help","value":"Wird ausgelöst, wenn der Benutzer im Dialogfeld auf die Schaltfläche \"Daten exportieren\" klickt und der Export beginnt."},{"id":null,"key":"CS_FileDocument_OnFile","value":"In Datei"},{"id":null,"key":"CS_FileDocument_OnFile_Help","value":"Ein Ereignis, das ausgelöst wird, wenn ein Dokument in einem Ordner abgelegt wird."},{"id":null,"key":"CS_FileDocument_Service","value":"Dokument ablegen"},{"id":null,"key":"CS_FileDropZone_AcceptFileTypes","value":"Akzeptierte Dateitypen"},{"id":null,"key":"CS_FileDropZone_AcceptFileTypes_Help","value":"Geben Sie die Dateitypen an, die vom Dateiablegebereich akzeptiert werden. Die Dateitypen müssen als Dateierweiterungszeichenfolgen mit Punkt angegeben werden."},{"id":null,"key":"CS_FileDropZone_DetailMessage","value":"Nachricht mit Details"},{"id":null,"key":"CS_FileDropZone_DetailMessage_Help","value":"Nachrichtenzeichenfolge, die über dem Dateiablegebereich angezeigt wird."},{"id":null,"key":"CS_FileDropZone_DocumentType","value":"Dokumenttyp"},{"id":null,"key":"CS_FileDropZone_DocumentType_Help","value":"Dokumenttyp, der beim Hinzufügen von Dokumenten verwendet werden soll. Wenn nicht festgelegt, wird der Standarddokumenttyp verwendet."},{"id":null,"key":"CS_FileDropZone_FolderId_Help","value":"Ordner-ID des Ordners, zu dem die Dokumente hinzugefügt werden. Wenn nicht angegeben, werden die Dokumente nicht abgelegt."},{"id":null,"key":"CS_FileDropZone_Height_Help","value":"Die Höhe des Dateiablegebereichs."},{"id":null,"key":"CS_FileDropZone_MaxAddDoc","value":"Maximale Anzahl hinzuzufügender Dokumente"},{"id":null,"key":"CS_FileDropZone_MaxAddDoc_Help","value":"Geben Sie die maximale Anzahl Dokumente an, die Benutzer gleichzeitig hinzufügen können. Das Standardmaximum ist 50."},{"id":null,"key":"CS_FileDropZone_MaxDocumentSize","value":"Max. Dokumentgröße"},{"id":null,"key":"CS_FileDropZone_MaxDocumentSize_Help","value":"Die maximale Dokumentgröße in KB, die hinzugefügt werden darf. Bei 0 ist die Größe unbegrenzt."},{"id":null,"key":"CS_FileDropZone_Width_Help","value":"Die Breite des Dateiablegebereichs."},{"id":null,"key":"CS_Folder_Classes","value":"Ordnerklassen"},{"id":null,"key":"CS_Folder_Classes_Help","value":"Eine Gruppe von Ordnerklassen, die beim Hinzufügen neuer Ordner angezeigt werden. Wenn nicht festgelegt, werden Ordnerklassen vom Server abgerufen. Die hier eingegebenen Namen werden dem Benutzer angezeigt und die Werte entsprechen den symbolischen Namen der einzelnen Ordnerklassen."},{"id":null,"key":"CS_GetContent_GetAnnotation","value":"Anmerkung abrufen"},{"id":null,"key":"CS_GetContent_GetAppResourceInfo","value":"App-Ressourceninformationen abrufen"},{"id":null,"key":"CS_GetContent_GetClassAccess","value":"Klassenzugriff abrufen"},{"id":null,"key":"CS_GetContent_GetVersionSeries","value":"Versionsserie abrufen"},{"id":null,"key":"CS_GetContent_OnContentReceived","value":"Bei Inhaltsempfang"},{"id":null,"key":"CS_GetContent_OnContentReceived_Help","value":"Ein Ereignis, das ausgelöst wird, wenn der Dokumentinhalt in der Antwort zurückgegeben wurde."},{"id":null,"key":"CS_GetContent_OnGetClassAccess","value":"Bei Abruf von Klassenzugriff"},{"id":null,"key":"CS_GetContent_OnGetClassAccess_Help","value":"Ein Ereignis, das ausgelöst wird, wenn die Antwort auf den Klassenzugriffsabruf zurückgegeben wurde."},{"id":null,"key":"CS_GetContent_OnPropertiesUpdated","value":"Bei aktualisierten Eigenschaften"},{"id":null,"key":"CS_GetContent_OnPropertiesUpdated_Help","value":"Ein Ereignis, das ausgelöst wird, wenn die Eigenschaften abgerufen und im Inhaltselementobjekt aktualisiert wurden."},{"id":null,"key":"CS_Height","value":"Höhe"},{"id":null,"key":"CS_Hide_Time_Picker","value":"Zeitauswahlfeld beim Bearbeiten von Datums- und Uhrzeitwerten ausblenden"},{"id":null,"key":"CS_Hide_Time_Picker_Help","value":"Wenn dieser Wert festgelegt ist, wird die Schnittstelle zum Bearbeiten des Zeitabschnitts für Datums- und Uhrzeitwerte ausgeblendet."},{"id":null,"key":"CS_ListAnnotations_Annotations","value":"Anmerkungen"},{"id":null,"key":"CS_ListAnnotations_GetAnnotations","value":"Anmerkungen abrufen"},{"id":null,"key":"CS_ListAnnotations_OnDone","value":"Nach Abschluss"},{"id":null,"key":"CS_ListAnnotations_OnDone_Help","value":"Ein Ereignis, das ausgelöst wird, wenn der Dialog zum Auflisten von Anmerkungen geschlossen wird."},{"id":null,"key":"CS_ListVersions_GetVersions","value":"Versionen abrufen"},{"id":null,"key":"CS_ListVersions_Versions","value":"Versionen"},{"id":null,"key":"CS_Modal_OnCancel","value":"Bei Abbruch"},{"id":null,"key":"CS_Modal_OnCancel_Help","value":"Ein Ereignis, das ausgelöst wird, wenn der Benutzer eine modale Ansicht abbricht."},{"id":null,"key":"CS_Move","value":"Verschieben"},{"id":null,"key":"CS_MoveDocument","value":"Dokument verschieben"},{"id":null,"key":"CS_MoveDocument_GetFolderRcr","value":"Ordner rcrs abrufen"},{"id":null,"key":"CS_MoveDocument_MoveFrom","value":"Verschieben von"},{"id":null,"key":"CS_MoveDocument_OnMove","value":"Beim Verschieben"},{"id":null,"key":"CS_MoveDocument_OnMove_Help","value":"Ein Ereignis, das ausgelöst wird, wenn ein Dokument in einen Ordner verschoben wird."},{"id":null,"key":"CS_MoveToFolder","value":"In Ordner verschieben"},{"id":null,"key":"CS_MoveToFolder_Desc","value":"Sie können Dokumente aus einem Ordner in einen anderen verschieben."},{"id":null,"key":"CS_OK","value":"OK"},{"id":null,"key":"CS_ObjectStoreName","value":"Repository-Name"},{"id":null,"key":"CS_ObjectStoreName_Help","value":"Objektspeichername aus der Administration Console for Content Platform Engine."},{"id":null,"key":"CS_On_Class_Selected","value":"Bei Klassenauswahl"},{"id":null,"key":"CS_On_Class_Selected_Help","value":"Das Ereignis, das ausgelöst wird, wenn der Benutzer eine Klasse auswählt."},{"id":null,"key":"CS_ProgressIndicator_OnClose","value":"Beim Schließen"},{"id":null,"key":"CS_ProgressIndicator_OnClose_Help","value":"Wird ausgelöst, wenn der Fortschrittsanzeiger geschlossen wird."},{"id":null,"key":"CS_ProgressIndicator_OnFileRemoved","value":"Bei Dateientfernung"},{"id":null,"key":"CS_ProgressIndicator_OnFileRemoved_Help","value":"Wird ausgelöst, wenn eine anstehende Datei aus dem Fortschrittsanzeiger entfernt wird."},{"id":null,"key":"CS_PropertyList_Display_Edit","value":"Schaltflächen für Bearbeitung von Eigenschaftswerten anzeigen"},{"id":null,"key":"CS_PropertyList_Display_Edit_Help","value":"Anzeigen von Schaltflächen in einer Symbolleiste, über die Benutzer Eigenschaftswerte bearbeiten können."},{"id":null,"key":"CS_PropertyPoller_OnError","value":"Bei Fehler"},{"id":null,"key":"CS_PropertyPoller_OnError_Help","value":"Wird ausgelöst, wenn beim Abfragen einer Eigenschaft ein Fehler auftritt."},{"id":null,"key":"CS_PropertyPoller_OnResults","value":"Bei Ergebnissen"},{"id":null,"key":"CS_PropertyPoller_OnResults_Help","value":"Wird ausgelöst, wenn Ergebnisse von einer Abfrageanforderung empfangen werden."},{"id":null,"key":"CS_PropertyPoller_OnStatus","value":"Bei Eigenschaftsinformationsrückgabe"},{"id":null,"key":"CS_PropertyPoller_OnStatus_Help","value":"Wird ausgelöst, wenn von einer Abfrage des Servers nach Eigenschaftsinformationen Daten zurückgegeben werden."},{"id":null,"key":"CS_Query_ExecuteOnChange","value":"Suche bei Änderung ausführen"},{"id":null,"key":"CS_Query_ExecuteOnChange_Help","value":"Führt die konfigurierte Suche aus, wenn das Ansichtsänderungsereignis in der Komponente auftritt."},{"id":null,"key":"CS_Query_ExecuteOnView","value":"Suche bei Anzeige ausführen"},{"id":null,"key":"CS_Query_ExecuteOnView_Help","value":"Führt die konfigurierte Suche aus, wenn das Coach-Ansichtsereignis in der Komponente auftritt."},{"id":null,"key":"CS_Query_MaxResults","value":"Maximale Ergebnisse"},{"id":null,"key":"CS_Query_MaxResults_Help","value":"Die maximale Anzahl Ergebnisse, die von der Abfrage zurückgegeben werden sollen."},{"id":null,"key":"CS_Query_OnError","value":"Bei Fehler"},{"id":null,"key":"CS_Query_OnError_Help","value":"Wird ausgelöst, wenn ein Fehler auftritt."},{"id":null,"key":"CS_Query_OnSearchResults","value":"Bei Suchergebnissen"},{"id":null,"key":"CS_Query_OnSearchResults_Help","value":"Wird ausgelöst, wenn Suchergebnisse vom Server zurückgegeben werden."},{"id":null,"key":"CS_Query_ResultProperties","value":"Ergebniseigenschaften"},{"id":null,"key":"CS_Query_ResultProperties_Help","value":"Symbolische Namen von Eigenschaften, die in den Suchergebnissen zurückgegeben werden."},{"id":null,"key":"CS_Query_SearchValue","value":"Suchwerte"},{"id":null,"key":"CS_Query_SearchValue_Help","value":"Die Werte, nach denen gesucht werden soll."},{"id":null,"key":"CS_Remove","value":"Entfernen"},{"id":null,"key":"CS_RemoveFromFolder","value":"Aus Ordner entfernen"},{"id":null,"key":"CS_RemoveFromFolder_Desc","value":"Sie können Dokumente aus Ordnern entfernen. Durch das Entfernen eines Dokuments aus allen Ordnern wird das Dokument jedoch nicht aus dem Repository entfernt. Sie können das Dokument weiterhin abrufen, indem Sie eine Suche ausführen.  In der Liste werden nur Ordner angezeigt, für die Sie über Ansichtsberechtigungen verfügen. "},{"id":null,"key":"CS_RemoveFromFolder_FilterHint","value":"Liste filtern"},{"id":null,"key":"CS_RemoveFromFolder_UnfileDocument","value":"Dokument aus Ordner entfernen"},{"id":null,"key":"CS_Repository","value":"Repository"},{"id":null,"key":"CS_RepositoryId","value":"Repository-ID"},{"id":null,"key":"CS_RepositoryId_Help","value":"Die Repository-ID von IBM Navigator. Dieser Wert wird vom Document Viewer verwendet."},{"id":null,"key":"CS_Save","value":"Speichern"},{"id":null,"key":"CS_SearchOperator_OnChange","value":"Bei Operatoränderung"},{"id":null,"key":"CS_SearchProperty_AddBlankSelection","value":"Leere Auswahl hinzufügen"},{"id":null,"key":"CS_SearchProperty_AddBlankSelection_Help","value":"Eine leere Auswahl in die Liste der Eigenschaften einschließen."},{"id":null,"key":"CS_SearchProperty_IncludeHidden","value":"Einschließen ausgeblendeter"},{"id":null,"key":"CS_SearchProperty_IncludeHidden_Help","value":"Verdeckte Eigenschaften in die Auswahlliste einschließen."},{"id":null,"key":"CS_SearchProperty_IsSearchable","value":"Ist durchsuchbar"},{"id":null,"key":"CS_SearchProperty_IsSearchable_Help","value":"Nur Eigenschaften einschließen, die durchsuchbar sind"},{"id":null,"key":"CS_SearchProperty_OnChangeProperty","value":"Bei Eigenschaftsänderung"},{"id":null,"key":"CS_SearchProperty_OnChangeProperty_Help","value":"Ein Ereignis, das ausgelöst wird, wenn die ausgewählte Eigenschaft geändert wird"},{"id":null,"key":"CS_SearchProperty_OnResult","value":"Bei Ergebnissen"},{"id":null,"key":"CS_SearchProperty_OnResult_Help","value":"Ein Ereignis, das ausgelöst wird, wenn das Laden der Eigenschaftsauswahlliste abgeschlossen ist."},{"id":null,"key":"CS_SearchProperty_SearchFor","value":"Suchen nach"},{"id":null,"key":"CS_SearchProperty_SearchFor_Help","value":"Die Objekttypen, nach denen gesucht werden soll: Dokument oder Ordner."},{"id":null,"key":"CS_SelectFiles","value":"Dateien auswählen"},{"id":null,"key":"CS_SelectObject_DateValue","value":"Datumswert"},{"id":null,"key":"CS_SelectObject_DecimalValue","value":"Dezimalwert"},{"id":null,"key":"CS_SelectObject_Desc","value":"Wählen Sie ein Objekt in der Liste aus."},{"id":null,"key":"CS_SelectObject_DisplayMode","value":"Anzeigemodus"},{"id":null,"key":"CS_SelectObject_DisplayMode_Help","value":"Anzeigemodus, der beim Füllen der Inhaltsliste verwendet werden soll"},{"id":null,"key":"CS_SelectObject_IntegerValue","value":"Ganzzahliger Wert"},{"id":null,"key":"CS_SelectObject_OnChange","value":"Bei Änderung"},{"id":null,"key":"CS_SelectObject_OnSelect","value":"Bei Auswahl"},{"id":null,"key":"CS_SelectObject_OnSelect_Help","value":"Ein Ereignis, das ausgelöst wird, wenn ein Objekt im Dialog ausgewählt wurde"},{"id":null,"key":"CS_SelectObject_Search","value":"Suchen"},{"id":null,"key":"CS_SelectObject_SearchOperator","value":"Bediener"},{"id":null,"key":"CS_SelectObject_SearchProperty","value":"Sucheigenschaft"},{"id":null,"key":"CS_SelectObject_SearchValue","value":"Wert"},{"id":null,"key":"CS_SelectObject_Select","value":"Wählen"},{"id":null,"key":"CS_SelectObject_SelectObject","value":"Objekt auswählen"},{"id":null,"key":"CS_SelectObject_SelectObjectType","value":"Objekttyp auswählen"},{"id":null,"key":"CS_SelectObject_SelectObjectType_Help","value":"Art des Objekts, das ausgewählt werden kann; Dokument oder Ordner."},{"id":null,"key":"CS_SelectObject_SelectValue","value":"Wert auswählen"},{"id":null,"key":"CS_SelectObject_StringValue","value":"Zeichenfolgewert"},{"id":null,"key":"CS_SetDocClass_AddButton","value":"Hinzufügen"},{"id":null,"key":"CS_SetDocClass_AutoClassifyButton","value":"Automatisch klassifizieren"},{"id":null,"key":"CS_SetDocClass_ClassifyButton","value":"Klassifizieren"},{"id":null,"key":"CS_SetDocClass_Description","value":"Um den Dokumenttyp manuell anzugeben, wählen Sie zuerst die Dateien in der Tabelle aus. Verwenden Sie die Option \"Klassifizieren\", um den Dokumenttyp für ausgewählte Dateien zuzuweisen. Wenn eine Datei nicht manuell klassifiziert wird, klassifiziert das System sie automatisch."},{"id":null,"key":"CS_SetDocClass_DeselectButton","value":"Abwählen"},{"id":null,"key":"CS_SetDocClass_Filter_Placeholder","value":"Liste filtern"},{"id":null,"key":"CS_SetDocClass_Modal_Heading","value":"Dateien hinzufügen"},{"id":null,"key":"CS_SummaryCard_Details","value":"Details"},{"id":null,"key":"CS_SummaryCard_Details_Help","value":"Wird im Abschnitt 'Details' der Übersichtskarte angezeigt."},{"id":null,"key":"CS_SummaryCard_DisplayHelpIcon","value":"Hilfesymbol anzeigen"},{"id":null,"key":"CS_SummaryCard_DisplayHelpIcon_Help","value":"Wenn aktiviert, wird in der Karte eine Hilfesymbol angezeigt."},{"id":null,"key":"CS_SummaryCard_HelpLearnMoreUrl","value":"Hilfe-URL für weitere Informationen"},{"id":null,"key":"CS_SummaryCard_HelpLearnMoreUrl_Help","value":"Ein Link zu weiteren Informationen. Wenn festgelegt, wird in der Hilfe-QuickInfo eine Schaltfläche angezeigt und beim Klicken darauf die im Link angegebene Seite aufgerufen."},{"id":null,"key":"CS_SummaryCard_HelpText","value":"Hilfetext"},{"id":null,"key":"CS_SummaryCard_HelpText_Help","value":"Entweder eine Nachrichten-ID oder Text, der in einer QuickInfo angezeigt wird, wenn der Benutzer auf das Hilfesymbol klickt."},{"id":null,"key":"CS_SummaryCard_OnClick","value":"Bei Klick"},{"id":null,"key":"CS_SummaryCard_OnClick_Help","value":"Wird ausgelöst, wenn auf die Übersichtskarte geklickt wird."},{"id":null,"key":"CS_SummaryCard_Title","value":"Titel"},{"id":null,"key":"CS_SummaryCard_Title_Help","value":"Wird als Titel der Übersichtskarte angezeigt."},{"id":null,"key":"CS_Upload","value":"Hochladen"},{"id":null,"key":"CS_UploadContent_GetClassDetails","value":"Klassendetails abrufen"},{"id":null,"key":"CS_UploadContent_MaxUploads","value":"Maximale Anzahl gleichzeitiger Uploads"},{"id":null,"key":"CS_UploadContent_MaxUploads_Help","value":"Die maximale Anzahl Uploads, die gleichzeitig ausgeführt werden."},{"id":null,"key":"CS_UploadContent_OnContentAdded","value":"Bei Inhaltshinzufügung"},{"id":null,"key":"CS_UploadContent_OnContentAdded_Help","value":"Ein Ereignis, das ausgelöst wird, wenn Inhalt erfolgreich hochgeladen wird."},{"id":null,"key":"CS_UploadContent_OnError","value":"Bei Fehler"},{"id":null,"key":"CS_UploadContent_OnError_Help","value":"Ein Ereignis, das ausgelöst wird, wenn beim Hochladen von Inhalt ein Fehler auftritt."},{"id":null,"key":"CS_UploadVersion_OnUploadVersion","value":"Version bei Upload"},{"id":null,"key":"CS_UploadVersion_OnUploadVersionHelp","value":"Ein Ereignis, das ausgelöst wird, wenn eine neue Version des Dokuments hochgeladen wurde."},{"id":null,"key":"CS_Width","value":"Breite"},{"id":null,"key":"pathName","value":"Pfadname"}]}