{"id":"50.adeae4bd-e860-48f8-8f12-9436f7840773/2064.e571369d-4b11-4625-a600-621030240482","localeLanguage":"ja","localeCountry":null,"localeVariant":null,"localeDisplayName":"CSResource","resourceBundleKey":[{"id":null,"key":"CS_ActionList_FilterHintText","value":"フィルター・ヒント・テキスト"},{"id":null,"key":"CS_ActionList_FilterHintText_Help","value":"アクション・リスト・フィルター・コントロールに表示されるヒント・テキストを設定します。"},{"id":null,"key":"CS_ActionList_HideContextMenu","value":"コンテキスト・メニューの非表示"},{"id":null,"key":"CS_ActionList_HideContextMenu_Help","value":"アクション・リストのコンテキスト・メニューを非表示にします。"},{"id":null,"key":"CS_ActionList_HideDocuments","value":"ドキュメントの非表示"},{"id":null,"key":"CS_ActionList_HideDocuments_Help","value":"フォルダー・ナビゲーション・モードのときに、アクション・リストにフォルダーのみを表示できるようにします。"},{"id":null,"key":"CS_Add","value":"追加"},{"id":null,"key":"CS_AddBatch_OnFilesSelected","value":"ファイルが選択された場合"},{"id":null,"key":"CS_AddBatch_OnFilesSelected_Help","value":"ファイルダイアログからファイルが選択されたときに発生するイベント"},{"id":null,"key":"CS_AddToFolder","value":"フォルダーに追加"},{"id":null,"key":"CS_AddToFolder_Desc","value":"1つのドキュメントを複数のフォルダーに追加できます。 ドキュメントが既にフォルダーに入っている場合には、そのフォルダーに残り、指定した追加のフォルダーに追加されます。"},{"id":null,"key":"CS_BatchContent_AutomationDocType","value":"自動化ドキュメント・タイプ"},{"id":null,"key":"CS_BatchContent_AutomationDocType_Help","value":"バッチ・ドキュメントの追加時または変更時に使用されるドキュメント・タイプ。 指定しない場合、値はデフォルトで DbaCaptureBase になります。"},{"id":null,"key":"CS_BatchContent_OnDocumentCheckedOut","value":"ドキュメントのチェックアウト時"},{"id":null,"key":"CS_BatchContent_OnDocumentCheckedOut_Help","value":"ドキュメントがチェックアウトされた場合に発行されるイベント。"},{"id":null,"key":"CS_BatchContent_OnGetProperties","value":"プロパティーの取得時"},{"id":null,"key":"CS_BatchContent_OnGetProperties_Help","value":"プロパティーが取得されたときに発行されるイベント。"},{"id":null,"key":"CS_BatchContent_OnResubmitBatch","value":"バッチの再処理依頼時"},{"id":null,"key":"CS_BatchContent_OnResubmitBatch_Help","value":"処理のためにバッチが正常に再処理依頼されたときに発行されるイベント。"},{"id":null,"key":"CS_BatchContent_OnRollbackBatch","value":"バッチのロールバック時"},{"id":null,"key":"CS_BatchContent_OnRollbackBatch_Help","value":"バッチが正常にロールバックされると発生するイベント。"},{"id":null,"key":"CS_BatchContent_OnSaveBatch","value":"バッチ保存時"},{"id":null,"key":"CS_BatchContent_OnSaveBatch_Help","value":"バッチが保存された場合に発行されるイベント。"},{"id":null,"key":"CS_BatchContent_OnSearchResults","value":"結果検索時"},{"id":null,"key":"CS_BatchContent_OnSearchResults_Help","value":"検索結果が正常に返されたときに発行されるイベント。"},{"id":null,"key":"CS_BatchContent_OnUpdateBatch","value":"バッチ更新時"},{"id":null,"key":"CS_BatchContent_OnUpdateBatch_Help","value":"バッチが更新されたときに発行されるイベント。"},{"id":null,"key":"CS_BatchContent_OnUpdateProperties","value":"プロパティー更新時"},{"id":null,"key":"CS_BatchContent_OnUpdateProperties_Help","value":"プロパティーが更新されたときに発行されるイベント。"},{"id":null,"key":"CS_Cancel","value":"キャンセル"},{"id":null,"key":"CS_Class_Selector_Svc_Error","value":"サービス・エラー"},{"id":null,"key":"CS_Class_Selector_Svc_Error_Help","value":"サービス呼び出しからエラーが返されたときに発生します。"},{"id":null,"key":"CS_ContentListFilter_Cancel","value":"キャンセル"},{"id":null,"key":"CS_ContentListFilter_Filter","value":"フィルター"},{"id":null,"key":"CS_ContentListFilter_GetPropDescs","value":"プロパティーの説明の取得"},{"id":null,"key":"CS_ContentListFilter_OnCanceFilter","value":"キャンセル時"},{"id":null,"key":"CS_ContentListFilter_OnCancelFilter_Help","value":"キャンセル・ボタンがクリックされたときに発行されるイベント。"},{"id":null,"key":"CS_ContentListFilter_OnFilter","value":"フィルター時"},{"id":null,"key":"CS_ContentListFilter_OnFilter_Help","value":"フィルター・ボタンがクリックされた場合に発行されるイベント。"},{"id":null,"key":"CS_ContentListFilter_TypeName","value":"タイプ名"},{"id":null,"key":"CS_ContentListFilter_TypeName_Help","value":"オブジェクト・タイプを検索します。"},{"id":null,"key":"CS_ContentList_AcceptFileTypes","value":"有効なファイル・タイプ"},{"id":null,"key":"CS_ContentList_AcceptFileTypes_Help","value":"新しいドキュメントを追加するときに有効とされるファイル・タイプの拡張子を指定します (例えば、.dotx、.pdf、その他)。 指定しない場合、すべてのファイル・タイプが有効となります。"},{"id":null,"key":"CS_ContentList_Actions","value":"アクション"},{"id":null,"key":"CS_ContentList_AddButton","value":"追加"},{"id":null,"key":"CS_ContentList_AddFolder","value":"フォルダーの追加"},{"id":null,"key":"CS_ContentList_Advanced","value":"拡張設定"},{"id":null,"key":"CS_ContentList_BatchObjects","value":"バッチ文書の取得"},{"id":null,"key":"CS_ContentList_Behavior","value":"動作"},{"id":null,"key":"CS_ContentList_CancelCheckout","value":"チェックアウトの取り消し"},{"id":null,"key":"CS_ContentList_Case_Client_URI","value":"Case client URI"},{"id":null,"key":"CS_ContentList_Case_Client_URI_Help","value":"The URI for the Case client. Required for Case when running in a SaaS environment."},{"id":null,"key":"CS_ContentList_CheckoutDocument","value":"文書のチェックアウト"},{"id":null,"key":"CS_ContentList_Columns","value":"列"},{"id":null,"key":"CS_ContentList_Columns_Help","value":"リスト内に表示する列。 カスタムの列プロパティーを持つ場合はこれらの値を設定します。それ以外の場合はデフォルト設定が使用されます。"},{"id":null,"key":"CS_ContentList_ConfigurationProperty","value":"構成プロパティー"},{"id":null,"key":"CS_ContentList_ConfigurationProperty_Help","value":"構成データが JSON 形式で格納されるプロパティーの名前。"},{"id":null,"key":"CS_ContentList_ConfigurationValues","value":"構成値"},{"id":null,"key":"CS_ContentList_ContentItems","value":"コンテンツ・アイテム"},{"id":null,"key":"CS_ContentList_ContentItems_Help","value":"表示される CSDocument オブジェクトのリスト。 ID プロパティーはドキュメント・オブジェクトの唯一の必須プロパティーです。"},{"id":null,"key":"CS_ContentList_ControllerProperty","value":"コントローラー・ドキュメント・プロパティー"},{"id":null,"key":"CS_ContentList_ControllerProperty_Help","value":"バッチ・コントローラーにリンクするドキュメント・クラスのオブジェクト値プロパティーの名前。"},{"id":null,"key":"CS_ContentList_DeleteBatchDocument","value":"バッチ文書の削除"},{"id":null,"key":"CS_ContentList_DisableDnDAdd_Help","value":"ドラッグ・アンド・ドロップによるドキュメントの追加を無効にするにはこの設定をチェックします。"},{"id":null,"key":"CS_ContentList_DisableTitleEvent","value":"タイトル・クリック・イベントを無効にする"},{"id":null,"key":"CS_ContentList_DisableTitleEvent_Help","value":"クリック時のタイトル・イベントの起動を無効にします。"},{"id":null,"key":"CS_ContentList_DisabledValues","value":"無効にされた値"},{"id":null,"key":"CS_ContentList_DisabledValues_Help","value":"アイテムのアクションを無効にするプロパティー値を指定します。"},{"id":null,"key":"CS_ContentList_DisplayProgressIndicator","value":"ドキュメントの追加時に進行標識を表示します。"},{"id":null,"key":"CS_ContentList_DisplayProgressIndicator_Help","value":"ドキュメントを追加するときに進行標識を表示するには、このオプションをオンにします。"},{"id":null,"key":"CS_ContentList_Documents","value":"文書の取得"},{"id":null,"key":"CS_ContentList_EnableSearchFilter","value":"検索フィルターの有効化"},{"id":null,"key":"CS_ContentList_EnableSearchFilter_Help","value":"照会に使用する複数の検索パラメーターを指定するための検索フィルター・コンポーネントを表示し、リスト・ビューにその結果を表示します。"},{"id":null,"key":"CS_ContentList_Enable_Polling","value":"ドキュメントの状況のポーリングを有効にする"},{"id":null,"key":"CS_ContentList_Enable_Polling_Help","value":"設定した場合、追加されたドキュメントの状況を更新するためにポーリングが使用されます。"},{"id":null,"key":"CS_ContentList_ExtraProperties","value":"追加プロパティー"},{"id":null,"key":"CS_ContentList_ExtraProperties_Help","value":"結果セットの項目と一緒に返す追加のプロパティーを指定します。"},{"id":null,"key":"CS_ContentList_Filter_Help","value":"各プロパティー値は、検索フィルターで AND 演算子で結合されます。"},{"id":null,"key":"CS_ContentList_Folder","value":"フォルダー"},{"id":null,"key":"CS_ContentList_FolderContainees","value":"フォルダー・コンテニーの取得"},{"id":null,"key":"CS_ContentList_FolderId","value":"フォルダー ID"},{"id":null,"key":"CS_ContentList_FolderId_Help","value":"フォルダーの ID またはパスを設定して、指定したフォルダーの内容でコンテンツ・リストを初期化します。 フォルダー ID の設定は、検索設定よりも優先されます。"},{"id":null,"key":"CS_ContentList_GetBatchDocumentCount","value":"バッチ文書数の取得"},{"id":null,"key":"CS_ContentList_GetClassDetails","value":"クラス詳細の取得"},{"id":null,"key":"CS_ContentList_GetContentClasses","value":"コンテンツ・クラスの取得"},{"id":null,"key":"CS_ContentList_GetProperties","value":"プロパティーの取得"},{"id":null,"key":"CS_ContentList_GraphqlService","value":"GraphQL サービス"},{"id":null,"key":"CS_ContentList_GraphqlService_Help","value":"BAW 環境で実行する場合は、ツールキット・サービスによって呼び出される graphql サービス URL を指定します。"},{"id":null,"key":"CS_ContentList_Height_Help","value":"コンテンツ・リスト・ビュー・ウィンドウの高さ。"},{"id":null,"key":"CS_ContentList_HideAction_Help","value":"このアクションをドロップダウン・メニューから削除する場合は、このアクション設定にチェック・マークを付けます。"},{"id":null,"key":"CS_ContentList_HideAddDialog","value":"ドキュメントを追加するときの追加ダイアログを非表示にする"},{"id":null,"key":"CS_ContentList_HideAddDialog_Help","value":"このオプションを選択して単一のドキュメント・タイプを構成した場合、ドキュメントは追加されますが「ドキュメントの追加」ダイアログは表示されません。"},{"id":null,"key":"CS_ContentList_HideAddDocument","value":"ドキュメントの追加を非表示にする"},{"id":null,"key":"CS_ContentList_HideAddFolder","value":"フォルダーの追加を非表示にする"},{"id":null,"key":"CS_ContentList_HideCancelCheckoutDoc","value":"ドキュメントのチェックアウトのキャンセルを非表示にする"},{"id":null,"key":"CS_ContentList_HideCheckoutDocument","value":"ドキュメントのチェックアウトを非表示にする"},{"id":null,"key":"CS_ContentList_HideCheckoutState","value":"状態のチェックアウトを非表示にする"},{"id":null,"key":"CS_ContentList_HideCheckoutState_Help","value":"チェックアウト状態アイコンの表示を有効/無効にするには、このオプションを選択します。"},{"id":null,"key":"CS_ContentList_HideDeleteDocument","value":"ドキュメントの削除を非表示にする"},{"id":null,"key":"CS_ContentList_HideDeleteFolder","value":"フォルダーの削除を非表示にする"},{"id":null,"key":"CS_ContentList_HideDownloadDocument","value":"ドキュメントのダウンロードを非表示にする"},{"id":null,"key":"CS_ContentList_HideEditDocument","value":"ドキュメントの編集を非表示にする"},{"id":null,"key":"CS_ContentList_HideEditDocumentProps","value":"ドキュメント・プロパティーの編集を非表示にする"},{"id":null,"key":"CS_ContentList_HideEditFolderProps","value":"フォルダー・プロパティーの編集を非表示にする"},{"id":null,"key":"CS_ContentList_HideRefresh","value":"リフレッシュの非表示"},{"id":null,"key":"CS_ContentList_HideRenameFolder","value":"フォルダーの名前変更を非表示にする"},{"id":null,"key":"CS_ContentList_HideSearchField","value":"検索フィールドを非表示にする"},{"id":null,"key":"CS_ContentList_HideSearchField_Help","value":"検索フィールドを表示しません。 検索パラメーターは構成設定で定義されます。"},{"id":null,"key":"CS_ContentList_HideUploadNewVersionDoc","value":"新規バージョンのドキュメントのアップロードを非表示にする"},{"id":null,"key":"CS_ContentList_HideViewDocument","value":"ドキュメントの表示を非表示にする"},{"id":null,"key":"CS_ContentList_IncludeTimeInDates","value":"日付プロパティーに時刻を含める"},{"id":null,"key":"CS_ContentList_IncludeTimeInDates_Help","value":"列プロパティーの日付値の時刻部分を表示します。"},{"id":null,"key":"CS_ContentList_InitialPageSize","value":"初期ページ・サイズ"},{"id":null,"key":"CS_ContentList_InitialPageSize_Help","value":"コンテンツ・リストでレンダリングするために返される結果セットのサイズ。 デフォルトのページ・サイズは 20 アイテムです。"},{"id":null,"key":"CS_ContentList_MoreBatchObjects","value":"バッチ文書をさらに取得"},{"id":null,"key":"CS_ContentList_MoreDocuments","value":"文書をさらに取得"},{"id":null,"key":"CS_ContentList_MoreFolderContainees","value":"フォルダー・コンテニーをさらに取得"},{"id":null,"key":"CS_ContentList_MoreSearchREsults","value":"検索結果をさらに取得"},{"id":null,"key":"CS_ContentList_MoreTextSearchResults","value":"テキスト検索結果をさらに取得"},{"id":null,"key":"CS_ContentList_OnActionMenuOpen","value":"アクション・メニューのオープン時"},{"id":null,"key":"CS_ContentList_OnActionMenuOpen_Help","value":"アクション・メニューが開かれるときに発行されるイベント。 プロパティーを持つフォルダー・オブジェクトを渡します。"},{"id":null,"key":"CS_ContentList_OnAdd","value":"コンテンツ追加時"},{"id":null,"key":"CS_ContentList_OnAdd_Help","value":"ドキュメントまたはフォルダーが追加された場合に発行されるイベント。 contentItem オブジェクトを渡します。"},{"id":null,"key":"CS_ContentList_OnAllRowsSelected","value":"すべての行の選択時"},{"id":null,"key":"CS_ContentList_OnAllRowsSelected_Help","value":"このイベントは、ユーザーが「すべて選択」チェック・ボックスをクリックし、コンテンツ・リストが複数選択モードになっているときに呼び出されます。 渡されるパラメーター「selected」は、すべての行が選択されているか、行が 1 つも選択されていないかを示します。"},{"id":null,"key":"CS_ContentList_OnContextMenuOpen","value":"コンテキスト・メニューのオープン時"},{"id":null,"key":"CS_ContentList_OnContextMenuOpen_Help","value":"コンテキスト・メニューが開かれるときに発行されるイベント。 プロパティーを持つコンテンツ・オブジェクトを渡します。"},{"id":null,"key":"CS_ContentList_OnError","value":"エラー時"},{"id":null,"key":"CS_ContentList_OnError_Help","value":"サービス・エラーがあったときに送信されるイベント。"},{"id":null,"key":"CS_ContentList_OnFileClicked","value":"ファイル・クリック時"},{"id":null,"key":"CS_ContentList_OnFileClicked_Help","value":"メイン列でドキュメントが選択されると発生するイベント。 プロパティーを持つドキュメント・オブジェクトを渡します。"},{"id":null,"key":"CS_ContentList_OnFilesSelected","value":"ファイルが選択された場合"},{"id":null,"key":"CS_ContentList_OnFilesSelected_Help","value":"ファイルダイアログからファイルが選択されたときに発生するイベント"},{"id":null,"key":"CS_ContentList_OnFolderClicked","value":"フォルダー・クリック時"},{"id":null,"key":"CS_ContentList_OnFolderClicked_Help","value":"メイン列でフォルダーが選択されると発生するイベント。 プロパティーを持つフォルダー・オブジェクトを渡します。"},{"id":null,"key":"CS_ContentList_OnPollResults","value":"ポーリング結果の取得時"},{"id":null,"key":"CS_ContentList_OnPollResults_Help","value":"ドキュメントの状況が含まれるポーリング結果を受け取ると発行されます。"},{"id":null,"key":"CS_ContentList_OnResults","value":"結果の読み込み時"},{"id":null,"key":"CS_ContentList_OnResults_Help","value":"サービスから結果が返されたときに送信されるイベント。 コンテンツ・リストにレンダリングされたアイテムのリストを渡します。"},{"id":null,"key":"CS_ContentList_OnRowSelected","value":"行選択時"},{"id":null,"key":"CS_ContentList_OnRowSelected_Help","value":"ラジオ・ボタンまたはチェック・ボックスを使用して行が選択されると発生するイベント。 追加パラメーター: row (row.data.contentItemには、プロパティーを持つドキュメント・オブジェクトまたはフォルダー・オブジェクトが入ります) を渡します。"},{"id":null,"key":"CS_ContentList_Polling_Exit_Values","value":"出口プロパティー値のポーリング"},{"id":null,"key":"CS_ContentList_Polling_Exit_Values_Help","value":"ポーリングから返されたドキュメント・プロパティー値が、構成された値のいずれかである場合、ポーリングは停止します。"},{"id":null,"key":"CS_ContentList_Polling_Neg_Exit_Values","value":"出口プロパティーの負の値のポーリング"},{"id":null,"key":"CS_ContentList_Polling_Neg_Exit_Values_Help","value":"ポーリングから返されたドキュメント・プロパティー値が、構成された値のいずれでもない場合、ポーリングは停止します。"},{"id":null,"key":"CS_ContentList_RemoveFromFolder_Help","value":"フォルダーからドキュメントを削除するドキュメント・アクションを表示します。"},{"id":null,"key":"CS_ContentList_RenameFolder","value":"フォルダーの名前変更"},{"id":null,"key":"CS_ContentList_Resources","value":"リソース"},{"id":null,"key":"CS_ContentList_Resources_Help","value":"外部リソース・バンドルに設定して、列ヘッダーとプロパティー・リスト・フィルター・ラベルのローカライズ済みストリング・リソースをプルします。"},{"id":null,"key":"CS_ContentList_RootFolderName","value":"ルート・フォルダー名"},{"id":null,"key":"CS_ContentList_RootFolderName_Help","value":"Content Services リポジトリーでフォルダー名の代わりに使用される、ルート・フォルダーの表示名。"},{"id":null,"key":"CS_ContentList_ScopeFolderActions","value":"Scope folder actions"},{"id":null,"key":"CS_ContentList_ScopeFolderActions_Help","value":"Scopes the Add and Move to folder actions to the root folder specified in the Folder configuration settings."},{"id":null,"key":"CS_ContentList_Search","value":"検索"},{"id":null,"key":"CS_ContentList_SearchFilterProperties","value":"検索フィルター・プロパティー"},{"id":null,"key":"CS_ContentList_SearchFilterProperties_Help","value":"リスト・ビューにデータを取り込むための照会に使用するプロパティーのセットを指定します。 各プロパティー値は、検索フィルターで AND 演算子で結合されます。"},{"id":null,"key":"CS_ContentList_SearchFolderId","value":"検索するフォルダーの ID"},{"id":null,"key":"CS_ContentList_SearchFolderId_Help","value":"検索を開始する対象フォルダーのフォルダー ID。 これは、検索範囲を特定のフォルダーに制限するためのオプションの設定です。 これを設定しない場合、オブジェクト・ストア全体が検索されます。"},{"id":null,"key":"CS_ContentList_SearchFor","value":"検索対象"},{"id":null,"key":"CS_ContentList_SearchFor_Help","value":"ドキュメントまたはフォルダーの項目を検索します。"},{"id":null,"key":"CS_ContentList_SearchOnlyFolder","value":"このフォルダーのみを検索"},{"id":null,"key":"CS_ContentList_SearchOnlyFolder_Help","value":"サブフォルダーの検索は含みません。"},{"id":null,"key":"CS_ContentList_SearchOperator","value":"演算子"},{"id":null,"key":"CS_ContentList_SearchOperator_Help","value":"「次で始まる」、「次で終了する」、「次を含む」、「次を含まない」、「\\=」、「<」、「>」、「<>」、「>\\=」、「<\\=」などの、使用する照会演算子。"},{"id":null,"key":"CS_ContentList_SearchProperty","value":"検索プロパティー"},{"id":null,"key":"CS_ContentList_SearchPropertyCardinality","value":"検索プロパティーのカーディナリティー"},{"id":null,"key":"CS_ContentList_SearchPropertyCardinality_Help","value":"検索プロパティーが単一値と複数値のどちらであるかを指定します。"},{"id":null,"key":"CS_ContentList_SearchPropertyType","value":"検索プロパティー・タイプ"},{"id":null,"key":"CS_ContentList_SearchPropertyType_Help","value":"指定された検索プロパティーのデータ型。"},{"id":null,"key":"CS_ContentList_SearchProperty_Help","value":"検索するプロパティーのシンボル・プロパティー名。"},{"id":null,"key":"CS_ContentList_SearchResults","value":"検索結果の取得"},{"id":null,"key":"CS_ContentList_SearchRootName","value":"ルート検索名"},{"id":null,"key":"CS_ContentList_SearchRootName_Help","value":"パンくずリストで使用するルート検索表示名"},{"id":null,"key":"CS_ContentList_SearchTextOptions","value":"テキスト・オプション"},{"id":null,"key":"CS_ContentList_SearchTextOptions_Help","value":"指定したプロパティー検索に加えて、コンテンツ・ベースの照会も含めるように検索を構成してください。"},{"id":null,"key":"CS_ContentList_SearchType","value":"検索タイプ"},{"id":null,"key":"CS_ContentList_SearchType_Help","value":"特定のタイプのオブジェクトを検索します。"},{"id":null,"key":"CS_ContentList_SearchValue","value":"デフォルト値"},{"id":null,"key":"CS_ContentList_SearchValue_Help","value":"検索する値。 空白のままにする場合は、実行時にユーザーが値を入力して検索を実行できます。"},{"id":null,"key":"CS_ContentList_SecondaryProperty","value":"状態の 2 次プロパティー"},{"id":null,"key":"CS_ContentList_SecondaryProperty_Help","value":"カスタム・セカンダリー状態プロパティーとして使用するプロパティーを選択します。"},{"id":null,"key":"CS_ContentList_SelectionMode","value":"選択モード"},{"id":null,"key":"CS_ContentList_SelectionMode_Help","value":"単一選択、複数選択、または選択なし。"},{"id":null,"key":"CS_ContentList_Services","value":"サービス"},{"id":null,"key":"CS_ContentList_ShowAddToFolder","value":"フォルダーへの追加の表示"},{"id":null,"key":"CS_ContentList_ShowAddToFolder_Help","value":"ドキュメントをフォルダーに追加するドキュメント・アクションを表示します。"},{"id":null,"key":"CS_ContentList_ShowCustomState","value":"カスタム状態を表示する"},{"id":null,"key":"CS_ContentList_ShowCustomState_Help","value":"カスタム状態アイコンの表示を有効/無効にするには、このオプションを選択します。"},{"id":null,"key":"CS_ContentList_ShowListAnnotations","value":"リスト注釈の表示"},{"id":null,"key":"CS_ContentList_ShowListAnnotations_Help","value":"ドキュメントに関連付けられたアノテーションのリストを表示します。"},{"id":null,"key":"CS_ContentList_ShowListVersions","value":"リスト・バージョンの表示"},{"id":null,"key":"CS_ContentList_ShowListVersions_Help","value":"文書のバージョン履歴を表示します。"},{"id":null,"key":"CS_ContentList_ShowMoveToFolder","value":"フォルダーへの移動を表示"},{"id":null,"key":"CS_ContentList_ShowMoveToFolder_Help","value":"ドキュメントをあるフォルダーから別のフォルダーに移動するドキュメント・アクションを表示します。"},{"id":null,"key":"CS_ContentList_ShowRemoveFromFolder","value":"フォルダーからの削除を表示"},{"id":null,"key":"CS_ContentList_SortOrder","value":"ソート順序"},{"id":null,"key":"CS_ContentList_SortOrder_Help","value":"デフォルトのソート方向、昇順または降順。"},{"id":null,"key":"CS_ContentList_SortProperty","value":"プロパティーでソート"},{"id":null,"key":"CS_ContentList_SortProperty_Help","value":"結果セットをソートするために使用するプロパティーを選択します。"},{"id":null,"key":"CS_ContentList_StateProperty","value":"状態プロパティー"},{"id":null,"key":"CS_ContentList_StateProperty_Help","value":"カスタム状態プロパティーとして使用するプロパティーを選択します。"},{"id":null,"key":"CS_ContentList_Status_Polling_Interval","value":"状況のポーリング間隔"},{"id":null,"key":"CS_ContentList_Status_Polling_Interval_Help","value":"追加されたドキュメントの状況をポーリングする要求の実行間隔の秒数。"},{"id":null,"key":"CS_ContentList_Status_Polling_Property","value":"状況プロパティーのポーリング"},{"id":null,"key":"CS_ContentList_Status_Polling_Property_Help","value":"追加されたドキュメントの状況を取得するためにポーリングされるプロパティー。"},{"id":null,"key":"CS_ContentList_Status_Polling_Timeout","value":"1 ドキュメントあたりのポーリング・タイムアウト"},{"id":null,"key":"CS_ContentList_Status_Polling_Timeout_Help","value":"終了条件が満たされなかった場合にポーリングが停止するまでの 1 ドキュメントあたりの秒数。"},{"id":null,"key":"CS_ContentList_TableRowHeight","value":"テーブルの行の高さ"},{"id":null,"key":"CS_ContentList_TableRowHeight_Help","value":"コンテンツ・リスト・テーブルの行の高さを指定するために使用される設定。"},{"id":null,"key":"CS_ContentList_TextSearchResults","value":"テキスト検索結果の取得"},{"id":null,"key":"CS_ContentList_UpdateProperties","value":"プロパティーの更新"},{"id":null,"key":"CS_ContentList_ViewMode","value":"モードの表示"},{"id":null,"key":"CS_ContentList_ViewMode_Help","value":"コンテンツ・リストの表示モードを指定します。 「両方」オプションのいずれかに設定すると、ツールバーに「設定」ボタンが組み込まれます。"},{"id":null,"key":"CS_ContentList_Width_Help","value":"コンテンツ・リスト・ビュー・ウィンドウの幅。"},{"id":null,"key":"CS_ContentLlist_DisableDnDAdd","value":"ドラッグ・アンド・ドロップによる追加を無効にする"},{"id":null,"key":"CS_ContentLlist_Polling_Neg_Exit_Values_Help","value":"ポーリングから返されたドキュメント・プロパティー値が、構成された値のいずれでもない場合、ポーリングは停止します。"},{"id":null,"key":"CS_ContentViewerHeight_Help","value":"ビューアー・ウィンドウの高さを設定します。 設定しない場合、デフォルトで 480pxになります。"},{"id":null,"key":"CS_ContentViewerWidth_Help","value":"ビューアー・ウィンドウの幅を設定します。 設定しない場合、デフォルトで 600pxになります。"},{"id":null,"key":"CS_ContentViewer_FitHeight","value":"高さを合わせる"},{"id":null,"key":"CS_ContentViewer_FitWidth","value":"幅に合わせる"},{"id":null,"key":"CS_ContentViewer_Height","value":"高さ"},{"id":null,"key":"CS_ContentViewer_OnLoad","value":"ロード時"},{"id":null,"key":"CS_ContentViewer_Width","value":"幅"},{"id":null,"key":"CS_ContestList_MaxAddDocs_Help","value":"ユーザーが同時に追加できるドキュメントの最大数を指定します。 デフォルトの最大値は 50ですが、最大値は 300 まで設定できます。"},{"id":null,"key":"CS_DeleteObject_DeleteObject","value":"オブジェクトの削除"},{"id":null,"key":"CS_DeleteObject_OnDeleteObject","value":"オブジェクトの削除時"},{"id":null,"key":"CS_DeleteObject_OnDeleteObjectHelp","value":"オブジェクトが削除された後に発行されるイベント。"},{"id":null,"key":"CS_DepDocPropertiesProperty","value":"依存ドキュメントのプロパティー"},{"id":null,"key":"CS_DepDocPropertiesProperty_Help","value":"表示する JSON 値を含むドキュメントを指すオブジェクト値プロパティーのシンボル名。"},{"id":null,"key":"CS_DepDocumentProperties_OnError","value":"エラー時"},{"id":null,"key":"CS_DepDocumentProperties_OnError_Help","value":"プロパティー値の取得でエラーが発生した場合に発行されるイベント。"},{"id":null,"key":"CS_DocumentReference_AddDocMode","value":"ドキュメント追加モード"},{"id":null,"key":"CS_DocumentReference_AddDocMode_Help","value":"ドキュメントの追加処理を制御する設定。追加をサポートしないようにする場合は「なし」を選択します。「UI を追加しない」は UI を表示しません。「追加」とプロパティーを指定すると、「ドキュメントの追加」ダイアログが表示されます。"},{"id":null,"key":"CS_DocumentReference_AllowsActions","value":"アクションの許可"},{"id":null,"key":"CS_DocumentReference_AllowsActions_Help","value":"ビュー・コンポーネントでコンテンツ管理アクションのドロップダウン・コンテキスト・メニューを有効にします。"},{"id":null,"key":"CS_DocumentReference_AllowsRemoveDoc","value":"ドキュメントのクリアを許可"},{"id":null,"key":"CS_DocumentReference_AllowsRemoveDoc_Help","value":"ビュー・コンポーネントでドキュメントのクリア・アクションを有効にします。このアクションは、ドキュメントをビューからのみクリアし、リポジトリーからは削除しません。"},{"id":null,"key":"CS_DocumentReference_DocumentId","value":"ドキュメント ID"},{"id":null,"key":"CS_DocumentReference_DocumentId_Help","value":"このビューにロードするドキュメントの ID。"},{"id":null,"key":"CS_DocumentReference_EnableTitleAction","value":"タイトル・クリック・メニュー・アクションを有効にする"},{"id":null,"key":"CS_DocumentReference_EnableTitleAction_Help","value":"文書タイトル・テキストをクリック可能にして、コンテキスト・メニューに示されている最初のアクションを実行します。"},{"id":null,"key":"CS_DocumentReference_EnableTitleEvent","value":"タイトル・クリック・イベントを有効にする"},{"id":null,"key":"CS_DocumentReference_EnableTitleEvent_Help","value":"文書タイトルのテキストをクリックできるようにし、クリック・イベントを起動して contentItem イベント・パラメーターを渡します。"},{"id":null,"key":"CS_DocumentReference_HelperText","value":"ヘルパー・テキスト"},{"id":null,"key":"CS_DocumentReference_HelperText_Help","value":"入力フィールドの下に表示されるヘルパー・テキスト。"},{"id":null,"key":"CS_DocumentReference_HintText","value":"ヒント・テキスト"},{"id":null,"key":"CS_DocumentReference_HintText_Help","value":"ドキュメントが指定されていないときにフィールドに表示するヒント・テキスト。"},{"id":null,"key":"CS_DocumentReference_OnClear","value":"クリア時"},{"id":null,"key":"CS_DocumentReference_OnClear_Help","value":"ユーザーがクリア・アクションを呼び出すときに発行されるイベント。"},{"id":null,"key":"CS_DocumentReference_OnClick","value":"クリック時"},{"id":null,"key":"CS_DocumentReference_OnClick_Help","value":"文書タイトルがクリックされると発行されるイベント。"},{"id":null,"key":"CS_DocumentReference_ViewMode","value":"表示モード"},{"id":null,"key":"CS_DocumentReference_ViewMode_Help","value":"ドキュメントの MIME タイプとタイトルを表示するには「通常 (Normal)」に設定し、ドキュメントのサムネールとタイトルを表示するには「サムネール (Thumbnail)」に設定します。"},{"id":null,"key":"CS_DocumentViewer_Features","value":"機能"},{"id":null,"key":"CS_DocumentViewer_IcnRepository","value":"Navigatorリポジトリー"},{"id":null,"key":"CS_DocumentViewer_IcnRepository_Help","value":"ドキュメントを表示するためにブックマークURLを開くときに使用するNavigatorリポジトリーの名前。 Navigatorデスクトップに複数のリポジトリーが割り当てられている場合は必須です。"},{"id":null,"key":"CS_DocumentViewer_ShowBanner","value":"バナーの表示"},{"id":null,"key":"CS_DocumentViewer_ShowBanner_Help","value":"ビューアー・ウィンドウの上にバナー・バーを表示するには、この設定を有効にします。"},{"id":null,"key":"CS_DocumentViewer_ShowTitleBar","value":"タイトル・バーの表示"},{"id":null,"key":"CS_DocumentViewer_ShowTitleBar_Help","value":"この設定を有効にすると、ビューアー・ウィンドウの上にタイトル・バーが表示されます。"},{"id":null,"key":"CS_DocumentViewer_Viewer","value":"ビューアー"},{"id":null,"key":"CS_Document_Classes","value":"ドキュメント・クラス"},{"id":null,"key":"CS_Document_Classes_Help","value":"新規ドキュメントを追加するときに表示されるドキュメント・クラスのセット。 設定されていない場合、ドキュメント・クラスはサーバーから取得されます。 ここに入力された名前はユーザーに表示され、値は各ドキュメント・クラスのシンボル名に対応します。"},{"id":null,"key":"CS_Done","value":"完了"},{"id":null,"key":"CS_Event_OnLoad","value":"ビューのロード時"},{"id":null,"key":"CS_Event_OnLoad_Help","value":"ビューのロードの終了時に起動されるイベント。"},{"id":null,"key":"CS_ExportClassificationDataOnError","value":"エラー時"},{"id":null,"key":"CS_ExportClassificationDataOnError_Help","value":"分類データのダウンロード中にエラーが発生したときに起動されるイベント。"},{"id":null,"key":"CS_ExportClassificationDataOnSuccess","value":"成功時"},{"id":null,"key":"CS_ExportClassificationDataOnSuccess_Help","value":"分類データが正常にダウンロードされたときに発生するイベント。"},{"id":null,"key":"CS_ExportProcessingData_DownloadTables","value":"表データのダウンロード (複数のファイルがダウンロードされます)"},{"id":null,"key":"CS_ExportProcessingData_ExportButton","value":"データのエクスポート"},{"id":null,"key":"CS_ExportProcessingData_FileName","value":"ファイル名"},{"id":null,"key":"CS_ExportProcessingData_GetAnnotations","value":"文書処理のアノテーションの取得"},{"id":null,"key":"CS_ExportProcessingData_Help","value":"ファイルに名前を付け、エクスポートするファイル・タイプを選択します。"},{"id":null,"key":"CS_ExportProcessingData_LearnMoreLink","value":"詳細リンク"},{"id":null,"key":"CS_ExportProcessingData_LearnMoreLinkHelp","value":"CSV 形式で表をエクスポートするためのヘルプを指す Web アドレス。"},{"id":null,"key":"CS_ExportProcessingData_OnExportStart","value":"エクスポート開始時"},{"id":null,"key":"CS_ExportProcessingData_OnExportStart_Help","value":"ユーザーがダイアログの「データのエクスポート」ボタンをクリックすると、エクスポートが開始されます。"},{"id":null,"key":"CS_FileDocument_OnFile","value":"ファイル上"},{"id":null,"key":"CS_FileDocument_OnFile_Help","value":"ドキュメントがフォルダーにファイリングされたときに発行されるイベント。"},{"id":null,"key":"CS_FileDocument_Service","value":"文書ファイル"},{"id":null,"key":"CS_FileDropZone_AcceptFileTypes","value":"有効なファイル・タイプ"},{"id":null,"key":"CS_FileDropZone_AcceptFileTypes_Help","value":"ファイル・ドロップ・ゾーンで有効とされるファイル・タイプを指定します。 ファイル・タイプは、「ファイル、ドット、拡張子ストリング」の形式で指定する必要があります。"},{"id":null,"key":"CS_FileDropZone_DetailMessage","value":"詳細メッセージ"},{"id":null,"key":"CS_FileDropZone_DetailMessage_Help","value":"ファイル・ドロップ・ゾーンの上に表示されるメッセージ・ストリング。"},{"id":null,"key":"CS_FileDropZone_DocumentType","value":"ドキュメント・タイプ"},{"id":null,"key":"CS_FileDropZone_DocumentType_Help","value":"ドキュメントを追加する際に使用するドキュメント・タイプ。 設定されていない場合、デフォルトのドキュメント・タイプが使用されます。"},{"id":null,"key":"CS_FileDropZone_FolderId_Help","value":"ドキュメントが追加されるフォルダーのフォルダー ID。 指定しない場合は、ドキュメントはファイリングされません。"},{"id":null,"key":"CS_FileDropZone_Height_Help","value":"ファイル・ドロップ・ゾーン域の高さ。"},{"id":null,"key":"CS_FileDropZone_MaxAddDoc","value":"追加できるドキュメントの最大数"},{"id":null,"key":"CS_FileDropZone_MaxAddDoc_Help","value":"ユーザーが同時に追加できるドキュメントの最大数を指定します。 デフォルトの最大数は 50 です。"},{"id":null,"key":"CS_FileDropZone_MaxDocumentSize","value":"ドキュメントの最大サイズ"},{"id":null,"key":"CS_FileDropZone_MaxDocumentSize_Help","value":"追加可能なドキュメントの最大サイズ (KB)。 サイズの 0 は、無制限を意味します。"},{"id":null,"key":"CS_FileDropZone_Width_Help","value":"ファイル・ドロップ・ゾーン域の幅。"},{"id":null,"key":"CS_Folder_Classes","value":"フォルダー・クラス"},{"id":null,"key":"CS_Folder_Classes_Help","value":"新規フォルダーを追加するときに表示されるフォルダー・クラスのセット。 設定されていない場合、フォルダー・クラスはサーバーから取得されます。 ここに入力された名前はユーザーに表示され、値は各フォルダー・クラスのシンボル名に対応します。"},{"id":null,"key":"CS_GetContent_GetAnnotation","value":"アノテーションの取得"},{"id":null,"key":"CS_GetContent_GetAppResourceInfo","value":"アプリ・リソース情報の取得"},{"id":null,"key":"CS_GetContent_GetClassAccess","value":"クラス・アクセスの取得"},{"id":null,"key":"CS_GetContent_GetVersionSeries","value":"バージョン・シリーズの取得"},{"id":null,"key":"CS_GetContent_OnContentReceived","value":"コンテンツ受信時"},{"id":null,"key":"CS_GetContent_OnContentReceived_Help","value":"応答でドキュメントの内容が戻された場合に発行されるイベント。"},{"id":null,"key":"CS_GetContent_OnGetClassAccess","value":"クラス・アクセス権限の取得時"},{"id":null,"key":"CS_GetContent_OnGetClassAccess_Help","value":"クラス・アクセス権限の取得への応答が返された場合に発行されるイベント。"},{"id":null,"key":"CS_GetContent_OnPropertiesUpdated","value":"プロパティー更新時"},{"id":null,"key":"CS_GetContent_OnPropertiesUpdated_Help","value":"プロパティーが取得されてコンテンツ・アイテム・オブジェクトで更新されると発生するイベント。"},{"id":null,"key":"CS_Height","value":"高さ"},{"id":null,"key":"CS_Hide_Time_Picker","value":"日時値の編集時に時間ピッカーを非表示にする"},{"id":null,"key":"CS_Hide_Time_Picker_Help","value":"これを設定すると、日時の値の時間の部分を編集するためのインターフェースが非表示になります。"},{"id":null,"key":"CS_ListAnnotations_Annotations","value":"注釈"},{"id":null,"key":"CS_ListAnnotations_GetAnnotations","value":"アノテーションの取得"},{"id":null,"key":"CS_ListAnnotations_OnDone","value":"完了時"},{"id":null,"key":"CS_ListAnnotations_OnDone_Help","value":"「注釈のリスト」ダイアログが閉じられたときに起動されるイベント。"},{"id":null,"key":"CS_ListVersions_GetVersions","value":"バージョンの取得"},{"id":null,"key":"CS_ListVersions_Versions","value":"バージョン"},{"id":null,"key":"CS_Modal_OnCancel","value":"キャンセル時"},{"id":null,"key":"CS_Modal_OnCancel_Help","value":"ユーザーがモーダル・ビューをキャンセルで終了すると発生するイベント。"},{"id":null,"key":"CS_Move","value":"移動"},{"id":null,"key":"CS_MoveDocument","value":"ドキュメントの移動"},{"id":null,"key":"CS_MoveDocument_GetFolderRcr","value":"フォルダーrcrsの取得"},{"id":null,"key":"CS_MoveDocument_MoveFrom","value":"移動元:"},{"id":null,"key":"CS_MoveDocument_OnMove","value":"移動時"},{"id":null,"key":"CS_MoveDocument_OnMove_Help","value":"ドキュメントがフォルダーに移動されたときに発行されるイベント。"},{"id":null,"key":"CS_MoveToFolder","value":"フォルダーに移動"},{"id":null,"key":"CS_MoveToFolder_Desc","value":"フォルダー間でドキュメントを移動できます。"},{"id":null,"key":"CS_OK","value":"OK"},{"id":null,"key":"CS_ObjectStoreName","value":"リポジトリー名"},{"id":null,"key":"CS_ObjectStoreName_Help","value":"Content Platform Engine の管理コンソールからのオブジェクト・ストア名"},{"id":null,"key":"CS_On_Class_Selected","value":"クラス選択時"},{"id":null,"key":"CS_On_Class_Selected_Help","value":"ユーザーがクラスを選択すると発生するイベント。"},{"id":null,"key":"CS_ProgressIndicator_OnClose","value":"クローズ時"},{"id":null,"key":"CS_ProgressIndicator_OnClose_Help","value":"進行標識を閉じると発行されます。"},{"id":null,"key":"CS_ProgressIndicator_OnFileRemoved","value":"ファイル削除時"},{"id":null,"key":"CS_ProgressIndicator_OnFileRemoved_Help","value":"保留中のファイルが進行標識から除去された場合に発行されます。"},{"id":null,"key":"CS_PropertyList_Display_Edit","value":"プロパティー値を編集するためのボタンを表示する"},{"id":null,"key":"CS_PropertyList_Display_Edit_Help","value":"ツールバーに、ユーザーがプロパティー値を編集するためのボタンを表示します。"},{"id":null,"key":"CS_PropertyPoller_OnError","value":"エラー時"},{"id":null,"key":"CS_PropertyPoller_OnError_Help","value":"プロパティーのポーリングでエラーが発生した場合に発行されます。"},{"id":null,"key":"CS_PropertyPoller_OnResults","value":"結果の取得時"},{"id":null,"key":"CS_PropertyPoller_OnResults_Help","value":"ポーリング要求から結果を受け取ると発行されます。"},{"id":null,"key":"CS_PropertyPoller_OnStatus","value":"プロパティー情報が戻されたとき"},{"id":null,"key":"CS_PropertyPoller_OnStatus_Help","value":"サーバーに対するプロパティー情報のポーリングでデータが返された場合に発行されます。"},{"id":null,"key":"CS_Query_ExecuteOnChange","value":"変更に対して検索を実行"},{"id":null,"key":"CS_Query_ExecuteOnChange_Help","value":"コンポーネントでビューの変更イベントが発生したときに、構成済みの検索を実行します。"},{"id":null,"key":"CS_Query_ExecuteOnView","value":"ビューでの検索の実行"},{"id":null,"key":"CS_Query_ExecuteOnView_Help","value":"コンポーネントで Coach ビュー・イベントが発生したときに、構成済みの検索を実行します。"},{"id":null,"key":"CS_Query_MaxResults","value":"結果の最大件数"},{"id":null,"key":"CS_Query_MaxResults_Help","value":"照会から返す結果の最大数。"},{"id":null,"key":"CS_Query_OnError","value":"エラー時"},{"id":null,"key":"CS_Query_OnError_Help","value":"エラーが発生した場合に発行されます。"},{"id":null,"key":"CS_Query_OnSearchResults","value":"結果検索時"},{"id":null,"key":"CS_Query_OnSearchResults_Help","value":"検索結果がサーバーから返された場合に発行されます。"},{"id":null,"key":"CS_Query_ResultProperties","value":"結果プロパティー"},{"id":null,"key":"CS_Query_ResultProperties_Help","value":"検索結果に返されるプロパティーのシンボル名。"},{"id":null,"key":"CS_Query_SearchValue","value":"検索値"},{"id":null,"key":"CS_Query_SearchValue_Help","value":"検索する値。"},{"id":null,"key":"CS_Remove","value":"削除"},{"id":null,"key":"CS_RemoveFromFolder","value":"フォルダーから削除"},{"id":null,"key":"CS_RemoveFromFolder_Desc","value":"フォルダーからドキュメントを削除することができます。 ただし、すべてのフォルダーからドキュメントを削除しても、そのドキュメントはリポジトリーから削除されません。 検索を実行してドキュメントを取得することもできます。  表示特権が付与されているフォルダーのみがリストに表示されます。 "},{"id":null,"key":"CS_RemoveFromFolder_FilterHint","value":"リストのフィルター"},{"id":null,"key":"CS_RemoveFromFolder_UnfileDocument","value":"ドキュメントのファイリング解除"},{"id":null,"key":"CS_Repository","value":"リポジトリー"},{"id":null,"key":"CS_RepositoryId","value":"リポジトリー ID"},{"id":null,"key":"CS_RepositoryId_Help","value":"IBM Navigator からのリポジトリー ID。 この値はドキュメント・ビューアーによって使用されます。"},{"id":null,"key":"CS_Save","value":"保存"},{"id":null,"key":"CS_SearchOperator_OnChange","value":"演算子の変更時"},{"id":null,"key":"CS_SearchProperty_AddBlankSelection","value":"空白の選択を追加"},{"id":null,"key":"CS_SearchProperty_AddBlankSelection_Help","value":"プロパティーのリストにブランクの選択肢を含めてください。"},{"id":null,"key":"CS_SearchProperty_IncludeHidden","value":"非表示を含める"},{"id":null,"key":"CS_SearchProperty_IncludeHidden_Help","value":"選択リストに非表示のプロパティーを含めます。"},{"id":null,"key":"CS_SearchProperty_IsSearchable","value":"検索可能"},{"id":null,"key":"CS_SearchProperty_IsSearchable_Help","value":"検索可能なプロパティーのみを含めます。"},{"id":null,"key":"CS_SearchProperty_OnChangeProperty","value":"プロパティー変更時"},{"id":null,"key":"CS_SearchProperty_OnChangeProperty_Help","value":"選択したプロパティーが変更されたときに発行されるイベント。"},{"id":null,"key":"CS_SearchProperty_OnResult","value":"結果の取得時"},{"id":null,"key":"CS_SearchProperty_OnResult_Help","value":"プロパティー選択リストのロードが終了したときに発行されるイベント。"},{"id":null,"key":"CS_SearchProperty_SearchFor","value":"検索対象"},{"id":null,"key":"CS_SearchProperty_SearchFor_Help","value":"検索するオブジェクト・タイプ(ドキュメントまたはフォルダー)。"},{"id":null,"key":"CS_SelectFiles","value":"ファイルの選択"},{"id":null,"key":"CS_SelectObject_DateValue","value":"日付値"},{"id":null,"key":"CS_SelectObject_DecimalValue","value":"10進数値"},{"id":null,"key":"CS_SelectObject_Desc","value":"リストから SNMP オブジェクトを選択します。"},{"id":null,"key":"CS_SelectObject_DisplayMode","value":"表示モード"},{"id":null,"key":"CS_SelectObject_DisplayMode_Help","value":"コンテンツ・リストにデータを取り込むときに使用する表示モード。"},{"id":null,"key":"CS_SelectObject_IntegerValue","value":"整数値"},{"id":null,"key":"CS_SelectObject_OnChange","value":"変更時"},{"id":null,"key":"CS_SelectObject_OnSelect","value":"選択時"},{"id":null,"key":"CS_SelectObject_OnSelect_Help","value":"ダイアログでオブジェクトが選択されたときに発行されるイベント。"},{"id":null,"key":"CS_SelectObject_Search","value":"検索"},{"id":null,"key":"CS_SelectObject_SearchOperator","value":"オペレーター"},{"id":null,"key":"CS_SelectObject_SearchProperty","value":"検索プロパティー"},{"id":null,"key":"CS_SelectObject_SearchValue","value":"値"},{"id":null,"key":"CS_SelectObject_Select","value":"選択"},{"id":null,"key":"CS_SelectObject_SelectObject","value":"オブジェクトの選択"},{"id":null,"key":"CS_SelectObject_SelectObjectType","value":"オブジェクト・タイプを選択します"},{"id":null,"key":"CS_SelectObject_SelectObjectType_Help","value":"選択を許可するオブジェクトのタイプ(ドキュメントまたはフォルダー)。"},{"id":null,"key":"CS_SelectObject_SelectValue","value":"値の選択"},{"id":null,"key":"CS_SelectObject_StringValue","value":"ストリング値"},{"id":null,"key":"CS_SetDocClass_AddButton","value":"追加"},{"id":null,"key":"CS_SetDocClass_AutoClassifyButton","value":"自動分類"},{"id":null,"key":"CS_SetDocClass_ClassifyButton","value":"分類"},{"id":null,"key":"CS_SetDocClass_Description","value":"手動で文書タイプを指定するには、まずテーブル内のファイルを選択します。 分類オプションを使用して、選択したファイルに文書タイプを割り当てます。 ファイルが手動で分類されていない場合、システムに自動分類されます。"},{"id":null,"key":"CS_SetDocClass_DeselectButton","value":"選択解除"},{"id":null,"key":"CS_SetDocClass_Filter_Placeholder","value":"フィルター・リスト"},{"id":null,"key":"CS_SetDocClass_Modal_Heading","value":"ファイルの追加"},{"id":null,"key":"CS_SummaryCard_Details","value":"詳細"},{"id":null,"key":"CS_SummaryCard_Details_Help","value":"要約カードの詳細セクションに表示されます。"},{"id":null,"key":"CS_SummaryCard_DisplayHelpIcon","value":"ヘルプ・アイコンの表示"},{"id":null,"key":"CS_SummaryCard_DisplayHelpIcon_Help","value":"チェック・ボックスがオンの場合、カードにヘルプ・アイコンが表示されます。"},{"id":null,"key":"CS_SummaryCard_HelpLearnMoreUrl","value":"ヘルプの詳細の URL"},{"id":null,"key":"CS_SummaryCard_HelpLearnMoreUrl_Help","value":"「詳細」情報へのリンク。 設定されると、ヘルプ・ツールチップにボタンが表示され、これをクリックすると、リンクに指定されたページが表示されます。"},{"id":null,"key":"CS_SummaryCard_HelpText","value":"ヘルプ・テキスト"},{"id":null,"key":"CS_SummaryCard_HelpText_Help","value":"ユーザーがヘルプ・アイコンをクリックするとツールチップに表示されるメッセージ ID またはテキスト。"},{"id":null,"key":"CS_SummaryCard_OnClick","value":"クリック時"},{"id":null,"key":"CS_SummaryCard_OnClick_Help","value":"要約カードがクリックされたときに発行されます。"},{"id":null,"key":"CS_SummaryCard_Title","value":"タイトル"},{"id":null,"key":"CS_SummaryCard_Title_Help","value":"要約カードのタイトルとして表示されます。"},{"id":null,"key":"CS_Upload","value":"アップロード"},{"id":null,"key":"CS_UploadContent_GetClassDetails","value":"クラス詳細の取得"},{"id":null,"key":"CS_UploadContent_MaxUploads","value":"最大同時アップロード数"},{"id":null,"key":"CS_UploadContent_MaxUploads_Help","value":"同時に実行されるアップロードの最大数。"},{"id":null,"key":"CS_UploadContent_OnContentAdded","value":"コンテンツ追加時"},{"id":null,"key":"CS_UploadContent_OnContentAdded_Help","value":"コンテンツが正常にアップロードされた場合に発行されるイベント。"},{"id":null,"key":"CS_UploadContent_OnError","value":"エラー時"},{"id":null,"key":"CS_UploadContent_OnError_Help","value":"コンテンツのアップロードでエラーが発生した場合に発行されるイベント。"},{"id":null,"key":"CS_UploadVersion_OnUploadVersion","value":"バージョンのアップロード時"},{"id":null,"key":"CS_UploadVersion_OnUploadVersionHelp","value":"ドキュメントの新しいバージョンがアップロードされると発行されるイベント。"},{"id":null,"key":"CS_Width","value":"幅"},{"id":null,"key":"pathName","value":"パス名"}]}