{"id":"50.adeae4bd-e860-48f8-8f12-9436f7840773/2064.e571369d-4b11-4625-a600-621030240482","localeLanguage":"hu","localeCountry":null,"localeVariant":null,"localeDisplayName":"CSResource","resourceBundleKey":[{"id":null,"key":"CS_ActionList_FilterHintText","value":"Filter hint text"},{"id":null,"key":"CS_ActionList_FilterHintText_Help","value":"Set hint text displayed in action list filter control."},{"id":null,"key":"CS_ActionList_HideContextMenu","value":"Hide context menu"},{"id":null,"key":"CS_ActionList_HideContextMenu_Help","value":"Hides the context menu in the action list."},{"id":null,"key":"CS_ActionList_HideDocuments","value":"Hide documents"},{"id":null,"key":"CS_ActionList_HideDocuments_Help","value":"Enables the action list to display only folders when in folder navigation mode."},{"id":null,"key":"CS_Add","value":"Add"},{"id":null,"key":"CS_AddBatch_OnFilesSelected","value":"On files selected"},{"id":null,"key":"CS_AddBatch_OnFilesSelected_Help","value":"An event that is fired when files are selected from the File Dialog"},{"id":null,"key":"CS_AddToFolder","value":"Add to Folder"},{"id":null,"key":"CS_AddToFolder_Desc","value":"You can add a documents to more than one folder. If the document is already in a folder, it remains in that folder and is added to additional folder you specify."},{"id":null,"key":"CS_BatchContent_AutomationDocType","value":"Automation document type"},{"id":null,"key":"CS_BatchContent_AutomationDocType_Help","value":"The document type to be used when adding or modifying batch documents. If not specified, the value defaults to DbaCaptureBase."},{"id":null,"key":"CS_BatchContent_OnDocumentCheckedOut","value":"On document checked out"},{"id":null,"key":"CS_BatchContent_OnDocumentCheckedOut_Help","value":"An event that is fired when the document has been checked out."},{"id":null,"key":"CS_BatchContent_OnGetProperties","value":"On get properties"},{"id":null,"key":"CS_BatchContent_OnGetProperties_Help","value":"An event that is fired when the properties have been retrieved."},{"id":null,"key":"CS_BatchContent_OnResubmitBatch","value":"On resubmit batch"},{"id":null,"key":"CS_BatchContent_OnResubmitBatch_Help","value":"An event that is fired when the batch has been resubmitted for processing successfully."},{"id":null,"key":"CS_BatchContent_OnRollbackBatch","value":"On rollback batch"},{"id":null,"key":"CS_BatchContent_OnRollbackBatch_Help","value":"An event that is fired when the batch has been rolled back successfully."},{"id":null,"key":"CS_BatchContent_OnSaveBatch","value":"On save batch"},{"id":null,"key":"CS_BatchContent_OnSaveBatch_Help","value":"An event that is fired when the batch has been saved."},{"id":null,"key":"CS_BatchContent_OnSearchResults","value":"On search results"},{"id":null,"key":"CS_BatchContent_OnSearchResults_Help","value":"An event that is fired when the search results have returned successfully."},{"id":null,"key":"CS_BatchContent_OnUpdateBatch","value":"On update batch"},{"id":null,"key":"CS_BatchContent_OnUpdateBatch_Help","value":"An event that is fired when the batch has been updated."},{"id":null,"key":"CS_BatchContent_OnUpdateProperties","value":"On update properties"},{"id":null,"key":"CS_BatchContent_OnUpdateProperties_Help","value":"An event that is fired when the properties have been updated."},{"id":null,"key":"CS_Cancel","value":"Cancel"},{"id":null,"key":"CS_Class_Selector_Svc_Error","value":"Szolgáltatáshiba"},{"id":null,"key":"CS_Class_Selector_Svc_Error_Help","value":"Akkor aktiválódik, amikor a hívó szolgáltatás hibát ad vissza."},{"id":null,"key":"CS_ContentListFilter_Cancel","value":"Cancel"},{"id":null,"key":"CS_ContentListFilter_Filter","value":"Filter"},{"id":null,"key":"CS_ContentListFilter_GetPropDescs","value":"Get property descriptions"},{"id":null,"key":"CS_ContentListFilter_OnCanceFilter","value":"On cancel"},{"id":null,"key":"CS_ContentListFilter_OnCancelFilter_Help","value":"An event that is fired when the cancel button is clicked."},{"id":null,"key":"CS_ContentListFilter_OnFilter","value":"On filter"},{"id":null,"key":"CS_ContentListFilter_OnFilter_Help","value":"An event that is fired when the filter button is clicked."},{"id":null,"key":"CS_ContentListFilter_TypeName","value":"Type name"},{"id":null,"key":"CS_ContentListFilter_TypeName_Help","value":"Search object type."},{"id":null,"key":"CS_ContentList_AcceptFileTypes","value":"Accepted file types"},{"id":null,"key":"CS_ContentList_AcceptFileTypes_Help","value":"Specify the file type extensions that are allowed when adding new documents (for example, .dotx, .pdf, etc). When not specified, all file types are accepted."},{"id":null,"key":"CS_ContentList_Actions","value":"Műveletek"},{"id":null,"key":"CS_ContentList_AddButton","value":"Hozzáadás"},{"id":null,"key":"CS_ContentList_AddFolder","value":"Add folder"},{"id":null,"key":"CS_ContentList_Advanced","value":"Részletes"},{"id":null,"key":"CS_ContentList_BatchObjects","value":"Get batch documents"},{"id":null,"key":"CS_ContentList_Behavior","value":"Viselkedés"},{"id":null,"key":"CS_ContentList_CancelCheckout","value":"Cancel checkout"},{"id":null,"key":"CS_ContentList_Case_Client_URI","value":"Case client URI"},{"id":null,"key":"CS_ContentList_Case_Client_URI_Help","value":"The URI for the Case client. Required for Case when running in a SaaS environment."},{"id":null,"key":"CS_ContentList_CheckoutDocument","value":"Checkout document"},{"id":null,"key":"CS_ContentList_Columns","value":"Oszlopok"},{"id":null,"key":"CS_ContentList_Columns_Help","value":"A listában megjeleníteni kívánt oszlopok. Akkor állítsa be, ha saját egyéni oszloptulajdonságokat szeretne; egyébként az alapértelmezett készlet kerül felhasználásra."},{"id":null,"key":"CS_ContentList_ConfigurationProperty","value":"Konfigurációs tulajdonság"},{"id":null,"key":"CS_ContentList_ConfigurationProperty_Help","value":"Olyan tulajdonság neve, amelyben a konfigurációs adatok JSON formátumban kerülnek tárolásra."},{"id":null,"key":"CS_ContentList_ConfigurationValues","value":"Konfigurációs értékek"},{"id":null,"key":"CS_ContentList_ContentItems","value":"Tartalomelemek"},{"id":null,"key":"CS_ContentList_ContentItems_Help","value":"A megjelenítendő CSDocument objektumok listája. Az azonosító tulajdonság csak a dokumentumobjektumok esetén kötelező tulajdonság."},{"id":null,"key":"CS_ContentList_ControllerProperty","value":"Controller document property"},{"id":null,"key":"CS_ContentList_ControllerProperty_Help","value":"Name of the object value property in the document class that links to the batch controller."},{"id":null,"key":"CS_ContentList_DeleteBatchDocument","value":"Delete batch document"},{"id":null,"key":"CS_ContentList_DisableDnDAdd_Help","value":"Jelölje be ezt a beállítást a húzással történő dokumentumhozzáadás letiltásához."},{"id":null,"key":"CS_ContentList_DisableTitleEvent","value":"Disable title click event"},{"id":null,"key":"CS_ContentList_DisableTitleEvent_Help","value":"Disables the title on click event from firing."},{"id":null,"key":"CS_ContentList_DisabledValues","value":"Tiltott értékek"},{"id":null,"key":"CS_ContentList_DisabledValues_Help","value":"Adja meg azokat a tulajdonságértékeket, amelyek esetén az elemek műveletei le lesznek tiltva."},{"id":null,"key":"CS_ContentList_DisplayProgressIndicator","value":"Folyamatjelző megjelenítése dokumentumok hozzáadásakor"},{"id":null,"key":"CS_ContentList_DisplayProgressIndicator_Help","value":"Jelölje be ezt a beállítást, ha dokumentumok hozzáadásakor folyamatjelzőt kíván megjeleníteni."},{"id":null,"key":"CS_ContentList_Documents","value":"Get documents"},{"id":null,"key":"CS_ContentList_EnableSearchFilter","value":"Enable search filter"},{"id":null,"key":"CS_ContentList_EnableSearchFilter_Help","value":"Displays the search filter component for specifying multiple search parameters to query against and display the results in the list view."},{"id":null,"key":"CS_ContentList_Enable_Polling","value":"Dokumentumállapot lekérdezésének engedélyezése"},{"id":null,"key":"CS_ContentList_Enable_Polling_Help","value":"Ha be van állítva, akkor a lekérdezés a hozzáadott dokumentumok állapotát frissíti."},{"id":null,"key":"CS_ContentList_ExtraProperties","value":"Extra properties"},{"id":null,"key":"CS_ContentList_ExtraProperties_Help","value":"Specify additional properties that you want returned with the items in the results set."},{"id":null,"key":"CS_ContentList_Filter_Help","value":"The property values are combined with an AND operator in the search filter."},{"id":null,"key":"CS_ContentList_Folder","value":"Mappa"},{"id":null,"key":"CS_ContentList_FolderContainees","value":"Get folder containees"},{"id":null,"key":"CS_ContentList_FolderId","value":"Mappaazonosító"},{"id":null,"key":"CS_ContentList_FolderId_Help","value":"Állítsa be a mappaazonosítót vagy útvonalat a tartalomlista inicializálásához a megadott mappatartalommal. A mappaazonosító beállítása elsőbbséget élvez a keresési beállításokkal szemben."},{"id":null,"key":"CS_ContentList_GetBatchDocumentCount","value":"Get batch document count"},{"id":null,"key":"CS_ContentList_GetClassDetails","value":"Get class details"},{"id":null,"key":"CS_ContentList_GetContentClasses","value":"Get content classes"},{"id":null,"key":"CS_ContentList_GetProperties","value":"Get properties"},{"id":null,"key":"CS_ContentList_GraphqlService","value":"Graphql service"},{"id":null,"key":"CS_ContentList_GraphqlService_Help","value":"When running in a BAW environment, specify the graphql service URL to be called by the toolkit services."},{"id":null,"key":"CS_ContentList_Height_Help","value":"The height of the content list view window."},{"id":null,"key":"CS_ContentList_HideAction_Help","value":"Jelölje be a művelet beállítást, ha el kívánja távolítani a műveletet a legördülő menüből."},{"id":null,"key":"CS_ContentList_HideAddDialog","value":"Hozzáadás párbeszédablak elrejtése dokumentumok hozzáadásakor"},{"id":null,"key":"CS_ContentList_HideAddDialog_Help","value":"Ha ez a beállítás be van jelölve, és egyetlen dokumentumtípus van beállítva, akkor a dokumentumok hozzáadása a Dokumentum hozzáadása párbeszédablak megjelenítése nélkül történik."},{"id":null,"key":"CS_ContentList_HideAddDocument","value":"Dokumentum hozzáadása lehetőség elrejtése"},{"id":null,"key":"CS_ContentList_HideAddFolder","value":"Mappa hozzáadása lehetőség elrejtése"},{"id":null,"key":"CS_ContentList_HideCancelCheckoutDoc","value":"Dokumentum kiiktatás visszavonása lehetőség elrejtése"},{"id":null,"key":"CS_ContentList_HideCheckoutDocument","value":"Dokumentum kiiktatása lehetőség elrejtése"},{"id":null,"key":"CS_ContentList_HideCheckoutState","value":"Kiiktatási állapot elrejtése"},{"id":null,"key":"CS_ContentList_HideCheckoutState_Help","value":"Ezzel a beállítással engedélyezheti/tilthatja le a kiiktatási állapot ikon megjelenítését."},{"id":null,"key":"CS_ContentList_HideDeleteDocument","value":"Dokumentum törlése lehetőség elrejtése"},{"id":null,"key":"CS_ContentList_HideDeleteFolder","value":"Mappa törlése lehetőség elrejtése"},{"id":null,"key":"CS_ContentList_HideDownloadDocument","value":"Dokumentum letöltése lehetőség elrejtése"},{"id":null,"key":"CS_ContentList_HideEditDocument","value":"Dokumentum szerkesztése lehetőség elrejtése"},{"id":null,"key":"CS_ContentList_HideEditDocumentProps","value":"Dokumentum tulajdonságainak szerkesztése lehetőség elrejtése"},{"id":null,"key":"CS_ContentList_HideEditFolderProps","value":"Mappa tulajdonságainak szerkesztése lehetőség elrejtése"},{"id":null,"key":"CS_ContentList_HideRefresh","value":"Hide refresh"},{"id":null,"key":"CS_ContentList_HideRenameFolder","value":"Mappa átnevezése lehetőség elrejtése"},{"id":null,"key":"CS_ContentList_HideSearchField","value":"Keresési mező elrejtése"},{"id":null,"key":"CS_ContentList_HideSearchField_Help","value":"Nem jelenítse meg a keresési mezőt. A keresési paraméterek a konfigurációs beállításokban vannak megadva."},{"id":null,"key":"CS_ContentList_HideUploadNewVersionDoc","value":"Új verziószámú dokumentum feltöltése lehetőség elrejtése"},{"id":null,"key":"CS_ContentList_HideViewDocument","value":"Dokumentum megjelenítése lehetőség elrejtése"},{"id":null,"key":"CS_ContentList_IncludeTimeInDates","value":"Időpont szerepeltetése a dátumtulajdonságokban"},{"id":null,"key":"CS_ContentList_IncludeTimeInDates_Help","value":"A dátumértékek időpont részének megjelenítése az oszloptulajdonságokban."},{"id":null,"key":"CS_ContentList_InitialPageSize","value":"Kezdeti lapméret"},{"id":null,"key":"CS_ContentList_InitialPageSize_Help","value":"A tartalomlistában megjelenítendő eredményhalmaz mérete. Az alapértelmezett oldalméret 20 elem."},{"id":null,"key":"CS_ContentList_MoreBatchObjects","value":"Get more batch documents"},{"id":null,"key":"CS_ContentList_MoreDocuments","value":"Get more documents"},{"id":null,"key":"CS_ContentList_MoreFolderContainees","value":"Get more folder containees"},{"id":null,"key":"CS_ContentList_MoreSearchREsults","value":"Get more search results"},{"id":null,"key":"CS_ContentList_MoreTextSearchResults","value":"Get more text search results"},{"id":null,"key":"CS_ContentList_OnActionMenuOpen","value":"On action menu open"},{"id":null,"key":"CS_ContentList_OnActionMenuOpen_Help","value":"An event that is fired when the action menu is about to be opened. Passes a folder object with properties."},{"id":null,"key":"CS_ContentList_OnAdd","value":"Tartalom hozzáadásakor"},{"id":null,"key":"CS_ContentList_OnAdd_Help","value":"Az az esemény, amely dokumentum vagy mappa hozzáadásakor elindításra kerül. Átad egy contentItem objektumot."},{"id":null,"key":"CS_ContentList_OnAllRowsSelected","value":"On all rows selected"},{"id":null,"key":"CS_ContentList_OnAllRowsSelected_Help","value":"This event is called when the user clicks on the Select All checkbox and the content list is in Multiselect mode. The passed parameter \"selected\" indicates whether all or none of the rows are selected."},{"id":null,"key":"CS_ContentList_OnContextMenuOpen","value":"Az előugró menü megnyitásakor"},{"id":null,"key":"CS_ContentList_OnContextMenuOpen_Help","value":"Az az esemény, amely akkor aktiválódik, amikor az előugró menü éppen megnyílik. Tartalomobjektumot ad át tulajdonságokkal."},{"id":null,"key":"CS_ContentList_OnError","value":"Hiba esetén"},{"id":null,"key":"CS_ContentList_OnError_Help","value":"Az esemény, amely szolgáltatási hiba esetén kerül kiküldésre."},{"id":null,"key":"CS_ContentList_OnFileClicked","value":"Fájlra kattintásakor"},{"id":null,"key":"CS_ContentList_OnFileClicked_Help","value":"Az esemény, amely akkor aktiválódik, ha dokumentum van kijelölve a főoszlopban. Dokumentum objektumot ad át tulajdonságokkal."},{"id":null,"key":"CS_ContentList_OnFilesSelected","value":"On files selected"},{"id":null,"key":"CS_ContentList_OnFilesSelected_Help","value":"An event that is fired when files are selected from the File Dialog"},{"id":null,"key":"CS_ContentList_OnFolderClicked","value":"Mappára kattintáskor"},{"id":null,"key":"CS_ContentList_OnFolderClicked_Help","value":"Esemény, amely akkor aktiválódik, ha mappa van kijelölve a főoszlopban. Mappa objektumot ad át tulajdonságokkal."},{"id":null,"key":"CS_ContentList_OnPollResults","value":"On poll results"},{"id":null,"key":"CS_ContentList_OnPollResults_Help","value":"Fired when a poll result containing document status is received."},{"id":null,"key":"CS_ContentList_OnResults","value":"Találatok betöltésekor"},{"id":null,"key":"CS_ContentList_OnResults_Help","value":"Az az esemény, amely akkor kerül kiküldésre, ha egy szolgáltatás eredményeket ad vissza. A tartalomlistában előállított elemek listáját adja át."},{"id":null,"key":"CS_ContentList_OnRowSelected","value":"Sor kiválasztásakor"},{"id":null,"key":"CS_ContentList_OnRowSelected_Help","value":"Az esemény, amely akkor aktiválódik, ha választógomb vagy jelölőnégyzet segítségével sort jelölnek ki. A következő kiegészítő paramétert adja át : row (a row.data.contentItem tartalmazza a dokumentum vagy mappa objektumot tulajdonságokkal)."},{"id":null,"key":"CS_ContentList_Polling_Exit_Values","value":"Kilépési tulajdonságértékek lekérdezése"},{"id":null,"key":"CS_ContentList_Polling_Exit_Values_Help","value":"A lekérdezés akkor áll le, amikor a lekérdezés által visszaadott dokumentumtulajdonság-érték a beállított értékek egyike."},{"id":null,"key":"CS_ContentList_Polling_Neg_Exit_Values","value":"Negatív kilépési tulajdonságértékek lekérdezése"},{"id":null,"key":"CS_ContentList_Polling_Neg_Exit_Values_Help","value":"A lekérdezés akkor áll le, amikor a lekérdezés által visszaadott dokumentumtulajdonság-érték NEM a beállított értékek egyike."},{"id":null,"key":"CS_ContentList_RemoveFromFolder_Help","value":"Displays a document action that removes a document from a folder."},{"id":null,"key":"CS_ContentList_RenameFolder","value":"Rename folder"},{"id":null,"key":"CS_ContentList_Resources","value":"Resources"},{"id":null,"key":"CS_ContentList_Resources_Help","value":"Set to an external resource bundle to pull in localized string resources for the column headers and the property list filter labels."},{"id":null,"key":"CS_ContentList_RootFolderName","value":"Gyökérmappa neve"},{"id":null,"key":"CS_ContentList_RootFolderName_Help","value":"A Content Services lerakatban a mappanév helyett használandó gyökérmappa megjelenő neve."},{"id":null,"key":"CS_ContentList_ScopeFolderActions","value":"Scope folder actions"},{"id":null,"key":"CS_ContentList_ScopeFolderActions_Help","value":"Scopes the Add and Move to folder actions to the root folder specified in the Folder configuration settings."},{"id":null,"key":"CS_ContentList_Search","value":"Keresés"},{"id":null,"key":"CS_ContentList_SearchFilterProperties","value":"Search filter properties"},{"id":null,"key":"CS_ContentList_SearchFilterProperties_Help","value":"Specify the set of properties you want to query against to populate the list view. The property values are combined with an AND operator in the search filter."},{"id":null,"key":"CS_ContentList_SearchFolderId","value":"Keresés mappaazonosítóban"},{"id":null,"key":"CS_ContentList_SearchFolderId_Help","value":"A mappa mappaazonosítója, amelyben a keresést kezdeni kell. Ez egy elhagyható beállítás, amely a keresést a megadott mappára korlátozza. Ha nincs beállítva, akkor a keresés a teljes objektumtárolóban történik."},{"id":null,"key":"CS_ContentList_SearchFor","value":"Search for"},{"id":null,"key":"CS_ContentList_SearchFor_Help","value":"Search for document or folder items."},{"id":null,"key":"CS_ContentList_SearchOnlyFolder","value":"Keresés csak ebben a mappában."},{"id":null,"key":"CS_ContentList_SearchOnlyFolder_Help","value":"Ne tartalmazza a keresést az almappákban."},{"id":null,"key":"CS_ContentList_SearchOperator","value":"Műveleti jel"},{"id":null,"key":"CS_ContentList_SearchOperator_Help","value":"A használni kívánt lekérdezési operátor, például Starts With, Ends With, Like, Not Like, =, <, >, <>, >=, <=, stb."},{"id":null,"key":"CS_ContentList_SearchProperty","value":"Tulajdonság keresése"},{"id":null,"key":"CS_ContentList_SearchPropertyCardinality","value":"Keresési tulajdonság számossága"},{"id":null,"key":"CS_ContentList_SearchPropertyCardinality_Help","value":"Megadja, hogy a keresési tulajdonság egyetlen vagy több értékkel rendelkezik."},{"id":null,"key":"CS_ContentList_SearchPropertyType","value":"Tulajdonságtípus keresése"},{"id":null,"key":"CS_ContentList_SearchPropertyType_Help","value":"A megadott keresési tulajdonság adattípusa."},{"id":null,"key":"CS_ContentList_SearchProperty_Help","value":"A tulajdonság szimbolikus tulajdonságneve,amelyre keresni kíván."},{"id":null,"key":"CS_ContentList_SearchResults","value":"Get search results"},{"id":null,"key":"CS_ContentList_SearchRootName","value":"Root search name"},{"id":null,"key":"CS_ContentList_SearchRootName_Help","value":"The root search display name to use on the breadcrumb."},{"id":null,"key":"CS_ContentList_SearchTextOptions","value":"Szöveg beállítások"},{"id":null,"key":"CS_ContentList_SearchTextOptions_Help","value":"Keresés beállítása, hogy a megadott tulajdonság keresésen kívül tartalomalap lekérdezést is tartalmazzon."},{"id":null,"key":"CS_ContentList_SearchType","value":"Search type"},{"id":null,"key":"CS_ContentList_SearchType_Help","value":"Search for objects of a particular type."},{"id":null,"key":"CS_ContentList_SearchValue","value":"Alapértelmezett érték"},{"id":null,"key":"CS_ContentList_SearchValue_Help","value":"A keresendő érték. Ha üresen marad, akkor érték megadásával futás közben indíthatja a keresést."},{"id":null,"key":"CS_ContentList_SecondaryProperty","value":"State secondary property"},{"id":null,"key":"CS_ContentList_SecondaryProperty_Help","value":"Select a property to be used as a custom secondary state property."},{"id":null,"key":"CS_ContentList_SelectionMode","value":"Kiválasztási mód"},{"id":null,"key":"CS_ContentList_SelectionMode_Help","value":"Egyszeres kiválasztás, többszörös kiválasztás vagy egyik sem."},{"id":null,"key":"CS_ContentList_Services","value":"Services"},{"id":null,"key":"CS_ContentList_ShowAddToFolder","value":"Show add to folder"},{"id":null,"key":"CS_ContentList_ShowAddToFolder_Help","value":"Displays a document action that adds a document to a folder."},{"id":null,"key":"CS_ContentList_ShowCustomState","value":"Egyéni állapot megjelenítése"},{"id":null,"key":"CS_ContentList_ShowCustomState_Help","value":"Válassza ezt a lehetőséget az egyéni állapot ikonok megjelenítésének engedélyezéséhez/letiltásához."},{"id":null,"key":"CS_ContentList_ShowListAnnotations","value":"Show list annotations"},{"id":null,"key":"CS_ContentList_ShowListAnnotations_Help","value":"Displays the list of annotations associated with a document."},{"id":null,"key":"CS_ContentList_ShowListVersions","value":"Show list versions"},{"id":null,"key":"CS_ContentList_ShowListVersions_Help","value":"Displays the version history of a document."},{"id":null,"key":"CS_ContentList_ShowMoveToFolder","value":"Show move to folder"},{"id":null,"key":"CS_ContentList_ShowMoveToFolder_Help","value":"Displays a document action that moves a document from one folder to another."},{"id":null,"key":"CS_ContentList_ShowRemoveFromFolder","value":"Show remove from folder"},{"id":null,"key":"CS_ContentList_SortOrder","value":"Rendezési sorrend"},{"id":null,"key":"CS_ContentList_SortOrder_Help","value":"Alapértelmezett rendezési irány, növekvő vagy csökkenő."},{"id":null,"key":"CS_ContentList_SortProperty","value":"A rendezéshez alapul szolgáló tulajdonság"},{"id":null,"key":"CS_ContentList_SortProperty_Help","value":"Válassza ki az eredményhalmaz rendezésére szolgáló tulajdonságot."},{"id":null,"key":"CS_ContentList_StateProperty","value":"Állapot tulajdonság"},{"id":null,"key":"CS_ContentList_StateProperty_Help","value":"Válasszon ki egy egyéni állapottulajdonságként használandó tulajdonságot."},{"id":null,"key":"CS_ContentList_Status_Polling_Interval","value":"Állapotlekérdezési időköz"},{"id":null,"key":"CS_ContentList_Status_Polling_Interval_Help","value":"A hozzáadott dokumentumok állapotának lekérdezésére irányuló kérések közötti másodpercek száma."},{"id":null,"key":"CS_ContentList_Status_Polling_Property","value":"Állapot tulajdonság lekérdezése"},{"id":null,"key":"CS_ContentList_Status_Polling_Property_Help","value":"A hozzáadott dokumentumok állapotának lekérése érdekében lekérdezett tulajdonság."},{"id":null,"key":"CS_ContentList_Status_Polling_Timeout","value":"Polling timeout per document"},{"id":null,"key":"CS_ContentList_Status_Polling_Timeout_Help","value":"Number of seconds per document after which polling stops if an exit condition is not met."},{"id":null,"key":"CS_ContentList_TableRowHeight","value":"Táblázat sormagassága"},{"id":null,"key":"CS_ContentList_TableRowHeight_Help","value":"A tartalomlista táblázat sormagasságának meghatározására használt beállítás."},{"id":null,"key":"CS_ContentList_TextSearchResults","value":"Get text search results"},{"id":null,"key":"CS_ContentList_UpdateProperties","value":"Update Properties"},{"id":null,"key":"CS_ContentList_ViewMode","value":"View mode"},{"id":null,"key":"CS_ContentList_ViewMode_Help","value":"Specifies the view mode of the Content List. If set to one of the Both options, will include a Settings button on the toolbar."},{"id":null,"key":"CS_ContentList_Width_Help","value":"The width of the content list view window."},{"id":null,"key":"CS_ContentLlist_DisableDnDAdd","value":"Húzással történő hozzáadás letiltása"},{"id":null,"key":"CS_ContentLlist_Polling_Neg_Exit_Values_Help","value":"A lekérdezés akkor áll le, amikor a lekérdezés által visszaadott dokumentumtulajdonság-érték NEM a beállított értékek egyike."},{"id":null,"key":"CS_ContentViewerHeight_Help","value":"Sets the height of the viewer window. If not set will default to 480px."},{"id":null,"key":"CS_ContentViewerWidth_Help","value":"Sets the width of the viewer window. If not set will default to 600px."},{"id":null,"key":"CS_ContentViewer_FitHeight","value":"Illesztés a magassághoz"},{"id":null,"key":"CS_ContentViewer_FitWidth","value":"Illesztés a szélességhez"},{"id":null,"key":"CS_ContentViewer_Height","value":"Magasság"},{"id":null,"key":"CS_ContentViewer_OnLoad","value":"Betöltéskor"},{"id":null,"key":"CS_ContentViewer_Width","value":"Szélesség"},{"id":null,"key":"CS_ContestList_MaxAddDocs_Help","value":"A felhasználók által egyszerre hozzáadható dokumentumok maximális száma. Az alapértelmezett maximum az 50. Maximális számként azonban akár 300-at is beállíthat."},{"id":null,"key":"CS_DeleteObject_DeleteObject","value":"Delete object"},{"id":null,"key":"CS_DeleteObject_OnDeleteObject","value":"On delete object"},{"id":null,"key":"CS_DeleteObject_OnDeleteObjectHelp","value":"An event that is fired after the object is deleted."},{"id":null,"key":"CS_DepDocPropertiesProperty","value":"Függő dokumentum tulajdonság"},{"id":null,"key":"CS_DepDocPropertiesProperty_Help","value":"Az objektumérték tulajdonság szimbolikus neve, amely a megjelenítendő JSON értékeket tartalmazó dokumentumra mutat."},{"id":null,"key":"CS_DepDocumentProperties_OnError","value":"Hiba esetén"},{"id":null,"key":"CS_DepDocumentProperties_OnError_Help","value":"Az az esemény, amely akkor aktiválódik, amikor a tulajdonságértékek lekérdezésekor hiba lép fel."},{"id":null,"key":"CS_DocumentReference_AddDocMode","value":"Add document mode"},{"id":null,"key":"CS_DocumentReference_AddDocMode_Help","value":"Setting that controls the add document process. Select None for no add support, Add no UI will not display any ui and Add with properties will display the add document dialog."},{"id":null,"key":"CS_DocumentReference_AllowsActions","value":"Enable actions"},{"id":null,"key":"CS_DocumentReference_AllowsActions_Help","value":"Enables the drop down context menu of content management actions in the view component."},{"id":null,"key":"CS_DocumentReference_AllowsRemoveDoc","value":"Enable clear document"},{"id":null,"key":"CS_DocumentReference_AllowsRemoveDoc_Help","value":"Enables the clear document action in the view component. This action only clears the document from the view and does not delete it from the repository."},{"id":null,"key":"CS_DocumentReference_DocumentId","value":"Document ID"},{"id":null,"key":"CS_DocumentReference_DocumentId_Help","value":"The ID of the document you want to load into this view."},{"id":null,"key":"CS_DocumentReference_EnableTitleAction","value":"Enable title click menu action"},{"id":null,"key":"CS_DocumentReference_EnableTitleAction_Help","value":"Enables the document title text to be clickable and runs the first action listed in the context menu."},{"id":null,"key":"CS_DocumentReference_EnableTitleEvent","value":"Enable title click event"},{"id":null,"key":"CS_DocumentReference_EnableTitleEvent_Help","value":"Enables the document title text to be clickable and fires a click event passing a contentItem event parameter."},{"id":null,"key":"CS_DocumentReference_HelperText","value":"Helper text"},{"id":null,"key":"CS_DocumentReference_HelperText_Help","value":"Helper text displayed below the input field."},{"id":null,"key":"CS_DocumentReference_HintText","value":"Hint text"},{"id":null,"key":"CS_DocumentReference_HintText_Help","value":"Hint text to display in the field when no document is specified."},{"id":null,"key":"CS_DocumentReference_OnClear","value":"On clear"},{"id":null,"key":"CS_DocumentReference_OnClear_Help","value":"An event that is fired when the user invokes the clear action."},{"id":null,"key":"CS_DocumentReference_OnClick","value":"On click"},{"id":null,"key":"CS_DocumentReference_OnClick_Help","value":"An event that is fired when the document title has been clicked."},{"id":null,"key":"CS_DocumentReference_ViewMode","value":"View mode"},{"id":null,"key":"CS_DocumentReference_ViewMode_Help","value":"Set to Normal to see the document mime type and title, or set to Thumbnail to see the document thumbnail and title."},{"id":null,"key":"CS_DocumentViewer_Features","value":"Features"},{"id":null,"key":"CS_DocumentViewer_IcnRepository","value":"Navigator repository"},{"id":null,"key":"CS_DocumentViewer_IcnRepository_Help","value":"Name of the Navigator repository to use when opening the bookmark URL for viewing the document. Required if your Navigator desktop has more than one repository assigned."},{"id":null,"key":"CS_DocumentViewer_ShowBanner","value":"Show banner"},{"id":null,"key":"CS_DocumentViewer_ShowBanner_Help","value":"Enable this setting to show the banner bar above the viewer window."},{"id":null,"key":"CS_DocumentViewer_ShowTitleBar","value":"Show title bar"},{"id":null,"key":"CS_DocumentViewer_ShowTitleBar_Help","value":"Enable this setting to show the title bar above the viewer window."},{"id":null,"key":"CS_DocumentViewer_Viewer","value":"Viewer"},{"id":null,"key":"CS_Document_Classes","value":"Dokumentumosztályok"},{"id":null,"key":"CS_Document_Classes_Help","value":"Új dokumentumok hozzáadásakor megjelenő dokumentumosztályok halmaza. Ha nincs beállítva, akkor a dokumentumosztályok a kiszolgálóról kerülnek beolvasásra. Az itt megadott nevek megjelenítésre kerülnek a felhasználó számára, az értékek az egyes dokumentumosztályok szimbolikus neveinek felelnek meg."},{"id":null,"key":"CS_Done","value":"Done"},{"id":null,"key":"CS_Event_OnLoad","value":"On view loaded"},{"id":null,"key":"CS_Event_OnLoad_Help","value":"An event that is fired when the view has finished loading."},{"id":null,"key":"CS_ExportClassificationDataOnError","value":"On error"},{"id":null,"key":"CS_ExportClassificationDataOnError_Help","value":"An event that is fired when an error occurs downloading classification data."},{"id":null,"key":"CS_ExportClassificationDataOnSuccess","value":"On success"},{"id":null,"key":"CS_ExportClassificationDataOnSuccess_Help","value":"An event that is fired when classification data is successfully downloaded."},{"id":null,"key":"CS_ExportProcessingData_DownloadTables","value":"Download table data (multiple files will be downloaded)"},{"id":null,"key":"CS_ExportProcessingData_ExportButton","value":"Export data"},{"id":null,"key":"CS_ExportProcessingData_FileName","value":"File name"},{"id":null,"key":"CS_ExportProcessingData_GetAnnotations","value":"Get document processing annotations"},{"id":null,"key":"CS_ExportProcessingData_Help","value":"Give the file a name and select a file type to export."},{"id":null,"key":"CS_ExportProcessingData_LearnMoreLink","value":"Learn more link"},{"id":null,"key":"CS_ExportProcessingData_LearnMoreLinkHelp","value":"Web address that points to help for exporting tables in CSV format."},{"id":null,"key":"CS_ExportProcessingData_OnExportStart","value":"On export start"},{"id":null,"key":"CS_ExportProcessingData_OnExportStart_Help","value":"Fired when the user clicks the Export data button in the dialog and the export begins."},{"id":null,"key":"CS_FileDocument_OnFile","value":"On file"},{"id":null,"key":"CS_FileDocument_OnFile_Help","value":"An event that is fired when a document is filed in a folder."},{"id":null,"key":"CS_FileDocument_Service","value":"File document"},{"id":null,"key":"CS_FileDropZone_AcceptFileTypes","value":"Accepted file types"},{"id":null,"key":"CS_FileDropZone_AcceptFileTypes_Help","value":"Specify the file types that the file drop zone will accept. The files types must be specified as file dot extension strings."},{"id":null,"key":"CS_FileDropZone_DetailMessage","value":"Detail message"},{"id":null,"key":"CS_FileDropZone_DetailMessage_Help","value":"Message string displayed above the file drop zone."},{"id":null,"key":"CS_FileDropZone_DocumentType","value":"Dokumentumtípus"},{"id":null,"key":"CS_FileDropZone_DocumentType_Help","value":"A dokumentumok hozzáadásakor használandó dokumentumtípus. Ha nincs megadva, akkor az alapértelmezett dokumentumtípust használja."},{"id":null,"key":"CS_FileDropZone_FolderId_Help","value":"A mappa azonosítója, amelyhez a dokumentumok hozzá lesznek adva. Ha nincs megadva, akkor a dokumentumok nem lesznek iktatva."},{"id":null,"key":"CS_FileDropZone_Height_Help","value":"The height of the file drop zone area."},{"id":null,"key":"CS_FileDropZone_MaxAddDoc","value":"Maximum number of documents to add"},{"id":null,"key":"CS_FileDropZone_MaxAddDoc_Help","value":"Specify the maximum number of documents that users can add at a time. The default maximum is 50."},{"id":null,"key":"CS_FileDropZone_MaxDocumentSize","value":"Max document size"},{"id":null,"key":"CS_FileDropZone_MaxDocumentSize_Help","value":"The maximum document size in KB allowed to be added. The size of 0 is unlimited."},{"id":null,"key":"CS_FileDropZone_Width_Help","value":"The width of the file drop zone area."},{"id":null,"key":"CS_Folder_Classes","value":"Mappaosztályok"},{"id":null,"key":"CS_Folder_Classes_Help","value":"Új mappák hozzáadásakor megjelenő mappaosztályok halmaza. Ha nincs beállítva, akkor a mappaosztályok a kiszolgálóról kerülnek beolvasásra. Az itt megadott nevek megjelenítésre kerülnek a felhasználó számára, az értékek az egyes mappaosztályok szimbolikus neveinek felelnek meg."},{"id":null,"key":"CS_GetContent_GetAnnotation","value":"Get annotation"},{"id":null,"key":"CS_GetContent_GetAppResourceInfo","value":"Get app resource info"},{"id":null,"key":"CS_GetContent_GetClassAccess","value":"Get class access"},{"id":null,"key":"CS_GetContent_GetVersionSeries","value":"Get version series"},{"id":null,"key":"CS_GetContent_OnContentReceived","value":"Tartalom fogadásakor"},{"id":null,"key":"CS_GetContent_OnContentReceived_Help","value":"Az az esemény, amely akkor aktiválódik, amikor a válaszban visszaadásra kerül a dokumentumtartalom."},{"id":null,"key":"CS_GetContent_OnGetClassAccess","value":"On get class access"},{"id":null,"key":"CS_GetContent_OnGetClassAccess_Help","value":"An event that is fired when the get class access response has returned."},{"id":null,"key":"CS_GetContent_OnPropertiesUpdated","value":"On properties updated"},{"id":null,"key":"CS_GetContent_OnPropertiesUpdated_Help","value":"An event that is fired when the properties have been retrieved and updated in the content item object."},{"id":null,"key":"CS_Height","value":"Magasság"},{"id":null,"key":"CS_Hide_Time_Picker","value":"Hide time picker when editing date and time values"},{"id":null,"key":"CS_Hide_Time_Picker_Help","value":"When set, hides the interface for editing the time portion of date and time values."},{"id":null,"key":"CS_ListAnnotations_Annotations","value":"Annotations"},{"id":null,"key":"CS_ListAnnotations_GetAnnotations","value":"Get annotations"},{"id":null,"key":"CS_ListAnnotations_OnDone","value":"On done"},{"id":null,"key":"CS_ListAnnotations_OnDone_Help","value":"An event that is fired when the list annotations dialog is closed.."},{"id":null,"key":"CS_ListVersions_GetVersions","value":"Get versions"},{"id":null,"key":"CS_ListVersions_Versions","value":"Versions"},{"id":null,"key":"CS_Modal_OnCancel","value":"On cancel"},{"id":null,"key":"CS_Modal_OnCancel_Help","value":"An event that is fired when the user cancels out of a modal view."},{"id":null,"key":"CS_Move","value":"Move"},{"id":null,"key":"CS_MoveDocument","value":"Move document"},{"id":null,"key":"CS_MoveDocument_GetFolderRcr","value":"Get folder rcrs"},{"id":null,"key":"CS_MoveDocument_MoveFrom","value":"Move from"},{"id":null,"key":"CS_MoveDocument_OnMove","value":"On move"},{"id":null,"key":"CS_MoveDocument_OnMove_Help","value":"An event that is fired when a document is moved to a folder."},{"id":null,"key":"CS_MoveToFolder","value":"Move to Folder"},{"id":null,"key":"CS_MoveToFolder_Desc","value":"You can move documents from one folder to another."},{"id":null,"key":"CS_OK","value":"Ok"},{"id":null,"key":"CS_ObjectStoreName","value":"Objektumtároló neve"},{"id":null,"key":"CS_ObjectStoreName_Help","value":"Objektumtároló neve az Acce adminisztrációs eszközből."},{"id":null,"key":"CS_On_Class_Selected","value":"Osztály kiválasztásakor"},{"id":null,"key":"CS_On_Class_Selected_Help","value":"Az esemény, amely akkor aktiválódik, amikor a felhasználó osztályt jelöl ki."},{"id":null,"key":"CS_ProgressIndicator_OnClose","value":"On close"},{"id":null,"key":"CS_ProgressIndicator_OnClose_Help","value":"Fired when the progress indicator is closed."},{"id":null,"key":"CS_ProgressIndicator_OnFileRemoved","value":"On file removed"},{"id":null,"key":"CS_ProgressIndicator_OnFileRemoved_Help","value":"Fired when a pending file is removed from the progress indicator"},{"id":null,"key":"CS_PropertyList_Display_Edit","value":"Tulajdonságértékek szerkesztésére szolgáló gombok megjelenítése"},{"id":null,"key":"CS_PropertyList_Display_Edit_Help","value":"Gombokat jelenít meg az eszköztárban, amelyek lehetővé teszik a felhasználók számára a tulajdonság értékek szerkesztését."},{"id":null,"key":"CS_PropertyPoller_OnError","value":"Hiba esetén"},{"id":null,"key":"CS_PropertyPoller_OnError_Help","value":"Akkor aktiválódik, amikor hiba történik egy tulajdonság lekérdezésekor."},{"id":null,"key":"CS_PropertyPoller_OnResults","value":"On results"},{"id":null,"key":"CS_PropertyPoller_OnResults_Help","value":"Fired when results are received from a poll requests."},{"id":null,"key":"CS_PropertyPoller_OnStatus","value":"A tulajdonságinformációk visszaadásakor"},{"id":null,"key":"CS_PropertyPoller_OnStatus_Help","value":"Akkor kerül indításra, amikor a kiszolgáló visszaadja a lekérdezett tulajdonságinformációkra vonatkozó adatokat."},{"id":null,"key":"CS_Query_ExecuteOnChange","value":"Run search on change"},{"id":null,"key":"CS_Query_ExecuteOnChange_Help","value":"Runs the configured search when the view change event occurs in the component."},{"id":null,"key":"CS_Query_ExecuteOnView","value":"Execute search on view"},{"id":null,"key":"CS_Query_ExecuteOnView_Help","value":"Runs the configured search when the coach view event occurs in the component."},{"id":null,"key":"CS_Query_MaxResults","value":"Maximum results"},{"id":null,"key":"CS_Query_MaxResults_Help","value":"The maximum number of results to return from the query."},{"id":null,"key":"CS_Query_OnError","value":"On error"},{"id":null,"key":"CS_Query_OnError_Help","value":"Fired when an error occurs."},{"id":null,"key":"CS_Query_OnSearchResults","value":"On search results"},{"id":null,"key":"CS_Query_OnSearchResults_Help","value":"Fired when search results are returned from the server."},{"id":null,"key":"CS_Query_ResultProperties","value":"Result properties"},{"id":null,"key":"CS_Query_ResultProperties_Help","value":"Symbolic names of properties returned in the search results."},{"id":null,"key":"CS_Query_SearchValue","value":"Search values"},{"id":null,"key":"CS_Query_SearchValue_Help","value":"The values to search for."},{"id":null,"key":"CS_Remove","value":"Remove"},{"id":null,"key":"CS_RemoveFromFolder","value":"Remove from Folder"},{"id":null,"key":"CS_RemoveFromFolder_Desc","value":"You can remove documents from folders. However, removing a document from all folders   does not remove the document from the repository. You can still retrieve the document by running a search.  Only folders that you have view priviledges are shown in the list. "},{"id":null,"key":"CS_RemoveFromFolder_FilterHint","value":"Filter list"},{"id":null,"key":"CS_RemoveFromFolder_UnfileDocument","value":"Unfile document"},{"id":null,"key":"CS_Repository","value":"Repository"},{"id":null,"key":"CS_RepositoryId","value":"Lerakat azonosítója"},{"id":null,"key":"CS_RepositoryId_Help","value":"A lerakatazonosító az IBM Navigator termékből. Ezt az értéket használja a dokumentummegjelenítő."},{"id":null,"key":"CS_Save","value":"Save"},{"id":null,"key":"CS_SearchOperator_OnChange","value":"On change operator"},{"id":null,"key":"CS_SearchProperty_AddBlankSelection","value":"Add blank selection"},{"id":null,"key":"CS_SearchProperty_AddBlankSelection_Help","value":"Include a blank selection in the list of properties."},{"id":null,"key":"CS_SearchProperty_IncludeHidden","value":"Include hidden"},{"id":null,"key":"CS_SearchProperty_IncludeHidden_Help","value":"Include hidden properties in the selection list."},{"id":null,"key":"CS_SearchProperty_IsSearchable","value":"Is searchable"},{"id":null,"key":"CS_SearchProperty_IsSearchable_Help","value":"Include only properties that are searchable."},{"id":null,"key":"CS_SearchProperty_OnChangeProperty","value":"On change property"},{"id":null,"key":"CS_SearchProperty_OnChangeProperty_Help","value":"An event that is fired when the selected property is changed."},{"id":null,"key":"CS_SearchProperty_OnResult","value":"On results"},{"id":null,"key":"CS_SearchProperty_OnResult_Help","value":"An event that is fired when the property selection list is finished loading."},{"id":null,"key":"CS_SearchProperty_SearchFor","value":"Search for"},{"id":null,"key":"CS_SearchProperty_SearchFor_Help","value":"The object types to search for; Document or Folder."},{"id":null,"key":"CS_SelectFiles","value":"Select Files"},{"id":null,"key":"CS_SelectObject_DateValue","value":"Date value"},{"id":null,"key":"CS_SelectObject_DecimalValue","value":"Decimal value"},{"id":null,"key":"CS_SelectObject_Desc","value":"Select an object from the list."},{"id":null,"key":"CS_SelectObject_DisplayMode","value":"Display mode"},{"id":null,"key":"CS_SelectObject_DisplayMode_Help","value":"Display mode to use when populating the content list."},{"id":null,"key":"CS_SelectObject_IntegerValue","value":"Integer value"},{"id":null,"key":"CS_SelectObject_OnChange","value":"On change"},{"id":null,"key":"CS_SelectObject_OnSelect","value":"On select"},{"id":null,"key":"CS_SelectObject_OnSelect_Help","value":"An event that is fired when an object has been selected in the dialog."},{"id":null,"key":"CS_SelectObject_Search","value":"Search"},{"id":null,"key":"CS_SelectObject_SearchOperator","value":"Operator"},{"id":null,"key":"CS_SelectObject_SearchProperty","value":"Search property"},{"id":null,"key":"CS_SelectObject_SearchValue","value":"Value"},{"id":null,"key":"CS_SelectObject_Select","value":"Select"},{"id":null,"key":"CS_SelectObject_SelectObject","value":"Select Object"},{"id":null,"key":"CS_SelectObject_SelectObjectType","value":"Select object type"},{"id":null,"key":"CS_SelectObject_SelectObjectType_Help","value":"Type of object to allow selection; Document or Folder."},{"id":null,"key":"CS_SelectObject_SelectValue","value":"Select value"},{"id":null,"key":"CS_SelectObject_StringValue","value":"String value"},{"id":null,"key":"CS_SetDocClass_AddButton","value":"Add"},{"id":null,"key":"CS_SetDocClass_AutoClassifyButton","value":"Auto Classify"},{"id":null,"key":"CS_SetDocClass_ClassifyButton","value":"Classify"},{"id":null,"key":"CS_SetDocClass_Description","value":"To manually specify document type, first select the files in the table. Use the classify option, to assign the document type for selected file(s). If a file is not manually classified, the system will auto-classify it."},{"id":null,"key":"CS_SetDocClass_DeselectButton","value":"Deselect"},{"id":null,"key":"CS_SetDocClass_Filter_Placeholder","value":"Filter List"},{"id":null,"key":"CS_SetDocClass_Modal_Heading","value":"Add Files"},{"id":null,"key":"CS_SummaryCard_Details","value":"Details"},{"id":null,"key":"CS_SummaryCard_Details_Help","value":"Displayed in the details section of the summary card."},{"id":null,"key":"CS_SummaryCard_DisplayHelpIcon","value":"Display help icon"},{"id":null,"key":"CS_SummaryCard_DisplayHelpIcon_Help","value":"When checked, displays a help icon in the card."},{"id":null,"key":"CS_SummaryCard_HelpLearnMoreUrl","value":"Help learn more URL"},{"id":null,"key":"CS_SummaryCard_HelpLearnMoreUrl_Help","value":"A link to Learn More information. When set, a button is displayed in the help tooltip that when clicked, displays the page specified in the link."},{"id":null,"key":"CS_SummaryCard_HelpText","value":"Help text"},{"id":null,"key":"CS_SummaryCard_HelpText_Help","value":"Either a message ID or text that is displayed in a tooltip when the user clicks the help icon."},{"id":null,"key":"CS_SummaryCard_OnClick","value":"On click"},{"id":null,"key":"CS_SummaryCard_OnClick_Help","value":"Fired when the summary card is clicked."},{"id":null,"key":"CS_SummaryCard_Title","value":"Title"},{"id":null,"key":"CS_SummaryCard_Title_Help","value":"Displayed as the title of the summary card."},{"id":null,"key":"CS_Upload","value":"Upload"},{"id":null,"key":"CS_UploadContent_GetClassDetails","value":"Get class details"},{"id":null,"key":"CS_UploadContent_MaxUploads","value":"Maximum concurrent uploads"},{"id":null,"key":"CS_UploadContent_MaxUploads_Help","value":"The maximum number of uploads that will run concurrently."},{"id":null,"key":"CS_UploadContent_OnContentAdded","value":"Tartalom hozzáadásakor"},{"id":null,"key":"CS_UploadContent_OnContentAdded_Help","value":"A tartalom sikeres feltöltésekor aktiválásra került egy esemény."},{"id":null,"key":"CS_UploadContent_OnError","value":"Hiba esetén"},{"id":null,"key":"CS_UploadContent_OnError_Help","value":"Az az esemény, amely akkor aktiválódik, amikor a tartalom feltöltésekor hiba lép fel."},{"id":null,"key":"CS_UploadVersion_OnUploadVersion","value":"On upload version"},{"id":null,"key":"CS_UploadVersion_OnUploadVersionHelp","value":"An event that is fired when a new version of the document has been uploaded."},{"id":null,"key":"CS_Width","value":"Szélesség"},{"id":null,"key":"pathName","value":"Path Name"}]}