{"data":{"boModels":{"2056.a80f838c-f818-4d86-8667-7a8c73dd093b":"12.baa5b2cb-09c9-4a20-9f91-a7e3c6e0cbca","12.4ba23972-ca2a-4375-bbf0-b1a703bf2fa7":"{\"attributeFormDefault\":\"unqualified\",\"elementFormDefault\":\"unqualified\",\"targetNamespace\":\"http:\\/\\/SYSWPT\",\"complexType\":[{\"annotation\":{\"documentation\":[{}],\"appinfo\":[{\"shared\":[false],\"advancedProperties\":[{}],\"shadow\":[false]}]},\"sequence\":{\"element\":[{\"annotation\":{\"documentation\":[{}],\"appinfo\":[{\"propertyName\":[\"field\"],\"propertyRequired\":[false],\"propertyHidden\":[false],\"advancedParameterProperties\":[{}]}]},\"name\":\"field\",\"type\":\"{http:\\/\\/lombardi.ibm.com\\/schema\\/}String\",\"otherAttributes\":{\"{http:\\/\\/www.ibm.com\\/bpmsdk}refid\":\"12.db884a3c-c533-44b7-bb2d-47bec8ad4022\"}},{\"annotation\":{\"documentation\":[{}],\"appinfo\":[{\"propertyName\":[\"operator\"],\"propertyRequired\":[false],\"propertyHidden\":[false],\"advancedParameterProperties\":[{}]}]},\"name\":\"operator\",\"type\":\"{http:\\/\\/lombardi.ibm.com\\/schema\\/}String\",\"otherAttributes\":{\"{http:\\/\\/www.ibm.com\\/bpmsdk}refid\":\"12.db884a3c-c533-44b7-bb2d-47bec8ad4022\"}},{\"annotation\":{\"documentation\":[{}],\"appinfo\":[{\"propertyName\":[\"value\"],\"propertyRequired\":[false],\"propertyHidden\":[false],\"advancedParameterProperties\":[{}]}]},\"name\":\"value\",\"type\":\"{http:\\/\\/lombardi.ibm.com\\/schema\\/}String\",\"otherAttributes\":{\"{http:\\/\\/www.ibm.com\\/bpmsdk}refid\":\"12.db884a3c-c533-44b7-bb2d-47bec8ad4022\"}}]},\"name\":\"SearchFilter\"}],\"id\":\"_12.4ba23972-ca2a-4375-bbf0-b1a703bf2fa7\"}","12.d2e5a15a-ea53-4793-9e93-29af5bd80b13":"{\"attributeFormDefault\":\"unqualified\",\"elementFormDefault\":\"unqualified\",\"targetNamespace\":\"http:\\/\\/lombardi.ibm.com\\/schema\\/\",\"complexType\":[{\"annotation\":{\"documentation\":[{}],\"appinfo\":[{\"shared\":[false],\"advancedProperties\":[{}],\"shadow\":[false]}]},\"sequence\":{\"element\":[{\"annotation\":{\"documentation\":[{}],\"appinfo\":[{\"propertyName\":[\"name\"],\"propertyRequired\":[false],\"propertyHidden\":[false],\"advancedParameterProperties\":[{}]}]},\"name\":\"name\",\"type\":\"{http:\\/\\/lombardi.ibm.com\\/schema\\/}String\",\"otherAttributes\":{\"{http:\\/\\/www.ibm.com\\/bpmsdk}refid\":\"12.db884a3c-c533-44b7-bb2d-47bec8ad4022\"}},{\"annotation\":{\"documentation\":[{}],\"appinfo\":[{\"propertyName\":[\"value\"],\"propertyRequired\":[false],\"propertyHidden\":[false],\"advancedParameterProperties\":[{}]}]},\"name\":\"value\",\"type\":\"{http:\\/\\/lombardi.ibm.com\\/schema\\/}String\",\"otherAttributes\":{\"{http:\\/\\/www.ibm.com\\/bpmsdk}refid\":\"12.db884a3c-c533-44b7-bb2d-47bec8ad4022\"}}]},\"name\":\"NameValuePair\"}],\"id\":\"_12.d2e5a15a-ea53-4793-9e93-29af5bd80b13\"}","2056.99f0c70f-6349-4c30-888a-90e43c648daf":"12.c09c9b6e-aabd-4897-bef2-ed61db106297","12.db884a3c-c533-44b7-bb2d-47bec8ad4022":"{\"simpleType\":[{\"annotation\":{\"documentation\":[{\"content\":[\"String Type\"]}],\"appinfo\":[{\"simpleErrorMessage\":[\"Please enter a character string\"]}]},\"name\":\"String\",\"restriction\":{\"annotation\":{\"appinfo\":[{\"stringLengthType\":[\"0\"],\"simpleBaseType\":[\"String\"]}]},\"base\":\"{http:\\/\\/www.w3.org\\/2001\\/XMLSchema}string\"}}],\"attributeFormDefault\":\"unqualified\",\"elementFormDefault\":\"unqualified\",\"targetNamespace\":\"http:\\/\\/lombardi.ibm.com\\/schema\\/\",\"id\":\"_12.db884a3c-c533-44b7-bb2d-47bec8ad4022\"}","12.3fa0d7a0-828a-4d60-99cc-db5ed143fc2d":"{\"simpleType\":[{\"annotation\":{\"documentation\":[{\"content\":[\"Integer Type\"]}],\"appinfo\":[{\"simpleErrorMessage\":[\"Please enter a number without a decimal point\"]}]},\"name\":\"Integer\",\"restriction\":{\"annotation\":{\"appinfo\":[{\"simpleBaseType\":[\"Integer\"]}]},\"base\":\"{http:\\/\\/www.w3.org\\/2001\\/XMLSchema}int\"}}],\"attributeFormDefault\":\"unqualified\",\"elementFormDefault\":\"unqualified\",\"targetNamespace\":\"http:\\/\\/lombardi.ibm.com\\/schema\\/\",\"id\":\"_12.3fa0d7a0-828a-4d60-99cc-db5ed143fc2d\"}","12.c09c9b6e-aabd-4897-bef2-ed61db106297":"{\"simpleType\":[{\"annotation\":{\"documentation\":[{\"content\":[\"This class represents anything in IBM BPM. Use this class to indicate that a variable can be of any type\"]}]},\"name\":\"ANY\"}],\"attributeFormDefault\":\"unqualified\",\"elementFormDefault\":\"unqualified\",\"targetNamespace\":\"http:\\/\\/lombardi.ibm.com\\/schema\\/\",\"id\":\"_12.c09c9b6e-aabd-4897-bef2-ed61db106297\"}","12.baa5b2cb-09c9-4a20-9f91-a7e3c6e0cbca":"{\"attributeFormDefault\":\"unqualified\",\"elementFormDefault\":\"unqualified\",\"targetNamespace\":\"http:\\/\\/SYSWPT\",\"complexType\":[{\"annotation\":{\"documentation\":[{}],\"appinfo\":[{\"shared\":[false],\"advancedProperties\":[{}],\"shadow\":[false]}]},\"sequence\":{\"element\":[{\"annotation\":{\"documentation\":[{}],\"appinfo\":[{\"propertyName\":[\"taskListFilters\"],\"propertyRequired\":[false],\"propertyHidden\":[false],\"advancedParameterProperties\":[{}]}]},\"name\":\"taskListFilters\",\"maxOccurs\":\"unbounded\",\"type\":\"{http:\\/\\/SYSWPT}SearchFilter\",\"otherAttributes\":{\"{http:\\/\\/www.ibm.com\\/bpmsdk}refid\":\"12.4ba23972-ca2a-4375-bbf0-b1a703bf2fa7\"}},{\"annotation\":{\"documentation\":[{}],\"appinfo\":[{\"propertyName\":[\"taskListColumns\"],\"propertyRequired\":[false],\"propertyHidden\":[false],\"advancedParameterProperties\":[{}]}]},\"name\":\"taskListColumns\",\"maxOccurs\":\"unbounded\",\"type\":\"{http:\\/\\/lombardi.ibm.com\\/schema\\/}NameValuePair\",\"otherAttributes\":{\"{http:\\/\\/www.ibm.com\\/bpmsdk}refid\":\"12.d2e5a15a-ea53-4793-9e93-29af5bd80b13\"}},{\"annotation\":{\"documentation\":[{}],\"appinfo\":[{\"propertyName\":[\"taskListSavedSearchName\"],\"propertyRequired\":[false],\"propertyHidden\":[false],\"advancedParameterProperties\":[{}]}]},\"name\":\"taskListSavedSearchName\",\"type\":\"{http:\\/\\/lombardi.ibm.com\\/schema\\/}String\",\"otherAttributes\":{\"{http:\\/\\/www.ibm.com\\/bpmsdk}refid\":\"12.db884a3c-c533-44b7-bb2d-47bec8ad4022\"}},{\"annotation\":{\"documentation\":[{}],\"appinfo\":[{\"propertyName\":[\"taskListItemsPerPage\"],\"propertyRequired\":[false],\"propertyHidden\":[false],\"advancedParameterProperties\":[{}]}]},\"name\":\"taskListItemsPerPage\",\"type\":\"{http:\\/\\/lombardi.ibm.com\\/schema\\/}Integer\",\"otherAttributes\":{\"{http:\\/\\/www.ibm.com\\/bpmsdk}refid\":\"12.3fa0d7a0-828a-4d60-99cc-db5ed143fc2d\"}},{\"annotation\":{\"documentation\":[{}],\"appinfo\":[{\"propertyName\":[\"instanceListFilters\"],\"propertyRequired\":[false],\"propertyHidden\":[false],\"advancedParameterProperties\":[{}]}]},\"name\":\"instanceListFilters\",\"maxOccurs\":\"unbounded\",\"type\":\"{http:\\/\\/SYSWPT}SearchFilter\",\"otherAttributes\":{\"{http:\\/\\/www.ibm.com\\/bpmsdk}refid\":\"12.4ba23972-ca2a-4375-bbf0-b1a703bf2fa7\"}},{\"annotation\":{\"documentation\":[{}],\"appinfo\":[{\"propertyName\":[\"caseInstanceListFilters\"],\"propertyRequired\":[false],\"propertyHidden\":[false],\"advancedParameterProperties\":[{}]}]},\"name\":\"caseInstanceListFilters\",\"maxOccurs\":\"unbounded\",\"type\":\"{http:\\/\\/SYSWPT}SearchFilter\",\"otherAttributes\":{\"{http:\\/\\/www.ibm.com\\/bpmsdk}refid\":\"12.4ba23972-ca2a-4375-bbf0-b1a703bf2fa7\"}},{\"annotation\":{\"documentation\":[{}],\"appinfo\":[{\"propertyName\":[\"instanceListItemsPerPage\"],\"propertyRequired\":[false],\"propertyHidden\":[false],\"advancedParameterProperties\":[{}]}]},\"name\":\"instanceListItemsPerPage\",\"type\":\"{http:\\/\\/lombardi.ibm.com\\/schema\\/}Integer\",\"otherAttributes\":{\"{http:\\/\\/www.ibm.com\\/bpmsdk}refid\":\"12.3fa0d7a0-828a-4d60-99cc-db5ed143fc2d\"}},{\"annotation\":{\"documentation\":[{}],\"appinfo\":[{\"propertyName\":[\"caseInstanceListItemsPerPage\"],\"propertyRequired\":[false],\"propertyHidden\":[false],\"advancedParameterProperties\":[{}]}]},\"name\":\"caseInstanceListItemsPerPage\",\"type\":\"{http:\\/\\/lombardi.ibm.com\\/schema\\/}Integer\",\"otherAttributes\":{\"{http:\\/\\/www.ibm.com\\/bpmsdk}refid\":\"12.3fa0d7a0-828a-4d60-99cc-db5ed143fc2d\"}},{\"annotation\":{\"documentation\":[{}],\"appinfo\":[{\"propertyName\":[\"isTFSEnabled\"],\"propertyRequired\":[false],\"propertyHidden\":[false],\"advancedParameterProperties\":[{}]}]},\"name\":\"isTFSEnabled\",\"type\":\"{http:\\/\\/lombardi.ibm.com\\/schema\\/}Boolean\",\"otherAttributes\":{\"{http:\\/\\/www.ibm.com\\/bpmsdk}refid\":\"12.83ff975e-8dbc-42e5-b738-fa8bc08274a2\"}},{\"annotation\":{\"documentation\":[{}],\"appinfo\":[{\"propertyName\":[\"recentTaskSearches\"],\"propertyRequired\":[false],\"propertyHidden\":[false],\"advancedParameterProperties\":[{}]}]},\"name\":\"recentTaskSearches\",\"maxOccurs\":\"unbounded\",\"type\":\"{http:\\/\\/lombardi.ibm.com\\/schema\\/}String\",\"otherAttributes\":{\"{http:\\/\\/www.ibm.com\\/bpmsdk}refid\":\"12.db884a3c-c533-44b7-bb2d-47bec8ad4022\"}},{\"annotation\":{\"documentation\":[{}],\"appinfo\":[{\"propertyName\":[\"recentInstanceSearches\"],\"propertyRequired\":[false],\"propertyHidden\":[false],\"advancedParameterProperties\":[{}]}]},\"name\":\"recentInstanceSearches\",\"maxOccurs\":\"unbounded\",\"type\":\"{http:\\/\\/lombardi.ibm.com\\/schema\\/}String\",\"otherAttributes\":{\"{http:\\/\\/www.ibm.com\\/bpmsdk}refid\":\"12.db884a3c-c533-44b7-bb2d-47bec8ad4022\"}},{\"annotation\":{\"documentation\":[{}],\"appinfo\":[{\"propertyName\":[\"recentCaseInstanceSearches\"],\"propertyRequired\":[false],\"propertyHidden\":[false],\"advancedParameterProperties\":[{}]}]},\"name\":\"recentCaseInstanceSearches\",\"maxOccurs\":\"unbounded\",\"type\":\"{http:\\/\\/lombardi.ibm.com\\/schema\\/}String\",\"otherAttributes\":{\"{http:\\/\\/www.ibm.com\\/bpmsdk}refid\":\"12.db884a3c-c533-44b7-bb2d-47bec8ad4022\"}},{\"annotation\":{\"documentation\":[{}],\"appinfo\":[{\"propertyName\":[\"launchListFavorites\"],\"propertyRequired\":[false],\"propertyHidden\":[false],\"advancedParameterProperties\":[{}]}]},\"name\":\"launchListFavorites\",\"maxOccurs\":\"unbounded\",\"type\":\"{http:\\/\\/lombardi.ibm.com\\/schema\\/}String\",\"otherAttributes\":{\"{http:\\/\\/www.ibm.com\\/bpmsdk}refid\":\"12.db884a3c-c533-44b7-bb2d-47bec8ad4022\"}},{\"annotation\":{\"documentation\":[{}],\"appinfo\":[{\"propertyName\":[\"skipNavDialog\"],\"propertyRequired\":[false],\"propertyHidden\":[false],\"advancedParameterProperties\":[{}]}]},\"name\":\"skipNavDialog\",\"type\":\"{http:\\/\\/lombardi.ibm.com\\/schema\\/}Boolean\",\"otherAttributes\":{\"{http:\\/\\/www.ibm.com\\/bpmsdk}refid\":\"12.83ff975e-8dbc-42e5-b738-fa8bc08274a2\"}},{\"annotation\":{\"documentation\":[{}],\"appinfo\":[{\"propertyName\":[\"taskListColumnWidths\"],\"propertyRequired\":[false],\"propertyHidden\":[false],\"advancedParameterProperties\":[{}]}]},\"name\":\"taskListColumnWidths\",\"maxOccurs\":\"unbounded\",\"type\":\"{http:\\/\\/lombardi.ibm.com\\/schema\\/}NameValuePair\",\"otherAttributes\":{\"{http:\\/\\/www.ibm.com\\/bpmsdk}refid\":\"12.d2e5a15a-ea53-4793-9e93-29af5bd80b13\"}},{\"annotation\":{\"documentation\":[{}],\"appinfo\":[{\"propertyName\":[\"instanceListColumnWidths\"],\"propertyRequired\":[false],\"propertyHidden\":[false],\"advancedParameterProperties\":[{}]}]},\"name\":\"instanceListColumnWidths\",\"maxOccurs\":\"unbounded\",\"type\":\"{http:\\/\\/lombardi.ibm.com\\/schema\\/}NameValuePair\",\"otherAttributes\":{\"{http:\\/\\/www.ibm.com\\/bpmsdk}refid\":\"12.d2e5a15a-ea53-4793-9e93-29af5bd80b13\"}},{\"annotation\":{\"documentation\":[{}],\"appinfo\":[{\"propertyName\":[\"caseInstanceListColumnWidths\"],\"propertyRequired\":[false],\"propertyHidden\":[false],\"advancedParameterProperties\":[{}]}]},\"name\":\"caseInstanceListColumnWidths\",\"maxOccurs\":\"unbounded\",\"type\":\"{http:\\/\\/lombardi.ibm.com\\/schema\\/}NameValuePair\",\"otherAttributes\":{\"{http:\\/\\/www.ibm.com\\/bpmsdk}refid\":\"12.d2e5a15a-ea53-4793-9e93-29af5bd80b13\"}},{\"annotation\":{\"documentation\":[{}],\"appinfo\":[{\"propertyName\":[\"instanceListColumns\"],\"propertyRequired\":[false],\"propertyHidden\":[false],\"advancedParameterProperties\":[{}]}]},\"name\":\"instanceListColumns\",\"maxOccurs\":\"unbounded\",\"type\":\"{http:\\/\\/lombardi.ibm.com\\/schema\\/}NameValuePair\",\"otherAttributes\":{\"{http:\\/\\/www.ibm.com\\/bpmsdk}refid\":\"12.d2e5a15a-ea53-4793-9e93-29af5bd80b13\"}},{\"annotation\":{\"documentation\":[{}],\"appinfo\":[{\"propertyName\":[\"caseInstanceListColumns\"],\"propertyRequired\":[false],\"propertyHidden\":[false],\"advancedParameterProperties\":[{}]}]},\"name\":\"caseInstanceListColumns\",\"maxOccurs\":\"unbounded\",\"type\":\"{http:\\/\\/lombardi.ibm.com\\/schema\\/}NameValuePair\",\"otherAttributes\":{\"{http:\\/\\/www.ibm.com\\/bpmsdk}refid\":\"12.d2e5a15a-ea53-4793-9e93-29af5bd80b13\"}},{\"annotation\":{\"documentation\":[{}],\"appinfo\":[{\"propertyName\":[\"instanceSort\"],\"propertyRequired\":[false],\"propertyHidden\":[false],\"advancedParameterProperties\":[{}]}]},\"name\":\"instanceSort\",\"type\":\"{http:\\/\\/lombardi.ibm.com\\/schema\\/}NameValuePair\",\"otherAttributes\":{\"{http:\\/\\/www.ibm.com\\/bpmsdk}refid\":\"12.d2e5a15a-ea53-4793-9e93-29af5bd80b13\"}},{\"annotation\":{\"documentation\":[{}],\"appinfo\":[{\"propertyName\":[\"caseInstanceSort\"],\"propertyRequired\":[false],\"propertyHidden\":[false],\"advancedParameterProperties\":[{}]}]},\"name\":\"caseInstanceSort\",\"type\":\"{http:\\/\\/lombardi.ibm.com\\/schema\\/}NameValuePair\",\"otherAttributes\":{\"{http:\\/\\/www.ibm.com\\/bpmsdk}refid\":\"12.d2e5a15a-ea53-4793-9e93-29af5bd80b13\"}},{\"annotation\":{\"documentation\":[{}],\"appinfo\":[{\"propertyName\":[\"taskListSortBy\"],\"propertyRequired\":[false],\"propertyHidden\":[false],\"advancedParameterProperties\":[{}]}]},\"name\":\"taskListSortBy\",\"type\":\"{http:\\/\\/lombardi.ibm.com\\/schema\\/}NameValuePair\",\"otherAttributes\":{\"{http:\\/\\/www.ibm.com\\/bpmsdk}refid\":\"12.d2e5a15a-ea53-4793-9e93-29af5bd80b13\"}}]},\"name\":\"WorkplaceUserSettings\"}],\"id\":\"_12.baa5b2cb-09c9-4a20-9f91-a7e3c6e0cbca\"}","12.83ff975e-8dbc-42e5-b738-fa8bc08274a2":"{\"simpleType\":[{\"annotation\":{\"documentation\":[{\"content\":[\"Boolean Type\"]}],\"appinfo\":[{\"simpleErrorMessage\":[\"Please enter 'true' or 'false'\"]}]},\"name\":\"Boolean\",\"restriction\":{\"annotation\":{\"appinfo\":[{\"simpleBaseType\":[\"Boolean\"]}]},\"base\":\"{http:\\/\\/www.w3.org\\/2001\\/XMLSchema}boolean\"}}],\"attributeFormDefault\":\"unqualified\",\"elementFormDefault\":\"unqualified\",\"targetNamespace\":\"http:\\/\\/lombardi.ibm.com\\/schema\\/\",\"id\":\"_12.83ff975e-8dbc-42e5-b738-fa8bc08274a2\"}"},"metadata":{"paId":"2066.c55aff17-8399-4b4a-b592-20636fe99fbb","paShortName":"SYSWPA","snapshotId":"2064.3b2c3544-0dba-45a9-abf8-b8c68704bc53","snapshotName":"8.6.0.0","name":"Workplace"},"defaults":{"entry":[{"type":"S","value":""},{"type":"B","value":false},{"type":"I","value":0},{"type":"D","value":0.0},{"type":"DT","value":null},{"type":"DT","value":null}]},"templates":{"variableTemplates":[{"modelId":"1.65a5f3dd-e56a-45a2-a6c2-082a5a50ea2d","parentId":"1.65a5f3dd-e56a-45a2-a6c2-082a5a50ea2d","variableTemplate":[{"id":"2056.99f0c70f-6349-4c30-888a-90e43c648daf","name":"WorkplaceConfig","boTemplateName":"A"},{"id":"2056.a80f838c-f818-4d86-8667-7a8c73dd093b","name":"WorkplaceUserSettings","boTemplateName":"Wor"}]}],"boTemplate":[{"id":"12.baa5b2cb-09c9-4a20-9f91-a7e3c6e0cbca","name":"Wor","property":[{"name":"taskListFilters","type":"Sea","isList":true},{"name":"taskListColumns","type":"Nam","isList":true},{"name":"taskListSavedSearchName","type":"S","isList":false},{"name":"taskListItemsPerPage","type":"I","isList":false},{"name":"instanceListFilters","type":"Sea","isList":true},{"name":"caseInstanceListFilters","type":"Sea","isList":true},{"name":"instanceListItemsPerPage","type":"I","isList":false},{"name":"caseInstanceListItemsPerPage","type":"I","isList":false},{"name":"isTFSEnabled","type":"B","isList":false},{"name":"recentTaskSearches","type":"S","isList":true},{"name":"recentInstanceSearches","type":"S","isList":true},{"name":"recentCaseInstanceSearches","type":"S","isList":true},{"name":"launchListFavorites","type":"S","isList":true},{"name":"skipNavDialog","type":"B","isList":false},{"name":"taskListColumnWidths","type":"Nam","isList":true},{"name":"instanceListColumnWidths","type":"Nam","isList":true},{"name":"caseInstanceListColumnWidths","type":"Nam","isList":true},{"name":"instanceListColumns","type":"Nam","isList":true},{"name":"caseInstanceListColumns","type":"Nam","isList":true},{"name":"instanceSort","type":"Nam","isList":false},{"name":"caseInstanceSort","type":"Nam","isList":false},{"name":"taskListSortBy","type":"Nam","isList":false}]},{"id":"12.4ba23972-ca2a-4375-bbf0-b1a703bf2fa7","name":"Sea","property":[{"name":"field","type":"S","isList":false},{"name":"operator","type":"S","isList":false},{"name":"value","type":"S","isList":false}]},{"id":"12.d2e5a15a-ea53-4793-9e93-29af5bd80b13","name":"Nam","property":[{"name":"name","type":"S","isList":false},{"name":"value","type":"S","isList":false}]}]},"model":{"rootElement":[{"extensionElements":{"userTaskImplementation":[{"flowElement":[{"parallelMultiple":false,"outgoing":["2027.96112d14-9daf-43a6-a377-7325853d8394"],"isInterrupting":true,"extensionElements":{"postAssignmentScript":["tw.local.WorkplaceConfig = tw.env.WorkplaceConfig;"],"nodeVisualInfo":[{"color":"#F8F8F8","width":24,"x":50,"y":200,"declaredType":"TNodeVisualInfo","height":24}]},"name":"Start","declaredType":"startEvent","id":"017b200b-7aa5-4ec7-ae09-27eaf667f40a"},{"startQuantity":1,"incoming":["2027.96112d14-9daf-43a6-a377-7325853d8394"],"formDefinition":{"coachDefinition":{"layout":{"layoutItem":[{"contentBoxContrib":[{"contributions":[{"layoutItemId":"Workplace_Layout1","configData":[{"declaredType":"com.ibm.bpmsdk.model.coach.ConfigData","id":"34aff0da-d363-4bc5-874a-f821e4283780","optionName":"@label","value":"Workplace Layout"},{"declaredType":"com.ibm.bpmsdk.model.coach.ConfigData","id":"d3689fea-3d95-43b1-8244-35391013eabf","optionName":"@helpText","value":""},{"declaredType":"com.ibm.bpmsdk.model.coach.ConfigData","id":"55a49c6f-dacf-493e-8761-b89085ee2d30","optionName":"@labelVisibility","value":"SHOW"},{"valueType":"dynamic","declaredType":"com.ibm.bpmsdk.model.coach.ConfigData","id":"962e89bb-2264-435d-8fba-a71735967e50","optionName":"workplaceUserSettings","value":"tw.local.WorkplaceUserSettings"}],"viewUUID":"64.4fc441a5-14bc-483d-9b85-b8737c11a38a","declaredType":"com.ibm.bpmsdk.model.coach.ViewRef","id":"0de2288b-dc2d-4782-8caf-1b1a056fd90b","version":"8550"},{"layoutItemId":"Instance_UI","configData":[{"declaredType":"com.ibm.bpmsdk.model.coach.ConfigData","id":"745957ae-7099-48e3-8e11-deb5c33f75db","optionName":"@label","value":"Instance UI"},{"declaredType":"com.ibm.bpmsdk.model.coach.ConfigData","id":"a71a0e74-7472-4220-8758-f8c8aca016df","optionName":"@helpText","value":""},{"declaredType":"com.ibm.bpmsdk.model.coach.ConfigData","id":"cec341aa-5dcf-4c7f-862c-e8aa4a2017a3","optionName":"@labelVisibility","value":"SHOW"},{"declaredType":"com.ibm.bpmsdk.model.coach.ConfigData","id":"7e3efbbf-9688-4fca-81ba-79322230398a","optionName":"@visibility","value":"{\"isResponsiveData\":true,\"values\":[{\"deviceConfigID\":\"LargeID\",\"value\":\"NONE\"}]}"},{"declaredType":"com.ibm.bpmsdk.model.coach.ConfigData","id":"7ecc6224-1808-476e-804e-466d55b8e23b","optionName":"enableHistoryNav","value":"true"}],"viewUUID":"64.55c41542-5897-410b-8d25-5953c092b0b2","declaredType":"com.ibm.bpmsdk.model.coach.ViewRef","id":"f9703cb4-ad81-40f7-866d-2b057565321d","version":"8550"},{"layoutItemId":"TaskViewer1","configData":[{"declaredType":"com.ibm.bpmsdk.model.coach.ConfigData","id":"1342f032-e9ef-4298-8f01-8d0b243daf65","optionName":"@label","value":"TaskViewer"},{"declaredType":"com.ibm.bpmsdk.model.coach.ConfigData","id":"c6f2ad3b-1cdd-4dfc-8565-1f9e823b2717","optionName":"@helpText","value":""},{"declaredType":"com.ibm.bpmsdk.model.coach.ConfigData","id":"53217588-de3a-421e-8ff8-52c5c52529e9","optionName":"@labelVisibility","value":"SHOW"},{"declaredType":"com.ibm.bpmsdk.model.coach.ConfigData","id":"8bfa16f8-9006-48c0-8921-e025aa83e267","optionName":"@visibility","value":"{\"isResponsiveData\":true,\"values\":[{\"deviceConfigID\":\"LargeID\",\"value\":\"NONE\"}]}"},{"declaredType":"com.ibm.bpmsdk.model.coach.ConfigData","id":"228b1b31-cd3f-40e5-810c-8fdddec2b425","optionName":"enableHistoryNav","value":"true"}],"viewUUID":"64.270c15a3-7f37-4209-b65f-f1469daae13a","declaredType":"com.ibm.bpmsdk.model.coach.ViewRef","id":"d0b0c4ea-c20e-4189-83a4-71a28caa771a","version":"8550"},{"contentBoxContrib":[{"contributions":[{"layoutItemId":"Team_performance1","configData":[{"declaredType":"com.ibm.bpmsdk.model.coach.ConfigData","id":"81101c93-12fc-41d9-8807-60372ce3076c","optionName":"@label","value":"Team performance"},{"declaredType":"com.ibm.bpmsdk.model.coach.ConfigData","id":"b2a5422c-1154-4d1e-8101-d4a54fd7f55f","optionName":"@helpText","value":""},{"declaredType":"com.ibm.bpmsdk.model.coach.ConfigData","id":"a327f63b-b211-42bd-847c-252a7221a688","optionName":"@labelVisibility","value":"SHOW"},{"declaredType":"com.ibm.bpmsdk.model.coach.ConfigData","id":"7cd78ab3-99bb-49a4-811b-b3a83f484b2f","optionName":"enableHistoryNav","value":"true"}],"viewUUID":"64.95871eb5-7d7c-4148-bcb4-f91f88567b79","declaredType":"com.ibm.bpmsdk.model.coach.ViewRef","id":"d7b0207e-6288-4a73-879f-84057f7b1d54","version":"8550"}],"contentBoxId":"ContentBox1","declaredType":"com.ibm.bpmsdk.model.coach.ContentBoxContrib","id":"507c2b4c-c2da-4fc1-8ad4-c1506a554324"}],"layoutItemId":"Team_Performance_DS","configData":[{"declaredType":"com.ibm.bpmsdk.model.coach.ConfigData","id":"300d3852-bd20-4892-8b7f-1aacad963b97","optionName":"@label","value":"Team Performance Deferred section"},{"declaredType":"com.ibm.bpmsdk.model.coach.ConfigData","id":"54edb244-43c7-4f75-8d28-fe54f137c51f","optionName":"@helpText","value":""},{"declaredType":"com.ibm.bpmsdk.model.coach.ConfigData","id":"f8693868-d554-4d9f-8a37-c0f2d58a1c95","optionName":"@labelVisibility","value":"SHOW"},{"declaredType":"com.ibm.bpmsdk.model.coach.ConfigData","id":"e5c532e6-ee27-4fba-8bdf-eca06aca29be","optionName":"@visibility","value":"{\"isResponsiveData\":true,\"values\":[{\"deviceConfigID\":\"LargeID\",\"value\":\"NONE\"}]}"}],"viewUUID":"64.9ee7a0fd-5b25-497d-85fc-1cc09795f524","declaredType":"com.ibm.bpmsdk.model.coach.ViewRef","id":"0e6b7b04-173d-4486-8d3f-c788c47d061c","version":"8550"},{"contentBoxContrib":[{"contributions":[{"layoutItemId":"Team_member_detail1","configData":[{"declaredType":"com.ibm.bpmsdk.model.coach.ConfigData","id":"bfe73ce3-e00f-43a0-8014-eebf6272ed04","optionName":"@label","value":"Team member detail"},{"declaredType":"com.ibm.bpmsdk.model.coach.ConfigData","id":"fca9053d-d3d5-4a9a-8261-6e7a3e830dfe","optionName":"@helpText","value":""},{"declaredType":"com.ibm.bpmsdk.model.coach.ConfigData","id":"9c725561-a3d2-4a02-8eb0-486281acc259","optionName":"@labelVisibility","value":"SHOW"}],"viewUUID":"64.6992ed58-169e-4a5e-be45-389e1aaf4e62","declaredType":"com.ibm.bpmsdk.model.coach.ViewRef","id":"0bee27dc-c32f-4772-81c4-4d128fa2901a","version":"8550"}],"contentBoxId":"ContentBox1","declaredType":"com.ibm.bpmsdk.model.coach.ContentBoxContrib","id":"ef322ec0-3751-40b3-80e9-c7b1af3cbd31"}],"layoutItemId":"Team_Member_Detail_DS","configData":[{"declaredType":"com.ibm.bpmsdk.model.coach.ConfigData","id":"8e770d0b-d30e-42c0-851b-d410f05decec","optionName":"@label","value":"Team Member Detail Deferred section"},{"declaredType":"com.ibm.bpmsdk.model.coach.ConfigData","id":"0c828353-5f9d-4546-8da7-83dd5c6ac57c","optionName":"@helpText","value":""},{"declaredType":"com.ibm.bpmsdk.model.coach.ConfigData","id":"d69e646e-2d41-4f4f-8d4d-f74d52ed6be0","optionName":"@labelVisibility","value":"SHOW"},{"declaredType":"com.ibm.bpmsdk.model.coach.ConfigData","id":"ac225380-dde2-4c68-80c2-96029b4a3a6c","optionName":"@visibility","value":"{\"isResponsiveData\":true,\"values\":[{\"deviceConfigID\":\"LargeID\",\"value\":\"NONE\"}]}"}],"viewUUID":"64.9ee7a0fd-5b25-497d-85fc-1cc09795f524","declaredType":"com.ibm.bpmsdk.model.coach.ViewRef","id":"3d50b64d-a74a-4ab0-86e9-6d593d652359","version":"8550"},{"contentBoxContrib":[{"contributions":[{"layoutItemId":"Team_summaries1","configData":[{"declaredType":"com.ibm.bpmsdk.model.coach.ConfigData","id":"d81094c8-4534-425c-8da0-e7c163e7a2b6","optionName":"@label","value":"Team summaries"},{"declaredType":"com.ibm.bpmsdk.model.coach.ConfigData","id":"d105099e-e0c0-40a4-8f18-94fd1462ef77","optionName":"@helpText","value":""},{"declaredType":"com.ibm.bpmsdk.model.coach.ConfigData","id":"0c9aeeaf-f56e-4ddb-8e5b-520fd665e1ba","optionName":"@labelVisibility","value":"SHOW"},{"declaredType":"com.ibm.bpmsdk.model.coach.ConfigData","id":"85cf37c7-bbaa-40ef-8d7c-754644749ec5","optionName":"enableHistoryNav","value":"true"}],"viewUUID":"64.dd7764ae-bf01-4659-9eb1-5ce58418a79a","declaredType":"com.ibm.bpmsdk.model.coach.ViewRef","id":"4c013b86-00ea-4b83-8f21-8597b36d9979","version":"8550"}],"contentBoxId":"ContentBox1","declaredType":"com.ibm.bpmsdk.model.coach.ContentBoxContrib","id":"2122ca12-1b89-4fd9-80dc-e71422ed4313"}],"layoutItemId":"Team_Dashboard_DS","configData":[{"declaredType":"com.ibm.bpmsdk.model.coach.ConfigData","id":"c6bab6f0-f251-4c2e-8928-cb3b5e91520b","optionName":"@label","value":"Team Dashboard Deferred section"},{"declaredType":"com.ibm.bpmsdk.model.coach.ConfigData","id":"589d655e-a6df-4371-848d-98bc08206774","optionName":"@helpText","value":""},{"declaredType":"com.ibm.bpmsdk.model.coach.ConfigData","id":"e32739ff-024d-4dd2-88f4-71b336369019","optionName":"@labelVisibility","value":"SHOW"},{"declaredType":"com.ibm.bpmsdk.model.coach.ConfigData","id":"3211ad35-504f-4db5-8a91-3b717f8c37ea","optionName":"@visibility","value":"{\"isResponsiveData\":true,\"values\":[{\"deviceConfigID\":\"LargeID\",\"value\":\"NONE\"}]}"}],"viewUUID":"64.9ee7a0fd-5b25-497d-85fc-1cc09795f524","declaredType":"com.ibm.bpmsdk.model.coach.ViewRef","id":"4bf9e241-d5e6-4fd3-8d00-d20623e6c2d6","version":"8550"}],"contentBoxId":"ContentBox1","declaredType":"com.ibm.bpmsdk.model.coach.ContentBoxContrib","id":"897ba508-621a-4b35-889c-bb6710ebc854"}],"layoutItemId":"Workplace_Content_Wrapper1","configData":[{"declaredType":"com.ibm.bpmsdk.model.coach.ConfigData","id":"0d64e8e1-c14c-4a64-87e2-69b751d57d0e","optionName":"@label","value":"Workplace Content Wrapper"},{"declaredType":"com.ibm.bpmsdk.model.coach.ConfigData","id":"d0c1ed2d-3f44-457c-8d7b-2f453df09e9f","optionName":"@helpText","value":""},{"declaredType":"com.ibm.bpmsdk.model.coach.ConfigData","id":"f390c306-80c9-409d-875d-37685153c62d","optionName":"@labelVisibility","value":"SHOW"},{"valueType":"dynamic","declaredType":"com.ibm.bpmsdk.model.coach.ConfigData","id":"63ace310-f192-41f7-8c96-e27d7973de48","optionName":"WorkplaceConfig","value":"tw.local.WorkplaceConfig"}],"viewUUID":"64.1949498c-295f-4cdc-a837-2879c4d29c0c","declaredType":"com.ibm.bpmsdk.model.coach.ViewRef","id":"55f8c9a6-b3d5-42dc-8ceb-f53571dfc17d","version":"8550"}]},"declaredType":"com.ibm.bpmsdk.model.coach.TCoachDefinition"}},"commonLayoutArea":0,"extensionElements":{"nodeVisualInfo":[{"width":95,"x":350,"y":177,"declaredType":"TNodeVisualInfo","height":70}]},"name":"Starting Page","isForCompensation":false,"completionQuantity":1,"declaredType":"com.ibm.bpmsdk.model.bpmn20.ibmext.TFormTask","isHeritageCoach":false,"id":"2025.ba10e181-3a36-4a3e-8fa2-3a1df52ef2d8","cachePage":false},{"extensionElements":{"nodeVisualInfo":[{"color":"#F8F8F8","width":24,"x":701,"y":200,"declaredType":"TNodeVisualInfo","height":44}],"navigationInstructions":[{"targetType":"Default","declaredType":"com.ibm.bpmsdk.model.bpmn20.ibmext.TNavigationInstructions"}]},"name":"End","declaredType":"endEvent","id":"cb1e2bce-b474-4496-9cee-1c0ad34c220b"},{"targetRef":"2025.ba10e181-3a36-4a3e-8fa2-3a1df52ef2d8","extensionElements":{"linkVisualInfo":[{"sourcePortLocation":"rightCenter","showCoachControlLabel":false,"labelPosition":0.0,"targetPortLocation":"leftCenter","declaredType":"TLinkVisualInfo","saveExecutionContext":false,"showLabel":false}]},"name":"To Coach","declaredType":"sequenceFlow","id":"2027.96112d14-9daf-43a6-a377-7325853d8394","sourceRef":"017b200b-7aa5-4ec7-ae09-27eaf667f40a"},{"extensionElements":{"defaultValue":[{"declaredType":"com.ibm.bpmsdk.model.bpmn20.ibmext.TDefaultValue","useDefault":false,"value":""}]},"itemSubjectRef":"itm.12.c09c9b6e-aabd-4897-bef2-ed61db106297","name":"WorkplaceConfig","isCollection":false,"declaredType":"dataObject","id":"2056.99f0c70f-6349-4c30-888a-90e43c648daf"},{"extensionElements":{"dataAutoSave":["UserScope"]},"itemSubjectRef":"itm.12.baa5b2cb-09c9-4a20-9f91-a7e3c6e0cbca","name":"WorkplaceUserSettings","isCollection":false,"declaredType":"dataObject","id":"2056.a80f838c-f818-4d86-8667-7a8c73dd093b"}],"htmlHeaderTag":[{"declaredType":"com.ibm.bpmsdk.model.bpmn20.ibmext.THtmlHeaderTag","id":"9d36aa11-01c4-45f9-a424-9f4cc4f45efb","tagName":"viewport","content":"width=device-width,initial-scale=1.0","enabled":true}],"isClosed":false,"declaredType":"com.ibm.bpmsdk.model.bpmn20.ibmext.TUserTaskImplementation","id":"876e8dc3-0305-48ba-a316-e9a92489e7e8","processType":"None"}],"exposedAs":["NotExposed"]},"implementation":"##unspecified","documentation":[{"textFormat":"text/plain"}],"name":"Workplace","declaredType":"globalUserTask","id":"1.65a5f3dd-e56a-45a2-a6c2-082a5a50ea2d","ioSpecification":{"extensionElements":{"envProcessLinks":[{"declaredType":"com.ibm.bpmsdk.model.bpmn20.ibmext.TEnvProcessLinks","envProcessLinkRef":[{"declaredType":"com.ibm.bpmsdk.model.bpmn20.ibmext.TEnvProcessLinkRef","envProcessLinkId":"cd3d264e-443c-4509-872b-b6dcec76289e","envId":"2094.2e5875d0-dce6-4ef9-854e-cecff71c0b7d"},{"declaredType":"com.ibm.bpmsdk.model.bpmn20.ibmext.TEnvProcessLinkRef","envProcessLinkId":"2d41e343-79f2-4c7d-85f2-1e023135de3a","envId":"2094.da01bf70-057d-4c50-86e5-bff3e8438197"},{"declaredType":"com.ibm.bpmsdk.model.bpmn20.ibmext.TEnvProcessLinkRef","envProcessLinkId":"37a4cb90-a7c5-4909-8a16-945457488295","envId":"2094.8e635625-0e8c-4989-8093-ba4051ede3ff"},{"declaredType":"com.ibm.bpmsdk.model.bpmn20.ibmext.TEnvProcessLinkRef","envProcessLinkId":"c449157f-63fd-4dfe-8ac3-6a5a1f8909ed","envId":"2094.8eb73aff-9a8a-4e8b-8e3f-4b7408933878"},{"declaredType":"com.ibm.bpmsdk.model.bpmn20.ibmext.TEnvProcessLinkRef","envProcessLinkId":"46e326b1-9ad0-4c4d-8a1e-74ec9adeed54","envId":"2094.65efc386-d72c-4774-8b2e-1d33c55f7e72"}]}]},"inputSet":[{"id":"71d205c7-7858-477c-897c-bf47a43063f6"}],"outputSet":[{"id":"5ace25f8-df7b-4008-80c5-19862203c10c"}]}}],"targetNamespace":"","typeLanguage":"http://www.w3.org/2001/XMLSchema","expressionLanguage":"http://www.ibm.com/xmlns/prod/bpm/expression-lang/javascript","id":"9a7b1746-de72-4c27-ba14-6325e718d83d"}},"status":"200"}