{"data":{"html":["\t    \n<!DOCTYPE html>\n<html lang=","$$IBM_BPM_COACH_HTML_LOCALE_TAG$$",">\n\n<head>\n<meta charset=\"utf-8\" \/>\n<meta name=\"generator\" content=\"{'product':'IBM Business Process Manager V8.6.3.22010 - 20220720_1129 - BPM8600-20220720-090728','coachDetails':{'project':'Client Onboarding Document Upload (CODU)','humanService':'Client Onboarding Document Upload','coach':'null'}}\" \/>\n<meta http-equiv=\"X-UA-Compatible\" content=\"IE=11; IE=10; IE=9; IE=8\" \/>\n<style>\n[ng\\:cloak],[ng-cloak],[data-ng-cloak],[x-ng-cloak],.ng-cloak,.x-ng-cloak,.ng-hide:not(.ng-hide-animate){\n\tdisplay:none !important;\n}\n<\/style>\n<script>\n\n\tvar com_ibm_bpm_coach = {};\t\n\tcom_ibm_bpm_coach.isDebug = ","$$IBM_BPM_COACH_IS_DEBUG_TAG$$",";\n\t\t\t\t\t\n\tcom_ibm_bpm_coach.debug = \"\";\n\tif (com_ibm_bpm_coach.isDebug) \n\t   com_ibm_bpm_coach.debug = \"_debug\";\n\t\n\tif (com_ibm_bpm_coach.isDebug) {\n\t\tif (typeof console != \"undefined\" && console != null && typeof console.info != \"undefined\") {\n\t\t\tconsole.info('Performance: ' + (new Date()).getTime() + ' -- Coach page starts');\n\t\t}\n\t}\n\t\n\tcom_ibm_bpm_coach.assetType_WEB = \"W\";\n\tcom_ibm_bpm_coach.assetType_SERVER = \"J\";\n\tcom_ibm_bpm_coach.assetType_DESIGN = \"D\";\n\tcom_ibm_bpm_coach.currentprojectsnapshot = \"2064.5f8887b6-47a4-4a2c-bdea-5c15539242a5\";\n\tcom_ibm_bpm_coach.projectsnapshot = {\"CODU\":\"2064.5f8887b6-47a4-4a2c-bdea-5c15539242a5\",\"TWSYS\":\"2064.1080ded6-d153-4654-947c-2d16fce170db\",\"SYSBPMUI\":\"2064.304ac881-16c3-47d2-97d5-6e4c4a893177\",\"COTK\":\"2064.2ef830bd-6425-4a87-abf0-3cc4c733df4a\"};\n\tcom_ibm_bpm_coach.projectsnapshotNames = {\"CODU\":\"v1.4\",\"TWSYS\":\"8.6.0.0_TC\",\"SYSBPMUI\":\"8.6.0.0\",\"COTK\":\"v0.2.5\"};\n\tcom_ibm_bpm_coach.getManagedAssetUrl = function(assetName, assetType, projectShortName, returnWithoutAssetName, additionalPath, addBuildNumberParameter) {\n\t\tvar paSnapshotId = com_ibm_bpm_coach.currentprojectsnapshot;\n\t\tif (!!projectShortName) {\n\t\t\t\/\/Backward compatibility for the SYSBPMUI toolkit, since the short name changed from SPARK15\n\t\t\tif (projectShortName === 'SPARK15' && !com_ibm_bpm_coach.projectsnapshotNames[\"SPARK15\"]) {\n\t\t\t\tprojectShortName = 'SYSBPMUI';\n\t\t\t}\n\t\t\tpaSnapshotId = com_ibm_bpm_coach.projectsnapshot[projectShortName];\n\t\t}\n\t\tif ((!!paSnapshotId) && ((assetType == com_ibm_bpm_coach.assetType_WEB) || (assetType == com_ibm_bpm_coach.assetType_SERVER) || (assetType == com_ibm_bpm_coach.assetType_DESIGN))) {\n\t\t\tvar result = '","$$IBM_BPM_COACH_BPM_CONTEXT_ROOT_TAG$$","\/webasset\/'+paSnapshotId+'\/'+assetType+'\/';\n\t\t\tif (!returnWithoutAssetName) {\n\t\t\t\tif(!!additionalPath) result+=assetName+additionalPath;\n\t\t\t\telse                 result+=assetName;\n\t\t\t}\n\t\t\tif (!!addBuildNumberParameter) {\n\t\t\t    if (result.indexOf(\"?\")!= -1) result+=\"&\"+dojoConfig.cacheBust;\n\t\t\t    else                          result+=\"?\"+dojoConfig.cacheBust;\n\t\t\t}\n\t\t\treturn result;\n\t\t} else {\n\t\t\treturn null;\n\t\t}\n\t};\n\t\n\t\t\n\t    \n\tvar dojoConfig = {\n\t\tbaseUrl: '.\/',\n\t\tasync: true,\n\t\tparseOnLoad: true,\n\t\tcacheBust: \"","$$IBM_BPM_COACH_CACHE_DIGEST_TAG$$","\",\n\t\tcoachEventPageVariableName: \"page\",\n\t\tisDebug: com_ibm_bpm_coach.isDebug,\n\t\tdojoIframeHistoryUrl: '","$$IBM_BPM_COACH_BPM_CSHSLIB_CONTEXT_ROOT_TAG$$","\/bpm\/teamworks\/script\/coachNG\/com\/ibm\/bpm\/coach\/resources\/iframe_history.html?","$$IBM_BPM_COACH_CACHE_DIGEST_TAG$$","',\n\t\tlocale: ","$$IBM_BPM_COACH_DOJO_LOCALE_TAG$$",",\n\t\tApp: {_bpmContextRootMap: ","$$IBM_BPM_COACH_BPM_CONTEXT_ROOT_MAP_TAG$$",", _bpmOptimizeBoundaryEvent : false, _bpmInactivityThreshold: 'null', _bpmIsSendingActivityMessages: false,\n\t\t\t     _bpmCoachInCSHS : true, _bpmCoachComplexObjDeltaFmt : '8550', _bpmLoadStandaloneCollabLayer : true, _bpmInWebAppPrefix : 'bpm\/',\n\t\t\t_bpmIsWorkflowPXServer : false, _bpmIsCaseSupported : true\n\t\t},\n\t\tpackages: [\n\t\t\t{name: 'dojo',\n\t\t\t location: '","$$IBM_BPM_COACH_BPM_CSHSLIB_CONTEXT_ROOT_TAG$$","\/bpm\/teamworks\/script\/coachNG\/dojo\/1.10.5'+com_ibm_bpm_coach.debug+'\/dojo'},\n\t\t\t{name: 'dijit',\n\t\t\t location: '","$$IBM_BPM_COACH_BPM_CSHSLIB_CONTEXT_ROOT_TAG$$","\/bpm\/teamworks\/script\/coachNG\/dojo\/1.10.5'+com_ibm_bpm_coach.debug+'\/dijit'},\n\t\t\t{name: 'dojox',\n\t\t\t location: '","$$IBM_BPM_COACH_BPM_CSHSLIB_CONTEXT_ROOT_TAG$$","\/bpm\/teamworks\/script\/coachNG\/dojo\/1.10.5'+com_ibm_bpm_coach.debug+'\/dojox'},\n\t\t\t{name: 'org',\n\t\t\t location: '","$$IBM_BPM_COACH_BPM_CSHSLIB_CONTEXT_ROOT_TAG$$","\/bpm\/teamworks\/script\/coachNG\/dojo\/1.10.5'+com_ibm_bpm_coach.debug+'\/org'},\n\t\t\t{name: 'com.ibm.bpm.coach',\n\t\t\t location: '","$$IBM_BPM_COACH_BPM_CSHSLIB_CONTEXT_ROOT_TAG$$","\/bpm\/teamworks\/script\/coachNG\/com\/ibm\/bpm\/coach',\n\t\t\t packageMap: {dojo: \"dojo\", dijit: \"dijit\", dojox: \"dojox\"}},\n\t\t\t{name: 'coachflow',\n\t\t\t location: '","$$IBM_BPM_COACH_BPM_CSHSLIB_CONTEXT_ROOT_TAG$$","\/bpm\/bpm\/cf\/script'+com_ibm_bpm_coach.debug+'\/coachflow',\n\t\t\t packageMap: {dojo: \"dojo\", dijit: \"dijit\", dojox: \"dojox\"}},\n\t\t\t{name: 'com.ibm.bpm.coachflow.engine',\n\t\t\t location: '","$$IBM_BPM_COACH_BPM_CSHSLIB_CONTEXT_ROOT_TAG$$","\/bpm\/bpm\/cf\/script'+com_ibm_bpm_coach.debug+'\/com\/ibm\/bpm\/coachflow\/engine',\n\t\t\t packageMap: {dojo: \"dojo\", dijit: \"dijit\", dojox: \"dojox\"}},\n\t\t\t{name: 'com.ibm.bpm.social.portal.util',\n\t\t\t location: '\/bas\/portal\/js',\n\t\t\t packageMap: {dojo: \"dojo\", dijit: \"dijit\", dojox: \"dojox\"}}\n\t\t]\n\t};\n<\/script>\n\t    \n<link href='","$$IBM_BPM_COACH_BPM_CSHSLIB_CONTEXT_ROOT_TAG$$","\/bpm\/teamworks\/script\/coachNG\/com\/ibm\/bpm\/coach\/resources\/images\/favicon.ico' rel='shortcut icon' type='image\/x-icon' \/>\n<link href='","$$IBM_BPM_COACH_BPM_CSHSLIB_CONTEXT_ROOT_TAG$$","\/bpm\/teamworks\/script\/coachNG\/com\/ibm\/bpm\/coach\/resources\/images\/favicon.ico' rel='icon' type='image\/x-icon' \/>\n\n<script type='text\/javascript' src='","$$IBM_BPM_COACH_BPM_CSHSLIB_CONTEXT_ROOT_TAG$$","\/bpm\/teamworks\/script\/coachNG\/dojo\/1.10.5","$$IBM_BPM_COACH_DOJOJS_PATH_SUFFIX_TAG$$","\/dojo\/dojo.js?","$$IBM_BPM_COACH_CACHE_DIGEST_TAG$$","'><\/script>\n","<link rel='stylesheet' type='text\/css' href='bpm\/teamworks\/webasset\/2064.5f8887b6-47a4-4a2c-bdea-5c15539242a5\/T\/993e03e9-2574-40fc-807c-65b06be378fd.zip\/bpmCoachFmk\/less\/coach_ng_theme.css?","$$IBM_BPM_COACH_CACHE_DIGEST_TAG$$","'>","\n\n<!-- Coach view CSS started -->\n\n","<link rel='stylesheet' type='text\/css' href='bpm\/teamworks\/webasset\/2064.304ac881-16c3-47d2-97d5-6e4c4a893177\/W\/BPMExt-Style.zip\/bpmUI.css?type=less&snapShotID=2064.5f8887b6-47a4-4a2c-bdea-5c15539242a5&themeID=993e03e9-2574-40fc-807c-65b06be378fd&","$$IBM_BPM_COACH_CACHE_DIGEST_TAG$$","'>\n","\n<style type=\"text\/css\">\n\t\t\t    .div_1_style{\n      \t\t\t\tpadding:25% 0px 0px 0px\n\t\t\t      }\n\t\t\t    \n\t\t\t    .div_2_style{\n      \t\t\t\tpadding:5% 0px 5% 0px\n\t\t\t      }\n\t\t\t    \n a.accordion-toggle.control-label {\r\n  \tmargin-bottom: 0px ;\r\n }\n\t\t\t    .div_3_style{\n      \t\t\t\tpadding:25% 0px 0px 0px\n\t\t\t      }\n\t\t\t    \n<\/style>\n<script type=\"text\/javascript\">\nvar initFunc = function (){\n\t    \nrequire([\"bpm\/teamworks\/webasset\/2064.304ac881-16c3-47d2-97d5-6e4c4a893177\/W\/BPMExt-Core.zip\/BPMExt-Core.js\",\"bpm\/teamworks\/webasset\/2064.304ac881-16c3-47d2-97d5-6e4c4a893177\/W\/BPMExt-Loaders.min.js\"], function() {\n\n\tdefine(\"com.ibm.bpm.coach.Snapshot_304ac881_16c3_47d2_97d5_6e4c4a893177.Horizontal_Split\", [\"com.ibm.bpm.coach\/engine\", \"com.ibm.bpm.coach\/CoachView\", \"require\",\"dojo\/dom-construct\",\"dojo\/dom-class\",\"dojo\/dom-attr\",\"dojo\/dom-geometry\",\"com.ibm.bpm.coach.utils\/utilities\"], function(engine, CoachView, require,domConstruct,domClass,domAttr,domGeometry,utilities) {\n\t\tvar subclass = function (context, element, binding, options, readOnly) {\n\t\t\tCoachView.apply(this, [context, element, binding, options, readOnly]);\n\t\t        var path = (dojoConfig.isDebug === true) ?\n \tcom_ibm_bpm_coach.getManagedAssetUrl('BPMExt-Control-HorizontalSplit.js', com_ibm_bpm_coach.assetType_WEB, 'SYSBPMUI', false) :\n \tcom_ibm_bpm_coach.getManagedAssetUrl('BPMExt-Controls.min.js', com_ibm_bpm_coach.assetType_WEB, 'SYSBPMUI', false);\n \t\n \tpath = (dojoConfig.isDeveloperMode === true) ? \"UITK\/files\/BPMExt-Control-HorizontalSplit.js\" : path;\n\nvar _this = this;\nrequire({async:false},[path], function() {\n\tbpmext_control_InitHorizontalSplit.call(_this, bpmext, domClass, domConstruct, domAttr, domGeometry, utilities);\n});\t\n      }; \/\/ subclass\n      subclass.prototype = new CoachView;\n\t  subclass.prototype.constructor = subclass;\n\t  \n\t      \n\t             subclass.prototype.load = function() {\n\t               var element = this.context.element;\n\t               var context = this.context;\n\t                       var binding = this.context.binding;\n\t               var options = this.context.options;\n\nthis.bpmEventHelper.ui.loadContainer(this);\n\t             };\n\t             subclass.prototype.unload = function() {\n\t               var element = this.context.element;\n\t               var context = this.context;\n\t                       var binding = this.context.binding;\n\t               var options = this.context.options;\n\nthis.bpmEventHelper.ui.unloadContainer(this);\n\t             };\t  \n\t  engine.GlobalAssets.scopeClasses[\"com.ibm.bpm.coach.Snapshot_304ac881_16c3_47d2_97d5_6e4c4a893177.Horizontal_Split\"] = subclass;\t\t\n\t  return subclass;\n\t});     \n\tdefine(\"com.ibm.bpm.coach.Snapshot_304ac881_16c3_47d2_97d5_6e4c4a893177.Image\", [\"com.ibm.bpm.coach\/engine\", \"com.ibm.bpm.coach\/CoachView\", \"require\",\"dojo\/dom-class\",\"dojo\/dom-attr\",\"dojo\/dom-construct\",\"com.ibm.bpm.coach.utils\/utilities\"], function(engine, CoachView, require,domClass,domAttr,domConstruct,utilities) {\n\t\tvar subclass = function (context, element, binding, options, readOnly) {\n\t\t\tCoachView.apply(this, [context, element, binding, options, readOnly]);\n\t\t        var path = (dojoConfig.isDebug === true) ?\n \tcom_ibm_bpm_coach.getManagedAssetUrl('BPMExt-Control-Image.js', com_ibm_bpm_coach.assetType_WEB, 'SYSBPMUI', false) :\n \tcom_ibm_bpm_coach.getManagedAssetUrl('BPMExt-Controls.min.js', com_ibm_bpm_coach.assetType_WEB, 'SYSBPMUI', false);\n \t\n \tpath = (dojoConfig.isDeveloperMode === true) ? \"UITK\/files\/BPMExt-Control-Image.js\" : path;\n\nvar _this = this;\nrequire({async:false},[path], function() {\n\tbpmext_control_InitImage.call(_this, utilities, bpmext, domClass, domAttr, domConstruct);\n});\t\n      }; \/\/ subclass\n      subclass.prototype = new CoachView;\n\t  subclass.prototype.constructor = subclass;\n\t  \n\t      \n\t             subclass.prototype.load = function() {\n\t               var element = this.context.element;\n\t               var context = this.context;\n\t                       var binding = this.context.binding;\n\t               var options = this.context.options;\n\nthis.bpmEventHelper.ui.loadView(this);\n\t             };\n\t             subclass.prototype.unload = function() {\n\t               var element = this.context.element;\n\t               var context = this.context;\n\t                       var binding = this.context.binding;\n\t               var options = this.context.options;\n\nthis.bpmEventHelper.ui.unloadView(this);\n\t             };\t  \n\t  engine.GlobalAssets.scopeClasses[\"com.ibm.bpm.coach.Snapshot_304ac881_16c3_47d2_97d5_6e4c4a893177.Image\"] = subclass;\t\t\n\t  return subclass;\n\t});     \n\tdefine(\"com.ibm.bpm.coach.Snapshot_304ac881_16c3_47d2_97d5_6e4c4a893177.Vertical_Layout\", [\"com.ibm.bpm.coach\/engine\", \"com.ibm.bpm.coach\/CoachView\", \"require\",\"dojo\/dom-class\",\"dojo\/dom-attr\",\"dojo\/dom-construct\",\"com.ibm.bpm.coach.utils\/utilities\"], function(engine, CoachView, require,domClass,domAttr,domConstruct,utilities) {\n\t\tvar subclass = function (context, element, binding, options, readOnly) {\n\t\t\tCoachView.apply(this, [context, element, binding, options, readOnly]);\n\t\t        var path = (dojoConfig.isDebug === true) ?\n \tcom_ibm_bpm_coach.getManagedAssetUrl('BPMExt-Control-Layout.js', com_ibm_bpm_coach.assetType_WEB, 'SYSBPMUI', false) :\n \tcom_ibm_bpm_coach.getManagedAssetUrl('BPMExt-Controls.min.js', com_ibm_bpm_coach.assetType_WEB, 'SYSBPMUI', false);\n \t\n \tpath = (dojoConfig.isDeveloperMode === true) ? \"UITK\/files\/BPMExt-Control-Layout.js\" : path;\n\nvar _this = this;\nrequire({async:false},[path], function() {\n\tbpmext_control_InitLayout.call(_this, utilities, bpmext, domClass, domAttr, domConstruct, \"V\");\n});\t\n      }; \/\/ subclass\n      subclass.prototype = new CoachView;\n\t  subclass.prototype.constructor = subclass;\n\t  \n\t      \n\t             subclass.prototype.load = function() {\n\t               var element = this.context.element;\n\t               var context = this.context;\n\t                       var binding = this.context.binding;\n\t               var options = this.context.options;\n\nthis.bpmEventHelper.ui.loadContainer(this);\n\t             };\n\t             subclass.prototype.unload = function() {\n\t               var element = this.context.element;\n\t               var context = this.context;\n\t                       var binding = this.context.binding;\n\t               var options = this.context.options;\n\nthis.bpmEventHelper.ui.unloadContainer(this);\n\t             };\t  \n\t  engine.GlobalAssets.scopeClasses[\"com.ibm.bpm.coach.Snapshot_304ac881_16c3_47d2_97d5_6e4c4a893177.Vertical_Layout\"] = subclass;\t\t\n\t  return subclass;\n\t});     \n\tdefine(\"com.ibm.bpm.coach.Snapshot_304ac881_16c3_47d2_97d5_6e4c4a893177.Output_Text\", [\"com.ibm.bpm.coach\/engine\", \"com.ibm.bpm.coach\/CoachView\", \"require\",\"dojo\/dom-class\",\"dojo\/dom-attr\",\"dojo\/dom-construct\",\"com.ibm.bpm.coach.utils\/utilities\"], function(engine, CoachView, require,domClass,domAttr,domConstruct,utilities) {\n\t\tvar subclass = function (context, element, binding, options, readOnly) {\n\t\t\tCoachView.apply(this, [context, element, binding, options, readOnly]);\n\t\t        var path = (dojoConfig.isDebug === true) ?\n \tcom_ibm_bpm_coach.getManagedAssetUrl('BPMExt-Control-OutputText.js', com_ibm_bpm_coach.assetType_WEB, 'SYSBPMUI', false) :\n \tcom_ibm_bpm_coach.getManagedAssetUrl('BPMExt-Controls.min.js', com_ibm_bpm_coach.assetType_WEB, 'SYSBPMUI', false);\n \t\n \tpath = (dojoConfig.isDeveloperMode === true) ? \"UITK\/files\/BPMExt-Control-OutputText.js\" : path;\n\nvar _this = this;\nrequire({async:false},[path], function() {\n\tbpmext_control_InitOutputText.call(_this, bpmext, utilities, domClass, domAttr, domConstruct);\n});\t\n      }; \/\/ subclass\n      subclass.prototype = new CoachView;\n\t  subclass.prototype.constructor = subclass;\n\t  \n\t      \n\t             subclass.prototype.load = function() {\n\t               var element = this.context.element;\n\t               var context = this.context;\n\t                       var binding = this.context.binding;\n\t               var options = this.context.options;\n\nthis.bpmEventHelper.ui.loadView(this);\n\t             };\n\t             subclass.prototype.unload = function() {\n\t               var element = this.context.element;\n\t               var context = this.context;\n\t                       var binding = this.context.binding;\n\t               var options = this.context.options;\n\nthis.bpmEventHelper.ui.unloadView(this);\n\t             };\t  \n\t  engine.GlobalAssets.scopeClasses[\"com.ibm.bpm.coach.Snapshot_304ac881_16c3_47d2_97d5_6e4c4a893177.Output_Text\"] = subclass;\t\t\n\t  return subclass;\n\t});     \n\tdefine(\"com.ibm.bpm.coach.Snapshot_304ac881_16c3_47d2_97d5_6e4c4a893177.Button\", [\"com.ibm.bpm.coach\/engine\", \"com.ibm.bpm.coach\/CoachView\", \"require\",\"dojo\/dom-class\",\"dojo\/dom-attr\",\"dojo\/dom-construct\",\"com.ibm.bpm.coach.utils\/utilities\",\"com.ibm.bpm.bpmui.lib.fastclick\/main\"], function(engine, CoachView, require,domClass,domAttr,domConstruct,utilities,fastclick) {\n\t\tvar subclass = function (context, element, binding, options, readOnly) {\n\t\t\tCoachView.apply(this, [context, element, binding, options, readOnly]);\n\t\t        var path = (dojoConfig.isDebug === true) ?\n \tcom_ibm_bpm_coach.getManagedAssetUrl('BPMExt-Control-Button.js', com_ibm_bpm_coach.assetType_WEB, 'SYSBPMUI', false) :\n \tcom_ibm_bpm_coach.getManagedAssetUrl('BPMExt-Controls.min.js', com_ibm_bpm_coach.assetType_WEB, 'SYSBPMUI', false);\n \t\n \tpath = (dojoConfig.isDeveloperMode === true) ? \"UITK\/files\/BPMExt-Control-Button.js\" : path;\n\nvar _this = this;\nrequire({async:false},[path], function() {\n\tbpmext_control_InitButton.call(_this, utilities, bpmext, domClass, domAttr, domConstruct, fastclick);\n});\t\n      }; \/\/ subclass\n      subclass.prototype = new CoachView;\n\t  subclass.prototype.constructor = subclass;\n\t  \n\t      \n\t             subclass.prototype.load = function() {\n\t               var element = this.context.element;\n\t               var context = this.context;\n\t                       var binding = this.context.binding;\n\t               var options = this.context.options;\n\nthis.bpmEventHelper.ui.loadView(this);\n\t             };\n\t             subclass.prototype.unload = function() {\n\t               var element = this.context.element;\n\t               var context = this.context;\n\t                       var binding = this.context.binding;\n\t               var options = this.context.options;\n\nthis.bpmEventHelper.ui.unloadView(this);\n\t             };\t  \n\t  engine.GlobalAssets.scopeClasses[\"com.ibm.bpm.coach.Snapshot_304ac881_16c3_47d2_97d5_6e4c4a893177.Button\"] = subclass;\t\t\n\t  return subclass;\n\t});     \n\tdefine(\"com.ibm.bpm.coach.Snapshot_304ac881_16c3_47d2_97d5_6e4c4a893177.Collapsible_Panel\", [\"com.ibm.bpm.coach\/engine\", \"com.ibm.bpm.coach\/CoachView\", \"require\",\"dojo\/dom-class\",\"dojo\/dom-attr\",\"dojo\/dom-construct\",\"com.ibm.bpm.coach.utils\/utilities\",\"com.ibm.bpm.bpmui.lib.fastclick\/main\"], function(engine, CoachView, require,domClass,domAttr,domConstruct,utilities,fastclick) {\n\t\tvar subclass = function (context, element, binding, options, readOnly) {\n\t\t\tCoachView.apply(this, [context, element, binding, options, readOnly]);\n\t\t        var path = (dojoConfig.isDebug === true) ?\n \tcom_ibm_bpm_coach.getManagedAssetUrl('BPMExt-Control-CollapsiblePanel.js', com_ibm_bpm_coach.assetType_WEB, 'SYSBPMUI', false) :\n \tcom_ibm_bpm_coach.getManagedAssetUrl('BPMExt-Controls.min.js', com_ibm_bpm_coach.assetType_WEB, 'SYSBPMUI', false);\n \t\n \tpath = (dojoConfig.isDeveloperMode === true) ? \"UITK\/files\/BPMExt-Control-CollapsiblePanel.js\" : path;\n\nvar _this = this;\nrequire({async:false},[path], function() {\n\tbpmext_control_InitCollapsiblePanel.call(_this, utilities, bpmext, domClass, domAttr, domConstruct, fastclick);\n});\t\n      }; \/\/ subclass\n      subclass.prototype = new CoachView;\n\t  subclass.prototype.constructor = subclass;\n\t  \n\t      \n\t             subclass.prototype.load = function() {\n\t               var element = this.context.element;\n\t               var context = this.context;\n\t                       var binding = this.context.binding;\n\t               var options = this.context.options;\n\nthis.bpmEventHelper.ui.loadContainer(this);\n\t             };\n\t             subclass.prototype.unload = function() {\n\t               var element = this.context.element;\n\t               var context = this.context;\n\t                       var binding = this.context.binding;\n\t               var options = this.context.options;\n\nthis.bpmEventHelper.ui.unloadContainer(this);\n\t             };\t  \n\t  engine.GlobalAssets.scopeClasses[\"com.ibm.bpm.coach.Snapshot_304ac881_16c3_47d2_97d5_6e4c4a893177.Collapsible_Panel\"] = subclass;\t\t\n\t  return subclass;\n\t});     \n\tdefine(\"com.ibm.bpm.coach.Snapshot_304ac881_16c3_47d2_97d5_6e4c4a893177.Text\", [\"com.ibm.bpm.coach\/engine\", \"com.ibm.bpm.coach\/CoachView\", \"require\",\"dojo\/dom-class\",\"dojo\/dom-attr\",\"dojo\/dom-construct\",\"com.ibm.bpm.coach.utils\/utilities\",\"dojo\/dom-geometry\"], function(engine, CoachView, require,domClass,domAttr,domConstruct,utilities,domGeometry) {\n\t\tvar subclass = function (context, element, binding, options, readOnly) {\n\t\t\tCoachView.apply(this, [context, element, binding, options, readOnly]);\n\t\t        var path = (dojoConfig.isDebug === true) ?\n \tcom_ibm_bpm_coach.getManagedAssetUrl('BPMExt-Control-Text.js', com_ibm_bpm_coach.assetType_WEB, 'SYSBPMUI', false) :\n \tcom_ibm_bpm_coach.getManagedAssetUrl('BPMExt-Controls.min.js', com_ibm_bpm_coach.assetType_WEB, 'SYSBPMUI', false);\n \t\n \tpath = (dojoConfig.isDeveloperMode === true) ? \"UITK\/files\/BPMExt-Control-Text.js\" : path;\n\nvar _this = this;\nrequire({async:false},[path], function() {\n\tbpmext_control_InitText.call(_this, bpmext, utilities, domClass, domAttr, domConstruct, domGeometry, false);\n});\t\n      }; \/\/ subclass\n      subclass.prototype = new CoachView;\n\t  subclass.prototype.constructor = subclass;\n\t  \n\t      \n\t             subclass.prototype.load = function() {\n\t               var element = this.context.element;\n\t               var context = this.context;\n\t                       var binding = this.context.binding;\n\t               var options = this.context.options;\n\nthis.bpmEventHelper.ui.loadView(this);\n\t             };\n\t             subclass.prototype.unload = function() {\n\t               var element = this.context.element;\n\t               var context = this.context;\n\t                       var binding = this.context.binding;\n\t               var options = this.context.options;\n\nthis.bpmEventHelper.ui.unloadView(this);\n\t             };\t  \n\t  engine.GlobalAssets.scopeClasses[\"com.ibm.bpm.coach.Snapshot_304ac881_16c3_47d2_97d5_6e4c4a893177.Text\"] = subclass;\t\t\n\t  return subclass;\n\t});     \n\tdefine(\"com.ibm.bpm.coach.Snapshot_304ac881_16c3_47d2_97d5_6e4c4a893177.Text_Reader\", [\"com.ibm.bpm.coach\/engine\", \"com.ibm.bpm.coach\/CoachView\", \"require\",\"dojo\/dom-class\",\"dojo\/dom-attr\",\"dojo\/dom-construct\",\"com.ibm.bpm.coach.utils\/utilities\"], function(engine, CoachView, require,domClass,domAttr,domConstruct,utilities) {\n\t\tvar subclass = function (context, element, binding, options, readOnly) {\n\t\t\tCoachView.apply(this, [context, element, binding, options, readOnly]);\n\t\t        var path = (dojoConfig.isDebug === true) ?\n \tcom_ibm_bpm_coach.getManagedAssetUrl('BPMExt-Control-TextReader.js', com_ibm_bpm_coach.assetType_WEB, 'SYSBPMUI', false) :\n \tcom_ibm_bpm_coach.getManagedAssetUrl('BPMExt-Controls.min.js', com_ibm_bpm_coach.assetType_WEB, 'SYSBPMUI', false);\n \t\n \tpath = (dojoConfig.isDeveloperMode === true) ? \"UITK\/files\/BPMExt-Control-TextReader.js\" : path;\n\nvar _this = this;\nrequire({async:false},[path], function() {\n\tbpmext_control_InitTextReader.call(_this, bpmext, utilities, domClass, domAttr, domConstruct);\n});\t\n      }; \/\/ subclass\n      subclass.prototype = new CoachView;\n\t  subclass.prototype.constructor = subclass;\n\t  \n\t      \n\t             subclass.prototype.load = function() {\n\t               var element = this.context.element;\n\t               var context = this.context;\n\t                       var binding = this.context.binding;\n\t               var options = this.context.options;\n\nthis.bpmEventHelper.ui.loadView(this);\n\t             };\n\t             subclass.prototype.unload = function() {\n\t               var element = this.context.element;\n\t               var context = this.context;\n\t                       var binding = this.context.binding;\n\t               var options = this.context.options;\n\nthis.bpmEventHelper.ui.unloadView(this);\n\t             };\t  \n\t  engine.GlobalAssets.scopeClasses[\"com.ibm.bpm.coach.Snapshot_304ac881_16c3_47d2_97d5_6e4c4a893177.Text_Reader\"] = subclass;\t\t\n\t  return subclass;\n\t});     \n\trequire([\"dojo\/ready\",\"dojo\/_base\/config\",\"dojo\/parser\",\"com.ibm.bpm.coach\/engine\",\"com.ibm.bpm.coach\/controller\",\"com.ibm.bpm.coach\/CoachLoaderConstants\",\"com.ibm.bpm.coach\/disableBack\",\"com.ibm.bpm.coach\/logger\",\"com.ibm.bpm.coach.Snapshot_304ac881_16c3_47d2_97d5_6e4c4a893177.Horizontal_Split\",\"com.ibm.bpm.coach.Snapshot_304ac881_16c3_47d2_97d5_6e4c4a893177.Image\",\"com.ibm.bpm.coach.Snapshot_304ac881_16c3_47d2_97d5_6e4c4a893177.Vertical_Layout\",\"com.ibm.bpm.coach.Snapshot_304ac881_16c3_47d2_97d5_6e4c4a893177.Output_Text\",\"com.ibm.bpm.coach.Snapshot_304ac881_16c3_47d2_97d5_6e4c4a893177.Button\",\"com.ibm.bpm.coach.Snapshot_304ac881_16c3_47d2_97d5_6e4c4a893177.Collapsible_Panel\",\"com.ibm.bpm.coach.Snapshot_304ac881_16c3_47d2_97d5_6e4c4a893177.Text\",\"com.ibm.bpm.coach.Snapshot_304ac881_16c3_47d2_97d5_6e4c4a893177.Text_Reader\"], \n\tfunction(ready, dojoConfig, parser, engine, controller, CoachLoaderConstants, disableBack, logger) {\n\t\n\t\tengine.initData = function() {\n\t\t\n\t\t      this.dataStructures = {defaults: null, templates: null};\n\t\t      \t    \n      \t\t  \n\t\t\t  this.local = {errorCode: null,errorMessage: null};\n      \t\t  this.system = {user_loginName:\"\",user_localeLanguage:\"\",user_localeCountry:\"\",user_fullName:\"\",user_id:\"\",baseTextDirection:\"\",taskId:\"\",instanceId:\"\",snapshotId:\"\",runtimeRootSnapshotId:\"\",paShortName:\"\",paId:\"\",caseFolderId:\"\",caseFolderServerName:\"\",parentActivityId:\"\",parentCaseId:\"\",parentCaseServerName:\"\",parentCase:{parentActivityId:\"\",caseId:\"\",caseServerId:\"\"},startingDocumentId:\"\",enablingDocumentId:\"\",currentPageInfo:{name:\"\",id:\"\"},settings:{TimerCoachViewEnabled:true,TimerCoachViewRefreshInterval:-1,MinimumCoachViewRefreshInterval:10,_NotificationWebMessagingEnabled:true},context:{callerModelId:\"\",callerModelSnapshotId:\"\",callerModelBranchId:\"\",callerTaskId:\"\",callerProcessId:\"\"}};\n      \t\t  this.team = {member: null, manager: null};\n      \t\t  this.epv = null;\n      \t\t  this.resource = {};\n              this.systemData = {zComponentId : \"null\",\n\t\t\t\t\t\t\t\t zComponentName : \"CoachNG\",\n\t\t\t\t\t\t\t\t zTaskId : \"null\",\n\t\t\t\t\t\t\t\t applicationId :\t\"null\",\n\t\t\t\t\t\t\t\t applicationInstanceId : \"null\",\n\t\t\t\t\t\t\t\t zWorkflowState : \"3\",\n\t\t\t\t\t\t\t\t zDbg : \"null\",\n  \t    \t\t\t\t\t\t boundaryEventInformation : [\n\t\t\t\t\t\t\t\t ],\n\t\t\t\t\t\t\t\t validateBoundaryEventInformation : [\n  \t    \t\t\t\t\t\t ]\n              }\n              this.boundaryEventData = {\"error_go_back\":\"boundaryEvent_2\",\"error_display_image\":\"boundaryEvent_1\"}\n\n      \t\t  this.deviceSpecific = {\n              deviceNames: [\"large\",\"medium\",\"small\"],\n              deviceDetails: {\n                  \"large\": {\n                       width: \"1280px\",\n                       height: \"800px\",\n                       isOrientationAware: false\n                   },\n                  \"medium\": {\n                       width: \"768px\",\n                       height: \"1024px\",\n                       isOrientationAware: false\n                   },\n                  \"small\": {\n                       width: \"480px\",\n                       height: \"640px\",\n                       isOrientationAware: false\n                   }\n\t\t\t    },\n\t\t\t\tstyleNames: [\"width\",\"height\",\"minWidth\",\"minHeight\",\"padding\",\"margin\",\"overflow\"],\n\t\t\t\tmetadataNames: [\"visibility\"],\n\t\t\t\tspecificData: {\n\n\n\t\t\t\t\t\"Error_page_Horizontal_Split\/error_display_image\":{\n\t\t\t\t        styles: [\n\t\t\t            { \/\/L\n\t\t    \t          p:[,,,,\"25% 0px 0px 0px\",,]\n\t\t        \t    }\n\t\t\t         ]\n\t\t\t\t\t}\n,\n\t\t\t\t\t\"Error_page_Horizontal_Split\/Error_page_Vertical_Layout\":{\n\t\t\t\t        styles: [\n\t\t\t            { \/\/L\n\t\t    \t          p:[,,,,\"25% 0px 0px 0px\",,]\n\t\t        \t    }\n\t\t\t         ]\n\t\t\t\t\t}\n\n,\n\t\t\t\t\t\"Error_page_Horizontal_Split\/Error_page_Vertical_Layout\/error_page_header\":{\n\t\t\t           optionNames: [\"sizeStyle\"],\n\t\t\t\t        options: [\n\t\t\t            { \/\/L\n\t\t    \t          p:[\"X\"]\n\t\t        \t    }\n\t\t\t         ],\n\t\t\t\t\t}\n,\n\t\t\t\t\t\"Error_page_Horizontal_Split\/Error_page_Vertical_Layout\/error_page_subtitle\":{\n\t\t\t           optionNames: [\"sizeStyle\"],\n\t\t\t\t        options: [\n\t\t\t            { \/\/L\n\t\t    \t          p:[\"L\"]\n\t\t        \t    }\n\t\t\t         ],\n\t\t\t\t\t}\n,\n\t\t\t\t\t\"Error_page_Horizontal_Split\/Error_page_Vertical_Layout\/error_go_back\":{\n\t\t\t\t        styles: [\n\t\t\t            { \/\/L\n\t\t    \t          p:[,,,,\"5% 0px 5% 0px\",,]\n\t\t        \t    }\n\t\t\t         ]\n\t\t\t\t\t}\n,\n\t\t\t\t\t\"Error_page_Horizontal_Split\/Error_page_Vertical_Layout\/error_content\":{\n\t\t\t           optionNames: [\"width\"],\n\t\t\t\t        options: [\n\t\t\t            { \/\/L\n\t\t    \t          p:[\"75%\"]\n\t\t        \t    }\n\t\t\t         ],\n\t\t\t\t\t}\n\n\n\n\n\t\t\t\t}\n      \t\t  };\n\t\t\t\t\n\t\t}; \/\/initData\n\t\t\n\t\tengine.initConfig = function() {\n\t\t\t      \n\t  var configId = \"config1\";\n\t  this.options[configId] = {\n\t\t\t      _metadata : {\n  \t       label : engine.resolveStaticOptionValue.call(this, configId, \"_metadata.label\", \"Horizontal Split Layout\"),\n  \t       visibility : engine.resolveStaticOptionValue.call(this, configId, \"_metadata.visibility\", \"DEFAULT\"),\n  \t       labelVisibility : engine.resolveStaticOptionValue.call(this, configId, \"_metadata.labelVisibility\", \"SHOW\"),\n  \t       helpText : engine.resolveStaticOptionValue.call(this, configId, \"_metadata.helpText\", \"\")\n\t\t\t      }\n\t  }\n\t        \n\t  configId = \"config2\";\n\t  this.options[configId] = {\n\t\t\t      _metadata : {\n  \t       label : engine.resolveStaticOptionValue.call(this, configId, \"_metadata.label\", \"error image\"),\n  \t       visibility : engine.resolveStaticOptionValue.call(this, configId, \"_metadata.visibility\", \"DEFAULT\"),\n  \t       labelVisibility : engine.resolveStaticOptionValue.call(this, configId, \"_metadata.labelVisibility\", \"SHOW\"),\n  \t       helpText : engine.resolveStaticOptionValue.call(this, configId, \"_metadata.helpText\", \"\"),\n  \t       imageURL : engine.resolveStaticOptionValue.call(this, configId, \"_metadata.imageURL\", \"bpm\/teamworks\/webasset\/2064.304ac881-16c3-47d2-97d5-6e4c4a893177\/W\/Error-Graphic.png\")\n\t\t\t      }\n\t  }\n\t        \n\t  configId = \"config3\";\n\t  this.options[configId] = {\n  \t       hAlignment : engine.resolveStaticOptionValue.call(this, configId, \"hAlignment\", \"L\"),\n\t\t\t      _metadata : {\n  \t       label : engine.resolveStaticOptionValue.call(this, configId, \"_metadata.label\", \"Vertical Layout\"),\n  \t       visibility : engine.resolveStaticOptionValue.call(this, configId, \"_metadata.visibility\", \"DEFAULT\"),\n  \t       labelVisibility : engine.resolveStaticOptionValue.call(this, configId, \"_metadata.labelVisibility\", \"SHOW\"),\n  \t       helpText : engine.resolveStaticOptionValue.call(this, configId, \"_metadata.helpText\", \"\")\n\t\t\t      }\n\t  }\n\t        \n\t  configId = \"config4\";\n\t  this.options[configId] = { \n\t\t   sizeStyle : engine.resolveDeviceSpecificOptionValue.call(this, configId, \"sizeStyle\", \"Error_page_Horizontal_Split\/Error_page_Vertical_Layout\/error_page_header\"),\n\t\t\t      _metadata : {\n  \t       label : engine.resolveStaticOptionValue.call(this, configId, \"_metadata.label\", \"An error in this application needs the author\\'s attention.\"),\n  \t       visibility : engine.resolveStaticOptionValue.call(this, configId, \"_metadata.visibility\", \"DEFAULT\"),\n  \t       labelVisibility : engine.resolveStaticOptionValue.call(this, configId, \"_metadata.labelVisibility\", \"SHOW\"),\n  \t       helpText : engine.resolveStaticOptionValue.call(this, configId, \"_metadata.helpText\", \"\")\n\t\t\t      }\n\t  }\n\t        \n\t  configId = \"config5\";\n\t  this.options[configId] = { \n\t\t   sizeStyle : engine.resolveDeviceSpecificOptionValue.call(this, configId, \"sizeStyle\", \"Error_page_Horizontal_Split\/Error_page_Vertical_Layout\/error_page_subtitle\"),\n\t\t\t      _metadata : {\n  \t       label : engine.resolveStaticOptionValue.call(this, configId, \"_metadata.label\", \"Although it contains an error, you can still use this application.\"),\n  \t       visibility : engine.resolveStaticOptionValue.call(this, configId, \"_metadata.visibility\", \"DEFAULT\"),\n  \t       labelVisibility : engine.resolveStaticOptionValue.call(this, configId, \"_metadata.labelVisibility\", \"SHOW\"),\n  \t       helpText : engine.resolveStaticOptionValue.call(this, configId, \"_metadata.helpText\", \"\")\n\t\t\t      }\n\t  }\n\t        \n\t  configId = \"config6\";\n\t  this.options[configId] = {\n  \t       colorStyle : engine.resolveStaticOptionValue.call(this, configId, \"colorStyle\", \"P\"),\n\t\t\t      _metadata : {\n  \t       label : engine.resolveStaticOptionValue.call(this, configId, \"_metadata.label\", \"Return\"),\n  \t       visibility : engine.resolveStaticOptionValue.call(this, configId, \"_metadata.visibility\", \"DEFAULT\"),\n  \t       labelVisibility : engine.resolveStaticOptionValue.call(this, configId, \"_metadata.labelVisibility\", \"SHOW\"),\n  \t       helpText : engine.resolveStaticOptionValue.call(this, configId, \"_metadata.helpText\", \"\")\n\t\t\t      }\n\t  }\n\t        \n\t  configId = \"config7\";\n\t  this.options[configId] = {\n  \t       initiallyCollapsed : engine.resolveStaticOptionValue.call(this, configId, \"initiallyCollapsed\", true), \n\t\t   width : engine.resolveDeviceSpecificOptionValue.call(this, configId, \"width\", \"Error_page_Horizontal_Split\/Error_page_Vertical_Layout\/error_content\"),\n\t\t\t      _metadata : {\n  \t       label : engine.resolveStaticOptionValue.call(this, configId, \"_metadata.label\", \"Error message\"),\n  \t       visibility : engine.resolveStaticOptionValue.call(this, configId, \"_metadata.visibility\", \"DEFAULT\"),\n  \t       labelVisibility : engine.resolveStaticOptionValue.call(this, configId, \"_metadata.labelVisibility\", \"SHOW\"),\n  \t       helpText : engine.resolveStaticOptionValue.call(this, configId, \"_metadata.helpText\", \"\")\n\t\t\t      }\n\t  }\n\t        \n\t  configId = \"config8\";\n\t  this.options[configId] = {\n\t\t\t      _metadata : {\n  \t       label : engine.resolveStaticOptionValue.call(this, configId, \"_metadata.label\", \"Error Code\"),\n  \t       visibility : engine.resolveStaticOptionValue.call(this, configId, \"_metadata.visibility\", \"DEFAULT\"),\n  \t       labelVisibility : engine.resolveStaticOptionValue.call(this, configId, \"_metadata.labelVisibility\", \"SHOW\"),\n  \t       helpText : engine.resolveStaticOptionValue.call(this, configId, \"_metadata.helpText\", \"\")\n\t\t\t      }\n\t  }\n\t        \n\t  configId = \"config9\";\n\t  this.options[configId] = {\n  \t       initiallyExpanded : engine.resolveStaticOptionValue.call(this, configId, \"initiallyExpanded\", true),\n\t\t\t      _metadata : {\n  \t       label : engine.resolveStaticOptionValue.call(this, configId, \"_metadata.label\", \"Error message\"),\n  \t       visibility : engine.resolveStaticOptionValue.call(this, configId, \"_metadata.visibility\", \"DEFAULT\"),\n  \t       labelVisibility : engine.resolveStaticOptionValue.call(this, configId, \"_metadata.labelVisibility\", \"HIDE\"),\n  \t       helpText : engine.resolveStaticOptionValue.call(this, configId, \"_metadata.helpText\", \"\")\n\t\t\t      }\n\t  }\n\t  \n\t\t}; \/\/initConfig\n\t\t\n\t\tready(function() {\n\t\t\t\n            if(window == window.parent) { \/\/ not in iFrame\n               disableBack.init(false);\n\t\t\t}\n\t\t\t\n\t\t\t\n\t\t\t\t\/\/ Heritage Human Service, JSON format in CSHS and standalone Coach all has the same start sequence\n\t\t\t\t\n\t\t\t\t\t\/\/ debugger statement only for JSON format in CSHS\n\t\t\t\t\tvar turnOnDebugger = false;\n\t\t\t\t\tif ((typeof dojoConfig.isDebug !== undefined) && (dojoConfig.isDebug == true)) {\n\t\t\t\t\t\tturnOnDebugger = true;\n\t\t\t\t\t}\n\t\t\t\t\t\n\t\t\t\t\tif (!!(window.frameElement)) {\n\t\t\t\t\t\tvar coachId = window.frameElement.getAttribute('id');\n\t\t\t\t\t\tif ((!!coachId) && (!!window.parent.com_ibm_bpm_coachLoader) && (window.parent.com_ibm_bpm_coachLoader[coachId]) \n\t\t\t\t\t\t&& (window.parent.com_ibm_bpm_coachLoader[coachId].getInspectorDebugMode() == CoachLoaderConstants.KEY_DEBUG_STEP_INTO)) {\n\t\t\t\t\t\t\tturnOnDebugger = true;\n\t\t\t\t\t\t}\n\t\t\t\t\t}\n\t\t\t\t\t\n\t\t\t\t\tif (turnOnDebugger) {\n\t\t\t\t\t\tengine.turnOnDebuggerForCSHS();\n\t\t\t\t\t\tdebugger;\n\t\t\t\t\t}\n\t\t\t\t\t\/\/ set Title ONLY if meta tag does not contain title\n\t\t\t\t\t\n\t\t\t\t\tengine.setTitle(\"null\");\n\t\t\t\t\t\n\t\t\t\t\n\t\t\t\t\n\t\t\t\tengine.start({controller: controller, whiteList: [\"\"]});\n\t\t\t\t\n\t\t\t\n\t\t});\n\t}); \t\t\n\t\t\n\n});\n};\nif (com_ibm_bpm_coach.isDebug) {\n\tinitFunc();\n} else { \/\/nonDebug\n\tinitFunc();\n}\n\n<\/script>\n<\/head>\n\n\n\n<body class=","$$IBM_BPM_COACH_NON_CLARO_BIDI_BODY_CLASS_TAG$$",">\n\t<script type=\"text\/javascript\">\n\t\tif(window == window.parent) { \/\/ not in iFrame\t\n\t\t\t\/\/ work-around solution\n\t\t\tvar src = '","$$IBM_BPM_COACH_BPM_CSHSLIB_CONTEXT_ROOT_TAG$$","\/bpm\/teamworks\/script\/coachNG\/com\/ibm\/bpm\/coach\/resources\/iframe_history.html?","$$IBM_BPM_COACH_CACHE_DIGEST_TAG$$","';\n\t\t\tdocument.write('<iframe style=\"border:0;width:1px;height:1px;position:absolute;visibility:hidden;bottom:0;right:0;\" title=\"Page History\" name=\"dj_history\" id=\"dj_history\" src=\"' + src + '\"><\/iframe>');\n\t\t\t\/*\n\t\t\t\/\/ dojo.back has problem on AMD mode at this moment (dojo defect link: http:\/\/trac.dojotoolkit.org\/ticket\/14613)\n\t\t\t\/\/ once this problem is resolved in the future dojo release, we can use following code to replace the work-around above\n\t\t\trequire([\"dojo\/back\"], function(back){\n\t\t\t\tback.init();\n\t\t\t});\n\t\t\t*\/\n\t\t}\n\t<\/script>\n\t<div class=\"body\" id=\"mainBody\" role=\"complementary\" aria-label=\"null\">\n\t\t<div id=\"Error_page_Horizontal_Split\" class=\"Horizontal_Split topLevel  CoachView\" data-type=\"com.ibm.bpm.coach.Snapshot_304ac881_16c3_47d2_97d5_6e4c4a893177.Horizontal_Split\" data-binding=\"\" data-bindingType=\"\" data-config=\"config1\" data-viewid=\"Error_page_Horizontal_Split\" data-eventId=\"\" data-controlidpath=\"Error_page_Horizontal_Split\" >\n   \t<div id=\"div_4_1\" class=\"ContentBox\" data-view-managed=true data-contentboxid=ContentBox1>\n\t\t<div id=\"div_1\" class=\"Image  CoachView div_1_style\" data-type=\"com.ibm.bpm.coach.Snapshot_304ac881_16c3_47d2_97d5_6e4c4a893177.Image\" data-binding=\"config.config2._metadata.imageURL\" data-bindingType=\"URL\" data-config=\"config2\" data-viewid=\"error_display_image\" data-eventId=\"boundaryEvent_1\" data-controlidpath=\"error_display_image\" data-ibmbpm-layoutpreview=\"horizontal\" > \n\t\t<\/div>\n\t\t<div id=\"div_3\" class=\"Vertical_Layout  CoachView div_3_style\" data-type=\"com.ibm.bpm.coach.Snapshot_304ac881_16c3_47d2_97d5_6e4c4a893177.Vertical_Layout\" data-binding=\"\" data-bindingType=\"\" data-config=\"config3\" data-viewid=\"Error_page_Vertical_Layout\" data-eventId=\"\" data-controlidpath=\"Error_page_Vertical_Layout\" data-ibmbpm-layoutpreview=\"horizontal\" > \n   \t<div id=\"div_3_1\" class=\"ContentBox\" data-view-managed=true data-contentboxid=ContentBox1>\n\t\t<div id=\"div_3_1_1\" class=\"Output_Text  CoachView div_3_1_1_style\" data-type=\"com.ibm.bpm.coach.Snapshot_304ac881_16c3_47d2_97d5_6e4c4a893177.Output_Text\" data-binding=\"\" data-bindingType=\"\" data-config=\"config4\" data-viewid=\"error_page_header\" data-eventId=\"\" data-controlidpath=\"error_page_header\" data-ibmbpm-layoutpreview=\"vertical\" > \n\t\t<\/div>\n\t\t<div id=\"div_3_1_2\" class=\"Output_Text  CoachView div_3_1_2_style\" data-type=\"com.ibm.bpm.coach.Snapshot_304ac881_16c3_47d2_97d5_6e4c4a893177.Output_Text\" data-binding=\"\" data-bindingType=\"\" data-config=\"config5\" data-viewid=\"error_page_subtitle\" data-eventId=\"\" data-controlidpath=\"error_page_subtitle\" data-ibmbpm-layoutpreview=\"vertical\" > \n\t\t<\/div>\n\t\t<div id=\"div_2\" class=\"Button  CoachView div_2_style\" data-type=\"com.ibm.bpm.coach.Snapshot_304ac881_16c3_47d2_97d5_6e4c4a893177.Button\" data-binding=\"\" data-bindingType=\"\" data-config=\"config6\" data-viewid=\"error_go_back\" data-eventId=\"boundaryEvent_2\" data-controlidpath=\"error_go_back\" data-ibmbpm-layoutpreview=\"vertical\" > \n\t\t<\/div>\n\t\t<div id=\"div_3_1_3\" class=\"Collapsible_Panel  CoachView div_3_1_3_style\" data-type=\"com.ibm.bpm.coach.Snapshot_304ac881_16c3_47d2_97d5_6e4c4a893177.Collapsible_Panel\" data-binding=\"\" data-bindingType=\"\" data-config=\"config7\" data-viewid=\"error_content\" data-eventId=\"\" data-controlidpath=\"error_content\" data-ibmbpm-layoutpreview=\"vertical\" > <div class=\"SPARKCPanel panel\">\n\t<div class=\"panel-heading\">\n\t\t<div role=\"button\" tabindex=0 class=\"accordion-toggle\"><\/div>\n\t\t<!--<a class=\"accordion-toggle\" href=\"javascript:void(0)\"><\/a>-->\n\t<\/div>\n\t<div class=\"panel-collapse collapse\">\n\t\t<div class=\"panel-body\">\n   \t<div id=\"div_3_1_3_1\" class=\"ContentBox\" data-view-managed=false data-contentboxid=ContentBox1>\n\t\t<div id=\"div_3_1_3_1_1\" class=\"Text  CoachView\" data-type=\"com.ibm.bpm.coach.Snapshot_304ac881_16c3_47d2_97d5_6e4c4a893177.Text\" data-binding=\"local.errorCode\" data-bindingType=\"String\" data-config=\"config8\" data-viewid=\"error_code\" data-eventId=\"\" data-controlidpath=\"error_code\" data-ibmbpm-layoutpreview=\"vertical\" > \n\t\t<\/div>\n\t\t<div id=\"div_3_1_3_1_2\" class=\"Text_Reader  CoachView\" data-type=\"com.ibm.bpm.coach.Snapshot_304ac881_16c3_47d2_97d5_6e4c4a893177.Text_Reader\" data-binding=\"local.errorMessage\" data-bindingType=\"String\" data-config=\"config9\" data-viewid=\"error_message\" data-eventId=\"\" data-controlidpath=\"error_message\" data-ibmbpm-layoutpreview=\"vertical\" > \n\t\t<\/div>\n\t\t\t\t\n\t\t\t\t\n    <\/div>\t\t<\/div>\n\t<\/div>\n<\/div>\n\t   \t\t\t\t \n\t   \t\t\t\t \n\t   \t\t\t\t \n\t\t<\/div>\n\t\t\t\t\n\t\t\t\t\n\t\t\t\t\n\t\t\t\t\n    <\/div>\n\t   \t\t\t\t \n\t\t<\/div>\n\t\t\t\t\n\t\t\t\t\n    <\/div>\n\t   \t\t\t\t \n\t\t<\/div>\t\n\t<\/div>\n<\/body><\/html>","$$IBM_BPM_COACH_END_INTERNAL_SUBSTITUTION_TAG$$"],"coachData":{"system":{"settings":{"TimerCoachViewEnabled":true,"TimerCoachViewRefreshInterval":-1,"MinimumCoachViewRefreshInterval":10,"_NotificationWebMessagingEnabled":true},"snapshotId":"","caseFolderId":"","enablingDocumentId":"","paShortName":"","startingDocumentId":"","user_loginName":"","user_localeCountry":"","parentCaseServerName":"","currentPageInfo":{"name":"","id":""},"caseFolderServerName":"","instanceId":"","runtimeRootSnapshotId":"","user_id":"","user_localeLanguage":"","user_fullName":"","paId":"","parentCase":{"caseId":"","caseServerId":"","parentActivityId":""},"context":{"callerProcessId":"","callerModelSnapshotId":"","callerModelId":"","callerModelBranchId":"","callerTaskId":""},"parentActivityId":"","parentCaseId":"","taskId":"","baseTextDirection":""},"defaults":null,"resource":{},"variableTemplates":null,"templates":null,"epv":null,"team":{"manager":null,"member":null},"local":{"errorMessage":null,"errorCode":null}}},"success":true,"message":null,"status":200}