{"data":{"metadata":{"paId":"2066.bd3841e7-7c78-4b6b-aa2b-1f9cc91afc9a","paShortName":"SYSCST","snapshotId":"2064.3ef6cc1c-1e67-449f-8ac2-a312aec58d64","snapshotName":"25.0.0.0.250602030248","name":"Content Services"},"defaults":{"entry":[{"type":"S","value":""},{"type":"B","value":false},{"type":"I","value":0},{"type":"D","value":0.0},{"type":"DT","value":null},{"type":"DT","value":null}]},"templates":{"variableTemplates":[{"modelId":"1.35791f86-71da-4950-a56f-eb7f5115e771","parentId":"1.35791f86-71da-4950-a56f-eb7f5115e771","variableTemplate":[{"id":"2055.dade53fe-b3f5-41d3-8662-9a3e4269ff0f","name":"data","boTemplateName":"CSC"},{"id":"2055.5b695ef0-5249-4b29-87c4-81dd3cd5ab12","name":"results","boTemplateName":"A"},{"id":"2055.d30a61e2-dba4-446f-8cf7-0d8806835623","name":"error","boTemplateName":"Aja"}]}],"boTemplate":[{"id":"12.cbd97436-48f5-4b7b-a64d-47f5b9151234","name":"CSC","property":[{"name":"serverInfo","type":"S","isList":false},{"name":"appResourceInfo","type":"A","isList":false},{"name":"csrfToken","type":"S","isList":false},{"name":"query","type":"S","isList":false},{"name":"querySecondary","type":"S","isList":false}]},{"id":"12.5551644c-3dc6-4161-a939-4e7f27f8ce45","name":"Aja","property":[{"name":"errorText","type":"S","isList":false},{"name":"errorCode","type":"S","isList":false},{"name":"serviceInError","type":"S","isList":false}]}]},"model":{"rootElement":[{"extensionElements":{"userTaskImplementation":[{"flowElement":[{"parallelMultiple":false,"outgoing":["2027.49b55327-bfc4-456f-8cee-9555e0776406"],"isInterrupting":true,"extensionElements":{"default":["2027.49b55327-bfc4-456f-8cee-9555e0776406"],"nodeVisualInfo":[{"color":"#F8F8F8","width":24,"x":50,"y":200,"declaredType":"TNodeVisualInfo","height":24}]},"name":"Start","declaredType":"startEvent","id":"55041702-5575-4079-8ba8-be5767101633"},{"incoming":["2027.5cebf7c0-43c4-49fe-85fa-4055c3ccb16b"],"extensionElements":{"nodeVisualInfo":[{"color":"#F8F8F8","width":24,"x":700,"y":200,"declaredType":"TNodeVisualInfo","height":24}],"navigationInstructions":[{"targetType":"Default","declaredType":"com.ibm.bpmsdk.model.bpmn20.ibmext.TNavigationInstructions"}]},"name":"End","declaredType":"endEvent","id":"3632baf5-4dd7-4639-8517-4e1d79007683"},{"startQuantity":1,"outgoing":["2027.5cebf7c0-43c4-49fe-85fa-4055c3ccb16b"],"incoming":["2027.49b55327-bfc4-456f-8cee-9555e0776406"],"default":"2027.5cebf7c0-43c4-49fe-85fa-4055c3ccb16b","extensionElements":{"nodeVisualInfo":[{"color":"#95D087","width":95,"x":327,"y":177,"declaredType":"TNodeVisualInfo","height":70}]},"name":"Get Content Classes Service","isForCompensation":false,"completionQuantity":1,"declaredType":"scriptTask","id":"2025.b3f6a4d6-7d95-47cd-8950-8a4e3c5a4351","scriptFormat":"text/x-javascript","script":{"content":["console.debug(\"****BEGIN Script Get Content Classes Service****\");\r\n\r\ntw.system.waitForContinueFlow();\r\n\r\nvar serviceName =\"getContentClassesService\";\r\n\r\nvar csrfToken = tw.local.data && tw.local.data.csrfToken;\r\nvar appServerResource = tw.local.data && tw.local.data.serverInfo;\r\nvar appResourceInfo = tw.local.data && tw.local.data.appResourceInfo;\r\nvar topLevelClassQuery = tw.local.data && tw.local.data.query;\r\nvar subClassQuery = tw.local.data.querySecondary;\r\n\r\nvar options = {\r\n\tmethod: \"POST\",\r\n\tctxRoot: appResourceInfo.ctxRoot,\r\n\tpath: appResourceInfo.path,\r\n\tpayload: {\r\n\t\tquery: topLevelClassQuery,\r\n\t\tvariables: null,\r\n\t\toperationName: null\r\n\t},\r\n\theaders: {\r\n\t\t\"ECM-CS-XSRF-Token\": csrfToken,\r\n\t\tCookie: \"ECM-CS-XSRF-Token=\" + csrfToken,\r\n\t\t\"Accept-Language\": tw.system.user.locale\r\n\t}\r\n};\r\n\t\r\nconsole.debug(\"Options: \", options);\t\r\nconsole.debug(\"****CALLING performRequest****\");\r\ntw.system.performRequest(appServerResource, options, function(response, httpStatus) {\r\n\r\n\tconsole.debug(\"performRequest completed for top class query: \", response);\r\n\tconsole.debug(\"performRequest httpStatus for top class query: \", httpStatus);\r\n\r\n\tif (httpStatus.statusCode != 200){\r\n\t\ttw.local.error = {};\r\n\t\ttw.local.error.errorCode = httpStatus.statusCode;\r\n\t\ttw.local.error.errorText = response;\r\n\t\ttw.local.error.serviceInError = serviceName;\r\n\t}\r\n\telse {\t\r\n\t\tvar resultsJson = JSON.parse(response);\r\n\t\tif (resultsJson.errors){\r\n\t\t\tvar error = resultsJson.errors[0];\r\n\t\t\ttw.local.error = {};\r\n\t\t\ttw.local.error.errorCode = error.extensions ? error.extensions.errorCode ?  error.extensions.errorCode : error.errorType : error.errorType;\r\n\t\t\ttw.local.error.errorText = error.extensions ? error.extensions.explanation ? error.extensions.explanation : error.message : error.message;\r\n\t\t\ttw.local.error.serviceInError = serviceName;\r\n\t\t\t\r\n\t\t\t// Signal to engine that flow can continue past this Script\r\n\t\t\ttw.system.continueFlow();\r\n\t\t} else {\r\n\t\t\t// save the class description from the top level class query\r\n\t\t\tvar topClassDescription = resultsJson.data.classDescription;\r\n\t\t\t\t\t\t\r\n\t\t\toptions.payload.query = subClassQuery;\r\n\t\t\ttw.system.performRequest(appServerResource, options, function(response, httpStatus) {\r\n\r\n\t\t\t\tconsole.debug(\"performRequest completed for subclass query: \", response);\r\n\t\t\t\tconsole.debug(\"performRequest httpStatus for subclass query: \", httpStatus);\r\n\r\n\t\t\t\tif (httpStatus.statusCode != 200){\r\n\t\t\t\t\ttw.local.error = {};\r\n\t\t\t\t\ttw.local.error.errorCode = httpStatus.statusCode;\r\n\t\t\t\t\ttw.local.error.errorText = response;\r\n\t\t\t\t\ttw.local.error.serviceInError = serviceName;\r\n\t\t\t\t}\r\n\t\t\t\telse {\t\r\n\t\t\t\t\tresultsJson = JSON.parse(response);\r\n\t\t\t\t\tif (resultsJson.errors){\r\n\t\t\t\t\t\tvar error = resultsJson.errors[0];\r\n\t\t\t\t\t\ttw.local.error = {};\r\n\t\t\t\t\t\ttw.local.error.errorCode = error.extensions ? error.extensions.errorCode ?  error.extensions.errorCode : error.errorType : error.errorType;\r\n\t\t\t\t\t\ttw.local.error.errorText = error.extensions ? error.extensions.explanation ? error.extensions.explanation : error.message : error.message;\r\n\t\t\t\t\t\ttw.local.error.serviceInError = serviceName;\r\n\t\t\t\t\t} else {\r\n\t\t\t\t\t\tresultsJson.data.topClassDescription = topClassDescription;\r\n\t\t\t\t\t\ttw.local.results = resultsJson;\r\n\t\t\t\t\t}\r\n\t\t\t\t}\r\n\t\t\t\t\r\n\t\t\t\t// Signal to engine that flow can continue past this Script\r\n\t\t\t\ttw.system.continueFlow();\r\n\t\t\t}, function (err) {\r\n\t\t\t\tconsole.error(\"performRequest failed for subclass query: \", err);\r\n\t\r\n\t\t\t\ttw.local.error = {};\r\n\t\t\t\ttw.local.error.errorCode = err.code ? err.code : err.errno ? err.errno : err.name;\r\n\t\t\t\ttw.local.error.errorText = err.message;\r\n\t\t\t\ttw.local.error.serviceInError = serviceName;\r\n\t\r\n\t\t\t\t// Signal to engine that flow can continue past this Script.\r\n\t\t\t\ttw.system.continueFlow();\r\n\t\t\t});\r\n\t\t}\r\n\t}\r\n}, function (err) {\r\n\tconsole.error(\"performRequest failed for topclass query: \", err);\r\n\t\r\n\ttw.local.error = {};\r\n\ttw.local.error.errorCode = err.code ? err.code : err.errno ? err.errno : err.name;\r\n\ttw.local.error.errorText = err.message;\r\n\ttw.local.error.serviceInError = serviceName;\r\n\t\r\n\t// Signal to engine that flow can continue past this Script.\r\n\ttw.system.continueFlow();\r\n});\r\n\t\t\t\r\n\r\nconsole.debug(\"At the end of the script step pending response from Graphql\");"]}},{"targetRef":"2025.b3f6a4d6-7d95-47cd-8950-8a4e3c5a4351","extensionElements":{"linkVisualInfo":[{"sourcePortLocation":"rightCenter","showCoachControlLabel":false,"labelPosition":0.0,"targetPortLocation":"leftCenter","declaredType":"TLinkVisualInfo","saveExecutionContext":false,"showLabel":false}]},"name":"To Get Content Classes Service","declaredType":"sequenceFlow","id":"2027.49b55327-bfc4-456f-8cee-9555e0776406","sourceRef":"55041702-5575-4079-8ba8-be5767101633"},{"targetRef":"3632baf5-4dd7-4639-8517-4e1d79007683","extensionElements":{"sequenceFlowImplementation":[{"fireValidation":"Never","sboSyncEnabled":true,"declaredType":"com.ibm.bpmsdk.model.bpmn20.ibmext.TSequenceFlowImplementation"}],"linkVisualInfo":[{"sourcePortLocation":"rightCenter","showCoachControlLabel":false,"labelPosition":0.0,"targetPortLocation":"leftCenter","declaredType":"TLinkVisualInfo","saveExecutionContext":true,"showLabel":false}]},"name":"To End","declaredType":"sequenceFlow","id":"2027.5cebf7c0-43c4-49fe-85fa-4055c3ccb16b","sourceRef":"2025.b3f6a4d6-7d95-47cd-8950-8a4e3c5a4351"}],"isClosed":false,"declaredType":"com.ibm.bpmsdk.model.bpmn20.ibmext.TUserTaskImplementation","id":"6cd9b27e-9b4d-4d8e-88af-dc3e3c93e89e","processType":"None"}]},"implementation":"##unspecified","documentation":[{"textFormat":"text/plain"}],"name":"getContentClassesService","declaredType":"globalUserTask","id":"1.35791f86-71da-4950-a56f-eb7f5115e771","ioSpecification":{"dataOutput":[{"itemSubjectRef":"itm.12.c09c9b6e-aabd-4897-bef2-ed61db106297","name":"results","isCollection":false,"id":"2055.5b695ef0-5249-4b29-87c4-81dd3cd5ab12"},{"itemSubjectRef":"itm.12.5551644c-3dc6-4161-a939-4e7f27f8ce45","name":"error","isCollection":false,"id":"2055.d30a61e2-dba4-446f-8cf7-0d8806835623"}],"inputSet":[{}],"outputSet":[{}],"dataInput":[{"itemSubjectRef":"itm.12.cbd97436-48f5-4b7b-a64d-47f5b9151234","name":"data","isCollection":false,"id":"2055.dade53fe-b3f5-41d3-8662-9a3e4269ff0f"}]}}],"targetNamespace":"","typeLanguage":"http://www.w3.org/2001/XMLSchema","expressionLanguage":"http://www.ibm.com/xmlns/prod/bpm/expression-lang/javascript","id":"1.35791f86-71da-4950-a56f-eb7f5115e771"}},"status":"200"}