{"data":{"metadata":{"paId":"2066.bd3841e7-7c78-4b6b-aa2b-1f9cc91afc9a","paShortName":"SYSCST","snapshotId":"2064.3ef6cc1c-1e67-449f-8ac2-a312aec58d64","snapshotName":"25.0.0.0.250602030248","name":"Content Services"},"defaults":{"entry":[{"type":"S","value":""},{"type":"B","value":false},{"type":"I","value":0},{"type":"D","value":0.0},{"type":"DT","value":null},{"type":"DT","value":null}]},"templates":{"variableTemplates":[{"modelId":"1.3fb2ea98-b217-4898-812a-d2d28ddd16d3","parentId":"1.3fb2ea98-b217-4898-812a-d2d28ddd16d3","variableTemplate":[{"id":"2055.c4720f1a-4675-4dda-8fb4-dffb597708c1","name":"data","boTemplateName":"CSR"},{"id":"2055.1622bffc-1784-4b10-84e3-e5ca6d1ead3c","name":"results","boTemplateName":"A"},{"id":"2055.b7c2af95-fb49-4bc8-8c9d-79804b7f9c79","name":"error","boTemplateName":"Aja"}]}],"boTemplate":[{"id":"12.f207901a-7bef-4dc1-b273-78b90624766c","name":"CSR","property":[{"name":"csrfToken","type":"S","isList":false},{"name":"serverAppResource","type":"S","isList":false},{"name":"repository","type":"S","isList":false},{"name":"batchId","type":"S","isList":false},{"name":"batchClassId","type":"S","isList":false},{"name":"batchDocumentCount","type":"I","isList":false},{"name":"changeSets","type":"S","isList":true}]},{"id":"12.5551644c-3dc6-4161-a939-4e7f27f8ce45","name":"Aja","property":[{"name":"errorText","type":"S","isList":false},{"name":"errorCode","type":"S","isList":false},{"name":"serviceInError","type":"S","isList":false}]}]},"model":{"rootElement":[{"extensionElements":{"userTaskImplementation":[{"flowElement":[{"parallelMultiple":false,"outgoing":["2027.aaff03ff-dda0-4e18-861c-21021bbcee60"],"isInterrupting":true,"extensionElements":{"nodeVisualInfo":[{"color":"#F8F8F8","width":24,"x":50,"y":200,"declaredType":"TNodeVisualInfo","height":24}]},"name":"Start","declaredType":"startEvent","id":"a7079b4f-5941-433c-8e98-e6e193289e89"},{"incoming":["2027.6b01ea8d-d44b-45ec-86ee-d5939b52b473"],"extensionElements":{"nodeVisualInfo":[{"color":"#F8F8F8","width":24,"x":700,"y":200,"declaredType":"TNodeVisualInfo","height":24}],"navigationInstructions":[{"targetType":"Default","declaredType":"com.ibm.bpmsdk.model.bpmn20.ibmext.TNavigationInstructions"}]},"name":"End","declaredType":"endEvent","id":"b49c9152-1867-427f-8e73-01057b2ffc9a"},{"targetRef":"2025.b8eb4e91-5f64-40a3-8e69-08d3071cdbac","extensionElements":{"linkVisualInfo":[{"sourcePortLocation":"rightCenter","showCoachControlLabel":false,"labelPosition":0.0,"targetPortLocation":"leftCenter","declaredType":"TLinkVisualInfo","saveExecutionContext":false,"showLabel":false}]},"name":"Start to End","declaredType":"sequenceFlow","id":"2027.aaff03ff-dda0-4e18-861c-21021bbcee60","sourceRef":"a7079b4f-5941-433c-8e98-e6e193289e89"},{"startQuantity":1,"outgoing":["2027.6b01ea8d-d44b-45ec-86ee-d5939b52b473"],"incoming":["2027.aaff03ff-dda0-4e18-861c-21021bbcee60"],"default":"2027.6b01ea8d-d44b-45ec-86ee-d5939b52b473","extensionElements":{"nodeVisualInfo":[{"width":95,"x":331,"y":177,"declaredType":"TNodeVisualInfo","height":70}]},"name":"Rollback Batch","isForCompensation":false,"completionQuantity":1,"declaredType":"scriptTask","id":"2025.b8eb4e91-5f64-40a3-8e69-08d3071cdbac","scriptFormat":"text/x-javascript","script":{"content":["console.debug(\"****BEGIN Script Rollback Batch****\");\r\n\r\ntw.system.waitForContinueFlow();\r\n\r\nvar csrfToken = tw.local.data && tw.local.data.csrfToken;\r\nvar appServerResource = tw.local.data && tw.local.data.serverAppResource;\r\nvar repository = tw.local.data && tw.local.data.repository;\r\nvar batchId = tw.local.data && tw.local.data.batchId;\r\nvar batchClassId = tw.local.data && tw.local.data.batchClassId;\r\nvar batchDocumentCount = tw.local.data && tw.local.data.batchDocumentCount;\r\nvar changeSets = tw.local.data && tw.local.data.changeSets;\r\n\r\nvar QUERY = \"mutation {\\n\";\r\n\r\n\tif (batchClassId && batchDocumentCount >= 0) {\r\n\t\tQUERY += \"updateCmAbstractPersistable(\\n\" +\r\n\t\t\t\"repositoryIdentifier: \\\"\" + repository + \"\\\",\\n\" +\r\n\t\t\t\"identifier: \\\"\" + batchId + \"\\\",\\n\" +\r\n\t\t\t\"classIdentifier: \\\"\" + batchClassId + \"\\\",\\n\" +\r\n\t\t\t\"cmAbstractPersistableProperties: {\\n\" +\r\n\t\t\t\t\"properties: [\\n\" +\r\n\t\t\t\t\t\"{DbaBatchDocumentCount: \" + batchDocumentCount + \"}\\n\" +\r\n\t\t\t\t\"]\\n\" +\r\n\t\t\t\"}\\n\" +\r\n\t\t\")\\n\" +\r\n\t\t\"{\\n\" +\r\n\t\t\t\"id\\n\" +\r\n\t\t\"}\\n\";\t\r\n\t}\r\n\t\r\n\tfor (var i = 0; i < changeSets.length; i++) {\r\n\t\tvar changeSet = changeSets[i];\r\n        \r\n\t\tif (changeSet.action == \"cancel\") {\r\n\t\t\tvar cancelDocumentName = getUniqueName(\"cancelDocument\", changeSet.documentId);\r\n\t\t\r\n\t\t\tQUERY += cancelDocumentName + \":cancelDocumentCheckout(\\n\" +\r\n\t\t\t\t\"repositoryIdentifier: \\\"\" + repository + \"\\\",\\n\" +\r\n\t\t\t\t\"identifier:\\\"\" + changeSet.documentId + \"\\\",\\n\" +\r\n\t\t\t\")\\n\" +\r\n\t\t\t\"{\\n\" +\r\n\t\t\t\t\"id\\n\" +\r\n\t\t\t\t\"properties {\\n\" +\r\n\t\t\t\t\t\"id\\n\" +\r\n\t\t\t\t\t\"value\\n\" +\r\n\t\t\t\t\"}\\n\" +\r\n\t\t\t\"}\\n\";\r\n\t\t} else if (changeSet.action == \"delete\") {\r\n\t\t\tvar deleteDocumentName = getUniqueName(\"deleteDocument\", changeSet.documentId);\r\n\t\t\r\n\t\t\tQUERY += deleteDocumentName + \":deleteDocument(\\n\" +\r\n\t\t\t\t\"repositoryIdentifier: \\\"\" + repository + \"\\\"\\n\" +\r\n\t\t\t\t\"identifier: \\\"\" + changeSet.documentId + \"\\\"\\n\" +\r\n\t\t\t\")\\n\" +\r\n\t\t\t\"{\\n\" + \r\n\t\t\t\t\"id\\n\" +\r\n\t\t\t\"}\\n\";\r\n\t\t}\r\n\t}\r\n\r\nQUERY += \"}\";\r\n\r\nconsole.debug(\"Calling lookupDBARegistry\");\r\ntw.system.lookupDBARegistry(appServerResource, function(response) {\r\n\r\n\tvar options = {\r\n\t\tmethod: \"POST\",\r\n\t\tpayload: {\r\n\t\t\tquery: QUERY,\r\n\t\t\tvariables: null,\r\n\t\t\toperationName: null\r\n\t\t},\r\n\t\theaders: {\r\n\t\t\t\"ECM-CS-XSRF-Token\": csrfToken,\r\n\t\t\tCookie: \"ECM-CS-XSRF-Token=\" + csrfToken,\r\n\t\t\t\"Accept-Language\": tw.system.user.locale\r\n\t\t}\r\n\t};\r\n\t\r\n\t// Add the context root and path if they are missing for backward compatibility\r\n\tif (!response.ctxRoot){\r\n\t\toptions.ctxRoot = \"/content-services-graphql\";\r\n\t}\r\n\tif (!response.path){\r\n\t\toptions.path = \"/graphql\";\r\n\t}\t\r\n\tconsole.debug(\"Options: \", options);\t\r\n\tconsole.debug(\"****PAYLOAD: \", QUERY);\r\n\tconsole.debug(\"****CALLING performRequest****\");\r\n\t\r\n\ttw.system.performRequest(appServerResource, options, function(response, httpStatus) {\r\n    \r\n\t\tconsole.debug(\"performRequest completed: \", response);\r\n\t\t\r\n\t\tvar results = {};\r\n\t\t\r\n\t\tvar resultsJson = JSON.parse(response);\r\n\t\tvar data = resultsJson.data;\r\n\t\t\r\n\t\tif (data) {\r\n\t\t\tdata.batchId = batchId;\r\n\t\t\ttw.local.results = data;\r\n\t\t} else {\r\n\t\t\tvar errors = resultsJson.errors;\r\n\t\t\ttw.local.error = errors;\r\n\t\t}\r\n\t\t// Signal to engine that flow can continue past this Script‌\r\n\t\ttw.system.continueFlow();\r\n\t\t\r\n\t}, function (err) {\r\n\t\tconsole.error(\"performRequest failed: \", err);\r\n\r\n\t\ttw.local.error = err;\r\n\t\t\r\n\t\t// Signal to engine that flow can continue past this Script‌\r\n\t\ttw.system.continueFlow();\r\n\t});\r\n}, function(err) {\r\n\tconsole.error(\"Error returned from lookupDBARegistry:\", err);\r\n\ttw.local.error = {};\r\n\ttw.local.error.errorCode = err.msg;\r\n\ttw.local.error.errorText = err.msg;\r\n\ttw.local.error.serviceInError = serviceName;\r\n\ttw.system.continueFlow();\r\n});\r\n\r\nfunction getUniqueName(prefix, id) {\r\n\tvar uniqueName = prefix +  id.replace(/[{}]/g, \"\").replace(/-/g, \"_\");\r\n\treturn uniqueName;\r\n};\r\n    \r\nconsole.debug(\"At the end of the script step pending response from Graphql\");\r\n"]}},{"targetRef":"b49c9152-1867-427f-8e73-01057b2ffc9a","extensionElements":{"sequenceFlowImplementation":[{"fireValidation":"Never","sboSyncEnabled":true,"declaredType":"com.ibm.bpmsdk.model.bpmn20.ibmext.TSequenceFlowImplementation"}],"linkVisualInfo":[{"sourcePortLocation":"rightCenter","showCoachControlLabel":false,"labelPosition":0.0,"targetPortLocation":"leftCenter","declaredType":"TLinkVisualInfo","saveExecutionContext":true,"showLabel":false}]},"name":"To End","declaredType":"sequenceFlow","id":"2027.6b01ea8d-d44b-45ec-86ee-d5939b52b473","sourceRef":"2025.b8eb4e91-5f64-40a3-8e69-08d3071cdbac"}],"isClosed":false,"declaredType":"com.ibm.bpmsdk.model.bpmn20.ibmext.TUserTaskImplementation","id":"65efc0c3-5d16-4088-809d-c6b0604602bb","processType":"None"}]},"implementation":"##unspecified","documentation":[{"content":["Rolls back changes in a batch that made by calling the updateBatch service."],"textFormat":"text/plain"}],"name":"rollbackBatch","declaredType":"globalUserTask","id":"1.3fb2ea98-b217-4898-812a-d2d28ddd16d3","ioSpecification":{"dataOutput":[{"itemSubjectRef":"itm.12.c09c9b6e-aabd-4897-bef2-ed61db106297","documentation":[{"content":["Set on success. Contains a JSON object containing information about the batch."],"textFormat":"text/plain"}],"name":"results","isCollection":false,"id":"2055.1622bffc-1784-4b10-84e3-e5ca6d1ead3c"},{"itemSubjectRef":"itm.12.5551644c-3dc6-4161-a939-4e7f27f8ce45","documentation":[{"content":["Set on error. Contains information about why the call failed."],"textFormat":"text/plain"}],"name":"error","isCollection":false,"id":"2055.b7c2af95-fb49-4bc8-8c9d-79804b7f9c79"}],"inputSet":[{}],"outputSet":[{}],"dataInput":[{"itemSubjectRef":"itm.12.f207901a-7bef-4dc1-b273-78b90624766c","name":"data","isCollection":false,"id":"2055.c4720f1a-4675-4dda-8fb4-dffb597708c1"}]}}],"targetNamespace":"","typeLanguage":"http://www.w3.org/2001/XMLSchema","expressionLanguage":"http://www.ibm.com/xmlns/prod/bpm/expression-lang/javascript","id":"1.3fb2ea98-b217-4898-812a-d2d28ddd16d3"}},"status":"200"}