{"data":{"metadata":{"paId":"2066.bd3841e7-7c78-4b6b-aa2b-1f9cc91afc9a","paShortName":"SYSCST","snapshotId":"2064.3ef6cc1c-1e67-449f-8ac2-a312aec58d64","snapshotName":"25.0.0.0.250602030248","name":"Content Services"},"defaults":{"entry":[{"type":"S","value":""},{"type":"B","value":false},{"type":"I","value":0},{"type":"D","value":0.0},{"type":"DT","value":null},{"type":"DT","value":null}]},"templates":{"variableTemplates":[{"modelId":"1.60293564-1c22-47a2-8a92-f05a4cfc5220","parentId":"1.60293564-1c22-47a2-8a92-f05a4cfc5220","variableTemplate":[{"id":"2055.7bbb1097-22d1-4d5d-8414-8bec5c62e9f5","name":"data","boTemplateName":"CSD"},{"id":"2055.ee01e61f-1d19-44b7-8e35-f05aa418dace","name":"results","boTemplateName":"A"},{"id":"2055.547b2fa3-a21a-43fa-899c-8d3f87b44098","name":"error","boTemplateName":"Aja"}]}],"boTemplate":[{"id":"12.ff23eccb-6b51-4b4a-a09e-0aaa9b038ab3","name":"CSD","property":[{"name":"objectId","type":"S","isList":false},{"name":"objectType","type":"S","isList":false},{"name":"repository","type":"S","isList":false},{"name":"serverAppResource","type":"S","isList":false},{"name":"classId","type":"S","isList":false},{"name":"csrfToken","type":"S","isList":false}]},{"id":"12.5551644c-3dc6-4161-a939-4e7f27f8ce45","name":"Aja","property":[{"name":"errorText","type":"S","isList":false},{"name":"errorCode","type":"S","isList":false},{"name":"serviceInError","type":"S","isList":false}]}]},"model":{"rootElement":[{"extensionElements":{"userTaskImplementation":[{"flowElement":[{"parallelMultiple":false,"outgoing":["2027.d31e9963-085f-4f9e-8491-2c9f7f76e1c7"],"isInterrupting":true,"extensionElements":{"nodeVisualInfo":[{"color":"#F8F8F8","width":24,"x":50,"y":200,"declaredType":"TNodeVisualInfo","height":24}]},"name":"Start","declaredType":"startEvent","id":"65844086-f577-4aaf-83d5-6aa6e7ea51a2"},{"incoming":["2027.7ba60df6-c377-45fd-80d3-84b0decb33fa"],"extensionElements":{"nodeVisualInfo":[{"color":"#F8F8F8","width":24,"x":700,"y":200,"declaredType":"TNodeVisualInfo","height":24}],"navigationInstructions":[{"targetType":"Default","declaredType":"com.ibm.bpmsdk.model.bpmn20.ibmext.TNavigationInstructions"}]},"name":"End","declaredType":"endEvent","id":"f9db29bb-c131-47be-8686-669c14744b47"},{"targetRef":"2025.252adcbb-c08b-473b-821b-a90fad51d01f","extensionElements":{"linkVisualInfo":[{"sourcePortLocation":"rightCenter","showCoachControlLabel":false,"labelPosition":0.0,"targetPortLocation":"leftCenter","declaredType":"TLinkVisualInfo","saveExecutionContext":false,"showLabel":false}]},"name":"Start to End","declaredType":"sequenceFlow","id":"2027.d31e9963-085f-4f9e-8491-2c9f7f76e1c7","sourceRef":"65844086-f577-4aaf-83d5-6aa6e7ea51a2"},{"startQuantity":1,"outgoing":["2027.7ba60df6-c377-45fd-80d3-84b0decb33fa"],"incoming":["2027.d31e9963-085f-4f9e-8491-2c9f7f76e1c7"],"default":"2027.7ba60df6-c377-45fd-80d3-84b0decb33fa","extensionElements":{"nodeVisualInfo":[{"width":95,"x":341,"y":177,"declaredType":"TNodeVisualInfo","height":70}]},"name":"Delete Object","isForCompensation":false,"completionQuantity":1,"declaredType":"scriptTask","id":"2025.252adcbb-c08b-473b-821b-a90fad51d01f","scriptFormat":"text/x-javascript","script":{"content":["console.debug(\"****BEGIN Script Delete Object****\");\r\n\r\n//tw.system.disableAutoContinue = true;?\r\ntw.system.waitForContinueFlow();\r\n\r\nvar serviceName = \"deleteObject\";\r\n\r\nvar csrfToken = tw.local.data && tw.local.data.csrfToken;\r\nvar ecmToken = tw.local.data && tw.local.data.ecmToken;\r\nvar appServerResource = tw.local.data && tw.local.data.serverAppResource;\r\nvar repository = tw.local.data && tw.local.data.repository;\r\nvar objectId = tw.local.data && tw.local.data.objectId; \r\nvar objectType = tw.local.data && tw.local.data.objectType; \r\nvar classId = tw.local.data && tw.local.data.classId;\r\n\r\ncsrfToken = csrfToken ? csrfToken : ecmToken;\r\n\r\nvar action = \"deleteVersionSeries\";\r\nif (objectType == \"Folder\") {\r\n\taction = \"deleteFolder\";\r\n} else if (objectType == \"Abstract\") {\r\n\taction = \"deleteCmAbstractPersistable\";\r\n}\r\n\r\nvar QUERY = \"mutation {\" + \"\\n\" +\r\n\taction + \"(\" + \"\\n\" +\r\n\t\t\"repositoryIdentifier: \\\"\" + repository + \"\\\",\" + \"\\n\" +\r\n    \t\t\"identifier: \\\"\" + objectId + \"\\\",\" + \"\\n\";\r\n\r\n\t\tif (objectType == \"Abstract\") {\r\n\t\t\tQUERY += \"classIdentifier: \\\"\" + classId + \"\\\"\\n\";\r\n\t\t}\r\n\t\t\r\nQUERY += \")\" + \"\\n\" + \r\n\t\"{\" + \"\\n\" +\r\n\t\t\"className\" + \"\\n\" +\r\n\t\t\"id\" + \"\\n\" +\r\n\t\t\"properties(includes:[\\\"name\\\", \\\"MimeType\\\"]) {\" + \"\\n\" +\r\n      \t\t\"id\" + \"\\n\" +\r\n      \t\t\"label\" + \"\\n\" +\r\n      \t\t\"type\" + \"\\n\" +\r\n       \t\t\"value\" + \"\\n\" +\r\n\t\t\"}\" + \"\\n\" +\r\n\t\"}\" + \"\\n\" +\r\n\"}\";\r\n\r\nconsole.debug(\"Calling lookupDBARegistry\");\r\ntw.system.lookupDBARegistry(appServerResource, function(response) {\r\n\r\n\tvar options = {\r\n\t\tmethod: \"POST\",\r\n\t\tpayload: {\r\n\t\t\tquery: QUERY,\r\n\t\t\tvariables: null,\r\n\t\t\toperationName: null\r\n\t\t},\r\n\t\theaders: {\r\n\t\t\t\"ECM-CS-XSRF-Token\": csrfToken,\r\n\t\t\tCookie: \"ECM-CS-XSRF-Token=\" + csrfToken,\r\n\t\t\t\"Accept-Language\": tw.system.user.locale\r\n\t\t}\r\n\t};\r\n\t\r\n\t// Add the context root and path if they are missing for backward compatibility\r\n\tif (!response.ctxRoot){\r\n\t\toptions.ctxRoot = \"/content-services-graphql\";\r\n\t}\r\n\tif (!response.path){\r\n\t\toptions.path = \"/graphql\";\r\n\t}\t\r\n\tconsole.debug(\"Options: \", options);\t\r\n\tconsole.debug(\"****PAYLOAD: \", QUERY);\r\n\tconsole.debug(\"****CALLING performRequest****\");\r\n\ttw.system.performRequest(appServerResource, options, function(response, httpStatus) {\r\n\t\r\n\t\tconsole.debug(\"performRequest completed: \", response);\r\n\t\tconsole.debug(\"performRequest httpStatus: \", httpStatus);\r\n\t\t\r\n\t\tif (httpStatus.statusCode != 200){\r\n\t\t\ttw.local.error = {};\r\n\t\t\ttw.local.error.errorCode = httpStatus.statusCode;\r\n\t\t\ttw.local.error.errorText = response;\r\n\t\t\ttw.local.error.serviceInError = serviceName;\r\n\t\t}\r\n\t\telse {\r\n\t\t\r\n\t\t\tvar resultsJson = JSON.parse(response);\r\n\t\t\tif (resultsJson.errors) {\r\n\t\t\t\tvar error = resultsJson.errors[0];\r\n\t\t\t\ttw.local.error = {};\r\n\t\t\t\ttw.local.error.errorCode = error.extensions ? error.extensions.errorCode ?  error.extensions.errorCode : error.errorType : error.errorType;\r\n\t\t\t\ttw.local.error.errorText = error.extensions ? error.extensions.explanation ? error.extensions.explanation : error.message : error.message;\r\n\t\t\t\ttw.local.error.serviceInError = serviceName;\r\n\t\t\t} else {\t\t\r\n\t\t\t\tvar data = resultsJson.data;\r\n\t\t\t\tvar newObject = new Object();\r\n\t\t\t\tvar deleteObject;\r\n\t\t\t\tif (data.deleteVersionSeries) {\r\n\t\t\t\t\tdeleteObject = data.deleteVersionSeries;\r\n\t\t\t\t\tnewObject.isFolder = false;\r\n\t\t\t\t} else if (data.deleteFolder) {\r\n\t\t\t\t\tdeleteObject = data.deleteFolder;\r\n\t\t\t\t\tnewObject.isFolder = true;\r\n\t\t\t\t} else if (data.deleteCmAbstractPersistable) {\r\n\t\t\t\t\tdeleteObject = data.deleteCmAbstractPersistable;\r\n\t\t\t\t\tnewObject.isFolder = false;\r\n\t\t\t\t}\r\n\t\t\t\tnewObject.id = deleteObject.id;\r\n\t\t\t\tnewObject.className = deleteObject.className;\r\n\t\t\t\tnewObject.properties = deleteObject.properties;\r\n\t\t\t\ttw.local.results = {\r\n\t\t\t\t\tresults: newObject\r\n\t\t\t\t};\r\n\t\t\t}\r\n\t\t}\r\n\t\t// Signal to engine that flow can continue past this Script?\r\n\t\ttw.system.continueFlow();\r\n\t\t\r\n\t}, function (err) {\r\n\t\tconsole.error(\"performRequest failed: \", err);\r\n\t\t\r\n\t\ttw.local.error = {};\r\n\t\ttw.local.error.errorCode = err.code ? err.code : err.errno ? err.errno : err.name;\r\n\t\ttw.local.error.errorText = err.message;\r\n\t\ttw.local.error.serviceInError = serviceName;\r\n\t\t\r\n\t\t// Signal to engine that flow can continue past this Script?\r\n\t\ttw.system.continueFlow();\r\n\t});\r\n}, function(err) {\r\n\tconsole.error(\"Error returned from lookupDBARegistry:\", err);\r\n\ttw.local.error = {};\r\n\ttw.local.error.errorCode = err.msg;\r\n\ttw.local.error.errorText = err.msg;\r\n\ttw.local.error.serviceInError = serviceName;\r\n\ttw.system.continueFlow();\r\n});\t\r\n\t\r\nconsole.debug(\"At the end of the script step pending response from Graphql\");\r\n"]}},{"targetRef":"f9db29bb-c131-47be-8686-669c14744b47","extensionElements":{"sequenceFlowImplementation":[{"fireValidation":"Never","sboSyncEnabled":true,"declaredType":"com.ibm.bpmsdk.model.bpmn20.ibmext.TSequenceFlowImplementation"}],"linkVisualInfo":[{"sourcePortLocation":"rightCenter","showCoachControlLabel":false,"labelPosition":0.0,"targetPortLocation":"leftCenter","declaredType":"TLinkVisualInfo","saveExecutionContext":true,"showLabel":false}]},"name":"To End","declaredType":"sequenceFlow","id":"2027.7ba60df6-c377-45fd-80d3-84b0decb33fa","sourceRef":"2025.252adcbb-c08b-473b-821b-a90fad51d01f"}],"isClosed":false,"declaredType":"com.ibm.bpmsdk.model.bpmn20.ibmext.TUserTaskImplementation","id":"f3080326-3030-480f-8190-0845c712be2d","processType":"None"}]},"implementation":"##unspecified","documentation":[{"content":["Deletes a document, folder, or abstract persistable object.  NOTE: To delete a document in a batch, use deleteBatchDocument."],"textFormat":"text/plain"}],"name":"deleteObject","declaredType":"globalUserTask","id":"1.60293564-1c22-47a2-8a92-f05a4cfc5220","ioSpecification":{"dataOutput":[{"itemSubjectRef":"itm.12.c09c9b6e-aabd-4897-bef2-ed61db106297","documentation":[{"content":["Set on success. Contains a partial Content Item object with information about the deleted object. See the JavaScript API document for a description of Content Item."],"textFormat":"text/plain"}],"name":"results","isCollection":false,"id":"2055.ee01e61f-1d19-44b7-8e35-f05aa418dace"},{"itemSubjectRef":"itm.12.5551644c-3dc6-4161-a939-4e7f27f8ce45","documentation":[{"content":["Set on error. Contains information about why the call failed."],"textFormat":"text/plain"}],"name":"error","isCollection":false,"id":"2055.547b2fa3-a21a-43fa-899c-8d3f87b44098"}],"inputSet":[{}],"outputSet":[{}],"dataInput":[{"itemSubjectRef":"itm.12.ff23eccb-6b51-4b4a-a09e-0aaa9b038ab3","name":"data","isCollection":false,"id":"2055.7bbb1097-22d1-4d5d-8414-8bec5c62e9f5"}]}}],"targetNamespace":"","typeLanguage":"http://www.w3.org/2001/XMLSchema","expressionLanguage":"http://www.ibm.com/xmlns/prod/bpm/expression-lang/javascript","id":"1.60293564-1c22-47a2-8a92-f05a4cfc5220"}},"status":"200"}