{"data":{"metadata":{"paId":"2066.bd3841e7-7c78-4b6b-aa2b-1f9cc91afc9a","paShortName":"SYSCST","snapshotId":"2064.3ef6cc1c-1e67-449f-8ac2-a312aec58d64","snapshotName":"25.0.0.0.250602030248","name":"Content Services"},"defaults":{"entry":[{"type":"S","value":""},{"type":"B","value":false},{"type":"I","value":0},{"type":"D","value":0.0},{"type":"DT","value":null},{"type":"DT","value":null}]},"templates":{"variableTemplates":[{"modelId":"1.71ab8f0a-7c67-4c50-8df0-734750b10ed7","parentId":"1.71ab8f0a-7c67-4c50-8df0-734750b10ed7","variableTemplate":[{"id":"2055.15444600-f84a-42dd-849b-05132c475361","name":"data","boTemplateName":"CSC"},{"id":"2055.25aa7e1a-56a1-403a-823a-1722c73214e7","name":"results","boTemplateName":"A"},{"id":"2055.1f19e1a0-c943-4a8b-8c26-27749512fe60","name":"error","boTemplateName":"Aja"}]}],"boTemplate":[{"id":"12.4a6d8270-cb42-4983-97ca-41706411e4ec","name":"CSC","property":[{"name":"serverInfo","type":"S","isList":false},{"name":"appResourceInfo","type":"A","isList":false},{"name":"csrfToken","type":"S","isList":false},{"name":"query","type":"S","isList":false}]},{"id":"12.5551644c-3dc6-4161-a939-4e7f27f8ce45","name":"Aja","property":[{"name":"errorText","type":"S","isList":false},{"name":"errorCode","type":"S","isList":false},{"name":"serviceInError","type":"S","isList":false}]}]},"model":{"rootElement":[{"extensionElements":{"userTaskImplementation":[{"flowElement":[{"parallelMultiple":false,"outgoing":["2027.e3e403bf-f8ec-4ea9-8097-9bd7ae17e34c"],"isInterrupting":true,"extensionElements":{"default":["2027.e3e403bf-f8ec-4ea9-8097-9bd7ae17e34c"],"nodeVisualInfo":[{"color":"#F8F8F8","width":24,"x":50,"y":200,"declaredType":"TNodeVisualInfo","height":24}]},"name":"Start","declaredType":"startEvent","id":"0f22b33b-09de-473f-8935-54bf0c48f6b9"},{"incoming":["2027.3f407ec3-04ee-4b2b-8507-9bdd7099bb42"],"extensionElements":{"nodeVisualInfo":[{"color":"#F8F8F8","width":24,"x":700,"y":200,"declaredType":"TNodeVisualInfo","height":24}],"navigationInstructions":[{"targetType":"Default","declaredType":"com.ibm.bpmsdk.model.bpmn20.ibmext.TNavigationInstructions"}]},"name":"End","declaredType":"endEvent","id":"4df0d631-0d58-4899-84c8-da48f7f8f13c"},{"startQuantity":1,"outgoing":["2027.3f407ec3-04ee-4b2b-8507-9bdd7099bb42"],"incoming":["2027.e3e403bf-f8ec-4ea9-8097-9bd7ae17e34c"],"default":"2027.3f407ec3-04ee-4b2b-8507-9bdd7099bb42","extensionElements":{"nodeVisualInfo":[{"color":"#95D087","width":95,"x":351,"y":177,"declaredType":"TNodeVisualInfo","height":70}]},"name":"Get Batch Document Count Service","isForCompensation":false,"completionQuantity":1,"declaredType":"scriptTask","id":"2025.b430cf12-8e88-4445-8f86-f9ca2de6eaf9","scriptFormat":"text/x-javascript","script":{"content":["console.debug(\"****BEGIN Script Get Batch Document Count Service****\");\r\n\r\ntw.system.waitForContinueFlow();\r\n\r\nvar serviceName =\"getBatchDocumentCountService\";\r\n\r\nvar csrfToken = tw.local.data && tw.local.data.csrfToken;\r\nvar appServerResource = tw.local.data && tw.local.data.serverInfo;\r\nvar appResourceInfo = tw.local.data && tw.local.data.appResourceInfo;\r\nvar query = tw.local.data && tw.local.data.query;\r\n\r\nvar options = {\r\n\tmethod: \"POST\",\r\n\tctxRoot: appResourceInfo.ctxRoot,\r\n\tpath: appResourceInfo.path,\r\n\tpayload: {\r\n\t\tquery: query,\r\n\t\tvariables: null,\r\n\t\toperationName: null\r\n\t},\r\n\theaders: {\r\n\t\t\"ECM-CS-XSRF-Token\": csrfToken,\r\n\t\tCookie: \"ECM-CS-XSRF-Token=\" + csrfToken,\r\n\t\t\"Accept-Language\": tw.system.user.locale\r\n\t}\r\n};\r\n\r\nconsole.debug(\"Options: \", options);\t\r\nconsole.debug(\"****PAYLOAD: \", query);\r\nconsole.debug(\"****CALLING performRequest****\");\r\n\r\ntw.system.performRequest(appServerResource, options, function(response, httpStatus) {\r\n\r\n\tconsole.debug(\"performRequest response: \", response);\r\n\tconsole.debug(\"performRequest httpStatus: \", httpStatus);\r\n\r\n\tif (httpStatus.statusCode != 200) {\r\n\t\ttw.local.error = {};\r\n\t\ttw.local.error.errorCode = httpStatus.statusCode;\r\n\t\ttw.local.error.errorText = response;\r\n\t\ttw.local.error.serviceInError = serviceName;\r\n\t} else {\r\n\t\tvar resultsJson = JSON.parse(response);\r\n\t\tif (resultsJson.errors) {\r\n\t\t\tvar error = resultsJson.errors[0];\r\n\t\t\ttw.local.error = {};\r\n\t\t\ttw.local.error.errorCode = error.extensions ? error.extensions.errorCode ?  error.extensions.errorCode : error.errorType : error.errorType;\r\n\t\t\ttw.local.error.errorText = error.extensions ? error.extensions.explanation ? error.extensions.explanation : error.message : error.message;\r\n\t\t\ttw.local.error.serviceInError = serviceName;\r\n\t\t} else {\r\n\t\t\ttw.local.results = resultsJson;\r\n\t\t}\r\n\t}\r\n\t\r\n\t// Signal to engine that flow can continue past this Script‌\r\n\ttw.system.continueFlow();\r\n}, function (err) {\r\n\tconsole.error(\"performRequest failed: \", err);\r\n\r\n\ttw.local.error = JSON.stringify(err);\r\n\t\r\n\t// Signal to engine that flow can continue past this Script‌\r\n\ttw.system.continueFlow();\r\n});\r\n\t\r\nconsole.debug(\"At the end of the script step pending response from Graphql\");\r\n"]}},{"targetRef":"2025.b430cf12-8e88-4445-8f86-f9ca2de6eaf9","extensionElements":{"linkVisualInfo":[{"sourcePortLocation":"rightCenter","showCoachControlLabel":false,"labelPosition":0.0,"targetPortLocation":"leftCenter","declaredType":"TLinkVisualInfo","saveExecutionContext":false,"showLabel":false}]},"name":"To Get Batch Document Count Service","declaredType":"sequenceFlow","id":"2027.e3e403bf-f8ec-4ea9-8097-9bd7ae17e34c","sourceRef":"0f22b33b-09de-473f-8935-54bf0c48f6b9"},{"targetRef":"4df0d631-0d58-4899-84c8-da48f7f8f13c","extensionElements":{"sequenceFlowImplementation":[{"fireValidation":"Never","sboSyncEnabled":true,"declaredType":"com.ibm.bpmsdk.model.bpmn20.ibmext.TSequenceFlowImplementation"}],"linkVisualInfo":[{"sourcePortLocation":"rightCenter","showCoachControlLabel":false,"labelPosition":0.0,"targetPortLocation":"leftCenter","declaredType":"TLinkVisualInfo","saveExecutionContext":true,"showLabel":false}]},"name":"To End","declaredType":"sequenceFlow","id":"2027.3f407ec3-04ee-4b2b-8507-9bdd7099bb42","sourceRef":"2025.b430cf12-8e88-4445-8f86-f9ca2de6eaf9"}],"isClosed":false,"declaredType":"com.ibm.bpmsdk.model.bpmn20.ibmext.TUserTaskImplementation","id":"438ee6b0-68d4-4098-8b95-76419935f3f4","processType":"None"}]},"implementation":"##unspecified","documentation":[{"textFormat":"text/plain"}],"name":"getBatchDocumentCountService","declaredType":"globalUserTask","id":"1.71ab8f0a-7c67-4c50-8df0-734750b10ed7","ioSpecification":{"dataOutput":[{"itemSubjectRef":"itm.12.c09c9b6e-aabd-4897-bef2-ed61db106297","name":"results","isCollection":false,"id":"2055.25aa7e1a-56a1-403a-823a-1722c73214e7"},{"itemSubjectRef":"itm.12.5551644c-3dc6-4161-a939-4e7f27f8ce45","name":"error","isCollection":false,"id":"2055.1f19e1a0-c943-4a8b-8c26-27749512fe60"}],"inputSet":[{}],"outputSet":[{}],"dataInput":[{"itemSubjectRef":"itm.12.4a6d8270-cb42-4983-97ca-41706411e4ec","name":"data","isCollection":false,"id":"2055.15444600-f84a-42dd-849b-05132c475361"}]}}],"targetNamespace":"","typeLanguage":"http://www.w3.org/2001/XMLSchema","expressionLanguage":"http://www.ibm.com/xmlns/prod/bpm/expression-lang/javascript","id":"1.71ab8f0a-7c67-4c50-8df0-734750b10ed7"}},"status":"200"}