{"data":{"metadata":{"paId":"2066.bd3841e7-7c78-4b6b-aa2b-1f9cc91afc9a","paShortName":"SYSCST","snapshotId":"2064.3ef6cc1c-1e67-449f-8ac2-a312aec58d64","snapshotName":"25.0.0.0.250602030248","name":"Content Services"},"defaults":{"entry":[{"type":"S","value":""},{"type":"B","value":false},{"type":"I","value":0},{"type":"D","value":0.0},{"type":"DT","value":null},{"type":"DT","value":null}]},"templates":{"variableTemplates":[{"modelId":"1.90e9a3a8-2e29-4fb3-8955-df20d2b0a3c2","parentId":"1.90e9a3a8-2e29-4fb3-8955-df20d2b0a3c2","variableTemplate":[{"id":"2055.a469ec3c-a9b4-45ed-82cd-293e90fa1157","name":"data","boTemplateName":"A"},{"id":"2055.aec464f9-3803-4acc-8a50-d3f9bb3bfbd2","name":"results","boTemplateName":"A"},{"id":"2055.97613057-0edc-4049-835e-ed155c9b3c82","name":"error","boTemplateName":"Aja"}]}],"boTemplate":[{"id":"12.5551644c-3dc6-4161-a939-4e7f27f8ce45","name":"Aja","property":[{"name":"errorText","type":"S","isList":false},{"name":"errorCode","type":"S","isList":false},{"name":"serviceInError","type":"S","isList":false}]}]},"model":{"rootElement":[{"extensionElements":{"userTaskImplementation":[{"flowElement":[{"parallelMultiple":false,"outgoing":["2027.1a8b9b75-fab7-4798-88e4-997189f84657"],"isInterrupting":true,"extensionElements":{"nodeVisualInfo":[{"color":"#F8F8F8","width":24,"x":50,"y":200,"declaredType":"TNodeVisualInfo","height":24}]},"name":"Start","declaredType":"startEvent","id":"dab41a5c-55b6-4889-80a1-2e3f5a952b3f"},{"incoming":["2027.998dc9f5-4d96-42e8-8814-53d85dcd2050"],"extensionElements":{"nodeVisualInfo":[{"color":"#F8F8F8","width":24,"x":700,"y":200,"declaredType":"TNodeVisualInfo","height":24}],"navigationInstructions":[{"targetType":"Default","declaredType":"com.ibm.bpmsdk.model.bpmn20.ibmext.TNavigationInstructions"}]},"name":"End","declaredType":"endEvent","id":"c934d206-3a4f-4153-8c15-26fe2c433d34"},{"targetRef":"2025.da74140c-f939-4655-837e-9dc0a0755b34","extensionElements":{"linkVisualInfo":[{"sourcePortLocation":"rightCenter","showCoachControlLabel":false,"labelPosition":0.0,"targetPortLocation":"leftCenter","declaredType":"TLinkVisualInfo","saveExecutionContext":false,"showLabel":false}]},"name":"To Unfile Document Service","declaredType":"sequenceFlow","id":"2027.1a8b9b75-fab7-4798-88e4-997189f84657","sourceRef":"dab41a5c-55b6-4889-80a1-2e3f5a952b3f"},{"startQuantity":1,"outgoing":["2027.998dc9f5-4d96-42e8-8814-53d85dcd2050"],"incoming":["2027.1a8b9b75-fab7-4798-88e4-997189f84657"],"default":"2027.998dc9f5-4d96-42e8-8814-53d85dcd2050","extensionElements":{"nodeVisualInfo":[{"color":"#95D087","width":95,"x":303,"y":177,"declaredType":"TNodeVisualInfo","height":70}]},"name":"Unfile Document Service","isForCompensation":false,"completionQuantity":1,"declaredType":"scriptTask","id":"2025.da74140c-f939-4655-837e-9dc0a0755b34","scriptFormat":"text/x-javascript","script":{"content":["console.debug(\"****BEGIN Script UnFile Document Service ****\");\r\n\r\ntw.system.waitForContinueFlow();\r\n\r\nvar serviceName =\"unfileDocumentService\";\r\n\r\nvar csrfToken = tw.local.data && tw.local.data.csrfToken;\r\nvar appServerResource = tw.local.data && tw.local.data.serverInfo;\r\nvar appResourceInfo = tw.local.data && tw.local.data.appResourceInfo;\r\nvar query = tw.local.data && tw.local.data.query;\r\n\r\nvar options = {\r\n\tmethod: \"POST\",\r\n\tctxRoot: appResourceInfo.ctxRoot,\r\n\tpath: appResourceInfo.path,\r\n\tpayload: {\r\n\t\tquery: query,\r\n\t\tvariables: null,\r\n\t\toperationName: null\r\n\t},\r\n\theaders: {\r\n\t\t\"ECM-CS-XSRF-Token\": csrfToken,\r\n\t\tCookie: \"ECM-CS-XSRF-Token=\" + csrfToken,\r\n\t\t\"Accept-Language\": tw.system.user.locale\r\n\t}\r\n};\r\n\r\nconsole.debug(\"Options: \", options);\t\r\nconsole.debug(\"****PAYLOAD: \", query);\r\nconsole.debug(\"****CALLING performRequest****\");\r\n\r\ntw.system.performRequest(appServerResource, options, function(response, httpStatus) {\r\n\r\n\tconsole.debug(\"performRequest completed: \", response);\r\n\tconsole.debug(\"performRequest httpStatus: \", httpStatus);\r\n\t\r\n\tif (httpStatus.statusCode != 200) {\r\n\t\ttw.local.error = {};\r\n\t\ttw.local.error.errorCode = httpStatus.statusCode;\r\n\t\ttw.local.error.errorText = response;\r\n\t\ttw.local.error.serviceInError = serviceName;\r\n\t} else {\t\r\n\t\tvar resultsJson = JSON.parse(response);\r\n\t\tif (resultsJson.errors && resultsJson.data) {\r\n\t\t\t// This mutation is sending back both data and errors, and the action is completing successfully!\r\n\t\t\ttw.local.results = resultsJson;\t\t\t\t\r\n\t\t} else if (resultsJson.errors) {\r\n\t\t\tvar error = resultsJson.errors[0];\r\n\t\t\ttw.local.error = {};\r\n\t\t\ttw.local.error.errorCode = error.extensions ? error.extensions.errorCode ?  error.extensions.errorCode : error.errorType : error.errorType;\r\n\t\t\ttw.local.error.errorText = error.extensions ? error.extensions.explanation ? error.extensions.explanation : error.message : error.message;\r\n\t\t\ttw.local.error.serviceInError = serviceName;\r\n\t\t} else {\r\n\t\t\ttw.local.results = resultsJson;\t\t\t\t\r\n\t\t}\r\n\t}\t\t\r\n\t// Signal to engine that flow can continue past this Script‌\r\n\ttw.system.continueFlow();\r\n\t\r\n}, function (err) {\r\n\tconsole.error(\"performRequest failed for unfile document: \", err);\r\n\t\r\n\ttw.local.error = {};\r\n\ttw.local.error.errorCode = err.code ? err.code : err.errno ? err.errno : err.name;\r\n\ttw.local.error.errorText = err.message;\r\n\ttw.local.error.serviceInError = serviceName;\r\n\t\r\n\t// Signal to engine that flow can continue past this Script?\r\n\ttw.system.continueFlow();\r\n});\r\n\t\r\nconsole.debug(\"At the end of the script step pending response from Graphql\");"]}},{"targetRef":"c934d206-3a4f-4153-8c15-26fe2c433d34","extensionElements":{"sequenceFlowImplementation":[{"fireValidation":"Never","sboSyncEnabled":true,"declaredType":"com.ibm.bpmsdk.model.bpmn20.ibmext.TSequenceFlowImplementation"}],"linkVisualInfo":[{"sourcePortLocation":"rightCenter","showCoachControlLabel":false,"labelPosition":0.0,"targetPortLocation":"leftCenter","declaredType":"TLinkVisualInfo","saveExecutionContext":true,"showLabel":false}]},"name":"Start to End","declaredType":"sequenceFlow","id":"2027.998dc9f5-4d96-42e8-8814-53d85dcd2050","sourceRef":"2025.da74140c-f939-4655-837e-9dc0a0755b34"}],"isClosed":false,"declaredType":"com.ibm.bpmsdk.model.bpmn20.ibmext.TUserTaskImplementation","id":"38967ff2-39a0-4799-8f70-1e7ccbd71d9a","processType":"None"}]},"implementation":"##unspecified","documentation":[{"textFormat":"text/plain"}],"name":"unfileDocumentService","declaredType":"globalUserTask","id":"1.90e9a3a8-2e29-4fb3-8955-df20d2b0a3c2","ioSpecification":{"dataOutput":[{"itemSubjectRef":"itm.12.c09c9b6e-aabd-4897-bef2-ed61db106297","name":"results","isCollection":false,"id":"2055.aec464f9-3803-4acc-8a50-d3f9bb3bfbd2"},{"itemSubjectRef":"itm.12.5551644c-3dc6-4161-a939-4e7f27f8ce45","name":"error","isCollection":false,"id":"2055.97613057-0edc-4049-835e-ed155c9b3c82"}],"inputSet":[{}],"outputSet":[{}],"dataInput":[{"itemSubjectRef":"itm.12.c09c9b6e-aabd-4897-bef2-ed61db106297","name":"data","isCollection":false,"id":"2055.a469ec3c-a9b4-45ed-82cd-293e90fa1157"}]}}],"targetNamespace":"","typeLanguage":"http://www.w3.org/2001/XMLSchema","expressionLanguage":"http://www.ibm.com/xmlns/prod/bpm/expression-lang/javascript","id":"1.90e9a3a8-2e29-4fb3-8955-df20d2b0a3c2"}},"status":"200"}