{"data":{"metadata":{"paId":"2066.bd3841e7-7c78-4b6b-aa2b-1f9cc91afc9a","paShortName":"SYSCST","snapshotId":"2064.3ef6cc1c-1e67-449f-8ac2-a312aec58d64","snapshotName":"25.0.0.0.250602030248","name":"Content Services"},"defaults":{"entry":[{"type":"S","value":""},{"type":"B","value":false},{"type":"I","value":0},{"type":"D","value":0.0},{"type":"DT","value":null},{"type":"DT","value":null}]},"templates":{"variableTemplates":[{"modelId":"1.9ca5bb5a-a28d-4933-b2c7-b89a92e97ada","parentId":"1.9ca5bb5a-a28d-4933-b2c7-b89a92e97ada","variableTemplate":[{"id":"2055.5f446381-39bf-4a12-8e55-4fb1a226224b","name":"data","boTemplateName":"A"},{"id":"2055.eb451105-ccc2-4a2f-82e2-aaca182e7f2c","name":"results","boTemplateName":"A"},{"id":"2055.2d4aac06-d0cf-4ba7-84c9-a1522ba5a35f","name":"error","boTemplateName":"Aja"}]}],"boTemplate":[{"id":"12.5551644c-3dc6-4161-a939-4e7f27f8ce45","name":"Aja","property":[{"name":"errorText","type":"S","isList":false},{"name":"errorCode","type":"S","isList":false},{"name":"serviceInError","type":"S","isList":false}]}]},"model":{"rootElement":[{"extensionElements":{"userTaskImplementation":[{"flowElement":[{"parallelMultiple":false,"outgoing":["2027.4233f3f5-5808-4eb6-8e4f-35e83a9fdb19"],"isInterrupting":true,"extensionElements":{"nodeVisualInfo":[{"color":"#F8F8F8","width":24,"x":50,"y":200,"declaredType":"TNodeVisualInfo","height":24}]},"name":"Start","declaredType":"startEvent","id":"87c48f88-cc30-439c-8ec7-c2aa78549555"},{"incoming":["2027.b4883a7a-127b-4467-80bd-d44c6f564ffb"],"extensionElements":{"nodeVisualInfo":[{"color":"#F8F8F8","width":24,"x":700,"y":200,"declaredType":"TNodeVisualInfo","height":24}],"navigationInstructions":[{"targetType":"Default","declaredType":"com.ibm.bpmsdk.model.bpmn20.ibmext.TNavigationInstructions"}]},"name":"End","declaredType":"endEvent","id":"43384a4b-2a35-4622-89bd-4721410d6525"},{"targetRef":"2025.8953fe3a-69a3-4d02-8caa-55f8952d41c0","extensionElements":{"linkVisualInfo":[{"sourcePortLocation":"rightCenter","showCoachControlLabel":false,"labelPosition":0.0,"targetPortLocation":"leftCenter","declaredType":"TLinkVisualInfo","saveExecutionContext":false,"showLabel":false}]},"name":"To Server Script","declaredType":"sequenceFlow","id":"2027.4233f3f5-5808-4eb6-8e4f-35e83a9fdb19","sourceRef":"87c48f88-cc30-439c-8ec7-c2aa78549555"},{"startQuantity":1,"outgoing":["2027.b4883a7a-127b-4467-80bd-d44c6f564ffb"],"incoming":["2027.4233f3f5-5808-4eb6-8e4f-35e83a9fdb19"],"default":"2027.b4883a7a-127b-4467-80bd-d44c6f564ffb","extensionElements":{"nodeVisualInfo":[{"width":95,"x":281,"y":177,"declaredType":"TNodeVisualInfo","height":70}]},"name":"Server Script","isForCompensation":false,"completionQuantity":1,"declaredType":"scriptTask","id":"2025.8953fe3a-69a3-4d02-8caa-55f8952d41c0","scriptFormat":"text/x-javascript","script":{"content":["console.debug(\"****BEGIN Script Get Document Processing Annotations****\");\r\n\r\ntw.system.waitForContinueFlow();\r\n\r\nvar serviceName = \"getDocumentProcessingAnnotations\";\r\n\r\nvar csrfToken = tw.local.data && tw.local.data.csrfToken;\r\nvar appServerResource = tw.local.data && tw.local.data.serverAppResource;\r\nvar repository = tw.local.data && tw.local.data.repository;\r\nvar documentIds = tw.local.data && tw.local.data.documentIds;\r\nvar annotationClass = tw.local.data && tw.local.data.annotationClass;\r\n\r\nvar QUERY = \"{\" + \"\\n\" +\r\n\t\"repositoryObjects(\\n\" +\r\n\t\t\"repositoryIdentifier: \\\"\" + repository + \"\\\"\" + \"\\n\" +\r\n\t\t\"from: \\\"\" + annotationClass + \"\\\"\" + \"\\n\" +\r\n\t\t\"where: \\\"\";\r\n\t\tfor (var i = 0; i < documentIds.length; i++) {\r\n\t\t\tif (i != 0) {\r\n\t\t\t\tQUERY += \" OR \";\r\n\t\t\t}\r\n\t\t\tQUERY += \"AnnotatedObject = \" + documentIds[i];\r\n\t\t}\r\n\t\tQUERY += \"\\\"\" + \"\\n\" +\r\n\t\t\"orderBy: \\\"annotatedObject ASC, DateCreated DESC\\\"\" + \"\\n\" +\r\n\t\")\" + \"\\n\" +\r\n\t\"{\" + \"\\n\" +\t\r\n\t\t\"independentObjects {\" + \"\\n\" +\r\n\t\t\t\"... on Annotation{\" + \"\\n\" +\r\n\t\t\t\t\"annotatedObject{\" + \"\\n\" +\r\n\t\t\t\t\t\"id,\" + \"\\n\" +\r\n\t\t\t\t\t\"name\" + \"\\n\" +\r\n\t\t\t\t\"}\" + \"\\n\" +\r\n\t\t\t\t\"contentElements{\" + \"\\n\" +\r\n\t\t\t\t\t\"...on ContentTransfer{\" + \"\\n\" +\r\n\t\t\t\t\t\t\"downloadUrl\"  + \"\\n\" +\r\n\t\t\t\t\t\"}\" + \"\\n\" +\t\r\n\t\t\t\t\"}\" + \"\\n\" +\r\n\t\t\t\"}\" + \"\\n\" +\r\n\t\t\"}\" + \"\\n\" +\r\n\t\"}\" + \"\\n\" +\r\n\"}\";\r\nconsole.debug(QUERY);\r\n\r\nconsole.debug(\"Calling lookupDBARegistry\");\r\ntw.system.lookupDBARegistry(appServerResource, function(response) {\r\n\r\n\tvar options = {\r\n\t\tmethod: \"POST\",\r\n\t\tpayload: {\r\n\t\t\tquery: QUERY,\r\n\t\t\tvariables: null,\r\n\t\t\toperationName: null\r\n\t\t},\r\n\t\theaders: {\r\n\t\t\t\"ECM-CS-XSRF-Token\": csrfToken,\r\n\t\t\tCookie: \"ECM-CS-XSRF-Token=\" + csrfToken,\r\n\t\t\t\"Accept-Language\": tw.system.user.locale\r\n\t\t}\r\n\t};\r\n\t\r\n\t// Add the context root and path if they are missing for backward compatibility\r\n\tif (!response.ctxRoot){\r\n\t\toptions.ctxRoot = \"/content-services-graphql\";\r\n\t}\r\n\tif (!response.path){\r\n\t\toptions.path = \"/graphql\";\r\n\t}\t\r\n\tconsole.debug(\"Options: \", options);\t\r\n\tconsole.debug(\"****PAYLOAD: \", QUERY);\r\n\tconsole.debug(\"****CALLING performRequest****\");\r\n\ttw.system.performRequest(appServerResource, options, function(response, httpStatus) {\r\n\r\n\t\tconsole.debug(\"performRequest completed: \", response);\r\n\t\tconsole.debug(\"performRequest httpStatus: \", httpStatus);\r\n\t\t\r\n\t\tif (httpStatus.statusCode != 200){\r\n\t\t\ttw.local.error = {};\r\n\t\t\ttw.local.error.errorCode = httpStatus.statusCode;\r\n\t\t\ttw.local.error.errorText = response;\r\n\t\t\ttw.local.error.serviceInError = serviceName;\r\n\t\t}\r\n\t\telse {\r\n\t\t\tvar resultsJson = JSON.parse(response);\r\n\t\t\tif (resultsJson.errors){\r\n\t\t\t\tvar error = resultsJson.errors[0];\r\n\t\t\t\ttw.local.error = {};\r\n\t\t\t\ttw.local.error.errorCode = error.extensions ? error.extensions.errorCode ?  error.extensions.errorCode : error.errorType : error.errorType;\r\n\t\t\t\ttw.local.error.errorText = error.extensions ? error.extensions.explanation ? error.extensions.explanation : error.message : error.message;\r\n\t\t\t\ttw.local.error.serviceInError = serviceName;\r\n\t\t\t} else {\r\n\t\t\t\tvar annotations = resultsJson.data.repositoryObjects.independentObjects; \r\n\t\t\t\t\r\n\t\t\t\tvar documentIdAnnotations = {};\r\n\t\t\t\tvar documentAnnotations = [];\r\n\t\t\t\tfor (var i = 0; i < annotations.length; i++) {\r\n\t\t\t\t\tvar annotation = annotations[i];\r\n\t\t\t\t\tif (!documentIds[annotation.annotatedObject.id]) {\r\n\t\t\t\t\t\t\t\t\t\t\t\t\r\n\t\t\t\t\t\tvar contentElements = annotation.contentElements;\r\n\t\t\t\t\t\tif (contentElements.length > 0) {\r\n\t\t\t\t\t\t\tvar documentId = annotation.annotatedObject.id;\r\n\t\t\t\t\t\t\tvar name = annotation.annotatedObject.name;\r\n\t\t\t\t\t\t\tdocumentAnnotations.push({\r\n\t\t\t\t\t\t\t\tname: name,\r\n\t\t\t\t\t\t\t\tdocumentId: documentId,\r\n\t\t\t\t\t\t\t\tdownloadUrl: contentElements[0].downloadUrl\r\n\t\t\t\t\t\t\t});\r\n\t\t\t\t\t\t\tdocumentIds[documentId] = annotation;\r\n\t\t\t\t\t\t}\r\n\t\t\t\t\t}\r\n\t\t\t\t}\r\n\t\t\t\t\r\n\t\t\t\ttw.local.results = {\r\n\t\t\t\t\tresults: documentAnnotations\r\n\t\t\t\t};\r\n\t\t\t}\r\n\t\t}\r\n\r\n\t\t// Signal to engine that flow can continue past this Script?\r\n\t\ttw.system.continueFlow();\r\n\t}, function (err) {\r\n\t\tconsole.error(\"performRequest failed: \", err);\r\n\t\t\r\n\t\ttw.local.error = {};\r\n\t\ttw.local.error.errorCode = err.code ? err.code : err.errno ? err.errno : err.name;\r\n\t\ttw.local.error.errorText = err.message;\r\n\t\ttw.local.error.serviceInError = serviceName;\r\n\t\t\r\n\t\t// Signal to engine that flow can continue past this Script?\r\n\t\ttw.system.continueFlow();\r\n\t});\r\n}, function(err) {\r\n\tconsole.error(\"Error returned from lookupDBARegistry:\", err);\r\n\ttw.local.error = {};\r\n\ttw.local.error.errorCode = err.msg;\r\n\ttw.local.error.errorText = err.msg;\r\n\ttw.local.error.serviceInError = serviceName;\r\n\ttw.system.continueFlow();\r\n});\t\t\r\n\r\nconsole.debug(\"At the end of the script\");\r\n"]}},{"targetRef":"43384a4b-2a35-4622-89bd-4721410d6525","extensionElements":{"sequenceFlowImplementation":[{"fireValidation":"Never","sboSyncEnabled":true,"declaredType":"com.ibm.bpmsdk.model.bpmn20.ibmext.TSequenceFlowImplementation"}],"linkVisualInfo":[{"sourcePortLocation":"rightCenter","showCoachControlLabel":false,"labelPosition":0.0,"targetPortLocation":"leftCenter","declaredType":"TLinkVisualInfo","saveExecutionContext":true,"showLabel":false}]},"name":"Start to End","declaredType":"sequenceFlow","id":"2027.b4883a7a-127b-4467-80bd-d44c6f564ffb","sourceRef":"2025.8953fe3a-69a3-4d02-8caa-55f8952d41c0"}],"isClosed":false,"declaredType":"com.ibm.bpmsdk.model.bpmn20.ibmext.TUserTaskImplementation","id":"d7a89126-8ea9-4f3f-865e-f53e85e0a19a","processType":"None"}]},"implementation":"##unspecified","documentation":[{"textFormat":"text/plain"}],"name":"getDocumentProcessingAnnotations","declaredType":"globalUserTask","id":"1.9ca5bb5a-a28d-4933-b2c7-b89a92e97ada","ioSpecification":{"dataOutput":[{"itemSubjectRef":"itm.12.c09c9b6e-aabd-4897-bef2-ed61db106297","name":"results","isCollection":false,"id":"2055.eb451105-ccc2-4a2f-82e2-aaca182e7f2c"},{"itemSubjectRef":"itm.12.5551644c-3dc6-4161-a939-4e7f27f8ce45","name":"error","isCollection":false,"id":"2055.2d4aac06-d0cf-4ba7-84c9-a1522ba5a35f"}],"inputSet":[{}],"outputSet":[{}],"dataInput":[{"itemSubjectRef":"itm.12.c09c9b6e-aabd-4897-bef2-ed61db106297","name":"data","isCollection":false,"id":"2055.5f446381-39bf-4a12-8e55-4fb1a226224b"}]}}],"targetNamespace":"","typeLanguage":"http://www.w3.org/2001/XMLSchema","expressionLanguage":"http://www.ibm.com/xmlns/prod/bpm/expression-lang/javascript","id":"1.9ca5bb5a-a28d-4933-b2c7-b89a92e97ada"}},"status":"200"}