{"data":{"metadata":{"paId":"2066.bd3841e7-7c78-4b6b-aa2b-1f9cc91afc9a","paShortName":"SYSCST","snapshotId":"2064.3ef6cc1c-1e67-449f-8ac2-a312aec58d64","snapshotName":"25.0.0.0.250602030248","name":"Content Services"},"defaults":{"entry":[{"type":"S","value":""},{"type":"B","value":false},{"type":"I","value":0},{"type":"D","value":0.0},{"type":"DT","value":null},{"type":"DT","value":null}]},"templates":{"variableTemplates":[{"modelId":"1.d9f303a2-edd0-4b99-acc7-56e3e05f3302","parentId":"1.d9f303a2-edd0-4b99-acc7-56e3e05f3302","variableTemplate":[{"id":"2055.14be388e-965b-4e0e-81c0-9306c1551aad","name":"data","boTemplateName":"CSC"},{"id":"2055.ec7ec261-e9e8-4199-85b5-f8c0ec3df4c0","name":"results","boTemplateName":"A"},{"id":"2055.bc4050db-0a42-470d-8173-ef6e9a052922","name":"error","boTemplateName":"Aja"}]}],"boTemplate":[{"id":"12.4a6d8270-cb42-4983-97ca-41706411e4ec","name":"CSC","property":[{"name":"serverInfo","type":"S","isList":false},{"name":"appResourceInfo","type":"A","isList":false},{"name":"csrfToken","type":"S","isList":false},{"name":"query","type":"S","isList":false}]},{"id":"12.5551644c-3dc6-4161-a939-4e7f27f8ce45","name":"Aja","property":[{"name":"errorText","type":"S","isList":false},{"name":"errorCode","type":"S","isList":false},{"name":"serviceInError","type":"S","isList":false}]}]},"model":{"rootElement":[{"extensionElements":{"userTaskImplementation":[{"flowElement":[{"parallelMultiple":false,"outgoing":["2027.6a22aca6-4d6a-4311-83d2-08a9942a8555"],"isInterrupting":true,"extensionElements":{"nodeVisualInfo":[{"color":"#F8F8F8","width":24,"x":50,"y":200,"declaredType":"TNodeVisualInfo","height":24}]},"name":"Start","declaredType":"startEvent","id":"8922aef1-d128-4ee7-8b71-218668b90445"},{"incoming":["2027.d5000882-809c-4553-82ab-cbbc63ff0553"],"extensionElements":{"nodeVisualInfo":[{"color":"#F8F8F8","width":24,"x":700,"y":200,"declaredType":"TNodeVisualInfo","height":24}],"navigationInstructions":[{"targetType":"Default","declaredType":"com.ibm.bpmsdk.model.bpmn20.ibmext.TNavigationInstructions"}]},"name":"End","declaredType":"endEvent","id":"c8735077-1273-4565-869e-8186afb25773"},{"targetRef":"2025.74849bb2-1753-4b71-8876-ec17fc4bbb06","extensionElements":{"linkVisualInfo":[{"sourcePortLocation":"rightCenter","showCoachControlLabel":false,"labelPosition":0.0,"targetPortLocation":"leftCenter","declaredType":"TLinkVisualInfo","saveExecutionContext":false,"showLabel":false}]},"name":"To Get Batch Objects Service","declaredType":"sequenceFlow","id":"2027.6a22aca6-4d6a-4311-83d2-08a9942a8555","sourceRef":"8922aef1-d128-4ee7-8b71-218668b90445"},{"startQuantity":1,"outgoing":["2027.d5000882-809c-4553-82ab-cbbc63ff0553"],"incoming":["2027.6a22aca6-4d6a-4311-83d2-08a9942a8555"],"default":"2027.d5000882-809c-4553-82ab-cbbc63ff0553","extensionElements":{"nodeVisualInfo":[{"color":"#95D087","width":95,"x":297,"y":177,"declaredType":"TNodeVisualInfo","height":70}]},"name":"Get Batch Objects Service","isForCompensation":false,"completionQuantity":1,"declaredType":"scriptTask","id":"2025.74849bb2-1753-4b71-8876-ec17fc4bbb06","scriptFormat":"text/x-javascript","script":{"content":["console.debug(\"****BEGIN Script Get Batch Objects Service ****\");\r\n\r\ntw.system.waitForContinueFlow();\r\n\r\nvar serviceName =\"getBatchObjectsService\";\r\n\r\nvar csrfToken = tw.local.data && tw.local.data.csrfToken;\r\nvar appServerResource = tw.local.data && tw.local.data.serverInfo;\r\nvar appResourceInfo = tw.local.data && tw.local.data.appResourceInfo;\r\nvar query = tw.local.data && tw.local.data.query;\r\n\r\nvar options = {\r\n\tmethod: \"POST\",\r\n\tctxRoot: appResourceInfo.ctxRoot,\r\n\tpath: appResourceInfo.path,\r\n\tpayload: {\r\n\t\tquery: query,\r\n\t\tvariables: null,\r\n\t\toperationName: null\r\n\t},\r\n\theaders: {\r\n\t\t\"ECM-CS-XSRF-Token\": csrfToken,\r\n\t\tCookie: \"ECM-CS-XSRF-Token=\" + csrfToken,\r\n\t\t\"Accept-Language\": tw.system.user.locale\r\n\t}\r\n};\r\n\r\nconsole.debug(\"Options: \", options);\t\r\nconsole.debug(\"****PAYLOAD: \", query);\r\nconsole.debug(\"****CALLING performRequest****\");\r\n\r\ntw.system.performRequest(appServerResource, options, function(response, httpStatus) {\r\n\r\n\tconsole.debug(\"performRequest response: \", response);\r\n\tconsole.debug(\"performRequest httpStatus: \", httpStatus);\r\n\r\n\tif (httpStatus.statusCode != 200) {\r\n\t\ttw.local.error = {};\r\n\t\ttw.local.error.errorCode = httpStatus.statusCode;\r\n\t\ttw.local.error.errorText = response;\r\n\t\ttw.local.error.serviceInError = serviceName;\r\n\t} else {\r\n\t\tvar results = [];\r\n\t\t\r\n\t\tvar resultsJson = JSON.parse(response);\r\n\t\tif (resultsJson.errors) {\r\n\t\t\tvar error = resultsJson.errors[0];\r\n\t\t\ttw.local.error = {};\r\n\t\t\ttw.local.error.errorCode = error.extensions ? error.extensions.errorCode ?  error.extensions.errorCode : error.errorType : error.errorType;\r\n\t\t\ttw.local.error.errorText = error.extensions ? error.extensions.explanation ? error.extensions.explanation : error.message : error.message;\r\n\t\t\ttw.local.error.serviceInError = serviceName;\r\n\t\t\t\r\n\t\t\t// For debugging\r\n\t\t\t//tw.local.results = QUERY;\r\n\t\t} else {\r\n\t\t\ttw.local.results = resultsJson;\r\n\t\t}\r\n\t}\r\n\t\r\n\t// Signal to engine that flow can continue past this Script‌\r\n\ttw.system.continueFlow();\r\n}, function (err) {\r\n\tconsole.error(\"performRequest failed: \", err);\r\n\t\r\n\ttw.local.error = {};\r\n\ttw.local.error.errorCode = err.code ? err.code : err.errno ? err.errno : err.name;\r\n\ttw.local.error.errorText = err.message;\r\n\ttw.local.error.serviceInError = serviceName;\r\n\t\r\n\t// Signal to engine that flow can continue past this Script?\r\n\ttw.system.continueFlow();\r\n});\r\n\r\nfunction getReservationInformation(reservation) {\r\n\tvar value = reservation.value;\r\n\tif (value && value.identifier) {\r\n\t\tvar id = value.identifier;\r\n\t\tvar creator;\r\n\t\tvar properties = reservation.objectValue.properties.items ? reservation.objectValue.properties.items : reservation.objectValue.properties;\r\n\t\tfor (var i = 0; i < properties.length; i++) {\r\n\t\t\tvar property = properties[0];\r\n\t\t\tif (property.id == \"Creator\") {\r\n\t\t\t\tcreator = property.value;\r\n\t\t\t\tbreak;\r\n\t\t\t}\r\n\t\t}\r\n\t\tvar res = {\r\n\t\t\tid: id,\r\n\t\t\tcreator: creator\r\n\t\t};\r\n\t\treturn res;\r\n\t} else {\r\n\t\treturn null;\r\n\t}\r\n};\r\n\t\r\nconsole.debug(\"At the end of the script step pending response from Graphql\");\r\n"]}},{"targetRef":"c8735077-1273-4565-869e-8186afb25773","extensionElements":{"sequenceFlowImplementation":[{"fireValidation":"Never","sboSyncEnabled":true,"declaredType":"com.ibm.bpmsdk.model.bpmn20.ibmext.TSequenceFlowImplementation"}],"linkVisualInfo":[{"sourcePortLocation":"rightCenter","showCoachControlLabel":false,"labelPosition":0.0,"targetPortLocation":"leftCenter","declaredType":"TLinkVisualInfo","saveExecutionContext":true,"showLabel":false}]},"name":"Start to End","declaredType":"sequenceFlow","id":"2027.d5000882-809c-4553-82ab-cbbc63ff0553","sourceRef":"2025.74849bb2-1753-4b71-8876-ec17fc4bbb06"}],"isClosed":false,"declaredType":"com.ibm.bpmsdk.model.bpmn20.ibmext.TUserTaskImplementation","id":"4bee65cc-e0a0-48ab-8a6c-54e22b9b1c22","processType":"None"}]},"implementation":"##unspecified","documentation":[{"textFormat":"text/plain"}],"name":"getBatchObjectsService","declaredType":"globalUserTask","id":"1.d9f303a2-edd0-4b99-acc7-56e3e05f3302","ioSpecification":{"dataOutput":[{"itemSubjectRef":"itm.12.c09c9b6e-aabd-4897-bef2-ed61db106297","name":"results","isCollection":false,"id":"2055.ec7ec261-e9e8-4199-85b5-f8c0ec3df4c0"},{"itemSubjectRef":"itm.12.5551644c-3dc6-4161-a939-4e7f27f8ce45","name":"error","isCollection":false,"id":"2055.bc4050db-0a42-470d-8173-ef6e9a052922"}],"inputSet":[{}],"outputSet":[{}],"dataInput":[{"itemSubjectRef":"itm.12.4a6d8270-cb42-4983-97ca-41706411e4ec","name":"data","isCollection":false,"id":"2055.14be388e-965b-4e0e-81c0-9306c1551aad"}]}}],"targetNamespace":"","typeLanguage":"http://www.w3.org/2001/XMLSchema","expressionLanguage":"http://www.ibm.com/xmlns/prod/bpm/expression-lang/javascript","id":"1.d9f303a2-edd0-4b99-acc7-56e3e05f3302"}},"status":"200"}