{"data":{"metadata":{"paId":"2066.bd3841e7-7c78-4b6b-aa2b-1f9cc91afc9a","paShortName":"SYSCST","snapshotId":"2064.3ef6cc1c-1e67-449f-8ac2-a312aec58d64","snapshotName":"25.0.0.0.250602030248","name":"Content Services"},"defaults":{"entry":[{"type":"S","value":""},{"type":"B","value":false},{"type":"I","value":0},{"type":"D","value":0.0},{"type":"DT","value":null},{"type":"DT","value":null}]},"templates":{"variableTemplates":[{"modelId":"1.e455016b-79ca-414f-be7a-4c6882230e2a","parentId":"1.e455016b-79ca-414f-be7a-4c6882230e2a","variableTemplate":[{"id":"2055.4e78f2eb-31be-444e-8e72-c3a30f8c4520","name":"data","boTemplateName":"CSG"},{"id":"2055.7bcbd345-a74a-4ad2-8944-5f4b82f98eb9","name":"results","boTemplateName":"A"},{"id":"2055.db5b4da7-bb86-4d40-8e55-2fdd45aa9ce0","name":"error","boTemplateName":"Aja"}]}],"boTemplate":[{"id":"12.e3dccf92-d396-4931-9f10-8d683e4dec25","name":"CSG","property":[{"name":"token","type":"S","isList":false},{"name":"properties","type":"S","isList":true},{"name":"ovpProperties","type":"S","isList":true},{"name":"serverAppResource","type":"S","isList":false},{"name":"csrfToken","type":"S","isList":false}]},{"id":"12.5551644c-3dc6-4161-a939-4e7f27f8ce45","name":"Aja","property":[{"name":"errorText","type":"S","isList":false},{"name":"errorCode","type":"S","isList":false},{"name":"serviceInError","type":"S","isList":false}]}]},"model":{"rootElement":[{"extensionElements":{"userTaskImplementation":[{"flowElement":[{"parallelMultiple":false,"outgoing":["2027.d547d506-56f1-4201-813d-c5c5c39c45e8"],"isInterrupting":true,"extensionElements":{"nodeVisualInfo":[{"color":"#F8F8F8","width":24,"x":50,"y":200,"declaredType":"TNodeVisualInfo","height":24}]},"name":"Start","declaredType":"startEvent","id":"cd207d81-20a2-47a0-822f-301fd6fb2628"},{"incoming":["2027.1d67156e-6340-4149-886c-442c327a8872"],"extensionElements":{"nodeVisualInfo":[{"color":"#F8F8F8","width":24,"x":700,"y":200,"declaredType":"TNodeVisualInfo","height":24}],"navigationInstructions":[{"targetType":"Default","declaredType":"com.ibm.bpmsdk.model.bpmn20.ibmext.TNavigationInstructions"}]},"name":"End","declaredType":"endEvent","id":"6cb67eb0-2bef-4123-8522-9924836790fb"},{"targetRef":"2025.d7ecbff0-5b1c-4273-8ec7-6a84bc687853","extensionElements":{"linkVisualInfo":[{"sourcePortLocation":"rightCenter","showCoachControlLabel":false,"labelPosition":0.0,"targetPortLocation":"leftCenter","declaredType":"TLinkVisualInfo","saveExecutionContext":false,"showLabel":false}]},"name":"Start to End","declaredType":"sequenceFlow","id":"2027.d547d506-56f1-4201-813d-c5c5c39c45e8","sourceRef":"cd207d81-20a2-47a0-822f-301fd6fb2628"},{"startQuantity":1,"outgoing":["2027.1d67156e-6340-4149-886c-442c327a8872"],"incoming":["2027.d547d506-56f1-4201-813d-c5c5c39c45e8"],"default":"2027.1d67156e-6340-4149-886c-442c327a8872","extensionElements":{"nodeVisualInfo":[{"width":95,"x":328,"y":177,"declaredType":"TNodeVisualInfo","height":70}]},"name":"Get More Text Search Results","isForCompensation":false,"completionQuantity":1,"declaredType":"scriptTask","id":"2025.d7ecbff0-5b1c-4273-8ec7-6a84bc687853","scriptFormat":"text/x-javascript","script":{"content":["console.debug(\"****BEGIN Script Get More Text Search Results****\");\r\n\r\n//tw.system.disableAutoContinue = true;‌\r\ntw.system.waitForContinueFlow();\r\n\r\nvar serviceName =\"getMoreTextSearchResults\";\r\n\r\nvar csrfToken = tw.local.data && tw.local.data.csrfToken;\r\nvar appServerResource = tw.local.data && tw.local.data.serverAppResource;\r\nvar token = tw.local.data && tw.local.data.token;\r\nvar properties = tw.local.data && tw.local.data.properties;\r\nvar ovpProperties = tw.local.data && tw.local.data.ovpProperties;\r\n\r\nvar QUERY = \"{\" + \"\\n\" +\r\n     \"moreDocuments(\" + \"\\n\" +\r\n\t    \"token: \\\"\" + token + \"\\\"\" + \"\\n\" +\r\n      \")\" + \"\\n\" +\r\n      \"{\" + \"\\n\" +\r\n\t    \"documents {\" + \"\\n\" +\r\n              \"className\" + \"\\n\" +\r\n              \"name\" + \"\\n\" +\r\n\t        \"id\" + \"\\n\" +\r\n\t        \"mimeType\" + \"\\n\" +\r\n\t        \"creator\" + \"\\n\" +\r\n\t        \"dateCreated\" + \"\\n\" +\r\n\t        \"isReserved\" + \"\\n\" +\r\n\t\t  \"reservation {\" + \"\\n\" +\r\n\t\t\t\"id\" + \"\\n\" +\r\n\t\t\t\"creator\" + \"\\n\" +\r\n\t\t  \"}\" + \"\\n\" +\r\n\t\t  \"accessAllowed\" + \"\\n\" +\r\n\t\t  \"contentElements {\" + \"\\n\" +\r\n        \t\t\"elementSequenceNumber\" + \"\\n\" +\r\n      \t\t\t\"... on ContentTransfer {\" + \"\\n\" +\r\n        \t\t\t\"retrievalName\" + \"\\n\" +\r\n        \t\t\t\"downloadUrl\" + \"\\n\" +\r\n      \t\t\"}  \" + \"\\n\" +\r\n        \t  \"}\" + \"\\n\" +\r\n        \t  \"versionSeries {\" + \"\\n\" +\r\n\t\t\t\"id\" + \"\\n\" +\r\n\t\t  \"}\" + \"\\n\" +\r\n\t\t  \"cmThumbnails {\" + \"\\n\" +  \r\n\t           \"cmThumbnails {\" + \"\\n\" +  \r\n\t               \"id\" + \"\\n\" +  \r\n\t           \"}\" + \"\\n\" +  \r\n\t        \"}\" + \"\\n\" +  \r\n \t        \"properties(includes: \";\r\n\t\r\n\t\t  var PROPS = \"[\";\r\n\t\t  properties.forEach(function(property) {\r\n  \t\t\tPROPS += \"\\\"\" + property + \"\\\" \";\r\n\t\t  });\r\n\t\t  QUERY += PROPS += \"]\";\r\n\r\n\t\t  QUERY += \") {\" + \"\\n\" +\r\n \t \t\t\"id\" + \"\\n\" +\r\n       \t\t\"label\" + \"\\n\" +\r\n       \t\t\"type\" + \"\\n\" +\r\n          \t\t\"cardinality\" + \"\\n\" +\r\n        \t\t\"value\" + \"\\n\" +\r\n        \t\t\"... on DateTimeProperty {\" + \"\\n\" +\r\n\t\t\t\t\"isDateOnly\" + \"\\n\" +\r\n\t\t\t\"}\" + \"\\n\" +\t\r\n\t\t\t\"... on DateTimeListProperty {\" + \"\\n\" +\r\n\t\t\t\t\"isDateOnly\" + \"\\n\" +\r\n\t\t\t\"}\" + \"\\n\" +\t        \t\t\r\n        \t      \"... on ObjectProperty {\" + \"\\n\" +\r\n\t\t\t       \"objectValue {\" + \"\\n\" +\r\n\t\t\t          \"properties(includes: \";\r\n\t\t\t          \r\n\t\t\t          var OVPPROPS = \"[\";\r\n\t\t\t\t    ovpProperties.forEach(function(property) {\r\n\t\t\t\t\t  OVPPROPS += \"\\\"\" + property + \"\\\" \";\r\n\t\t\t\t    });\r\n\t\t\t          QUERY += OVPPROPS += \"]\";\r\n\t\t\t          \r\n\t\t\t          QUERY += \") {\" + \"\\n\" +\r\n\t\t\t            \"id\" + \"\\n\" +\r\n\t\t\t            \"type\" + \"\\n\" +\r\n\t\t\t            \"value\" + \"\\n\" +\r\n\t\t\t\t\t\"... on DateTimeProperty {\" + \"\\n\" +\r\n\t\t\t\t\t\t\"isDateOnly\" + \"\\n\" +\r\n\t\t\t\t\t\"}\" + \"\\n\" +\t\r\n\t\t\t\t\t\"... on DateTimeListProperty {\" + \"\\n\" +\r\n\t\t\t\t\t\t\"isDateOnly\" + \"\\n\" +\r\n\t\t\t\t\t\"}\" + \"\\n\" +\t        \t\t\r\n\t\t\t          \"}\" + \"\\n\" +\r\n\t\t\t     \"}\" + \"\\n\" +\r\n\t\t\t \"}\" + \"\\n\" +\r\n        \t  \"}\" + \"\\n\" +\r\n\t    \"}\" + \"\\n\" +\r\n\t    \"pageInfo {\" + \"\\n\" +\r\n\t\t  \"token\" + \"\\n\" +\r\n\t\t  \"totalCount\" + \"\\n\" +\r\n\t    \"}\" + \"\\n\" +\r\n     \"}\" + \"\\n\" +\r\n\"}\";\r\n\r\nconsole.debug(\"Calling lookupDBARegistry\");\r\ntw.system.lookupDBARegistry(appServerResource, function(response) {\r\n\r\n\tvar options = {\r\n\t\tmethod: \"POST\",\r\n\t\tpayload: {\r\n\t\t\tquery: QUERY,\r\n\t\t\tvariables: null,\r\n\t\t\toperationName: null\r\n\t\t},\r\n\t\theaders: {\r\n\t\t\t\"ECM-CS-XSRF-Token\": csrfToken,\r\n\t\t\tCookie: \"ECM-CS-XSRF-Token=\" + csrfToken,\r\n\t\t\t\"Accept-Language\": tw.system.user.locale\r\n\t\t}\r\n\t};\r\n\t\r\n\t// Add the context root and path if they are missing for backward compatibility\r\n\tif (!response.ctxRoot) {\r\n\t\toptions.ctxRoot = \"/content-services-graphql\";\r\n\t}\r\n\tif (!response.path) {\r\n\t\toptions.path = \"/graphql\";\r\n\t}\t\r\n\tconsole.debug(\"Options: \", options);\t\r\n\tconsole.debug(\"****PAYLOAD: \", QUERY);\r\n\tconsole.debug(\"****CALLING performRequest****\");\r\n\ttw.system.performRequest(appServerResource, options, function(response, httpStatus) {\r\n\t\r\n\t\tconsole.debug(\"performRequest response: \", response);\r\n\t\tconsole.debug(\"performRequest httpStatus: \", httpStatus);\r\n\r\n\t\tif (httpStatus.statusCode != 200) {\r\n\t\t\ttw.local.error = {};\r\n\t\t\ttw.local.error.errorCode = httpStatus.statusCode;\r\n\t\t\ttw.local.error.errorText = response;\r\n\t\t\ttw.local.error.serviceInError = serviceName;\r\n\t\t} else {\r\n\t\t\tvar resultsJson = JSON.parse(response);\r\n\t\t\tif (resultsJson.errors) {\r\n\t\t\t\tvar error = resultsJson.errors[0];\r\n\t\t\t\ttw.local.error = {};\r\n\t\t\t\ttw.local.error.errorCode = error.extensions ? error.extensions.errorCode ?  error.extensions.errorCode : error.errorType : error.errorType;\r\n\t\t\t\ttw.local.error.errorText = error.extensions ? error.extensions.explanation ? error.extensions.explanation : error.message : error.message;\r\n\t\t\t\ttw.local.error.serviceInError = serviceName;\r\n\t\t\t} else {\r\n\r\n\t\t\t\tvar results = [];\t\t\t\r\n\t\t\t\tvar moreResults = resultsJson.data.moreDocuments;\r\n\t\t\t\tvar documents = moreResults.documents;\r\n\t\t\t\t\r\n\t\t\t\tdocuments.forEach(function(docItem) {\r\n\t\t\t\t\tvar newItem = new Object();\r\n\t\t\t\t\r\n\t\t\t\t\tnewItem.name = docItem.name;\r\n\t\t\t\t\tnewItem.id = docItem.id;\r\n\t\t\t\t\tnewItem.className = docItem.className;\r\n\t\t\t\t\tnewItem.mimeType = docItem.mimeType;\r\n\t\t\t\t\tnewItem.isReserved = docItem.isReserved;\r\n\t\t\t\t\tnewItem.reservation = docItem.reservation;\r\n\t\t\t\t\tnewItem.accessAllowed = docItem.accessAllowed;\r\n\t\t\t\t\tnewItem.properties = docItem.properties;\r\n\t\t\t\t\tnewItem.contentElements = docItem.contentElements;\r\n\t\t\t\t\tnewItem.versionSeriesId = docItem.versionSeries.id;\r\n\t\t\t\t\tnewItem.cmThumbnails = docItem.cmThumbnails;\r\n\t\t\t\t\tnewItem.isFolder = false;\r\n\t\t\t\t\tnewItem.baseType = \"Document\";\r\n\t\t\t\t\t\t\r\n\t\t\t\t\tresults.push(newItem);\r\n\t\t\t\t});\r\n\t\t\t\t\t\r\n\t\t\t\tvar resultSet = {};\r\n\t\t\t\tresultSet.items = results;\r\n\t\t\t\t\t\r\n\t\t\t\tif (moreResults.pageInfo != null) {\r\n\t\t\t\t\tresultSet.totalCount = moreResults.pageInfo.totalCount;\r\n\t\t\t\t\tresultSet.token = moreResults.pageInfo.token;\r\n\t\t\t\t}\t\r\n\t\t\t\t\r\n\t\t\t\ttw.local.results = {\r\n\t\t\t\t\tresults: resultSet\r\n\t\t\t\t};\r\n\t\t\t}\r\n\t\t}\r\n\r\n\t\t// Signal to engine that flow can continue past this Script‌\r\n\t\ttw.system.continueFlow();\r\n\t}, function (err) {\r\n\t\tconsole.error(\"performRequest failed: \", err);\r\n\t\t\r\n\t\ttw.local.error = {};\r\n\t\ttw.local.error.errorCode = err.code ? err.code : err.errno ? err.errno : err.name;\r\n\t\ttw.local.error.errorText = err.message;\r\n\t\ttw.local.error.serviceInError = serviceName;\r\n\t\t\r\n\t\t// Signal to engine that flow can continue past this Script.\r\n\t\ttw.system.continueFlow();\r\n\t});\r\n}, function(err) {\r\n\tconsole.error(\"Error returned from lookupDBARegistry:\", err);\r\n\ttw.local.error = {};\r\n\ttw.local.error.errorCode = err.msg;\r\n\ttw.local.error.errorText = err.msg;\r\n\ttw.local.error.serviceInError = serviceName;\r\n\ttw.system.continueFlow();\r\n});\r\n\t\r\nconsole.debug(\"At the end of the script step pending response from Graphql\");\r\n"]}},{"targetRef":"6cb67eb0-2bef-4123-8522-9924836790fb","extensionElements":{"sequenceFlowImplementation":[{"fireValidation":"Never","sboSyncEnabled":true,"declaredType":"com.ibm.bpmsdk.model.bpmn20.ibmext.TSequenceFlowImplementation"}],"linkVisualInfo":[{"sourcePortLocation":"rightCenter","showCoachControlLabel":false,"labelPosition":0.0,"targetPortLocation":"leftCenter","declaredType":"TLinkVisualInfo","saveExecutionContext":true,"showLabel":false}]},"name":"To End","declaredType":"sequenceFlow","id":"2027.1d67156e-6340-4149-886c-442c327a8872","sourceRef":"2025.d7ecbff0-5b1c-4273-8ec7-6a84bc687853"}],"isClosed":false,"declaredType":"com.ibm.bpmsdk.model.bpmn20.ibmext.TUserTaskImplementation","id":"b7433c8b-08a7-4df1-805e-351f3da8480a","processType":"None"}]},"implementation":"##unspecified","documentation":[{"content":["Returns the results of a content-based search. Called for subsequent pages after calling getTextSearchResults."],"textFormat":"text/plain"}],"name":"getMoreTextSearchResults","declaredType":"globalUserTask","id":"1.e455016b-79ca-414f-be7a-4c6882230e2a","ioSpecification":{"dataOutput":[{"itemSubjectRef":"itm.12.c09c9b6e-aabd-4897-bef2-ed61db106297","documentation":[{"content":["<div>Set on success. Contains the following JSON:</div><div>{</div><div><span style=\"white-space:pre\">\t</span>results: The list of folder containees.</div><div><span style=\"white-space:pre\">\t</span>totalCount: The total number of folder containees including those on other pages.</div><div><span style=\"white-space:pre\">\t</span>token: Paging token when there is more than one page of results.</div><div><span style=\"white-space:pre\">\t</span>newPageNumber: The page number of the returned folder containees.</div><div>}</div>"],"textFormat":"text/plain"}],"name":"results","isCollection":false,"id":"2055.7bcbd345-a74a-4ad2-8944-5f4b82f98eb9"},{"itemSubjectRef":"itm.12.5551644c-3dc6-4161-a939-4e7f27f8ce45","documentation":[{"content":["Set on error. Contains information about why the call failed."],"textFormat":"text/plain"}],"name":"error","isCollection":false,"id":"2055.db5b4da7-bb86-4d40-8e55-2fdd45aa9ce0"}],"inputSet":[{}],"outputSet":[{}],"dataInput":[{"itemSubjectRef":"itm.12.e3dccf92-d396-4931-9f10-8d683e4dec25","name":"data","isCollection":false,"id":"2055.4e78f2eb-31be-444e-8e72-c3a30f8c4520"}]}}],"targetNamespace":"","typeLanguage":"http://www.w3.org/2001/XMLSchema","expressionLanguage":"http://www.ibm.com/xmlns/prod/bpm/expression-lang/javascript","id":"1.e455016b-79ca-414f-be7a-4c6882230e2a"}},"status":"200"}