{"id":"50.adeae4bd-e860-48f8-8f12-9436f7840773/2064.2ac60c1c-874b-4787-bfc1-262edfeb41d7","localeLanguage":"vi","localeCountry":null,"localeVariant":null,"localeDisplayName":"CSResource","resourceBundleKey":[{"id":null,"key":"CS_ActionList_FilterHintText","value":"Filter hint text"},{"id":null,"key":"CS_ActionList_FilterHintText_Help","value":"Set hint text displayed in action list filter control."},{"id":null,"key":"CS_ActionList_HideContextMenu","value":"Hide context menu"},{"id":null,"key":"CS_ActionList_HideContextMenu_Help","value":"Hides the context menu in the action list."},{"id":null,"key":"CS_ActionList_HideDocuments","value":"Hide documents"},{"id":null,"key":"CS_ActionList_HideDocuments_Help","value":"Enables the action list to display only folders when in folder navigation mode."},{"id":null,"key":"CS_Add","value":"Add"},{"id":null,"key":"CS_AddBatch_OnFilesSelected","value":"On files selected"},{"id":null,"key":"CS_AddBatch_OnFilesSelected_Help","value":"An event that is fired when files are selected from the File Dialog"},{"id":null,"key":"CS_AddToFolder","value":"Add to Folder"},{"id":null,"key":"CS_AddToFolder_Desc","value":"You can add a documents to more than one folder. If the document is already in a folder, it remains in that folder and is added to additional folder you specify."},{"id":null,"key":"CS_BatchContent_AutomationDocType","value":"Automation document type"},{"id":null,"key":"CS_BatchContent_AutomationDocType_Help","value":"The document type to be used when adding or modifying batch documents. If not specified, the value defaults to DbaCaptureBase."},{"id":null,"key":"CS_BatchContent_OnDocumentCheckedOut","value":"On document checked out"},{"id":null,"key":"CS_BatchContent_OnDocumentCheckedOut_Help","value":"An event that is fired when the document has been checked out."},{"id":null,"key":"CS_BatchContent_OnGetProperties","value":"On get properties"},{"id":null,"key":"CS_BatchContent_OnGetProperties_Help","value":"An event that is fired when the properties have been retrieved."},{"id":null,"key":"CS_BatchContent_OnResubmitBatch","value":"On resubmit batch"},{"id":null,"key":"CS_BatchContent_OnResubmitBatch_Help","value":"An event that is fired when the batch has been resubmitted for processing successfully."},{"id":null,"key":"CS_BatchContent_OnRollbackBatch","value":"On rollback batch"},{"id":null,"key":"CS_BatchContent_OnRollbackBatch_Help","value":"An event that is fired when the batch has been rolled back successfully."},{"id":null,"key":"CS_BatchContent_OnSaveBatch","value":"On save batch"},{"id":null,"key":"CS_BatchContent_OnSaveBatch_Help","value":"An event that is fired when the batch has been saved."},{"id":null,"key":"CS_BatchContent_OnSearchResults","value":"On search results"},{"id":null,"key":"CS_BatchContent_OnSearchResults_Help","value":"An event that is fired when the search results have returned successfully."},{"id":null,"key":"CS_BatchContent_OnUpdateBatch","value":"On update batch"},{"id":null,"key":"CS_BatchContent_OnUpdateBatch_Help","value":"An event that is fired when the batch has been updated."},{"id":null,"key":"CS_BatchContent_OnUpdateProperties","value":"On update properties"},{"id":null,"key":"CS_BatchContent_OnUpdateProperties_Help","value":"An event that is fired when the properties have been updated."},{"id":null,"key":"CS_Cancel","value":"Cancel"},{"id":null,"key":"CS_Class_Selector_Svc_Error","value":"Lỗi dịch vụ"},{"id":null,"key":"CS_Class_Selector_Svc_Error_Help","value":"Ðược kích hoạt khi lỗi bị trả về từ việc gọi dịch vụ."},{"id":null,"key":"CS_ContentListFilter_Cancel","value":"Cancel"},{"id":null,"key":"CS_ContentListFilter_Filter","value":"Filter"},{"id":null,"key":"CS_ContentListFilter_GetPropDescs","value":"Get property descriptions"},{"id":null,"key":"CS_ContentListFilter_OnCanceFilter","value":"On cancel"},{"id":null,"key":"CS_ContentListFilter_OnCancelFilter_Help","value":"An event that is fired when the cancel button is clicked."},{"id":null,"key":"CS_ContentListFilter_OnFilter","value":"On filter"},{"id":null,"key":"CS_ContentListFilter_OnFilter_Help","value":"An event that is fired when the filter button is clicked."},{"id":null,"key":"CS_ContentListFilter_TypeName","value":"Type name"},{"id":null,"key":"CS_ContentListFilter_TypeName_Help","value":"Search object type."},{"id":null,"key":"CS_ContentList_AcceptFileTypes","value":"Accepted file types"},{"id":null,"key":"CS_ContentList_AcceptFileTypes_Help","value":"Specify the file type extensions that are allowed when adding new documents (for example, .dotx, .pdf, etc). When not specified, all file types are accepted."},{"id":null,"key":"CS_ContentList_Actions","value":"Thao tác"},{"id":null,"key":"CS_ContentList_AddButton","value":"Thêm"},{"id":null,"key":"CS_ContentList_AddFolder","value":"Add folder"},{"id":null,"key":"CS_ContentList_Advanced","value":"Nâng cao"},{"id":null,"key":"CS_ContentList_BatchObjects","value":"Get batch documents"},{"id":null,"key":"CS_ContentList_Behavior","value":"Kiểu chạy"},{"id":null,"key":"CS_ContentList_CancelCheckout","value":"Cancel checkout"},{"id":null,"key":"CS_ContentList_Case_Client_URI","value":"Case client URI"},{"id":null,"key":"CS_ContentList_Case_Client_URI_Help","value":"The URI for the Case client. Required for Case when running in a SaaS environment."},{"id":null,"key":"CS_ContentList_CheckoutDocument","value":"Checkout document"},{"id":null,"key":"CS_ContentList_Columns","value":"Cột"},{"id":null,"key":"CS_ContentList_Columns_Help","value":"Cột để hiển thị trong danh sách. Thiết lập những cột này nếu bạn muốn các thuộc tính cột tùy chỉnh riêng, nếu không thiết lập mặc định được sử dụng."},{"id":null,"key":"CS_ContentList_ConfigurationProperty","value":"Thuộc tính cấu hình"},{"id":null,"key":"CS_ContentList_ConfigurationProperty_Help","value":"Tên của thuộc tính ở đó dữ liệu cấu hình sẽ được lưu trữ trong định dạng JSON."},{"id":null,"key":"CS_ContentList_ConfigurationValues","value":"Các giá trị cấu hình"},{"id":null,"key":"CS_ContentList_ContentItems","value":"Mục nội dung"},{"id":null,"key":"CS_ContentList_ContentItems_Help","value":"Danh sách đối tượng CSDocument phải được hiển thị. Thuộc tính id chỉ là thuộc tính của đối tượng tài liệu được yêu cầu."},{"id":null,"key":"CS_ContentList_ControllerProperty","value":"Controller document property"},{"id":null,"key":"CS_ContentList_ControllerProperty_Help","value":"Name of the object value property in the document class that links to the batch controller."},{"id":null,"key":"CS_ContentList_DeleteBatchDocument","value":"Delete batch document"},{"id":null,"key":"CS_ContentList_DisableDnDAdd_Help","value":"Kiểm tra thiết lập này để tắt tính năng thêm tài liệu bằng cách kéo và thả."},{"id":null,"key":"CS_ContentList_DisableTitleEvent","value":"Disable title click event"},{"id":null,"key":"CS_ContentList_DisableTitleEvent_Help","value":"Disables the title on click event from firing."},{"id":null,"key":"CS_ContentList_DisabledValues","value":"Ðã tắt giá trị"},{"id":null,"key":"CS_ContentList_DisabledValues_Help","value":"Ðịnh rõ các giá trị thuộc tính mà tác vụ mục sẽ được bỏ kích hoạt."},{"id":null,"key":"CS_ContentList_DisplayProgressIndicator","value":"Hiển thị chỉ báo tiến độ khi thêm tài liệu"},{"id":null,"key":"CS_ContentList_DisplayProgressIndicator_Help","value":"Kiểm tra tùy chọn này để hiển thị chỉ báo tiến độ khi thêm tài liệu."},{"id":null,"key":"CS_ContentList_Documents","value":"Get documents"},{"id":null,"key":"CS_ContentList_EnableSearchFilter","value":"Enable search filter"},{"id":null,"key":"CS_ContentList_EnableSearchFilter_Help","value":"Displays the search filter component for specifying multiple search parameters to query against and display the results in the list view."},{"id":null,"key":"CS_ContentList_Enable_Polling","value":"Bật thăm dò cho trạng thái tài liệu"},{"id":null,"key":"CS_ContentList_Enable_Polling_Help","value":"Khi được thiết lập, thăm dò được sử dụng để cập nhật trạng thái của tài liệu được thêm vào."},{"id":null,"key":"CS_ContentList_ExtraProperties","value":"Extra properties"},{"id":null,"key":"CS_ContentList_ExtraProperties_Help","value":"Specify additional properties that you want returned with the items in the results set."},{"id":null,"key":"CS_ContentList_Filter_Help","value":"The property values are combined with an AND operator in the search filter."},{"id":null,"key":"CS_ContentList_Folder","value":"Thư mục"},{"id":null,"key":"CS_ContentList_FolderContainees","value":"Get folder containees"},{"id":null,"key":"CS_ContentList_FolderId","value":"Mã nhận dạng thư mục"},{"id":null,"key":"CS_ContentList_FolderId_Help","value":"Thiết lập mã nhận dạng thư mục hoặc đường dẫn để khởi tạo danh sách nội dung bằng nội dung thư mục được xác định. Thiết lập mã nhận dạng thư mục sẽ có ưu tiên so với thiết lập tìm kiếm."},{"id":null,"key":"CS_ContentList_GetBatchDocumentCount","value":"Get batch document count"},{"id":null,"key":"CS_ContentList_GetClassDetails","value":"Get class details"},{"id":null,"key":"CS_ContentList_GetContentClasses","value":"Get content classes"},{"id":null,"key":"CS_ContentList_GetProperties","value":"Get properties"},{"id":null,"key":"CS_ContentList_GraphqlService","value":"Graphql service"},{"id":null,"key":"CS_ContentList_GraphqlService_Help","value":"When running in a BAW environment, specify the graphql service URL to be called by the toolkit services."},{"id":null,"key":"CS_ContentList_Height_Help","value":"The height of the content list view window."},{"id":null,"key":"CS_ContentList_HideAction_Help","value":"Kiểm tra thiết lập thao tác nếu bạn muốn xóa thao tác này từ trình đơn thả xuống."},{"id":null,"key":"CS_ContentList_HideAddDialog","value":"Ẩn thêm hộp thoại khi thêm thêm tài liệu"},{"id":null,"key":"CS_ContentList_HideAddDialog_Help","value":"Khi tùy chọn này được lựa chọn và kiểu tài liệu đơn được cấu hình thì tài liệu được thêm vào mà không hiển thị hộp thoại Thêm Tài liệu."},{"id":null,"key":"CS_ContentList_HideAddDocument","value":"Ẩn thêm tài liệu"},{"id":null,"key":"CS_ContentList_HideAddFolder","value":"Ẩn thêm thư mục"},{"id":null,"key":"CS_ContentList_HideCancelCheckoutDoc","value":"Ẩn hủy kiểm xuất tài liệu"},{"id":null,"key":"CS_ContentList_HideCheckoutDocument","value":"Ẩn kiểm xuất tài liệu"},{"id":null,"key":"CS_ContentList_HideCheckoutState","value":"Ẩn tình trạng kiểm xuất"},{"id":null,"key":"CS_ContentList_HideCheckoutState_Help","value":"Lựa chọn tùy chọn này để bật/tắt biểu tượng tình trạng kiểm xuất để được hiển thị."},{"id":null,"key":"CS_ContentList_HideDeleteDocument","value":"Ẩn xóa tài liệu"},{"id":null,"key":"CS_ContentList_HideDeleteFolder","value":"Ẩn xóa thư mục"},{"id":null,"key":"CS_ContentList_HideDownloadDocument","value":"Ẩn tải xuống tài liệu"},{"id":null,"key":"CS_ContentList_HideEditDocument","value":"Ẩn sửa tài liệu"},{"id":null,"key":"CS_ContentList_HideEditDocumentProps","value":"Ẩn sửa thuộc tính tài liệu"},{"id":null,"key":"CS_ContentList_HideEditFolderProps","value":"Ẩn sửa thuộc tính thư mục"},{"id":null,"key":"CS_ContentList_HideRefresh","value":"Hide refresh"},{"id":null,"key":"CS_ContentList_HideRenameFolder","value":"Ẩn đặt tên lại thư mục"},{"id":null,"key":"CS_ContentList_HideSearchField","value":"Ẩn trường tìm kiếm"},{"id":null,"key":"CS_ContentList_HideSearchField_Help","value":"Không hiển thị trường tìm kiếm. Tìm kiếm tham số được định nghĩa trong thiết lập cấu hình."},{"id":null,"key":"CS_ContentList_HideUploadNewVersionDoc","value":"Ẩn Tải tài liệu phiên bản mới lên"},{"id":null,"key":"CS_ContentList_HideViewDocument","value":"Ẩn xem tài liệu"},{"id":null,"key":"CS_ContentList_IncludeTimeInDates","value":"Bao gồm thời gian trong các thuộc tính ngày tháng"},{"id":null,"key":"CS_ContentList_IncludeTimeInDates_Help","value":"Hiển thị phần thời gian của giá trị ngày tháng trong thuộc tính cột."},{"id":null,"key":"CS_ContentList_InitialPageSize","value":"Kích thước trang ban đầu"},{"id":null,"key":"CS_ContentList_InitialPageSize_Help","value":"Kích thước của tập hợp kết quả được trả về cho việc kết xuất trong danh sách nội dung. Kích thước trang mặc định là 20 mục."},{"id":null,"key":"CS_ContentList_MoreBatchObjects","value":"Get more batch documents"},{"id":null,"key":"CS_ContentList_MoreDocuments","value":"Get more documents"},{"id":null,"key":"CS_ContentList_MoreFolderContainees","value":"Get more folder containees"},{"id":null,"key":"CS_ContentList_MoreSearchREsults","value":"Get more search results"},{"id":null,"key":"CS_ContentList_MoreTextSearchResults","value":"Get more text search results"},{"id":null,"key":"CS_ContentList_OnActionMenuOpen","value":"On action menu open"},{"id":null,"key":"CS_ContentList_OnActionMenuOpen_Help","value":"An event that is fired when the action menu is about to be opened. Passes a folder object with properties."},{"id":null,"key":"CS_ContentList_OnAdd","value":"Về nội dung được thêm vào"},{"id":null,"key":"CS_ContentList_OnAdd_Help","value":"Sự kiện được kích hoạt khi tài liệu hoặc thư mục được thêm vào. Chuyển đối tượng mục nội dung."},{"id":null,"key":"CS_ContentList_OnAllRowsSelected","value":"On all rows selected"},{"id":null,"key":"CS_ContentList_OnAllRowsSelected_Help","value":"This event is called when the user clicks on the Select All checkbox and the content list is in Multiselect mode. The passed parameter \"selected\" indicates whether all or none of the rows are selected."},{"id":null,"key":"CS_ContentList_OnContextMenuOpen","value":"Về trình đơn ngữ cảnh mở"},{"id":null,"key":"CS_ContentList_OnContextMenuOpen_Help","value":"Sự kiện được kích hoạt khi trình đơn ngữ cảnh chuẩn bị được mở. Chuyển đối tượng nội dung có thuộc tính."},{"id":null,"key":"CS_ContentList_OnError","value":"Có lỗi"},{"id":null,"key":"CS_ContentList_OnError_Help","value":"Sự kiện được gửi đi khi có lỗi dịch vụ."},{"id":null,"key":"CS_ContentList_OnFileClicked","value":"Theo tập tin được nhấp"},{"id":null,"key":"CS_ContentList_OnFileClicked_Help","value":"Sự kiện được kích hoạt khi tài liệu được lựa chọn trong cột chính. Chuyển đối tượng tài liệu có thuộc tính."},{"id":null,"key":"CS_ContentList_OnFilesSelected","value":"On files selected"},{"id":null,"key":"CS_ContentList_OnFilesSelected_Help","value":"An event that is fired when files are selected from the File Dialog"},{"id":null,"key":"CS_ContentList_OnFolderClicked","value":"Theo thư mục được nhấp"},{"id":null,"key":"CS_ContentList_OnFolderClicked_Help","value":"Sự kiện được kích hoạt khi thư mục được chọn trong cột chính. Chuyển đối tượng thư mục có thuộc tính."},{"id":null,"key":"CS_ContentList_OnPollResults","value":"On poll results"},{"id":null,"key":"CS_ContentList_OnPollResults_Help","value":"Fired when a poll result containing document status is received."},{"id":null,"key":"CS_ContentList_OnResults","value":"Theo kết quả được tải"},{"id":null,"key":"CS_ContentList_OnResults_Help","value":"Sự kiện được gửi đi khi các kết quả được trả về từ dịch vụ. Chuyển danh sách các mục được cung cấp trong danh sách nội dung."},{"id":null,"key":"CS_ContentList_OnRowSelected","value":"Theo hàng được chọn"},{"id":null,"key":"CS_ContentList_OnRowSelected_Help","value":"Sự kiện được kích hoạt khi hàng được chọn sử dụng nút vô tuyến hoặc ô chọn. Chuyển tham số bổ sung: row (row.data.contentItem giữ tài liệu hoặc đối tượng thư mục có thuộc tính)."},{"id":null,"key":"CS_ContentList_Polling_Exit_Values","value":"Ðang thăm dò các giá trị thuộc tính thoát"},{"id":null,"key":"CS_ContentList_Polling_Exit_Values_Help","value":"Sự thăm dò sẽ dừng khi giá trị thuộc tính tài liệu được trả về từ việc thăm dò là một trong số các giá trị được cấu hình."},{"id":null,"key":"CS_ContentList_Polling_Neg_Exit_Values","value":"Thăm dò các giá trị thuộc tính thoát là không"},{"id":null,"key":"CS_ContentList_Polling_Neg_Exit_Values_Help","value":"Sự thăm dò sẽ dừng khi giá trị thuộc tính tài liệu được trả về từ việc thăm dò KHÔNG PHẢI LÀ một trong số các giá trị được cấu hình."},{"id":null,"key":"CS_ContentList_RemoveFromFolder_Help","value":"Displays a document action that removes a document from a folder."},{"id":null,"key":"CS_ContentList_RenameFolder","value":"Rename folder"},{"id":null,"key":"CS_ContentList_Resources","value":"Resources"},{"id":null,"key":"CS_ContentList_Resources_Help","value":"Set to an external resource bundle to pull in localized string resources for the column headers and the property list filter labels."},{"id":null,"key":"CS_ContentList_RootFolderName","value":"Tên thư mục gốc"},{"id":null,"key":"CS_ContentList_RootFolderName_Help","value":"Sử dụng tên hiển thị thư mục gốc thay vì tên thư mục trong kho lưu trữ Dịch vụ Nội dung."},{"id":null,"key":"CS_ContentList_ScopeFolderActions","value":"Scope folder actions"},{"id":null,"key":"CS_ContentList_ScopeFolderActions_Help","value":"Scopes the Add and Move to folder actions to the root folder specified in the Folder configuration settings."},{"id":null,"key":"CS_ContentList_Search","value":"Tìm kiếm"},{"id":null,"key":"CS_ContentList_SearchFilterProperties","value":"Search filter properties"},{"id":null,"key":"CS_ContentList_SearchFilterProperties_Help","value":"Specify the set of properties you want to query against to populate the list view. The property values are combined with an AND operator in the search filter."},{"id":null,"key":"CS_ContentList_SearchFolderId","value":"Tìm kiếm trong mã nhận dạng thư mục"},{"id":null,"key":"CS_ContentList_SearchFolderId_Help","value":"Mã nhận dạng thư mục của thư mục để bắt đầu tìm kiếm. Đây là thiết lập tùy chọn sẽ giới hạn việc tìm kiếm đối với thư mục được xác định. Nếu không được thiết lập, toàn bộ kho đối tượng được tìm kiếm."},{"id":null,"key":"CS_ContentList_SearchFor","value":"Search for"},{"id":null,"key":"CS_ContentList_SearchFor_Help","value":"Search for document or folder items."},{"id":null,"key":"CS_ContentList_SearchOnlyFolder","value":"Chỉ tìm kiếm thư mục này"},{"id":null,"key":"CS_ContentList_SearchOnlyFolder_Help","value":"Không bao gồm việc tìm kiếm các thư mục con."},{"id":null,"key":"CS_ContentList_SearchOperator","value":"Toán tử"},{"id":null,"key":"CS_ContentList_SearchOperator_Help","value":"Toán tử truy vấn bạn muốn sử dụng, như Starts With, Ends With, Like, Not Like, =, <, >, <>, >=, <=, v.v..)."},{"id":null,"key":"CS_ContentList_SearchProperty","value":"Tìm kiếm thuộc tính"},{"id":null,"key":"CS_ContentList_SearchPropertyCardinality","value":"Tìm kiếm số các yếu tố trong tập hợp thuộc tính"},{"id":null,"key":"CS_ContentList_SearchPropertyCardinality_Help","value":"Định rõ xem liệu thuộc tính tìm kiếm là đơn giá trị hay đa giá trị."},{"id":null,"key":"CS_ContentList_SearchPropertyType","value":"Tìm kiếm loại thuộc tính"},{"id":null,"key":"CS_ContentList_SearchPropertyType_Help","value":"Kiểu dữ liệu của thuộc tính tìm kiếm được xác định."},{"id":null,"key":"CS_ContentList_SearchProperty_Help","value":"Tên thuộc tính ký hiệu của thuộc tính bạn muốn tìm kiếm."},{"id":null,"key":"CS_ContentList_SearchResults","value":"Get search results"},{"id":null,"key":"CS_ContentList_SearchRootName","value":"Root search name"},{"id":null,"key":"CS_ContentList_SearchRootName_Help","value":"The root search display name to use on the breadcrumb."},{"id":null,"key":"CS_ContentList_SearchTextOptions","value":"Tùy chọn văn bản"},{"id":null,"key":"CS_ContentList_SearchTextOptions_Help","value":"Tạo cấu hình tìm kiếm để bao gồm truy vấn cơ sở nội dung bên cạnh việc tìm kiếm thuộc tính được xác định."},{"id":null,"key":"CS_ContentList_SearchType","value":"Search type"},{"id":null,"key":"CS_ContentList_SearchType_Help","value":"Search for objects of a particular type."},{"id":null,"key":"CS_ContentList_SearchValue","value":"Giá trị mặc định"},{"id":null,"key":"CS_ContentList_SearchValue_Help","value":"Giá trị để tìm kiếm. Nếu để trống, người dùng có thể nhập giá trị để to gọi tên việc tìm kiếm tại thời gian chạy."},{"id":null,"key":"CS_ContentList_SecondaryProperty","value":"State secondary property"},{"id":null,"key":"CS_ContentList_SecondaryProperty_Help","value":"Select a property to be used as a custom secondary state property."},{"id":null,"key":"CS_ContentList_SelectionMode","value":"Chế độ chọn"},{"id":null,"key":"CS_ContentList_SelectionMode_Help","value":"Chọn một, chọn nhiều hoặc không chọn."},{"id":null,"key":"CS_ContentList_Services","value":"Services"},{"id":null,"key":"CS_ContentList_ShowAddToFolder","value":"Show add to folder"},{"id":null,"key":"CS_ContentList_ShowAddToFolder_Help","value":"Displays a document action that adds a document to a folder."},{"id":null,"key":"CS_ContentList_ShowCustomState","value":"Hiển thị tình trạng tùy chỉnh"},{"id":null,"key":"CS_ContentList_ShowCustomState_Help","value":"Lựa chọn tùy chọn này để bật/tắt hiển thị biểu tượng tình trạng tùy chỉnh."},{"id":null,"key":"CS_ContentList_ShowListAnnotations","value":"Show list annotations"},{"id":null,"key":"CS_ContentList_ShowListAnnotations_Help","value":"Displays the list of annotations associated with a document."},{"id":null,"key":"CS_ContentList_ShowListVersions","value":"Show list versions"},{"id":null,"key":"CS_ContentList_ShowListVersions_Help","value":"Displays the version history of a document."},{"id":null,"key":"CS_ContentList_ShowMoveToFolder","value":"Show move to folder"},{"id":null,"key":"CS_ContentList_ShowMoveToFolder_Help","value":"Displays a document action that moves a document from one folder to another."},{"id":null,"key":"CS_ContentList_ShowRemoveFromFolder","value":"Show remove from folder"},{"id":null,"key":"CS_ContentList_SortOrder","value":"Thứ tự phân loại"},{"id":null,"key":"CS_ContentList_SortOrder_Help","value":"Hướng sắp xếp mặc định, lên hoặc xuống."},{"id":null,"key":"CS_ContentList_SortProperty","value":"Sắp xếp theo thuộc tính"},{"id":null,"key":"CS_ContentList_SortProperty_Help","value":"Chọn thuộc tính để sử dụng sắp xếp tập hợp kết quả."},{"id":null,"key":"CS_ContentList_StateProperty","value":"Thuộc tính tình trạng"},{"id":null,"key":"CS_ContentList_StateProperty_Help","value":"Chọn thuộc tính để được sử dụng như là thuộc tính trình trạng tùy chỉnh."},{"id":null,"key":"CS_ContentList_Status_Polling_Interval","value":"Khoảng thăm dò trạng thái"},{"id":null,"key":"CS_ContentList_Status_Polling_Interval_Help","value":"Số giây giữa các yêu cầu thăm dò trạng thái của tài liệu được thêm vào."},{"id":null,"key":"CS_ContentList_Status_Polling_Property","value":"Thuộc tính trạng thái thăm dò"},{"id":null,"key":"CS_ContentList_Status_Polling_Property_Help","value":"Thuộc tính được thăm dò để thu trạng thái của các tài liệu được thêm vào."},{"id":null,"key":"CS_ContentList_Status_Polling_Timeout","value":"Polling timeout per document"},{"id":null,"key":"CS_ContentList_Status_Polling_Timeout_Help","value":"Number of seconds per document after which polling stops if an exit condition is not met."},{"id":null,"key":"CS_ContentList_TableRowHeight","value":"Chiều cao dòng của bảng"},{"id":null,"key":"CS_ContentList_TableRowHeight_Help","value":"Thiết lập được sử dụng để định rõ chiều cao dòng bảng danh sách nội dung."},{"id":null,"key":"CS_ContentList_TextSearchResults","value":"Get text search results"},{"id":null,"key":"CS_ContentList_UpdateProperties","value":"Update Properties"},{"id":null,"key":"CS_ContentList_ViewMode","value":"View mode"},{"id":null,"key":"CS_ContentList_ViewMode_Help","value":"Specifies the view mode of the Content List. If set to one of the Both options, will include a Settings button on the toolbar."},{"id":null,"key":"CS_ContentList_Width_Help","value":"The width of the content list view window."},{"id":null,"key":"CS_ContentLlist_DisableDnDAdd","value":"Tắt tính năng kéo và thả"},{"id":null,"key":"CS_ContentLlist_Polling_Neg_Exit_Values_Help","value":"Sự thăm dò sẽ dừng khi giá trị thuộc tính tài liệu được trả về từ việc thăm dò KHÔNG PHẢI LÀ một trong số các giá trị được cấu hình."},{"id":null,"key":"CS_ContentViewerHeight_Help","value":"Sets the height of the viewer window. If not set will default to 480px."},{"id":null,"key":"CS_ContentViewerWidth_Help","value":"Sets the width of the viewer window. If not set will default to 600px."},{"id":null,"key":"CS_ContentViewer_FitHeight","value":"Khớp chiều cao"},{"id":null,"key":"CS_ContentViewer_FitWidth","value":"Khớp chiều rộng"},{"id":null,"key":"CS_ContentViewer_Height","value":"Chiều cao"},{"id":null,"key":"CS_ContentViewer_OnLoad","value":"Ðang tải"},{"id":null,"key":"CS_ContentViewer_Width","value":"Chiều rộng"},{"id":null,"key":"CS_ContestList_MaxAddDocs_Help","value":"Ðịnh rõ số lượng tài liệu tối đa mà người dùng có thể thêm trong một lần. Mặc định tối đa là 50. Tuy nhiên, có thể đặt tối đa đến 300."},{"id":null,"key":"CS_DeleteObject_DeleteObject","value":"Delete object"},{"id":null,"key":"CS_DeleteObject_OnDeleteObject","value":"On delete object"},{"id":null,"key":"CS_DeleteObject_OnDeleteObjectHelp","value":"An event that is fired after the object is deleted."},{"id":null,"key":"CS_DepDocPropertiesProperty","value":"Thuộc tính tài liệu phụ thuộc"},{"id":null,"key":"CS_DepDocPropertiesProperty_Help","value":"Tên ký hiệu của thuộc tính giá trị đối tượng chỉ vào tài liệu chứa các giá trị JSON phải được hiển thị."},{"id":null,"key":"CS_DepDocumentProperties_OnError","value":"Có lỗi"},{"id":null,"key":"CS_DepDocumentProperties_OnError_Help","value":"Sự kiện được kích hoạt khi xảy ra lỗi truy xuất giá trị thuộc tính."},{"id":null,"key":"CS_DocumentReference_AddDocMode","value":"Add document mode"},{"id":null,"key":"CS_DocumentReference_AddDocMode_Help","value":"Setting that controls the add document process. Select None for no add support, Add no UI will not display any ui and Add with properties will display the add document dialog."},{"id":null,"key":"CS_DocumentReference_AllowsActions","value":"Enable actions"},{"id":null,"key":"CS_DocumentReference_AllowsActions_Help","value":"Enables the drop down context menu of content management actions in the view component."},{"id":null,"key":"CS_DocumentReference_AllowsRemoveDoc","value":"Enable clear document"},{"id":null,"key":"CS_DocumentReference_AllowsRemoveDoc_Help","value":"Enables the clear document action in the view component. This action only clears the document from the view and does not delete it from the repository."},{"id":null,"key":"CS_DocumentReference_DocumentId","value":"Document ID"},{"id":null,"key":"CS_DocumentReference_DocumentId_Help","value":"The ID of the document you want to load into this view."},{"id":null,"key":"CS_DocumentReference_EnableTitleAction","value":"Enable title click menu action"},{"id":null,"key":"CS_DocumentReference_EnableTitleAction_Help","value":"Enables the document title text to be clickable and runs the first action listed in the context menu."},{"id":null,"key":"CS_DocumentReference_EnableTitleEvent","value":"Enable title click event"},{"id":null,"key":"CS_DocumentReference_EnableTitleEvent_Help","value":"Enables the document title text to be clickable and fires a click event passing a contentItem event parameter."},{"id":null,"key":"CS_DocumentReference_HelperText","value":"Helper text"},{"id":null,"key":"CS_DocumentReference_HelperText_Help","value":"Helper text displayed below the input field."},{"id":null,"key":"CS_DocumentReference_HintText","value":"Hint text"},{"id":null,"key":"CS_DocumentReference_HintText_Help","value":"Hint text to display in the field when no document is specified."},{"id":null,"key":"CS_DocumentReference_OnClear","value":"On clear"},{"id":null,"key":"CS_DocumentReference_OnClear_Help","value":"An event that is fired when the user invokes the clear action."},{"id":null,"key":"CS_DocumentReference_OnClick","value":"On click"},{"id":null,"key":"CS_DocumentReference_OnClick_Help","value":"An event that is fired when the document title has been clicked."},{"id":null,"key":"CS_DocumentReference_ViewMode","value":"View mode"},{"id":null,"key":"CS_DocumentReference_ViewMode_Help","value":"Set to Normal to see the document mime type and title, or set to Thumbnail to see the document thumbnail and title."},{"id":null,"key":"CS_DocumentViewer_Features","value":"Features"},{"id":null,"key":"CS_DocumentViewer_IcnRepository","value":"Navigator repository"},{"id":null,"key":"CS_DocumentViewer_IcnRepository_Help","value":"Name of the Navigator repository to use when opening the bookmark URL for viewing the document. Required if your Navigator desktop has more than one repository assigned."},{"id":null,"key":"CS_DocumentViewer_ShowBanner","value":"Show banner"},{"id":null,"key":"CS_DocumentViewer_ShowBanner_Help","value":"Enable this setting to show the banner bar above the viewer window."},{"id":null,"key":"CS_DocumentViewer_ShowTitleBar","value":"Show title bar"},{"id":null,"key":"CS_DocumentViewer_ShowTitleBar_Help","value":"Enable this setting to show the title bar above the viewer window."},{"id":null,"key":"CS_DocumentViewer_Viewer","value":"Viewer"},{"id":null,"key":"CS_Document_Classes","value":"Các lớp tài liệu"},{"id":null,"key":"CS_Document_Classes_Help","value":"Tập hợp các lớp tài liệu sẽ được hiển thị khi thêm các tài liệu mới. Khi không được thiết lập, các lớp tài liệu được truy xuất từ máy chủ. Các tên nhập vào đây được hiển thị đối với người dùng, các giá trị tương ứng với tên ký hiệu của mỗi lớp tài liệu."},{"id":null,"key":"CS_Done","value":"Done"},{"id":null,"key":"CS_Event_OnLoad","value":"On view loaded"},{"id":null,"key":"CS_Event_OnLoad_Help","value":"An event that is fired when the view has finished loading."},{"id":null,"key":"CS_ExportClassificationDataOnError","value":"On error"},{"id":null,"key":"CS_ExportClassificationDataOnError_Help","value":"An event that is fired when an error occurs downloading classification data."},{"id":null,"key":"CS_ExportClassificationDataOnSuccess","value":"On success"},{"id":null,"key":"CS_ExportClassificationDataOnSuccess_Help","value":"An event that is fired when classification data is successfully downloaded."},{"id":null,"key":"CS_ExportProcessingData_DownloadTables","value":"Download table data (multiple files will be downloaded)"},{"id":null,"key":"CS_ExportProcessingData_ExportButton","value":"Export data"},{"id":null,"key":"CS_ExportProcessingData_FileName","value":"File name"},{"id":null,"key":"CS_ExportProcessingData_GetAnnotations","value":"Get document processing annotations"},{"id":null,"key":"CS_ExportProcessingData_Help","value":"Give the file a name and select a file type to export."},{"id":null,"key":"CS_ExportProcessingData_LearnMoreLink","value":"Learn more link"},{"id":null,"key":"CS_ExportProcessingData_LearnMoreLinkHelp","value":"Web address that points to help for exporting tables in CSV format."},{"id":null,"key":"CS_ExportProcessingData_OnExportStart","value":"On export start"},{"id":null,"key":"CS_ExportProcessingData_OnExportStart_Help","value":"Fired when the user clicks the Export data button in the dialog and the export begins."},{"id":null,"key":"CS_FileDocument_OnFile","value":"On file"},{"id":null,"key":"CS_FileDocument_OnFile_Help","value":"An event that is fired when a document is filed in a folder."},{"id":null,"key":"CS_FileDocument_Service","value":"File document"},{"id":null,"key":"CS_FileDropZone_AcceptFileTypes","value":"Accepted file types"},{"id":null,"key":"CS_FileDropZone_AcceptFileTypes_Help","value":"Specify the file types that the file drop zone will accept. The files types must be specified as file dot extension strings."},{"id":null,"key":"CS_FileDropZone_DetailMessage","value":"Detail message"},{"id":null,"key":"CS_FileDropZone_DetailMessage_Help","value":"Message string displayed above the file drop zone."},{"id":null,"key":"CS_FileDropZone_DocumentType","value":"Kiểu tài liệu"},{"id":null,"key":"CS_FileDropZone_DocumentType_Help","value":"Kiểu tài liệu sử dụng khi thêm vào tài liệu. Nếu không được thiết lập, sẽ sử dụng kiểu Tài liệu mặc định."},{"id":null,"key":"CS_FileDropZone_FolderId_Help","value":"Id thư mục của thư mục trong đó tài liệu được thêm vào. Nếu không được chỉ định, tài liệu sẽ bị rút ra khỏi hồ sơ."},{"id":null,"key":"CS_FileDropZone_Height_Help","value":"The height of the file drop zone area."},{"id":null,"key":"CS_FileDropZone_MaxAddDoc","value":"Maximum number of documents to add"},{"id":null,"key":"CS_FileDropZone_MaxAddDoc_Help","value":"Specify the maximum number of documents that users can add at a time. The default maximum is 50."},{"id":null,"key":"CS_FileDropZone_MaxDocumentSize","value":"Max document size"},{"id":null,"key":"CS_FileDropZone_MaxDocumentSize_Help","value":"The maximum document size in KB allowed to be added. The size of 0 is unlimited."},{"id":null,"key":"CS_FileDropZone_Width_Help","value":"The width of the file drop zone area."},{"id":null,"key":"CS_Folder_Classes","value":"Lớp thư mục"},{"id":null,"key":"CS_Folder_Classes_Help","value":"Tập hợp các lớp thư mục sẽ được hiển thị khi thêm các thư mục mới. Khi không được thiết lập, các lớp thư mục được truy xuất từ máy chủ. Các tên được nhập vào đây được hiển thị đối với người dùng, các giá trị tương ứng với các tên ký hiệu của lớp thư mục."},{"id":null,"key":"CS_GetContent_GetAnnotation","value":"Get annotation"},{"id":null,"key":"CS_GetContent_GetAppResourceInfo","value":"Get app resource info"},{"id":null,"key":"CS_GetContent_GetClassAccess","value":"Get class access"},{"id":null,"key":"CS_GetContent_GetVersionSeries","value":"Get version series"},{"id":null,"key":"CS_GetContent_OnContentReceived","value":"Về nội dung nhận được"},{"id":null,"key":"CS_GetContent_OnContentReceived_Help","value":"Sự kiện được kích hoạt khi nội dung tài liệu đã được trả về theo phản hồi."},{"id":null,"key":"CS_GetContent_OnGetClassAccess","value":"On get class access"},{"id":null,"key":"CS_GetContent_OnGetClassAccess_Help","value":"An event that is fired when the get class access response has returned."},{"id":null,"key":"CS_GetContent_OnPropertiesUpdated","value":"On properties updated"},{"id":null,"key":"CS_GetContent_OnPropertiesUpdated_Help","value":"An event that is fired when the properties have been retrieved and updated in the content item object."},{"id":null,"key":"CS_Height","value":"Chiều cao"},{"id":null,"key":"CS_Hide_Time_Picker","value":"Hide time picker when editing date and time values"},{"id":null,"key":"CS_Hide_Time_Picker_Help","value":"When set, hides the interface for editing the time portion of date and time values."},{"id":null,"key":"CS_ListAnnotations_Annotations","value":"Annotations"},{"id":null,"key":"CS_ListAnnotations_GetAnnotations","value":"Get annotations"},{"id":null,"key":"CS_ListAnnotations_OnDone","value":"On done"},{"id":null,"key":"CS_ListAnnotations_OnDone_Help","value":"An event that is fired when the list annotations dialog is closed.."},{"id":null,"key":"CS_ListVersions_GetVersions","value":"Get versions"},{"id":null,"key":"CS_ListVersions_Versions","value":"Versions"},{"id":null,"key":"CS_Modal_OnCancel","value":"On cancel"},{"id":null,"key":"CS_Modal_OnCancel_Help","value":"An event that is fired when the user cancels out of a modal view."},{"id":null,"key":"CS_Move","value":"Move"},{"id":null,"key":"CS_MoveDocument","value":"Move document"},{"id":null,"key":"CS_MoveDocument_GetFolderRcr","value":"Get folder rcrs"},{"id":null,"key":"CS_MoveDocument_MoveFrom","value":"Move from"},{"id":null,"key":"CS_MoveDocument_OnMove","value":"On move"},{"id":null,"key":"CS_MoveDocument_OnMove_Help","value":"An event that is fired when a document is moved to a folder."},{"id":null,"key":"CS_MoveToFolder","value":"Move to Folder"},{"id":null,"key":"CS_MoveToFolder_Desc","value":"You can move documents from one folder to another."},{"id":null,"key":"CS_OK","value":"Ok"},{"id":null,"key":"CS_ObjectStoreName","value":"Tên kho đối tượng"},{"id":null,"key":"CS_ObjectStoreName_Help","value":"Tên kho đối tượng từ công cụ quản trị Acce."},{"id":null,"key":"CS_On_Class_Selected","value":"Theo lớp được chọn"},{"id":null,"key":"CS_On_Class_Selected_Help","value":"Sự kiện được kích hoạt khi người dùng chọn lớp."},{"id":null,"key":"CS_ProgressIndicator_OnClose","value":"On close"},{"id":null,"key":"CS_ProgressIndicator_OnClose_Help","value":"Fired when the progress indicator is closed."},{"id":null,"key":"CS_ProgressIndicator_OnFileRemoved","value":"On file removed"},{"id":null,"key":"CS_ProgressIndicator_OnFileRemoved_Help","value":"Fired when a pending file is removed from the progress indicator"},{"id":null,"key":"CS_PropertyList_Display_Edit","value":"Hiển thị các nút để sửa các giá trị thuộc tính"},{"id":null,"key":"CS_PropertyList_Display_Edit_Help","value":"Hiển thị các nút trong thanh công cụ cho phép người dùng sửa các giá trị thuộc tính."},{"id":null,"key":"CS_PropertyPoller_OnError","value":"Có lỗi"},{"id":null,"key":"CS_PropertyPoller_OnError_Help","value":"Ðược kích hoạt khi xảy ra lỗi thăm dò thuộc tính."},{"id":null,"key":"CS_PropertyPoller_OnResults","value":"On results"},{"id":null,"key":"CS_PropertyPoller_OnResults_Help","value":"Fired when results are received from a poll requests."},{"id":null,"key":"CS_PropertyPoller_OnStatus","value":"Về thông tin thuộc tính được trả về"},{"id":null,"key":"CS_PropertyPoller_OnStatus_Help","value":"Ðược kích hoạt khi dữ liệu được trả về từ việc thăm dò máy chủ để lấy thông tin thuộc tính."},{"id":null,"key":"CS_Query_ExecuteOnChange","value":"Run search on change"},{"id":null,"key":"CS_Query_ExecuteOnChange_Help","value":"Runs the configured search when the view change event occurs in the component."},{"id":null,"key":"CS_Query_ExecuteOnView","value":"Execute search on view"},{"id":null,"key":"CS_Query_ExecuteOnView_Help","value":"Runs the configured search when the coach view event occurs in the component."},{"id":null,"key":"CS_Query_MaxResults","value":"Maximum results"},{"id":null,"key":"CS_Query_MaxResults_Help","value":"The maximum number of results to return from the query."},{"id":null,"key":"CS_Query_OnError","value":"On error"},{"id":null,"key":"CS_Query_OnError_Help","value":"Fired when an error occurs."},{"id":null,"key":"CS_Query_OnSearchResults","value":"On search results"},{"id":null,"key":"CS_Query_OnSearchResults_Help","value":"Fired when search results are returned from the server."},{"id":null,"key":"CS_Query_ResultProperties","value":"Result properties"},{"id":null,"key":"CS_Query_ResultProperties_Help","value":"Symbolic names of properties returned in the search results."},{"id":null,"key":"CS_Query_SearchValue","value":"Search values"},{"id":null,"key":"CS_Query_SearchValue_Help","value":"The values to search for."},{"id":null,"key":"CS_Remove","value":"Remove"},{"id":null,"key":"CS_RemoveFromFolder","value":"Remove from Folder"},{"id":null,"key":"CS_RemoveFromFolder_Desc","value":"You can remove documents from folders. However, removing a document from all folders   does not remove the document from the repository. You can still retrieve the document by running a search.  Only folders that you have view priviledges are shown in the list. "},{"id":null,"key":"CS_RemoveFromFolder_FilterHint","value":"Filter list"},{"id":null,"key":"CS_RemoveFromFolder_UnfileDocument","value":"Unfile document"},{"id":null,"key":"CS_Repository","value":"Repository"},{"id":null,"key":"CS_RepositoryId","value":"ID kho lưu trữ"},{"id":null,"key":"CS_RepositoryId_Help","value":"Mã nhận dạng kho lưu trữ từ IBM Navigator. Giá trị này được sử dụng bởi trình xem tài liệu."},{"id":null,"key":"CS_Save","value":"Save"},{"id":null,"key":"CS_SearchOperator_OnChange","value":"On change operator"},{"id":null,"key":"CS_SearchProperty_AddBlankSelection","value":"Add blank selection"},{"id":null,"key":"CS_SearchProperty_AddBlankSelection_Help","value":"Include a blank selection in the list of properties."},{"id":null,"key":"CS_SearchProperty_IncludeHidden","value":"Include hidden"},{"id":null,"key":"CS_SearchProperty_IncludeHidden_Help","value":"Include hidden properties in the selection list."},{"id":null,"key":"CS_SearchProperty_IsSearchable","value":"Is searchable"},{"id":null,"key":"CS_SearchProperty_IsSearchable_Help","value":"Include only properties that are searchable."},{"id":null,"key":"CS_SearchProperty_OnChangeProperty","value":"On change property"},{"id":null,"key":"CS_SearchProperty_OnChangeProperty_Help","value":"An event that is fired when the selected property is changed."},{"id":null,"key":"CS_SearchProperty_OnResult","value":"On results"},{"id":null,"key":"CS_SearchProperty_OnResult_Help","value":"An event that is fired when the property selection list is finished loading."},{"id":null,"key":"CS_SearchProperty_SearchFor","value":"Search for"},{"id":null,"key":"CS_SearchProperty_SearchFor_Help","value":"The object types to search for; Document or Folder."},{"id":null,"key":"CS_SelectFiles","value":"Select Files"},{"id":null,"key":"CS_SelectObject_DateValue","value":"Date value"},{"id":null,"key":"CS_SelectObject_DecimalValue","value":"Decimal value"},{"id":null,"key":"CS_SelectObject_Desc","value":"Select an object from the list."},{"id":null,"key":"CS_SelectObject_DisplayMode","value":"Display mode"},{"id":null,"key":"CS_SelectObject_DisplayMode_Help","value":"Display mode to use when populating the content list."},{"id":null,"key":"CS_SelectObject_IntegerValue","value":"Integer value"},{"id":null,"key":"CS_SelectObject_OnChange","value":"On change"},{"id":null,"key":"CS_SelectObject_OnSelect","value":"On select"},{"id":null,"key":"CS_SelectObject_OnSelect_Help","value":"An event that is fired when an object has been selected in the dialog."},{"id":null,"key":"CS_SelectObject_Search","value":"Search"},{"id":null,"key":"CS_SelectObject_SearchOperator","value":"Operator"},{"id":null,"key":"CS_SelectObject_SearchProperty","value":"Search property"},{"id":null,"key":"CS_SelectObject_SearchValue","value":"Value"},{"id":null,"key":"CS_SelectObject_Select","value":"Select"},{"id":null,"key":"CS_SelectObject_SelectObject","value":"Select Object"},{"id":null,"key":"CS_SelectObject_SelectObjectType","value":"Select object type"},{"id":null,"key":"CS_SelectObject_SelectObjectType_Help","value":"Type of object to allow selection; Document or Folder."},{"id":null,"key":"CS_SelectObject_SelectValue","value":"Select value"},{"id":null,"key":"CS_SelectObject_StringValue","value":"String value"},{"id":null,"key":"CS_SetDocClass_AddButton","value":"Add"},{"id":null,"key":"CS_SetDocClass_AutoClassifyButton","value":"Auto Classify"},{"id":null,"key":"CS_SetDocClass_ClassifyButton","value":"Classify"},{"id":null,"key":"CS_SetDocClass_Description","value":"To manually specify document type, first select the files in the table. Use the classify option, to assign the document type for selected file(s). If a file is not manually classified, the system will auto-classify it."},{"id":null,"key":"CS_SetDocClass_DeselectButton","value":"Deselect"},{"id":null,"key":"CS_SetDocClass_Filter_Placeholder","value":"Filter List"},{"id":null,"key":"CS_SetDocClass_Modal_Heading","value":"Add Files"},{"id":null,"key":"CS_SummaryCard_Details","value":"Details"},{"id":null,"key":"CS_SummaryCard_Details_Help","value":"Displayed in the details section of the summary card."},{"id":null,"key":"CS_SummaryCard_DisplayHelpIcon","value":"Display help icon"},{"id":null,"key":"CS_SummaryCard_DisplayHelpIcon_Help","value":"When checked, displays a help icon in the card."},{"id":null,"key":"CS_SummaryCard_HelpLearnMoreUrl","value":"Help learn more URL"},{"id":null,"key":"CS_SummaryCard_HelpLearnMoreUrl_Help","value":"A link to Learn More information. When set, a button is displayed in the help tooltip that when clicked, displays the page specified in the link."},{"id":null,"key":"CS_SummaryCard_HelpText","value":"Help text"},{"id":null,"key":"CS_SummaryCard_HelpText_Help","value":"Either a message ID or text that is displayed in a tooltip when the user clicks the help icon."},{"id":null,"key":"CS_SummaryCard_OnClick","value":"On click"},{"id":null,"key":"CS_SummaryCard_OnClick_Help","value":"Fired when the summary card is clicked."},{"id":null,"key":"CS_SummaryCard_Title","value":"Title"},{"id":null,"key":"CS_SummaryCard_Title_Help","value":"Displayed as the title of the summary card."},{"id":null,"key":"CS_Upload","value":"Upload"},{"id":null,"key":"CS_UploadContent_GetClassDetails","value":"Get class details"},{"id":null,"key":"CS_UploadContent_MaxUploads","value":"Maximum concurrent uploads"},{"id":null,"key":"CS_UploadContent_MaxUploads_Help","value":"The maximum number of uploads that will run concurrently."},{"id":null,"key":"CS_UploadContent_OnContentAdded","value":"Về nội dung được thêm vào"},{"id":null,"key":"CS_UploadContent_OnContentAdded_Help","value":"Sự kiện được kích hoạt khi nội dung được tải lên thành công."},{"id":null,"key":"CS_UploadContent_OnError","value":"Có lỗi"},{"id":null,"key":"CS_UploadContent_OnError_Help","value":"Sự kiện được kích hoạt khi xảy ra lỗi tải lên nội dung."},{"id":null,"key":"CS_UploadVersion_OnUploadVersion","value":"On upload version"},{"id":null,"key":"CS_UploadVersion_OnUploadVersionHelp","value":"An event that is fired when a new version of the document has been uploaded."},{"id":null,"key":"CS_Width","value":"Chiều rộng"},{"id":null,"key":"pathName","value":"Path Name"}]}