{"id":"50.adeae4bd-e860-48f8-8f12-9436f7840773/2064.2ac60c1c-874b-4787-bfc1-262edfeb41d7","localeLanguage":"zh","localeCountry":"CN","localeVariant":null,"localeDisplayName":"CSResource","resourceBundleKey":[{"id":null,"key":"CS_ActionList_FilterHintText","value":"过滤提示文本"},{"id":null,"key":"CS_ActionList_FilterHintText_Help","value":"设置在操作列表过滤器控件中显示的提示文本。"},{"id":null,"key":"CS_ActionList_HideContextMenu","value":"隐藏上下文菜单"},{"id":null,"key":"CS_ActionList_HideContextMenu_Help","value":"隐藏操作列表中的上下文菜单。"},{"id":null,"key":"CS_ActionList_HideDocuments","value":"隐藏文档"},{"id":null,"key":"CS_ActionList_HideDocuments_Help","value":"使操作列表仅在文件夹导航方式下显示文件夹。"},{"id":null,"key":"CS_Add","value":"添加"},{"id":null,"key":"CS_AddBatch_OnFilesSelected","value":"针对所选文件"},{"id":null,"key":"CS_AddBatch_OnFilesSelected_Help","value":"从“文件”对话框中选择文件时触发的事件"},{"id":null,"key":"CS_AddToFolder","value":"添加至文件夹"},{"id":null,"key":"CS_AddToFolder_Desc","value":"您可以将文档添加到多个文件夹。 如果该文档已在文件夹中，那么它会保留在该文件夹中并添加到您指定的其他文件夹中。"},{"id":null,"key":"CS_BatchContent_AutomationDocType","value":"自动化文档类型"},{"id":null,"key":"CS_BatchContent_AutomationDocType_Help","value":"添加或修改批处理文档时要使用的文档类型。如果未指定，该值将缺省为 DbaCaptureBase。"},{"id":null,"key":"CS_BatchContent_OnDocumentCheckedOut","value":"检出文档时"},{"id":null,"key":"CS_BatchContent_OnDocumentCheckedOut_Help","value":"已检出文档时触发的事件。"},{"id":null,"key":"CS_BatchContent_OnGetProperties","value":"获取属性时"},{"id":null,"key":"CS_BatchContent_OnGetProperties_Help","value":"已检索到属性时触发的事件。"},{"id":null,"key":"CS_BatchContent_OnResubmitBatch","value":"重新提交批处理时"},{"id":null,"key":"CS_BatchContent_OnResubmitBatch_Help","value":"已成功重新提交批处理供处理时触发的事件。"},{"id":null,"key":"CS_BatchContent_OnRollbackBatch","value":"回滚批处理时"},{"id":null,"key":"CS_BatchContent_OnRollbackBatch_Help","value":"已成功回滚批处理时触发的事件。"},{"id":null,"key":"CS_BatchContent_OnSaveBatch","value":"保存批处理时"},{"id":null,"key":"CS_BatchContent_OnSaveBatch_Help","value":"已保存批处理时触发的事件。"},{"id":null,"key":"CS_BatchContent_OnSearchResults","value":"搜索结果时"},{"id":null,"key":"CS_BatchContent_OnSearchResults_Help","value":"已成功返回搜索结果时触发的事件。"},{"id":null,"key":"CS_BatchContent_OnUpdateBatch","value":"更新批处理时"},{"id":null,"key":"CS_BatchContent_OnUpdateBatch_Help","value":"已更新批处理时触发的事件。"},{"id":null,"key":"CS_BatchContent_OnUpdateProperties","value":"更新属性时"},{"id":null,"key":"CS_BatchContent_OnUpdateProperties_Help","value":"已更新属性时触发的事件。"},{"id":null,"key":"CS_Cancel","value":"取消"},{"id":null,"key":"CS_Class_Selector_Svc_Error","value":"服务错误"},{"id":null,"key":"CS_Class_Selector_Svc_Error_Help","value":"从调用服务返回错误时触发。"},{"id":null,"key":"CS_ContentListFilter_Cancel","value":"取消"},{"id":null,"key":"CS_ContentListFilter_Filter","value":"过滤器"},{"id":null,"key":"CS_ContentListFilter_GetPropDescs","value":"获取属性描述"},{"id":null,"key":"CS_ContentListFilter_OnCanceFilter","value":"取消时"},{"id":null,"key":"CS_ContentListFilter_OnCancelFilter_Help","value":"单击“取消”按钮时触发的事件。"},{"id":null,"key":"CS_ContentListFilter_OnFilter","value":"使用过滤器时"},{"id":null,"key":"CS_ContentListFilter_OnFilter_Help","value":"单击“过滤器”按钮时触发的事件。"},{"id":null,"key":"CS_ContentListFilter_TypeName","value":"类型名称"},{"id":null,"key":"CS_ContentListFilter_TypeName_Help","value":"搜索对象类型。"},{"id":null,"key":"CS_ContentList_AcceptFileTypes","value":"接受的文件类型"},{"id":null,"key":"CS_ContentList_AcceptFileTypes_Help","value":"添加新文档时，指定允许的文件类型扩展名（例如，.dotx、.pdf 等）。如果未指定，那么将接受所有文件类型。"},{"id":null,"key":"CS_ContentList_Actions","value":"操作"},{"id":null,"key":"CS_ContentList_AddButton","value":"添加"},{"id":null,"key":"CS_ContentList_AddFolder","value":"添加文件夹"},{"id":null,"key":"CS_ContentList_Advanced","value":"高级"},{"id":null,"key":"CS_ContentList_BatchObjects","value":"获取批处理文档"},{"id":null,"key":"CS_ContentList_Behavior","value":"行为"},{"id":null,"key":"CS_ContentList_CancelCheckout","value":"取消检出"},{"id":null,"key":"CS_ContentList_Case_Client_URI","value":"Case client URI"},{"id":null,"key":"CS_ContentList_Case_Client_URI_Help","value":"The URI for the Case client. Required for Case when running in a SaaS environment."},{"id":null,"key":"CS_ContentList_CheckoutDocument","value":"检出文档"},{"id":null,"key":"CS_ContentList_Columns","value":"列"},{"id":null,"key":"CS_ContentList_Columns_Help","value":"要在列表中显示的列。如果您需要自己的定制列属性，那么设置这些项，否则使用缺省设置。"},{"id":null,"key":"CS_ContentList_ConfigurationProperty","value":"配置属性"},{"id":null,"key":"CS_ContentList_ConfigurationProperty_Help","value":"将以 JSON 格式存储配置数据的属性的名称。"},{"id":null,"key":"CS_ContentList_ConfigurationValues","value":"配置值"},{"id":null,"key":"CS_ContentList_ContentItems","value":"内容项"},{"id":null,"key":"CS_ContentList_ContentItems_Help","value":"要显示的 CSDocument 对象的列表。ID 属性是文档对象唯一的必需属性。"},{"id":null,"key":"CS_ContentList_ControllerProperty","value":"控制器文档属性"},{"id":null,"key":"CS_ContentList_ControllerProperty_Help","value":"文档类中链接至批处理控制器的对象值属性的名称。"},{"id":null,"key":"CS_ContentList_DeleteBatchDocument","value":"删除批处理文档"},{"id":null,"key":"CS_ContentList_DisableDnDAdd_Help","value":"选中此设置以禁用“使用拖放操作添加文档”。"},{"id":null,"key":"CS_ContentList_DisableTitleEvent","value":"禁用标题单击事件"},{"id":null,"key":"CS_ContentList_DisableTitleEvent_Help","value":"禁止标题触发单击事件。"},{"id":null,"key":"CS_ContentList_DisabledValues","value":"已禁用的值"},{"id":null,"key":"CS_ContentList_DisabledValues_Help","value":"指定将对其禁用项操作的属性值。"},{"id":null,"key":"CS_ContentList_DisplayProgressIndicator","value":"添加文档时显示进度指示器。"},{"id":null,"key":"CS_ContentList_DisplayProgressIndicator_Help","value":"选中此选项，以在添加文档时显示进度指示器。"},{"id":null,"key":"CS_ContentList_Documents","value":"获取文档"},{"id":null,"key":"CS_ContentList_EnableSearchFilter","value":"启用搜索过滤器"},{"id":null,"key":"CS_ContentList_EnableSearchFilter_Help","value":"显示用于指定查询所基于的多个搜索参数的搜索过滤器组件，并在列表视图中显示结果。"},{"id":null,"key":"CS_ContentList_Enable_Polling","value":"启用“轮询文档状态”"},{"id":null,"key":"CS_ContentList_Enable_Polling_Help","value":"设置此选项时，使用轮询来更新所添加文档的状态。"},{"id":null,"key":"CS_ContentList_ExtraProperties","value":"额外的属性"},{"id":null,"key":"CS_ContentList_ExtraProperties_Help","value":"指定您希望在结果集内与项一起返回的其他属性。"},{"id":null,"key":"CS_ContentList_Filter_Help","value":"在搜索过滤器中属性值将使用 AND 运算符组合在一起。"},{"id":null,"key":"CS_ContentList_Folder","value":"文件夹"},{"id":null,"key":"CS_ContentList_FolderContainees","value":"获取文件夹容纳物"},{"id":null,"key":"CS_ContentList_FolderId","value":"文件夹标识"},{"id":null,"key":"CS_ContentList_FolderId_Help","value":"设置文件夹标识或路径，以使用所指定的文件夹内容来初始化内容列表。设置文件夹标识将优先于搜索设置。"},{"id":null,"key":"CS_ContentList_GetBatchDocumentCount","value":"获取批处理文档计数"},{"id":null,"key":"CS_ContentList_GetClassDetails","value":"获取类详细信息"},{"id":null,"key":"CS_ContentList_GetContentClasses","value":"获取内容类"},{"id":null,"key":"CS_ContentList_GetProperties","value":"获取属性"},{"id":null,"key":"CS_ContentList_GraphqlService","value":"Graphql 服务"},{"id":null,"key":"CS_ContentList_GraphqlService_Help","value":"在 BAW 环境中运行时，请指定要由工具箱服务调用的 graphql 服务 URL。"},{"id":null,"key":"CS_ContentList_Height_Help","value":"内容列表视图窗口的高度。"},{"id":null,"key":"CS_ContentList_HideAction_Help","value":"如果您想要从下拉菜单中除去此操作，那么检查操作设置。"},{"id":null,"key":"CS_ContentList_HideAddDialog","value":"添加文档时隐藏“添加”对话框"},{"id":null,"key":"CS_ContentList_HideAddDialog_Help","value":"选中了此选项并且配置了单个文档类型时，会添加文档，而不会显示“添加文档”对话框。"},{"id":null,"key":"CS_ContentList_HideAddDocument","value":"隐藏“添加文档”"},{"id":null,"key":"CS_ContentList_HideAddFolder","value":"隐藏“添加文件夹”"},{"id":null,"key":"CS_ContentList_HideCancelCheckoutDoc","value":"隐藏“取消检出文档”"},{"id":null,"key":"CS_ContentList_HideCheckoutDocument","value":"隐藏“检出文档”"},{"id":null,"key":"CS_ContentList_HideCheckoutState","value":"隐藏检出状态"},{"id":null,"key":"CS_ContentList_HideCheckoutState_Help","value":"选择此选项以启用/禁用“显示检出状态图标”。"},{"id":null,"key":"CS_ContentList_HideDeleteDocument","value":"隐藏“删除文档”"},{"id":null,"key":"CS_ContentList_HideDeleteFolder","value":"隐藏“删除文件夹”"},{"id":null,"key":"CS_ContentList_HideDownloadDocument","value":"隐藏“下载文档”"},{"id":null,"key":"CS_ContentList_HideEditDocument","value":"隐藏“编辑文档”"},{"id":null,"key":"CS_ContentList_HideEditDocumentProps","value":"隐藏“编辑文档属性”"},{"id":null,"key":"CS_ContentList_HideEditFolderProps","value":"隐藏“编辑文件夹属性”"},{"id":null,"key":"CS_ContentList_HideRefresh","value":"隐藏刷新"},{"id":null,"key":"CS_ContentList_HideRenameFolder","value":"隐藏“重命名文件夹”"},{"id":null,"key":"CS_ContentList_HideSearchField","value":"隐藏“搜索字段”"},{"id":null,"key":"CS_ContentList_HideSearchField_Help","value":"不显示搜索字段。在配置设置中定义了搜索参数。"},{"id":null,"key":"CS_ContentList_HideUploadNewVersionDoc","value":"隐藏“上载新版本文档”"},{"id":null,"key":"CS_ContentList_HideViewDocument","value":"隐藏“查看文档”"},{"id":null,"key":"CS_ContentList_IncludeTimeInDates","value":"在日期属性中包括时间"},{"id":null,"key":"CS_ContentList_IncludeTimeInDates_Help","value":"在列属性中显示日期值的时间部分。"},{"id":null,"key":"CS_ContentList_InitialPageSize","value":"初始页面大小"},{"id":null,"key":"CS_ContentList_InitialPageSize_Help","value":"所返回的要呈现在内容列表中的结果集的大小。缺省页面大小为 20 项。"},{"id":null,"key":"CS_ContentList_MoreBatchObjects","value":"获取更多批处理文档"},{"id":null,"key":"CS_ContentList_MoreDocuments","value":"获取更多文档"},{"id":null,"key":"CS_ContentList_MoreFolderContainees","value":"获取更多文件夹容纳物"},{"id":null,"key":"CS_ContentList_MoreSearchREsults","value":"获取更多搜索结果"},{"id":null,"key":"CS_ContentList_MoreTextSearchResults","value":"获取更多文本搜索结果"},{"id":null,"key":"CS_ContentList_OnActionMenuOpen","value":"操作菜单打开时"},{"id":null,"key":"CS_ContentList_OnActionMenuOpen_Help","value":"即将打开操作菜单时所触发的事件。传递具有属性的文件夹对象。"},{"id":null,"key":"CS_ContentList_OnAdd","value":"在添加内容时"},{"id":null,"key":"CS_ContentList_OnAdd_Help","value":"添加文档或文件夹时所触发的事件。传递 contentItem 对象。"},{"id":null,"key":"CS_ContentList_OnAllRowsSelected","value":"选择所有行时"},{"id":null,"key":"CS_ContentList_OnAllRowsSelected_Help","value":"用户单击“全选”复选框，并且内容列表处于“多选”方式时，将调用此事件。传递的名为“已选择”的参数将指示是选择了所有行还是未选择任何行。"},{"id":null,"key":"CS_ContentList_OnContextMenuOpen","value":"在打开上下文菜单时"},{"id":null,"key":"CS_ContentList_OnContextMenuOpen_Help","value":"将打开上下文菜单时所触发的事件。传递具有属性的内容对象。"},{"id":null,"key":"CS_ContentList_OnError","value":"发生错误时"},{"id":null,"key":"CS_ContentList_OnError_Help","value":"存在服务错误时发出的事件。"},{"id":null,"key":"CS_ContentList_OnFileClicked","value":"单击文件时"},{"id":null,"key":"CS_ContentList_OnFileClicked_Help","value":"在主列中选择文档时触发的事件。传递具有属性的文档对象。"},{"id":null,"key":"CS_ContentList_OnFilesSelected","value":"针对所选文件"},{"id":null,"key":"CS_ContentList_OnFilesSelected_Help","value":"从“文件”对话框中选择文件时触发的事件"},{"id":null,"key":"CS_ContentList_OnFolderClicked","value":"在单击文件夹时"},{"id":null,"key":"CS_ContentList_OnFolderClicked_Help","value":"在主列中选择文件夹时触发的事件。传递具有属性的文件夹对象。"},{"id":null,"key":"CS_ContentList_OnPollResults","value":"收到轮询结果时"},{"id":null,"key":"CS_ContentList_OnPollResults_Help","value":"收到包含文档状态的轮询结果时触发。"},{"id":null,"key":"CS_ContentList_OnResults","value":"在所装入的结果中"},{"id":null,"key":"CS_ContentList_OnResults_Help","value":"已经从服务返回结果时发出的事件。传递内容列表中所呈示的项的列表。"},{"id":null,"key":"CS_ContentList_OnRowSelected","value":"在选择行时"},{"id":null,"key":"CS_ContentList_OnRowSelected_Help","value":"使用单选按钮或者复选框来选择行时触发的事件。传递其他参数：row（row.data.contentItem 拥有具有属性的文档或文件夹对象）。"},{"id":null,"key":"CS_ContentList_Polling_Exit_Values","value":"正在轮询退出属性值"},{"id":null,"key":"CS_ContentList_Polling_Exit_Values_Help","value":"从轮询返回的文档属性值是所配置的其中一个值时，轮询将停止。"},{"id":null,"key":"CS_ContentList_Polling_Neg_Exit_Values","value":"正在轮询负的退出属性值"},{"id":null,"key":"CS_ContentList_Polling_Neg_Exit_Values_Help","value":"从轮询返回的文档属性值不是所配置的其中一个值时，轮询将停止。"},{"id":null,"key":"CS_ContentList_RemoveFromFolder_Help","value":"显示用于从文件夹中移除文档的文档操作。"},{"id":null,"key":"CS_ContentList_RenameFolder","value":"重命名文件夹"},{"id":null,"key":"CS_ContentList_Resources","value":"资源"},{"id":null,"key":"CS_ContentList_Resources_Help","value":"设置为要在列标题和属性列表过滤器标签的本地化字符串资源中拉取的外部资源束。"},{"id":null,"key":"CS_ContentList_RootFolderName","value":"根文件夹名称"},{"id":null,"key":"CS_ContentList_RootFolderName_Help","value":"要使用的根文件夹显示名称，而不是 Content Services 存储库中的文件夹名称。"},{"id":null,"key":"CS_ContentList_ScopeFolderActions","value":"Scope folder actions"},{"id":null,"key":"CS_ContentList_ScopeFolderActions_Help","value":"Scopes the Add and Move to folder actions to the root folder specified in the Folder configuration settings."},{"id":null,"key":"CS_ContentList_Search","value":"搜索"},{"id":null,"key":"CS_ContentList_SearchFilterProperties","value":"搜索过滤器属性"},{"id":null,"key":"CS_ContentList_SearchFilterProperties_Help","value":"指定查询所基于的属性集以填充列表视图。在搜索过滤器中属性值将使用 AND 运算符组合在一起。"},{"id":null,"key":"CS_ContentList_SearchFolderId","value":"在文件夹标识中搜索"},{"id":null,"key":"CS_ContentList_SearchFolderId_Help","value":"要开始在其中进行搜索的文件夹的文件夹标识。这是一个可选设置，将限制仅在所指定文件夹中搜索。如果未设置，那么将在整个对象存储库中搜索。"},{"id":null,"key":"CS_ContentList_SearchFor","value":"搜索"},{"id":null,"key":"CS_ContentList_SearchFor_Help","value":"搜索文档或文件夹项。"},{"id":null,"key":"CS_ContentList_SearchOnlyFolder","value":"仅搜索此文件夹"},{"id":null,"key":"CS_ContentList_SearchOnlyFolder_Help","value":"不包括搜索子文件夹。"},{"id":null,"key":"CS_ContentList_SearchOperator","value":"运算符"},{"id":null,"key":"CS_ContentList_SearchOperator_Help","value":"要使用的查询运算符，例如，Starts with、Ends with、Like、Not like、\\=、<、>、<>、<\\= 和 <\\= 等等。"},{"id":null,"key":"CS_ContentList_SearchProperty","value":"搜索属性"},{"id":null,"key":"CS_ContentList_SearchPropertyCardinality","value":"搜索属性基数"},{"id":null,"key":"CS_ContentList_SearchPropertyCardinality_Help","value":"指定搜索属性是单值属性还是多值属性。"},{"id":null,"key":"CS_ContentList_SearchPropertyType","value":"搜索属性类型"},{"id":null,"key":"CS_ContentList_SearchPropertyType_Help","value":"所指定的搜索属性的数据类型。"},{"id":null,"key":"CS_ContentList_SearchProperty_Help","value":"要搜索的属性的符号属性名称。"},{"id":null,"key":"CS_ContentList_SearchResults","value":"获取搜索结果"},{"id":null,"key":"CS_ContentList_SearchRootName","value":"根搜索名称"},{"id":null,"key":"CS_ContentList_SearchRootName_Help","value":"要在面包屑上使用的根搜索显示名称。"},{"id":null,"key":"CS_ContentList_SearchTextOptions","value":"文本选项"},{"id":null,"key":"CS_ContentList_SearchTextOptions_Help","value":"配置搜索以包括内容库查询（除了所指定的属性搜索以外）。"},{"id":null,"key":"CS_ContentList_SearchType","value":"搜索类型"},{"id":null,"key":"CS_ContentList_SearchType_Help","value":"搜索特定类型的对象。"},{"id":null,"key":"CS_ContentList_SearchValue","value":"缺省值"},{"id":null,"key":"CS_ContentList_SearchValue_Help","value":"要搜索的值。如果保留为空白，那么用户可以输入值以在运行时调用搜索。"},{"id":null,"key":"CS_ContentList_SecondaryProperty","value":"状态辅助属性"},{"id":null,"key":"CS_ContentList_SecondaryProperty_Help","value":"选择要用作定制辅助状态属性的属性。"},{"id":null,"key":"CS_ContentList_SelectionMode","value":"选择方式"},{"id":null,"key":"CS_ContentList_SelectionMode_Help","value":"单选、多选或者“无”。"},{"id":null,"key":"CS_ContentList_Services","value":"服务"},{"id":null,"key":"CS_ContentList_ShowAddToFolder","value":"显示“添加至文件夹”"},{"id":null,"key":"CS_ContentList_ShowAddToFolder_Help","value":"显示用于将文档添加到文件夹的文档操作。"},{"id":null,"key":"CS_ContentList_ShowCustomState","value":"显示定制状态"},{"id":null,"key":"CS_ContentList_ShowCustomState_Help","value":"选择此选项以启用/禁用“显示定制状态图标”。"},{"id":null,"key":"CS_ContentList_ShowListAnnotations","value":"显示列表注释"},{"id":null,"key":"CS_ContentList_ShowListAnnotations_Help","value":"显示与文档关联的注释的列表。"},{"id":null,"key":"CS_ContentList_ShowListVersions","value":"显示列表版本"},{"id":null,"key":"CS_ContentList_ShowListVersions_Help","value":"显示文档的版本历史记录。"},{"id":null,"key":"CS_ContentList_ShowMoveToFolder","value":"显示“移至文件夹”"},{"id":null,"key":"CS_ContentList_ShowMoveToFolder_Help","value":"显示用于将文档从一个文件夹移至另一个文件夹的文档操作。"},{"id":null,"key":"CS_ContentList_ShowRemoveFromFolder","value":"显示“从文件夹中移除”"},{"id":null,"key":"CS_ContentList_SortOrder","value":"排序顺序"},{"id":null,"key":"CS_ContentList_SortOrder_Help","value":"缺省排序方向 - 升序或降序。"},{"id":null,"key":"CS_ContentList_SortProperty","value":"对属性排序"},{"id":null,"key":"CS_ContentList_SortProperty_Help","value":"选择要用来对结果集排序的属性。"},{"id":null,"key":"CS_ContentList_StateProperty","value":"状态属性"},{"id":null,"key":"CS_ContentList_StateProperty_Help","value":"选择要用作定制状态属性的属性。"},{"id":null,"key":"CS_ContentList_Status_Polling_Interval","value":"状态轮询时间间隔"},{"id":null,"key":"CS_ContentList_Status_Polling_Interval_Help","value":"两次请求轮询所添加文档的状态之间间隔的秒数。"},{"id":null,"key":"CS_ContentList_Status_Polling_Property","value":"正在轮询状态属性"},{"id":null,"key":"CS_ContentList_Status_Polling_Property_Help","value":"为了获得所添加文档的状态而轮询的属性。"},{"id":null,"key":"CS_ContentList_Status_Polling_Timeout","value":"每个文档的轮询超时"},{"id":null,"key":"CS_ContentList_Status_Polling_Timeout_Help","value":"每个文档的秒数，如果达到此秒数后未满足退出条件，轮询将停止。"},{"id":null,"key":"CS_ContentList_TableRowHeight","value":"表行高度"},{"id":null,"key":"CS_ContentList_TableRowHeight_Help","value":"用于指定内容列表的表行高度的设置。"},{"id":null,"key":"CS_ContentList_TextSearchResults","value":"获取文本搜索结果"},{"id":null,"key":"CS_ContentList_UpdateProperties","value":"更新属性"},{"id":null,"key":"CS_ContentList_ViewMode","value":"查看更多"},{"id":null,"key":"CS_ContentList_ViewMode_Help","value":"指定“内容列表”的视图方式。 如果设置为“两个”选项之一，那么将在工具栏上包含“设置”按钮。"},{"id":null,"key":"CS_ContentList_Width_Help","value":"内容列表视图窗口的宽度。"},{"id":null,"key":"CS_ContentLlist_DisableDnDAdd","value":"禁用“拖放添加”"},{"id":null,"key":"CS_ContentLlist_Polling_Neg_Exit_Values_Help","value":"从轮询返回的文档属性值不是所配置的其中一个值时，轮询将停止。"},{"id":null,"key":"CS_ContentViewerHeight_Help","value":"设置查看器窗口的高度。 如果未设置，那么将缺省为 480px。"},{"id":null,"key":"CS_ContentViewerWidth_Help","value":"设置查看器窗口的宽度。 如果未设置，那么将缺省为 600px。"},{"id":null,"key":"CS_ContentViewer_FitHeight","value":"适合高度"},{"id":null,"key":"CS_ContentViewer_FitWidth","value":"适合宽度"},{"id":null,"key":"CS_ContentViewer_Height","value":"高度"},{"id":null,"key":"CS_ContentViewer_OnLoad","value":"装入时"},{"id":null,"key":"CS_ContentViewer_Width","value":"宽度"},{"id":null,"key":"CS_ContestList_MaxAddDocs_Help","value":"指定用户一次可添加的最大文档数。缺省最大值为 50，但您可以将最大值最高设置为 300。"},{"id":null,"key":"CS_DeleteObject_DeleteObject","value":"删除对象"},{"id":null,"key":"CS_DeleteObject_OnDeleteObject","value":"删除对象时"},{"id":null,"key":"CS_DeleteObject_OnDeleteObjectHelp","value":"删除对象后触发的事件。"},{"id":null,"key":"CS_DepDocPropertiesProperty","value":"从属文档属性"},{"id":null,"key":"CS_DepDocPropertiesProperty_Help","value":"指向文档的对象值属性的符号名称，该文档中包含要显示的 JSON 值。"},{"id":null,"key":"CS_DepDocumentProperties_OnError","value":"发生错误时"},{"id":null,"key":"CS_DepDocumentProperties_OnError_Help","value":"检索属性值时发生错误所触发的事件。"},{"id":null,"key":"CS_DocumentReference_AddDocMode","value":"添加文档方式"},{"id":null,"key":"CS_DocumentReference_AddDocMode_Help","value":"用于控制添加文档进程的设置。选择“无”表示不添加支持，“未添加任何 UI”将不会显示任何 UI，“使用属性添加”将显示“添加文档”对话框。"},{"id":null,"key":"CS_DocumentReference_AllowsActions","value":"允许操作"},{"id":null,"key":"CS_DocumentReference_AllowsActions_Help","value":"启用视图组件中内容管理操作的下拉上下文菜单。"},{"id":null,"key":"CS_DocumentReference_AllowsRemoveDoc","value":"允许清除文档"},{"id":null,"key":"CS_DocumentReference_AllowsRemoveDoc_Help","value":"在视图组件中启用清除文档操作。此操作仅从视图中清除文档，而不会从存储库中将其删除。"},{"id":null,"key":"CS_DocumentReference_DocumentId","value":"文档标识"},{"id":null,"key":"CS_DocumentReference_DocumentId_Help","value":"要装入到此视图中的文档的标识。"},{"id":null,"key":"CS_DocumentReference_EnableTitleAction","value":"启用标题点击菜单操作"},{"id":null,"key":"CS_DocumentReference_EnableTitleAction_Help","value":"使文档标题文本可点击，并运行上下文菜单中列出的第一个操作。"},{"id":null,"key":"CS_DocumentReference_EnableTitleEvent","value":"启用标题点击事件"},{"id":null,"key":"CS_DocumentReference_EnableTitleEvent_Help","value":"使文档标题文本可点击，并触发传递 contentItem 事件参数的点击事件。"},{"id":null,"key":"CS_DocumentReference_HelperText","value":"帮助程序文本"},{"id":null,"key":"CS_DocumentReference_HelperText_Help","value":"在输入字段下方显示的帮助程序文本。"},{"id":null,"key":"CS_DocumentReference_HintText","value":"提示文本"},{"id":null,"key":"CS_DocumentReference_HintText_Help","value":"未指定文档时要在字段中显示的提示文本。"},{"id":null,"key":"CS_DocumentReference_OnClear","value":"清除时"},{"id":null,"key":"CS_DocumentReference_OnClear_Help","value":"用户调用清除操作时触发的事件。"},{"id":null,"key":"CS_DocumentReference_OnClick","value":"单击时"},{"id":null,"key":"CS_DocumentReference_OnClick_Help","value":"单击文档标题时触发的事件。"},{"id":null,"key":"CS_DocumentReference_ViewMode","value":"查看方式"},{"id":null,"key":"CS_DocumentReference_ViewMode_Help","value":"设置为“普通”可查看文档的 MIME 类型和标题，或者设置为“缩略图”可查看文档的缩略图和标题。"},{"id":null,"key":"CS_DocumentViewer_Features","value":"功能"},{"id":null,"key":"CS_DocumentViewer_IcnRepository","value":"Navigator 存储库"},{"id":null,"key":"CS_DocumentViewer_IcnRepository_Help","value":"在打开书签 URL 来查看文档时要使用的 Navigator 存储库的名称。 如果 Navigator 桌面分配了多个存储库，那么此选项是必需的。"},{"id":null,"key":"CS_DocumentViewer_ShowBanner","value":"显示条幅"},{"id":null,"key":"CS_DocumentViewer_ShowBanner_Help","value":"启用此设置可显示查看器窗口上方的条幅栏。"},{"id":null,"key":"CS_DocumentViewer_ShowTitleBar","value":"显示标题栏"},{"id":null,"key":"CS_DocumentViewer_ShowTitleBar_Help","value":"启用此设置以在查看器窗口上方显示标题栏。"},{"id":null,"key":"CS_DocumentViewer_Viewer","value":"查看者"},{"id":null,"key":"CS_Document_Classes","value":"文档类"},{"id":null,"key":"CS_Document_Classes_Help","value":"添加新文档时将显示的一组文档类。如果未设置，那么将从服务器中检索文档类。会对用户显示此处所输入的名称，值对应于每个文档类的符号名称。"},{"id":null,"key":"CS_Done","value":"完成"},{"id":null,"key":"CS_Event_OnLoad","value":"装入视图时"},{"id":null,"key":"CS_Event_OnLoad_Help","value":"在视图完成装入时触发的事件。"},{"id":null,"key":"CS_ExportClassificationDataOnError","value":"出错时"},{"id":null,"key":"CS_ExportClassificationDataOnError_Help","value":"在下载分类数据时发生错误时触发的事件。"},{"id":null,"key":"CS_ExportClassificationDataOnSuccess","value":"成功时"},{"id":null,"key":"CS_ExportClassificationDataOnSuccess_Help","value":"成功下载分类数据时触发的事件。"},{"id":null,"key":"CS_ExportProcessingData_DownloadTables","value":"下载表数据（将下载多个文件）"},{"id":null,"key":"CS_ExportProcessingData_ExportButton","value":"导出数据"},{"id":null,"key":"CS_ExportProcessingData_FileName","value":"文件名"},{"id":null,"key":"CS_ExportProcessingData_GetAnnotations","value":"获取文档处理注释"},{"id":null,"key":"CS_ExportProcessingData_Help","value":"为文件提供名称并选择要导出的文件类型。"},{"id":null,"key":"CS_ExportProcessingData_LearnMoreLink","value":"了解更多链接"},{"id":null,"key":"CS_ExportProcessingData_LearnMoreLinkHelp","value":"指向以 CSV 格式导出表的帮助的 Web 地址。"},{"id":null,"key":"CS_ExportProcessingData_OnExportStart","value":"导出开始时"},{"id":null,"key":"CS_ExportProcessingData_OnExportStart_Help","value":"用户单击对话框中的“导出数据”按钮并开始导出时触发。"},{"id":null,"key":"CS_FileDocument_OnFile","value":"在文件上"},{"id":null,"key":"CS_FileDocument_OnFile_Help","value":"在文件夹中归档文档时触发的事件。"},{"id":null,"key":"CS_FileDocument_Service","value":"文件文档"},{"id":null,"key":"CS_FileDropZone_AcceptFileTypes","value":"接受的文件类型"},{"id":null,"key":"CS_FileDropZone_AcceptFileTypes_Help","value":"指定文件放置区将接受的文件类型。文件类型必须指定为文件点扩展名字符串。"},{"id":null,"key":"CS_FileDropZone_DetailMessage","value":"详细信息消息"},{"id":null,"key":"CS_FileDropZone_DetailMessage_Help","value":"在文件放置区上显示的消息字符串。"},{"id":null,"key":"CS_FileDropZone_DocumentType","value":"文档类型"},{"id":null,"key":"CS_FileDropZone_DocumentType_Help","value":"添加文档时要使用的文档类型。如果未设置，那么将使用缺省文档类型。"},{"id":null,"key":"CS_FileDropZone_FolderId_Help","value":"将在其中添加文档的文件夹的文件夹标识。如果未指定，那么将不会对文档进行归档。"},{"id":null,"key":"CS_FileDropZone_Height_Help","value":"文件放置区域的高度。"},{"id":null,"key":"CS_FileDropZone_MaxAddDoc","value":"要添加的文档的最大数目"},{"id":null,"key":"CS_FileDropZone_MaxAddDoc_Help","value":"指定用户一次可添加的最大文档数。缺省最大数目为 50。"},{"id":null,"key":"CS_FileDropZone_MaxDocumentSize","value":"最大文档大小"},{"id":null,"key":"CS_FileDropZone_MaxDocumentSize_Help","value":"允许添加的最大文档大小（以 KB 为单位）。0 的大小不受限。"},{"id":null,"key":"CS_FileDropZone_Width_Help","value":"文件放置区域的宽度。"},{"id":null,"key":"CS_Folder_Classes","value":"文件夹类"},{"id":null,"key":"CS_Folder_Classes_Help","value":"添加新文件夹时将显示的一组文件夹类。如果未设置，那么将从服务器中检索文件夹类。会对用户显示此处所输入的名称，值对应于每个文件夹类的符号名称。"},{"id":null,"key":"CS_GetContent_GetAnnotation","value":"获取注释"},{"id":null,"key":"CS_GetContent_GetAppResourceInfo","value":"获取应用程序资源信息"},{"id":null,"key":"CS_GetContent_GetClassAccess","value":"获取类访问权"},{"id":null,"key":"CS_GetContent_GetVersionSeries","value":"获取版本系列"},{"id":null,"key":"CS_GetContent_OnContentReceived","value":"接收到内容时"},{"id":null,"key":"CS_GetContent_OnContentReceived_Help","value":"在响应中已返回文档内容时触发的事件。"},{"id":null,"key":"CS_GetContent_OnGetClassAccess","value":"获取类访问权时"},{"id":null,"key":"CS_GetContent_OnGetClassAccess_Help","value":"已返回获取类访问权响应时触发的事件。"},{"id":null,"key":"CS_GetContent_OnPropertiesUpdated","value":"更新属性时"},{"id":null,"key":"CS_GetContent_OnPropertiesUpdated_Help","value":"已检索属性且已在内容项对象中更新该属性时触发的事件。"},{"id":null,"key":"CS_Height","value":"高度"},{"id":null,"key":"CS_Hide_Time_Picker","value":"编辑日期和时间值时，隐藏时间选取器"},{"id":null,"key":"CS_Hide_Time_Picker_Help","value":"设置后，将隐藏用于编辑日期和时间值的时间部分的界面。"},{"id":null,"key":"CS_ListAnnotations_Annotations","value":"注释"},{"id":null,"key":"CS_ListAnnotations_GetAnnotations","value":"获取注释"},{"id":null,"key":"CS_ListAnnotations_OnDone","value":"完成时"},{"id":null,"key":"CS_ListAnnotations_OnDone_Help","value":"关闭“列表注释”对话框时触发的事件。"},{"id":null,"key":"CS_ListVersions_GetVersions","value":"获取版本"},{"id":null,"key":"CS_ListVersions_Versions","value":"版本"},{"id":null,"key":"CS_Modal_OnCancel","value":"取消时"},{"id":null,"key":"CS_Modal_OnCancel_Help","value":"用户取消掉模态视图时触发的事件。"},{"id":null,"key":"CS_Move","value":"移动"},{"id":null,"key":"CS_MoveDocument","value":"移动文档"},{"id":null,"key":"CS_MoveDocument_GetFolderRcr","value":"获取文件夹 rcrs"},{"id":null,"key":"CS_MoveDocument_MoveFrom","value":"移动自"},{"id":null,"key":"CS_MoveDocument_OnMove","value":"移动时"},{"id":null,"key":"CS_MoveDocument_OnMove_Help","value":"将文档移至文件夹时触发的事件。"},{"id":null,"key":"CS_MoveToFolder","value":"移至文件夹"},{"id":null,"key":"CS_MoveToFolder_Desc","value":"您可以将文档从一个文件夹移至另一个文件夹。"},{"id":null,"key":"CS_OK","value":"确定"},{"id":null,"key":"CS_ObjectStoreName","value":"存储库名称"},{"id":null,"key":"CS_ObjectStoreName_Help","value":"Content Platform Engine 的管理控制台中的对象存储库名称。"},{"id":null,"key":"CS_On_Class_Selected","value":"在选择类时"},{"id":null,"key":"CS_On_Class_Selected_Help","value":"用户选择类时触发的事件。"},{"id":null,"key":"CS_ProgressIndicator_OnClose","value":"在关闭时"},{"id":null,"key":"CS_ProgressIndicator_OnClose_Help","value":"关闭进度指示器时触发。"},{"id":null,"key":"CS_ProgressIndicator_OnFileRemoved","value":"移除文件时"},{"id":null,"key":"CS_ProgressIndicator_OnFileRemoved_Help","value":"从进度指示器除去暂挂文件时触发"},{"id":null,"key":"CS_PropertyList_Display_Edit","value":"显示用于编辑属性值的按钮"},{"id":null,"key":"CS_PropertyList_Display_Edit_Help","value":"在工具栏中显示允许用户编辑属性值的按钮。"},{"id":null,"key":"CS_PropertyPoller_OnError","value":"发生错误时"},{"id":null,"key":"CS_PropertyPoller_OnError_Help","value":"轮询属性时发生错误的情况下触发。"},{"id":null,"key":"CS_PropertyPoller_OnResults","value":"收到结果时"},{"id":null,"key":"CS_PropertyPoller_OnResults_Help","value":"从轮询请求收到结果时触发。"},{"id":null,"key":"CS_PropertyPoller_OnStatus","value":"在返回属性信息时"},{"id":null,"key":"CS_PropertyPoller_OnStatus_Help","value":"在轮询服务器以查找属性信息时返回数据时触发。"},{"id":null,"key":"CS_Query_ExecuteOnChange","value":"更改时运行搜索"},{"id":null,"key":"CS_Query_ExecuteOnChange_Help","value":"在组件中发生视图更改事件时，运行配置的搜索。"},{"id":null,"key":"CS_Query_ExecuteOnView","value":"查看时执行搜索"},{"id":null,"key":"CS_Query_ExecuteOnView_Help","value":"在组件中发生 Coach 视图事件时，运行配置的搜索。"},{"id":null,"key":"CS_Query_MaxResults","value":"最大结果数"},{"id":null,"key":"CS_Query_MaxResults_Help","value":"要从查询返回的最大结果数。"},{"id":null,"key":"CS_Query_OnError","value":"发生错误时"},{"id":null,"key":"CS_Query_OnError_Help","value":"发生错误时触发。"},{"id":null,"key":"CS_Query_OnSearchResults","value":"搜索结果时"},{"id":null,"key":"CS_Query_OnSearchResults_Help","value":"从服务器返回搜索结果时触发。"},{"id":null,"key":"CS_Query_ResultProperties","value":"结果属性"},{"id":null,"key":"CS_Query_ResultProperties_Help","value":"搜索结果中返回的属性的符号名称。"},{"id":null,"key":"CS_Query_SearchValue","value":"搜索值"},{"id":null,"key":"CS_Query_SearchValue_Help","value":"要搜索的值。"},{"id":null,"key":"CS_Remove","value":"移除"},{"id":null,"key":"CS_RemoveFromFolder","value":"从文件夹中移除"},{"id":null,"key":"CS_RemoveFromFolder_Desc","value":"您可以从文件夹中移除文档。 但是，从所有文件夹中移除文档并不会从存储库中移除该文档。 您仍可以通过运行搜索来检索文档。  此列表中将仅显示您具有查看权限的文件夹。 "},{"id":null,"key":"CS_RemoveFromFolder_FilterHint","value":"过滤器列表"},{"id":null,"key":"CS_RemoveFromFolder_UnfileDocument","value":"取消归档文档"},{"id":null,"key":"CS_Repository","value":"Repository"},{"id":null,"key":"CS_RepositoryId","value":"存储库标识"},{"id":null,"key":"CS_RepositoryId_Help","value":"IBM Navigator 中的存储库标识。此值由文档查看器使用。"},{"id":null,"key":"CS_Save","value":"保存"},{"id":null,"key":"CS_SearchOperator_OnChange","value":"更改运算符时"},{"id":null,"key":"CS_SearchProperty_AddBlankSelection","value":"添加空白选项"},{"id":null,"key":"CS_SearchProperty_AddBlankSelection_Help","value":"在属性列表中包含空白选项。"},{"id":null,"key":"CS_SearchProperty_IncludeHidden","value":"包含隐藏"},{"id":null,"key":"CS_SearchProperty_IncludeHidden_Help","value":"在选择列表中包含隐藏属性。"},{"id":null,"key":"CS_SearchProperty_IsSearchable","value":"可搜索"},{"id":null,"key":"CS_SearchProperty_IsSearchable_Help","value":"仅包括可搜索的属性。"},{"id":null,"key":"CS_SearchProperty_OnChangeProperty","value":"在更改属性时"},{"id":null,"key":"CS_SearchProperty_OnChangeProperty_Help","value":"更改所选属性时触发的事件。"},{"id":null,"key":"CS_SearchProperty_OnResult","value":"收到结果时"},{"id":null,"key":"CS_SearchProperty_OnResult_Help","value":"在装入完属性选择列表时触发的事件。"},{"id":null,"key":"CS_SearchProperty_SearchFor","value":"搜索"},{"id":null,"key":"CS_SearchProperty_SearchFor_Help","value":"要搜索的对象类型；文档或文件夹。"},{"id":null,"key":"CS_SelectFiles","value":"选择文件"},{"id":null,"key":"CS_SelectObject_DateValue","value":"日期值"},{"id":null,"key":"CS_SelectObject_DecimalValue","value":"小数值"},{"id":null,"key":"CS_SelectObject_Desc","value":"从列表中选择对象。"},{"id":null,"key":"CS_SelectObject_DisplayMode","value":"显示方式"},{"id":null,"key":"CS_SelectObject_DisplayMode_Help","value":"填充内容列表时要使用的显示方式。"},{"id":null,"key":"CS_SelectObject_IntegerValue","value":"整数值"},{"id":null,"key":"CS_SelectObject_OnChange","value":"更改时"},{"id":null,"key":"CS_SelectObject_OnSelect","value":"选择时"},{"id":null,"key":"CS_SelectObject_OnSelect_Help","value":"在对话框中选择对象时触发的事件。"},{"id":null,"key":"CS_SelectObject_Search","value":"搜索"},{"id":null,"key":"CS_SelectObject_SearchOperator","value":"运算符"},{"id":null,"key":"CS_SelectObject_SearchProperty","value":"搜索属性"},{"id":null,"key":"CS_SelectObject_SearchValue","value":"值"},{"id":null,"key":"CS_SelectObject_Select","value":"选择"},{"id":null,"key":"CS_SelectObject_SelectObject","value":"选择对象"},{"id":null,"key":"CS_SelectObject_SelectObjectType","value":"选择对象类型"},{"id":null,"key":"CS_SelectObject_SelectObjectType_Help","value":"允许选择的对象的类型；文档或文件夹。"},{"id":null,"key":"CS_SelectObject_SelectValue","value":"选择值"},{"id":null,"key":"CS_SelectObject_StringValue","value":"字符串值"},{"id":null,"key":"CS_SetDocClass_AddButton","value":"添加"},{"id":null,"key":"CS_SetDocClass_AutoClassifyButton","value":"自动分类"},{"id":null,"key":"CS_SetDocClass_ClassifyButton","value":"分类"},{"id":null,"key":"CS_SetDocClass_Description","value":"要手动指定文档类型，请首先选择表中的文件。 使用分类选项以指定所选文件的文档类型。 如果未手动对文件进行分类，系统将对其进行自动分类。"},{"id":null,"key":"CS_SetDocClass_DeselectButton","value":"取消选择"},{"id":null,"key":"CS_SetDocClass_Filter_Placeholder","value":"过滤器列表"},{"id":null,"key":"CS_SetDocClass_Modal_Heading","value":"添加文件"},{"id":null,"key":"CS_SummaryCard_Details","value":"详细信息"},{"id":null,"key":"CS_SummaryCard_Details_Help","value":"已显示在摘要卡的“详细信息”部分。"},{"id":null,"key":"CS_SummaryCard_DisplayHelpIcon","value":"显示帮助图标"},{"id":null,"key":"CS_SummaryCard_DisplayHelpIcon_Help","value":"选中时，将在卡中显示帮助图标。"},{"id":null,"key":"CS_SummaryCard_HelpLearnMoreUrl","value":"帮助了解更多信息 URL"},{"id":null,"key":"CS_SummaryCard_HelpLearnMoreUrl_Help","value":"“了解更多信息”的链接。设置后，将在帮助工具提示中显示一个按钮，单击此按钮时，将显示链接中指定的页面。"},{"id":null,"key":"CS_SummaryCard_HelpText","value":"帮助文本"},{"id":null,"key":"CS_SummaryCard_HelpText_Help","value":"用户单击帮助图标时在工具提示中显示的消息标识或文本。"},{"id":null,"key":"CS_SummaryCard_OnClick","value":"单击时"},{"id":null,"key":"CS_SummaryCard_OnClick_Help","value":"单击摘要卡时触发。"},{"id":null,"key":"CS_SummaryCard_Title","value":"标题"},{"id":null,"key":"CS_SummaryCard_Title_Help","value":"已显示为摘要卡的标题。"},{"id":null,"key":"CS_Upload","value":"上载"},{"id":null,"key":"CS_UploadContent_GetClassDetails","value":"获取类详细信息"},{"id":null,"key":"CS_UploadContent_MaxUploads","value":"最大并发上载数"},{"id":null,"key":"CS_UploadContent_MaxUploads_Help","value":"将同时运行的最大上载数。"},{"id":null,"key":"CS_UploadContent_OnContentAdded","value":"在添加内容时"},{"id":null,"key":"CS_UploadContent_OnContentAdded_Help","value":"成功上载内容时触发的事件。"},{"id":null,"key":"CS_UploadContent_OnError","value":"发生错误时"},{"id":null,"key":"CS_UploadContent_OnError_Help","value":"上载内容时发生错误所触发的事件。"},{"id":null,"key":"CS_UploadVersion_OnUploadVersion","value":"上载版本时"},{"id":null,"key":"CS_UploadVersion_OnUploadVersionHelp","value":"已上载新版本文档时触发的事件。"},{"id":null,"key":"CS_Width","value":"宽度"},{"id":null,"key":"pathName","value":"路径名"}]}