{"id":"50.adeae4bd-e860-48f8-8f12-9436f7840773/2064.2ac60c1c-874b-4787-bfc1-262edfeb41d7","localeLanguage":"pt","localeCountry":"BR","localeVariant":null,"localeDisplayName":"CSResource","resourceBundleKey":[{"id":null,"key":"CS_ActionList_FilterHintText","value":"Filtrar texto de sugestão"},{"id":null,"key":"CS_ActionList_FilterHintText_Help","value":"Configure o texto de sugestão exibido no controle de filtro da lista de ações."},{"id":null,"key":"CS_ActionList_HideContextMenu","value":"Ocultar menu de contexto"},{"id":null,"key":"CS_ActionList_HideContextMenu_Help","value":"Oculta o menu de contexto na lista de ações."},{"id":null,"key":"CS_ActionList_HideDocuments","value":"Ocultar documentos"},{"id":null,"key":"CS_ActionList_HideDocuments_Help","value":"Permite que a lista de ações exiba somente pastas quando no modo de navegação de pasta."},{"id":null,"key":"CS_Add","value":"Adicionar"},{"id":null,"key":"CS_AddBatch_OnFilesSelected","value":"Em arquivos selecionados"},{"id":null,"key":"CS_AddBatch_OnFilesSelected_Help","value":"Um evento que é disparado quando os arquivos são selecionados no Diálogo de Arquivos"},{"id":null,"key":"CS_AddToFolder","value":"Incluir na pasta"},{"id":null,"key":"CS_AddToFolder_Desc","value":"É possível incluir documentos em mais de uma pasta. Se o documento já estiver em uma pasta, ele permanecerá nessa pasta e será incluído na pasta adicional especificada."},{"id":null,"key":"CS_BatchContent_AutomationDocType","value":"Tipo de documento de automação"},{"id":null,"key":"CS_BatchContent_AutomationDocType_Help","value":"O tipo de documento a ser usado ao incluir ou modificar documentos em lote. Se não especificado, o valor será padronizado para DbaCaptureBase."},{"id":null,"key":"CS_BatchContent_OnDocumentCheckedOut","value":"No documento retirado"},{"id":null,"key":"CS_BatchContent_OnDocumentCheckedOut_Help","value":"Um evento que é disparado quando o documento é retirado."},{"id":null,"key":"CS_BatchContent_OnGetProperties","value":"Nas propriedades de obtenção"},{"id":null,"key":"CS_BatchContent_OnGetProperties_Help","value":"Um evento que é disparado quando as propriedades são recuperadas."},{"id":null,"key":"CS_BatchContent_OnResubmitBatch","value":"No lote de reenvio"},{"id":null,"key":"CS_BatchContent_OnResubmitBatch_Help","value":"Um evento que é disparado quando o lote é reenviado para processamento com sucesso."},{"id":null,"key":"CS_BatchContent_OnRollbackBatch","value":"No lote de retrocesso"},{"id":null,"key":"CS_BatchContent_OnRollbackBatch_Help","value":"Um evento que é disparado quando o lote é recuperado com sucesso."},{"id":null,"key":"CS_BatchContent_OnSaveBatch","value":"No lote de salvamento"},{"id":null,"key":"CS_BatchContent_OnSaveBatch_Help","value":"Um evento que é disparado quando o lote é salvo."},{"id":null,"key":"CS_BatchContent_OnSearchResults","value":"Nos resultados da procura"},{"id":null,"key":"CS_BatchContent_OnSearchResults_Help","value":"Um evento que é disparado quando os resultados da procura retornam com sucesso."},{"id":null,"key":"CS_BatchContent_OnUpdateBatch","value":"No lote de atualização"},{"id":null,"key":"CS_BatchContent_OnUpdateBatch_Help","value":"Um evento que é disparado quando o lote é atualizado."},{"id":null,"key":"CS_BatchContent_OnUpdateProperties","value":"Nas propriedades de atualização"},{"id":null,"key":"CS_BatchContent_OnUpdateProperties_Help","value":"Um evento que é disparado quando as propriedades são atualizadas."},{"id":null,"key":"CS_Cancel","value":"Cancel"},{"id":null,"key":"CS_Class_Selector_Svc_Error","value":"Erro de serviço"},{"id":null,"key":"CS_Class_Selector_Svc_Error_Help","value":"Disparado quando um erro é retornado por meio da chamada de um serviço."},{"id":null,"key":"CS_ContentListFilter_Cancel","value":"Cancel"},{"id":null,"key":"CS_ContentListFilter_Filter","value":"Filtragem"},{"id":null,"key":"CS_ContentListFilter_GetPropDescs","value":"Obter descrições de propriedade"},{"id":null,"key":"CS_ContentListFilter_OnCanceFilter","value":"Mediante cancelamento"},{"id":null,"key":"CS_ContentListFilter_OnCancelFilter_Help","value":"Um evento que é disparado quando o botão Cancelar é clicado."},{"id":null,"key":"CS_ContentListFilter_OnFilter","value":"No filtro"},{"id":null,"key":"CS_ContentListFilter_OnFilter_Help","value":"Um evento que é disparado quando o botão Filtrar é clicado."},{"id":null,"key":"CS_ContentListFilter_TypeName","value":"Nome do tipo"},{"id":null,"key":"CS_ContentListFilter_TypeName_Help","value":"Tipo de objeto de procura."},{"id":null,"key":"CS_ContentList_AcceptFileTypes","value":"Tipos de arquivo aceitos"},{"id":null,"key":"CS_ContentList_AcceptFileTypes_Help","value":"Especifique as extensões de tipo de arquivo que são permitidas ao incluir novos documentos (por exemplo, .dotx, .pdf etc). Quando não especificado, todos os tipos de arquivo são aceitos."},{"id":null,"key":"CS_ContentList_Actions","value":"Ações"},{"id":null,"key":"CS_ContentList_AddButton","value":"Adicionar"},{"id":null,"key":"CS_ContentList_AddFolder","value":"Incluir pasta"},{"id":null,"key":"CS_ContentList_Advanced","value":"Advanced"},{"id":null,"key":"CS_ContentList_BatchObjects","value":"Obter documentos em lote"},{"id":null,"key":"CS_ContentList_Behavior","value":"Behavior"},{"id":null,"key":"CS_ContentList_CancelCheckout","value":"Cancelar check-out"},{"id":null,"key":"CS_ContentList_Case_Client_URI","value":"Case client URI"},{"id":null,"key":"CS_ContentList_Case_Client_URI_Help","value":"The URI for the Case client. Required for Case when running in a SaaS environment."},{"id":null,"key":"CS_ContentList_CheckoutDocument","value":"Check-out documento"},{"id":null,"key":"CS_ContentList_Columns","value":"Colunas"},{"id":null,"key":"CS_ContentList_Columns_Help","value":"As colunas para exibir na lista. Configure-as se desejar as suas próprias propriedades da customizadas, caso contrário, um conjunto padrão será usado."},{"id":null,"key":"CS_ContentList_ConfigurationProperty","value":"Propriedade de Configuração"},{"id":null,"key":"CS_ContentList_ConfigurationProperty_Help","value":"Nome de uma propriedade na qual os dados de configuração serão armazenados no formato JSON."},{"id":null,"key":"CS_ContentList_ConfigurationValues","value":"Valores de Configuração"},{"id":null,"key":"CS_ContentList_ContentItems","value":"Itens de conteúdo"},{"id":null,"key":"CS_ContentList_ContentItems_Help","value":"Lista de objetos CSDocument a serem exibidos. A propriedade ID é a única propriedade necessária dos objetos do documento."},{"id":null,"key":"CS_ContentList_ControllerProperty","value":"Propriedade do documento do controlador"},{"id":null,"key":"CS_ContentList_ControllerProperty_Help","value":"Nome da propriedade de valor de objeto na classe de documento que se vincula ao controlador de lote."},{"id":null,"key":"CS_ContentList_DeleteBatchDocument","value":"Excluir documento em lote"},{"id":null,"key":"CS_ContentList_DisableDnDAdd_Help","value":"Marque essa configuração para desativar a inclusão de documentos usando arrastar e soltar."},{"id":null,"key":"CS_ContentList_DisableTitleEvent","value":"Desative o evento de clique do título"},{"id":null,"key":"CS_ContentList_DisableTitleEvent_Help","value":"Desativa o disparo do título no evento de clique."},{"id":null,"key":"CS_ContentList_DisabledValues","value":"Valores desativados"},{"id":null,"key":"CS_ContentList_DisabledValues_Help","value":"Especificar os valores da propriedade para os quais as ações de itens serão desativadas."},{"id":null,"key":"CS_ContentList_DisplayProgressIndicator","value":"Exibir indicador de progresso ao incluir documentos."},{"id":null,"key":"CS_ContentList_DisplayProgressIndicator_Help","value":"Marque essa opção para exibir um indicador de progresso ao incluir documentos."},{"id":null,"key":"CS_ContentList_Documents","value":"Obtenha documentos"},{"id":null,"key":"CS_ContentList_EnableSearchFilter","value":"Ativar filtro de procura"},{"id":null,"key":"CS_ContentList_EnableSearchFilter_Help","value":"Exibe o componente de filtro de procura para especificação de vários parâmetros de procura para consulta e exibição dos resultados na visualização de lista."},{"id":null,"key":"CS_ContentList_Enable_Polling","value":"Ative a pesquisa para o status do documento"},{"id":null,"key":"CS_ContentList_Enable_Polling_Help","value":"Quando configurado, a pesquisa é usada para atualizar o status de documentos incluídos."},{"id":null,"key":"CS_ContentList_ExtraProperties","value":"Propriedades adicionais"},{"id":null,"key":"CS_ContentList_ExtraProperties_Help","value":"Especifique as propriedades adicionais que você deseja que sejam retornadas com os itens no conjunto de resultados."},{"id":null,"key":"CS_ContentList_Filter_Help","value":"Os valores da propriedade são combinados com um operador AND no filtro de procura."},{"id":null,"key":"CS_ContentList_Folder","value":"Pasta"},{"id":null,"key":"CS_ContentList_FolderContainees","value":"Obter contidos da pasta"},{"id":null,"key":"CS_ContentList_FolderId","value":"ID de pasta"},{"id":null,"key":"CS_ContentList_FolderId_Help","value":"Configurar o caminho ou o ID da pasta para inicializar a lista de conteúdos com os conteúdos da pasta especificada. A configuração do ID da pasta tem precedência sobre as configurações de procura."},{"id":null,"key":"CS_ContentList_GetBatchDocumentCount","value":"Obter contagem de documentos em lote"},{"id":null,"key":"CS_ContentList_GetClassDetails","value":"Obter detalhes da classe"},{"id":null,"key":"CS_ContentList_GetContentClasses","value":"Obter classes de conteúdo"},{"id":null,"key":"CS_ContentList_GetProperties","value":"Obter propriedades"},{"id":null,"key":"CS_ContentList_GraphqlService","value":"Serviço Graphql"},{"id":null,"key":"CS_ContentList_GraphqlService_Help","value":"Ao executar em um ambiente BAW, especifique a URL do serviço Graphql a ser chamada pelos serviços do kit de ferramentas."},{"id":null,"key":"CS_ContentList_Height_Help","value":"A altura da janela de visualização da lista de conteúdos."},{"id":null,"key":"CS_ContentList_HideAction_Help","value":"Verifique a configuração da ação se desejar remover essa ação do menu suspenso."},{"id":null,"key":"CS_ContentList_HideAddDialog","value":"Ocultar o diálogo de inclusão ao incluir documentos"},{"id":null,"key":"CS_ContentList_HideAddDialog_Help","value":"Quando esta opção for selecionada e um único tipo de documento for configurado, os documentos serão incluídos sem exibir o diálogo Incluir documento."},{"id":null,"key":"CS_ContentList_HideAddDocument","value":"Ocultar inclusão de documento"},{"id":null,"key":"CS_ContentList_HideAddFolder","value":"Ocultar inclusão de pasta"},{"id":null,"key":"CS_ContentList_HideCancelCheckoutDoc","value":"Ocultar cancelamento de documento de check-out"},{"id":null,"key":"CS_ContentList_HideCheckoutDocument","value":"Ocultar documento de check-out"},{"id":null,"key":"CS_ContentList_HideCheckoutState","value":"Ocultar estado de check-out"},{"id":null,"key":"CS_ContentList_HideCheckoutState_Help","value":"Selecione esta opção para ativar ou desativar o ícone de estado do check-out a ser exibido."},{"id":null,"key":"CS_ContentList_HideDeleteDocument","value":"Ocultar exclusão de documento"},{"id":null,"key":"CS_ContentList_HideDeleteFolder","value":"Ocultar exclusão de pasta"},{"id":null,"key":"CS_ContentList_HideDownloadDocument","value":"Ocultar documento de download"},{"id":null,"key":"CS_ContentList_HideEditDocument","value":"Ocultar documento de edição"},{"id":null,"key":"CS_ContentList_HideEditDocumentProps","value":"Ocultar as propriedades do documento de edição"},{"id":null,"key":"CS_ContentList_HideEditFolderProps","value":"Ocultar propriedades da pasta de edição"},{"id":null,"key":"CS_ContentList_HideRefresh","value":"Ocultar atualização"},{"id":null,"key":"CS_ContentList_HideRenameFolder","value":"Ocultar renomeação de pasta"},{"id":null,"key":"CS_ContentList_HideSearchField","value":"Ocultar campo de procura"},{"id":null,"key":"CS_ContentList_HideSearchField_Help","value":"Não exibir o campo de procura. Os parâmetros de procura são especificados nas definições de configuração."},{"id":null,"key":"CS_ContentList_HideUploadNewVersionDoc","value":"Ocultar upload de novo documento de versão"},{"id":null,"key":"CS_ContentList_HideViewDocument","value":"Ocultar visualização de documento"},{"id":null,"key":"CS_ContentList_IncludeTimeInDates","value":"Incluir tempo em propriedades de data"},{"id":null,"key":"CS_ContentList_IncludeTimeInDates_Help","value":"Exibir a parte de tempo de valor de data nas propriedades da coluna."},{"id":null,"key":"CS_ContentList_InitialPageSize","value":"Tamanho da página inicial"},{"id":null,"key":"CS_ContentList_InitialPageSize_Help","value":"O tamanho do conjunto de resultados que é retornado para renderização na lista de conteúdos. O tamanho da página padrão é de 20 itens."},{"id":null,"key":"CS_ContentList_MoreBatchObjects","value":"Obter mais documentos em lote"},{"id":null,"key":"CS_ContentList_MoreDocuments","value":"Obter mais documentos"},{"id":null,"key":"CS_ContentList_MoreFolderContainees","value":"Obter mais contidos de pasta"},{"id":null,"key":"CS_ContentList_MoreSearchREsults","value":"Obter mais resultados da procura"},{"id":null,"key":"CS_ContentList_MoreTextSearchResults","value":"Obter mais resultados da procura de texto"},{"id":null,"key":"CS_ContentList_OnActionMenuOpen","value":"Na abertura do menu Ação"},{"id":null,"key":"CS_ContentList_OnActionMenuOpen_Help","value":"Um evento que é disparado quando o menu Ação está prestes a ser aberto. Passa um objeto de pasta com propriedades."},{"id":null,"key":"CS_ContentList_OnAdd","value":"Incluído no conteúdo"},{"id":null,"key":"CS_ContentList_OnAdd_Help","value":"O evento que será disparado quando um documento ou pasta for incluído. Passa um objeto contentItem."},{"id":null,"key":"CS_ContentList_OnAllRowsSelected","value":"Em todas as linhas selecionadas"},{"id":null,"key":"CS_ContentList_OnAllRowsSelected_Help","value":"Este evento é chamado quando o usuário clica na caixa de seleção Selecionar todos e a lista de conteúdo está no modo Multisseleção. O parâmetro passado \"selected\" indica se todas ou nenhuma das linhas são selecionadas."},{"id":null,"key":"CS_ContentList_OnContextMenuOpen","value":"Aberto no menu de contexto"},{"id":null,"key":"CS_ContentList_OnContextMenuOpen_Help","value":"Um evento que é disparado quando o menu de contexto está prestes a ser aberto. Passa um objeto de conteúdo com propriedades."},{"id":null,"key":"CS_ContentList_OnError","value":"Em erro"},{"id":null,"key":"CS_ContentList_OnError_Help","value":"O evento que é enviado quando ocorre um erro de serviço."},{"id":null,"key":"CS_ContentList_OnFileClicked","value":"No arquivo clicado"},{"id":null,"key":"CS_ContentList_OnFileClicked_Help","value":"O evento que é disparado quando um documento é selecionado na coluna principal. Passa um objeto de documento com propriedades."},{"id":null,"key":"CS_ContentList_OnFilesSelected","value":"Em arquivos selecionados"},{"id":null,"key":"CS_ContentList_OnFilesSelected_Help","value":"Um evento que é disparado quando os arquivos são selecionados no Diálogo de Arquivos"},{"id":null,"key":"CS_ContentList_OnFolderClicked","value":"No clique de uma pasta"},{"id":null,"key":"CS_ContentList_OnFolderClicked_Help","value":"Um evento que é disparado quando uma pasta é selecionada na coluna principal. Passa um objeto de pasta com propriedades."},{"id":null,"key":"CS_ContentList_OnPollResults","value":"Nos resultados da procura"},{"id":null,"key":"CS_ContentList_OnPollResults_Help","value":"Disparado quando um resultado da pesquisa que contém status do documento é recebido."},{"id":null,"key":"CS_ContentList_OnResults","value":"Em resultados carregados"},{"id":null,"key":"CS_ContentList_OnResults_Help","value":"O evento que é enviado quando os resultados retornam de um serviço. Passa uma lista de itens que foram renderizados na lista de conteúdos."},{"id":null,"key":"CS_ContentList_OnRowSelected","value":"Na seleção de linha"},{"id":null,"key":"CS_ContentList_OnRowSelected_Help","value":"O evento que é disparado quando uma linha é selecionada usando um botão de opções ou uma caixa de seleção. Passa o parâmetro adicional: row (row.data.contentItem retém o objeto de pasta ou documento com propriedades)."},{"id":null,"key":"CS_ContentList_Polling_Exit_Values","value":"Pesquisando valores da propriedade de saída"},{"id":null,"key":"CS_ContentList_Polling_Exit_Values_Help","value":"A pesquisa é interrompida quando o valor da propriedade do documento que é retornado da pesquisa é um dos valores configurados."},{"id":null,"key":"CS_ContentList_Polling_Neg_Exit_Values","value":"Pesquisando valores negativos da propriedade de saída"},{"id":null,"key":"CS_ContentList_Polling_Neg_Exit_Values_Help","value":"A pesquisa é interrompida quando o valor da propriedade do documento que é retornado da pesquisa não é um dos valores configurados."},{"id":null,"key":"CS_ContentList_RemoveFromFolder_Help","value":"Exibe uma ação de documento que remove um documento de uma pasta."},{"id":null,"key":"CS_ContentList_RenameFolder","value":"Renomear pasta"},{"id":null,"key":"CS_ContentList_Resources","value":"Recursos"},{"id":null,"key":"CS_ContentList_Resources_Help","value":"Defina para um pacote configurável de recursos externo para extrair os recursos de sequência localizados para os cabeçalhos da coluna e para os rótulos de filtro de lista de propriedades."},{"id":null,"key":"CS_ContentList_RootFolderName","value":"Nome da pasta raiz"},{"id":null,"key":"CS_ContentList_RootFolderName_Help","value":"O nome de exibição da pasta raiz para usar em vez do nome da pasta no repositório do Content Services."},{"id":null,"key":"CS_ContentList_ScopeFolderActions","value":"Scope folder actions"},{"id":null,"key":"CS_ContentList_ScopeFolderActions_Help","value":"Scopes the Add and Move to folder actions to the root folder specified in the Folder configuration settings."},{"id":null,"key":"CS_ContentList_Search","value":"Pesquisar"},{"id":null,"key":"CS_ContentList_SearchFilterProperties","value":"Propriedades do filtro de procura"},{"id":null,"key":"CS_ContentList_SearchFilterProperties_Help","value":"Especifique o conjunto de propriedades que você deseja consultar para preencher a visualização de lista. Os valores da propriedade são combinados com um operador AND no filtro de procura."},{"id":null,"key":"CS_ContentList_SearchFolderId","value":"Pesquisar no ID da pasta"},{"id":null,"key":"CS_ContentList_SearchFolderId_Help","value":"O ID da pasta na qual iniciar a procura. Esta é uma configuração opcional que restringe a procura na pasta especificada. Se ela não for configurada, o armazenamento de objeto inteiro será procurado."},{"id":null,"key":"CS_ContentList_SearchFor","value":"Pesquisar"},{"id":null,"key":"CS_ContentList_SearchFor_Help","value":"Procurar itens de documento ou de pasta."},{"id":null,"key":"CS_ContentList_SearchOnlyFolder","value":"Procurar apenas nessa pasta"},{"id":null,"key":"CS_ContentList_SearchOnlyFolder_Help","value":"Não incluir sub-pastas de procura."},{"id":null,"key":"CS_ContentList_SearchOperator","value":"Operador"},{"id":null,"key":"CS_ContentList_SearchOperator_Help","value":"O operador de consulta que você deseja usar, como Starts with, Ends with, Like, Not like, \\=, <, >, <>, >\\=, <\\= e assim por diante."},{"id":null,"key":"CS_ContentList_SearchProperty","value":"Propriedade de pesquisa"},{"id":null,"key":"CS_ContentList_SearchPropertyCardinality","value":"Cardinalidade de propriedade de procura"},{"id":null,"key":"CS_ContentList_SearchPropertyCardinality_Help","value":"Especifica se a propriedade de procura é única ou de múltiplos valores."},{"id":null,"key":"CS_ContentList_SearchPropertyType","value":"Tipo de propriedade de procura"},{"id":null,"key":"CS_ContentList_SearchPropertyType_Help","value":"O tipo de dados da propriedade de procura especificada."},{"id":null,"key":"CS_ContentList_SearchProperty_Help","value":"O nome da propriedade simbólica da propriedade na qual você deseja procurar."},{"id":null,"key":"CS_ContentList_SearchResults","value":"Obter resultados da procura"},{"id":null,"key":"CS_ContentList_SearchRootName","value":"Nome da procura raiz"},{"id":null,"key":"CS_ContentList_SearchRootName_Help","value":"O nome de exibição da procura raiz a ser usado na trilha de navegação."},{"id":null,"key":"CS_ContentList_SearchTextOptions","value":"Opções de texto"},{"id":null,"key":"CS_ContentList_SearchTextOptions_Help","value":"Configurar a procura para incluir uma consulta de base de conteúdo, além da procura de propriedade especificada."},{"id":null,"key":"CS_ContentList_SearchType","value":"Tipo de pesquisa"},{"id":null,"key":"CS_ContentList_SearchType_Help","value":"Procurar objetos de um tipo particular."},{"id":null,"key":"CS_ContentList_SearchValue","value":"Valor Padrão"},{"id":null,"key":"CS_ContentList_SearchValue_Help","value":"O valor a ser procurado. Se deixado em branco, os usuários poderão inserir um valor para chamar a procura no tempo de execução."},{"id":null,"key":"CS_ContentList_SecondaryProperty","value":"Propriedade secundária do estado"},{"id":null,"key":"CS_ContentList_SecondaryProperty_Help","value":"Selecione uma propriedade para ser usada como uma propriedade de estado secundário customizada."},{"id":null,"key":"CS_ContentList_SelectionMode","value":"Modo de seleção"},{"id":null,"key":"CS_ContentList_SelectionMode_Help","value":"Seleção única, multisseleção ou nenhuma."},{"id":null,"key":"CS_ContentList_Services","value":"Serviços"},{"id":null,"key":"CS_ContentList_ShowAddToFolder","value":"Mostrar inclusão na pasta"},{"id":null,"key":"CS_ContentList_ShowAddToFolder_Help","value":"Exibe uma ação de documento que inclui um documento em uma pasta."},{"id":null,"key":"CS_ContentList_ShowCustomState","value":"Mostrar estado customizado"},{"id":null,"key":"CS_ContentList_ShowCustomState_Help","value":"Selecione esta opção para ativar ou desativar a exibição do ícone de estado customizado."},{"id":null,"key":"CS_ContentList_ShowListAnnotations","value":"Mostrar anotações da lista"},{"id":null,"key":"CS_ContentList_ShowListAnnotations_Help","value":"Exibe a lista de anotações associadas a um documento."},{"id":null,"key":"CS_ContentList_ShowListVersions","value":"Mostrar versões da lista"},{"id":null,"key":"CS_ContentList_ShowListVersions_Help","value":"Exibe o histórico de versões de um documento."},{"id":null,"key":"CS_ContentList_ShowMoveToFolder","value":"Mostrar movimentação para a pasta"},{"id":null,"key":"CS_ContentList_ShowMoveToFolder_Help","value":"Exibe uma ação de documento que move um documento de uma pasta para outra."},{"id":null,"key":"CS_ContentList_ShowRemoveFromFolder","value":"Mostrar remoção da pasta"},{"id":null,"key":"CS_ContentList_SortOrder","value":"Ordenação"},{"id":null,"key":"CS_ContentList_SortOrder_Help","value":"Direção de classificação padrão, crescente ou decrescente."},{"id":null,"key":"CS_ContentList_SortProperty","value":"Classificação na propriedade"},{"id":null,"key":"CS_ContentList_SortProperty_Help","value":"Selecione a propriedade para usar para classificar o conjunto de resultados."},{"id":null,"key":"CS_ContentList_StateProperty","value":"Propriedade State"},{"id":null,"key":"CS_ContentList_StateProperty_Help","value":"Selecione uma propriedade para ser usada como uma propriedade de estado customizada."},{"id":null,"key":"CS_ContentList_Status_Polling_Interval","value":"Intervalo de pesquisa do status"},{"id":null,"key":"CS_ContentList_Status_Polling_Interval_Help","value":"Número de segundos entre solicitações para pesquisar o status de documentos incluídos."},{"id":null,"key":"CS_ContentList_Status_Polling_Property","value":"Pesquisando a propriedade de status"},{"id":null,"key":"CS_ContentList_Status_Polling_Property_Help","value":"Propriedade que é pesquisada para obter o status de documentos incluídos."},{"id":null,"key":"CS_ContentList_Status_Polling_Timeout","value":"Tempo limite de pesquisa por documento"},{"id":null,"key":"CS_ContentList_Status_Polling_Timeout_Help","value":"Número de segundos por documento após o qual a pesquisa é interrompida, caso uma condição de saída não seja atendida."},{"id":null,"key":"CS_ContentList_TableRowHeight","value":"Altura de linha da tabela"},{"id":null,"key":"CS_ContentList_TableRowHeight_Help","value":"Configuração usada para especificar a altura da linha de tabela da lista de conteúdos."},{"id":null,"key":"CS_ContentList_TextSearchResults","value":"Obter resultados da procura de texto"},{"id":null,"key":"CS_ContentList_UpdateProperties","value":"Atualizar propriedades"},{"id":null,"key":"CS_ContentList_ViewMode","value":"Modo de visualização"},{"id":null,"key":"CS_ContentList_ViewMode_Help","value":"Especifica o modo de visualização da Lista de Conteúdo. Se configurado para uma das duas opções, um botão Configurações será incluído na barra de ferramentas."},{"id":null,"key":"CS_ContentList_Width_Help","value":"A largura da janela de visualização da lista de conteúdos."},{"id":null,"key":"CS_ContentLlist_DisableDnDAdd","value":"Desativar a inclusão de arrastar e soltar"},{"id":null,"key":"CS_ContentLlist_Polling_Neg_Exit_Values_Help","value":"A pesquisa é interrompida quando o valor da propriedade do documento que é retornado da pesquisa não é um dos valores configurados."},{"id":null,"key":"CS_ContentViewerHeight_Help","value":"Configura a altura da janela do visualizador. Se não for configurado, o padrão será 480px."},{"id":null,"key":"CS_ContentViewerWidth_Help","value":"Configura a largura da janela do visualizador. Se não for configurado, o padrão será 600px."},{"id":null,"key":"CS_ContentViewer_FitHeight","value":"Ajustar à altura"},{"id":null,"key":"CS_ContentViewer_FitWidth","value":"Ajustar à largura"},{"id":null,"key":"CS_ContentViewer_Height","value":"Altura"},{"id":null,"key":"CS_ContentViewer_OnLoad","value":"No carregamento"},{"id":null,"key":"CS_ContentViewer_Width","value":"Largura"},{"id":null,"key":"CS_ContestList_MaxAddDocs_Help","value":"Especifique o número máximo de documentos que os usuários podem incluir por vez. O máximo padrão é 50, mas é possível definir o máximo até 300."},{"id":null,"key":"CS_DeleteObject_DeleteObject","value":"Excluir objeto"},{"id":null,"key":"CS_DeleteObject_OnDeleteObject","value":"No objeto de exclusão"},{"id":null,"key":"CS_DeleteObject_OnDeleteObjectHelp","value":"Um evento que é disparado depois da exclusão do objeto."},{"id":null,"key":"CS_DepDocPropertiesProperty","value":"Propriedade do documento dependente"},{"id":null,"key":"CS_DepDocPropertiesProperty_Help","value":"O nome simbólico da propriedade de valor de objeto que aponta para o documento contendo valores JSON a serem exibidos."},{"id":null,"key":"CS_DepDocumentProperties_OnError","value":"Em erro"},{"id":null,"key":"CS_DepDocumentProperties_OnError_Help","value":"Um evento que é disparado quando ocorre um erro ao recuperar valores de propriedade."},{"id":null,"key":"CS_DocumentReference_AddDocMode","value":"Incluir modo de documento"},{"id":null,"key":"CS_DocumentReference_AddDocMode_Help","value":"Essa configuração controla o processo de inclusão de documentos. Selecione Nenhum para não ter o suporte de inclusão, Não incluir nenhuma IU para não exibir nenhuma interface com o usuário e Incluir com propriedades para exibir a caixa de diálogo Incluir documento."},{"id":null,"key":"CS_DocumentReference_AllowsActions","value":"Permite ações"},{"id":null,"key":"CS_DocumentReference_AllowsActions_Help","value":"Ativa o menu suspenso de contexto das ações de gerenciamento de conteúdo no componente de visualização."},{"id":null,"key":"CS_DocumentReference_AllowsRemoveDoc","value":"Permite limpar o documento"},{"id":null,"key":"CS_DocumentReference_AllowsRemoveDoc_Help","value":"Ativa a ação de limpeza de documento no componente da visualização. Esta ação apenas limpa o documento da visualização, mas não o exclui do repositório."},{"id":null,"key":"CS_DocumentReference_DocumentId","value":"ID do documento"},{"id":null,"key":"CS_DocumentReference_DocumentId_Help","value":"O ID do documento que você gostaria de carregar nesta visualização."},{"id":null,"key":"CS_DocumentReference_EnableTitleAction","value":"Ativar a ação de menu de clicar título"},{"id":null,"key":"CS_DocumentReference_EnableTitleAction_Help","value":"Possibilita que o texto do título do documento seja clicável e execute a primeira ação listada no menu de contexto."},{"id":null,"key":"CS_DocumentReference_EnableTitleEvent","value":"Ativar evento de clique do título"},{"id":null,"key":"CS_DocumentReference_EnableTitleEvent_Help","value":"Possibilita que o texto do título do documento seja clicável e dispara um evento de clique ao transmitir um parâmetro de evento contentItem."},{"id":null,"key":"CS_DocumentReference_HelperText","value":"Texto auxiliar"},{"id":null,"key":"CS_DocumentReference_HelperText_Help","value":"Texto auxiliar exibido abaixo do campo de entrada."},{"id":null,"key":"CS_DocumentReference_HintText","value":"Texto de sugestão"},{"id":null,"key":"CS_DocumentReference_HintText_Help","value":"Texto de sugestão a ser exibido no campo quando nenhum documento for especificado."},{"id":null,"key":"CS_DocumentReference_OnClear","value":"Na limpeza"},{"id":null,"key":"CS_DocumentReference_OnClear_Help","value":"Um evento que é disparado quando o usuário chama a ação de limpeza."},{"id":null,"key":"CS_DocumentReference_OnClick","value":"Ao clicar"},{"id":null,"key":"CS_DocumentReference_OnClick_Help","value":"Um evento que é disparado quando o título do documento foi clicado."},{"id":null,"key":"CS_DocumentReference_ViewMode","value":"Modo de visualização"},{"id":null,"key":"CS_DocumentReference_ViewMode_Help","value":"Configure como Normal para ver o título e o tipo MIME do documento ou configure como Miniatura para ver o título e a miniatura do documento."},{"id":null,"key":"CS_DocumentViewer_Features","value":"Recursos"},{"id":null,"key":"CS_DocumentViewer_IcnRepository","value":"Repositório do Navigator"},{"id":null,"key":"CS_DocumentViewer_IcnRepository_Help","value":"Nome do repositório do Navigator a ser usado ao abrir a URL do marcador para visualizar o documento. Necessário se a sua área de trabalho do Navigator tiver mais de um repositório designado."},{"id":null,"key":"CS_DocumentViewer_ShowBanner","value":"Mostrar banner"},{"id":null,"key":"CS_DocumentViewer_ShowBanner_Help","value":"Ative esta configuração para mostrar a barra do banner acima da janela do visualizador."},{"id":null,"key":"CS_DocumentViewer_ShowTitleBar","value":"Mostrar barra de título"},{"id":null,"key":"CS_DocumentViewer_ShowTitleBar_Help","value":"Ative esta configuração para mostrar a barra de título acima da janela do visualizador."},{"id":null,"key":"CS_DocumentViewer_Viewer","value":"Visualizador"},{"id":null,"key":"CS_Document_Classes","value":"Classes de Documento"},{"id":null,"key":"CS_Document_Classes_Help","value":"Um conjunto das classes de documento que são exibidas ao incluir novos documentos. Quando não configurado, as classes de documento são recuperadas por meio do servidor. Os nomes inseridos aqui são exibidos para o usuário e os valores correspondem ao nome simbólico de cada classe de documento."},{"id":null,"key":"CS_Done","value":"Concluído"},{"id":null,"key":"CS_Event_OnLoad","value":"Na visualização carregada"},{"id":null,"key":"CS_Event_OnLoad_Help","value":"Um evento que é disparado quando o carregamento da visualização foi concluído."},{"id":null,"key":"CS_ExportClassificationDataOnError","value":"Em caso de erro"},{"id":null,"key":"CS_ExportClassificationDataOnError_Help","value":"Um evento que é disparado quando um erro ocorre ao fazer download de dados de classificação."},{"id":null,"key":"CS_ExportClassificationDataOnSuccess","value":"No sucesso"},{"id":null,"key":"CS_ExportClassificationDataOnSuccess_Help","value":"Um evento que é disparado quando os dados de classificação são transferidos por download com sucesso."},{"id":null,"key":"CS_ExportProcessingData_DownloadTables","value":"Download de dados da tabela (vários arquivos serão baixados)"},{"id":null,"key":"CS_ExportProcessingData_ExportButton","value":"Exportar dados"},{"id":null,"key":"CS_ExportProcessingData_FileName","value":"Nome do ficheiro"},{"id":null,"key":"CS_ExportProcessingData_GetAnnotations","value":"Obter anotações de processamento de documento"},{"id":null,"key":"CS_ExportProcessingData_Help","value":"Forneça um nome ao arquivo e selecione um tipo de arquivo para exportação."},{"id":null,"key":"CS_ExportProcessingData_LearnMoreLink","value":"Link Saiba mais"},{"id":null,"key":"CS_ExportProcessingData_LearnMoreLinkHelp","value":"Endereço da web que aponta para ajudar a exportar tabelas em formato CSV."},{"id":null,"key":"CS_ExportProcessingData_OnExportStart","value":"No início da exportação"},{"id":null,"key":"CS_ExportProcessingData_OnExportStart_Help","value":"Disparado quando o usuário clica no botão Exportar dados no diálogo e a exportação começa."},{"id":null,"key":"CS_FileDocument_OnFile","value":"No arquivo"},{"id":null,"key":"CS_FileDocument_OnFile_Help","value":"Um evento é acionado quando um documento for arquivado em uma pasta."},{"id":null,"key":"CS_FileDocument_Service","value":"Arquivar documento"},{"id":null,"key":"CS_FileDropZone_AcceptFileTypes","value":"Tipos de arquivo aceitos"},{"id":null,"key":"CS_FileDropZone_AcceptFileTypes_Help","value":"Especifique os tipos de arquivo que a área de lançamento de arquivo aceitará. Os tipos de arquivos devem ser especificados como sequências de extensão de ponto de arquivo."},{"id":null,"key":"CS_FileDropZone_DetailMessage","value":"Mensagem detalhada"},{"id":null,"key":"CS_FileDropZone_DetailMessage_Help","value":"Sequência de mensagem exibida acima da área de lançamento de arquivo."},{"id":null,"key":"CS_FileDropZone_DocumentType","value":"Tipo de documento"},{"id":null,"key":"CS_FileDropZone_DocumentType_Help","value":"Tipo de documento a ser usado ao incluir documentos. Se não for configurado, o tipo de Documento padrão será usado."},{"id":null,"key":"CS_FileDropZone_FolderId_Help","value":"ID da pasta na qual os documentos serão incluídos. Se não for especificado, os documentos serão desarquivados."},{"id":null,"key":"CS_FileDropZone_Height_Help","value":"A altura da área de lançamento de arquivo."},{"id":null,"key":"CS_FileDropZone_MaxAddDoc","value":"Número máximo de documentos a serem incluídos"},{"id":null,"key":"CS_FileDropZone_MaxAddDoc_Help","value":"Especifique o número máximo de documentos que os usuários podem incluir por vez. O máximo padrão é 50."},{"id":null,"key":"CS_FileDropZone_MaxDocumentSize","value":"Tamanho máximo do documento"},{"id":null,"key":"CS_FileDropZone_MaxDocumentSize_Help","value":"O tamanho máximo do documento em KB que pode ser incluído. O tamanho de 0 é ilimitado."},{"id":null,"key":"CS_FileDropZone_Width_Help","value":"A largura da área de lançamento de arquivo."},{"id":null,"key":"CS_Folder_Classes","value":"Classes de pastas"},{"id":null,"key":"CS_Folder_Classes_Help","value":"Um conjunto das classes de pastas que são exibidas ao incluir novas pastas. Quando não configuradas, as classes de pastas são recuperadas por meio do servidor. Os nomes inseridos aqui são exibidos para o usuário e os valores correspondem aos nomes simbólicos de cada classe de pastas."},{"id":null,"key":"CS_GetContent_GetAnnotation","value":"Obter anotação"},{"id":null,"key":"CS_GetContent_GetAppResourceInfo","value":"Obter informações do recurso de aplicativo"},{"id":null,"key":"CS_GetContent_GetClassAccess","value":"Obter acesso de classe"},{"id":null,"key":"CS_GetContent_GetVersionSeries","value":"Obter série da versão"},{"id":null,"key":"CS_GetContent_OnContentReceived","value":"Recebido no conteúdo"},{"id":null,"key":"CS_GetContent_OnContentReceived_Help","value":"Um evento que é disparado quando o conteúdo do documento é retornado na resposta."},{"id":null,"key":"CS_GetContent_OnGetClassAccess","value":"Ao obter acesso de classe"},{"id":null,"key":"CS_GetContent_OnGetClassAccess_Help","value":"Um evento que é disparado quando a resposta de obtenção de acesso de classe é retornada."},{"id":null,"key":"CS_GetContent_OnPropertiesUpdated","value":"Nas propriedades atualizadas"},{"id":null,"key":"CS_GetContent_OnPropertiesUpdated_Help","value":"Um evento que é disparado quando as propriedades são recuperadas e atualizadas no objeto de item de conteúdo."},{"id":null,"key":"CS_Height","value":"Altura"},{"id":null,"key":"CS_Hide_Time_Picker","value":"Ocultar selecionador de horário ao editar valores de data e hora"},{"id":null,"key":"CS_Hide_Time_Picker_Help","value":"Quando configurado, oculta a interface para editar a parte do horário dos valores de data e hora."},{"id":null,"key":"CS_ListAnnotations_Annotations","value":"Anotações"},{"id":null,"key":"CS_ListAnnotations_GetAnnotations","value":"Obter anotações"},{"id":null,"key":"CS_ListAnnotations_OnDone","value":"Na conclusão"},{"id":null,"key":"CS_ListAnnotations_OnDone_Help","value":"Um evento que é disparado quando o diálogo de anotações da lista é fechado."},{"id":null,"key":"CS_ListVersions_GetVersions","value":"Obter versões"},{"id":null,"key":"CS_ListVersions_Versions","value":"Versões"},{"id":null,"key":"CS_Modal_OnCancel","value":"Mediante cancelamento"},{"id":null,"key":"CS_Modal_OnCancel_Help","value":"Um evento que é disparado quando o usuário cancela uma visualização modal."},{"id":null,"key":"CS_Move","value":"Mover"},{"id":null,"key":"CS_MoveDocument","value":"Mover documento"},{"id":null,"key":"CS_MoveDocument_GetFolderRcr","value":"Obter rcrs da pasta"},{"id":null,"key":"CS_MoveDocument_MoveFrom","value":"Mover de"},{"id":null,"key":"CS_MoveDocument_OnMove","value":"Na movimentação"},{"id":null,"key":"CS_MoveDocument_OnMove_Help","value":"Um evento disparado quando um documento é movido para uma pasta."},{"id":null,"key":"CS_MoveToFolder","value":"Mover para a pasta"},{"id":null,"key":"CS_MoveToFolder_Desc","value":"É possível mover documentos de uma pasta para outra."},{"id":null,"key":"CS_OK","value":"OK"},{"id":null,"key":"CS_ObjectStoreName","value":"Nome do Repositório"},{"id":null,"key":"CS_ObjectStoreName_Help","value":"Nome do armazenamento de objeto no Administration Console for Content Platform Engine para o Content Platform Engine."},{"id":null,"key":"CS_On_Class_Selected","value":"Na classe selecionada"},{"id":null,"key":"CS_On_Class_Selected_Help","value":"O evento que é disparado quando o usuário seleciona uma classe."},{"id":null,"key":"CS_ProgressIndicator_OnClose","value":"No fechamento"},{"id":null,"key":"CS_ProgressIndicator_OnClose_Help","value":"Disparado quando o indicador de progresso está fechado."},{"id":null,"key":"CS_ProgressIndicator_OnFileRemoved","value":"No arquivo removido"},{"id":null,"key":"CS_ProgressIndicator_OnFileRemoved_Help","value":"Disparado quando um arquivo pendente é removido do indicador de progresso"},{"id":null,"key":"CS_PropertyList_Display_Edit","value":"Exibir botões para edição dos valores da propriedade"},{"id":null,"key":"CS_PropertyList_Display_Edit_Help","value":"Exibir botões em uma barra de ferramentas que permitem que os usuários editem valores de propriedade."},{"id":null,"key":"CS_PropertyPoller_OnError","value":"Em erro"},{"id":null,"key":"CS_PropertyPoller_OnError_Help","value":"Disparado quando um erro ocorre ao pesquisar uma propriedade."},{"id":null,"key":"CS_PropertyPoller_OnResults","value":"Nos resultados"},{"id":null,"key":"CS_PropertyPoller_OnResults_Help","value":"Disparado quando os resultados são recebidos de uma solicitação de pesquisa."},{"id":null,"key":"CS_PropertyPoller_OnStatus","value":"Informações sobre propriedade retornadas"},{"id":null,"key":"CS_PropertyPoller_OnStatus_Help","value":"Disparado quando os dados são retornados da pesquisa do servidor para informações de propriedade."},{"id":null,"key":"CS_Query_ExecuteOnChange","value":"Executar procura na mudança"},{"id":null,"key":"CS_Query_ExecuteOnChange_Help","value":"Executa a procura configurada quando o evento de mudança de visualização ocorre no componente."},{"id":null,"key":"CS_Query_ExecuteOnView","value":"Executar procura na visualização"},{"id":null,"key":"CS_Query_ExecuteOnView_Help","value":"Executa a procura configurada quando o evento de visualização de coach ocorre no componente."},{"id":null,"key":"CS_Query_MaxResults","value":"Resultados máximos"},{"id":null,"key":"CS_Query_MaxResults_Help","value":"O número máximo de resultados a serem retornados da consulta."},{"id":null,"key":"CS_Query_OnError","value":"Em erro"},{"id":null,"key":"CS_Query_OnError_Help","value":"Disparado quando ocorre um erro."},{"id":null,"key":"CS_Query_OnSearchResults","value":"Nos resultados da procura"},{"id":null,"key":"CS_Query_OnSearchResults_Help","value":"Disparado quando os resultados da procura são retornados do servidor."},{"id":null,"key":"CS_Query_ResultProperties","value":"Propriedades de resultado"},{"id":null,"key":"CS_Query_ResultProperties_Help","value":"Nomes simbólicos de propriedades retornados nos resultados da procura."},{"id":null,"key":"CS_Query_SearchValue","value":"Valores de procura"},{"id":null,"key":"CS_Query_SearchValue_Help","value":"Os valores a serem procurados."},{"id":null,"key":"CS_Remove","value":"Remover"},{"id":null,"key":"CS_RemoveFromFolder","value":"Remover da pasta"},{"id":null,"key":"CS_RemoveFromFolder_Desc","value":"É possível remover documentos de pastas. No entanto, remover um documento de todas as pastas não o remove do repositório. Ainda é possível recuperar o documento executando uma procura.  Somente as pastas para as quais você tem privilégios de visualização são mostradas na lista. "},{"id":null,"key":"CS_RemoveFromFolder_FilterHint","value":"Filtrar lista"},{"id":null,"key":"CS_RemoveFromFolder_UnfileDocument","value":"Desarquivar documento"},{"id":null,"key":"CS_Repository","value":"Repository"},{"id":null,"key":"CS_RepositoryId","value":"ID do Repositório"},{"id":null,"key":"CS_RepositoryId_Help","value":"O ID do repositório do IBM Navigator. Esse valor é usado pelo visualizador de documento."},{"id":null,"key":"CS_Save","value":"Salvar"},{"id":null,"key":"CS_SearchOperator_OnChange","value":"No operador de mudança"},{"id":null,"key":"CS_SearchProperty_AddBlankSelection","value":"Incluir seleção em branco"},{"id":null,"key":"CS_SearchProperty_AddBlankSelection_Help","value":"Inclua uma seleção em branco na lista de propriedades."},{"id":null,"key":"CS_SearchProperty_IncludeHidden","value":"Incluir oculto"},{"id":null,"key":"CS_SearchProperty_IncludeHidden_Help","value":"Inclua as propriedades ocultas na lista de seleção."},{"id":null,"key":"CS_SearchProperty_IsSearchable","value":"É pesquisável"},{"id":null,"key":"CS_SearchProperty_IsSearchable_Help","value":"Inclua somente propriedades que possam ser procuradas."},{"id":null,"key":"CS_SearchProperty_OnChangeProperty","value":"Propriedade na mudança"},{"id":null,"key":"CS_SearchProperty_OnChangeProperty_Help","value":"Um evento disparado quando a propriedade selecionada é mudada."},{"id":null,"key":"CS_SearchProperty_OnResult","value":"Nos resultados"},{"id":null,"key":"CS_SearchProperty_OnResult_Help","value":"Um evento disparado quando o carregamento da lista de seleção de propriedades é concluído."},{"id":null,"key":"CS_SearchProperty_SearchFor","value":"Pesquisar"},{"id":null,"key":"CS_SearchProperty_SearchFor_Help","value":"Os tipos de objeto a serem procurados; Documento ou Pasta."},{"id":null,"key":"CS_SelectFiles","value":"Selecione arquivos"},{"id":null,"key":"CS_SelectObject_DateValue","value":"Valor de data"},{"id":null,"key":"CS_SelectObject_DecimalValue","value":"Valor decimal"},{"id":null,"key":"CS_SelectObject_Desc","value":"Selecione um objeto da lista."},{"id":null,"key":"CS_SelectObject_DisplayMode","value":"Modo de exibição"},{"id":null,"key":"CS_SelectObject_DisplayMode_Help","value":"Modo de exibição a ser usado ao preencher a lista de conteúdos."},{"id":null,"key":"CS_SelectObject_IntegerValue","value":"Valor de número inteiro"},{"id":null,"key":"CS_SelectObject_OnChange","value":"Na mudança"},{"id":null,"key":"CS_SelectObject_OnSelect","value":"Na seleção"},{"id":null,"key":"CS_SelectObject_OnSelect_Help","value":"Um evento disparado quando um objeto é selecionado no diálogo."},{"id":null,"key":"CS_SelectObject_Search","value":"Procura"},{"id":null,"key":"CS_SelectObject_SearchOperator","value":"Operador"},{"id":null,"key":"CS_SelectObject_SearchProperty","value":"Propriedade de pesquisa"},{"id":null,"key":"CS_SelectObject_SearchValue","value":"Valor"},{"id":null,"key":"CS_SelectObject_Select","value":"Selecionar"},{"id":null,"key":"CS_SelectObject_SelectObject","value":"Selecionar objeto"},{"id":null,"key":"CS_SelectObject_SelectObjectType","value":"Selecionar tipo de objeto"},{"id":null,"key":"CS_SelectObject_SelectObjectType_Help","value":"Tipo de objeto para permitir seleção; Documento ou Pasta."},{"id":null,"key":"CS_SelectObject_SelectValue","value":"Selecionar valor"},{"id":null,"key":"CS_SelectObject_StringValue","value":"Valor de sequência"},{"id":null,"key":"CS_SetDocClass_AddButton","value":"Incluir"},{"id":null,"key":"CS_SetDocClass_AutoClassifyButton","value":"Classificar automaticamente"},{"id":null,"key":"CS_SetDocClass_ClassifyButton","value":"Classificar"},{"id":null,"key":"CS_SetDocClass_Description","value":"Para especificar o tipo de documento manualmente, primeiro selecione os arquivos na tabela. Utilize a opção classificar para designar o tipo de documento para os arquivos selecionados. Se um arquivo não for classificado manualmente, o sistema irá classificá-lo automaticamente."},{"id":null,"key":"CS_SetDocClass_DeselectButton","value":"Desmarcar"},{"id":null,"key":"CS_SetDocClass_Filter_Placeholder","value":"Lista de filtros"},{"id":null,"key":"CS_SetDocClass_Modal_Heading","value":"Incluir arquivos"},{"id":null,"key":"CS_SummaryCard_Details","value":"Detalhes"},{"id":null,"key":"CS_SummaryCard_Details_Help","value":"Exibido na seção de detalhes do cartão de resumo."},{"id":null,"key":"CS_SummaryCard_DisplayHelpIcon","value":"Exibir ícone de ajuda"},{"id":null,"key":"CS_SummaryCard_DisplayHelpIcon_Help","value":"Quando marcado, exibe um ícone de ajuda no cartão."},{"id":null,"key":"CS_SummaryCard_HelpLearnMoreUrl","value":"URL de Saiba mais da Ajuda"},{"id":null,"key":"CS_SummaryCard_HelpLearnMoreUrl_Help","value":"Um link para as informações de Saiba mais. Quando configurado, um botão é exibido na dica de ferramenta de ajuda que, quando clicada, exibe a página especificada no link."},{"id":null,"key":"CS_SummaryCard_HelpText","value":"Texto de ajuda"},{"id":null,"key":"CS_SummaryCard_HelpText_Help","value":"Um ID de mensagem ou texto que é exibido em uma dica de ferramentas quando o usuário clica no ícone de ajuda."},{"id":null,"key":"CS_SummaryCard_OnClick","value":"Ao clicar"},{"id":null,"key":"CS_SummaryCard_OnClick_Help","value":"Disparado quando o cartão de resumo é clicado."},{"id":null,"key":"CS_SummaryCard_Title","value":"Cargo"},{"id":null,"key":"CS_SummaryCard_Title_Help","value":"Exibido como o título do cartão de resumo."},{"id":null,"key":"CS_Upload","value":"Fazer Upload"},{"id":null,"key":"CS_UploadContent_GetClassDetails","value":"Obter detalhes da classe"},{"id":null,"key":"CS_UploadContent_MaxUploads","value":"Número máximo de uploads simultâneos"},{"id":null,"key":"CS_UploadContent_MaxUploads_Help","value":"O número máximo de uploads que serão executados simultaneamente."},{"id":null,"key":"CS_UploadContent_OnContentAdded","value":"Incluído no conteúdo"},{"id":null,"key":"CS_UploadContent_OnContentAdded_Help","value":"Um evento que é disparado quando o conteúdo é transferido por upload com sucesso."},{"id":null,"key":"CS_UploadContent_OnError","value":"Em erro"},{"id":null,"key":"CS_UploadContent_OnError_Help","value":"Um evento que é disparado quando um erro ocorre ao fazer upload de conteúdo."},{"id":null,"key":"CS_UploadVersion_OnUploadVersion","value":"Na versão de upload"},{"id":null,"key":"CS_UploadVersion_OnUploadVersionHelp","value":"Um evento que é disparado depois do upload de uma nova versão do documento."},{"id":null,"key":"CS_Width","value":"Largura"},{"id":null,"key":"pathName","value":"Nome do caminho"}]}