{"WorkplaceConfig.walkme.enable":{"values":{"d":"false"},"type":"general"},"WorkplaceConfig.walkme.url":{"values":{"d":""},"type":"general"},"WorkplaceConfig.taskFilterService.showToggle":{"values":{"d":"true"},"type":"general"},"idTokenSupport":{"values":{"d":"WORKFLOW,PFS,WNS"},"type":"general"},"PFS":{"values":{"d":"{\"domainSegment\":\"IBM_PFS\",\"key\":\"PFS_SYSTEM\",\"authentication\":{\"declaredType\":\"com.ibm.bpmsdk.model.bpmn20.ibmextservice.TBasicServiceAuthentication\",\"authType\":\"OIDC\"}}"},"type":"REGISTRY_LOOKUP"},"WNS":{"values":{"d":"{\"domainSegment\":\"IBM_WNS\",\"key\":\"WNS_SYSTEM\",\"authentication\":{\"declaredType\":\"com.ibm.bpmsdk.model.bpmn20.ibmextservice.TBasicServiceAuthentication\",\"authType\":\"OIDC\"}}"},"type":"REGISTRY_LOOKUP"},"WorkplaceConfig.taskFilterService.alwaysRun":{"values":{"d":"false"},"type":"general"},"WORKFLOW":{"values":{"d":"{\"domainSegment\":\"IBM_WORKFLOW\",\"key\":\"WORKFLOW_SYSTEM\",\"authentication\":{\"declaredType\":\"com.ibm.bpmsdk.model.bpmn20.ibmextservice.TBasicServiceAuthentication\",\"authType\":\"OIDC\"}}"},"type":"REGISTRY_LOOKUP"}}