{"data":{"metadata":{"paId":"2066.69f40bb1-b620-4aee-a3b4-bdd941876b94","paShortName":"COTK","snapshotId":"2064.7d316533-571c-4dab-be11-3e6850e03fa7","snapshotName":"v0.2.0","name":"Client Onboarding Toolkit"},"defaults":{"entry":[{"type":"S","value":""},{"type":"B","value":false},{"type":"I","value":0},{"type":"D","value":0.0},{"type":"DT","value":null},{"type":"DT","value":null}]},"templates":{"variableTemplates":[{"modelId":"1.35923ac7-c12f-47ed-8070-717c7b99287c","parentId":"1.35923ac7-c12f-47ed-8070-717c7b99287c","variableTemplate":[{"id":"2055.c788fe0f-90c1-4cfd-8fcf-e8a64ff5453c","name":"data","boTemplateName":"A"},{"id":"2055.26d96160-9044-41f0-9d56-c9331d8bfe59","name":"results","boTemplateName":"A"}]}],"boTemplate":[]},"model":{"rootElement":[{"extensionElements":{"userTaskImplementation":[{"flowElement":[{"parallelMultiple":false,"outgoing":["2027.323fc124-f78e-4419-83c1-76ff0b39edf2"],"isInterrupting":true,"extensionElements":{"nodeVisualInfo":[{"color":"#F8F8F8","width":24,"x":50,"y":200,"declaredType":"TNodeVisualInfo","height":24}]},"name":"Start","declaredType":"startEvent","id":"d3529cb1-b5da-48d5-bda1-17d2bad1f2b4"},{"incoming":["2027.f0642d3d-4e33-487c-b62a-920b399390de"],"extensionElements":{"nodeVisualInfo":[{"color":"#F8F8F8","width":24,"x":700,"y":200,"declaredType":"TNodeVisualInfo","height":24}],"navigationInstructions":[{"targetType":"Default","declaredType":"com.ibm.bpmsdk.model.bpmn20.ibmext.TNavigationInstructions"}]},"name":"End","declaredType":"endEvent","id":"857d5d3b-2855-494f-a9ef-9aed25ca814d"},{"targetRef":"2025.4e630438-b2b4-44f4-a938-bdbdad6665f9","extensionElements":{"linkVisualInfo":[{"sourcePortLocation":"rightCenter","showCoachControlLabel":false,"labelPosition":0.0,"targetPortLocation":"leftCenter","declaredType":"TLinkVisualInfo","saveExecutionContext":false,"showLabel":false}]},"name":"To Get Services","declaredType":"sequenceFlow","id":"2027.323fc124-f78e-4419-83c1-76ff0b39edf2","sourceRef":"d3529cb1-b5da-48d5-bda1-17d2bad1f2b4"},{"startQuantity":1,"outgoing":["2027.f0642d3d-4e33-487c-b62a-920b399390de"],"incoming":["2027.323fc124-f78e-4419-83c1-76ff0b39edf2"],"default":"2027.f0642d3d-4e33-487c-b62a-920b399390de","extensionElements":{"nodeVisualInfo":[{"width":95,"x":294,"y":177,"declaredType":"TNodeVisualInfo","height":70}]},"name":"Get Services","isForCompensation":false,"completionQuantity":1,"declaredType":"scriptTask","id":"2025.4e630438-b2b4-44f4-a938-bdbdad6665f9","scriptFormat":"text/x-javascript","script":{"content":["//  This code uses the server-side Node.js JavaScript syntax. For example,\n//\t      - To instantiate a complex object:\t\t\t\t\t- To instantiate a list:\n//\t\t\t\ttw.local.customer = {};\t\t\t\t\t\t\t\ttw.local.addresses = [];\n//\t\t\t\ttw.local.customer.name = \"Jane\";\t\t\t\ttw.local.addresses[0] = {};\ntw.local.results = [];\n\nif(!!tw.local.data && tw.local.data != \"\") {\n\ttw.local.results[0] = {};\n\ttw.local.results[1] = {};\n\ttw.local.results[2] = {};\n\ttw.local.results[3] = {};\n\t\n\tif(tw.local.data == \"Federal\") {\n\t\ttw.local.results[0].name = \"Education Funding\";\n\t\ttw.local.results[1].name = \"Green Technology Equipment\";\n\t\ttw.local.results[2].name = \"Infrastructure Consultation\";\n\t\ttw.local.results[3].name = \"Transport Security\";\n\t} else if(tw.local.data == \"Finance\") {\n\t\ttw.local.results[0].name = \"Corporate Credit Card\";\n\t\ttw.local.results[1].name = \"External Audit\";\n\t\ttw.local.results[2].name = \"Tax Consultation\";\n\t\ttw.local.results[3].name = \"Fraud Protection\";\n\t} else if(tw.local.data == \"Healthcare\") {\n\t\ttw.local.results[0].name = \"Employee Benefits Plan\";\n\t\ttw.local.results[1].name = \"Mental Health Care\";\n\t\ttw.local.results[2].name = \"Onsite Medical Testing\";\n\t\ttw.local.results[3].name = \"Virtual Medical Assistance\";\n\t} else if(tw.local.data == \"Insurance\") {\n\t\ttw.local.results[0].name = \"Loan Insurance\";\n\t\ttw.local.results[1].name = \"Medical Insurance\";\n\t\ttw.local.results[2].name = \"Merchandise Insurance\";\n\t\ttw.local.results[3].name = \"Warehouse Insurance\";\n\t} else if(tw.local.data == \"Telecom\") {\n\t\ttw.local.results[0].name = \"Business Devices\";\n\t\ttw.local.results[1].name = \"Communication Equipment\";\n\t\ttw.local.results[2].name = \"Fibre Internet\";\n\t\ttw.local.results[3].name = \"Tieline Solution\";\n\t}\n\t\n\ttw.local.results[0].value = tw.local.results[0].name;\n\ttw.local.results[1].value = tw.local.results[1].name;\n\ttw.local.results[2].value = tw.local.results[2].name;\n\ttw.local.results[3].value = tw.local.results[3].name;\n} else {\n\ttw.local.results[0] = {};\n\ttw.local.results[0].name = \"Please select the industry first.\";\n\ttw.local.results[0].value = \"Please select the industry first.\";\n}"]}},{"targetRef":"857d5d3b-2855-494f-a9ef-9aed25ca814d","extensionElements":{"sequenceFlowImplementation":[{"fireValidation":"Never","sboSyncEnabled":true,"declaredType":"com.ibm.bpmsdk.model.bpmn20.ibmext.TSequenceFlowImplementation"}],"linkVisualInfo":[{"sourcePortLocation":"rightCenter","showCoachControlLabel":false,"labelPosition":0.0,"targetPortLocation":"leftCenter","declaredType":"TLinkVisualInfo","saveExecutionContext":true,"showLabel":false}]},"name":"Start to End","declaredType":"sequenceFlow","id":"2027.f0642d3d-4e33-487c-b62a-920b399390de","sourceRef":"2025.4e630438-b2b4-44f4-a938-bdbdad6665f9"}],"isClosed":false,"declaredType":"com.ibm.bpmsdk.model.bpmn20.ibmext.TUserTaskImplementation","id":"f20d412a-d5d3-43f5-a4c3-14fb32b0b6fd","processType":"None"}]},"implementation":"##unspecified","documentation":[{"textFormat":"text/plain"}],"name":"Get Services by Industry","declaredType":"globalUserTask","id":"1.35923ac7-c12f-47ed-8070-717c7b99287c","ioSpecification":{"dataOutput":[{"itemSubjectRef":"itm.12.c09c9b6e-aabd-4897-bef2-ed61db106297","name":"results","isCollection":true,"id":"2055.26d96160-9044-41f0-9d56-c9331d8bfe59"}],"inputSet":[{}],"outputSet":[{}],"dataInput":[{"itemSubjectRef":"itm.12.c09c9b6e-aabd-4897-bef2-ed61db106297","name":"data","isCollection":false,"id":"2055.c788fe0f-90c1-4cfd-8fcf-e8a64ff5453c"}]}}],"targetNamespace":"","typeLanguage":"http://www.w3.org/2001/XMLSchema","expressionLanguage":"http://www.ibm.com/xmlns/prod/bpm/expression-lang/javascript","id":"1.35923ac7-c12f-47ed-8070-717c7b99287c"}},"status":"200"}