<?xml version="1.0" encoding="UTF-8"?>
<teamworks>
    <process id="1.f6fcf143-357b-3864-a48b-856e0c52b516" name="Default Autocompletion Service">
        <lastModified>1683203036789</lastModified>
        <lastModifiedBy>BAS-qoWcdzQU</lastModifiedBy>
        <tenantId isNull="true" />
        <processId>1.f6fcf143-357b-3864-a48b-856e0c52b516</processId>
        <image isNull="true" />
        <tabGroup isNull="true" />
        <startingProcessItemId>2025.678fbd00-2803-3517-829e-60d5986db386</startingProcessItemId>
        <isRootProcess>false</isRootProcess>
        <processType>2</processType>
        <isErrorHandlerEnabled>false</isErrorHandlerEnabled>
        <errorHandlerItemId isNull="true" />
        <isLoggingVariables>false</isLoggingVariables>
        <isTransactional>false</isTransactional>
        <processTimingLevel isNull="true" />
        <participantRef isNull="true" />
        <exposedType isNull="true" />
        <isTrackingEnabled>true</isTrackingEnabled>
        <xmlData isNull="true" />
        <cachingType>false</cachingType>
        <itemLabel isNull="true" />
        <cacheLength>43200</cacheLength>
        <mobileReady>false</mobileReady>
        <sboSyncEnabled>false</sboSyncEnabled>
        <externalId isNull="true" />
        <isSecured>false</isSecured>
        <isAjaxExposed>false</isAjaxExposed>
        <isInvokedAsynchronously>false</isInvokedAsynchronously>
        <description isNull="true" />
        <guid>guid:0000000f6fcf1433:57b3864a:48b856e0c52:-b516</guid>
        <versionId>15d2e2ae-c9e6-3359-a1ec-2f779ed13465</versionId>
        <dependencySummary isNull="true" />
        <jsonData isNull="true" />
        <field1 isNull="true" />
        <field2 isNull="true" />
        <field3>0</field3>
        <field4 isNull="true" />
        <field5>false</field5>
        <clobField1 isNull="true" />
        <blobField1 isNull="true" />
        <processParameter name="text">
            <lastModified isNull="true" />
            <lastModifiedBy isNull="true" />
            <tenantId isNull="true" />
            <processParameterId>2055.e77fd63e-8569-367f-8e96-4517dca5d41a</processParameterId>
            <processId>1.f6fcf143-357b-3864-a48b-856e0c52b516</processId>
            <parameterType>1</parameterType>
            <isArrayOf>false</isArrayOf>
            <classId>c6353c54-3d3a-41ac-8ca7-4d0469d35681/12.db884a3c-c533-44b7-bb2d-47bec8ad4022</classId>
            <seq>1</seq>
            <hasDefault>false</hasDefault>
            <defaultValue isNull="true" />
            <isLocked>false</isLocked>
            <description isNull="true" />
            <guid>guid:0000000e77fd63e8:569367f8:e964517dca5:-d41a</guid>
            <versionId>0a90180e-d8c8-44f5-b2e0-bee1119172b7</versionId>
        </processParameter>
        <processParameter name="results">
            <lastModified isNull="true" />
            <lastModifiedBy isNull="true" />
            <tenantId isNull="true" />
            <processParameterId>2055.937adb8b-3213-35c3-857d-8be68ce66e5d</processParameterId>
            <processId>1.f6fcf143-357b-3864-a48b-856e0c52b516</processId>
            <parameterType>2</parameterType>
            <isArrayOf>true</isArrayOf>
            <classId>c6353c54-3d3a-41ac-8ca7-4d0469d35681/12.db884a3c-c533-44b7-bb2d-47bec8ad4022</classId>
            <seq>2</seq>
            <hasDefault>false</hasDefault>
            <defaultValue isNull="true" />
            <isLocked>false</isLocked>
            <description isNull="true" />
            <guid>guid:0000000937adb8b3:21335c38:57d8be68ce6:-6e5d</guid>
            <versionId>15ab878b-f419-407f-9dce-5343776711c3</versionId>
        </processParameter>
        <item>
            <lastModified isNull="true" />
            <lastModifiedBy isNull="true" />
            <tenantId isNull="true" />
            <processItemId>2025.678fbd00-2803-3517-829e-60d5986db386</processItemId>
            <processId>1.f6fcf143-357b-3864-a48b-856e0c52b516</processId>
            <name>End</name>
            <tWComponentName>ExitPoint</tWComponentName>
            <tWComponentId>3008.6df141f1-e226-4a96-8ee7-3e77badf8bd8</tWComponentId>
            <isLogEnabled>false</isLogEnabled>
            <isTraceEnabled>false</isTraceEnabled>
            <traceCategory isNull="true" />
            <traceLevel isNull="true" />
            <traceMessage isNull="true" />
            <traceSymbolTable isNull="true" />
            <isExecutionContextTraced>false</isExecutionContextTraced>
            <saveExecutionContext>true</saveExecutionContext>
            <documentation isNull="true" />
            <isErrorHandlerEnabled>false</isErrorHandlerEnabled>
            <errorHandlerItemId isNull="true" />
            <guid>guid:0000000678fbd002:80335178:29e60d5986d:-b386</guid>
            <versionId>4170ad34-509c-4a68-8aae-26ac31f5975b</versionId>
            <externalServiceRef isNull="true" />
            <externalServiceOp isNull="true" />
            <nodeColor isNull="true" />
            <layoutData x="700" y="100">
                <errorLink>
                    <controlPoints />
                    <showEndState>false</showEndState>
                    <showName>false</showName>
                </errorLink>
            </layoutData>
            <TWComponent>
                <lastModified isNull="true" />
                <lastModifiedBy isNull="true" />
                <tenantId isNull="true" />
                <exitPointId>3008.6df141f1-e226-4a96-8ee7-3e77badf8bd8</exitPointId>
                <haltProcess>false</haltProcess>
                <guid>guid:000000003fcf4ced:d5130949:8a84786f778:-8b7c</guid>
                <versionId>e62e6305-b81c-4136-a39c-0026e4c29e43</versionId>
            </TWComponent>
        </item>
        <startingProcessItemId>2025.678fbd00-2803-3517-829e-60d5986db386</startingProcessItemId>
        <errorHandlerItemId isNull="true" />
        <layoutData noConversion="true">
            <errorLink>
                <controlPoints />
                <showEndState>false</showEndState>
                <showName>false</showName>
            </errorLink>
        </layoutData>
        <startPoint>
            <layoutData x="20" y="100">
                <errorLink>
                    <controlPoints />
                    <showEndState>false</showEndState>
                    <showName>false</showName>
                </errorLink>
            </layoutData>
        </startPoint>
        <startLink>
            <fromPort locationId="rightCenter" portType="1" />
            <toPort locationId="leftCenter" portType="2" />
            <layoutData>
                <controlPoints />
                <showEndState>false</showEndState>
                <showName>false</showName>
            </layoutData>
        </startLink>
    </process>
</teamworks>

