<?xml version="1.0" encoding="UTF-8"?>
<teamworks>
    <managedAsset id="61.0643b376-75aa-348c-a80c-25c7052b739b" name="PrevRadio.html">
        <lastModified>1683203036604</lastModified>
        <lastModifiedBy>BAS-qoWcdzQU</lastModifiedBy>
        <tenantId isNull="true" />
        <managedAssetId>61.0643b376-75aa-348c-a80c-25c7052b739b</managedAssetId>
        <assetUuid>18c244f9-f949-4038-9e44-72d7b89ddadd</assetUuid>
        <mimeType>text/html</mimeType>
        <charEncoding isNull="true" />
        <assetTypeCode>W</assetTypeCode>
        <length>711</length>
        <localLastModification>1681266023933</localLastModification>
        <description isNull="true" />
        <isDocumentationFile>false</isDocumentationFile>
        <guid>guid:00000000643b3767:5aa348ca:80c25c7052b:-739b</guid>
        <versionId>3bcc9c73-29ea-3816-b744-b68c8909658d</versionId>
    </managedAsset>
</teamworks>

