<?xml version="1.0" encoding="UTF-8"?>
<teamworks>
    <managedAsset id="61.0b1317fc-7741-320e-9f21-0758a3c8a7c7" name="PrevButton.js">
        <lastModified>1683203036604</lastModified>
        <lastModifiedBy>BAS-qoWcdzQU</lastModifiedBy>
        <tenantId isNull="true" />
        <managedAssetId>61.0b1317fc-7741-320e-9f21-0758a3c8a7c7</managedAssetId>
        <assetUuid>b5ee3669-86f2-42b8-bb4b-5bde40eb26ab</assetUuid>
        <mimeType>application/javascript</mimeType>
        <charEncoding isNull="true" />
        <assetTypeCode>W</assetTypeCode>
        <length>2457</length>
        <localLastModification>1681266023939</localLastModification>
        <description isNull="true" />
        <isDocumentationFile>false</isDocumentationFile>
        <guid>guid:00000000b1317fc7:741320e9:f210758a3c8:-a7c7</guid>
        <versionId>bb7dcfac-8087-38df-9946-0b2ec352e1d2</versionId>
    </managedAsset>
</teamworks>

