<?xml version="1.0" encoding="UTF-8"?>
<teamworks>
    <managedAsset id="61.0e3bab6a-323e-391c-8fb6-0e0dd039f385" name="ui-grid.zip">
        <lastModified>1683203036604</lastModified>
        <lastModifiedBy>BAS-qoWcdzQU</lastModifiedBy>
        <tenantId isNull="true" />
        <managedAssetId>61.0e3bab6a-323e-391c-8fb6-0e0dd039f385</managedAssetId>
        <assetUuid>549fb381-6440-40c4-b4ab-c30a167cd7eb</assetUuid>
        <mimeType>application/zip</mimeType>
        <charEncoding isNull="true" />
        <assetTypeCode>W</assetTypeCode>
        <length>363193</length>
        <localLastModification>1681266023895</localLastModification>
        <description isNull="true" />
        <isDocumentationFile>false</isDocumentationFile>
        <guid>guid:00000000e3bab6a3:23e391c8:fb60e0dd039:-f385</guid>
        <versionId>a7f1be49-6f55-3d63-9841-323620b75b02</versionId>
    </managedAsset>
</teamworks>

