<?xml version="1.0" encoding="UTF-8"?>
<teamworks>
    <managedAsset id="61.160bd7a9-945e-357c-9933-c943b3b89855" name="PrevTabs.html">
        <lastModified>1683203036604</lastModified>
        <lastModifiedBy>BAS-qoWcdzQU</lastModifiedBy>
        <tenantId isNull="true" />
        <managedAssetId>61.160bd7a9-945e-357c-9933-c943b3b89855</managedAssetId>
        <assetUuid>bad8ce6c-a162-4419-af43-ceefc5274105</assetUuid>
        <mimeType>text/html</mimeType>
        <charEncoding isNull="true" />
        <assetTypeCode>W</assetTypeCode>
        <length>220</length>
        <localLastModification>1681266023866</localLastModification>
        <description isNull="true" />
        <isDocumentationFile>false</isDocumentationFile>
        <guid>guid:0000000160bd7a99:45e357c9:933c943b3b8:-9855</guid>
        <versionId>8a4a59b2-44f4-3437-bec2-e1726ff46b63</versionId>
    </managedAsset>
</teamworks>

