<?xml version="1.0" encoding="UTF-8"?>
<teamworks>
    <managedAsset id="61.27ca5a53-c4c5-3540-a002-6cf2e24f118b" name="e77f2a7e-10b4-45ee-90eb-e5b1546cc743.zip">
        <lastModified>1683203036604</lastModified>
        <lastModifiedBy>BAS-qoWcdzQU</lastModifiedBy>
        <tenantId isNull="true" />
        <managedAssetId>61.27ca5a53-c4c5-3540-a002-6cf2e24f118b</managedAssetId>
        <assetUuid>d883113e-71ee-4034-9eb6-8d9e217130ed</assetUuid>
        <mimeType>application/zip</mimeType>
        <charEncoding isNull="true" />
        <assetTypeCode>T</assetTypeCode>
        <length>121589</length>
        <localLastModification>1681266023843</localLastModification>
        <description isNull="true" />
        <isDocumentationFile>false</isDocumentationFile>
        <guid>guid:000000027ca5a53c:4c53540a:0026cf2e24f:-118b</guid>
        <versionId>ebe1f884-c75f-37dc-82eb-0336f8ed669f</versionId>
    </managedAsset>
</teamworks>

