<?xml version="1.0" encoding="UTF-8"?>
<teamworks>
    <managedAsset id="61.21f9b3d4-0176-3464-974a-4fc58dfee58b" name="integer.html">
        <lastModified>1683203036604</lastModified>
        <lastModifiedBy>BAS-qoWcdzQU</lastModifiedBy>
        <tenantId isNull="true" />
        <managedAssetId>61.21f9b3d4-0176-3464-974a-4fc58dfee58b</managedAssetId>
        <assetUuid>06273990-51e1-41d2-ab4c-6c4b82be3a15</assetUuid>
        <mimeType>text/html</mimeType>
        <charEncoding isNull="true" />
        <assetTypeCode>W</assetTypeCode>
        <length>2018</length>
        <localLastModification>1681266023849</localLastModification>
        <description isNull="true" />
        <isDocumentationFile>false</isDocumentationFile>
        <guid>guid:000000021f9b3d40:17634649:74a4fc58dfe:-e58b</guid>
        <versionId>c9883641-140b-3b49-8579-4aa17723ca05</versionId>
    </managedAsset>
</teamworks>

