<?xml version="1.0" encoding="UTF-8"?>
<teamworks>
    <managedAsset id="61.307657b8-8249-37ff-9fec-0b8e3c49f860" name="PrevText.html">
        <lastModified>1683203036604</lastModified>
        <lastModifiedBy>BAS-qoWcdzQU</lastModifiedBy>
        <tenantId isNull="true" />
        <managedAssetId>61.307657b8-8249-37ff-9fec-0b8e3c49f860</managedAssetId>
        <assetUuid>819f1a97-153a-455a-8872-16eb03cdc138</assetUuid>
        <mimeType>text/html</mimeType>
        <charEncoding isNull="true" />
        <assetTypeCode>W</assetTypeCode>
        <length>326</length>
        <localLastModification>1681266023947</localLastModification>
        <description isNull="true" />
        <isDocumentationFile>false</isDocumentationFile>
        <guid>guid:0000000307657b88:24937ff9:fec0b8e3c49:-f860</guid>
        <versionId>8d1636f4-25a0-3bed-a29e-90958b9ff719</versionId>
    </managedAsset>
</teamworks>

