<?xml version="1.0" encoding="UTF-8"?>
<teamworks>
    <managedAsset id="61.3dd586b8-7054-354f-801e-6f9c07cfa230" name="camera_palette.png">
        <lastModified>1683203036604</lastModified>
        <lastModifiedBy>BAS-qoWcdzQU</lastModifiedBy>
        <tenantId isNull="true" />
        <managedAssetId>61.3dd586b8-7054-354f-801e-6f9c07cfa230</managedAssetId>
        <assetUuid>88ca524a-b33c-44c3-8b7a-1d8e248f52d1</assetUuid>
        <mimeType>image/png</mimeType>
        <charEncoding isNull="true" />
        <assetTypeCode>W</assetTypeCode>
        <length>15384</length>
        <localLastModification>1681266023862</localLastModification>
        <description isNull="true" />
        <isDocumentationFile>false</isDocumentationFile>
        <guid>guid:00000003dd586b87:054354f8:01e6f9c07cf:-a230</guid>
        <versionId>7ecdd69e-4ad4-33b3-8ee0-be422e7c13e1</versionId>
    </managedAsset>
</teamworks>

