<?xml version="1.0" encoding="UTF-8"?>
<teamworks>
    <managedAsset id="61.3623680d-cb30-3bb2-bda1-a0d6deb01e00" name="controls.debug.zip">
        <lastModified>1683203036604</lastModified>
        <lastModifiedBy>BAS-qoWcdzQU</lastModifiedBy>
        <tenantId isNull="true" />
        <managedAssetId>61.3623680d-cb30-3bb2-bda1-a0d6deb01e00</managedAssetId>
        <assetUuid>ffc6c6f5-0826-4acd-8be7-029264981aa1</assetUuid>
        <mimeType>application/zip</mimeType>
        <charEncoding isNull="true" />
        <assetTypeCode>W</assetTypeCode>
        <length>936739</length>
        <localLastModification>1681266023943</localLastModification>
        <description isNull="true" />
        <isDocumentationFile>false</isDocumentationFile>
        <guid>guid:00000003623680dc:b303bb2b:da1a0d6deb0:-1e00</guid>
        <versionId>23247491-5b47-3b5c-94ec-b98ee96a3a6e</versionId>
    </managedAsset>
</teamworks>

