<?xml version="1.0" encoding="UTF-8"?>
<teamworks>
    <managedAsset id="61.4f70eebc-6080-3f63-982e-daefe0370919" name="PrevMultiSel.js">
        <lastModified>1683203036604</lastModified>
        <lastModifiedBy>BAS-qoWcdzQU</lastModifiedBy>
        <tenantId isNull="true" />
        <managedAssetId>61.4f70eebc-6080-3f63-982e-daefe0370919</managedAssetId>
        <assetUuid>0f315fb7-7c71-4dff-ac34-39e812e1714a</assetUuid>
        <mimeType>application/javascript</mimeType>
        <charEncoding isNull="true" />
        <assetTypeCode>W</assetTypeCode>
        <length>1201</length>
        <localLastModification>1681266023930</localLastModification>
        <description isNull="true" />
        <isDocumentationFile>false</isDocumentationFile>
        <guid>guid:00000004f70eebc6:0803f639:82edaefe037:-0919</guid>
        <versionId>be07fa32-9249-310b-98b3-6fd3f706e19d</versionId>
    </managedAsset>
</teamworks>

