<?xml version="1.0" encoding="UTF-8"?>
<teamworks>
    <managedAsset id="61.4bafce93-863b-37ca-b185-35a037e35d32" name="PrevImage.js">
        <lastModified>1683203036604</lastModified>
        <lastModifiedBy>BAS-qoWcdzQU</lastModifiedBy>
        <tenantId isNull="true" />
        <managedAssetId>61.4bafce93-863b-37ca-b185-35a037e35d32</managedAssetId>
        <assetUuid>65196eb6-dec6-422b-8163-7154da572c1f</assetUuid>
        <mimeType>application/javascript</mimeType>
        <charEncoding isNull="true" />
        <assetTypeCode>W</assetTypeCode>
        <length>5358</length>
        <localLastModification>1681266023957</localLastModification>
        <description isNull="true" />
        <isDocumentationFile>false</isDocumentationFile>
        <guid>guid:00000004bafce938:63b37cab:18535a037e3:-5d32</guid>
        <versionId>5be658e7-c224-32a2-bfb4-8f21c5f72f2e</versionId>
    </managedAsset>
</teamworks>

