<?xml version="1.0" encoding="UTF-8"?>
<teamworks>
    <managedAsset id="61.50104f5b-8550-3a5b-856f-439671b0ca70" name="dataGrid.html">
        <lastModified>1683203036604</lastModified>
        <lastModifiedBy>BAS-qoWcdzQU</lastModifiedBy>
        <tenantId isNull="true" />
        <managedAssetId>61.50104f5b-8550-3a5b-856f-439671b0ca70</managedAssetId>
        <assetUuid>24f9093a-b98f-4bc2-89ca-cc4f92d741cc</assetUuid>
        <mimeType>text/html</mimeType>
        <charEncoding isNull="true" />
        <assetTypeCode>W</assetTypeCode>
        <length>291</length>
        <localLastModification>1681266023870</localLastModification>
        <description isNull="true" />
        <isDocumentationFile>false</isDocumentationFile>
        <guid>guid:000000050104f5b8:5503a5b8:56f439671b0:-ca70</guid>
        <versionId>a6d97cc5-cbba-3d71-8a36-9995f517fc27</versionId>
    </managedAsset>
</teamworks>

