<?xml version="1.0" encoding="UTF-8"?>
<teamworks>
    <managedAsset id="61.59232915-ea8e-3e33-88ad-125713ec813b" name="tabs_palette.png">
        <lastModified>1683203036604</lastModified>
        <lastModifiedBy>BAS-qoWcdzQU</lastModifiedBy>
        <tenantId isNull="true" />
        <managedAssetId>61.59232915-ea8e-3e33-88ad-125713ec813b</managedAssetId>
        <assetUuid>b03ba6ac-8b85-417f-b0e2-f17f7ecbed8b</assetUuid>
        <mimeType>image/png</mimeType>
        <charEncoding isNull="true" />
        <assetTypeCode>W</assetTypeCode>
        <length>15328</length>
        <localLastModification>1681266023871</localLastModification>
        <description isNull="true" />
        <isDocumentationFile>false</isDocumentationFile>
        <guid>guid:000000059232915e:a8e3e338:8ad125713ec:-813b</guid>
        <versionId>0f7752ff-947f-38fc-bcf8-12ab0624ffeb</versionId>
    </managedAsset>
</teamworks>

