<?xml version="1.0" encoding="UTF-8"?>
<teamworks>
    <managedAsset id="61.6eea3a5e-f821-3342-9632-9a6fa98a6bd7" name="coachview.helper.debug.zip">
        <lastModified>1683203036604</lastModified>
        <lastModifiedBy>BAS-qoWcdzQU</lastModifiedBy>
        <tenantId isNull="true" />
        <managedAssetId>61.6eea3a5e-f821-3342-9632-9a6fa98a6bd7</managedAssetId>
        <assetUuid>c06696f7-6189-4599-925e-7acc9ddd2255</assetUuid>
        <mimeType>application/zip</mimeType>
        <charEncoding isNull="true" />
        <assetTypeCode>W</assetTypeCode>
        <length>1766</length>
        <localLastModification>1681266023951</localLastModification>
        <description isNull="true" />
        <isDocumentationFile>false</isDocumentationFile>
        <guid>guid:00000006eea3a5ef:82133429:6329a6fa98a:-6bd7</guid>
        <versionId>5f4dd3c1-6e9c-3944-bbc4-fdd052a53b1a</versionId>
    </managedAsset>
</teamworks>

