<?xml version="1.0" encoding="UTF-8"?>
<teamworks>
    <managedAsset id="61.60b9b411-a6ce-39a6-8532-94f34a1e7e8f" name="coachview.helper.min.zip">
        <lastModified>1683203036604</lastModified>
        <lastModifiedBy>BAS-qoWcdzQU</lastModifiedBy>
        <tenantId isNull="true" />
        <managedAssetId>61.60b9b411-a6ce-39a6-8532-94f34a1e7e8f</managedAssetId>
        <assetUuid>a2e622f6-e97a-49bc-9bda-ea8f807e88e7</assetUuid>
        <mimeType>application/zip</mimeType>
        <charEncoding isNull="true" />
        <assetTypeCode>W</assetTypeCode>
        <length>1183</length>
        <localLastModification>1681266023935</localLastModification>
        <description isNull="true" />
        <isDocumentationFile>false</isDocumentationFile>
        <guid>guid:000000060b9b411a:6ce39a68:53294f34a1e:-7e8f</guid>
        <versionId>137c4503-2c35-3f64-85a9-0ff9ed12a486</versionId>
    </managedAsset>
</teamworks>

