<?xml version="1.0" encoding="UTF-8"?>
<teamworks>
    <managedAsset id="61.68027e98-95ba-3189-b84c-0ad5a537fd9a" name="PrevMultiSel.html">
        <lastModified>1683203036604</lastModified>
        <lastModifiedBy>BAS-qoWcdzQU</lastModifiedBy>
        <tenantId isNull="true" />
        <managedAssetId>61.68027e98-95ba-3189-b84c-0ad5a537fd9a</managedAssetId>
        <assetUuid>86474a5a-62c7-4404-956f-0b3a1f0368f0</assetUuid>
        <mimeType>text/html</mimeType>
        <charEncoding isNull="true" />
        <assetTypeCode>W</assetTypeCode>
        <length>526</length>
        <localLastModification>1681266023932</localLastModification>
        <description isNull="true" />
        <isDocumentationFile>false</isDocumentationFile>
        <guid>guid:000000068027e989:5ba3189b:84c0ad5a537:-fd9a</guid>
        <versionId>558e54fe-5fd5-3e85-8810-ae4bca1da667</versionId>
    </managedAsset>
</teamworks>

