<?xml version="1.0" encoding="UTF-8"?>
<teamworks>
    <managedAsset id="61.79defc37-f8af-3e6f-8368-9b08df724f0f" name="table_preview.png">
        <lastModified>1683203036604</lastModified>
        <lastModifiedBy>BAS-qoWcdzQU</lastModifiedBy>
        <tenantId isNull="true" />
        <managedAssetId>61.79defc37-f8af-3e6f-8368-9b08df724f0f</managedAssetId>
        <assetUuid>d99fe41b-f6e7-4f6d-afdc-528905b95640</assetUuid>
        <mimeType>image/png</mimeType>
        <charEncoding isNull="true" />
        <assetTypeCode>W</assetTypeCode>
        <length>107</length>
        <localLastModification>1681266023942</localLastModification>
        <description isNull="true" />
        <isDocumentationFile>false</isDocumentationFile>
        <guid>guid:000000079defc37f:8af3e6f8:3689b08df72:-4f0f</guid>
        <versionId>2e415ecc-910c-315a-a84c-7491a32eb47c</versionId>
    </managedAsset>
</teamworks>

