<?xml version="1.0" encoding="UTF-8"?>
<teamworks>
    <managedAsset id="61.7a36be98-4a1f-3281-9b0b-884232b5b401" name="outputText_palette.png">
        <lastModified>1683203036604</lastModified>
        <lastModifiedBy>BAS-qoWcdzQU</lastModifiedBy>
        <tenantId isNull="true" />
        <managedAssetId>61.7a36be98-4a1f-3281-9b0b-884232b5b401</managedAssetId>
        <assetUuid>2c5299ac-6fba-4b78-aa63-894f834c50ea</assetUuid>
        <mimeType>image/png</mimeType>
        <charEncoding isNull="true" />
        <assetTypeCode>W</assetTypeCode>
        <length>15936</length>
        <localLastModification>1681266023847</localLastModification>
        <description isNull="true" />
        <isDocumentationFile>false</isDocumentationFile>
        <guid>guid:00000007a36be984:a1f32819:b0b884232b5:-b401</guid>
        <versionId>aea4315a-779c-30fd-9462-6c41449ada66</versionId>
    </managedAsset>
</teamworks>

