<?xml version="1.0" encoding="UTF-8"?>
<teamworks>
    <managedAsset id="61.8114fa6e-cefa-33b5-adc4-62f8f0d58ce5" name="PrevDate.html">
        <lastModified>1683203036604</lastModified>
        <lastModifiedBy>BAS-qoWcdzQU</lastModifiedBy>
        <tenantId isNull="true" />
        <managedAssetId>61.8114fa6e-cefa-33b5-adc4-62f8f0d58ce5</managedAssetId>
        <assetUuid>ee7b3adb-801d-42aa-89b9-40792dea0e94</assetUuid>
        <mimeType>text/html</mimeType>
        <charEncoding isNull="true" />
        <assetTypeCode>W</assetTypeCode>
        <length>10514</length>
        <localLastModification>1681266023895</localLastModification>
        <description isNull="true" />
        <isDocumentationFile>false</isDocumentationFile>
        <guid>guid:00000008114fa6ec:efa33b5a:dc462f8f0d5:-8ce5</guid>
        <versionId>f9f4fe1f-b07a-3d36-8cf9-f5d12b688111</versionId>
    </managedAsset>
</teamworks>

