<?xml version="1.0" encoding="UTF-8"?>
<teamworks>
    <managedAsset id="61.8bb1370b-f462-3a15-a80d-ef353d9e5d03" name="singleSelect.html">
        <lastModified>1683203036604</lastModified>
        <lastModifiedBy>BAS-qoWcdzQU</lastModifiedBy>
        <tenantId isNull="true" />
        <managedAssetId>61.8bb1370b-f462-3a15-a80d-ef353d9e5d03</managedAssetId>
        <assetUuid>fbaa930e-ff6d-443f-bfbb-a91dc22a11c6</assetUuid>
        <mimeType>text/html</mimeType>
        <charEncoding isNull="true" />
        <assetTypeCode>W</assetTypeCode>
        <length>3846</length>
        <localLastModification>1681266023867</localLastModification>
        <description isNull="true" />
        <isDocumentationFile>false</isDocumentationFile>
        <guid>guid:00000008bb1370bf:4623a15a:80def353d9e:-5d03</guid>
        <versionId>6af604cc-595b-35e9-8f44-7d27250325b3</versionId>
    </managedAsset>
</teamworks>

