<?xml version="1.0" encoding="UTF-8"?>
<teamworks>
    <managedAsset id="61.9ab9fa17-b05f-3bfd-9ae5-a162432fd64a" name="decimal.html">
        <lastModified>1683203036604</lastModified>
        <lastModifiedBy>BAS-qoWcdzQU</lastModifiedBy>
        <tenantId isNull="true" />
        <managedAssetId>61.9ab9fa17-b05f-3bfd-9ae5-a162432fd64a</managedAssetId>
        <assetUuid>add42691-84c6-48db-9fad-2bbef6323e38</assetUuid>
        <mimeType>text/html</mimeType>
        <charEncoding isNull="true" />
        <assetTypeCode>W</assetTypeCode>
        <length>2017</length>
        <localLastModification>1681266023869</localLastModification>
        <description isNull="true" />
        <isDocumentationFile>false</isDocumentationFile>
        <guid>guid:00000009ab9fa17b:05f3bfd9:ae5a162432f:-d64a</guid>
        <versionId>ea2a1969-11cb-399e-ab6d-efaf5e8dd447</versionId>
    </managedAsset>
</teamworks>

