<?xml version="1.0" encoding="UTF-8"?>
<teamworks>
    <managedAsset id="61.94fa7b75-94b1-34ba-a3f6-e36bf70bfe71" name="outputText_preview.png">
        <lastModified>1683203036604</lastModified>
        <lastModifiedBy>BAS-qoWcdzQU</lastModifiedBy>
        <tenantId isNull="true" />
        <managedAssetId>61.94fa7b75-94b1-34ba-a3f6-e36bf70bfe71</managedAssetId>
        <assetUuid>6c8243ba-d71c-497f-8574-b354764007fa</assetUuid>
        <mimeType>image/png</mimeType>
        <charEncoding isNull="true" />
        <assetTypeCode>W</assetTypeCode>
        <length>107</length>
        <localLastModification>1681266023939</localLastModification>
        <description isNull="true" />
        <isDocumentationFile>false</isDocumentationFile>
        <guid>guid:000000094fa7b759:4b134baa:3f6e36bf70b:-fe71</guid>
        <versionId>10f99c10-9d6f-37ac-9ed7-5644b1d686f2</versionId>
    </managedAsset>
</teamworks>

