<?xml version="1.0" encoding="UTF-8"?>
<teamworks>
    <managedAsset id="61.ae01f481-0844-3f50-b8eb-af557a7edc13" name="text_palette.png">
        <lastModified>1683203036604</lastModified>
        <lastModifiedBy>BAS-qoWcdzQU</lastModifiedBy>
        <tenantId isNull="true" />
        <managedAssetId>61.ae01f481-0844-3f50-b8eb-af557a7edc13</managedAssetId>
        <assetUuid>93cbd8a3-ca9a-4cc8-9008-ffb76f7013ab</assetUuid>
        <mimeType>image/png</mimeType>
        <charEncoding isNull="true" />
        <assetTypeCode>W</assetTypeCode>
        <length>15817</length>
        <localLastModification>1681266023949</localLastModification>
        <description isNull="true" />
        <isDocumentationFile>false</isDocumentationFile>
        <guid>guid:0000000ae01f4810:8443f50b:8ebaf557a7e:-dc13</guid>
        <versionId>98a05bad-3e1b-336c-939c-77e225510cca</versionId>
    </managedAsset>
</teamworks>

