<?xml version="1.0" encoding="UTF-8"?>
<teamworks>
    <managedAsset id="61.a20f31e4-f24c-3bac-8b8b-efa012db3675" name="PrevTable.js">
        <lastModified>1683203036604</lastModified>
        <lastModifiedBy>BAS-qoWcdzQU</lastModifiedBy>
        <tenantId isNull="true" />
        <managedAssetId>61.a20f31e4-f24c-3bac-8b8b-efa012db3675</managedAssetId>
        <assetUuid>36095cb5-d3b5-4904-942a-bf3d224b3b23</assetUuid>
        <mimeType>application/javascript</mimeType>
        <charEncoding isNull="true" />
        <assetTypeCode>W</assetTypeCode>
        <length>2884</length>
        <localLastModification>1681266023868</localLastModification>
        <description isNull="true" />
        <isDocumentationFile>false</isDocumentationFile>
        <guid>guid:0000000a20f31e4f:24c3bac8:b8befa012db:-3675</guid>
        <versionId>08edf718-f0d2-35b6-8edb-ffb3acd5d67c</versionId>
    </managedAsset>
</teamworks>

