<?xml version="1.0" encoding="UTF-8"?>
<teamworks>
    <managedAsset id="61.d5b8d12d-031d-3a48-b49c-a930cd38042a" name="loading-gears-animation.gif">
        <lastModified>1683203036604</lastModified>
        <lastModifiedBy>BAS-qoWcdzQU</lastModifiedBy>
        <tenantId isNull="true" />
        <managedAssetId>61.d5b8d12d-031d-3a48-b49c-a930cd38042a</managedAssetId>
        <assetUuid>a174ce01-7f75-4674-aa7f-9ba97f7d959f</assetUuid>
        <mimeType>image/gif</mimeType>
        <charEncoding isNull="true" />
        <assetTypeCode>W</assetTypeCode>
        <length>3024</length>
        <localLastModification>1681266023959</localLastModification>
        <description isNull="true" />
        <isDocumentationFile>false</isDocumentationFile>
        <guid>guid:0000000d5b8d12d0:31d3a48b:49ca930cd38:-042a</guid>
        <versionId>bd7d84dc-80dd-33f5-8894-1d110d77b295</versionId>
    </managedAsset>
</teamworks>

