<?xml version="1.0" encoding="UTF-8"?>
<teamworks>
    <managedAsset id="61.eb95a819-70ee-3493-a9bd-fcfeea2f28f7" name="PrevCommon.js">
        <lastModified>1683203036604</lastModified>
        <lastModifiedBy>BAS-qoWcdzQU</lastModifiedBy>
        <tenantId isNull="true" />
        <managedAssetId>61.eb95a819-70ee-3493-a9bd-fcfeea2f28f7</managedAssetId>
        <assetUuid>6bdf744e-8aef-4d8b-abb5-d398ea5ca8ce</assetUuid>
        <mimeType>application/javascript</mimeType>
        <charEncoding isNull="true" />
        <assetTypeCode>W</assetTypeCode>
        <length>4158</length>
        <localLastModification>1681266023897</localLastModification>
        <description isNull="true" />
        <isDocumentationFile>false</isDocumentationFile>
        <guid>guid:0000000eb95a8197:0ee3493a:9bdfcfeea2f:-28f7</guid>
        <versionId>ca09e86d-6097-3ee2-abb8-d4083fe09074</versionId>
    </managedAsset>
</teamworks>

