<?xml version="1.0" encoding="UTF-8"?>
<teamworks>
    <managedAsset id="61.f2483abe-3a7c-3511-b39b-1169789ddce6" name="PrevTable.html">
        <lastModified>1683203036604</lastModified>
        <lastModifiedBy>BAS-qoWcdzQU</lastModifiedBy>
        <tenantId isNull="true" />
        <managedAssetId>61.f2483abe-3a7c-3511-b39b-1169789ddce6</managedAssetId>
        <assetUuid>c8d3fd5f-ad43-4d4e-885f-eb53234fac85</assetUuid>
        <mimeType>text/html</mimeType>
        <charEncoding isNull="true" />
        <assetTypeCode>W</assetTypeCode>
        <length>2929</length>
        <localLastModification>1681266023950</localLastModification>
        <description isNull="true" />
        <isDocumentationFile>false</isDocumentationFile>
        <guid>guid:0000000f2483abe3:a7c3511b:39b1169789d:-dce6</guid>
        <versionId>c6bbc997-2b88-33c6-9c04-990a215a3286</versionId>
    </managedAsset>
</teamworks>

