<?xml version="1.0" encoding="UTF-8"?>
<teamworks>
    <projectDefaults id="63.7d941df8-58f4-3771-968d-5dd40fb5c156" name="Toolkit Settings">
        <lastModified>1683203038319</lastModified>
        <lastModifiedBy>BAS-qoWcdzQU</lastModifiedBy>
        <tenantId isNull="true" />
        <projectDefaultsId>63.7d941df8-58f4-3771-968d-5dd40fb5c156</projectDefaultsId>
        <description isNull="true" />
        <guid>guid:00000007d941df85:8f437719:68d5dd40fb5:-c156</guid>
        <versionId>c7680890-5385-3f24-bbc9-20da937ac8c4</versionId>
        <participantRef isNull="true" />
        <defaultXslRef isNull="true" />
        <defaultCssRef isNull="true" />
        <defaultTheme>c6353c54-3d3a-41ac-8ca7-4d0469d35681/72.e77f2a7e-10b4-45ee-90eb-e5b1546cc743</defaultTheme>
        <themeVersion isNull="true" />
        <defaultJsRefs isNull="true" />
        <isWbmEnabled>false</isWbmEnabled>
        <namespace>http://SYSRC</namespace>
        <isIidOptimized>true</isIidOptimized>
        <isQueueBypass>1</isQueueBypass>
        <templateAcronymReference isNull="true" />
        <templateSnapshotReference isNull="true" />
        <targetEnvironment>BAW</targetEnvironment>
        <subtype isNull="true" />
    </projectDefaults>
</teamworks>

