<?xml version="1.0" encoding="UTF-8"?>
<teamworks>
    <coachView id="64.5aca3cb1-f4ce-3b4a-a305-c045839893b9" name="Image">
        <lastModified>1683203038606</lastModified>
        <lastModifiedBy>BAS-qoWcdzQU</lastModifiedBy>
        <tenantId isNull="true" />
        <coachViewId>64.5aca3cb1-f4ce-3b4a-a305-c045839893b9</coachViewId>
        <isTemplate>false</isTemplate>
        <layout>&lt;?xml version="1.0" encoding="UTF-8"?&gt;
&lt;layout xmlns:xsi="http://www.w3.org/2001/XMLSchema-instance" xmlns="http://www.ibm.com/bpm/CoachDesignerNG"&gt;
&lt;layoutItem xsi:type="CustomHTML"&gt;
&lt;layoutItemId&gt;CustomHTML1&lt;/layoutItemId&gt;
&lt;configData&gt;
&lt;optionName&gt;@customHTML.contentType&lt;/optionName&gt;
&lt;value&gt;ASSET&lt;/value&gt;
&lt;/configData&gt;
&lt;configData&gt;
&lt;optionName&gt;@customHTML.textContent&lt;/optionName&gt;
&lt;/configData&gt;
&lt;configData&gt;
&lt;optionName&gt;@customHTML.variableContent&lt;/optionName&gt;
&lt;/configData&gt;
&lt;configData&gt;
&lt;optionName&gt;@customHTML.assetContent&lt;/optionName&gt;
&lt;value&gt;61.5c2cce6c-061e-30ce-be7f-206497563477&lt;/value&gt;
&lt;/configData&gt;
&lt;/layoutItem&gt;
&lt;layoutItem xsi:type="CustomHTML"&gt;
&lt;layoutItemId&gt;ValidationAlert&lt;/layoutItemId&gt;
&lt;configData&gt;
&lt;optionName&gt;@customHTML.contentType&lt;/optionName&gt;
&lt;value&gt;ASSET&lt;/value&gt;
&lt;/configData&gt;
&lt;configData&gt;
&lt;optionName&gt;@customHTML.textContent&lt;/optionName&gt;
&lt;/configData&gt;
&lt;configData&gt;
&lt;optionName&gt;@customHTML.variableContent&lt;/optionName&gt;
&lt;/configData&gt;
&lt;configData&gt;
&lt;optionName&gt;@customHTML.assetContent&lt;/optionName&gt;
&lt;value&gt;61.e37c8eaa-0cd4-3b24-a7d5-c0cdcdd58eb2&lt;/value&gt;
&lt;/configData&gt;
&lt;/layoutItem&gt;
&lt;/layout&gt;
</layout>
        <paletteIcon>/61.af6776ab-a177-3cf0-bd2c-0269badcdd4b</paletteIcon>
        <previewImage>/61.72d74f52-059f-39f6-a6a4-7fe061be560d</previewImage>
        <hasLabel>true</hasLabel>
        <labelPosition>0</labelPosition>
        <nineSliceX1Coord isNull="true" />
        <nineSliceX2Coord isNull="true" />
        <nineSliceY1Coord isNull="true" />
        <nineSliceY2Coord isNull="true" />
        <emitBoundary>false</emitBoundary>
        <isPrototypeFunc>true</isPrototypeFunc>
        <enableDevMode>false</enableDevMode>
        <isMobileReady>true</isMobileReady>
        <loadJsFunction>coachViewHelper.bootstrap(this, "responsive.coaches", "image", {Explorer: 9});</loadJsFunction>
        <unloadJsFunction></unloadJsFunction>
        <viewJsFunction>coachViewHelper.init();</viewJsFunction>
        <changeJsFunction>coachViewHelper.notify(this);</changeJsFunction>
        <collaborationJsFunction isNull="true" />
        <description>&lt;p&gt;This control is an image instance that is suitable for mobile and desktop platforms.&lt;/p&gt;</description>
        <validateJsFunction isNull="true" />
        <previewAdvHtml>/61.2008e8da-087f-3be5-be1a-1fb72abf2b42</previewAdvHtml>
        <previewAdvJs>/61.4bafce93-863b-37ca-b185-35a037e35d32</previewAdvJs>
        <useUrlBinding>true</useUrlBinding>
        <guid>guid:00000005aca3cb1f:4ce3b4aa:305c0458398:-93b9</guid>
        <versionId>10954934-6e6d-3da6-b7df-644524ba18c4</versionId>
        <field1 isNull="true" />
        <field2 isNull="true" />
        <field3>0</field3>
        <field4 isNull="true" />
        <field5>false</field5>
        <clobField1 isNull="true" />
        <bindingType name="image">
            <lastModified isNull="true" />
            <lastModifiedBy isNull="true" />
            <tenantId isNull="true" />
            <coachViewBindingTypeId>65.c3457c79-edd1-3331-9542-30d59575ad3c</coachViewBindingTypeId>
            <coachViewId>64.5aca3cb1-f4ce-3b4a-a305-c045839893b9</coachViewId>
            <isList>false</isList>
            <classId>c6353c54-3d3a-41ac-8ca7-4d0469d35681/12.010f99b3-dd03-4f3d-938f-55f109a8bbb7</classId>
            <seq isNull="true" />
            <description isNull="true" />
            <guid>guid:0000000c3457c79e:dd133319:54230d59575:-ad3c</guid>
            <versionId>10d0dfd6-692d-4739-9fc2-a39dcd9b7593</versionId>
        </bindingType>
        <configOption name="imageUrl">
            <lastModified isNull="true" />
            <lastModifiedBy isNull="true" />
            <tenantId isNull="true" />
            <coachViewConfigOptionId>66.1ac533f0-302c-3383-b9dc-a59635909f61</coachViewConfigOptionId>
            <coachViewId>64.5aca3cb1-f4ce-3b4a-a305-c045839893b9</coachViewId>
            <isList>false</isList>
            <propertyType>OBJECT</propertyType>
            <label>tw.resource.messages.responsive.coaches.image</label>
            <classId>c6353c54-3d3a-41ac-8ca7-4d0469d35681/12.010f99b3-dd03-4f3d-938f-55f109a8bbb7</classId>
            <processId isNull="true" />
            <actionflowId isNull="true" />
            <isAdaptive>true</isAdaptive>
            <seq>1</seq>
            <description>tw.resource.messages.responsive.coaches.image.description</description>
            <groupName isNull="true" />
            <guid>guid:00000001ac533f03:02c3383b:9dca5963590:-9f61</guid>
            <versionId>3707127a-b123-45fd-99c6-7d34baf99cff</versionId>
        </configOption>
        <configOption name="alternateText">
            <lastModified isNull="true" />
            <lastModifiedBy isNull="true" />
            <tenantId isNull="true" />
            <coachViewConfigOptionId>66.988d191b-d344-3106-b0f4-68c393909ef7</coachViewConfigOptionId>
            <coachViewId>64.5aca3cb1-f4ce-3b4a-a305-c045839893b9</coachViewId>
            <isList>false</isList>
            <propertyType>OBJECT</propertyType>
            <label>tw.resource.messages.responsive.coaches.imageDescription</label>
            <classId>c6353c54-3d3a-41ac-8ca7-4d0469d35681/12.db884a3c-c533-44b7-bb2d-47bec8ad4022</classId>
            <processId isNull="true" />
            <actionflowId isNull="true" />
            <isAdaptive>false</isAdaptive>
            <seq>2</seq>
            <description>tw.resource.messages.responsive.coaches.imageDescription.description</description>
            <groupName isNull="true" />
            <guid>guid:0000000988d191bd:3443106b:0f468c39390:-9ef7</guid>
            <versionId>00049805-bb1e-4a9c-8430-146bb345c891</versionId>
        </configOption>
        <configOption name="caption">
            <lastModified isNull="true" />
            <lastModifiedBy isNull="true" />
            <tenantId isNull="true" />
            <coachViewConfigOptionId>66.31d53c54-ce93-3b02-84b3-fdb38043a216</coachViewConfigOptionId>
            <coachViewId>64.5aca3cb1-f4ce-3b4a-a305-c045839893b9</coachViewId>
            <isList>false</isList>
            <propertyType>OBJECT</propertyType>
            <label>tw.resource.messages.responsive.coaches.caption</label>
            <classId>c6353c54-3d3a-41ac-8ca7-4d0469d35681/12.db884a3c-c533-44b7-bb2d-47bec8ad4022</classId>
            <processId isNull="true" />
            <actionflowId isNull="true" />
            <isAdaptive>true</isAdaptive>
            <seq>3</seq>
            <description>tw.resource.messages.responsive.coaches.caption.description</description>
            <groupName isNull="true" />
            <guid>guid:000000031d53c54c:e933b028:4b3fdb38043:-a216</guid>
            <versionId>27b1404c-12bb-4598-8b3e-2ddac4a32e9e</versionId>
        </configOption>
        <configOption name="captionVerticalPosition">
            <lastModified isNull="true" />
            <lastModifiedBy isNull="true" />
            <tenantId isNull="true" />
            <coachViewConfigOptionId>66.fcc238b5-2130-311f-bfe3-45b89d20dfb9</coachViewConfigOptionId>
            <coachViewId>64.5aca3cb1-f4ce-3b4a-a305-c045839893b9</coachViewId>
            <isList>false</isList>
            <propertyType>OBJECT</propertyType>
            <label>tw.resource.messages.responsive.coaches.labelVertical</label>
            <classId>/12.2fa3646a-8aab-3dcd-80e9-87809f422555</classId>
            <processId isNull="true" />
            <actionflowId isNull="true" />
            <isAdaptive>true</isAdaptive>
            <seq>4</seq>
            <description>tw.resource.messages.responsive.coaches.captionPosition.description</description>
            <groupName isNull="true" />
            <guid>guid:0000000fcc238b52:130311fb:fe345b89d20:-dfb9</guid>
            <versionId>71a30220-e0d6-48ec-a88b-de07cf8579c7</versionId>
        </configOption>
        <configOption name="captionHorizontalPosition">
            <lastModified isNull="true" />
            <lastModifiedBy isNull="true" />
            <tenantId isNull="true" />
            <coachViewConfigOptionId>66.ac7948b8-80ec-3ea4-b9d1-4d8527d18ce4</coachViewConfigOptionId>
            <coachViewId>64.5aca3cb1-f4ce-3b4a-a305-c045839893b9</coachViewId>
            <isList>false</isList>
            <propertyType>OBJECT</propertyType>
            <label>tw.resource.messages.responsive.coaches.labelHorizontal</label>
            <classId>/12.a77cf9a8-a438-35e7-857b-ec11c4a4998e</classId>
            <processId isNull="true" />
            <actionflowId isNull="true" />
            <isAdaptive>true</isAdaptive>
            <seq>5</seq>
            <description>tw.resource.messages.responsive.coaches.captionAlignment.description</description>
            <groupName isNull="true" />
            <guid>guid:0000000ac7948b88:0ec3ea4b:9d14d8527d1:-8ce4</guid>
            <versionId>bec9fa64-db0f-44fe-bce8-ba5d5e7389a3</versionId>
        </configOption>
        <dynamicStyle>
            <lastModified isNull="true" />
            <lastModifiedBy isNull="true" />
            <tenantId isNull="true" />
            <coachViewDynamicStyleId>73.03c062bf-5922-37dd-812d-6a529e86a5c0</coachViewDynamicStyleId>
            <coachViewId>64.5aca3cb1-f4ce-3b4a-a305-c045839893b9</coachViewId>
            <filePath>scripts/controls.less</filePath>
            <assetUuid>/61.753ec599-e014-3ac0-9251-63c6aa962a34</assetUuid>
            <seq>0</seq>
            <guid>guid:000000003c062bf5:92237dd8:12d6a529e86:-a5c0</guid>
            <versionId>d9d76e65-6984-473b-a166-010c40e6d940</versionId>
        </dynamicStyle>
        <inlineScript name="Inline CSS">
            <lastModified isNull="true" />
            <lastModifiedBy isNull="true" />
            <tenantId isNull="true" />
            <coachViewInlineScriptId>68.03a5f6c9-9d3d-3f63-b6f8-1facb7134330</coachViewInlineScriptId>
            <coachViewId>64.5aca3cb1-f4ce-3b4a-a305-c045839893b9</coachViewId>
            <scriptType>CSS</scriptType>
            <scriptBlock isNull="true" />
            <seq>0</seq>
            <description isNull="true" />
            <guid>guid:000000003a5f6c99:d3d3f63b:6f81facb713:-4330</guid>
            <versionId>0a966bde-af24-43c3-bc5c-9e44d0f893aa</versionId>
        </inlineScript>
        <inlineScript name="Inline Javascript">
            <lastModified isNull="true" />
            <lastModifiedBy isNull="true" />
            <tenantId isNull="true" />
            <coachViewInlineScriptId>68.d706f2e7-f7b1-3d59-9db5-2a31de846d84</coachViewInlineScriptId>
            <coachViewId>64.5aca3cb1-f4ce-3b4a-a305-c045839893b9</coachViewId>
            <scriptType>JS</scriptType>
            <scriptBlock>
/*
@dojoConfigUpdateStart
dojoConfig.packages.push({
name: 'com.ibm.bpm.coach.angular',
location: dojoConfig.isDebug ?
com_ibm_bpm_coach.getManagedAssetUrl('coachview.helper.debug.zip', com_ibm_bpm_coach.assetType_WEB, 'SYSRC')
: com_ibm_bpm_coach.getManagedAssetUrl('coachview.helper.min.zip', com_ibm_bpm_coach.assetType_WEB, 'SYSRC')
});
@dojoConfigUpdateEnd
*/
</scriptBlock>
            <seq>1</seq>
            <description isNull="true" />
            <guid>guid:0000000d706f2e7f:7b13d599:db52a31de84:-6d84</guid>
            <versionId>e8294abc-98ae-44aa-bbaa-040889804e5e</versionId>
        </inlineScript>
        <inlineScript name="Header HTML">
            <lastModified isNull="true" />
            <lastModifiedBy isNull="true" />
            <tenantId isNull="true" />
            <coachViewInlineScriptId>68.c0e9fe23-4c40-32c9-8f4d-fbe20f8452dc</coachViewInlineScriptId>
            <coachViewId>64.5aca3cb1-f4ce-3b4a-a305-c045839893b9</coachViewId>
            <scriptType>HTML</scriptType>
            <scriptBlock isNull="true" />
            <seq>2</seq>
            <description isNull="true" />
            <guid>guid:0000000c0e9fe234:c4032c98:f4dfbe20f84:-52dc</guid>
            <versionId>2be97e7f-d567-4223-8dd3-1df70691bb64</versionId>
        </inlineScript>
        <localization>
            <lastModified isNull="true" />
            <lastModifiedBy isNull="true" />
            <tenantId isNull="true" />
            <coachViewLocalResId>69.89a353ac-0bea-358c-816b-7c97694ae3d5</coachViewLocalResId>
            <coachViewId>64.5aca3cb1-f4ce-3b4a-a305-c045839893b9</coachViewId>
            <resourceBundleGroupId>/50.b17076cd-8a20-376f-9c7d-379adea7aabc</resourceBundleGroupId>
            <seq>1</seq>
            <guid>guid:000000089a353ac0:bea358c8:16b7c97694a:-e3d5</guid>
            <versionId>33573e94-f88a-4817-97e5-66caabe1eb89</versionId>
        </localization>
        <amdDependency>
            <lastModified isNull="true" />
            <lastModifiedBy isNull="true" />
            <tenantId isNull="true" />
            <coachViewAmdDepId>70.bd0e0d60-d52b-4d81-82a2-47547157b2dc</coachViewAmdDepId>
            <coachViewId>64.5aca3cb1-f4ce-3b4a-a305-c045839893b9</coachViewId>
            <moduleId>com.ibm.bpm.coach.angular/scripts/coachViewHelper</moduleId>
            <functionArgument>coachViewHelper</functionArgument>
            <seq>0</seq>
            <guid>guid:0000000ce86e603a:2bb331a9:67b10418246:-995b</guid>
            <versionId>24ec1018-c836-4ec5-933e-95d57a4b0f56</versionId>
        </amdDependency>
    </coachView>
</teamworks>

