<?xml version="1.0" encoding="UTF-8"?>
<teamworks>
    <coachView id="64.c3ebf145-93b8-386c-a90b-8c91b5caacea" name="Multiple Select">
        <lastModified>1683203038606</lastModified>
        <lastModifiedBy>BAS-qoWcdzQU</lastModifiedBy>
        <tenantId isNull="true" />
        <coachViewId>64.c3ebf145-93b8-386c-a90b-8c91b5caacea</coachViewId>
        <isTemplate>false</isTemplate>
        <layout>&lt;?xml version="1.0" encoding="UTF-8"?&gt;
&lt;layout xmlns:xsi="http://www.w3.org/2001/XMLSchema-instance" xmlns="http://www.ibm.com/bpm/CoachDesignerNG"&gt;
&lt;layoutItem xsi:type="CustomHTML"&gt;
&lt;layoutItemId&gt;CustomHTML1&lt;/layoutItemId&gt;
&lt;configData&gt;
&lt;optionName&gt;@customHTML.contentType&lt;/optionName&gt;
&lt;value&gt;ASSET&lt;/value&gt;
&lt;/configData&gt;
&lt;configData&gt;
&lt;optionName&gt;@customHTML.textContent&lt;/optionName&gt;
&lt;/configData&gt;
&lt;configData&gt;
&lt;optionName&gt;@customHTML.variableContent&lt;/optionName&gt;
&lt;/configData&gt;
&lt;configData&gt;
&lt;optionName&gt;@customHTML.assetContent&lt;/optionName&gt;
&lt;value&gt;61.a6e5ad7a-dc97-3f5f-9b7a-593dcfbeda1b&lt;/value&gt;
&lt;/configData&gt;
&lt;/layoutItem&gt;
&lt;layoutItem xsi:type="CustomHTML"&gt;
&lt;layoutItemId&gt;ValidationAlert&lt;/layoutItemId&gt;
&lt;configData&gt;
&lt;optionName&gt;@customHTML.contentType&lt;/optionName&gt;
&lt;value&gt;ASSET&lt;/value&gt;
&lt;/configData&gt;
&lt;configData&gt;
&lt;optionName&gt;@customHTML.textContent&lt;/optionName&gt;
&lt;/configData&gt;
&lt;configData&gt;
&lt;optionName&gt;@customHTML.variableContent&lt;/optionName&gt;
&lt;/configData&gt;
&lt;configData&gt;
&lt;optionName&gt;@customHTML.assetContent&lt;/optionName&gt;
&lt;value&gt;61.e37c8eaa-0cd4-3b24-a7d5-c0cdcdd58eb2&lt;/value&gt;
&lt;/configData&gt;
&lt;/layoutItem&gt;
&lt;/layout&gt;
</layout>
        <paletteIcon>/61.b5fb63c7-ed72-3e98-a867-9e4be9edeb19</paletteIcon>
        <previewImage>/61.c039bba1-0f82-372b-b94a-bbe129311573</previewImage>
        <hasLabel>true</hasLabel>
        <labelPosition>0</labelPosition>
        <nineSliceX1Coord isNull="true" />
        <nineSliceX2Coord isNull="true" />
        <nineSliceY1Coord isNull="true" />
        <nineSliceY2Coord isNull="true" />
        <emitBoundary>false</emitBoundary>
        <isPrototypeFunc>true</isPrototypeFunc>
        <enableDevMode>false</enableDevMode>
        <isMobileReady>true</isMobileReady>
        <loadJsFunction>coachViewHelper.bootstrap(this, "responsive.coaches", "multipleSelect", {Explorer: 9});</loadJsFunction>
        <unloadJsFunction></unloadJsFunction>
        <viewJsFunction></viewJsFunction>
        <changeJsFunction>coachViewHelper.notify(this);</changeJsFunction>
        <collaborationJsFunction isNull="true" />
        <description>&lt;p&gt;This control is a list in which users can select more than one item. The list is suitable for mobile and desktop platforms. To provide the items in the list, bind the control instance to a list object or specify a selection service as a configuration property.&lt;/p&gt;</description>
        <validateJsFunction>coachViewHelper.validate(this, event);</validateJsFunction>
        <previewAdvHtml>/61.68027e98-95ba-3189-b84c-0ad5a537fd9a</previewAdvHtml>
        <previewAdvJs>/61.4f70eebc-6080-3f63-982e-daefe0370919</previewAdvJs>
        <useUrlBinding>false</useUrlBinding>
        <guid>guid:0000000c3ebf1459:3b8386ca:90b8c91b5ca:-acea</guid>
        <versionId>7fa16e32-ead5-3d9c-b9ec-2240f4d30780</versionId>
        <field1 isNull="true" />
        <field2 isNull="true" />
        <field3>0</field3>
        <field4 isNull="true" />
        <field5>false</field5>
        <clobField1 isNull="true" />
        <bindingType name="selectedObjects">
            <lastModified isNull="true" />
            <lastModifiedBy isNull="true" />
            <tenantId isNull="true" />
            <coachViewBindingTypeId>65.3b0ee9b9-232c-3080-941e-2da93d7ad7e3</coachViewBindingTypeId>
            <coachViewId>64.c3ebf145-93b8-386c-a90b-8c91b5caacea</coachViewId>
            <isList>true</isList>
            <classId>c6353c54-3d3a-41ac-8ca7-4d0469d35681/12.c09c9b6e-aabd-4897-bef2-ed61db106297</classId>
            <seq isNull="true" />
            <description isNull="true" />
            <guid>guid:00000003b0ee9b92:32c30809:41e2da93d7a:-d7e3</guid>
            <versionId>d354083f-d19e-4835-85c0-b416836658ff</versionId>
        </bindingType>
        <configOption name="selectionList">
            <lastModified isNull="true" />
            <lastModifiedBy isNull="true" />
            <tenantId isNull="true" />
            <coachViewConfigOptionId>66.c8f43016-0b23-3f00-9073-e8ac3d122386</coachViewConfigOptionId>
            <coachViewId>64.c3ebf145-93b8-386c-a90b-8c91b5caacea</coachViewId>
            <isList>true</isList>
            <propertyType>OBJECT</propertyType>
            <label>tw.resource.messages.responsive.coaches.selectionList</label>
            <classId>c6353c54-3d3a-41ac-8ca7-4d0469d35681/12.c09c9b6e-aabd-4897-bef2-ed61db106297</classId>
            <processId isNull="true" />
            <actionflowId isNull="true" />
            <isAdaptive>false</isAdaptive>
            <seq>1</seq>
            <description>tw.resource.messages.responsive.coaches.selectSelectionList.description</description>
            <groupName isNull="true" />
            <guid>guid:0000000c8f430160:b233f009:073e8ac3d12:-2386</guid>
            <versionId>41849f8f-3603-4678-b177-b6e6f70b3bc8</versionId>
        </configOption>
        <configOption name="selectionService">
            <lastModified isNull="true" />
            <lastModifiedBy isNull="true" />
            <tenantId isNull="true" />
            <coachViewConfigOptionId>66.f42b72d9-731f-3d81-9931-a490e792568e</coachViewConfigOptionId>
            <coachViewId>64.c3ebf145-93b8-386c-a90b-8c91b5caacea</coachViewId>
            <isList>false</isList>
            <propertyType>SERVICE</propertyType>
            <label>tw.resource.messages.responsive.coaches.selectionService</label>
            <classId isNull="true" />
            <processId>/1.af91df95-3cd7-3441-93a7-15a5b764b3bf</processId>
            <actionflowId isNull="true" />
            <isAdaptive>false</isAdaptive>
            <seq>2</seq>
            <description>tw.resource.messages.responsive.coaches.selectionService.description</description>
            <groupName isNull="true" />
            <guid>guid:0000000f42b72d97:31f3d819:931a490e792:-568e</guid>
            <versionId>b8fc285a-ae08-411b-9894-807c87388410</versionId>
        </configOption>
        <configOption name="selectionServiceInputText">
            <lastModified isNull="true" />
            <lastModifiedBy isNull="true" />
            <tenantId isNull="true" />
            <coachViewConfigOptionId>66.250409c5-802f-3ac9-b6b4-679464cb8a40</coachViewConfigOptionId>
            <coachViewId>64.c3ebf145-93b8-386c-a90b-8c91b5caacea</coachViewId>
            <isList>false</isList>
            <propertyType>OBJECT</propertyType>
            <label>tw.resource.messages.responsive.coaches.serviceInputText</label>
            <classId>c6353c54-3d3a-41ac-8ca7-4d0469d35681/12.db884a3c-c533-44b7-bb2d-47bec8ad4022</classId>
            <processId isNull="true" />
            <actionflowId isNull="true" />
            <isAdaptive>false</isAdaptive>
            <seq>3</seq>
            <description>tw.resource.messages.responsive.coaches.serviceInputText.description</description>
            <groupName isNull="true" />
            <guid>guid:0000000250409c58:02f3ac9b:6b4679464cb:-8a40</guid>
            <versionId>1c596084-ab35-4738-bba2-ab9121e36c3e</versionId>
        </configOption>
        <configOption name="displayNameProperty">
            <lastModified isNull="true" />
            <lastModifiedBy isNull="true" />
            <tenantId isNull="true" />
            <coachViewConfigOptionId>66.9d6f7da2-8b3b-3e3a-a634-40a23243ab15</coachViewConfigOptionId>
            <coachViewId>64.c3ebf145-93b8-386c-a90b-8c91b5caacea</coachViewId>
            <isList>false</isList>
            <propertyType>OBJECT</propertyType>
            <label>tw.resource.messages.responsive.coaches.displayNameProperty</label>
            <classId>c6353c54-3d3a-41ac-8ca7-4d0469d35681/12.db884a3c-c533-44b7-bb2d-47bec8ad4022</classId>
            <processId isNull="true" />
            <actionflowId isNull="true" />
            <isAdaptive>false</isAdaptive>
            <seq>4</seq>
            <description>tw.resource.messages.responsive.coaches.displayNameProperty.description</description>
            <groupName isNull="true" />
            <guid>guid:00000009d6f7da28:b3b3e3aa:63440a23243:-ab15</guid>
            <versionId>0efd0eef-c81c-4762-af53-d338b0146eb5</versionId>
        </configOption>
        <configOption name="valueProperty">
            <lastModified isNull="true" />
            <lastModifiedBy isNull="true" />
            <tenantId isNull="true" />
            <coachViewConfigOptionId>66.e6412c21-cabb-3ba2-b7f8-b697f657c1a5</coachViewConfigOptionId>
            <coachViewId>64.c3ebf145-93b8-386c-a90b-8c91b5caacea</coachViewId>
            <isList>false</isList>
            <propertyType>OBJECT</propertyType>
            <label>tw.resource.messages.responsive.coaches.valueProperty</label>
            <classId>c6353c54-3d3a-41ac-8ca7-4d0469d35681/12.db884a3c-c533-44b7-bb2d-47bec8ad4022</classId>
            <processId isNull="true" />
            <actionflowId isNull="true" />
            <isAdaptive>false</isAdaptive>
            <seq>5</seq>
            <description>tw.resource.messages.responsive.coaches.valueProperty.description</description>
            <groupName isNull="true" />
            <guid>guid:0000000e6412c21c:abb3ba2b:7f8b697f657:-c1a5</guid>
            <versionId>15fc08ce-58fa-4a83-92af-f99ffa906e2c</versionId>
        </configOption>
        <configOption name="disableSort">
            <lastModified isNull="true" />
            <lastModifiedBy isNull="true" />
            <tenantId isNull="true" />
            <coachViewConfigOptionId>66.01fbe63f-04ae-36bd-9fcb-e55c646662c1</coachViewConfigOptionId>
            <coachViewId>64.c3ebf145-93b8-386c-a90b-8c91b5caacea</coachViewId>
            <isList>false</isList>
            <propertyType>OBJECT</propertyType>
            <label>tw.resource.messages.responsive.coaches.disableSort</label>
            <classId>c6353c54-3d3a-41ac-8ca7-4d0469d35681/12.83ff975e-8dbc-42e5-b738-fa8bc08274a2</classId>
            <processId isNull="true" />
            <actionflowId isNull="true" />
            <isAdaptive>false</isAdaptive>
            <seq>6</seq>
            <description>tw.resource.messages.responsive.coaches.disableSort.description</description>
            <groupName isNull="true" />
            <guid>guid:000000001fbe63f0:4ae36bd9:fcbe55c6466:-62c1</guid>
            <versionId>ca6e31c1-fb75-41d5-b263-5cb2d7a60a10</versionId>
        </configOption>
        <dynamicStyle>
            <lastModified isNull="true" />
            <lastModifiedBy isNull="true" />
            <tenantId isNull="true" />
            <coachViewDynamicStyleId>73.a532793e-17b7-3eeb-8ad3-a95aef82b005</coachViewDynamicStyleId>
            <coachViewId>64.c3ebf145-93b8-386c-a90b-8c91b5caacea</coachViewId>
            <filePath>scripts/controls.less</filePath>
            <assetUuid>/61.753ec599-e014-3ac0-9251-63c6aa962a34</assetUuid>
            <seq>0</seq>
            <guid>guid:0000000a532793e1:7b73eeb8:ad3a95aef82:-b005</guid>
            <versionId>ed826770-21d1-4cf4-9bd0-f6c6968f1e29</versionId>
        </dynamicStyle>
        <inlineScript name="Inline CSS">
            <lastModified isNull="true" />
            <lastModifiedBy isNull="true" />
            <tenantId isNull="true" />
            <coachViewInlineScriptId>68.8bfb0a14-e32c-3704-a814-f60c5b9a093d</coachViewInlineScriptId>
            <coachViewId>64.c3ebf145-93b8-386c-a90b-8c91b5caacea</coachViewId>
            <scriptType>CSS</scriptType>
            <scriptBlock isNull="true" />
            <seq>0</seq>
            <description isNull="true" />
            <guid>guid:00000008bfb0a14e:32c3704a:814f60c5b9a:-093d</guid>
            <versionId>b6c1f017-d4e9-4578-ace3-cb395142337b</versionId>
        </inlineScript>
        <inlineScript name="Inline Javascript">
            <lastModified isNull="true" />
            <lastModifiedBy isNull="true" />
            <tenantId isNull="true" />
            <coachViewInlineScriptId>68.cdb3bc01-ad6e-3dd9-9a14-e538c9b0f52e</coachViewInlineScriptId>
            <coachViewId>64.c3ebf145-93b8-386c-a90b-8c91b5caacea</coachViewId>
            <scriptType>JS</scriptType>
            <scriptBlock>
/*
@dojoConfigUpdateStart
dojoConfig.packages.push({
name: 'com.ibm.bpm.coach.angular',
location: dojoConfig.isDebug ?
com_ibm_bpm_coach.getManagedAssetUrl('coachview.helper.debug.zip', com_ibm_bpm_coach.assetType_WEB, 'SYSRC')
: com_ibm_bpm_coach.getManagedAssetUrl('coachview.helper.min.zip', com_ibm_bpm_coach.assetType_WEB, 'SYSRC')
});
@dojoConfigUpdateEnd
*/
</scriptBlock>
            <seq>1</seq>
            <description isNull="true" />
            <guid>guid:0000000cdb3bc01a:d6e3dd99:a14e538c9b0:-f52e</guid>
            <versionId>5aa2af64-90e5-4c90-9763-abbbce789e94</versionId>
        </inlineScript>
        <inlineScript name="Header HTML">
            <lastModified isNull="true" />
            <lastModifiedBy isNull="true" />
            <tenantId isNull="true" />
            <coachViewInlineScriptId>68.09fb2d5e-8dc6-3dbf-983f-2b92764ace70</coachViewInlineScriptId>
            <coachViewId>64.c3ebf145-93b8-386c-a90b-8c91b5caacea</coachViewId>
            <scriptType>HTML</scriptType>
            <scriptBlock isNull="true" />
            <seq>2</seq>
            <description isNull="true" />
            <guid>guid:000000009fb2d5e8:dc63dbf9:83f2b92764a:-ce70</guid>
            <versionId>4f8b57ca-54c0-44db-8c08-e26147219c0d</versionId>
        </inlineScript>
        <localization>
            <lastModified isNull="true" />
            <lastModifiedBy isNull="true" />
            <tenantId isNull="true" />
            <coachViewLocalResId>69.a854ebbc-c8af-3f85-8461-6e2279dfad21</coachViewLocalResId>
            <coachViewId>64.c3ebf145-93b8-386c-a90b-8c91b5caacea</coachViewId>
            <resourceBundleGroupId>/50.b17076cd-8a20-376f-9c7d-379adea7aabc</resourceBundleGroupId>
            <seq>1</seq>
            <guid>guid:0000000a854ebbcc:8af3f858:4616e2279df:-ad21</guid>
            <versionId>a157450b-06c5-4144-a39a-35444c6c302d</versionId>
        </localization>
        <amdDependency>
            <lastModified isNull="true" />
            <lastModifiedBy isNull="true" />
            <tenantId isNull="true" />
            <coachViewAmdDepId>70.fb0eda45-c845-4cd2-b0e9-6493941a7551</coachViewAmdDepId>
            <coachViewId>64.c3ebf145-93b8-386c-a90b-8c91b5caacea</coachViewId>
            <moduleId>com.ibm.bpm.coach.angular/scripts/coachViewHelper</moduleId>
            <functionArgument>coachViewHelper</functionArgument>
            <seq>0</seq>
            <guid>guid:0000000abf9bdb6c:f1a373c8:6dbe6dd3cfb:-cde5</guid>
            <versionId>1ca0f3a0-0eca-4d7f-9e67-98d05d923333</versionId>
        </amdDependency>
    </coachView>
</teamworks>

