<?xml version="1.0" encoding="UTF-8"?>
<teamworks>
    <process id="1.22a9f340-e526-4099-ac2b-05ae19714ad1" name="Get Access Token">
        <lastModified>1654159498623</lastModified>
        <lastModifiedBy>cp4badmin</lastModifiedBy>
        <tenantId isNull="true" />
        <processId>1.22a9f340-e526-4099-ac2b-05ae19714ad1</processId>
        <image isNull="true" />
        <tabGroup isNull="true" />
        <startingProcessItemId>2025.126ffc1e-d169-46f1-80f2-f5871c6cb59b</startingProcessItemId>
        <isRootProcess>false</isRootProcess>
        <processType>12</processType>
        <isErrorHandlerEnabled>false</isErrorHandlerEnabled>
        <errorHandlerItemId isNull="true" />
        <isLoggingVariables>false</isLoggingVariables>
        <isTransactional>false</isTransactional>
        <processTimingLevel isNull="true" />
        <participantRef isNull="true" />
        <exposedType>0</exposedType>
        <isTrackingEnabled>true</isTrackingEnabled>
        <xmlData isNull="true" />
        <cachingType>false</cachingType>
        <itemLabel isNull="true" />
        <cacheLength>0</cacheLength>
        <mobileReady>false</mobileReady>
        <sboSyncEnabled>true</sboSyncEnabled>
        <externalId isNull="true" />
        <isSecured>true</isSecured>
        <isAjaxExposed>true</isAjaxExposed>
        <isInvokedAsynchronously>false</isInvokedAsynchronously>
        <description isNull="true" />
        <guid>guid:dcc00a9933f04909:1638e8e3:180bca48b7c:-7fcb</guid>
        <versionId>f565ef63-9d6a-43ff-8756-095e15d8e588</versionId>
        <dependencySummary>&lt;dependencySummary id="bpdid:dcc00a9933f04909:1638e8e3:180bca48b7c:-77b9"&gt;
  &lt;artifactReference id="bpdid:dcc00a9933f04909:1638e8e3:180bca48b7c:-77b8"&gt;
    &lt;refId&gt;1.e28798be-f904-4511-8f0b-5e3654aaada8&lt;/refId&gt;
    &lt;refType&gt;1&lt;/refType&gt;
    &lt;nameValuePair id="bpdid:dcc00a9933f04909:1638e8e3:180bca48b7c:-77b7"&gt;
      &lt;name&gt;operationId&lt;/name&gt;
      &lt;value&gt;{com.ibm.rpa}_209b65ee-5e1e-4c5c-ad5f-ad6d7deaf7d7&lt;/value&gt;
    &lt;/nameValuePair&gt;
  &lt;/artifactReference&gt;
&lt;/dependencySummary&gt;</dependencySummary>
        <jsonData>{"rootElement":[{"flowElement":[{"parallelMultiple":false,"outgoing":["2027.786d0efd-e90b-47ec-8285-6427f420bd3f"],"isInterrupting":false,"extensionElements":{"nodeVisualInfo":[{"color":"#F8F8F8","width":24,"x":25,"y":80,"declaredType":"TNodeVisualInfo","height":24}]},"name":"Start","declaredType":"startEvent","id":"7314027e-585c-435e-8ab1-df0326bc05a8"},{"incoming":["97c8cd16-0310-4711-82e9-3f6c0f7fc85d"],"extensionElements":{"nodeVisualInfo":[{"color":"#F8F8F8","width":24,"x":650,"y":80,"declaredType":"TNodeVisualInfo","height":24}],"endStateId":["guid:dcc00a9933f04909:1638e8e3:180bca48b7c:-7fc9"],"saveExecutionContext":[true]},"name":"End","declaredType":"endEvent","id":"9e8c5e25-d75e-42de-81d2-7a50670bbfa3"},{"targetRef":"126ffc1e-d169-46f1-80f2-f5871c6cb59b","extensionElements":{"linkVisualInfo":[{"sourcePortLocation":"rightCenter","showCoachControlLabel":false,"labelPosition":0.0,"targetPortLocation":"leftCenter","declaredType":"TLinkVisualInfo","saveExecutionContext":false,"showLabel":false}]},"name":"To Get Access Token","declaredType":"sequenceFlow","id":"2027.786d0efd-e90b-47ec-8285-6427f420bd3f","sourceRef":"7314027e-585c-435e-8ab1-df0326bc05a8"},{"outgoing":["97c8cd16-0310-4711-82e9-3f6c0f7fc85d"],"incoming":["2027.786d0efd-e90b-47ec-8285-6427f420bd3f"],"extensionElements":{"nodeVisualInfo":[{"width":95,"x":274,"y":57,"declaredType":"TNodeVisualInfo","height":70}],"activityType":["ServiceTask"],"externalServiceRefPO":["1.e28798be-f904-4511-8f0b-5e3654aaada8"],"externalServiceRef":["{com.ibm.rpa}_618077f7-cb79-4649-8a78-6e5cc1375625"]},"operationRef":"{com.ibm.rpa}_209b65ee-5e1e-4c5c-ad5f-ad6d7deaf7d7","implementation":"##WebService","declaredType":"serviceTask","startQuantity":1,"name":"Get Access Token","dataInputAssociation":[{"targetRef":"_c2e881a6-fc01-4690-bbf1-b2c511a1e7a1","assignment":[{"from":{"evaluatesToTypeRef":"itm.12.db884a3c-c533-44b7-bb2d-47bec8ad4022","declaredType":"TFormalExpression","content":["tw.local.tenantID"]}}]},{"targetRef":"_3bc50cd6-a574-4348-a0d7-93243d51d6fc","assignment":[{"from":{"evaluatesToTypeRef":"itm.12.db884a3c-c533-44b7-bb2d-47bec8ad4022","declaredType":"TFormalExpression","content":["tw.local.userName"]}}]},{"targetRef":"_823b426d-9de7-4b32-9ff7-29ebd1ccf752","assignment":[{"from":{"evaluatesToTypeRef":"itm.12.db884a3c-c533-44b7-bb2d-47bec8ad4022","declaredType":"TFormalExpression","content":["tw.local.password"]}}]},{"targetRef":"_fc19bb02-17e9-40e4-a672-0a21655e91ad","assignment":[{"from":{"evaluatesToTypeRef":"itm.12.db884a3c-c533-44b7-bb2d-47bec8ad4022","declaredType":"TFormalExpression","content":["tw.local.baseURL"]}}]}],"isForCompensation":false,"completionQuantity":1,"id":"126ffc1e-d169-46f1-80f2-f5871c6cb59b","dataOutputAssociation":[{"assignment":[{"to":{"evaluatesToTypeRef":"itm.12.db884a3c-c533-44b7-bb2d-47bec8ad4022","declaredType":"TFormalExpression","content":["tw.local.accessToken"]}}],"sourceRef":["_261946a3-daec-4e23-81b2-302328b888c1"]}]},{"targetRef":"9e8c5e25-d75e-42de-81d2-7a50670bbfa3","extensionElements":{"sequenceFlowImplementation":[{"fireValidation":"Never","sboSyncEnabled":true,"declaredType":"com.ibm.bpmsdk.model.bpmn20.ibmext.TSequenceFlowImplementation"}],"linkVisualInfo":[{"sourcePortLocation":"rightCenter","showCoachControlLabel":false,"labelPosition":0.0,"targetPortLocation":"leftCenter","declaredType":"TLinkVisualInfo","saveExecutionContext":true,"showLabel":false}]},"name":"To End","declaredType":"sequenceFlow","id":"97c8cd16-0310-4711-82e9-3f6c0f7fc85d","sourceRef":"126ffc1e-d169-46f1-80f2-f5871c6cb59b"}],"laneSet":[{"id":"3cec2a2a-01e3-48a6-86e9-7b57c529c8a4","lane":[{"flowNodeRef":["7314027e-585c-435e-8ab1-df0326bc05a8","9e8c5e25-d75e-42de-81d2-7a50670bbfa3","126ffc1e-d169-46f1-80f2-f5871c6cb59b"],"extensionElements":{"nodeVisualInfo":[{"color":"#F8F8F8","width":3000,"x":0,"y":0,"declaredType":"TNodeVisualInfo","height":500}]},"name":"System","partitionElementRef":"24.6fd38d02-81cf-48ab-bd42-8ff4c0a1628b","declaredType":"lane","id":"4dce5c3c-5af7-43a4-882e-b5be84794a2d","otherAttributes":{"{http:\/\/www.ibm.com\/xmlns\/prod\/bpm\/bpmn\/ext\/process\/wle}isSystemLane":"true"}}]}],"isClosed":false,"extensionElements":{"isSecured":[true],"isAjaxExposed":[true],"sboSyncEnabled":[true]},"documentation":[{"textFormat":"text\/plain"}],"name":"Get Access Token","declaredType":"process","id":"1.22a9f340-e526-4099-ac2b-05ae19714ad1","processType":"None","otherAttributes":{"{http:\/\/www.ibm.com\/xmlns\/prod\/bpm\/bpmn\/ext\/process}executionMode":"microflow"},"ioSpecification":{"dataOutput":[{"itemSubjectRef":"itm.12.db884a3c-c533-44b7-bb2d-47bec8ad4022","name":"accessToken","isCollection":false,"id":"2055.10874431-73f4-419c-8d38-c91c99a39c0e"}],"inputSet":[{"dataInputRefs":["2055.40548e6a-5fe6-4a65-83d4-30b8ef6655e6","2055.8e38490d-c136-4f89-8dd8-d4c55191d77a","2055.2e7b5e0d-6985-41e8-80f8-69eef435945a","2055.359bcd28-1e1f-4886-8046-be97443ab674"]}],"outputSet":[{"dataOutputRefs":["2055.10874431-73f4-419c-8d38-c91c99a39c0e"]}],"dataInput":[{"itemSubjectRef":"itm.12.db884a3c-c533-44b7-bb2d-47bec8ad4022","name":"baseURL","isCollection":false,"id":"2055.40548e6a-5fe6-4a65-83d4-30b8ef6655e6"},{"itemSubjectRef":"itm.12.db884a3c-c533-44b7-bb2d-47bec8ad4022","name":"tenantID","isCollection":false,"id":"2055.8e38490d-c136-4f89-8dd8-d4c55191d77a"},{"itemSubjectRef":"itm.12.db884a3c-c533-44b7-bb2d-47bec8ad4022","name":"userName","isCollection":false,"id":"2055.2e7b5e0d-6985-41e8-80f8-69eef435945a"},{"itemSubjectRef":"itm.12.db884a3c-c533-44b7-bb2d-47bec8ad4022","name":"password","isCollection":false,"id":"2055.359bcd28-1e1f-4886-8046-be97443ab674"}]}}],"targetNamespace":"","typeLanguage":"http:\/\/www.w3.org\/2001\/XMLSchema","expressionLanguage":"http:\/\/www.ibm.com\/xmlns\/prod\/bpm\/expression-lang\/javascript"}</jsonData>
        <field1 isNull="true" />
        <field2 isNull="true" />
        <field3>0</field3>
        <field4 isNull="true" />
        <field5>false</field5>
        <clobField1 isNull="true" />
        <blobField1 isNull="true" />
        <processParameter name="baseURL">
            <lastModified isNull="true" />
            <lastModifiedBy isNull="true" />
            <tenantId isNull="true" />
            <processParameterId>2055.40548e6a-5fe6-4a65-83d4-30b8ef6655e6</processParameterId>
            <processId>1.22a9f340-e526-4099-ac2b-05ae19714ad1</processId>
            <parameterType>1</parameterType>
            <isArrayOf>false</isArrayOf>
            <classId>eecbab83-82e6-41dd-9f5f-98447bb49721/12.db884a3c-c533-44b7-bb2d-47bec8ad4022</classId>
            <seq>1</seq>
            <hasDefault>false</hasDefault>
            <defaultValue isNull="true" />
            <isLocked>false</isLocked>
            <description isNull="true" />
            <guid>87c5f0fe-6ce1-41d8-97fc-d5586df998e9</guid>
            <versionId>9f8b2f30-e76d-44c5-b7ae-056b8cbc6b14</versionId>
        </processParameter>
        <processParameter name="tenantID">
            <lastModified isNull="true" />
            <lastModifiedBy isNull="true" />
            <tenantId isNull="true" />
            <processParameterId>2055.8e38490d-c136-4f89-8dd8-d4c55191d77a</processParameterId>
            <processId>1.22a9f340-e526-4099-ac2b-05ae19714ad1</processId>
            <parameterType>1</parameterType>
            <isArrayOf>false</isArrayOf>
            <classId>eecbab83-82e6-41dd-9f5f-98447bb49721/12.db884a3c-c533-44b7-bb2d-47bec8ad4022</classId>
            <seq>2</seq>
            <hasDefault>false</hasDefault>
            <defaultValue isNull="true" />
            <isLocked>false</isLocked>
            <description isNull="true" />
            <guid>18e55809-9e3b-4e95-9884-38ac14dcb723</guid>
            <versionId>b02f1b05-bc55-475c-964b-9c30571217e1</versionId>
        </processParameter>
        <processParameter name="userName">
            <lastModified isNull="true" />
            <lastModifiedBy isNull="true" />
            <tenantId isNull="true" />
            <processParameterId>2055.2e7b5e0d-6985-41e8-80f8-69eef435945a</processParameterId>
            <processId>1.22a9f340-e526-4099-ac2b-05ae19714ad1</processId>
            <parameterType>1</parameterType>
            <isArrayOf>false</isArrayOf>
            <classId>eecbab83-82e6-41dd-9f5f-98447bb49721/12.db884a3c-c533-44b7-bb2d-47bec8ad4022</classId>
            <seq>3</seq>
            <hasDefault>false</hasDefault>
            <defaultValue isNull="true" />
            <isLocked>false</isLocked>
            <description isNull="true" />
            <guid>74040c6f-f60d-4d23-ad6c-2dde88da89c7</guid>
            <versionId>47e057e3-632f-435b-9a4f-5aa7e91a1192</versionId>
        </processParameter>
        <processParameter name="password">
            <lastModified isNull="true" />
            <lastModifiedBy isNull="true" />
            <tenantId isNull="true" />
            <processParameterId>2055.359bcd28-1e1f-4886-8046-be97443ab674</processParameterId>
            <processId>1.22a9f340-e526-4099-ac2b-05ae19714ad1</processId>
            <parameterType>1</parameterType>
            <isArrayOf>false</isArrayOf>
            <classId>eecbab83-82e6-41dd-9f5f-98447bb49721/12.db884a3c-c533-44b7-bb2d-47bec8ad4022</classId>
            <seq>4</seq>
            <hasDefault>false</hasDefault>
            <defaultValue isNull="true" />
            <isLocked>false</isLocked>
            <description isNull="true" />
            <guid>3d93b612-ebf7-450e-bf1d-a97c168d22b3</guid>
            <versionId>b73e200e-6ee0-41ec-9d9d-18dd662090ef</versionId>
        </processParameter>
        <processParameter name="accessToken">
            <lastModified isNull="true" />
            <lastModifiedBy isNull="true" />
            <tenantId isNull="true" />
            <processParameterId>2055.10874431-73f4-419c-8d38-c91c99a39c0e</processParameterId>
            <processId>1.22a9f340-e526-4099-ac2b-05ae19714ad1</processId>
            <parameterType>2</parameterType>
            <isArrayOf>false</isArrayOf>
            <classId>eecbab83-82e6-41dd-9f5f-98447bb49721/12.db884a3c-c533-44b7-bb2d-47bec8ad4022</classId>
            <seq>5</seq>
            <hasDefault>false</hasDefault>
            <defaultValue isNull="true" />
            <isLocked>false</isLocked>
            <description isNull="true" />
            <guid>98142206-9f62-4034-9c58-1aed6095dc80</guid>
            <versionId>43517fcf-2c70-4759-bad3-1aaff0b1a9d4</versionId>
        </processParameter>
        <item>
            <lastModified isNull="true" />
            <lastModifiedBy isNull="true" />
            <tenantId isNull="true" />
            <processItemId>2025.126ffc1e-d169-46f1-80f2-f5871c6cb59b</processItemId>
            <processId>1.22a9f340-e526-4099-ac2b-05ae19714ad1</processId>
            <name>Get Access Token</name>
            <tWComponentName>SKELConnector</tWComponentName>
            <tWComponentId>3034.5fd0dc59-65ae-4a47-99de-4e4b68070276</tWComponentId>
            <isLogEnabled>false</isLogEnabled>
            <isTraceEnabled>false</isTraceEnabled>
            <traceCategory isNull="true" />
            <traceLevel isNull="true" />
            <traceMessage isNull="true" />
            <traceSymbolTable isNull="true" />
            <isExecutionContextTraced>false</isExecutionContextTraced>
            <saveExecutionContext>false</saveExecutionContext>
            <documentation isNull="true" />
            <isErrorHandlerEnabled>false</isErrorHandlerEnabled>
            <errorHandlerItemId isNull="true" />
            <guid>guid:dcc00a9933f04909:1638e8e3:180bca48b7c:-7fc7</guid>
            <versionId>2998cf2f-e42d-4e31-b6c5-7f2699daf879</versionId>
            <externalServiceRef>/1.e28798be-f904-4511-8f0b-5e3654aaada8</externalServiceRef>
            <externalServiceOp>_209b65ee-5e1e-4c5c-ad5f-ad6d7deaf7d7</externalServiceOp>
            <nodeColor isNull="true" />
            <layoutData x="274" y="57">
                <errorLink>
                    <controlPoints />
                    <showEndState>false</showEndState>
                    <showName>false</showName>
                </errorLink>
            </layoutData>
            <TWComponent>
                <lastModified isNull="true" />
                <lastModifiedBy isNull="true" />
                <tenantId isNull="true" />
                <skelConnectorId>3034.5fd0dc59-65ae-4a47-99de-4e4b68070276</skelConnectorId>
                <definition>&lt;config type="com.lombardisoftware.client.persistence.SKELConnectorConfiguration"&gt;
  &lt;inputParameters&gt;
    &lt;parameter&gt;
      &lt;name&gt;_c2e881a6-fc01-4690-bbf1-b2c511a1e7a1&lt;/name&gt;
      &lt;type&gt;itm.12.db884a3c-c533-44b7-bb2d-47bec8ad4022&lt;/type&gt;
      &lt;description /&gt;
      &lt;defaultValue /&gt;
      &lt;argumentVariable&gt;tw.local.tenantID&lt;/argumentVariable&gt;
      &lt;isArray&gt;&lt;/isArray&gt;
    &lt;/parameter&gt;
    &lt;parameter&gt;
      &lt;name&gt;_3bc50cd6-a574-4348-a0d7-93243d51d6fc&lt;/name&gt;
      &lt;type&gt;itm.12.db884a3c-c533-44b7-bb2d-47bec8ad4022&lt;/type&gt;
      &lt;description /&gt;
      &lt;defaultValue /&gt;
      &lt;argumentVariable&gt;tw.local.userName&lt;/argumentVariable&gt;
      &lt;isArray&gt;&lt;/isArray&gt;
    &lt;/parameter&gt;
    &lt;parameter&gt;
      &lt;name&gt;_823b426d-9de7-4b32-9ff7-29ebd1ccf752&lt;/name&gt;
      &lt;type&gt;itm.12.db884a3c-c533-44b7-bb2d-47bec8ad4022&lt;/type&gt;
      &lt;description /&gt;
      &lt;defaultValue /&gt;
      &lt;argumentVariable&gt;tw.local.password&lt;/argumentVariable&gt;
      &lt;isArray&gt;&lt;/isArray&gt;
    &lt;/parameter&gt;
    &lt;parameter&gt;
      &lt;name&gt;_fc19bb02-17e9-40e4-a672-0a21655e91ad&lt;/name&gt;
      &lt;type&gt;itm.12.db884a3c-c533-44b7-bb2d-47bec8ad4022&lt;/type&gt;
      &lt;description /&gt;
      &lt;defaultValue /&gt;
      &lt;argumentVariable&gt;tw.local.baseURL&lt;/argumentVariable&gt;
      &lt;isArray&gt;&lt;/isArray&gt;
    &lt;/parameter&gt;
  &lt;/inputParameters&gt;
  &lt;outputParameters&gt;
    &lt;parameter&gt;
      &lt;name&gt;_261946a3-daec-4e23-81b2-302328b888c1&lt;/name&gt;
      &lt;type&gt;itm.12.db884a3c-c533-44b7-bb2d-47bec8ad4022&lt;/type&gt;
      &lt;description /&gt;
      &lt;defaultValue /&gt;
      &lt;argumentVariable&gt;tw.local.accessToken&lt;/argumentVariable&gt;
      &lt;isArray&gt;&lt;/isArray&gt;
    &lt;/parameter&gt;
  &lt;/outputParameters&gt;
  &lt;extendedProperties /&gt;
&lt;/config&gt;</definition>
                <guid>7c609941-d322-40d3-a1ef-d3cbbfc81701</guid>
                <versionId>b05c071f-860b-4994-935e-c37f514fd956</versionId>
            </TWComponent>
        </item>
        <item>
            <lastModified isNull="true" />
            <lastModifiedBy isNull="true" />
            <tenantId isNull="true" />
            <processItemId>2025.9e8c5e25-d75e-42de-81d2-7a50670bbfa3</processItemId>
            <processId>1.22a9f340-e526-4099-ac2b-05ae19714ad1</processId>
            <name>End</name>
            <tWComponentName>ExitPoint</tWComponentName>
            <tWComponentId>3008.11a46ebc-dd7b-4c7f-86c2-e91c9ced16d8</tWComponentId>
            <isLogEnabled>false</isLogEnabled>
            <isTraceEnabled>false</isTraceEnabled>
            <traceCategory isNull="true" />
            <traceLevel isNull="true" />
            <traceMessage isNull="true" />
            <traceSymbolTable isNull="true" />
            <isExecutionContextTraced>false</isExecutionContextTraced>
            <saveExecutionContext>true</saveExecutionContext>
            <documentation isNull="true" />
            <isErrorHandlerEnabled>false</isErrorHandlerEnabled>
            <errorHandlerItemId isNull="true" />
            <guid>guid:dcc00a9933f04909:1638e8e3:180bca48b7c:-7fc9</guid>
            <versionId>ac809742-2661-45e1-9901-4d3190366a7b</versionId>
            <externalServiceRef isNull="true" />
            <externalServiceOp isNull="true" />
            <nodeColor isNull="true" />
            <layoutData x="650" y="80">
                <errorLink>
                    <controlPoints />
                    <showEndState>false</showEndState>
                    <showName>false</showName>
                </errorLink>
            </layoutData>
            <TWComponent>
                <lastModified isNull="true" />
                <lastModifiedBy isNull="true" />
                <tenantId isNull="true" />
                <exitPointId>3008.11a46ebc-dd7b-4c7f-86c2-e91c9ced16d8</exitPointId>
                <haltProcess>false</haltProcess>
                <guid>69908bf6-6086-4ce0-8579-6afe19650a84</guid>
                <versionId>29ba5b74-1853-4f48-a22d-4e83988582c4</versionId>
            </TWComponent>
        </item>
        <startingProcessItemId>2025.126ffc1e-d169-46f1-80f2-f5871c6cb59b</startingProcessItemId>
        <errorHandlerItemId isNull="true" />
        <layoutData noConversion="true">
            <errorLink>
                <controlPoints />
                <showEndState>false</showEndState>
                <showName>false</showName>
            </errorLink>
        </layoutData>
        <startPoint>
            <layoutData x="25" y="80">
                <errorLink>
                    <controlPoints />
                    <showEndState>false</showEndState>
                    <showName>false</showName>
                </errorLink>
            </layoutData>
        </startPoint>
        <startLink>
            <fromPort locationId="rightCenter" portType="1" />
            <toPort locationId="leftCenter" portType="2" />
            <layoutData>
                <controlPoints />
                <showEndState>false</showEndState>
                <showName>false</showName>
            </layoutData>
        </startLink>
        <bpmn2Model>
            <ns16:definitions xmlns:ns16="http://www.omg.org/spec/BPMN/20100524/MODEL" xmlns:ns2="http://www.ibm.com/xmlns/prod/bpm/bpmn/ext/process/case" xmlns:ns3="http://www.ibm.com/xmlns/prod/bpm/bpmn/ext/process" xmlns:ns4="http://www.ibm.com/xmlns/prod/bpm/bpmn/ext/process/wle" xmlns:ns5="http://www.ibm.com/bpm/Extensions" xmlns:ns6="http://www.ibm.com/xmlns/prod/bpm/uca" xmlns:ns7="http://www.ibm.com/xmlns/prod/bpm/bpmn/ext/team" xmlns:ns8="http://www.ibm.com/xmlns/prod/bpm/bpmn/ext/trackinggroup" xmlns:ns9="http://www.ibm.com/xmlns/bpmnx/20100524/v1/BusinessVocabulary" xmlns:ns10="http://www.omg.org/spec/DD/20100524/DI" xmlns:ns11="http://www.omg.org/spec/DD/20100524/DC" xmlns:ns12="http://www.omg.org/spec/BPMN/20100524/BPMNDI" xmlns:ns13="http://www.ibm.com/xmlns/prod/bpm/graph" xmlns:ns14="http://www.ibm.com/xmlns/prod/bpm/bpmn/ext/process/auth" xmlns:ns15="http://www.ibm.com/xmlns/prod/bpm/bpmn/ext/extservice" xmlns:ns17="http://www.ibm.com/bpm/processappsettings" xmlns:ns18="http://www.ibm.com/xmlns/links" xmlns:ns19="http://www.ibm.com/bpm/CoachDesignerNG" xmlns:ns20="http://www.ibm.com/xmlns/tagging" xmlns:ns21="http://www.ibm.com/bpm/uitheme" xmlns:ns22="http://www.ibm.com/bpm/coachview" targetNamespace="" expressionLanguage="http://www.ibm.com/xmlns/prod/bpm/expression-lang/javascript" typeLanguage="http://www.w3.org/2001/XMLSchema">
                
                
                
                
                
                
                
                
                
                
                
                
                
                
                
                
                
                
                <ns16:process name="Get Access Token" id="1.22a9f340-e526-4099-ac2b-05ae19714ad1" ns3:executionMode="microflow">
                    
                    
                    
                    
                    
                    
                    
                    
                    
                    
                    
                    
                    
                    
                    
                    
                    
                    
                    <ns16:documentation textFormat="text/plain" />
                    
                    
                    
                    
                    
                    
                    
                    
                    
                    
                    
                    
                    
                    
                    
                    
                    
                    
                    <ns16:extensionElements>
                        
                        
                        
                        
                        
                        
                        
                        
                        
                        
                        
                        
                        
                        
                        
                        
                        
                        
                        <ns3:isSecured>true</ns3:isSecured>
                        
                        
                        
                        
                        
                        
                        
                        
                        
                        
                        
                        
                        
                        
                        
                        
                        
                        
                        <ns3:isAjaxExposed>true</ns3:isAjaxExposed>
                        
                        
                        
                        
                        
                        
                        
                        
                        
                        
                        
                        
                        
                        
                        
                        
                        
                        
                        <ns3:sboSyncEnabled>true</ns3:sboSyncEnabled>
                        
                        
                        
                        
                        
                        
                        
                        
                        
                    
                    
                    
                    
                    
                    
                    
                    
                    
                    </ns16:extensionElements>
                    
                    
                    
                    
                    
                    
                    
                    
                    
                    
                    
                    
                    
                    
                    
                    
                    
                    
                    <ns16:ioSpecification>
                        
                        
                        
                        
                        
                        
                        
                        
                        
                        
                        
                        
                        
                        
                        
                        
                        
                        
                        <ns16:dataInput name="baseURL" itemSubjectRef="itm.12.db884a3c-c533-44b7-bb2d-47bec8ad4022" isCollection="false" id="2055.40548e6a-5fe6-4a65-83d4-30b8ef6655e6" />
                        
                        
                        
                        
                        
                        
                        
                        
                        
                        
                        
                        
                        
                        
                        
                        
                        
                        
                        <ns16:dataInput name="tenantID" itemSubjectRef="itm.12.db884a3c-c533-44b7-bb2d-47bec8ad4022" isCollection="false" id="2055.8e38490d-c136-4f89-8dd8-d4c55191d77a" />
                        
                        
                        
                        
                        
                        
                        
                        
                        
                        
                        
                        
                        
                        
                        
                        
                        
                        
                        <ns16:dataInput name="userName" itemSubjectRef="itm.12.db884a3c-c533-44b7-bb2d-47bec8ad4022" isCollection="false" id="2055.2e7b5e0d-6985-41e8-80f8-69eef435945a" />
                        
                        
                        
                        
                        
                        
                        
                        
                        
                        
                        
                        
                        
                        
                        
                        
                        
                        
                        <ns16:dataInput name="password" itemSubjectRef="itm.12.db884a3c-c533-44b7-bb2d-47bec8ad4022" isCollection="false" id="2055.359bcd28-1e1f-4886-8046-be97443ab674" />
                        
                        
                        
                        
                        
                        
                        
                        
                        
                        
                        
                        
                        
                        
                        
                        
                        
                        
                        <ns16:dataOutput name="accessToken" itemSubjectRef="itm.12.db884a3c-c533-44b7-bb2d-47bec8ad4022" isCollection="false" id="2055.10874431-73f4-419c-8d38-c91c99a39c0e" />
                        
                        
                        
                        
                        
                        
                        
                        
                        
                        
                        
                        
                        
                        
                        
                        
                        
                        
                        <ns16:inputSet>
                            
                            
                            
                            
                            
                            
                            
                            
                            
                            
                            
                            
                            
                            
                            
                            
                            
                            
                            <ns16:dataInputRefs>2055.40548e6a-5fe6-4a65-83d4-30b8ef6655e6</ns16:dataInputRefs>
                            
                            
                            
                            
                            
                            
                            
                            
                            
                            
                            
                            
                            
                            
                            
                            
                            
                            
                            <ns16:dataInputRefs>2055.8e38490d-c136-4f89-8dd8-d4c55191d77a</ns16:dataInputRefs>
                            
                            
                            
                            
                            
                            
                            
                            
                            
                            
                            
                            
                            
                            
                            
                            
                            
                            
                            <ns16:dataInputRefs>2055.2e7b5e0d-6985-41e8-80f8-69eef435945a</ns16:dataInputRefs>
                            
                            
                            
                            
                            
                            
                            
                            
                            
                            
                            
                            
                            
                            
                            
                            
                            
                            
                            <ns16:dataInputRefs>2055.359bcd28-1e1f-4886-8046-be97443ab674</ns16:dataInputRefs>
                            
                            
                            
                            
                            
                            
                            
                            
                            
                        
                        
                        
                        
                        
                        
                        
                        
                        
                        </ns16:inputSet>
                        
                        
                        
                        
                        
                        
                        
                        
                        
                        
                        
                        
                        
                        
                        
                        
                        
                        
                        <ns16:outputSet>
                            
                            
                            
                            
                            
                            
                            
                            
                            
                            
                            
                            
                            
                            
                            
                            
                            
                            
                            <ns16:dataOutputRefs>2055.10874431-73f4-419c-8d38-c91c99a39c0e</ns16:dataOutputRefs>
                            
                            
                            
                            
                            
                            
                            
                            
                            
                        
                        
                        
                        
                        
                        
                        
                        
                        
                        </ns16:outputSet>
                        
                        
                        
                        
                        
                        
                        
                        
                        
                    
                    
                    
                    
                    
                    
                    
                    
                    
                    </ns16:ioSpecification>
                    
                    
                    
                    
                    
                    
                    
                    
                    
                    
                    
                    
                    
                    
                    
                    
                    
                    
                    <ns16:laneSet id="3cec2a2a-01e3-48a6-86e9-7b57c529c8a4">
                        
                        
                        
                        
                        
                        
                        
                        
                        
                        
                        
                        
                        
                        
                        
                        
                        
                        
                        <ns16:lane name="System" partitionElementRef="24.6fd38d02-81cf-48ab-bd42-8ff4c0a1628b" id="4dce5c3c-5af7-43a4-882e-b5be84794a2d" ns4:isSystemLane="true">
                            
                            
                            
                            
                            
                            
                            
                            
                            
                            
                            
                            
                            
                            
                            
                            
                            
                            
                            <ns16:extensionElements>
                                
                                
                                
                                
                                
                                
                                
                                
                                
                                
                                
                                
                                
                                
                                
                                
                                
                                
                                <ns13:nodeVisualInfo x="0" y="0" width="3000" height="500" color="#F8F8F8" />
                                
                                
                                
                                
                                
                                
                                
                                
                                
                            
                            
                            
                            
                            
                            
                            
                            
                            
                            </ns16:extensionElements>
                            
                            
                            
                            
                            
                            
                            
                            
                            
                            
                            
                            
                            
                            
                            
                            
                            
                            
                            <ns16:flowNodeRef>7314027e-585c-435e-8ab1-df0326bc05a8</ns16:flowNodeRef>
                            
                            
                            
                            
                            
                            
                            
                            
                            
                            
                            
                            
                            
                            
                            
                            
                            
                            
                            <ns16:flowNodeRef>9e8c5e25-d75e-42de-81d2-7a50670bbfa3</ns16:flowNodeRef>
                            
                            
                            
                            
                            
                            
                            
                            
                            
                            
                            
                            
                            
                            
                            
                            
                            
                            
                            <ns16:flowNodeRef>126ffc1e-d169-46f1-80f2-f5871c6cb59b</ns16:flowNodeRef>
                            
                            
                            
                            
                            
                            
                            
                            
                            
                        
                        
                        
                        
                        
                        
                        
                        
                        
                        </ns16:lane>
                        
                        
                        
                        
                        
                        
                        
                        
                        
                    
                    
                    
                    
                    
                    
                    
                    
                    
                    </ns16:laneSet>
                    
                    
                    
                    
                    
                    
                    
                    
                    
                    
                    
                    
                    
                    
                    
                    
                    
                    
                    <ns16:startEvent isInterrupting="false" parallelMultiple="false" name="Start" id="7314027e-585c-435e-8ab1-df0326bc05a8">
                        
                        
                        
                        
                        
                        
                        
                        
                        
                        
                        
                        
                        
                        
                        
                        
                        
                        
                        <ns16:extensionElements>
                            
                            
                            
                            
                            
                            
                            
                            
                            
                            
                            
                            
                            
                            
                            
                            
                            
                            
                            <ns13:nodeVisualInfo x="25" y="80" width="24" height="24" color="#F8F8F8" />
                            
                            
                            
                            
                            
                            
                            
                            
                            
                        
                        
                        
                        
                        
                        
                        
                        
                        
                        </ns16:extensionElements>
                        
                        
                        
                        
                        
                        
                        
                        
                        
                        
                        
                        
                        
                        
                        
                        
                        
                        
                        <ns16:outgoing>2027.786d0efd-e90b-47ec-8285-6427f420bd3f</ns16:outgoing>
                        
                        
                        
                        
                        
                        
                        
                        
                        
                    
                    
                    
                    
                    
                    
                    
                    
                    
                    </ns16:startEvent>
                    
                    
                    
                    
                    
                    
                    
                    
                    
                    
                    
                    
                    
                    
                    
                    
                    
                    
                    <ns16:endEvent name="End" id="9e8c5e25-d75e-42de-81d2-7a50670bbfa3">
                        
                        
                        
                        
                        
                        
                        
                        
                        
                        
                        
                        
                        
                        
                        
                        
                        
                        
                        <ns16:extensionElements>
                            
                            
                            
                            
                            
                            
                            
                            
                            
                            
                            
                            
                            
                            
                            
                            
                            
                            
                            <ns13:nodeVisualInfo x="650" y="80" width="24" height="24" color="#F8F8F8" />
                            
                            
                            
                            
                            
                            
                            
                            
                            
                            
                            
                            
                            
                            
                            
                            
                            
                            
                            <ns4:saveExecutionContext>true</ns4:saveExecutionContext>
                            
                            
                            
                            
                            
                            
                            
                            
                            
                            
                            
                            
                            
                            
                            
                            
                            
                            
                            <ns3:endStateId>guid:dcc00a9933f04909:1638e8e3:180bca48b7c:-7fc9</ns3:endStateId>
                            
                            
                            
                            
                            
                            
                            
                            
                            
                        
                        
                        
                        
                        
                        
                        
                        
                        
                        </ns16:extensionElements>
                        
                        
                        
                        
                        
                        
                        
                        
                        
                        
                        
                        
                        
                        
                        
                        
                        
                        
                        <ns16:incoming>97c8cd16-0310-4711-82e9-3f6c0f7fc85d</ns16:incoming>
                        
                        
                        
                        
                        
                        
                        
                        
                        
                    
                    
                    
                    
                    
                    
                    
                    
                    
                    </ns16:endEvent>
                    
                    
                    
                    
                    
                    
                    
                    
                    
                    
                    
                    
                    
                    
                    
                    
                    
                    
                    <ns16:sequenceFlow sourceRef="7314027e-585c-435e-8ab1-df0326bc05a8" targetRef="126ffc1e-d169-46f1-80f2-f5871c6cb59b" name="To Get Access Token" id="2027.786d0efd-e90b-47ec-8285-6427f420bd3f">
                        
                        
                        
                        
                        
                        
                        
                        
                        
                        
                        
                        
                        
                        
                        
                        
                        
                        
                        <ns16:extensionElements>
                            
                            
                            
                            
                            
                            
                            
                            
                            
                            
                            
                            
                            
                            
                            
                            
                            
                            
                            <ns13:linkVisualInfo>
                                
                                
                                
                                
                                
                                
                                
                                
                                
                                
                                
                                
                                
                                
                                
                                
                                
                                
                                <ns13:sourcePortLocation>rightCenter</ns13:sourcePortLocation>
                                
                                
                                
                                
                                
                                
                                
                                
                                
                                
                                
                                
                                
                                
                                
                                
                                
                                
                                <ns13:targetPortLocation>leftCenter</ns13:targetPortLocation>
                                
                                
                                
                                
                                
                                
                                
                                
                                
                                
                                
                                
                                
                                
                                
                                
                                
                                
                                <ns13:showLabel>false</ns13:showLabel>
                                
                                
                                
                                
                                
                                
                                
                                
                                
                                
                                
                                
                                
                                
                                
                                
                                
                                
                                <ns13:showCoachControlLabel>false</ns13:showCoachControlLabel>
                                
                                
                                
                                
                                
                                
                                
                                
                                
                                
                                
                                
                                
                                
                                
                                
                                
                                
                                <ns13:labelPosition>0.0</ns13:labelPosition>
                                
                                
                                
                                
                                
                                
                                
                                
                                
                                
                                
                                
                                
                                
                                
                                
                                
                                
                                <ns13:saveExecutionContext>false</ns13:saveExecutionContext>
                                
                                
                                
                                
                                
                                
                                
                                
                                
                            
                            
                            
                            
                            
                            
                            
                            
                            
                            </ns13:linkVisualInfo>
                            
                            
                            
                            
                            
                            
                            
                            
                            
                        
                        
                        
                        
                        
                        
                        
                        
                        
                        </ns16:extensionElements>
                        
                        
                        
                        
                        
                        
                        
                        
                        
                    
                    
                    
                    
                    
                    
                    
                    
                    
                    </ns16:sequenceFlow>
                    
                    
                    
                    
                    
                    
                    
                    
                    
                    
                    
                    
                    
                    
                    
                    
                    
                    
                    <ns16:serviceTask xmlns:ns23="com.ibm.rpa" operationRef="ns23:_209b65ee-5e1e-4c5c-ad5f-ad6d7deaf7d7" name="Get Access Token" id="126ffc1e-d169-46f1-80f2-f5871c6cb59b">
                        
                        
                        
                        
                        
                        
                        
                        
                        
                        
                        
                        
                        
                        
                        
                        
                        
                        
                        <ns16:extensionElements>
                            
                            
                            
                            
                            
                            
                            
                            
                            
                            
                            
                            
                            
                            
                            
                            
                            
                            
                            <ns13:nodeVisualInfo x="274" y="57" width="95" height="70" />
                            
                            
                            
                            
                            
                            
                            
                            
                            
                            
                            
                            
                            
                            
                            
                            
                            
                            
                            <ns4:activityType>ServiceTask</ns4:activityType>
                            
                            
                            
                            
                            
                            
                            
                            
                            
                            
                            
                            
                            
                            
                            
                            
                            
                            
                            <ns3:externalServiceRefPO>1.e28798be-f904-4511-8f0b-5e3654aaada8</ns3:externalServiceRefPO>
                            
                            
                            
                            
                            
                            
                            
                            
                            
                            
                            
                            
                            
                            
                            
                            
                            
                            
                            <ns3:externalServiceRef>ns23:_618077f7-cb79-4649-8a78-6e5cc1375625</ns3:externalServiceRef>
                            
                            
                            
                            
                            
                            
                            
                            
                            
                        
                        
                        
                        
                        
                        
                        
                        
                        
                        </ns16:extensionElements>
                        
                        
                        
                        
                        
                        
                        
                        
                        
                        
                        
                        
                        
                        
                        
                        
                        
                        
                        <ns16:incoming>2027.786d0efd-e90b-47ec-8285-6427f420bd3f</ns16:incoming>
                        
                        
                        
                        
                        
                        
                        
                        
                        
                        
                        
                        
                        
                        
                        
                        
                        
                        
                        <ns16:outgoing>97c8cd16-0310-4711-82e9-3f6c0f7fc85d</ns16:outgoing>
                        
                        
                        
                        
                        
                        
                        
                        
                        
                        
                        
                        
                        
                        
                        
                        
                        
                        
                        <ns16:dataInputAssociation>
                            
                            
                            
                            
                            
                            
                            
                            
                            
                            
                            
                            
                            
                            
                            
                            
                            
                            
                            <ns16:targetRef>_c2e881a6-fc01-4690-bbf1-b2c511a1e7a1</ns16:targetRef>
                            
                            
                            
                            
                            
                            
                            
                            
                            
                            
                            
                            
                            
                            
                            
                            
                            
                            
                            <ns16:assignment>
                                
                                
                                
                                
                                
                                
                                
                                
                                
                                
                                
                                
                                
                                
                                
                                
                                
                                
                                <ns16:from xmlns:xsi="http://www.w3.org/2001/XMLSchema-instance" xsi:type="ns16:tFormalExpression" evaluatesToTypeRef="itm.12.db884a3c-c533-44b7-bb2d-47bec8ad4022">tw.local.tenantID</ns16:from>
                                
                                
                                
                                
                                
                                
                                
                                
                                
                            
                            
                            
                            
                            
                            
                            
                            
                            
                            </ns16:assignment>
                            
                            
                            
                            
                            
                            
                            
                            
                            
                        
                        
                        
                        
                        
                        
                        
                        
                        
                        </ns16:dataInputAssociation>
                        
                        
                        
                        
                        
                        
                        
                        
                        
                        
                        
                        
                        
                        
                        
                        
                        
                        
                        <ns16:dataInputAssociation>
                            
                            
                            
                            
                            
                            
                            
                            
                            
                            
                            
                            
                            
                            
                            
                            
                            
                            
                            <ns16:targetRef>_3bc50cd6-a574-4348-a0d7-93243d51d6fc</ns16:targetRef>
                            
                            
                            
                            
                            
                            
                            
                            
                            
                            
                            
                            
                            
                            
                            
                            
                            
                            
                            <ns16:assignment>
                                
                                
                                
                                
                                
                                
                                
                                
                                
                                
                                
                                
                                
                                
                                
                                
                                
                                
                                <ns16:from xmlns:xsi="http://www.w3.org/2001/XMLSchema-instance" xsi:type="ns16:tFormalExpression" evaluatesToTypeRef="itm.12.db884a3c-c533-44b7-bb2d-47bec8ad4022">tw.local.userName</ns16:from>
                                
                                
                                
                                
                                
                                
                                
                                
                                
                            
                            
                            
                            
                            
                            
                            
                            
                            
                            </ns16:assignment>
                            
                            
                            
                            
                            
                            
                            
                            
                            
                        
                        
                        
                        
                        
                        
                        
                        
                        
                        </ns16:dataInputAssociation>
                        
                        
                        
                        
                        
                        
                        
                        
                        
                        
                        
                        
                        
                        
                        
                        
                        
                        
                        <ns16:dataInputAssociation>
                            
                            
                            
                            
                            
                            
                            
                            
                            
                            
                            
                            
                            
                            
                            
                            
                            
                            
                            <ns16:targetRef>_823b426d-9de7-4b32-9ff7-29ebd1ccf752</ns16:targetRef>
                            
                            
                            
                            
                            
                            
                            
                            
                            
                            
                            
                            
                            
                            
                            
                            
                            
                            
                            <ns16:assignment>
                                
                                
                                
                                
                                
                                
                                
                                
                                
                                
                                
                                
                                
                                
                                
                                
                                
                                
                                <ns16:from xmlns:xsi="http://www.w3.org/2001/XMLSchema-instance" xsi:type="ns16:tFormalExpression" evaluatesToTypeRef="itm.12.db884a3c-c533-44b7-bb2d-47bec8ad4022">tw.local.password</ns16:from>
                                
                                
                                
                                
                                
                                
                                
                                
                                
                            
                            
                            
                            
                            
                            
                            
                            
                            
                            </ns16:assignment>
                            
                            
                            
                            
                            
                            
                            
                            
                            
                        
                        
                        
                        
                        
                        
                        
                        
                        
                        </ns16:dataInputAssociation>
                        
                        
                        
                        
                        
                        
                        
                        
                        
                        
                        
                        
                        
                        
                        
                        
                        
                        
                        <ns16:dataInputAssociation>
                            
                            
                            
                            
                            
                            
                            
                            
                            
                            
                            
                            
                            
                            
                            
                            
                            
                            
                            <ns16:targetRef>_fc19bb02-17e9-40e4-a672-0a21655e91ad</ns16:targetRef>
                            
                            
                            
                            
                            
                            
                            
                            
                            
                            
                            
                            
                            
                            
                            
                            
                            
                            
                            <ns16:assignment>
                                
                                
                                
                                
                                
                                
                                
                                
                                
                                
                                
                                
                                
                                
                                
                                
                                
                                
                                <ns16:from xmlns:xsi="http://www.w3.org/2001/XMLSchema-instance" xsi:type="ns16:tFormalExpression" evaluatesToTypeRef="itm.12.db884a3c-c533-44b7-bb2d-47bec8ad4022">tw.local.baseURL</ns16:from>
                                
                                
                                
                                
                                
                                
                                
                                
                                
                            
                            
                            
                            
                            
                            
                            
                            
                            
                            </ns16:assignment>
                            
                            
                            
                            
                            
                            
                            
                            
                            
                        
                        
                        
                        
                        
                        
                        
                        
                        
                        </ns16:dataInputAssociation>
                        
                        
                        
                        
                        
                        
                        
                        
                        
                        
                        
                        
                        
                        
                        
                        
                        
                        
                        <ns16:dataOutputAssociation>
                            
                            
                            
                            
                            
                            
                            
                            
                            
                            
                            
                            
                            
                            
                            
                            
                            
                            
                            <ns16:sourceRef>_261946a3-daec-4e23-81b2-302328b888c1</ns16:sourceRef>
                            
                            
                            
                            
                            
                            
                            
                            
                            
                            
                            
                            
                            
                            
                            
                            
                            
                            
                            <ns16:assignment>
                                
                                
                                
                                
                                
                                
                                
                                
                                
                                
                                
                                
                                
                                
                                
                                
                                
                                
                                <ns16:to xmlns:xsi="http://www.w3.org/2001/XMLSchema-instance" xsi:type="ns16:tFormalExpression" evaluatesToTypeRef="itm.12.db884a3c-c533-44b7-bb2d-47bec8ad4022">tw.local.accessToken</ns16:to>
                                
                                
                                
                                
                                
                                
                                
                                
                                
                            
                            
                            
                            
                            
                            
                            
                            
                            
                            </ns16:assignment>
                            
                            
                            
                            
                            
                            
                            
                            
                            
                        
                        
                        
                        
                        
                        
                        
                        
                        
                        </ns16:dataOutputAssociation>
                        
                        
                        
                        
                        
                        
                        
                        
                        
                    
                    
                    
                    
                    
                    
                    
                    
                    
                    </ns16:serviceTask>
                    
                    
                    
                    
                    
                    
                    
                    
                    
                    
                    
                    
                    
                    
                    
                    
                    
                    
                    <ns16:sequenceFlow sourceRef="126ffc1e-d169-46f1-80f2-f5871c6cb59b" targetRef="9e8c5e25-d75e-42de-81d2-7a50670bbfa3" name="To End" id="97c8cd16-0310-4711-82e9-3f6c0f7fc85d">
                        
                        
                        
                        
                        
                        
                        
                        
                        
                        
                        
                        
                        
                        
                        
                        
                        
                        
                        <ns16:extensionElements>
                            
                            
                            
                            
                            
                            
                            
                            
                            
                            
                            
                            
                            
                            
                            
                            
                            
                            
                            <ns3:sequenceFlowImplementation sboSyncEnabled="true" />
                            
                            
                            
                            
                            
                            
                            
                            
                            
                            
                            
                            
                            
                            
                            
                            
                            
                            
                            <ns13:linkVisualInfo>
                                
                                
                                
                                
                                
                                
                                
                                
                                
                                
                                
                                
                                
                                
                                
                                
                                
                                
                                <ns13:sourcePortLocation>rightCenter</ns13:sourcePortLocation>
                                
                                
                                
                                
                                
                                
                                
                                
                                
                                
                                
                                
                                
                                
                                
                                
                                
                                
                                <ns13:targetPortLocation>leftCenter</ns13:targetPortLocation>
                                
                                
                                
                                
                                
                                
                                
                                
                                
                                
                                
                                
                                
                                
                                
                                
                                
                                
                                <ns13:showLabel>false</ns13:showLabel>
                                
                                
                                
                                
                                
                                
                                
                                
                                
                                
                                
                                
                                
                                
                                
                                
                                
                                
                                <ns13:showCoachControlLabel>false</ns13:showCoachControlLabel>
                                
                                
                                
                                
                                
                                
                                
                                
                                
                                
                                
                                
                                
                                
                                
                                
                                
                                
                                <ns13:labelPosition>0.0</ns13:labelPosition>
                                
                                
                                
                                
                                
                                
                                
                                
                                
                                
                                
                                
                                
                                
                                
                                
                                
                                
                                <ns13:saveExecutionContext>true</ns13:saveExecutionContext>
                                
                                
                                
                                
                                
                                
                                
                                
                                
                            
                            
                            
                            
                            
                            
                            
                            
                            
                            </ns13:linkVisualInfo>
                            
                            
                            
                            
                            
                            
                            
                            
                            
                        
                        
                        
                        
                        
                        
                        
                        
                        
                        </ns16:extensionElements>
                        
                        
                        
                        
                        
                        
                        
                        
                        
                    
                    
                    
                    
                    
                    
                    
                    
                    
                    </ns16:sequenceFlow>
                    
                    
                    
                    
                    
                    
                    
                    
                    
                
                
                
                
                
                
                
                
                
                </ns16:process>
                
                
                
                
                
                
                
                
                
            
            
            
            
            
            
            
            
            
            </ns16:definitions>
        </bpmn2Model>
        <link name="To End">
            <lastModified isNull="true" />
            <lastModifiedBy isNull="true" />
            <tenantId isNull="true" />
            <processLinkId>2027.97c8cd16-0310-4711-82e9-3f6c0f7fc85d</processLinkId>
            <processId>1.22a9f340-e526-4099-ac2b-05ae19714ad1</processId>
            <description isNull="true" />
            <fromProcessItemId>2025.126ffc1e-d169-46f1-80f2-f5871c6cb59b</fromProcessItemId>
            <endStateId>Out</endStateId>
            <toProcessItemId>2025.9e8c5e25-d75e-42de-81d2-7a50670bbfa3</toProcessItemId>
            <guid>1003b8af-ba3f-4a52-b27c-7e4525cde872</guid>
            <versionId>421c0a05-1b71-41a4-9fd0-6c589f19f957</versionId>
            <layoutData>
                <controlPoints />
                <showEndState>false</showEndState>
                <showName>false</showName>
            </layoutData>
            <fromItemPort locationId="rightCenter" portType="1" />
            <toItemPort locationId="leftCenter" portType="2" />
            <fromProcessItemId>2025.126ffc1e-d169-46f1-80f2-f5871c6cb59b</fromProcessItemId>
            <toProcessItemId>2025.9e8c5e25-d75e-42de-81d2-7a50670bbfa3</toProcessItemId>
        </link>
    </process>
</teamworks>

