<?xml version="1.0" encoding="UTF-8"?>
<teamworks>
    <process id="1.ddb62bc1-6323-483a-ada7-7473d1255256" name="Create Process Instance">
        <lastModified>1654159528201</lastModified>
        <lastModifiedBy>cp4badmin</lastModifiedBy>
        <tenantId isNull="true" />
        <processId>1.ddb62bc1-6323-483a-ada7-7473d1255256</processId>
        <image isNull="true" />
        <tabGroup isNull="true" />
        <startingProcessItemId>2025.1c04b3a8-fd0d-4d3a-8879-d4b26abb145f</startingProcessItemId>
        <isRootProcess>false</isRootProcess>
        <processType>12</processType>
        <isErrorHandlerEnabled>false</isErrorHandlerEnabled>
        <errorHandlerItemId isNull="true" />
        <isLoggingVariables>false</isLoggingVariables>
        <isTransactional>false</isTransactional>
        <processTimingLevel isNull="true" />
        <participantRef isNull="true" />
        <exposedType>0</exposedType>
        <isTrackingEnabled>true</isTrackingEnabled>
        <xmlData isNull="true" />
        <cachingType>false</cachingType>
        <itemLabel isNull="true" />
        <cacheLength>0</cacheLength>
        <mobileReady>false</mobileReady>
        <sboSyncEnabled>true</sboSyncEnabled>
        <externalId isNull="true" />
        <isSecured>true</isSecured>
        <isAjaxExposed>true</isAjaxExposed>
        <isInvokedAsynchronously>false</isInvokedAsynchronously>
        <description isNull="true" />
        <guid>guid:dcc00a9933f04909:1638e8e3:180bca48b7c:-7fc5</guid>
        <versionId>4857a683-14f5-4ca7-b3be-a1cad8c62aa6</versionId>
        <dependencySummary>&lt;dependencySummary id="bpdid:dcc00a9933f04909:1638e8e3:180bca48b7c:-77b3"&gt;
  &lt;artifactReference id="bpdid:dcc00a9933f04909:1638e8e3:180bca48b7c:-77b2"&gt;
    &lt;refId&gt;1.e28798be-f904-4511-8f0b-5e3654aaada8&lt;/refId&gt;
    &lt;refType&gt;1&lt;/refType&gt;
    &lt;nameValuePair id="bpdid:dcc00a9933f04909:1638e8e3:180bca48b7c:-77b1"&gt;
      &lt;name&gt;operationId&lt;/name&gt;
      &lt;value&gt;{com.ibm.rpa}_c23a82d9-2eea-4d5c-a274-04ba512d5671&lt;/value&gt;
    &lt;/nameValuePair&gt;
  &lt;/artifactReference&gt;
&lt;/dependencySummary&gt;</dependencySummary>
        <jsonData>{"rootElement":[{"flowElement":[{"parallelMultiple":false,"outgoing":["2027.f6e174e9-b1ea-42dc-8dcf-3355bf9849c7"],"isInterrupting":false,"extensionElements":{"nodeVisualInfo":[{"color":"#F8F8F8","width":24,"x":25,"y":80,"declaredType":"TNodeVisualInfo","height":24}]},"name":"Start","declaredType":"startEvent","id":"4102f40a-20f0-48cf-8086-1ac2e45e2188"},{"incoming":["60821b64-8c4e-4b0c-8ff5-87c6856e980d"],"extensionElements":{"nodeVisualInfo":[{"color":"#F8F8F8","width":24,"x":650,"y":80,"declaredType":"TNodeVisualInfo","height":24}],"endStateId":["guid:dcc00a9933f04909:1638e8e3:180bca48b7c:-7fc3"],"saveExecutionContext":[true]},"name":"End","declaredType":"endEvent","id":"268abf84-face-4670-8075-6ab8294e572a"},{"targetRef":"1c04b3a8-fd0d-4d3a-8879-d4b26abb145f","extensionElements":{"linkVisualInfo":[{"sourcePortLocation":"rightCenter","showCoachControlLabel":false,"labelPosition":0.0,"targetPortLocation":"leftCenter","declaredType":"TLinkVisualInfo","saveExecutionContext":false,"showLabel":false}]},"name":"To Create Process Instance","declaredType":"sequenceFlow","id":"2027.f6e174e9-b1ea-42dc-8dcf-3355bf9849c7","sourceRef":"4102f40a-20f0-48cf-8086-1ac2e45e2188"},{"outgoing":["60821b64-8c4e-4b0c-8ff5-87c6856e980d"],"incoming":["2027.f6e174e9-b1ea-42dc-8dcf-3355bf9849c7"],"extensionElements":{"nodeVisualInfo":[{"width":95,"x":251,"y":57,"declaredType":"TNodeVisualInfo","height":70}],"activityType":["ServiceTask"],"externalServiceRefPO":["1.e28798be-f904-4511-8f0b-5e3654aaada8"],"externalServiceRef":["{com.ibm.rpa}_618077f7-cb79-4649-8a78-6e5cc1375625"]},"operationRef":"{com.ibm.rpa}_c23a82d9-2eea-4d5c-a274-04ba512d5671","implementation":"##WebService","declaredType":"serviceTask","startQuantity":1,"name":"Create Process Instance","dataInputAssociation":[{"targetRef":"_d642dcb8-9557-464a-87c5-770f12e9fd84","assignment":[{"from":{"evaluatesToTypeRef":"itm.12.db884a3c-c533-44b7-bb2d-47bec8ad4022","declaredType":"TFormalExpression","content":["tw.local.tenantID"]}}]},{"targetRef":"_ab9af176-0e9b-4739-b6ca-3f69c4e5417e","assignment":[{"from":{"evaluatesToTypeRef":"itm.12.db884a3c-c533-44b7-bb2d-47bec8ad4022","declaredType":"TFormalExpression","content":["tw.local.accessToken"]}}]},{"targetRef":"_73e491ff-ab97-4954-8147-6d82344b8ed3","assignment":[{"from":{"evaluatesToTypeRef":"itm.12.db884a3c-c533-44b7-bb2d-47bec8ad4022","declaredType":"TFormalExpression","content":["tw.local.processID"]}}]},{"targetRef":"_bb0acdd0-9e2c-4b7e-aed8-bb94c648c7f1","assignment":[{"from":{"evaluatesToTypeRef":"itm.12.db884a3c-c533-44b7-bb2d-47bec8ad4022","declaredType":"TFormalExpression","content":["tw.local.payload"]}}]},{"targetRef":"_079899bc-79c2-465e-859e-704b13f352b7","assignment":[{"from":{"evaluatesToTypeRef":"itm.12.db884a3c-c533-44b7-bb2d-47bec8ad4022","declaredType":"TFormalExpression","content":["tw.local.baseURL"]}}]}],"isForCompensation":false,"completionQuantity":1,"id":"1c04b3a8-fd0d-4d3a-8879-d4b26abb145f","dataOutputAssociation":[{"assignment":[{"to":{"evaluatesToTypeRef":"itm.12.db884a3c-c533-44b7-bb2d-47bec8ad4022","declaredType":"TFormalExpression","content":["tw.local.instanceID"]}}],"sourceRef":["_4745523c-f659-4d12-9b33-781284f2623a"]}]},{"targetRef":"268abf84-face-4670-8075-6ab8294e572a","extensionElements":{"sequenceFlowImplementation":[{"fireValidation":"Never","sboSyncEnabled":true,"declaredType":"com.ibm.bpmsdk.model.bpmn20.ibmext.TSequenceFlowImplementation"}],"linkVisualInfo":[{"sourcePortLocation":"rightCenter","showCoachControlLabel":false,"labelPosition":0.0,"targetPortLocation":"leftCenter","declaredType":"TLinkVisualInfo","saveExecutionContext":true,"showLabel":false}]},"name":"To End","declaredType":"sequenceFlow","id":"60821b64-8c4e-4b0c-8ff5-87c6856e980d","sourceRef":"1c04b3a8-fd0d-4d3a-8879-d4b26abb145f"}],"laneSet":[{"id":"8e02887e-0a7a-475b-8782-36875852892b","lane":[{"flowNodeRef":["4102f40a-20f0-48cf-8086-1ac2e45e2188","268abf84-face-4670-8075-6ab8294e572a","1c04b3a8-fd0d-4d3a-8879-d4b26abb145f"],"extensionElements":{"nodeVisualInfo":[{"color":"#F8F8F8","width":3000,"x":0,"y":0,"declaredType":"TNodeVisualInfo","height":500}]},"name":"System","partitionElementRef":"24.6fd38d02-81cf-48ab-bd42-8ff4c0a1628b","declaredType":"lane","id":"aeab9062-2dee-49b6-8223-4f82067b04d3","otherAttributes":{"{http:\/\/www.ibm.com\/xmlns\/prod\/bpm\/bpmn\/ext\/process\/wle}isSystemLane":"true"}}]}],"isClosed":false,"extensionElements":{"isSecured":[true],"isAjaxExposed":[true],"sboSyncEnabled":[true]},"documentation":[{"textFormat":"text\/plain"}],"name":"Create Process Instance","declaredType":"process","id":"1.ddb62bc1-6323-483a-ada7-7473d1255256","processType":"None","otherAttributes":{"{http:\/\/www.ibm.com\/xmlns\/prod\/bpm\/bpmn\/ext\/process}executionMode":"microflow"},"ioSpecification":{"dataOutput":[{"itemSubjectRef":"itm.12.db884a3c-c533-44b7-bb2d-47bec8ad4022","name":"instanceID","isCollection":false,"id":"2055.989cb335-eff3-43e6-8c08-36d65c617f5f"}],"inputSet":[{"dataInputRefs":["2055.0a00b2cf-78ed-46cf-8f15-531b7c51cdf7","2055.8abc95b3-2d1f-4110-8c84-2c363400e34b","2055.00a2b94a-3ab5-4afd-858e-3fbf6be76169","2055.b63806d5-14d0-44e2-8bba-fb9276231a12","2055.74d98c5f-ce41-4bc8-8903-3d27238e3d89"]}],"outputSet":[{"dataOutputRefs":["2055.989cb335-eff3-43e6-8c08-36d65c617f5f"]}],"dataInput":[{"itemSubjectRef":"itm.12.db884a3c-c533-44b7-bb2d-47bec8ad4022","name":"baseURL","isCollection":false,"id":"2055.0a00b2cf-78ed-46cf-8f15-531b7c51cdf7"},{"itemSubjectRef":"itm.12.db884a3c-c533-44b7-bb2d-47bec8ad4022","name":"tenantID","isCollection":false,"id":"2055.8abc95b3-2d1f-4110-8c84-2c363400e34b"},{"itemSubjectRef":"itm.12.db884a3c-c533-44b7-bb2d-47bec8ad4022","name":"accessToken","isCollection":false,"id":"2055.00a2b94a-3ab5-4afd-858e-3fbf6be76169"},{"itemSubjectRef":"itm.12.db884a3c-c533-44b7-bb2d-47bec8ad4022","name":"processID","isCollection":false,"id":"2055.b63806d5-14d0-44e2-8bba-fb9276231a12"},{"itemSubjectRef":"itm.12.db884a3c-c533-44b7-bb2d-47bec8ad4022","name":"payload","isCollection":false,"id":"2055.74d98c5f-ce41-4bc8-8903-3d27238e3d89"}]}}],"targetNamespace":"","typeLanguage":"http:\/\/www.w3.org\/2001\/XMLSchema","expressionLanguage":"http:\/\/www.ibm.com\/xmlns\/prod\/bpm\/expression-lang\/javascript"}</jsonData>
        <field1 isNull="true" />
        <field2 isNull="true" />
        <field3>0</field3>
        <field4 isNull="true" />
        <field5>false</field5>
        <clobField1 isNull="true" />
        <blobField1 isNull="true" />
        <processParameter name="baseURL">
            <lastModified isNull="true" />
            <lastModifiedBy isNull="true" />
            <tenantId isNull="true" />
            <processParameterId>2055.0a00b2cf-78ed-46cf-8f15-531b7c51cdf7</processParameterId>
            <processId>1.ddb62bc1-6323-483a-ada7-7473d1255256</processId>
            <parameterType>1</parameterType>
            <isArrayOf>false</isArrayOf>
            <classId>eecbab83-82e6-41dd-9f5f-98447bb49721/12.db884a3c-c533-44b7-bb2d-47bec8ad4022</classId>
            <seq>1</seq>
            <hasDefault>false</hasDefault>
            <defaultValue isNull="true" />
            <isLocked>false</isLocked>
            <description isNull="true" />
            <guid>3694ddfc-28c3-484d-82c3-2cacb8463290</guid>
            <versionId>da59667c-73cd-4aa4-ad92-68d46a5a97fd</versionId>
        </processParameter>
        <processParameter name="tenantID">
            <lastModified isNull="true" />
            <lastModifiedBy isNull="true" />
            <tenantId isNull="true" />
            <processParameterId>2055.8abc95b3-2d1f-4110-8c84-2c363400e34b</processParameterId>
            <processId>1.ddb62bc1-6323-483a-ada7-7473d1255256</processId>
            <parameterType>1</parameterType>
            <isArrayOf>false</isArrayOf>
            <classId>eecbab83-82e6-41dd-9f5f-98447bb49721/12.db884a3c-c533-44b7-bb2d-47bec8ad4022</classId>
            <seq>2</seq>
            <hasDefault>false</hasDefault>
            <defaultValue isNull="true" />
            <isLocked>false</isLocked>
            <description isNull="true" />
            <guid>ee88a0df-78a0-4ddb-bb54-2d684a87229f</guid>
            <versionId>709881cd-5c3c-437b-be6b-228a6bf8a6d2</versionId>
        </processParameter>
        <processParameter name="accessToken">
            <lastModified isNull="true" />
            <lastModifiedBy isNull="true" />
            <tenantId isNull="true" />
            <processParameterId>2055.00a2b94a-3ab5-4afd-858e-3fbf6be76169</processParameterId>
            <processId>1.ddb62bc1-6323-483a-ada7-7473d1255256</processId>
            <parameterType>1</parameterType>
            <isArrayOf>false</isArrayOf>
            <classId>eecbab83-82e6-41dd-9f5f-98447bb49721/12.db884a3c-c533-44b7-bb2d-47bec8ad4022</classId>
            <seq>3</seq>
            <hasDefault>false</hasDefault>
            <defaultValue isNull="true" />
            <isLocked>false</isLocked>
            <description isNull="true" />
            <guid>5322c1b3-005a-4b9b-923f-e017e9985c52</guid>
            <versionId>d941f593-e3ed-44a9-b843-75b221044301</versionId>
        </processParameter>
        <processParameter name="processID">
            <lastModified isNull="true" />
            <lastModifiedBy isNull="true" />
            <tenantId isNull="true" />
            <processParameterId>2055.b63806d5-14d0-44e2-8bba-fb9276231a12</processParameterId>
            <processId>1.ddb62bc1-6323-483a-ada7-7473d1255256</processId>
            <parameterType>1</parameterType>
            <isArrayOf>false</isArrayOf>
            <classId>eecbab83-82e6-41dd-9f5f-98447bb49721/12.db884a3c-c533-44b7-bb2d-47bec8ad4022</classId>
            <seq>4</seq>
            <hasDefault>false</hasDefault>
            <defaultValue isNull="true" />
            <isLocked>false</isLocked>
            <description isNull="true" />
            <guid>2258f2e7-e878-4eb3-a273-f6ceb4e1856b</guid>
            <versionId>f6d24377-0822-4986-94f4-d804803d0778</versionId>
        </processParameter>
        <processParameter name="payload">
            <lastModified isNull="true" />
            <lastModifiedBy isNull="true" />
            <tenantId isNull="true" />
            <processParameterId>2055.74d98c5f-ce41-4bc8-8903-3d27238e3d89</processParameterId>
            <processId>1.ddb62bc1-6323-483a-ada7-7473d1255256</processId>
            <parameterType>1</parameterType>
            <isArrayOf>false</isArrayOf>
            <classId>eecbab83-82e6-41dd-9f5f-98447bb49721/12.db884a3c-c533-44b7-bb2d-47bec8ad4022</classId>
            <seq>5</seq>
            <hasDefault>false</hasDefault>
            <defaultValue isNull="true" />
            <isLocked>false</isLocked>
            <description isNull="true" />
            <guid>2a1c4eaf-2c9a-4c27-8034-4bd54c53f3dd</guid>
            <versionId>11884df2-dbf0-46be-ae9a-cec99ecae7b9</versionId>
        </processParameter>
        <processParameter name="instanceID">
            <lastModified isNull="true" />
            <lastModifiedBy isNull="true" />
            <tenantId isNull="true" />
            <processParameterId>2055.989cb335-eff3-43e6-8c08-36d65c617f5f</processParameterId>
            <processId>1.ddb62bc1-6323-483a-ada7-7473d1255256</processId>
            <parameterType>2</parameterType>
            <isArrayOf>false</isArrayOf>
            <classId>eecbab83-82e6-41dd-9f5f-98447bb49721/12.db884a3c-c533-44b7-bb2d-47bec8ad4022</classId>
            <seq>6</seq>
            <hasDefault>false</hasDefault>
            <defaultValue isNull="true" />
            <isLocked>false</isLocked>
            <description isNull="true" />
            <guid>dd561574-0aa6-4977-b357-ddd943e880a6</guid>
            <versionId>1e5fdeec-bc2c-4617-b360-780e40674e92</versionId>
        </processParameter>
        <item>
            <lastModified isNull="true" />
            <lastModifiedBy isNull="true" />
            <tenantId isNull="true" />
            <processItemId>2025.1c04b3a8-fd0d-4d3a-8879-d4b26abb145f</processItemId>
            <processId>1.ddb62bc1-6323-483a-ada7-7473d1255256</processId>
            <name>Create Process Instance</name>
            <tWComponentName>SKELConnector</tWComponentName>
            <tWComponentId>3034.4a33ddc2-8500-4e3e-8538-99c4c38e2a26</tWComponentId>
            <isLogEnabled>false</isLogEnabled>
            <isTraceEnabled>false</isTraceEnabled>
            <traceCategory isNull="true" />
            <traceLevel isNull="true" />
            <traceMessage isNull="true" />
            <traceSymbolTable isNull="true" />
            <isExecutionContextTraced>false</isExecutionContextTraced>
            <saveExecutionContext>false</saveExecutionContext>
            <documentation isNull="true" />
            <isErrorHandlerEnabled>false</isErrorHandlerEnabled>
            <errorHandlerItemId isNull="true" />
            <guid>guid:dcc00a9933f04909:1638e8e3:180bca48b7c:-7fc1</guid>
            <versionId>72d330ec-1912-4af2-b9de-6845fdb55f05</versionId>
            <externalServiceRef>/1.e28798be-f904-4511-8f0b-5e3654aaada8</externalServiceRef>
            <externalServiceOp>_c23a82d9-2eea-4d5c-a274-04ba512d5671</externalServiceOp>
            <nodeColor isNull="true" />
            <layoutData x="251" y="57">
                <errorLink>
                    <controlPoints />
                    <showEndState>false</showEndState>
                    <showName>false</showName>
                </errorLink>
            </layoutData>
            <TWComponent>
                <lastModified isNull="true" />
                <lastModifiedBy isNull="true" />
                <tenantId isNull="true" />
                <skelConnectorId>3034.4a33ddc2-8500-4e3e-8538-99c4c38e2a26</skelConnectorId>
                <definition>&lt;config type="com.lombardisoftware.client.persistence.SKELConnectorConfiguration"&gt;
  &lt;inputParameters&gt;
    &lt;parameter&gt;
      &lt;name&gt;_d642dcb8-9557-464a-87c5-770f12e9fd84&lt;/name&gt;
      &lt;type&gt;itm.12.db884a3c-c533-44b7-bb2d-47bec8ad4022&lt;/type&gt;
      &lt;description /&gt;
      &lt;defaultValue /&gt;
      &lt;argumentVariable&gt;tw.local.tenantID&lt;/argumentVariable&gt;
      &lt;isArray&gt;&lt;/isArray&gt;
    &lt;/parameter&gt;
    &lt;parameter&gt;
      &lt;name&gt;_ab9af176-0e9b-4739-b6ca-3f69c4e5417e&lt;/name&gt;
      &lt;type&gt;itm.12.db884a3c-c533-44b7-bb2d-47bec8ad4022&lt;/type&gt;
      &lt;description /&gt;
      &lt;defaultValue /&gt;
      &lt;argumentVariable&gt;tw.local.accessToken&lt;/argumentVariable&gt;
      &lt;isArray&gt;&lt;/isArray&gt;
    &lt;/parameter&gt;
    &lt;parameter&gt;
      &lt;name&gt;_73e491ff-ab97-4954-8147-6d82344b8ed3&lt;/name&gt;
      &lt;type&gt;itm.12.db884a3c-c533-44b7-bb2d-47bec8ad4022&lt;/type&gt;
      &lt;description /&gt;
      &lt;defaultValue /&gt;
      &lt;argumentVariable&gt;tw.local.processID&lt;/argumentVariable&gt;
      &lt;isArray&gt;&lt;/isArray&gt;
    &lt;/parameter&gt;
    &lt;parameter&gt;
      &lt;name&gt;_bb0acdd0-9e2c-4b7e-aed8-bb94c648c7f1&lt;/name&gt;
      &lt;type&gt;itm.12.db884a3c-c533-44b7-bb2d-47bec8ad4022&lt;/type&gt;
      &lt;description /&gt;
      &lt;defaultValue /&gt;
      &lt;argumentVariable&gt;tw.local.payload&lt;/argumentVariable&gt;
      &lt;isArray&gt;&lt;/isArray&gt;
    &lt;/parameter&gt;
    &lt;parameter&gt;
      &lt;name&gt;_079899bc-79c2-465e-859e-704b13f352b7&lt;/name&gt;
      &lt;type&gt;itm.12.db884a3c-c533-44b7-bb2d-47bec8ad4022&lt;/type&gt;
      &lt;description /&gt;
      &lt;defaultValue /&gt;
      &lt;argumentVariable&gt;tw.local.baseURL&lt;/argumentVariable&gt;
      &lt;isArray&gt;&lt;/isArray&gt;
    &lt;/parameter&gt;
  &lt;/inputParameters&gt;
  &lt;outputParameters&gt;
    &lt;parameter&gt;
      &lt;name&gt;_4745523c-f659-4d12-9b33-781284f2623a&lt;/name&gt;
      &lt;type&gt;itm.12.db884a3c-c533-44b7-bb2d-47bec8ad4022&lt;/type&gt;
      &lt;description /&gt;
      &lt;defaultValue /&gt;
      &lt;argumentVariable&gt;tw.local.instanceID&lt;/argumentVariable&gt;
      &lt;isArray&gt;&lt;/isArray&gt;
    &lt;/parameter&gt;
  &lt;/outputParameters&gt;
  &lt;extendedProperties /&gt;
&lt;/config&gt;</definition>
                <guid>96c5cead-9bdb-4c74-b3cb-e41ab28b4145</guid>
                <versionId>20533592-eb0b-4c91-b09a-03bb262bc7c0</versionId>
            </TWComponent>
        </item>
        <item>
            <lastModified isNull="true" />
            <lastModifiedBy isNull="true" />
            <tenantId isNull="true" />
            <processItemId>2025.268abf84-face-4670-8075-6ab8294e572a</processItemId>
            <processId>1.ddb62bc1-6323-483a-ada7-7473d1255256</processId>
            <name>End</name>
            <tWComponentName>ExitPoint</tWComponentName>
            <tWComponentId>3008.528dd8f4-dcba-4ea4-84cd-b01d076c4cb0</tWComponentId>
            <isLogEnabled>false</isLogEnabled>
            <isTraceEnabled>false</isTraceEnabled>
            <traceCategory isNull="true" />
            <traceLevel isNull="true" />
            <traceMessage isNull="true" />
            <traceSymbolTable isNull="true" />
            <isExecutionContextTraced>false</isExecutionContextTraced>
            <saveExecutionContext>true</saveExecutionContext>
            <documentation isNull="true" />
            <isErrorHandlerEnabled>false</isErrorHandlerEnabled>
            <errorHandlerItemId isNull="true" />
            <guid>guid:dcc00a9933f04909:1638e8e3:180bca48b7c:-7fc3</guid>
            <versionId>83059b1c-cc03-4f3d-ab94-1a94fb327c64</versionId>
            <externalServiceRef isNull="true" />
            <externalServiceOp isNull="true" />
            <nodeColor isNull="true" />
            <layoutData x="650" y="80">
                <errorLink>
                    <controlPoints />
                    <showEndState>false</showEndState>
                    <showName>false</showName>
                </errorLink>
            </layoutData>
            <TWComponent>
                <lastModified isNull="true" />
                <lastModifiedBy isNull="true" />
                <tenantId isNull="true" />
                <exitPointId>3008.528dd8f4-dcba-4ea4-84cd-b01d076c4cb0</exitPointId>
                <haltProcess>false</haltProcess>
                <guid>45aa8a6d-c32b-4626-9d2a-c158ece45b2a</guid>
                <versionId>16fec2e7-dae4-4f60-a459-e0035e6ef4a4</versionId>
            </TWComponent>
        </item>
        <startingProcessItemId>2025.1c04b3a8-fd0d-4d3a-8879-d4b26abb145f</startingProcessItemId>
        <errorHandlerItemId isNull="true" />
        <layoutData noConversion="true">
            <errorLink>
                <controlPoints />
                <showEndState>false</showEndState>
                <showName>false</showName>
            </errorLink>
        </layoutData>
        <startPoint>
            <layoutData x="25" y="80">
                <errorLink>
                    <controlPoints />
                    <showEndState>false</showEndState>
                    <showName>false</showName>
                </errorLink>
            </layoutData>
        </startPoint>
        <startLink>
            <fromPort locationId="rightCenter" portType="1" />
            <toPort locationId="leftCenter" portType="2" />
            <layoutData>
                <controlPoints />
                <showEndState>false</showEndState>
                <showName>false</showName>
            </layoutData>
        </startLink>
        <bpmn2Model>
            <ns16:definitions xmlns:ns16="http://www.omg.org/spec/BPMN/20100524/MODEL" xmlns:ns2="http://www.ibm.com/xmlns/prod/bpm/bpmn/ext/process/case" xmlns:ns3="http://www.ibm.com/xmlns/prod/bpm/bpmn/ext/process" xmlns:ns4="http://www.ibm.com/xmlns/prod/bpm/bpmn/ext/process/wle" xmlns:ns5="http://www.ibm.com/bpm/Extensions" xmlns:ns6="http://www.ibm.com/xmlns/prod/bpm/uca" xmlns:ns7="http://www.ibm.com/xmlns/prod/bpm/bpmn/ext/team" xmlns:ns8="http://www.ibm.com/xmlns/prod/bpm/bpmn/ext/trackinggroup" xmlns:ns9="http://www.ibm.com/xmlns/bpmnx/20100524/v1/BusinessVocabulary" xmlns:ns10="http://www.omg.org/spec/DD/20100524/DI" xmlns:ns11="http://www.omg.org/spec/DD/20100524/DC" xmlns:ns12="http://www.omg.org/spec/BPMN/20100524/BPMNDI" xmlns:ns13="http://www.ibm.com/xmlns/prod/bpm/graph" xmlns:ns14="http://www.ibm.com/xmlns/prod/bpm/bpmn/ext/process/auth" xmlns:ns15="http://www.ibm.com/xmlns/prod/bpm/bpmn/ext/extservice" xmlns:ns17="http://www.ibm.com/bpm/processappsettings" xmlns:ns18="http://www.ibm.com/xmlns/links" xmlns:ns19="http://www.ibm.com/bpm/CoachDesignerNG" xmlns:ns20="http://www.ibm.com/xmlns/tagging" xmlns:ns21="http://www.ibm.com/bpm/uitheme" xmlns:ns22="http://www.ibm.com/bpm/coachview" targetNamespace="" expressionLanguage="http://www.ibm.com/xmlns/prod/bpm/expression-lang/javascript" typeLanguage="http://www.w3.org/2001/XMLSchema">
                
                
                
                
                
                
                
                
                
                
                
                
                
                
                
                
                
                
                <ns16:process name="Create Process Instance" id="1.ddb62bc1-6323-483a-ada7-7473d1255256" ns3:executionMode="microflow">
                    
                    
                    
                    
                    
                    
                    
                    
                    
                    
                    
                    
                    
                    
                    
                    
                    
                    
                    <ns16:documentation textFormat="text/plain" />
                    
                    
                    
                    
                    
                    
                    
                    
                    
                    
                    
                    
                    
                    
                    
                    
                    
                    
                    <ns16:extensionElements>
                        
                        
                        
                        
                        
                        
                        
                        
                        
                        
                        
                        
                        
                        
                        
                        
                        
                        
                        <ns3:isSecured>true</ns3:isSecured>
                        
                        
                        
                        
                        
                        
                        
                        
                        
                        
                        
                        
                        
                        
                        
                        
                        
                        
                        <ns3:isAjaxExposed>true</ns3:isAjaxExposed>
                        
                        
                        
                        
                        
                        
                        
                        
                        
                        
                        
                        
                        
                        
                        
                        
                        
                        
                        <ns3:sboSyncEnabled>true</ns3:sboSyncEnabled>
                        
                        
                        
                        
                        
                        
                        
                        
                        
                    
                    
                    
                    
                    
                    
                    
                    
                    
                    </ns16:extensionElements>
                    
                    
                    
                    
                    
                    
                    
                    
                    
                    
                    
                    
                    
                    
                    
                    
                    
                    
                    <ns16:ioSpecification>
                        
                        
                        
                        
                        
                        
                        
                        
                        
                        
                        
                        
                        
                        
                        
                        
                        
                        
                        <ns16:dataInput name="baseURL" itemSubjectRef="itm.12.db884a3c-c533-44b7-bb2d-47bec8ad4022" isCollection="false" id="2055.0a00b2cf-78ed-46cf-8f15-531b7c51cdf7" />
                        
                        
                        
                        
                        
                        
                        
                        
                        
                        
                        
                        
                        
                        
                        
                        
                        
                        
                        <ns16:dataInput name="tenantID" itemSubjectRef="itm.12.db884a3c-c533-44b7-bb2d-47bec8ad4022" isCollection="false" id="2055.8abc95b3-2d1f-4110-8c84-2c363400e34b" />
                        
                        
                        
                        
                        
                        
                        
                        
                        
                        
                        
                        
                        
                        
                        
                        
                        
                        
                        <ns16:dataInput name="accessToken" itemSubjectRef="itm.12.db884a3c-c533-44b7-bb2d-47bec8ad4022" isCollection="false" id="2055.00a2b94a-3ab5-4afd-858e-3fbf6be76169" />
                        
                        
                        
                        
                        
                        
                        
                        
                        
                        
                        
                        
                        
                        
                        
                        
                        
                        
                        <ns16:dataInput name="processID" itemSubjectRef="itm.12.db884a3c-c533-44b7-bb2d-47bec8ad4022" isCollection="false" id="2055.b63806d5-14d0-44e2-8bba-fb9276231a12" />
                        
                        
                        
                        
                        
                        
                        
                        
                        
                        
                        
                        
                        
                        
                        
                        
                        
                        
                        <ns16:dataInput name="payload" itemSubjectRef="itm.12.db884a3c-c533-44b7-bb2d-47bec8ad4022" isCollection="false" id="2055.74d98c5f-ce41-4bc8-8903-3d27238e3d89" />
                        
                        
                        
                        
                        
                        
                        
                        
                        
                        
                        
                        
                        
                        
                        
                        
                        
                        
                        <ns16:dataOutput name="instanceID" itemSubjectRef="itm.12.db884a3c-c533-44b7-bb2d-47bec8ad4022" isCollection="false" id="2055.989cb335-eff3-43e6-8c08-36d65c617f5f" />
                        
                        
                        
                        
                        
                        
                        
                        
                        
                        
                        
                        
                        
                        
                        
                        
                        
                        
                        <ns16:inputSet>
                            
                            
                            
                            
                            
                            
                            
                            
                            
                            
                            
                            
                            
                            
                            
                            
                            
                            
                            <ns16:dataInputRefs>2055.0a00b2cf-78ed-46cf-8f15-531b7c51cdf7</ns16:dataInputRefs>
                            
                            
                            
                            
                            
                            
                            
                            
                            
                            
                            
                            
                            
                            
                            
                            
                            
                            
                            <ns16:dataInputRefs>2055.8abc95b3-2d1f-4110-8c84-2c363400e34b</ns16:dataInputRefs>
                            
                            
                            
                            
                            
                            
                            
                            
                            
                            
                            
                            
                            
                            
                            
                            
                            
                            
                            <ns16:dataInputRefs>2055.00a2b94a-3ab5-4afd-858e-3fbf6be76169</ns16:dataInputRefs>
                            
                            
                            
                            
                            
                            
                            
                            
                            
                            
                            
                            
                            
                            
                            
                            
                            
                            
                            <ns16:dataInputRefs>2055.b63806d5-14d0-44e2-8bba-fb9276231a12</ns16:dataInputRefs>
                            
                            
                            
                            
                            
                            
                            
                            
                            
                            
                            
                            
                            
                            
                            
                            
                            
                            
                            <ns16:dataInputRefs>2055.74d98c5f-ce41-4bc8-8903-3d27238e3d89</ns16:dataInputRefs>
                            
                            
                            
                            
                            
                            
                            
                            
                            
                        
                        
                        
                        
                        
                        
                        
                        
                        
                        </ns16:inputSet>
                        
                        
                        
                        
                        
                        
                        
                        
                        
                        
                        
                        
                        
                        
                        
                        
                        
                        
                        <ns16:outputSet>
                            
                            
                            
                            
                            
                            
                            
                            
                            
                            
                            
                            
                            
                            
                            
                            
                            
                            
                            <ns16:dataOutputRefs>2055.989cb335-eff3-43e6-8c08-36d65c617f5f</ns16:dataOutputRefs>
                            
                            
                            
                            
                            
                            
                            
                            
                            
                        
                        
                        
                        
                        
                        
                        
                        
                        
                        </ns16:outputSet>
                        
                        
                        
                        
                        
                        
                        
                        
                        
                    
                    
                    
                    
                    
                    
                    
                    
                    
                    </ns16:ioSpecification>
                    
                    
                    
                    
                    
                    
                    
                    
                    
                    
                    
                    
                    
                    
                    
                    
                    
                    
                    <ns16:laneSet id="8e02887e-0a7a-475b-8782-36875852892b">
                        
                        
                        
                        
                        
                        
                        
                        
                        
                        
                        
                        
                        
                        
                        
                        
                        
                        
                        <ns16:lane name="System" partitionElementRef="24.6fd38d02-81cf-48ab-bd42-8ff4c0a1628b" id="aeab9062-2dee-49b6-8223-4f82067b04d3" ns4:isSystemLane="true">
                            
                            
                            
                            
                            
                            
                            
                            
                            
                            
                            
                            
                            
                            
                            
                            
                            
                            
                            <ns16:extensionElements>
                                
                                
                                
                                
                                
                                
                                
                                
                                
                                
                                
                                
                                
                                
                                
                                
                                
                                
                                <ns13:nodeVisualInfo x="0" y="0" width="3000" height="500" color="#F8F8F8" />
                                
                                
                                
                                
                                
                                
                                
                                
                                
                            
                            
                            
                            
                            
                            
                            
                            
                            
                            </ns16:extensionElements>
                            
                            
                            
                            
                            
                            
                            
                            
                            
                            
                            
                            
                            
                            
                            
                            
                            
                            
                            <ns16:flowNodeRef>4102f40a-20f0-48cf-8086-1ac2e45e2188</ns16:flowNodeRef>
                            
                            
                            
                            
                            
                            
                            
                            
                            
                            
                            
                            
                            
                            
                            
                            
                            
                            
                            <ns16:flowNodeRef>268abf84-face-4670-8075-6ab8294e572a</ns16:flowNodeRef>
                            
                            
                            
                            
                            
                            
                            
                            
                            
                            
                            
                            
                            
                            
                            
                            
                            
                            
                            <ns16:flowNodeRef>1c04b3a8-fd0d-4d3a-8879-d4b26abb145f</ns16:flowNodeRef>
                            
                            
                            
                            
                            
                            
                            
                            
                            
                        
                        
                        
                        
                        
                        
                        
                        
                        
                        </ns16:lane>
                        
                        
                        
                        
                        
                        
                        
                        
                        
                    
                    
                    
                    
                    
                    
                    
                    
                    
                    </ns16:laneSet>
                    
                    
                    
                    
                    
                    
                    
                    
                    
                    
                    
                    
                    
                    
                    
                    
                    
                    
                    <ns16:startEvent isInterrupting="false" parallelMultiple="false" name="Start" id="4102f40a-20f0-48cf-8086-1ac2e45e2188">
                        
                        
                        
                        
                        
                        
                        
                        
                        
                        
                        
                        
                        
                        
                        
                        
                        
                        
                        <ns16:extensionElements>
                            
                            
                            
                            
                            
                            
                            
                            
                            
                            
                            
                            
                            
                            
                            
                            
                            
                            
                            <ns13:nodeVisualInfo x="25" y="80" width="24" height="24" color="#F8F8F8" />
                            
                            
                            
                            
                            
                            
                            
                            
                            
                        
                        
                        
                        
                        
                        
                        
                        
                        
                        </ns16:extensionElements>
                        
                        
                        
                        
                        
                        
                        
                        
                        
                        
                        
                        
                        
                        
                        
                        
                        
                        
                        <ns16:outgoing>2027.f6e174e9-b1ea-42dc-8dcf-3355bf9849c7</ns16:outgoing>
                        
                        
                        
                        
                        
                        
                        
                        
                        
                    
                    
                    
                    
                    
                    
                    
                    
                    
                    </ns16:startEvent>
                    
                    
                    
                    
                    
                    
                    
                    
                    
                    
                    
                    
                    
                    
                    
                    
                    
                    
                    <ns16:endEvent name="End" id="268abf84-face-4670-8075-6ab8294e572a">
                        
                        
                        
                        
                        
                        
                        
                        
                        
                        
                        
                        
                        
                        
                        
                        
                        
                        
                        <ns16:extensionElements>
                            
                            
                            
                            
                            
                            
                            
                            
                            
                            
                            
                            
                            
                            
                            
                            
                            
                            
                            <ns13:nodeVisualInfo x="650" y="80" width="24" height="24" color="#F8F8F8" />
                            
                            
                            
                            
                            
                            
                            
                            
                            
                            
                            
                            
                            
                            
                            
                            
                            
                            
                            <ns4:saveExecutionContext>true</ns4:saveExecutionContext>
                            
                            
                            
                            
                            
                            
                            
                            
                            
                            
                            
                            
                            
                            
                            
                            
                            
                            
                            <ns3:endStateId>guid:dcc00a9933f04909:1638e8e3:180bca48b7c:-7fc3</ns3:endStateId>
                            
                            
                            
                            
                            
                            
                            
                            
                            
                        
                        
                        
                        
                        
                        
                        
                        
                        
                        </ns16:extensionElements>
                        
                        
                        
                        
                        
                        
                        
                        
                        
                        
                        
                        
                        
                        
                        
                        
                        
                        
                        <ns16:incoming>60821b64-8c4e-4b0c-8ff5-87c6856e980d</ns16:incoming>
                        
                        
                        
                        
                        
                        
                        
                        
                        
                    
                    
                    
                    
                    
                    
                    
                    
                    
                    </ns16:endEvent>
                    
                    
                    
                    
                    
                    
                    
                    
                    
                    
                    
                    
                    
                    
                    
                    
                    
                    
                    <ns16:sequenceFlow sourceRef="4102f40a-20f0-48cf-8086-1ac2e45e2188" targetRef="1c04b3a8-fd0d-4d3a-8879-d4b26abb145f" name="To Create Process Instance" id="2027.f6e174e9-b1ea-42dc-8dcf-3355bf9849c7">
                        
                        
                        
                        
                        
                        
                        
                        
                        
                        
                        
                        
                        
                        
                        
                        
                        
                        
                        <ns16:extensionElements>
                            
                            
                            
                            
                            
                            
                            
                            
                            
                            
                            
                            
                            
                            
                            
                            
                            
                            
                            <ns13:linkVisualInfo>
                                
                                
                                
                                
                                
                                
                                
                                
                                
                                
                                
                                
                                
                                
                                
                                
                                
                                
                                <ns13:sourcePortLocation>rightCenter</ns13:sourcePortLocation>
                                
                                
                                
                                
                                
                                
                                
                                
                                
                                
                                
                                
                                
                                
                                
                                
                                
                                
                                <ns13:targetPortLocation>leftCenter</ns13:targetPortLocation>
                                
                                
                                
                                
                                
                                
                                
                                
                                
                                
                                
                                
                                
                                
                                
                                
                                
                                
                                <ns13:showLabel>false</ns13:showLabel>
                                
                                
                                
                                
                                
                                
                                
                                
                                
                                
                                
                                
                                
                                
                                
                                
                                
                                
                                <ns13:showCoachControlLabel>false</ns13:showCoachControlLabel>
                                
                                
                                
                                
                                
                                
                                
                                
                                
                                
                                
                                
                                
                                
                                
                                
                                
                                
                                <ns13:labelPosition>0.0</ns13:labelPosition>
                                
                                
                                
                                
                                
                                
                                
                                
                                
                                
                                
                                
                                
                                
                                
                                
                                
                                
                                <ns13:saveExecutionContext>false</ns13:saveExecutionContext>
                                
                                
                                
                                
                                
                                
                                
                                
                                
                            
                            
                            
                            
                            
                            
                            
                            
                            
                            </ns13:linkVisualInfo>
                            
                            
                            
                            
                            
                            
                            
                            
                            
                        
                        
                        
                        
                        
                        
                        
                        
                        
                        </ns16:extensionElements>
                        
                        
                        
                        
                        
                        
                        
                        
                        
                    
                    
                    
                    
                    
                    
                    
                    
                    
                    </ns16:sequenceFlow>
                    
                    
                    
                    
                    
                    
                    
                    
                    
                    
                    
                    
                    
                    
                    
                    
                    
                    
                    <ns16:serviceTask xmlns:ns23="com.ibm.rpa" operationRef="ns23:_c23a82d9-2eea-4d5c-a274-04ba512d5671" name="Create Process Instance" id="1c04b3a8-fd0d-4d3a-8879-d4b26abb145f">
                        
                        
                        
                        
                        
                        
                        
                        
                        
                        
                        
                        
                        
                        
                        
                        
                        
                        
                        <ns16:extensionElements>
                            
                            
                            
                            
                            
                            
                            
                            
                            
                            
                            
                            
                            
                            
                            
                            
                            
                            
                            <ns13:nodeVisualInfo x="251" y="57" width="95" height="70" />
                            
                            
                            
                            
                            
                            
                            
                            
                            
                            
                            
                            
                            
                            
                            
                            
                            
                            
                            <ns4:activityType>ServiceTask</ns4:activityType>
                            
                            
                            
                            
                            
                            
                            
                            
                            
                            
                            
                            
                            
                            
                            
                            
                            
                            
                            <ns3:externalServiceRefPO>1.e28798be-f904-4511-8f0b-5e3654aaada8</ns3:externalServiceRefPO>
                            
                            
                            
                            
                            
                            
                            
                            
                            
                            
                            
                            
                            
                            
                            
                            
                            
                            
                            <ns3:externalServiceRef>ns23:_618077f7-cb79-4649-8a78-6e5cc1375625</ns3:externalServiceRef>
                            
                            
                            
                            
                            
                            
                            
                            
                            
                        
                        
                        
                        
                        
                        
                        
                        
                        
                        </ns16:extensionElements>
                        
                        
                        
                        
                        
                        
                        
                        
                        
                        
                        
                        
                        
                        
                        
                        
                        
                        
                        <ns16:incoming>2027.f6e174e9-b1ea-42dc-8dcf-3355bf9849c7</ns16:incoming>
                        
                        
                        
                        
                        
                        
                        
                        
                        
                        
                        
                        
                        
                        
                        
                        
                        
                        
                        <ns16:outgoing>60821b64-8c4e-4b0c-8ff5-87c6856e980d</ns16:outgoing>
                        
                        
                        
                        
                        
                        
                        
                        
                        
                        
                        
                        
                        
                        
                        
                        
                        
                        
                        <ns16:dataInputAssociation>
                            
                            
                            
                            
                            
                            
                            
                            
                            
                            
                            
                            
                            
                            
                            
                            
                            
                            
                            <ns16:targetRef>_d642dcb8-9557-464a-87c5-770f12e9fd84</ns16:targetRef>
                            
                            
                            
                            
                            
                            
                            
                            
                            
                            
                            
                            
                            
                            
                            
                            
                            
                            
                            <ns16:assignment>
                                
                                
                                
                                
                                
                                
                                
                                
                                
                                
                                
                                
                                
                                
                                
                                
                                
                                
                                <ns16:from xmlns:xsi="http://www.w3.org/2001/XMLSchema-instance" xsi:type="ns16:tFormalExpression" evaluatesToTypeRef="itm.12.db884a3c-c533-44b7-bb2d-47bec8ad4022">tw.local.tenantID</ns16:from>
                                
                                
                                
                                
                                
                                
                                
                                
                                
                            
                            
                            
                            
                            
                            
                            
                            
                            
                            </ns16:assignment>
                            
                            
                            
                            
                            
                            
                            
                            
                            
                        
                        
                        
                        
                        
                        
                        
                        
                        
                        </ns16:dataInputAssociation>
                        
                        
                        
                        
                        
                        
                        
                        
                        
                        
                        
                        
                        
                        
                        
                        
                        
                        
                        <ns16:dataInputAssociation>
                            
                            
                            
                            
                            
                            
                            
                            
                            
                            
                            
                            
                            
                            
                            
                            
                            
                            
                            <ns16:targetRef>_ab9af176-0e9b-4739-b6ca-3f69c4e5417e</ns16:targetRef>
                            
                            
                            
                            
                            
                            
                            
                            
                            
                            
                            
                            
                            
                            
                            
                            
                            
                            
                            <ns16:assignment>
                                
                                
                                
                                
                                
                                
                                
                                
                                
                                
                                
                                
                                
                                
                                
                                
                                
                                
                                <ns16:from xmlns:xsi="http://www.w3.org/2001/XMLSchema-instance" xsi:type="ns16:tFormalExpression" evaluatesToTypeRef="itm.12.db884a3c-c533-44b7-bb2d-47bec8ad4022">tw.local.accessToken</ns16:from>
                                
                                
                                
                                
                                
                                
                                
                                
                                
                            
                            
                            
                            
                            
                            
                            
                            
                            
                            </ns16:assignment>
                            
                            
                            
                            
                            
                            
                            
                            
                            
                        
                        
                        
                        
                        
                        
                        
                        
                        
                        </ns16:dataInputAssociation>
                        
                        
                        
                        
                        
                        
                        
                        
                        
                        
                        
                        
                        
                        
                        
                        
                        
                        
                        <ns16:dataInputAssociation>
                            
                            
                            
                            
                            
                            
                            
                            
                            
                            
                            
                            
                            
                            
                            
                            
                            
                            
                            <ns16:targetRef>_73e491ff-ab97-4954-8147-6d82344b8ed3</ns16:targetRef>
                            
                            
                            
                            
                            
                            
                            
                            
                            
                            
                            
                            
                            
                            
                            
                            
                            
                            
                            <ns16:assignment>
                                
                                
                                
                                
                                
                                
                                
                                
                                
                                
                                
                                
                                
                                
                                
                                
                                
                                
                                <ns16:from xmlns:xsi="http://www.w3.org/2001/XMLSchema-instance" xsi:type="ns16:tFormalExpression" evaluatesToTypeRef="itm.12.db884a3c-c533-44b7-bb2d-47bec8ad4022">tw.local.processID</ns16:from>
                                
                                
                                
                                
                                
                                
                                
                                
                                
                            
                            
                            
                            
                            
                            
                            
                            
                            
                            </ns16:assignment>
                            
                            
                            
                            
                            
                            
                            
                            
                            
                        
                        
                        
                        
                        
                        
                        
                        
                        
                        </ns16:dataInputAssociation>
                        
                        
                        
                        
                        
                        
                        
                        
                        
                        
                        
                        
                        
                        
                        
                        
                        
                        
                        <ns16:dataInputAssociation>
                            
                            
                            
                            
                            
                            
                            
                            
                            
                            
                            
                            
                            
                            
                            
                            
                            
                            
                            <ns16:targetRef>_bb0acdd0-9e2c-4b7e-aed8-bb94c648c7f1</ns16:targetRef>
                            
                            
                            
                            
                            
                            
                            
                            
                            
                            
                            
                            
                            
                            
                            
                            
                            
                            
                            <ns16:assignment>
                                
                                
                                
                                
                                
                                
                                
                                
                                
                                
                                
                                
                                
                                
                                
                                
                                
                                
                                <ns16:from xmlns:xsi="http://www.w3.org/2001/XMLSchema-instance" xsi:type="ns16:tFormalExpression" evaluatesToTypeRef="itm.12.db884a3c-c533-44b7-bb2d-47bec8ad4022">tw.local.payload</ns16:from>
                                
                                
                                
                                
                                
                                
                                
                                
                                
                            
                            
                            
                            
                            
                            
                            
                            
                            
                            </ns16:assignment>
                            
                            
                            
                            
                            
                            
                            
                            
                            
                        
                        
                        
                        
                        
                        
                        
                        
                        
                        </ns16:dataInputAssociation>
                        
                        
                        
                        
                        
                        
                        
                        
                        
                        
                        
                        
                        
                        
                        
                        
                        
                        
                        <ns16:dataInputAssociation>
                            
                            
                            
                            
                            
                            
                            
                            
                            
                            
                            
                            
                            
                            
                            
                            
                            
                            
                            <ns16:targetRef>_079899bc-79c2-465e-859e-704b13f352b7</ns16:targetRef>
                            
                            
                            
                            
                            
                            
                            
                            
                            
                            
                            
                            
                            
                            
                            
                            
                            
                            
                            <ns16:assignment>
                                
                                
                                
                                
                                
                                
                                
                                
                                
                                
                                
                                
                                
                                
                                
                                
                                
                                
                                <ns16:from xmlns:xsi="http://www.w3.org/2001/XMLSchema-instance" xsi:type="ns16:tFormalExpression" evaluatesToTypeRef="itm.12.db884a3c-c533-44b7-bb2d-47bec8ad4022">tw.local.baseURL</ns16:from>
                                
                                
                                
                                
                                
                                
                                
                                
                                
                            
                            
                            
                            
                            
                            
                            
                            
                            
                            </ns16:assignment>
                            
                            
                            
                            
                            
                            
                            
                            
                            
                        
                        
                        
                        
                        
                        
                        
                        
                        
                        </ns16:dataInputAssociation>
                        
                        
                        
                        
                        
                        
                        
                        
                        
                        
                        
                        
                        
                        
                        
                        
                        
                        
                        <ns16:dataOutputAssociation>
                            
                            
                            
                            
                            
                            
                            
                            
                            
                            
                            
                            
                            
                            
                            
                            
                            
                            
                            <ns16:sourceRef>_4745523c-f659-4d12-9b33-781284f2623a</ns16:sourceRef>
                            
                            
                            
                            
                            
                            
                            
                            
                            
                            
                            
                            
                            
                            
                            
                            
                            
                            
                            <ns16:assignment>
                                
                                
                                
                                
                                
                                
                                
                                
                                
                                
                                
                                
                                
                                
                                
                                
                                
                                
                                <ns16:to xmlns:xsi="http://www.w3.org/2001/XMLSchema-instance" xsi:type="ns16:tFormalExpression" evaluatesToTypeRef="itm.12.db884a3c-c533-44b7-bb2d-47bec8ad4022">tw.local.instanceID</ns16:to>
                                
                                
                                
                                
                                
                                
                                
                                
                                
                            
                            
                            
                            
                            
                            
                            
                            
                            
                            </ns16:assignment>
                            
                            
                            
                            
                            
                            
                            
                            
                            
                        
                        
                        
                        
                        
                        
                        
                        
                        
                        </ns16:dataOutputAssociation>
                        
                        
                        
                        
                        
                        
                        
                        
                        
                    
                    
                    
                    
                    
                    
                    
                    
                    
                    </ns16:serviceTask>
                    
                    
                    
                    
                    
                    
                    
                    
                    
                    
                    
                    
                    
                    
                    
                    
                    
                    
                    <ns16:sequenceFlow sourceRef="1c04b3a8-fd0d-4d3a-8879-d4b26abb145f" targetRef="268abf84-face-4670-8075-6ab8294e572a" name="To End" id="60821b64-8c4e-4b0c-8ff5-87c6856e980d">
                        
                        
                        
                        
                        
                        
                        
                        
                        
                        
                        
                        
                        
                        
                        
                        
                        
                        
                        <ns16:extensionElements>
                            
                            
                            
                            
                            
                            
                            
                            
                            
                            
                            
                            
                            
                            
                            
                            
                            
                            
                            <ns3:sequenceFlowImplementation sboSyncEnabled="true" />
                            
                            
                            
                            
                            
                            
                            
                            
                            
                            
                            
                            
                            
                            
                            
                            
                            
                            
                            <ns13:linkVisualInfo>
                                
                                
                                
                                
                                
                                
                                
                                
                                
                                
                                
                                
                                
                                
                                
                                
                                
                                
                                <ns13:sourcePortLocation>rightCenter</ns13:sourcePortLocation>
                                
                                
                                
                                
                                
                                
                                
                                
                                
                                
                                
                                
                                
                                
                                
                                
                                
                                
                                <ns13:targetPortLocation>leftCenter</ns13:targetPortLocation>
                                
                                
                                
                                
                                
                                
                                
                                
                                
                                
                                
                                
                                
                                
                                
                                
                                
                                
                                <ns13:showLabel>false</ns13:showLabel>
                                
                                
                                
                                
                                
                                
                                
                                
                                
                                
                                
                                
                                
                                
                                
                                
                                
                                
                                <ns13:showCoachControlLabel>false</ns13:showCoachControlLabel>
                                
                                
                                
                                
                                
                                
                                
                                
                                
                                
                                
                                
                                
                                
                                
                                
                                
                                
                                <ns13:labelPosition>0.0</ns13:labelPosition>
                                
                                
                                
                                
                                
                                
                                
                                
                                
                                
                                
                                
                                
                                
                                
                                
                                
                                
                                <ns13:saveExecutionContext>true</ns13:saveExecutionContext>
                                
                                
                                
                                
                                
                                
                                
                                
                                
                            
                            
                            
                            
                            
                            
                            
                            
                            
                            </ns13:linkVisualInfo>
                            
                            
                            
                            
                            
                            
                            
                            
                            
                        
                        
                        
                        
                        
                        
                        
                        
                        
                        </ns16:extensionElements>
                        
                        
                        
                        
                        
                        
                        
                        
                        
                    
                    
                    
                    
                    
                    
                    
                    
                    
                    </ns16:sequenceFlow>
                    
                    
                    
                    
                    
                    
                    
                    
                    
                
                
                
                
                
                
                
                
                
                </ns16:process>
                
                
                
                
                
                
                
                
                
            
            
            
            
            
            
            
            
            
            </ns16:definitions>
        </bpmn2Model>
        <link name="To End">
            <lastModified isNull="true" />
            <lastModifiedBy isNull="true" />
            <tenantId isNull="true" />
            <processLinkId>2027.60821b64-8c4e-4b0c-8ff5-87c6856e980d</processLinkId>
            <processId>1.ddb62bc1-6323-483a-ada7-7473d1255256</processId>
            <description isNull="true" />
            <fromProcessItemId>2025.1c04b3a8-fd0d-4d3a-8879-d4b26abb145f</fromProcessItemId>
            <endStateId>Out</endStateId>
            <toProcessItemId>2025.268abf84-face-4670-8075-6ab8294e572a</toProcessItemId>
            <guid>d3aa269e-8711-4ef3-9fa1-6e4114139293</guid>
            <versionId>4b2a9f35-9601-44eb-a9b4-93750f32da46</versionId>
            <layoutData>
                <controlPoints />
                <showEndState>false</showEndState>
                <showName>false</showName>
            </layoutData>
            <fromItemPort locationId="rightCenter" portType="1" />
            <toItemPort locationId="leftCenter" portType="2" />
            <fromProcessItemId>2025.1c04b3a8-fd0d-4d3a-8879-d4b26abb145f</fromProcessItemId>
            <toProcessItemId>2025.268abf84-face-4670-8075-6ab8294e572a</toProcessItemId>
        </link>
    </process>
</teamworks>

