<?xml version="1.0" encoding="UTF-8"?>
<teamworks>
    <managedAsset id="61.4a4e895c-3a66-4540-acc7-0fdaeb6f8cbb" name="993e03e9-2574-40fc-807c-65b06be378fd.zip">
        <lastModified>1654577464470</lastModified>
        <lastModifiedBy>cp4badmin</lastModifiedBy>
        <tenantId isNull="true" />
        <managedAssetId>61.4a4e895c-3a66-4540-acc7-0fdaeb6f8cbb</managedAssetId>
        <assetUuid>aed62e56-25bc-4453-9245-1592ce12bda6</assetUuid>
        <mimeType>application/zip</mimeType>
        <charEncoding isNull="true" />
        <assetTypeCode>T</assetTypeCode>
        <length>69032</length>
        <localLastModification>0</localLastModification>
        <description isNull="true" />
        <isDocumentationFile>false</isDocumentationFile>
        <guid>6e093706-e883-4700-8c0d-80bb878d0717</guid>
        <versionId>ff8b8ad6-6ac7-4002-8836-450340499bce</versionId>
    </managedAsset>
</teamworks>

