{"data":{"metadata":{"paId":"2066.bd3841e7-7c78-4b6b-aa2b-1f9cc91afc9a","paShortName":"SYSCST","snapshotId":"2064.da475e61-9610-4fe7-ab04-1910a3fe98fa","snapshotName":"21.0.1.0.210305213522","name":"Content Services"},"defaults":{"entry":[{"type":"S","value":""},{"type":"B","value":false},{"type":"I","value":0},{"type":"D","value":0.0},{"type":"DT","value":null},{"type":"DT","value":null}]},"templates":{"variableTemplates":[{"modelId":"1.0e1125e7-dcfe-488b-84fb-63fb82f33d85","parentId":"1.0e1125e7-dcfe-488b-84fb-63fb82f33d85","variableTemplate":[{"id":"2055.baf06307-683a-475d-8912-40f3231b5264","name":"data","boTemplateName":"CSC"},{"id":"2055.e6295bc5-d891-4f1f-8e92-622044201164","name":"results","boTemplateName":"A"},{"id":"2055.200e7e7d-2362-45c8-80e0-6e67c66b31ab","name":"error","boTemplateName":"Aja"}]}],"boTemplate":[{"id":"12.142b643d-2ac3-46cc-be26-f5e92a159f18","name":"CSC","property":[{"name":"documentId","type":"S","isList":false},{"name":"repository","type":"S","isList":false},{"name":"serverAppResource","type":"S","isList":false},{"name":"ecmToken","type":"S","isList":false}]},{"id":"12.5551644c-3dc6-4161-a939-4e7f27f8ce45","name":"Aja","property":[{"name":"errorText","type":"S","isList":false},{"name":"errorCode","type":"S","isList":false},{"name":"serviceInError","type":"S","isList":false}]}]},"model":{"rootElement":[{"extensionElements":{"userTaskImplementation":[{"flowElement":[{"parallelMultiple":false,"outgoing":["2027.1ba8ea22-9dec-4b00-8773-9f02e03e8af5"],"isInterrupting":true,"extensionElements":{"nodeVisualInfo":[{"color":"#F8F8F8","width":24,"x":50,"y":200,"declaredType":"TNodeVisualInfo","height":24}]},"name":"Start","declaredType":"startEvent","id":"6caf8953-4d68-492c-823f-6659b15e543c"},{"incoming":["2027.9818000c-a454-4dab-8892-904980c4ea78"],"extensionElements":{"nodeVisualInfo":[{"color":"#F8F8F8","width":24,"x":700,"y":200,"declaredType":"TNodeVisualInfo","height":24}],"navigationInstructions":[{"targetType":"Default","declaredType":"com.ibm.bpmsdk.model.bpmn20.ibmext.TNavigationInstructions"}]},"name":"End","declaredType":"endEvent","id":"4ff9ca39-d70c-4453-8cf2-f728063871bb"},{"targetRef":"2025.c61e179b-c8df-4060-897e-9c0f4d456d19","extensionElements":{"linkVisualInfo":[{"sourcePortLocation":"rightCenter","showCoachControlLabel":false,"labelPosition":0.0,"targetPortLocation":"leftCenter","declaredType":"TLinkVisualInfo","saveExecutionContext":false,"showLabel":false}]},"name":"Start to End","declaredType":"sequenceFlow","id":"2027.1ba8ea22-9dec-4b00-8773-9f02e03e8af5","sourceRef":"6caf8953-4d68-492c-823f-6659b15e543c"},{"startQuantity":1,"outgoing":["2027.9818000c-a454-4dab-8892-904980c4ea78"],"incoming":["2027.1ba8ea22-9dec-4b00-8773-9f02e03e8af5"],"default":"2027.9818000c-a454-4dab-8892-904980c4ea78","extensionElements":{"nodeVisualInfo":[{"width":95,"x":335,"y":177,"declaredType":"TNodeVisualInfo","height":70}]},"name":"Checkout Document","isForCompensation":false,"completionQuantity":1,"declaredType":"scriptTask","id":"2025.c61e179b-c8df-4060-897e-9c0f4d456d19","scriptFormat":"text/x-javascript","script":{"content":["console.log(\"****BEGIN Script Checkout Document****\");\r\n\r\n//tw.system.disableAutoContinue = true;‌\r\ntw.system.waitForContinueFlow();\r\n\r\nvar ecmToken = tw.local.data && tw.local.data.ecmToken;\r\nvar appServerResource = tw.local.data && tw.local.data.serverAppResource;\r\nvar repository = tw.local.data && tw.local.data.repository;\r\nvar documentId = tw.local.data && tw.local.data.documentId; \r\n\r\nvar QUERY = \"mutation {\" + \"\\n\" +\r\n\t\"checkoutDocument(\" + \"\\n\" +\r\n\t\t\"repositoryIdentifier: \\\"\" + repository + \"\\\",\" + \"\\n\" +\r\n    \t\t\"identifier: \\\"\" + documentId + \"\\\",\" + \"\\n\" +\r\n    \t\t\"checkoutAction: {\" + \"\\n\" + \r\n      \t\t\"reservationType: EXCLUSIVE\" + \"\\n\" + \r\n     \t\t\"}\" + \"\\n\" + \r\n    \t\")\" + \"\\n\" + \r\n\t\"{\" + \"\\n\" +\r\n\t\t\"className\" + \"\\n\" +\r\n\t\t\"creator\" + \"\\n\" +\r\n\t\t\"name\" + \"\\n\" +\r\n\t\t\"id\" + \"\\n\" +\r\n\t\t\"reservation {\" + \"\\n\" +\r\n\t\t\t\"name\" + \"\\n\" +\r\n\t\t\t\"id\" + \"\\n\" +\r\n\t\t\t\"owner\" + \"\\n\" +\r\n\t\t\t\"creator\" + \"\\n\" +\r\n\t\t\t\"majorVersionNumber\" + \"\\n\" +\r\n\t\t\t\"minorVersionNumber\" + \"\\n\" +\r\n\t\t\t\"accessAllowed\" + \"\\n\" +\r\n\t\t\t\"properties {\" + \"\\n\" +\r\n\t      \t\t\"id\" + \"\\n\" +\r\n\t      \t\t\"label\" + \"\\n\" +\r\n\t      \t\t\"type\" + \"\\n\" +\r\n\t      \t\t\"cardinality\" + \"\\n\" +\r\n\t      \t\t\"value\" + \"\\n\" +\r\n\t\t\t\"}\" + \"\\n\" +\r\n\t\t\"}\" + \"\\n\" +\r\n\t\"}\" + \"\\n\" +\r\n\"}\";\r\n\r\nvar options = {\r\n\tctxRoot: \"/content-services-graphql\",\r\n\tpath: \"/graphql\",\r\n\tmethod: \"POST\",\r\n\tpayload: {\r\n\t\tquery: QUERY,\r\n\t\tvariables: null,\r\n\t\toperationName: null\r\n\t},\r\n\theaders: {\r\n\t\t\"ECM-CS-XSRF-Token\": ecmToken,\r\n\t\tCookie: \"ECM-CS-XSRF-Token=\" + ecmToken,\r\n\t\t\"Accept-Language\": tw.system.user.locale\r\n\t}\r\n};\r\n\r\nconsole.log(\"****PAYLOAD: \" + QUERY);\r\nconsole.log(\"****CALLING performRequest****\");\r\n\r\ntw.system.performRequest(appServerResource, options, function(response) {\r\n\t\r\n\tconsole.log(\"performRequest completed: \", response);\r\n\t\r\n\tvar results = [];\r\n\t\r\n\tvar resultsJson = JSON.parse(response);\r\n\tvar data = resultsJson.data;\r\n\t\r\n\tif (data.checkoutDocument) {\r\n\t\tvar checkoutDocument = data.checkoutDocument;\r\n\t\tvar reservation = checkoutDocument.reservation;\r\n\t\t\r\n\t\tvar newObject = new Object();\r\n\t\tnewObject.name = reservation.name;\r\n\t\tnewObject.id = reservation.id;\r\n\t\tnewObject.className = reservation.className;\r\n\t\tnewObject.accessAllowed = reservation.accessAllowed;\r\n\t\tnewObject.majorVersionNumber = reservation.majorVersionNumber;\r\n\t\tnewObject.minorVersionNumber = reservation.minorVersionNumber;\r\n\t\tnewObject.properties = reservation.properties;\r\n\t\tnewObject.creator = reservation.creator;\r\n\t\tnewObject.isFolder = false;\r\n\t\r\n\t\tresults.push(newObject);\r\n\t\r\n\t\tvar resultSet = {};\r\n\t\tresultSet.results = results;\r\n\t\t\r\n\t\ttw.local.results = resultSet;\r\n\t} else {\r\n\t\tvar errors = resultsJson.errors;\r\n\t\ttw.local.error = errors;\r\n\t}\r\n\t// Signal to engine that flow can continue past this Script‌\r\n\ttw.system.continueFlow();\r\n\t\r\n}, function (err) {\r\n\tconsole.log(\"performRequest failed: \", err);\r\n\r\n\ttw.local.error = err;\r\n\t\r\n\t// Signal to engine that flow can continue past this Script‌\r\n\ttw.system.continueFlow();\r\n});\r\n\t\r\nconsole.log(\"At the end of the script step pending response from Graphql\");\r\n"]}},{"targetRef":"4ff9ca39-d70c-4453-8cf2-f728063871bb","extensionElements":{"sequenceFlowImplementation":[{"fireValidation":"Never","sboSyncEnabled":true,"declaredType":"com.ibm.bpmsdk.model.bpmn20.ibmext.TSequenceFlowImplementation"}],"linkVisualInfo":[{"sourcePortLocation":"rightCenter","showCoachControlLabel":false,"labelPosition":0.0,"targetPortLocation":"leftCenter","declaredType":"TLinkVisualInfo","saveExecutionContext":true,"showLabel":false}]},"name":"To End","declaredType":"sequenceFlow","id":"2027.9818000c-a454-4dab-8892-904980c4ea78","sourceRef":"2025.c61e179b-c8df-4060-897e-9c0f4d456d19"}],"isClosed":false,"declaredType":"com.ibm.bpmsdk.model.bpmn20.ibmext.TUserTaskImplementation","id":"4c65afb2-ae29-4e33-8032-e444050b2ed6","processType":"None"}]},"implementation":"##unspecified","documentation":[{"content":["Checks out a document."],"textFormat":"text/plain"}],"name":"checkoutDocument","declaredType":"globalUserTask","id":"1.0e1125e7-dcfe-488b-84fb-63fb82f33d85","ioSpecification":{"dataOutput":[{"itemSubjectRef":"itm.12.c09c9b6e-aabd-4897-bef2-ed61db106297","documentation":[{"content":["Set on success. Contains JSON array with an object that contains information about the new reservation object."],"textFormat":"text/plain"}],"name":"results","isCollection":false,"id":"2055.e6295bc5-d891-4f1f-8e92-622044201164"},{"itemSubjectRef":"itm.12.5551644c-3dc6-4161-a939-4e7f27f8ce45","documentation":[{"content":["Set on error. Contains information about why the call failed."],"textFormat":"text/plain"}],"name":"error","isCollection":false,"id":"2055.200e7e7d-2362-45c8-80e0-6e67c66b31ab"}],"inputSet":[{}],"outputSet":[{}],"dataInput":[{"itemSubjectRef":"itm.12.142b643d-2ac3-46cc-be26-f5e92a159f18","name":"data","isCollection":false,"id":"2055.baf06307-683a-475d-8912-40f3231b5264"}]}}],"targetNamespace":"","typeLanguage":"http://www.w3.org/2001/XMLSchema","expressionLanguage":"http://www.ibm.com/xmlns/prod/bpm/expression-lang/javascript","id":"1.0e1125e7-dcfe-488b-84fb-63fb82f33d85"}},"status":"200"}