{"data":{"metadata":{"paId":"2066.bd3841e7-7c78-4b6b-aa2b-1f9cc91afc9a","paShortName":"SYSCST","snapshotId":"2064.da475e61-9610-4fe7-ab04-1910a3fe98fa","snapshotName":"21.0.1.0.210305213522","name":"Content Services"},"defaults":{"entry":[{"type":"S","value":""},{"type":"B","value":false},{"type":"I","value":0},{"type":"D","value":0.0},{"type":"DT","value":null},{"type":"DT","value":null}]},"templates":{"variableTemplates":[{"modelId":"1.60de3d55-7186-4d3f-ad46-8e808bcf8eb4","parentId":"1.60de3d55-7186-4d3f-ad46-8e808bcf8eb4","variableTemplate":[{"id":"2055.ffb6b45f-4b0f-4570-8993-46ba737cb9a3","name":"data","boTemplateName":"CSG"},{"id":"2055.e0501be4-887c-4f3d-83dc-1d57f053a577","name":"results","boTemplateName":"A"},{"id":"2055.44688126-df9c-499e-8a00-906352b4de4e","name":"error","boTemplateName":"Aja"}]}],"boTemplate":[{"id":"12.b7e578bd-03ea-44c2-8139-2157c37b1b1a","name":"CSG","property":[{"name":"pageSize","type":"I","isList":false},{"name":"countLimit","type":"I","isList":false},{"name":"searchFolderId","type":"S","isList":false},{"name":"searchOnlyFolder","type":"B","isList":false},{"name":"searchPhrase","type":"S","isList":false},{"name":"textOption","type":"S","isList":false},{"name":"propertyPhrase","type":"S","isList":false},{"name":"orderByProperty","type":"S","isList":false},{"name":"order","type":"S","isList":false},{"name":"properties","type":"S","isList":true},{"name":"repository","type":"S","isList":false},{"name":"serverAppResource","type":"S","isList":false},{"name":"ecmToken","type":"S","isList":false},{"name":"searchFor","type":"S","isList":false},{"name":"ovpProperties","type":"S","isList":true}]},{"id":"12.5551644c-3dc6-4161-a939-4e7f27f8ce45","name":"Aja","property":[{"name":"errorText","type":"S","isList":false},{"name":"errorCode","type":"S","isList":false},{"name":"serviceInError","type":"S","isList":false}]}]},"model":{"rootElement":[{"extensionElements":{"userTaskImplementation":[{"flowElement":[{"parallelMultiple":false,"outgoing":["2027.b60c068f-130b-4747-8740-bf8430e4d289"],"isInterrupting":true,"extensionElements":{"nodeVisualInfo":[{"color":"#F8F8F8","width":24,"x":50,"y":200,"declaredType":"TNodeVisualInfo","height":24}]},"name":"Start","declaredType":"startEvent","id":"32d82970-a5d6-40cf-8f26-ceb0eb558303"},{"incoming":["2027.ceafa063-5974-4cea-88ac-d07edd874a58"],"extensionElements":{"nodeVisualInfo":[{"color":"#F8F8F8","width":24,"x":700,"y":200,"declaredType":"TNodeVisualInfo","height":24}],"navigationInstructions":[{"targetType":"Default","declaredType":"com.ibm.bpmsdk.model.bpmn20.ibmext.TNavigationInstructions"}]},"name":"End","declaredType":"endEvent","id":"8b79d75e-7bef-4437-8763-a60f06a27d14"},{"targetRef":"2025.f819c7e8-6088-4009-8cc8-dea8414023da","extensionElements":{"linkVisualInfo":[{"sourcePortLocation":"rightCenter","showCoachControlLabel":false,"labelPosition":0.0,"targetPortLocation":"leftCenter","declaredType":"TLinkVisualInfo","saveExecutionContext":false,"showLabel":false}]},"name":"Start to End","declaredType":"sequenceFlow","id":"2027.b60c068f-130b-4747-8740-bf8430e4d289","sourceRef":"32d82970-a5d6-40cf-8f26-ceb0eb558303"},{"startQuantity":1,"outgoing":["2027.ceafa063-5974-4cea-88ac-d07edd874a58"],"incoming":["2027.b60c068f-130b-4747-8740-bf8430e4d289"],"default":"2027.ceafa063-5974-4cea-88ac-d07edd874a58","extensionElements":{"nodeVisualInfo":[{"width":95,"x":332,"y":177,"declaredType":"TNodeVisualInfo","height":70}]},"name":"Get Text Search Results","isForCompensation":false,"completionQuantity":1,"declaredType":"scriptTask","id":"2025.f819c7e8-6088-4009-8cc8-dea8414023da","scriptFormat":"text/x-javascript","script":{"content":["console.log(\"****BEGIN Script Get Text Search Results****\");\r\n\r\n//tw.system.disableAutoContinue = true;‌\r\ntw.system.waitForContinueFlow();\r\n\r\nvar ecmToken = tw.local.data && tw.local.data.ecmToken;\r\nvar appServerResource = tw.local.data && tw.local.data.serverAppResource;\r\nvar repository = tw.local.data && tw.local.data.repository;\r\nvar searchFor = tw.local.data && tw.local.data.searchFor;\r\nvar searchFolderId = tw.local.data && tw.local.data.searchFolderId;\r\nvar searchOnlyFolder = tw.local.data && tw.local.data.searchOnlyFolder;\r\n\r\nvar textOption = tw.local.data && tw.local.data.textOption;\r\nvar searchPhrase = tw.local.data && tw.local.data.searchPhrase;\r\nvar propertyPhrase = tw.local.data && tw.local.data.propertyPhrase;\r\n\r\nvar andIsCurrentVersion = \" IsCurrentVersion = true AND \";\r\nif (searchFor == \"Folder\") {\r\n    andIsCurrentVersion = \"\";\r\n}\r\n\r\nvar orderBy = tw.local.data && tw.local.data.orderByProperty;\r\nif (orderBy == null) {\r\n    orderBy = \"DocumentTitle\";\r\n}\r\n\r\nvar order = tw.local.data && tw.local.data.order;\r\nif (order == null) {\r\n    order = \"\";\r\n}\r\n\r\nvar countLimit = tw.local.data && tw.local.data.countLimit;\r\nif (countLimit == null) {\r\n    countLimit = \"2000\";\r\n}\r\n\r\nvar pageSize = tw.local.data && tw.local.data.pageSize;\r\nvar properties = tw.local.data && tw.local.data.properties;\r\nvar ovpProperties = tw.local.data && tw.local.data.ovpProperties;\r\n\r\nvar QUERY = \"{\" + \"\\n\" +\r\n      \"documents(\" + \"\\n\" +\r\n      \"repositoryIdentifier: \\\"\" + repository + \"\\\",\" + \"\\n\";\r\n      \r\n      if (textOption && textOption == \"OR\") {\r\n \t    QUERY += \"from: \\\"\" + searchFor + \" d LEFT JOIN ContentSearch c on d.this=c.queriedobject\\\"\" + \"\\n\";\r\n      } else {\r\n          QUERY += \"from: \\\"\" + searchFor + \" d INNER JOIN ContentSearch c on d.this=c.queriedobject\\\"\" + \"\\n\";\r\n      }\r\n      \r\n      if (searchFolderId == null || searchFolderId == \"\") {\r\n          QUERY += \"where: \\\"\" + andIsCurrentVersion + propertyPhrase + \" \" + textOption + \" CONTAINS(d.*, '\" + searchPhrase + \"'))\\\"\" + \"\\n\";\r\n   \t} else {\r\n   \t    if (searchOnlyFolder) {\r\n         \t  QUERY += \"where: \\\"This INFOLDER '\" + searchFolderId + \"' AND \" + andIsCurrentVersion + propertyPhrase + \" \" + textOption + \" CONTAINS(d.*, '\" + searchPhrase + \"'))\\\"\" + \"\\n\";\r\n   \t    } else {   \t    \t  \r\n              QUERY += \"where: \\\"This INSUBFOLDER '\" + searchFolderId + \"' AND \" + andIsCurrentVersion + propertyPhrase + \" \" + textOption + \" CONTAINS(d.*, '\" + searchPhrase + \"'))\\\"\" + \"\\n\";\r\n          }\r\n      }\r\n      \r\n      QUERY += \"orderBy: \\\"\" + orderBy + \" \" + order + \"\\\"\" + \"\\n\" +\r\n   \t\"options: \\\"COUNT_LIMIT \" + countLimit + \"\\\"\" + \"\\n\" +\r\n      \"pageSize: \" + pageSize + \"\\n\" +\r\n      \")\" + \"\\n\" +\r\n      \"{\" + \"\\n\" +\r\n\t    \"documents {\" + \"\\n\" +\r\n              \"className\" + \"\\n\" +\r\n              \"name\" + \"\\n\" +\r\n\t        \"id\" + \"\\n\" +\r\n\t        \"mimeType\" + \"\\n\" +\r\n\t        \"creator\" + \"\\n\" +\r\n\t        \"dateCreated\" + \"\\n\" +\r\n\t        \"isReserved\" + \"\\n\" +\r\n\t\t  \"reservation {\" + \"\\n\" +\r\n\t\t\t\"id\" + \"\\n\" +\r\n\t\t\t\"creator\" + \"\\n\" +\r\n\t\t  \"}\" + \"\\n\" +\r\n\t\t  \"accessAllowed\" + \"\\n\" +\r\n\t\t  \"contentElements {\" + \"\\n\" +\r\n        \t\t\"elementSequenceNumber\" + \"\\n\" +\r\n      \t\t\t\"... on ContentTransfer {\" + \"\\n\" +\r\n        \t\t\t\"retrievalName\" + \"\\n\" +\r\n        \t\t\t\"downloadUrl\" + \"\\n\" +\r\n      \t\t\"}  \" + \"\\n\" +\r\n        \t  \"}\" + \"\\n\" +\r\n        \t  \"versionSeries {\" + \"\\n\" +\r\n\t\t\t\"id\" + \"\\n\" +\r\n\t\t  \"}\" + \"\\n\" +\r\n\t\t  \"cmThumbnails {\" + \"\\n\" +  \r\n\t\t      \"cmThumbnails {\" + \"\\n\" +  \r\n\t\t          \"id\" + \"\\n\" +  \r\n\t            \"}\" + \"\\n\" +  \r\n\t\t  \"}\" + \"\\n\" +  \r\n \t        \"properties(includes: \";\r\n\t\r\n\t\t  var PROPS = \"[\";\r\n\t\t  properties.forEach(function(property) {\r\n  \t\t\tPROPS += \"\\\"\" + property + \"\\\" \";\r\n\t\t  });\r\n\t\t  QUERY += PROPS += \"]\";\r\n\r\n\t\t  QUERY += \") {\" + \"\\n\" +\r\n \t \t\t\"id\" + \"\\n\" +\r\n       \t\t\"label\" + \"\\n\" +\r\n       \t\t\"type\" + \"\\n\" +\r\n          \t\t\"cardinality\" + \"\\n\" +\r\n        \t\t\"value\" + \"\\n\" +\r\n        \t\t\"... on ObjectProperty {\" + \"\\n\" +\r\n\t\t\t     \"objectValue {\" + \"\\n\" +\r\n\t\t\t          \"properties(includes: \";\r\n\t\t\t          \r\n\t\t\t          var OVPPROPS = \"[\";\r\n\t\t\t\t    ovpProperties.forEach(function(property) {\r\n\t\t\t\t\t  OVPPROPS += \"\\\"\" + property + \"\\\" \";\r\n\t\t\t\t    });\r\n\t\t\t          QUERY += OVPPROPS += \"]\";\r\n\t\t\t          \r\n\t\t\t          QUERY += \") {\" + \"\\n\" +\r\n\t\t\t            \"id\" + \"\\n\" +\r\n\t\t\t            \"type\" + \"\\n\" +\r\n\t\t\t            \"value\" + \"\\n\" +\r\n\t\t\t          \"}\" + \"\\n\" +\r\n\t\t\t     \"}\" + \"\\n\" +\r\n\t\t\t \"}\" + \"\\n\" +\r\n         \t  \"}\" + \"\\n\" +\r\n\t    \"}\" + \"\\n\" +\r\n\t    \"pageInfo {\" + \"\\n\" +\r\n\t\t  \"token\" + \"\\n\" +\r\n\t\t  \"totalCount\" + \"\\n\" +\r\n\t    \"}\" + \"\\n\" +\r\n     \"}\" + \"\\n\" +\r\n\"}\";\r\n\r\nvar options = {\r\n\tctxRoot: \"/content-services-graphql\",\r\n\tpath: \"/graphql\",\r\n\tmethod: \"POST\",\r\n\tpayload: {\r\n\t\tquery: QUERY,\r\n\t\tvariables: null,\r\n\t\toperationName: null\r\n\t},\r\n\theaders: {\r\n\t\t\"ECM-CS-XSRF-Token\": ecmToken,\r\n\t\tCookie: \"ECM-CS-XSRF-Token=\" + ecmToken,\r\n\t\t\"Accept-Language\": tw.system.user.locale\r\n\t}\r\n};\r\n\r\nconsole.log(\"****CALLING performRequest****\");\r\n\r\ntw.system.performRequest(appServerResource, options, function(response) {\r\n\t\r\n\tconsole.log(\"performRequest completed: \", response);\r\n\r\n\tvar results = [];\r\n\t\r\n\tvar resultsJson = JSON.parse(response);\r\n\tif (resultsJson.data && resultsJson.data.documents) {\r\n\t\tvar searchResults = resultsJson.data.documents;\r\n\t\tvar documents = searchResults.documents;\r\n\t\r\n\t\tdocuments.forEach(function(docItem) {\r\n\t\t    var newItem = new Object();\r\n\t\r\n\t\t    newItem.name = docItem.name;\r\n\t\t    newItem.id = docItem.id;\r\n\t\t    newItem.className = docItem.className;\r\n\t\t    newItem.mimeType = docItem.mimeType;\r\n\t\t    newItem.isReserved = docItem.isReserved;\r\n\t\t    newItem.reservation = docItem.reservation;\r\n\t\t    newItem.accessAllowed = docItem.accessAllowed;\r\n\t\t    newItem.properties = docItem.properties;\r\n\t\t    newItem.contentElements = docItem.contentElements;\r\n\t\t    newItem.versionSeriesId = docItem.versionSeries.id;\r\n\t\t    newItem.cmThumbnails = docItem.cmThumbnails;\r\n\t\t    newItem.isFolder = false;\r\n \t     \t    newItem.baseType = \"Document\";\r\n\t\t\t\r\n\t\t    results.push(newItem);\r\n\t\t});\r\n\t\r\n\t\tvar resultSet = {};\r\n\t\tresultSet.results = results;\r\n\t\t\r\n\t\tif (searchResults.pageInfo != null) {\r\n\t\t    resultSet.totalCount = searchResults.pageInfo.totalCount;\r\n\t\t    resultSet.token = searchResults.pageInfo.token;\r\n\t\t}\t\r\n\t\r\n\t\ttw.local.results = resultSet;\r\n\t} else {\r\n\t\ttw.local.results = QUERY;\r\n\t}\r\n\t// Signal to engine that flow can continue past this Script‌\r\n\ttw.system.continueFlow();\r\n}, function (err) {\r\n\tconsole.log(\"performRequest failed: \", err);\r\n\r\n\ttw.local.error = JSON.stringify(err);\r\n\t\r\n\t// Signal to engine that flow can continue past this Script‌\r\n\ttw.system.continueFlow();\r\n});\r\n\t\r\nconsole.log(\"At the end of the script step pending response from Graphql\");"]}},{"targetRef":"8b79d75e-7bef-4437-8763-a60f06a27d14","extensionElements":{"sequenceFlowImplementation":[{"fireValidation":"Never","sboSyncEnabled":true,"declaredType":"com.ibm.bpmsdk.model.bpmn20.ibmext.TSequenceFlowImplementation"}],"linkVisualInfo":[{"sourcePortLocation":"rightCenter","showCoachControlLabel":false,"labelPosition":0.0,"targetPortLocation":"leftCenter","declaredType":"TLinkVisualInfo","saveExecutionContext":true,"showLabel":false}]},"name":"To End","declaredType":"sequenceFlow","id":"2027.ceafa063-5974-4cea-88ac-d07edd874a58","sourceRef":"2025.f819c7e8-6088-4009-8cc8-dea8414023da"}],"isClosed":false,"declaredType":"com.ibm.bpmsdk.model.bpmn20.ibmext.TUserTaskImplementation","id":"a8f8fe1f-f866-488b-8a45-c855f0ec28e5","processType":"None"}]},"implementation":"##unspecified","documentation":[{"content":["Returns the results of a content-based query."],"textFormat":"text/plain"}],"name":"getTextSearchResults","declaredType":"globalUserTask","id":"1.60de3d55-7186-4d3f-ad46-8e808bcf8eb4","ioSpecification":{"dataOutput":[{"itemSubjectRef":"itm.12.c09c9b6e-aabd-4897-bef2-ed61db106297","documentation":[{"content":["<div>Set on success. Contains the following JSON:</div><div>{</div><div><span style=\"white-space:pre\">\t</span>results: The list documents matching the search criteria.</div><div><span style=\"white-space:pre\">\t</span>totalCount: The total number of search results including those on other pages.</div><div><span style=\"white-space:pre\">\t</span>token: Paging token when there is more than one page of results.</div><div>}</div>"],"textFormat":"text/plain"}],"name":"results","isCollection":false,"id":"2055.e0501be4-887c-4f3d-83dc-1d57f053a577"},{"itemSubjectRef":"itm.12.5551644c-3dc6-4161-a939-4e7f27f8ce45","documentation":[{"content":["Set on error. Contains information about why the call failed."],"textFormat":"text/plain"}],"name":"error","isCollection":false,"id":"2055.44688126-df9c-499e-8a00-906352b4de4e"}],"inputSet":[{}],"outputSet":[{}],"dataInput":[{"itemSubjectRef":"itm.12.b7e578bd-03ea-44c2-8139-2157c37b1b1a","name":"data","isCollection":false,"id":"2055.ffb6b45f-4b0f-4570-8993-46ba737cb9a3"}]}}],"targetNamespace":"","typeLanguage":"http://www.w3.org/2001/XMLSchema","expressionLanguage":"http://www.ibm.com/xmlns/prod/bpm/expression-lang/javascript","id":"1.60de3d55-7186-4d3f-ad46-8e808bcf8eb4"}},"status":"200"}