{"data":{"metadata":{"paId":"2066.bd3841e7-7c78-4b6b-aa2b-1f9cc91afc9a","paShortName":"SYSCST","snapshotId":"2064.da475e61-9610-4fe7-ab04-1910a3fe98fa","snapshotName":"21.0.1.0.210305213522","name":"Content Services"},"defaults":{"entry":[{"type":"S","value":""},{"type":"B","value":false},{"type":"I","value":0},{"type":"D","value":0.0},{"type":"DT","value":null},{"type":"DT","value":null}]},"templates":{"variableTemplates":[{"modelId":"1.fec2ddba-7b1c-4f4d-8a1b-a3eeef3686ec","parentId":"1.fec2ddba-7b1c-4f4d-8a1b-a3eeef3686ec","variableTemplate":[{"id":"2055.6dbcd62b-42fc-48bf-b37f-946b0394004b","name":"data","boTemplateName":"CSG"},{"id":"2055.d8b070f6-74ea-4527-9c41-71d4c806b000","name":"results","boTemplateName":"A"},{"id":"2055.00735895-c186-4ecf-9ce7-006595f295f8","name":"error","boTemplateName":"Aja"}]}],"boTemplate":[{"id":"12.49a7f9dd-6258-4fd0-8fbd-994edd7a3570","name":"CSG","property":[{"name":"classId","type":"S","isList":false},{"name":"repository","type":"S","isList":false},{"name":"serverAppResource","type":"S","isList":false},{"name":"ecmToken","type":"S","isList":false}]},{"id":"12.5551644c-3dc6-4161-a939-4e7f27f8ce45","name":"Aja","property":[{"name":"errorText","type":"S","isList":false},{"name":"errorCode","type":"S","isList":false},{"name":"serviceInError","type":"S","isList":false}]}]},"model":{"rootElement":[{"extensionElements":{"userTaskImplementation":[{"flowElement":[{"parallelMultiple":false,"outgoing":["2027.8d0cc62a-61d8-4551-924e-614a6fe9abff"],"isInterrupting":true,"extensionElements":{"nodeVisualInfo":[{"color":"#F8F8F8","width":24,"x":50,"y":200,"declaredType":"TNodeVisualInfo","height":24}]},"name":"Start","declaredType":"startEvent","id":"963b1762-1bcc-4301-b767-084f7f9c8e85"},{"incoming":["2027.5f917d7b-4d07-4a0d-bd8d-e554f83b1a56"],"extensionElements":{"nodeVisualInfo":[{"color":"#F8F8F8","width":24,"x":700,"y":200,"declaredType":"TNodeVisualInfo","height":24}],"navigationInstructions":[{"targetType":"Default","declaredType":"com.ibm.bpmsdk.model.bpmn20.ibmext.TNavigationInstructions"}]},"name":"End","declaredType":"endEvent","id":"0514134c-0a0c-4a87-8bcf-1879d704d71b"},{"targetRef":"2025.34dfae04-4783-45f9-ad7d-23434d280127","extensionElements":{"linkVisualInfo":[{"sourcePortLocation":"rightCenter","showCoachControlLabel":false,"labelPosition":0.0,"targetPortLocation":"leftCenter","declaredType":"TLinkVisualInfo","saveExecutionContext":false,"showLabel":false}]},"name":"Start to End","declaredType":"sequenceFlow","id":"2027.8d0cc62a-61d8-4551-924e-614a6fe9abff","sourceRef":"963b1762-1bcc-4301-b767-084f7f9c8e85"},{"startQuantity":1,"outgoing":["2027.5f917d7b-4d07-4a0d-bd8d-e554f83b1a56"],"incoming":["2027.8d0cc62a-61d8-4551-924e-614a6fe9abff"],"default":"2027.5f917d7b-4d07-4a0d-bd8d-e554f83b1a56","extensionElements":{"nodeVisualInfo":[{"width":95,"x":325,"y":177,"declaredType":"TNodeVisualInfo","height":70}]},"name":"Get Class Details","isForCompensation":false,"completionQuantity":1,"declaredType":"scriptTask","id":"2025.34dfae04-4783-45f9-ad7d-23434d280127","scriptFormat":"text/x-javascript","script":{"content":["console.log(\"****BEGIN Script Get Class Details****\");\r\n\r\ntw.system.waitForContinueFlow();\r\n\r\nvar ecmToken = tw.local.data && tw.local.data.ecmToken;\r\nvar appServerResource = tw.local.data && tw.local.data.serverAppResource;\r\nvar repository = tw.local.data && tw.local.data.repository;\r\nvar classId = tw.local.data && tw.local.data.classId;\r\n\r\nvar QUERY = \"{classDescription(\" + \"\\n\" +\r\n\t\t\"repositoryIdentifier: \\\"\" + repository + \"\\\",\" + \"\\n\" +\r\n\t\t\"identifier: \\\"\" + classId + \"\\\"\" + \"\\n\" +\r\n  \t\")\" + \"\\n\" +\r\n\t\"{\" + \"\\n\" +\r\n\t\t\"symbolicName\" + \"\\n\" +\r\n\t\t\"displayName\" + \"\\n\" +\r\n\t\t\"propertyDescriptions {\" + \"\\n\" +\r\n\t\t\t\"id\" + \"\\n\" +\r\n\t\t\t\"displayName\" + \"\\n\" +\r\n\t\t\t\"symbolicName\" + \"\\n\" +\r\n\t\t\t\"cardinality\" + \"\\n\" +\r\n\t\t\t\"dataType\" + \"\\n\" +\r\n\t\t\t\"isOrderable\" + \"\\n\" +\r\n\t\t\t\"isReadOnly\" + \"\\n\" +\r\n\t\t\t\"isSearchable\" + \"\\n\" +\r\n\t\t\t\"isSelectable\" + \"\\n\" +\r\n\t\t\t\"isValueRequired\" + \"\\n\" +\r\n\t\t\t\"isSystemOwned\" + \"\\n\" +\r\n\t\t\t\"isHidden\" + \"\\n\" +\r\n\t\t\t\"requiresUniqueElements\" + \"\\n\" +\r\n\t\t\t\"settability\" + \"\\n\" +\r\n\t\t\t\"... on PropertyDescriptionId{\" + \"\\n\" +\r\n\t\t\t\t\"propertyDefaultId\" + \"\\n\" +\r\n\t\t\t\"}\" + \"\\n\" +\r\n\t\t\t\"... on PropertyDescriptionString{\" + \"\\n\" +\r\n\t\t\t\t\"propertyDefaultString\" + \"\\n\" +\r\n\t\t\t\t\"maximumLengthString\" + \"\\n\" +\r\n\t\t\t\"}\" + \"\\n\" +\r\n\t\t\t\"... on PropertyDescriptionBoolean{\" + \"\\n\" +\r\n\t\t\t\t\"propertyDefaultBoolean\" + \"\\n\" +\r\n\t\t\t\"}\" + \"\\n\" +\r\n\t\t\t\"... on PropertyDescriptionInteger32{\" + \"\\n\" +\r\n\t\t\t\t\"propertyDefaultInteger32\" + \"\\n\" +\r\n\t\t\t\t\"propertyMaximumInteger32\" + \"\\n\" +\r\n\t\t\t\t\"propertyMinimumInteger32\" + \"\\n\" +\r\n\t\t\t\"}\" + \"\\n\" +\r\n\t\t\t\"... on PropertyDescriptionFloat64{\" + \"\\n\" +\r\n\t\t\t\t\"propertyDefaultFloat64\" + \"\\n\" +\r\n\t\t\t\t\"propertyMaximumFloat64\" + \"\\n\" +\r\n\t\t\t\t\"propertyMinimumFloat64\" + \"\\n\" +\r\n\t\t\t\"}\" + \"\\n\" +\r\n\t\t\t\"... on PropertyDescriptionDateTime{\" + \"\\n\" +\r\n\t\t\t\t\"propertyDefaultDateTime\" + \"\\n\" +\r\n\t\t\t\t\"propertyMaximumDateTime\" + \"\\n\" +\r\n\t\t\t\t\"propertyMinimumDateTime\" + \"\\n\" +\r\n\t\t\t\"}\" + \"\\n\" +\r\n\t\t\t\"... on PropertyDescriptionObject{\" + \"\\n\" +\r\n\t\t\t\t\"requiredClass{\" + \"\\n\" +\r\n\t\t\t\t\t\"symbolicName\" + \"\\n\" +\r\n\t\t\t\t\"}\" + \"\\n\" +\r\n\t\t\t\"}\" + \"\\n\" +\r\n\t\t\t\"choiceList {\" + \"\\n\" +\r\n\t\t\t\t\"id\" + \"\\n\" +\r\n\t\t\t\t\"choiceValues {\" + \"\\n\" +\r\n\t\t\t\t\t\"id\" + \"\\n\" +\r\n\t\t\t\t\t\"name\" + \"\\n\" +\r\n\t\t\t\t\t\"displayName\" + \"\\n\" +\r\n\t\t\t\t\t\"choiceIntegerValue\" + \"\\n\" +\r\n\t\t\t\t\t\"choiceStringValue\" + \"\\n\" +\r\n\t\t\t\t\t\"choiceValues {\" + \"\\n\" +\r\n\t\t\t\t\t\t\"id\" + \"\\n\" +\r\n\t\t\t\t\t\"}\" + \"\\n\" +\r\n\t\t\t\t\"}\" + \"\\n\" +\r\n\t\t\t\"}\" + \"\\n\" +\r\n\t\t\"}\" + \"\\n\" +\r\n  \t\"}\" + \"\\n\" +\r\n\"}\";\r\n\r\nvar options = {\r\n\tctxRoot: \"/content-services-graphql\",\r\n\tpath: \"/graphql\",\r\n\tmethod: \"POST\",\r\n\tpayload: {\r\n\t\tquery: QUERY,\r\n\t\tvariables: null,\t\r\n\t\toperationName: null\r\n\t},\r\n\theaders: {\r\n\t\t\"ECM-CS-XSRF-Token\": ecmToken,\r\n\t\tCookie: \"ECM-CS-XSRF-Token=\" + ecmToken,\r\n\t\t\"Accept-Language\": tw.system.user.locale\r\n\t}\r\n};\r\n\r\nconsole.log(\"****CALLING performRequest****\");\r\n\r\ntw.system.performRequest(appServerResource, options, function(response) {\r\n\r\n\tconsole.log(\"performRequest completed: \", response);\r\n\r\n\tvar resultsJson = JSON.parse(response);\r\n\tif (resultsJson.errors){\r\n\t\tvar error = resultsJson.errors[0];\r\n\t\ttw.local.error = {};\r\n\t\ttw.local.error.errorText = error.extensions ? error.extensions.userResponse : error.message;\r\n\t\ttw.local.error.errorCode = error.extensions ? error.extensions.errorCode : error.errorType;\r\n\t\t\r\n\t\t// TBD For debugging - need to remove.\r\n//\t\ttw.local.error.serviceInError = JSON.stringify(error);\r\n\t} else {\r\n\t\ttw.local.results = resultsJson.data.classDescription;\r\n\t}\r\n\r\n\t// Signal to engine that flow can continue past this Script?\r\n\ttw.system.continueFlow();\r\n}, function (err) {\r\n\tconsole.log(\"performRequest failed: \", err)\r\n\t\r\n\ttw.local.error.errorText = JSON.stringify(err);\r\n\t\r\n\t// Signal to engine that flow can continue past this Script?\r\n\ttw.system.continueFlow();\r\n});"]}},{"targetRef":"0514134c-0a0c-4a87-8bcf-1879d704d71b","extensionElements":{"sequenceFlowImplementation":[{"fireValidation":"Never","sboSyncEnabled":true,"declaredType":"com.ibm.bpmsdk.model.bpmn20.ibmext.TSequenceFlowImplementation"}],"linkVisualInfo":[{"sourcePortLocation":"rightCenter","showCoachControlLabel":false,"labelPosition":0.0,"targetPortLocation":"leftCenter","declaredType":"TLinkVisualInfo","saveExecutionContext":true,"showLabel":false}]},"name":"To End","declaredType":"sequenceFlow","id":"2027.5f917d7b-4d07-4a0d-bd8d-e554f83b1a56","sourceRef":"2025.34dfae04-4783-45f9-ad7d-23434d280127"}],"isClosed":false,"declaredType":"com.ibm.bpmsdk.model.bpmn20.ibmext.TUserTaskImplementation","id":"f77f18b2-da10-4c71-980f-500c2b39227a","processType":"None"}]},"implementation":"##unspecified","documentation":[{"content":["Returns the property definitions on a type (class)."],"textFormat":"text/plain"}],"name":"getClassDetails","declaredType":"globalUserTask","id":"1.fec2ddba-7b1c-4f4d-8a1b-a3eeef3686ec","ioSpecification":{"dataOutput":[{"itemSubjectRef":"itm.12.c09c9b6e-aabd-4897-bef2-ed61db106297","documentation":[{"content":["Set on success. Contains a JSON object with information about the type (class) definition and its associated property definitions."],"textFormat":"text/plain"}],"name":"results","isCollection":false,"id":"2055.d8b070f6-74ea-4527-9c41-71d4c806b000"},{"itemSubjectRef":"itm.12.5551644c-3dc6-4161-a939-4e7f27f8ce45","documentation":[{"content":["Set on error. Contains information about why the call failed."],"textFormat":"text/plain"}],"name":"error","isCollection":false,"id":"2055.00735895-c186-4ecf-9ce7-006595f295f8"}],"inputSet":[{}],"outputSet":[{}],"dataInput":[{"itemSubjectRef":"itm.12.49a7f9dd-6258-4fd0-8fbd-994edd7a3570","name":"data","isCollection":false,"id":"2055.6dbcd62b-42fc-48bf-b37f-946b0394004b"}]}}],"targetNamespace":"","typeLanguage":"http://www.w3.org/2001/XMLSchema","expressionLanguage":"http://www.ibm.com/xmlns/prod/bpm/expression-lang/javascript","id":"1.fec2ddba-7b1c-4f4d-8a1b-a3eeef3686ec"}},"status":"200"}