{"id":"50.c4d6cc83-a000-4ae2-b2f5-d35d89f9c6ba/2064.7814960a-7cfe-424d-92b5-d9ce2fbce18c","localeLanguage":"hu","localeCountry":"","localeVariant":"","localeDisplayName":"WPT","resourceBundleKey":[{"id":null,"key":"HistoryLBL","value":"Előzmények"},{"id":null,"key":"activitiesDOC","value":"Tevékenységek listája"},{"id":null,"key":"activitiesLBL","value":"Tevékenységek"},{"id":null,"key":"activitySummariesDOC","value":"A műveletösszegzések megjelenítendő listája. Csak akkor van hatása, ha használja a Folyamatazonosító beállítást."},{"id":null,"key":"activitySummariesLBL","value":"A műveletek összegzése"},{"id":null,"key":"addFilterLBL","value":"Szűrő hozzáadása"},{"id":null,"key":"alwaysShowDOC","value":"Mindig megjelenik"},{"id":null,"key":"alwaysShowLBL","value":"Mindig megjelenik"},{"id":null,"key":"availableActionsDOC","value":"Azon rendelkezésre álló műveletek listája, amelyeket a folyamatdiagram engedélyez. Ezek műszerfalon belüli használat esetén a jelenlegi felhasználó jogosultságain alapulnak."},{"id":null,"key":"availableActionsLBL","value":"Rendelkezésre álló műveletek"},{"id":null,"key":"blocksShowingOnloadDOC","value":"A betöltéskor megjelenő blokkok száma"},{"id":null,"key":"blocksShowingOnloadLBL","value":"Betöltéskor megjelenő blokkok"},{"id":null,"key":"bottomTableLabelDOC","value":"Adja meg a lista alatt megjelenített címke szövegét."},{"id":null,"key":"bottomTableLabelLBL","value":"Lábléccímke hozzáadása"},{"id":null,"key":"branchIdDOC","value":"Egy adott folyamat ágazonosítója (2063.xxx értékkel kezdődik)."},{"id":null,"key":"branchIdLBL","value":"Ágazonosító"},{"id":null,"key":"brandDOC","value":"A címsorban megjelenítendő márkanév"},{"id":null,"key":"brandLBL","value":"Márkanév"},{"id":null,"key":"businessColumnsDOC","value":"A lehetséges üzleti oszlopok listája"},{"id":null,"key":"businessColumnsLBL","value":"Üzleti oszlopok"},{"id":null,"key":"caseScopeDOC","value":"Válassza ki, hogy milyen ügypéldányokat tartalmazzon a listája: az összes olyan példányt, amelynek megtekintésére jogosult, vagy csak a közvetlenül Önhöz hozzárendelt példányokat."},{"id":null,"key":"caseScopeLBL","value":"Ügy hatóköre"},{"id":null,"key":"clearFilterLBL","value":"Szűrő törlése"},{"id":null,"key":"customPathDOC","value":"A létrehozott egyéni útvonal ProjectedPathLinkChange módosításainak listája. Csak akkor van hatása, ha használja a Folyamatpéldány-azonosító beállítást."},{"id":null,"key":"customPathLBL","value":"Egyéni útvonal"},{"id":null,"key":"disableActionsDOC","value":"A letiltandó műveletek"},{"id":null,"key":"disableActionsLBL","value":"Műveletek letiltása"},{"id":null,"key":"disableCompleteTasksDOC","value":"Megakadályozza, hogy a felhasználók megnyissák a befejeződött feladatokat."},{"id":null,"key":"disableCompleteTasksLBL","value":"Befejeződött feladatok megnyitásának letiltása"},{"id":null,"key":"disableFilterEventsDOC","value":"A lista automatikus frissítésének letiltása szűrők frissítésekor."},{"id":null,"key":"disableFilterEventsLBL","value":"Automatikus frissítés letiltása"},{"id":null,"key":"disableFulltextSearchDOC","value":"A teljes szöveg keresési képesség letiltása a keresősávban"},{"id":null,"key":"disableFulltextSearchLBL","value":"Teljes szöveg keresés letiltása"},{"id":null,"key":"disableLeftClickActivityDetailsDOC","value":"Letiltja a csomópontra kattintva megjelenő Tevékenység részletei előugró ablakot."},{"id":null,"key":"disableLeftClickActivityDetailsLBL","value":"Bal gombbal kattintva elérhető tevékenység részletek letiltása"},{"id":null,"key":"disableRetrieveServicesDOC","value":"Szolgáltatások (például csapat kezelése, munkafolyamok létrehozása) művelet menübe történő beolvasásának letiltása."},{"id":null,"key":"disableRetrieveServicesLBL","value":"Szolgáltatások beolvasásának letiltása"},{"id":null,"key":"disableRightClickMenusDOC","value":"Letiltja a csomópontra jobb egérgombbal kattintva megjelenő előugró menüt."},{"id":null,"key":"disableRightClickMenusLBL","value":"Bal gombbal kattintva elérhető előugró menü letiltása"},{"id":null,"key":"documentsLBL","value":"Dokumentumok"},{"id":null,"key":"embededViewDOC","value":"Elrejti a bezárás gombot másik nézetbe történő beágyazás esetén."},{"id":null,"key":"embededViewLBL","value":"Beágyazott nézet"},{"id":null,"key":"enableAddWorkflowDOC","value":"A Munkafolyamat indítása gomb megjelenítése."},{"id":null,"key":"enableAddWorkflowLBL","value":"Munkafolyamat indítása gomb megjelenítése"},{"id":null,"key":"enableBatchModifyDOC","value":"Több kijelölt feladat egyidejű módosításának engedélyezése."},{"id":null,"key":"enableBatchModifyLBL","value":"Kötegelt módosítás engedélyezése"},{"id":null,"key":"enableHistoryNavDOC","value":"Megjeleníti a jelenlegi oldal navigációs útvonalát a feladatmegtekintőben."},{"id":null,"key":"enableHistoryNavLBL","value":"A navigációs útvonal megjelenítése"},{"id":null,"key":"enableInstanceDetailsDOC","value":"A nézetpéldány művelet megtekintése a beállításmenüben."},{"id":null,"key":"enableInstanceDetailsLBL","value":"Nézetpéldány megtekintése"},{"id":null,"key":"enableSavedSearchEditingDOC","value":"A mentett keresések létrehozásának és szerkesztésének engedélyezése."},{"id":null,"key":"enableSavedSearchEditingLBL","value":"Mentett keresések engedélyezése"},{"id":null,"key":"enterDecimalLBL","value":"Decimális szám megadása..."},{"id":null,"key":"enterNumberLBL","value":"Szám megadása..."},{"id":null,"key":"eventONNavigationButtonClickedDOC","value":"Navigációs elemre kattintáskor esemény"},{"id":null,"key":"eventONNavigationButtonClickedLBL","value":"Navigációs elemre kattintáskor"},{"id":null,"key":"eventONPageSizeChangedDOC","value":"Akkor aktiválódik, amikor az elemek oldalankénti száma megváltozik."},{"id":null,"key":"eventONPageSizeChangedLBL","value":"Elemek oldalankénti számának változásakor"},{"id":null,"key":"eventONPageSwitchedDOC","value":"Akkor aktiválódik, amikor az oldalszám megváltozik."},{"id":null,"key":"eventONPageSwitchedLBL","value":"Oldal változásakor"},{"id":null,"key":"eventOnCardBlurDOC","value":"Akkor aktiválódik, amikor a kártya elveszíti a fókuszt"},{"id":null,"key":"eventOnCardBlurLBL","value":"Kártya elhomályosodásakor"},{"id":null,"key":"eventOnCardFocusDOC","value":"Akkor aktiválódik, amikor a kártya megkapja a fókuszt"},{"id":null,"key":"eventOnCardFocusLBL","value":"Kártyára fókuszáláskor"},{"id":null,"key":"eventOnChangeDOC","value":"Módosításkor esemény"},{"id":null,"key":"eventOnChangeLBL","value":"Módosításkor"},{"id":null,"key":"eventOnExternalFetchDOC","value":"A módszer a setTasks() módszer meghívását várja el az új feladatlistával."},{"id":null,"key":"eventOnExternalFetchLBL","value":"Külső lehíváskor"},{"id":null,"key":"eventOnFilterBtnClickedDOC","value":"Akkor aktiválódik, amikor egy szűrőgombra kattintanak."},{"id":null,"key":"eventOnFilterBtnClickedLBL","value":"Szűrőgombra kattintáskor"},{"id":null,"key":"eventOnHideDOC","value":"Elrejtéskor esemény"},{"id":null,"key":"eventOnHideLBL","value":"Elrejtéskor"},{"id":null,"key":"eventOnInstanceLaunchedLBL","value":"Példány indításakor"},{"id":null,"key":"eventOnInstanceUIActionDOC","value":"Példány felhasználói felület művelet eseménykor"},{"id":null,"key":"eventOnInstanceUIActionLBL","value":"Példány felhasználói felület művelet alkalmával"},{"id":null,"key":"eventOnInstanceUIActivitySelectedDOC","value":"Példány felhasználói felület tevékenységkiválasztási eseménykor"},{"id":null,"key":"eventOnInstanceUIActivitySelectedLBL","value":"Példány felhasználói felület tevékenység kiválasztásakor"},{"id":null,"key":"eventOnInstanceUIClosedDOC","value":"Példány bezárása eseménykor"},{"id":null,"key":"eventOnInstanceUIClosedLBL","value":"Példánybezáráskor"},{"id":null,"key":"eventOnInstanceUICommentPostDOC","value":"Példány felhasználói felület megjegyzésbeküldési eseménykor"},{"id":null,"key":"eventOnInstanceUICommentPostLBL","value":"Példány felhasználói felület megjegyzés beküldésekor"},{"id":null,"key":"eventOnInstanceUILaunchedDOC","value":"Példány felhasználóifelület-indítása eseménykor"},{"id":null,"key":"eventOnInstanceUILaunchedLBL","value":"Példány felhasználói felület indításakor"},{"id":null,"key":"eventOnInstanceUITabChangeDOC","value":"Példány felhasználói felület lapmódosítási eseménykor"},{"id":null,"key":"eventOnInstanceUITabChangeLBL","value":"Példány felhasználói felület lap módosításakor"},{"id":null,"key":"eventOnLoadDOC","value":"Betöltéskor esemény"},{"id":null,"key":"eventOnLoadLBL","value":"Betöltéskor"},{"id":null,"key":"eventOnProcessLaunched","value":"Folyamat indításakor esemény"},{"id":null,"key":"eventOnRefreshDOC","value":"Frissítéskor esemény"},{"id":null,"key":"eventOnRefreshLBL","value":"Frissítéskor"},{"id":null,"key":"eventOnSearchLaunched","value":"Elindított esemény keresésekor"},{"id":null,"key":"eventOnServiceClosedDOC","value":"Szolgáltatás bezárásakor esemény"},{"id":null,"key":"eventOnServiceClosedLBL","value":"Szolgáltatás bezárásakor"},{"id":null,"key":"eventOnServiceLaunched","value":"Szolgáltatás indításakor esemény"},{"id":null,"key":"eventOnServiceOpenedDOC","value":"Szolgáltatás megnyitásakor esemény"},{"id":null,"key":"eventOnServiceOpenedLBL","value":"Szolgáltatás megnyitásakor"},{"id":null,"key":"eventOnShowDOC","value":"Megjelenítéskor esemény"},{"id":null,"key":"eventOnShowLBL","value":"Megjelenítéskor"},{"id":null,"key":"eventOnTaskActionDOC","value":"Feladatművelet esetén esemény"},{"id":null,"key":"eventOnTaskActionLBL","value":"Feladatművelet esetén"},{"id":null,"key":"eventOnTaskClosedDOC","value":"Feladat bezárásakor esemény"},{"id":null,"key":"eventOnTaskClosedLBL","value":"Feladat bezárásakor"},{"id":null,"key":"eventOnTaskLaunchedDOC","value":"Feladat indításakor esemény"},{"id":null,"key":"eventOnTaskLaunchedLBL","value":"Feladat indításakor"},{"id":null,"key":"eventOnTaskOpenedDOC","value":"Feladat megnyitásakor esemény"},{"id":null,"key":"eventOnTaskOpenedLBL","value":"Feladat megnyitásakor"},{"id":null,"key":"eventOnVisibilityChangeDOC","value":"Láthatóság változásakor esemény"},{"id":null,"key":"eventOnVisibilityChangeLBL","value":"Láthatóság változásakor"},{"id":null,"key":"filterByProjectDOC","value":"Írja be a projektnevet a példánylista szűréséhez csak az adott projekt példányaira."},{"id":null,"key":"filterByProjectLBL","value":"Szűrés projekt alapján"},{"id":null,"key":"hideActionsMenuDOC","value":"A feladat további műveleteihez hozzáférést adó menü letiltása."},{"id":null,"key":"hideActionsMenuLBL","value":"Műveletek menü letiltása"},{"id":null,"key":"hideCase","value":"Ügyek elrejtése"},{"id":null,"key":"hideColumnSelectorDOC","value":"Elrejti a listában megjelenítendő oszlopok kiválasztóját."},{"id":null,"key":"hideColumnSelectorLBL","value":"Oszlopválasztó elrejtése"},{"id":null,"key":"hideProcess","value":"Folyamatok elrejtése"},{"id":null,"key":"hideSearchBarDOC","value":"A keresősáv elrejtése."},{"id":null,"key":"hideSearchBarLBL","value":"Keresősáv elrejtése"},{"id":null,"key":"hideService","value":"Indítható szolgáltatások elrejtése"},{"id":null,"key":"hideStatusColumnDOC","value":"Az állapotoszlop elrejtése a listából."},{"id":null,"key":"hideStatusColumnLBL","value":"Állapotoszlop elrejtése"},{"id":null,"key":"instanceDOC","value":"Példányadatok"},{"id":null,"key":"instanceFiltersDOC","value":"Válassza ki az összerendelést a szűrők tárolásához a példánylistában."},{"id":null,"key":"instanceFiltersLBL","value":"Állandó szűrők beállítása"},{"id":null,"key":"instanceIdDOC","value":"Az üzleti folyamat definíció példányazonosítója. Ez a beállítás elsőbbséget élvez a Folyamatazonosító beállítással szemben."},{"id":null,"key":"instanceIdLBL","value":"Folyamatpéldány azonosítója"},{"id":null,"key":"instanceLBL","value":"Példány"},{"id":null,"key":"instanceListColumnWidthDOC","value":"Válassza ki az összerendelést az oszlopszélességek tárolásához a példánylistában."},{"id":null,"key":"instanceListColumnWidthLBL","value":"Állandó oszlopok szélességének beállítása"},{"id":null,"key":"instanceModeDOC","value":"Csak a példányhoz kapcsolódó keresések megjelenítése"},{"id":null,"key":"instanceModeLBL","value":"Példány üzemmód"},{"id":null,"key":"instancesColumnsDOC","value":"Adja meg a példánylistában megjelenítendő oszlopokat."},{"id":null,"key":"instancesColumnsLBL","value":"Példányoszlopok személyre szabása"},{"id":null,"key":"instancesEnableInstanceDetailsDOC","value":"A munkafolyamat-példány megnyitási képességének engedélyezése."},{"id":null,"key":"instancesEnableInstanceDetailsLBL","value":"Példányindítás engedélyezése"},{"id":null,"key":"instancesPerPageDOC","value":"Adja meg az oldalanként megjelenítendő példányok számát."},{"id":null,"key":"instancesPerPageLBL","value":"Oldalankénti példányok beállítása"},{"id":null,"key":"isTaskFilterServiceEnabledDOC","value":"Intelligens feladat-rangsorolás aktiválása, amely úgy rendezi a listát, hogy a következő alkalommal kezelendő legjobb feladatokat helyezi a lista elejére."},{"id":null,"key":"isTaskFilterServiceEnabledLBL","value":"Feladat-rangsorolás engedélyezése"},{"id":null,"key":"itemLengthDOC","value":"Adatbeviteli lista hossza."},{"id":null,"key":"itemLengthLBL","value":"Elem hossza"},{"id":null,"key":"itemPerPageDOC","value":"Elemek oldalankénti száma."},{"id":null,"key":"itemPerPageLBL","value":"Oldalanként"},{"id":null,"key":"localizationServiceDOC","value":"Adja meg a honosított karakterláncok jelen Tanácsadó nézetbe történő lekéréséhez használt szolgáltatást."},{"id":null,"key":"localizationServiceLBL","value":"Honosítási szolgáltatás"},{"id":null,"key":"mandatoryColumnsDOC","value":"A kötelező oszlopok listája"},{"id":null,"key":"mandatoryColumnsLBL","value":"Kötelező oszlopok"},{"id":null,"key":"maximumSearchSizeDOC","value":"Állítsa be a keresések által visszaadott feladatok maximális számát."},{"id":null,"key":"maximumSearchSizeLBL","value":"Maximális keresési korlát beállítása"},{"id":null,"key":"numberOfTaskOptionDOC","value":"Elérhető feladatbeállítások számának listája"},{"id":null,"key":"numberOfTaskOptionLBL","value":"Feladatlista száma"},{"id":null,"key":"placeholderDOC","value":"Adatbeviteli mezők helyőrzője"},{"id":null,"key":"placeholderLBL","value":"Helyőrző"},{"id":null,"key":"processAppAcroDOC","value":"Egy alkalmazás-betűszó beírásával szűrheti a listát, hogy csak az adott alkalmazás feladatait jelenítse meg."},{"id":null,"key":"processAppAcroLBL","value":"Szűrés alkalmazás alapján"},{"id":null,"key":"processIdDOC","value":"A megjelenítendő folyamatdiagram üzleti folyamat definíciójának azonosítója. Egy pillanatkép-azonosító, ágazonosító vagy projektazonosító megadása kötelező."},{"id":null,"key":"processIdLBL","value":"Folyamatazonosító"},{"id":null,"key":"processModeDOC","value":"A nézet optimalizálása folyamatinformációk megtekintéséhez"},{"id":null,"key":"processModeLBL","value":"Optimalizálás folyamatokhoz"},{"id":null,"key":"projectIdDOC","value":"Egy adott folyamat projektazonosítója (2066.xxx értékkel kezdődik)."},{"id":null,"key":"projectIdLBL","value":"Projektazonosító"},{"id":null,"key":"projectedPathDOC","value":"A kiemelendő műveletazonosítók listája a tervezett útvonal mentén. A műveleteket a folyamat sorrendjében kell megadni. Csak akkor van hatása, ha használja a Folyamatpéldány-azonosító beállítást."},{"id":null,"key":"projectedPathLBL","value":"Tervezett útvonal"},{"id":null,"key":"recentInstanceSearchesDOC","value":"Válassza ki az összerendelést az újkeletű keresések tárolásához a keresősávban."},{"id":null,"key":"recentInstanceSearchesLBL","value":"Állandó keresések beállítása"},{"id":null,"key":"recentTaskSearchesDOC","value":"Válassza ki az összerendelést az újkeletű keresések tárolásához a keresősávban."},{"id":null,"key":"recentTaskSearchesLBL","value":"Állandó keresések beállítása"},{"id":null,"key":"recentWorkstreamLimit","value":"Hány munkafolyamot kíván megjeleníteni a listában"},{"id":null,"key":"removeFilterLBL","value":"Szűrő eltávolítása"},{"id":null,"key":"requiredOwnershipCheckDOC","value":"Ellenőrizze, hogy a jelenlegi felhasználó jogosult-e a feladat megnyitására."},{"id":null,"key":"requiredOwnershipCheckLBL","value":"Feladat tulajdonjogának ellenőrzése"},{"id":null,"key":"responsiveModeDOC","value":"Válassza ki a feladatlista megtekintésére szolgáló képernyő méretét."},{"id":null,"key":"responsiveModeLBL","value":"Válaszkész üzemmód beállítása"},{"id":null,"key":"riskStateDOC","value":"A művelet kijelölt állapotára van beállítva, amikor láthatóak a műveletösszegzések. Az érvényes értékek: OnTrack, AtRisk és Overdue."},{"id":null,"key":"riskStateLBL","value":"Kockázati állapot"},{"id":null,"key":"savedSearchInstanceFilterDOC","value":"Csak a példányhoz kapcsolódó szűrők megjelenítése."},{"id":null,"key":"savedSearchInstanceFilterLBL","value":"Példány szűrő"},{"id":null,"key":"savedSearchInstanceModeDOC","value":"Csak példányhoz kapcsolódó szűrők és oszlopok megjelenítése."},{"id":null,"key":"savedSearchInstanceModeLBL","value":"Példány üzemmódja"},{"id":null,"key":"savedSearchNameDOC","value":"Válassza ki az összerendelést a mentett keresések tárolásához a feladatlistában"},{"id":null,"key":"savedSearchNameLBL","value":"Állandó mentett keresések beállítása"},{"id":null,"key":"scopeDOC","value":"Keresési szűrő megjelenítése hatókör szűrőként."},{"id":null,"key":"scopeLBL","value":"Megjelenítés hatókör szűrőként"},{"id":null,"key":"selectDateLBL","value":"Dátum kiválasztása..."},{"id":null,"key":"selectValueLBL","value":"Érték kiválasztása"},{"id":null,"key":"showActivitySummariesDOC","value":"Azt szabályozza, hogy megjelenjenek-e a műveletösszegzések. Csak akkor van hatása, ha használja a Folyamatazonosító beállítást."},{"id":null,"key":"showActivitySummariesLBL","value":"Műveletösszegzések megjelenítése"},{"id":null,"key":"showAllStatsDOC","value":"Az összes statisztikai érték megjelenítése, a nullértékeket is beleértve"},{"id":null,"key":"showAllStatsLBL","value":"Összes érték megjelenítése"},{"id":null,"key":"showInstanceRefreshDOC","value":"A Frissítés gomb megjelenítése, amelynek segítségével kézi úton frissítheti a példánylistát, amikor az értesítési kiszolgáló elérhetetlen."},{"id":null,"key":"showOnTaskClosedDOC","value":"A feladatmegtekintő megjelenítése a feladat bezárásakor."},{"id":null,"key":"showOnTaskClosedLBL","value":"Megjelenítés feladat bezárásakor"},{"id":null,"key":"showPageSizerDOC","value":"Az oldalméretező megjelenítése."},{"id":null,"key":"showPageSizerLBL","value":"Lapméretező megjelenítése"},{"id":null,"key":"showPagerStatsDOC","value":"Az oldalstatisztika megjelenítése."},{"id":null,"key":"showPagerStatsLBL","value":"Oldalstatisztika megjelenítése"},{"id":null,"key":"showRefreshLBL","value":"Frissítés gomb megjelenítése"},{"id":null,"key":"showSavedSearchesDOC","value":"Mentett keresések legördülő listájának megjelenítése."},{"id":null,"key":"showSavedSearchesLBL","value":"Mentett keresések megjelenítése"},{"id":null,"key":"showSingleListDOC","value":"Összes feladat megjelenítése egyetlen listában"},{"id":null,"key":"showSingleListLBL","value":"Egyetlen lista megjelenítése"},{"id":null,"key":"showSortByArrowDOC","value":"A kiválasztó megjelenítése a feladatlista rendezéséhez növekvő, csökkenő vagy alapértelmezés sorrendben."},{"id":null,"key":"showSortByArrowLBL","value":"Oszloprendezés-kiválasztó megjelenítése"},{"id":null,"key":"showStatsDOC","value":"Feladatstatisztika összegzésének megjelenítése."},{"id":null,"key":"showStatsLBL","value":"Statisztika megjelenítése"},{"id":null,"key":"showTaskRefreshDOC","value":"A Frissítés gomb megjelenítése, amelynek segítségével kézi úton frissítheti a feladatlistát, amikor az értesítési kiszolgáló elérhetetlen."},{"id":null,"key":"showTotalOnlyDOC","value":"Csak az összes feladatszám megjelenítése"},{"id":null,"key":"showTotalOnlyLBL","value":"Csak az összeg megjelenítése"},{"id":null,"key":"skipClaimForTasksDOC","value":"Ne jelenjen meg a Feladat igénylése modális ablak. A feladat igénylése megnyitáskor automatikusan megtörténik."},{"id":null,"key":"skipClaimForTasksLBL","value":"Feladatigénylés letiltása"},{"id":null,"key":"skipNavDOC","value":"Ne jelenjen meg a Case Client megnyitására szolgáló párbeszédablak új ablakban."},{"id":null,"key":"skipNavLBL","value":"Megerősítési párbeszédablak kihagyása"},{"id":null,"key":"snapshotIdDOC","value":"Egy adott folyamat pillanatkép-azonosítója (2064.xxx értékkel kezdődik)."},{"id":null,"key":"snapshotIdLBL","value":"Pillanatkép azonosítója"},{"id":null,"key":"sortByDOC","value":"Adja meg az oszlopot, amely alapján a lista kezdetben rendezve lesz."},{"id":null,"key":"sortByLBL","value":"Rendezés oszlop szerint"},{"id":null,"key":"stepIdDOC","value":"A kijelölt műveletlépésre van beállítva, amikor láthatóak a műveletösszegzések."},{"id":null,"key":"stepIdLBL","value":"Lépésazonosító"},{"id":null,"key":"systemColumnsDOC","value":"A lehetséges belső oszlopok listája"},{"id":null,"key":"systemColumnsLBL","value":"Belső oszlopok"},{"id":null,"key":"systemDataDOC","value":"A feladatmegtekintőben megjeleníteni kívánt rendszeradatok beállítása."},{"id":null,"key":"systemDataLBL","value":"Rendszeradatok személyre szabása"},{"id":null,"key":"taskActionsDOC","value":"Adja meg a feladatpéldányokon végrehajtható műveletek listáját."},{"id":null,"key":"taskActionsLBL","value":"Feladatműveletek beállítása"},{"id":null,"key":"taskDOC","value":"A feladatmegtekintőben megjeleníteni kívánt feladat beállítása."},{"id":null,"key":"taskFiltersDOC","value":"Válassza ki az összerendelést a szűrők tárolásához a feladatlistában."},{"id":null,"key":"taskFiltersLBL","value":"Állandó szűrők beállítása"},{"id":null,"key":"taskLBL","value":"Feladat beállítása"},{"id":null,"key":"taskLaunchEventDOC","value":"Adja meg a feladat megnyitásakor elindítandó esemény nevét."},{"id":null,"key":"taskLaunchEventLBL","value":"Esemény beállítása feladatok indításakor"},{"id":null,"key":"taskListColumnWidthDOC","value":"Válassza ki az összerendelést az oszlopszélességek tárolásához a feladatlistában."},{"id":null,"key":"taskListColumnWidthLBL","value":"Állandó oszlopok szélességének beállítása"},{"id":null,"key":"taskListEnableInstanceDetailsDOC","value":"A feladatpéldány-megnyitási képesség engedélyezése."},{"id":null,"key":"tasksColumnsDOC","value":"Adja meg a feladatlistában megjelenítendő oszlopokat."},{"id":null,"key":"tasksColumnsLBL","value":"Oszlopok személyre szabása"},{"id":null,"key":"tasksDOC","value":"Megjelenítendő feladatok listája"},{"id":null,"key":"tasksLBL","value":"Feladatok"},{"id":null,"key":"tasksPerBlockDOC","value":"Az egyes blokkokban megjelenő feladatok száma"},{"id":null,"key":"tasksPerBlockLBL","value":"Feladatok blokkonként"},{"id":null,"key":"tasksPerPageDOC","value":"Adja meg az oldalanként megjelenítendő feladatok számát."},{"id":null,"key":"tasksPerPageLBL","value":"Oldalankénti feladatok beállítása"},{"id":null,"key":"teamsDOC","value":"Csapatösszegzések listája"},{"id":null,"key":"teamsLBL","value":"Csapatok"},{"id":null,"key":"titleDOC","value":"A címsorban megjelenítendő cím karaktersorozat"},{"id":null,"key":"titleLBL","value":"Cím karaktersorozat"},{"id":null,"key":"topTableLabelDOC","value":"Adja meg a lista felett megjelenített címke szövegét."},{"id":null,"key":"topTableLabelLBL","value":"Fejéccímke hozzáadása"},{"id":null,"key":"traversedPathDOC","value":"A bejárt útvonal megmutatásához kiemelendő hivatkozásazonosítók listája. Csak akkor van hatása, ha használja a Folyamatpéldány-azonosító beállítást."},{"id":null,"key":"traversedPathLBL","value":"Bejárt útvonal"},{"id":null,"key":"typeHereLBL","value":"Írjon ide..."},{"id":null,"key":"useEventTriggeringFetchActionDOC","value":"A feladatok lehívása kérés átruházása eseményre."},{"id":null,"key":"useEventTriggeringFetchActionLBL","value":"Esemény használata feladatok lehívásához"},{"id":null,"key":"workflowsLBL","value":"Munkafolyamatok"},{"id":null,"key":"workplaceConfigDOC","value":"A munkaterület viselkedését konfigurálja"},{"id":null,"key":"workplaceConfigLBL","value":"Munkaterület konfiguráció"},{"id":null,"key":"workplaceUserSettingsDOC","value":"Azon felhasználói beállítások megőrzésére szolgáló összerendelés, amelyek a felhasználó ismételt bejelentkezésekor életbe lépnek"},{"id":null,"key":"workplaceUserSettingsLBL","value":"Munkaterület felhasználói beállításai"},{"id":null,"key":"zoomFactorDOC","value":"A folyamatdiagram nagyítási szintjének érvényes értékei: 1–10."},{"id":null,"key":"zoomFactorLBL","value":"Nagyítási szint"}]}