<?xml version="1.0" encoding="UTF-8"?>
<teamworks>
    <process id="1.af290cee-9703-4de8-8b37-bfdb9b7a6c05" name="Call RPA Bot">
        <lastModified>1646108901867</lastModified>
        <lastModifiedBy>cp4badmin</lastModifiedBy>
        <tenantId isNull="true" />
        <processId>1.af290cee-9703-4de8-8b37-bfdb9b7a6c05</processId>
        <image isNull="true" />
        <tabGroup isNull="true" />
        <startingProcessItemId>2025.b3ee216d-a56e-42b0-8853-366e4b371625</startingProcessItemId>
        <isRootProcess>false</isRootProcess>
        <processType>12</processType>
        <isErrorHandlerEnabled>false</isErrorHandlerEnabled>
        <errorHandlerItemId isNull="true" />
        <isLoggingVariables>false</isLoggingVariables>
        <isTransactional>false</isTransactional>
        <processTimingLevel isNull="true" />
        <participantRef isNull="true" />
        <exposedType>0</exposedType>
        <isTrackingEnabled>true</isTrackingEnabled>
        <xmlData isNull="true" />
        <cachingType>false</cachingType>
        <itemLabel isNull="true" />
        <cacheLength>0</cacheLength>
        <mobileReady>false</mobileReady>
        <sboSyncEnabled>true</sboSyncEnabled>
        <externalId isNull="true" />
        <isSecured>true</isSecured>
        <isAjaxExposed>true</isAjaxExposed>
        <isInvokedAsynchronously>false</isInvokedAsynchronously>
        <description isNull="true" />
        <guid>guid:f9e381da99ce2e5b:-25698984:178c9a5afc6:-7ffc</guid>
        <versionId>f37fac8e-50ed-458c-a2ad-dced27e5bbb0</versionId>
        <dependencySummary>&lt;dependencySummary id="bpdid:fed59db276f56a3a:-464a106c:17f33df0f25:-7d68" /&gt;</dependencySummary>
        <jsonData>{"rootElement":[{"flowElement":[{"parallelMultiple":false,"outgoing":["39cb5e54-bc28-4b66-8ea6-3ceeb19bff3a"],"isInterrupting":false,"extensionElements":{"nodeVisualInfo":[{"color":"#F8F8F8","width":24,"x":24,"y":79,"declaredType":"TNodeVisualInfo","height":24}]},"name":"Start","declaredType":"startEvent","id":"82d3b503-f750-4e1a-87c0-d4c10ea61122"},{"incoming":["68f8c647-6b21-4105-8612-e473bf865548"],"extensionElements":{"nodeVisualInfo":[{"color":"#F8F8F8","width":24,"x":676,"y":79,"declaredType":"TNodeVisualInfo","height":24}],"endStateId":["guid:f9e381da99ce2e5b:-25698984:178c9a5afc6:-7ffa"],"saveExecutionContext":[true]},"name":"End","declaredType":"endEvent","id":"b6edfbec-1ab4-41bf-89ad-29c01d52cbf9"},{"itemSubjectRef":"itm.12.455dfa7b-9407-4ce3-b6ab-b92d05f08aa7","name":"botInputProperties","isCollection":false,"declaredType":"dataObject","id":"2056.16af22c3-1676-46cf-8e71-9a779efa2f23"},{"itemSubjectRef":"itm.12.ba3a44ab-e1d5-47a1-9be2-2de0c321e71f","name":"botOutputProperties","isCollection":false,"declaredType":"dataObject","id":"2056.d342be64-ce0a-44aa-87b6-02ecf1272439"},{"startQuantity":1,"outgoing":["e32f4885-2214-4a7d-8d0c-e3c3a84d2fc5"],"incoming":["39cb5e54-bc28-4b66-8ea6-3ceeb19bff3a"],"extensionElements":{"nodeVisualInfo":[{"width":95,"x":150,"y":56,"declaredType":"TNodeVisualInfo","height":70}]},"name":"map input data","isForCompensation":false,"completionQuantity":1,"declaredType":"scriptTask","id":"b3ee216d-a56e-42b0-8853-366e4b371625","scriptFormat":"text\/x-javascript","script":{"content":["log.info(\"=====start mapping input data======\");\r\n\r\ntw.local.botInputProperties = new tw.object.BotInput();\r\ntw.local.botInputProperties.onboardingInfo = JSON.stringify(tw.local.onboardingInfo);\r\n\r\nlog.info(tw.local.botInputProperties.onboardingInfo);\r\n\r\nlog.info(\"=====end mapping input data======\");\r\n"]}},{"startQuantity":1,"outgoing":["68f8c647-6b21-4105-8612-e473bf865548"],"incoming":["8c1ca70f-066a-437e-83af-fd853b8e0cc5"],"extensionElements":{"nodeVisualInfo":[{"width":95,"x":523,"y":56,"declaredType":"TNodeVisualInfo","height":70}]},"name":"map output data","isForCompensation":false,"completionQuantity":1,"declaredType":"scriptTask","id":"dd3959b0-4376-4987-8d76-93ff8b085100","scriptFormat":"text\/x-javascript","script":{"content":["log.info(\"=======start mapping output data=========\");\r\ntw.local.botExecutionStatus = tw.local.botOutputProperties.botExecutionStatus;\r\nlog.info(\"=======end mapping output data=========\");"]}},{"targetRef":"b3ee216d-a56e-42b0-8853-366e4b371625","extensionElements":{"linkVisualInfo":[{"sourcePortLocation":"rightCenter","showCoachControlLabel":false,"labelPosition":0.0,"targetPortLocation":"leftCenter","declaredType":"TLinkVisualInfo","saveExecutionContext":false,"showLabel":false}]},"name":"To map input data","declaredType":"sequenceFlow","id":"39cb5e54-bc28-4b66-8ea6-3ceeb19bff3a","sourceRef":"82d3b503-f750-4e1a-87c0-d4c10ea61122"},{"targetRef":"b6edfbec-1ab4-41bf-89ad-29c01d52cbf9","extensionElements":{"sequenceFlowImplementation":[{"fireValidation":"Never","sboSyncEnabled":true,"declaredType":"com.ibm.bpmsdk.model.bpmn20.ibmext.TSequenceFlowImplementation"}],"linkVisualInfo":[{"sourcePortLocation":"rightCenter","showCoachControlLabel":false,"labelPosition":0.0,"targetPortLocation":"leftCenter","declaredType":"TLinkVisualInfo","saveExecutionContext":true,"showLabel":false}]},"name":"To End","declaredType":"sequenceFlow","id":"68f8c647-6b21-4105-8612-e473bf865548","sourceRef":"dd3959b0-4376-4987-8d76-93ff8b085100"},{"startQuantity":1,"outgoing":["8c1ca70f-066a-437e-83af-fd853b8e0cc5"],"incoming":["e32f4885-2214-4a7d-8d0c-e3c3a84d2fc5"],"extensionElements":{"nodeVisualInfo":[{"width":95,"x":329,"y":56,"declaredType":"TNodeVisualInfo","height":70}]},"name":"call RPA bot","isForCompensation":false,"completionQuantity":1,"declaredType":"scriptTask","id":"f77748f7-f21e-4d9a-8d7a-1efd5d4aaab3","scriptFormat":"text\/x-javascript","script":{"content":["log.info(\"=====start calling RPA bot======\");\r\n\r\nvar request = new BPMRESTRequest();\r\nrequest.externalServiceName = \"IBM RPA RestServer\"; \r\nrequest.operationName = \"StartRPABot\";\r\nrequest.endpointAddress = tw.local.rpaRestEndpoint;\r\nrequest.disableCNCheck = true;\r\nrequest.httpMethod = \"POST\";\nrequest.requestTimeout = 120000;\nrequest.responseTimeout = 120000;\r\nvar headers = {\"Content-Type\": \"application\/json\", \"Accept\": \"application\/json\"};\r\nrequest.httpHeaders = headers;\r\nrequest.parameters = {\"inputProperties\": tw.local.botInputProperties, \"scriptName\":tw.local.scriptName, \"unlockMachine\":false };\r\nvar response = tw.system.invokeREST(request);\r\n\r\nvar content = response.content;\r\n\r\nlog.info(\"=======logging response data from bot=========\");\r\nlog.info(content);\r\nlog.info(\"======end logging response data from bot==========\");\r\n\r\n\r\ntw.local.botOutputProperties = new tw.object.BotOutput(); \nvar obj = JSON.parse(content);\ntw.local.botOutputProperties.botExecutionStatus = obj.botExecutionStatus;\ntw.local.botOutputProperties.errorMessage = obj.errorMessage;\r\n\r\nlog.info(\"=====end calling RPA bot======\");"]}},{"targetRef":"f77748f7-f21e-4d9a-8d7a-1efd5d4aaab3","extensionElements":{"linkVisualInfo":[{"sourcePortLocation":"rightCenter","showCoachControlLabel":false,"labelPosition":0.0,"targetPortLocation":"leftCenter","declaredType":"TLinkVisualInfo","saveExecutionContext":false,"showLabel":false}]},"name":"To call RPA bot","declaredType":"sequenceFlow","id":"e32f4885-2214-4a7d-8d0c-e3c3a84d2fc5","sourceRef":"b3ee216d-a56e-42b0-8853-366e4b371625"},{"targetRef":"dd3959b0-4376-4987-8d76-93ff8b085100","extensionElements":{"linkVisualInfo":[{"sourcePortLocation":"rightCenter","showCoachControlLabel":false,"labelPosition":0.0,"targetPortLocation":"leftCenter","declaredType":"TLinkVisualInfo","saveExecutionContext":false,"showLabel":false}]},"name":"To map output data","declaredType":"sequenceFlow","id":"8c1ca70f-066a-437e-83af-fd853b8e0cc5","sourceRef":"f77748f7-f21e-4d9a-8d7a-1efd5d4aaab3"}],"laneSet":[{"id":"bce8f026-0ba6-4316-805c-9b96c9225c1e","lane":[{"flowNodeRef":["82d3b503-f750-4e1a-87c0-d4c10ea61122","b6edfbec-1ab4-41bf-89ad-29c01d52cbf9","b3ee216d-a56e-42b0-8853-366e4b371625","dd3959b0-4376-4987-8d76-93ff8b085100","f77748f7-f21e-4d9a-8d7a-1efd5d4aaab3"],"extensionElements":{"nodeVisualInfo":[{"color":"#F8F8F8","width":3000,"x":0,"y":0,"declaredType":"TNodeVisualInfo","height":500}]},"name":"System","partitionElementRef":"24.6fd38d02-81cf-48ab-bd42-8ff4c0a1628b","declaredType":"lane","id":"3ec467c5-6591-4616-8baa-e3cc144b36f1","otherAttributes":{"{http:\/\/www.ibm.com\/xmlns\/prod\/bpm\/bpmn\/ext\/process\/wle}isSystemLane":"true"}}]}],"isClosed":false,"extensionElements":{"isSecured":[true],"isAjaxExposed":[true],"sboSyncEnabled":[true]},"documentation":[{"textFormat":"text\/plain"}],"name":"Call RPA Bot","declaredType":"process","id":"1.af290cee-9703-4de8-8b37-bfdb9b7a6c05","processType":"None","otherAttributes":{"{http:\/\/www.ibm.com\/xmlns\/prod\/bpm\/bpmn\/ext\/process}executionMode":"microflow"},"ioSpecification":{"dataOutput":[{"itemSubjectRef":"itm.12.db884a3c-c533-44b7-bb2d-47bec8ad4022","name":"botExecutionStatus","isCollection":false,"id":"2055.f60cb860-b9d1-4421-82e7-c5d3475bf210"}],"inputSet":[{"dataInputRefs":["2055.d35ba2f9-14ed-4292-8dd1-27bddfd34990","2055.eb1a487d-9e9e-4cd9-8390-2ca6452cb530","2055.efe8111c-395d-42a8-8a07-5c96eefe8789"]}],"outputSet":[{"dataOutputRefs":["2055.f60cb860-b9d1-4421-82e7-c5d3475bf210"]}],"dataInput":[{"itemSubjectRef":"itm.12.db884a3c-c533-44b7-bb2d-47bec8ad4022","name":"scriptName","isCollection":false,"id":"2055.d35ba2f9-14ed-4292-8dd1-27bddfd34990"},{"itemSubjectRef":"itm.12.db884a3c-c533-44b7-bb2d-47bec8ad4022","name":"rpaRestEndpoint","isCollection":false,"id":"2055.eb1a487d-9e9e-4cd9-8390-2ca6452cb530"},{"itemSubjectRef":"itm.12.86c55400-6f30-491b-b3db-43d9678e0227","name":"onboardingInfo","isCollection":false,"id":"2055.efe8111c-395d-42a8-8a07-5c96eefe8789"}]}}],"targetNamespace":"","typeLanguage":"http:\/\/www.w3.org\/2001\/XMLSchema","expressionLanguage":"http:\/\/www.ibm.com\/xmlns\/prod\/bpm\/expression-lang\/javascript"}</jsonData>
        <field1 isNull="true" />
        <field2 isNull="true" />
        <field3>0</field3>
        <field4 isNull="true" />
        <field5>false</field5>
        <clobField1 isNull="true" />
        <blobField1 isNull="true" />
        <processParameter name="scriptName">
            <lastModified isNull="true" />
            <lastModifiedBy isNull="true" />
            <tenantId isNull="true" />
            <processParameterId>2055.d35ba2f9-14ed-4292-8dd1-27bddfd34990</processParameterId>
            <processId>1.af290cee-9703-4de8-8b37-bfdb9b7a6c05</processId>
            <parameterType>1</parameterType>
            <isArrayOf>false</isArrayOf>
            <classId>16fb4758-7b99-4167-8850-990ad48b4e07/12.db884a3c-c533-44b7-bb2d-47bec8ad4022</classId>
            <seq>1</seq>
            <hasDefault>false</hasDefault>
            <defaultValue isNull="true" />
            <isLocked>false</isLocked>
            <description isNull="true" />
            <guid>0a91aa71-8bc3-46c8-a0ca-77fd8bad0806</guid>
            <versionId>568345f9-82d8-4165-8570-6ce6c4ac6178</versionId>
        </processParameter>
        <processParameter name="rpaRestEndpoint">
            <lastModified isNull="true" />
            <lastModifiedBy isNull="true" />
            <tenantId isNull="true" />
            <processParameterId>2055.eb1a487d-9e9e-4cd9-8390-2ca6452cb530</processParameterId>
            <processId>1.af290cee-9703-4de8-8b37-bfdb9b7a6c05</processId>
            <parameterType>1</parameterType>
            <isArrayOf>false</isArrayOf>
            <classId>16fb4758-7b99-4167-8850-990ad48b4e07/12.db884a3c-c533-44b7-bb2d-47bec8ad4022</classId>
            <seq>2</seq>
            <hasDefault>false</hasDefault>
            <defaultValue isNull="true" />
            <isLocked>false</isLocked>
            <description isNull="true" />
            <guid>fd9c56fb-d07a-4fe0-93b3-1582417f3ca9</guid>
            <versionId>1a5e26ce-feb1-4529-ab75-5039afc2120e</versionId>
        </processParameter>
        <processParameter name="onboardingInfo">
            <lastModified isNull="true" />
            <lastModifiedBy isNull="true" />
            <tenantId isNull="true" />
            <processParameterId>2055.efe8111c-395d-42a8-8a07-5c96eefe8789</processParameterId>
            <processId>1.af290cee-9703-4de8-8b37-bfdb9b7a6c05</processId>
            <parameterType>1</parameterType>
            <isArrayOf>false</isArrayOf>
            <classId>/12.86c55400-6f30-491b-b3db-43d9678e0227</classId>
            <seq>3</seq>
            <hasDefault>false</hasDefault>
            <defaultValue isNull="true" />
            <isLocked>false</isLocked>
            <description isNull="true" />
            <guid>8b133d0a-2411-4531-860f-a216144871bf</guid>
            <versionId>d40c1faa-9fa8-4375-841f-36be5e37b4d9</versionId>
        </processParameter>
        <processParameter name="botExecutionStatus">
            <lastModified isNull="true" />
            <lastModifiedBy isNull="true" />
            <tenantId isNull="true" />
            <processParameterId>2055.f60cb860-b9d1-4421-82e7-c5d3475bf210</processParameterId>
            <processId>1.af290cee-9703-4de8-8b37-bfdb9b7a6c05</processId>
            <parameterType>2</parameterType>
            <isArrayOf>false</isArrayOf>
            <classId>16fb4758-7b99-4167-8850-990ad48b4e07/12.db884a3c-c533-44b7-bb2d-47bec8ad4022</classId>
            <seq>4</seq>
            <hasDefault>false</hasDefault>
            <defaultValue isNull="true" />
            <isLocked>false</isLocked>
            <description isNull="true" />
            <guid>1d5ab655-6be0-4a50-a7ce-ffe6434eda31</guid>
            <versionId>1d0b475e-1a7f-4e97-a924-ca0e730e8b9a</versionId>
        </processParameter>
        <processVariable name="botInputProperties">
            <lastModified isNull="true" />
            <lastModifiedBy isNull="true" />
            <tenantId isNull="true" />
            <processVariableId>2056.16af22c3-1676-46cf-8e71-9a779efa2f23</processVariableId>
            <description isNull="true" />
            <processId>1.af290cee-9703-4de8-8b37-bfdb9b7a6c05</processId>
            <namespace>2</namespace>
            <seq>1</seq>
            <isArrayOf>false</isArrayOf>
            <isTransient>false</isTransient>
            <classId>/12.455dfa7b-9407-4ce3-b6ab-b92d05f08aa7</classId>
            <hasDefault>false</hasDefault>
            <defaultValue isNull="true" />
            <guid>8fe565b6-af10-4866-ab42-d90b8c02a8c6</guid>
            <versionId>6586227d-5d8d-4e64-ab0b-e8533932d0cb</versionId>
        </processVariable>
        <processVariable name="botOutputProperties">
            <lastModified isNull="true" />
            <lastModifiedBy isNull="true" />
            <tenantId isNull="true" />
            <processVariableId>2056.d342be64-ce0a-44aa-87b6-02ecf1272439</processVariableId>
            <description isNull="true" />
            <processId>1.af290cee-9703-4de8-8b37-bfdb9b7a6c05</processId>
            <namespace>2</namespace>
            <seq>2</seq>
            <isArrayOf>false</isArrayOf>
            <isTransient>false</isTransient>
            <classId>/12.ba3a44ab-e1d5-47a1-9be2-2de0c321e71f</classId>
            <hasDefault>false</hasDefault>
            <defaultValue isNull="true" />
            <guid>1697fd56-96eb-40c8-ad54-59dcf3391198</guid>
            <versionId>8b06568b-576e-4a7f-8d97-577b09385797</versionId>
        </processVariable>
        <item>
            <lastModified isNull="true" />
            <lastModifiedBy isNull="true" />
            <tenantId isNull="true" />
            <processItemId>2025.dd3959b0-4376-4987-8d76-93ff8b085100</processItemId>
            <processId>1.af290cee-9703-4de8-8b37-bfdb9b7a6c05</processId>
            <name>map output data</name>
            <tWComponentName>Script</tWComponentName>
            <tWComponentId>3011.3c95ea5c-f0b5-4f09-a618-6172d9caaa57</tWComponentId>
            <isLogEnabled>false</isLogEnabled>
            <isTraceEnabled>false</isTraceEnabled>
            <traceCategory isNull="true" />
            <traceLevel isNull="true" />
            <traceMessage isNull="true" />
            <traceSymbolTable isNull="true" />
            <isExecutionContextTraced>false</isExecutionContextTraced>
            <saveExecutionContext>false</saveExecutionContext>
            <documentation isNull="true" />
            <isErrorHandlerEnabled>false</isErrorHandlerEnabled>
            <errorHandlerItemId isNull="true" />
            <guid>guid:f9e381da99ce2e5b:-25698984:178c9a5afc6:-7ff3</guid>
            <versionId>88031e11-001a-407a-93f8-95013b404627</versionId>
            <externalServiceRef isNull="true" />
            <externalServiceOp isNull="true" />
            <nodeColor isNull="true" />
            <layoutData x="523" y="56">
                <errorLink>
                    <controlPoints />
                    <showEndState>false</showEndState>
                    <showName>false</showName>
                </errorLink>
            </layoutData>
            <TWComponent>
                <lastModified isNull="true" />
                <lastModifiedBy isNull="true" />
                <tenantId isNull="true" />
                <scriptId>3011.3c95ea5c-f0b5-4f09-a618-6172d9caaa57</scriptId>
                <scriptTypeId>2</scriptTypeId>
                <isActive>true</isActive>
                <script>log.info("=======start mapping output data=========");&#xD;
tw.local.botExecutionStatus = tw.local.botOutputProperties.botExecutionStatus;&#xD;
log.info("=======end mapping output data=========");</script>
                <isRule>false</isRule>
                <guid>486a10ba-dd87-4b2f-976e-2c7155061966</guid>
                <versionId>1f4c5220-ef55-4750-934e-b7c481de6f0d</versionId>
            </TWComponent>
        </item>
        <item>
            <lastModified isNull="true" />
            <lastModifiedBy isNull="true" />
            <tenantId isNull="true" />
            <processItemId>2025.f77748f7-f21e-4d9a-8d7a-1efd5d4aaab3</processItemId>
            <processId>1.af290cee-9703-4de8-8b37-bfdb9b7a6c05</processId>
            <name>call RPA bot</name>
            <tWComponentName>Script</tWComponentName>
            <tWComponentId>3011.4c9795f0-775b-4fb2-b75d-15e12b67bd63</tWComponentId>
            <isLogEnabled>false</isLogEnabled>
            <isTraceEnabled>false</isTraceEnabled>
            <traceCategory isNull="true" />
            <traceLevel isNull="true" />
            <traceMessage isNull="true" />
            <traceSymbolTable isNull="true" />
            <isExecutionContextTraced>false</isExecutionContextTraced>
            <saveExecutionContext>false</saveExecutionContext>
            <documentation isNull="true" />
            <isErrorHandlerEnabled>false</isErrorHandlerEnabled>
            <errorHandlerItemId isNull="true" />
            <guid>guid:f9e381da99ce2e5b:-25698984:178c9a5afc6:-7ff2</guid>
            <versionId>87bc965a-09e2-47ae-9b2e-8340edf418e1</versionId>
            <externalServiceRef isNull="true" />
            <externalServiceOp isNull="true" />
            <nodeColor isNull="true" />
            <layoutData x="329" y="56">
                <errorLink>
                    <controlPoints />
                    <showEndState>false</showEndState>
                    <showName>false</showName>
                </errorLink>
            </layoutData>
            <TWComponent>
                <lastModified isNull="true" />
                <lastModifiedBy isNull="true" />
                <tenantId isNull="true" />
                <scriptId>3011.4c9795f0-775b-4fb2-b75d-15e12b67bd63</scriptId>
                <scriptTypeId>2</scriptTypeId>
                <isActive>true</isActive>
                <script>log.info("=====start calling RPA bot======");&#xD;
&#xD;
var request = new BPMRESTRequest();&#xD;
request.externalServiceName = "IBM RPA RestServer"; &#xD;
request.operationName = "StartRPABot";&#xD;
request.endpointAddress = tw.local.rpaRestEndpoint;&#xD;
request.disableCNCheck = true;&#xD;
request.httpMethod = "POST";
request.requestTimeout = 120000;
request.responseTimeout = 120000;&#xD;
var headers = {"Content-Type": "application/json", "Accept": "application/json"};&#xD;
request.httpHeaders = headers;&#xD;
request.parameters = {"inputProperties": tw.local.botInputProperties, "scriptName":tw.local.scriptName, "unlockMachine":false };&#xD;
var response = tw.system.invokeREST(request);&#xD;
&#xD;
var content = response.content;&#xD;
&#xD;
log.info("=======logging response data from bot=========");&#xD;
log.info(content);&#xD;
log.info("======end logging response data from bot==========");&#xD;
&#xD;
&#xD;
tw.local.botOutputProperties = new tw.object.BotOutput(); 
var obj = JSON.parse(content);
tw.local.botOutputProperties.botExecutionStatus = obj.botExecutionStatus;
tw.local.botOutputProperties.errorMessage = obj.errorMessage;&#xD;
&#xD;
log.info("=====end calling RPA bot======");</script>
                <isRule>false</isRule>
                <guid>ea4b8d2d-d614-41e9-906f-94ba530870e2</guid>
                <versionId>84c8b245-eb29-482b-9857-02fcc78d7910</versionId>
            </TWComponent>
        </item>
        <item>
            <lastModified isNull="true" />
            <lastModifiedBy isNull="true" />
            <tenantId isNull="true" />
            <processItemId>2025.b3ee216d-a56e-42b0-8853-366e4b371625</processItemId>
            <processId>1.af290cee-9703-4de8-8b37-bfdb9b7a6c05</processId>
            <name>map input data</name>
            <tWComponentName>Script</tWComponentName>
            <tWComponentId>3011.1a36d42b-540f-44a4-92bd-5cc5b28643ab</tWComponentId>
            <isLogEnabled>false</isLogEnabled>
            <isTraceEnabled>false</isTraceEnabled>
            <traceCategory isNull="true" />
            <traceLevel isNull="true" />
            <traceMessage isNull="true" />
            <traceSymbolTable isNull="true" />
            <isExecutionContextTraced>false</isExecutionContextTraced>
            <saveExecutionContext>false</saveExecutionContext>
            <documentation isNull="true" />
            <isErrorHandlerEnabled>false</isErrorHandlerEnabled>
            <errorHandlerItemId isNull="true" />
            <guid>guid:f9e381da99ce2e5b:-25698984:178c9a5afc6:-7ff4</guid>
            <versionId>f22ee33f-3af4-4473-8023-e6ff824a45fd</versionId>
            <externalServiceRef isNull="true" />
            <externalServiceOp isNull="true" />
            <nodeColor isNull="true" />
            <layoutData x="150" y="56">
                <errorLink>
                    <controlPoints />
                    <showEndState>false</showEndState>
                    <showName>false</showName>
                </errorLink>
            </layoutData>
            <TWComponent>
                <lastModified isNull="true" />
                <lastModifiedBy isNull="true" />
                <tenantId isNull="true" />
                <scriptId>3011.1a36d42b-540f-44a4-92bd-5cc5b28643ab</scriptId>
                <scriptTypeId>2</scriptTypeId>
                <isActive>true</isActive>
                <script>log.info("=====start mapping input data======");&#xD;
&#xD;
tw.local.botInputProperties = new tw.object.BotInput();&#xD;
tw.local.botInputProperties.onboardingInfo = JSON.stringify(tw.local.onboardingInfo);&#xD;
&#xD;
log.info(tw.local.botInputProperties.onboardingInfo);&#xD;
&#xD;
log.info("=====end mapping input data======");&#xD;
</script>
                <isRule>false</isRule>
                <guid>15a4ed47-8acb-47ca-836e-7cf45916d73d</guid>
                <versionId>3ca3cedf-0436-455c-a90c-6f92ec92e4cd</versionId>
            </TWComponent>
        </item>
        <item>
            <lastModified isNull="true" />
            <lastModifiedBy isNull="true" />
            <tenantId isNull="true" />
            <processItemId>2025.b6edfbec-1ab4-41bf-89ad-29c01d52cbf9</processItemId>
            <processId>1.af290cee-9703-4de8-8b37-bfdb9b7a6c05</processId>
            <name>End</name>
            <tWComponentName>ExitPoint</tWComponentName>
            <tWComponentId>3008.dc1ac803-a515-42e1-9ce6-6f6668bad820</tWComponentId>
            <isLogEnabled>false</isLogEnabled>
            <isTraceEnabled>false</isTraceEnabled>
            <traceCategory isNull="true" />
            <traceLevel isNull="true" />
            <traceMessage isNull="true" />
            <traceSymbolTable isNull="true" />
            <isExecutionContextTraced>false</isExecutionContextTraced>
            <saveExecutionContext>true</saveExecutionContext>
            <documentation isNull="true" />
            <isErrorHandlerEnabled>false</isErrorHandlerEnabled>
            <errorHandlerItemId isNull="true" />
            <guid>guid:f9e381da99ce2e5b:-25698984:178c9a5afc6:-7ffa</guid>
            <versionId>f47166e3-ba8b-4991-bc86-fc70af6a29c3</versionId>
            <externalServiceRef isNull="true" />
            <externalServiceOp isNull="true" />
            <nodeColor isNull="true" />
            <layoutData x="676" y="79">
                <errorLink>
                    <controlPoints />
                    <showEndState>false</showEndState>
                    <showName>false</showName>
                </errorLink>
            </layoutData>
            <TWComponent>
                <lastModified isNull="true" />
                <lastModifiedBy isNull="true" />
                <tenantId isNull="true" />
                <exitPointId>3008.dc1ac803-a515-42e1-9ce6-6f6668bad820</exitPointId>
                <haltProcess>false</haltProcess>
                <guid>8f1c8244-ed8f-4199-9d62-04dc03d55d05</guid>
                <versionId>2be9e1f8-6822-415b-8f97-31b1555acfb0</versionId>
            </TWComponent>
        </item>
        <startingProcessItemId>2025.b3ee216d-a56e-42b0-8853-366e4b371625</startingProcessItemId>
        <errorHandlerItemId isNull="true" />
        <layoutData noConversion="true">
            <errorLink>
                <controlPoints />
                <showEndState>false</showEndState>
                <showName>false</showName>
            </errorLink>
        </layoutData>
        <startPoint>
            <layoutData x="24" y="79">
                <errorLink>
                    <controlPoints />
                    <showEndState>false</showEndState>
                    <showName>false</showName>
                </errorLink>
            </layoutData>
        </startPoint>
        <startLink>
            <fromPort locationId="rightCenter" portType="1" />
            <toPort locationId="leftCenter" portType="2" />
            <layoutData>
                <controlPoints />
                <showEndState>false</showEndState>
                <showName>false</showName>
            </layoutData>
        </startLink>
        <bpmn2Model>
            <ns16:definitions xmlns:ns16="http://www.omg.org/spec/BPMN/20100524/MODEL" xmlns:ns2="http://www.ibm.com/xmlns/prod/bpm/bpmn/ext/process" xmlns:ns3="http://www.ibm.com/xmlns/prod/bpm/bpmn/ext/process/wle" xmlns:ns4="http://www.ibm.com/xmlns/prod/bpm/bpmn/ext/process/case" xmlns:ns5="http://www.ibm.com/bpm/Extensions" xmlns:ns6="http://www.ibm.com/xmlns/prod/bpm/uca" xmlns:ns7="http://www.ibm.com/xmlns/prod/bpm/bpmn/ext/team" xmlns:ns8="http://www.ibm.com/xmlns/prod/bpm/bpmn/ext/trackinggroup" xmlns:ns9="http://www.ibm.com/xmlns/bpmnx/20100524/v1/BusinessVocabulary" xmlns:ns10="http://www.omg.org/spec/DD/20100524/DI" xmlns:ns11="http://www.omg.org/spec/DD/20100524/DC" xmlns:ns12="http://www.omg.org/spec/BPMN/20100524/BPMNDI" xmlns:ns13="http://www.ibm.com/xmlns/prod/bpm/graph" xmlns:ns14="http://www.ibm.com/xmlns/prod/bpm/bpmn/ext/process/auth" xmlns:ns15="http://www.ibm.com/xmlns/prod/bpm/bpmn/ext/extservice" xmlns:ns17="http://www.ibm.com/bpm/processappsettings" xmlns:ns18="http://www.ibm.com/xmlns/links" xmlns:ns19="http://www.ibm.com/bpm/CoachDesignerNG" xmlns:ns20="http://www.ibm.com/xmlns/tagging" xmlns:ns21="http://www.ibm.com/bpm/uitheme" xmlns:ns22="http://www.ibm.com/bpm/coachview" targetNamespace="" expressionLanguage="http://www.ibm.com/xmlns/prod/bpm/expression-lang/javascript" typeLanguage="http://www.w3.org/2001/XMLSchema">
                
                
                
                
                
                
                
                
                
                
                
                
                
                
                <ns16:process name="Call RPA Bot" id="1.af290cee-9703-4de8-8b37-bfdb9b7a6c05" ns2:executionMode="microflow">
                    
                    
                    
                    
                    
                    
                    
                    
                    
                    
                    
                    
                    
                    
                    <ns16:documentation textFormat="text/plain" />
                    
                    
                    
                    
                    
                    
                    
                    
                    
                    
                    
                    
                    
                    
                    <ns16:extensionElements>
                        
                        
                        
                        
                        
                        
                        
                        
                        
                        
                        
                        
                        
                        
                        <ns2:isSecured>true</ns2:isSecured>
                        
                        
                        
                        
                        
                        
                        
                        
                        
                        
                        
                        
                        
                        
                        <ns2:isAjaxExposed>true</ns2:isAjaxExposed>
                        
                        
                        
                        
                        
                        
                        
                        
                        
                        
                        
                        
                        
                        
                        <ns2:sboSyncEnabled>true</ns2:sboSyncEnabled>
                        
                        
                        
                        
                        
                        
                        
                    
                    
                    
                    
                    
                    
                    
                    </ns16:extensionElements>
                    
                    
                    
                    
                    
                    
                    
                    
                    
                    
                    
                    
                    
                    
                    <ns16:ioSpecification>
                        
                        
                        
                        
                        
                        
                        
                        
                        
                        
                        
                        
                        
                        
                        <ns16:dataInput name="scriptName" itemSubjectRef="itm.12.db884a3c-c533-44b7-bb2d-47bec8ad4022" isCollection="false" id="2055.d35ba2f9-14ed-4292-8dd1-27bddfd34990" />
                        
                        
                        
                        
                        
                        
                        
                        
                        
                        
                        
                        
                        
                        
                        <ns16:dataInput name="rpaRestEndpoint" itemSubjectRef="itm.12.db884a3c-c533-44b7-bb2d-47bec8ad4022" isCollection="false" id="2055.eb1a487d-9e9e-4cd9-8390-2ca6452cb530" />
                        
                        
                        
                        
                        
                        
                        
                        
                        
                        
                        
                        
                        
                        
                        <ns16:dataInput name="onboardingInfo" itemSubjectRef="itm.12.86c55400-6f30-491b-b3db-43d9678e0227" isCollection="false" id="2055.efe8111c-395d-42a8-8a07-5c96eefe8789" />
                        
                        
                        
                        
                        
                        
                        
                        
                        
                        
                        
                        
                        
                        
                        <ns16:dataOutput name="botExecutionStatus" itemSubjectRef="itm.12.db884a3c-c533-44b7-bb2d-47bec8ad4022" isCollection="false" id="2055.f60cb860-b9d1-4421-82e7-c5d3475bf210" />
                        
                        
                        
                        
                        
                        
                        
                        
                        
                        
                        
                        
                        
                        
                        <ns16:inputSet>
                            
                            
                            
                            
                            
                            
                            
                            
                            
                            
                            
                            
                            
                            
                            <ns16:dataInputRefs>2055.d35ba2f9-14ed-4292-8dd1-27bddfd34990</ns16:dataInputRefs>
                            
                            
                            
                            
                            
                            
                            
                            
                            
                            
                            
                            
                            
                            
                            <ns16:dataInputRefs>2055.eb1a487d-9e9e-4cd9-8390-2ca6452cb530</ns16:dataInputRefs>
                            
                            
                            
                            
                            
                            
                            
                            
                            
                            
                            
                            
                            
                            
                            <ns16:dataInputRefs>2055.efe8111c-395d-42a8-8a07-5c96eefe8789</ns16:dataInputRefs>
                            
                            
                            
                            
                            
                            
                            
                        
                        
                        
                        
                        
                        
                        
                        </ns16:inputSet>
                        
                        
                        
                        
                        
                        
                        
                        
                        
                        
                        
                        
                        
                        
                        <ns16:outputSet>
                            
                            
                            
                            
                            
                            
                            
                            
                            
                            
                            
                            
                            
                            
                            <ns16:dataOutputRefs>2055.f60cb860-b9d1-4421-82e7-c5d3475bf210</ns16:dataOutputRefs>
                            
                            
                            
                            
                            
                            
                            
                        
                        
                        
                        
                        
                        
                        
                        </ns16:outputSet>
                        
                        
                        
                        
                        
                        
                        
                    
                    
                    
                    
                    
                    
                    
                    </ns16:ioSpecification>
                    
                    
                    
                    
                    
                    
                    
                    
                    
                    
                    
                    
                    
                    
                    <ns16:laneSet id="bce8f026-0ba6-4316-805c-9b96c9225c1e">
                        
                        
                        
                        
                        
                        
                        
                        
                        
                        
                        
                        
                        
                        
                        <ns16:lane name="System" partitionElementRef="24.6fd38d02-81cf-48ab-bd42-8ff4c0a1628b" id="3ec467c5-6591-4616-8baa-e3cc144b36f1" ns3:isSystemLane="true">
                            
                            
                            
                            
                            
                            
                            
                            
                            
                            
                            
                            
                            
                            
                            <ns16:extensionElements>
                                
                                
                                
                                
                                
                                
                                
                                
                                
                                
                                
                                
                                
                                
                                <ns13:nodeVisualInfo x="0" y="0" width="3000" height="500" color="#F8F8F8" />
                                
                                
                                
                                
                                
                                
                                
                            
                            
                            
                            
                            
                            
                            
                            </ns16:extensionElements>
                            
                            
                            
                            
                            
                            
                            
                            
                            
                            
                            
                            
                            
                            
                            <ns16:flowNodeRef>82d3b503-f750-4e1a-87c0-d4c10ea61122</ns16:flowNodeRef>
                            
                            
                            
                            
                            
                            
                            
                            
                            
                            
                            
                            
                            
                            
                            <ns16:flowNodeRef>b6edfbec-1ab4-41bf-89ad-29c01d52cbf9</ns16:flowNodeRef>
                            
                            
                            
                            
                            
                            
                            
                            
                            
                            
                            
                            
                            
                            
                            <ns16:flowNodeRef>b3ee216d-a56e-42b0-8853-366e4b371625</ns16:flowNodeRef>
                            
                            
                            
                            
                            
                            
                            
                            
                            
                            
                            
                            
                            
                            
                            <ns16:flowNodeRef>dd3959b0-4376-4987-8d76-93ff8b085100</ns16:flowNodeRef>
                            
                            
                            
                            
                            
                            
                            
                            
                            
                            
                            
                            
                            
                            
                            <ns16:flowNodeRef>f77748f7-f21e-4d9a-8d7a-1efd5d4aaab3</ns16:flowNodeRef>
                            
                            
                            
                            
                            
                            
                            
                        
                        
                        
                        
                        
                        
                        
                        </ns16:lane>
                        
                        
                        
                        
                        
                        
                        
                    
                    
                    
                    
                    
                    
                    
                    </ns16:laneSet>
                    
                    
                    
                    
                    
                    
                    
                    
                    
                    
                    
                    
                    
                    
                    <ns16:startEvent isInterrupting="false" parallelMultiple="false" name="Start" id="82d3b503-f750-4e1a-87c0-d4c10ea61122">
                        
                        
                        
                        
                        
                        
                        
                        
                        
                        
                        
                        
                        
                        
                        <ns16:extensionElements>
                            
                            
                            
                            
                            
                            
                            
                            
                            
                            
                            
                            
                            
                            
                            <ns13:nodeVisualInfo x="24" y="79" width="24" height="24" color="#F8F8F8" />
                            
                            
                            
                            
                            
                            
                            
                        
                        
                        
                        
                        
                        
                        
                        </ns16:extensionElements>
                        
                        
                        
                        
                        
                        
                        
                        
                        
                        
                        
                        
                        
                        
                        <ns16:outgoing>39cb5e54-bc28-4b66-8ea6-3ceeb19bff3a</ns16:outgoing>
                        
                        
                        
                        
                        
                        
                        
                    
                    
                    
                    
                    
                    
                    
                    </ns16:startEvent>
                    
                    
                    
                    
                    
                    
                    
                    
                    
                    
                    
                    
                    
                    
                    <ns16:endEvent name="End" id="b6edfbec-1ab4-41bf-89ad-29c01d52cbf9">
                        
                        
                        
                        
                        
                        
                        
                        
                        
                        
                        
                        
                        
                        
                        <ns16:extensionElements>
                            
                            
                            
                            
                            
                            
                            
                            
                            
                            
                            
                            
                            
                            
                            <ns13:nodeVisualInfo x="676" y="79" width="24" height="24" color="#F8F8F8" />
                            
                            
                            
                            
                            
                            
                            
                            
                            
                            
                            
                            
                            
                            
                            <ns3:saveExecutionContext>true</ns3:saveExecutionContext>
                            
                            
                            
                            
                            
                            
                            
                            
                            
                            
                            
                            
                            
                            
                            <ns2:endStateId>guid:f9e381da99ce2e5b:-25698984:178c9a5afc6:-7ffa</ns2:endStateId>
                            
                            
                            
                            
                            
                            
                            
                        
                        
                        
                        
                        
                        
                        
                        </ns16:extensionElements>
                        
                        
                        
                        
                        
                        
                        
                        
                        
                        
                        
                        
                        
                        
                        <ns16:incoming>68f8c647-6b21-4105-8612-e473bf865548</ns16:incoming>
                        
                        
                        
                        
                        
                        
                        
                    
                    
                    
                    
                    
                    
                    
                    </ns16:endEvent>
                    
                    
                    
                    
                    
                    
                    
                    
                    
                    
                    
                    
                    
                    
                    <ns16:dataObject itemSubjectRef="itm.12.455dfa7b-9407-4ce3-b6ab-b92d05f08aa7" isCollection="false" name="botInputProperties" id="2056.16af22c3-1676-46cf-8e71-9a779efa2f23" />
                    
                    
                    
                    
                    
                    
                    
                    
                    
                    
                    
                    
                    
                    
                    <ns16:dataObject itemSubjectRef="itm.12.ba3a44ab-e1d5-47a1-9be2-2de0c321e71f" isCollection="false" name="botOutputProperties" id="2056.d342be64-ce0a-44aa-87b6-02ecf1272439" />
                    
                    
                    
                    
                    
                    
                    
                    
                    
                    
                    
                    
                    
                    
                    <ns16:scriptTask scriptFormat="text/x-javascript" name="map input data" id="b3ee216d-a56e-42b0-8853-366e4b371625">
                        
                        
                        
                        
                        
                        
                        
                        
                        
                        
                        
                        
                        
                        
                        <ns16:extensionElements>
                            
                            
                            
                            
                            
                            
                            
                            
                            
                            
                            
                            
                            
                            
                            <ns13:nodeVisualInfo x="150" y="56" width="95" height="70" />
                            
                            
                            
                            
                            
                            
                            
                        
                        
                        
                        
                        
                        
                        
                        </ns16:extensionElements>
                        
                        
                        
                        
                        
                        
                        
                        
                        
                        
                        
                        
                        
                        
                        <ns16:incoming>39cb5e54-bc28-4b66-8ea6-3ceeb19bff3a</ns16:incoming>
                        
                        
                        
                        
                        
                        
                        
                        
                        
                        
                        
                        
                        
                        
                        <ns16:outgoing>e32f4885-2214-4a7d-8d0c-e3c3a84d2fc5</ns16:outgoing>
                        
                        
                        
                        
                        
                        
                        
                        
                        
                        
                        
                        
                        
                        
                        <ns16:script>log.info("=====start mapping input data======");&#xD;
&#xD;
tw.local.botInputProperties = new tw.object.BotInput();&#xD;
tw.local.botInputProperties.onboardingInfo = JSON.stringify(tw.local.onboardingInfo);&#xD;
&#xD;
log.info(tw.local.botInputProperties.onboardingInfo);&#xD;
&#xD;
log.info("=====end mapping input data======");&#xD;
</ns16:script>
                        
                        
                        
                        
                        
                        
                        
                    
                    
                    
                    
                    
                    
                    
                    </ns16:scriptTask>
                    
                    
                    
                    
                    
                    
                    
                    
                    
                    
                    
                    
                    
                    
                    <ns16:scriptTask scriptFormat="text/x-javascript" name="map output data" id="dd3959b0-4376-4987-8d76-93ff8b085100">
                        
                        
                        
                        
                        
                        
                        
                        
                        
                        
                        
                        
                        
                        
                        <ns16:extensionElements>
                            
                            
                            
                            
                            
                            
                            
                            
                            
                            
                            
                            
                            
                            
                            <ns13:nodeVisualInfo x="523" y="56" width="95" height="70" />
                            
                            
                            
                            
                            
                            
                            
                        
                        
                        
                        
                        
                        
                        
                        </ns16:extensionElements>
                        
                        
                        
                        
                        
                        
                        
                        
                        
                        
                        
                        
                        
                        
                        <ns16:incoming>8c1ca70f-066a-437e-83af-fd853b8e0cc5</ns16:incoming>
                        
                        
                        
                        
                        
                        
                        
                        
                        
                        
                        
                        
                        
                        
                        <ns16:outgoing>68f8c647-6b21-4105-8612-e473bf865548</ns16:outgoing>
                        
                        
                        
                        
                        
                        
                        
                        
                        
                        
                        
                        
                        
                        
                        <ns16:script>log.info("=======start mapping output data=========");&#xD;
tw.local.botExecutionStatus = tw.local.botOutputProperties.botExecutionStatus;&#xD;
log.info("=======end mapping output data=========");</ns16:script>
                        
                        
                        
                        
                        
                        
                        
                    
                    
                    
                    
                    
                    
                    
                    </ns16:scriptTask>
                    
                    
                    
                    
                    
                    
                    
                    
                    
                    
                    
                    
                    
                    
                    <ns16:sequenceFlow sourceRef="82d3b503-f750-4e1a-87c0-d4c10ea61122" targetRef="b3ee216d-a56e-42b0-8853-366e4b371625" name="To map input data" id="39cb5e54-bc28-4b66-8ea6-3ceeb19bff3a">
                        
                        
                        
                        
                        
                        
                        
                        
                        
                        
                        
                        
                        
                        
                        <ns16:extensionElements>
                            
                            
                            
                            
                            
                            
                            
                            
                            
                            
                            
                            
                            
                            
                            <ns13:linkVisualInfo>
                                
                                
                                
                                
                                
                                
                                
                                
                                
                                
                                
                                
                                
                                
                                <ns13:sourcePortLocation>rightCenter</ns13:sourcePortLocation>
                                
                                
                                
                                
                                
                                
                                
                                
                                
                                
                                
                                
                                
                                
                                <ns13:targetPortLocation>leftCenter</ns13:targetPortLocation>
                                
                                
                                
                                
                                
                                
                                
                                
                                
                                
                                
                                
                                
                                
                                <ns13:showLabel>false</ns13:showLabel>
                                
                                
                                
                                
                                
                                
                                
                                
                                
                                
                                
                                
                                
                                
                                <ns13:showCoachControlLabel>false</ns13:showCoachControlLabel>
                                
                                
                                
                                
                                
                                
                                
                                
                                
                                
                                
                                
                                
                                
                                <ns13:labelPosition>0.0</ns13:labelPosition>
                                
                                
                                
                                
                                
                                
                                
                                
                                
                                
                                
                                
                                
                                
                                <ns13:saveExecutionContext>false</ns13:saveExecutionContext>
                                
                                
                                
                                
                                
                                
                                
                            
                            
                            
                            
                            
                            
                            
                            </ns13:linkVisualInfo>
                            
                            
                            
                            
                            
                            
                            
                        
                        
                        
                        
                        
                        
                        
                        </ns16:extensionElements>
                        
                        
                        
                        
                        
                        
                        
                    
                    
                    
                    
                    
                    
                    
                    </ns16:sequenceFlow>
                    
                    
                    
                    
                    
                    
                    
                    
                    
                    
                    
                    
                    
                    
                    <ns16:sequenceFlow sourceRef="dd3959b0-4376-4987-8d76-93ff8b085100" targetRef="b6edfbec-1ab4-41bf-89ad-29c01d52cbf9" name="To End" id="68f8c647-6b21-4105-8612-e473bf865548">
                        
                        
                        
                        
                        
                        
                        
                        
                        
                        
                        
                        
                        
                        
                        <ns16:extensionElements>
                            
                            
                            
                            
                            
                            
                            
                            
                            
                            
                            
                            
                            
                            
                            <ns2:sequenceFlowImplementation sboSyncEnabled="true" />
                            
                            
                            
                            
                            
                            
                            
                            
                            
                            
                            
                            
                            
                            
                            <ns13:linkVisualInfo>
                                
                                
                                
                                
                                
                                
                                
                                
                                
                                
                                
                                
                                
                                
                                <ns13:sourcePortLocation>rightCenter</ns13:sourcePortLocation>
                                
                                
                                
                                
                                
                                
                                
                                
                                
                                
                                
                                
                                
                                
                                <ns13:targetPortLocation>leftCenter</ns13:targetPortLocation>
                                
                                
                                
                                
                                
                                
                                
                                
                                
                                
                                
                                
                                
                                
                                <ns13:showLabel>false</ns13:showLabel>
                                
                                
                                
                                
                                
                                
                                
                                
                                
                                
                                
                                
                                
                                
                                <ns13:showCoachControlLabel>false</ns13:showCoachControlLabel>
                                
                                
                                
                                
                                
                                
                                
                                
                                
                                
                                
                                
                                
                                
                                <ns13:labelPosition>0.0</ns13:labelPosition>
                                
                                
                                
                                
                                
                                
                                
                                
                                
                                
                                
                                
                                
                                
                                <ns13:saveExecutionContext>true</ns13:saveExecutionContext>
                                
                                
                                
                                
                                
                                
                                
                            
                            
                            
                            
                            
                            
                            
                            </ns13:linkVisualInfo>
                            
                            
                            
                            
                            
                            
                            
                        
                        
                        
                        
                        
                        
                        
                        </ns16:extensionElements>
                        
                        
                        
                        
                        
                        
                        
                    
                    
                    
                    
                    
                    
                    
                    </ns16:sequenceFlow>
                    
                    
                    
                    
                    
                    
                    
                    
                    
                    
                    
                    
                    
                    
                    <ns16:scriptTask scriptFormat="text/x-javascript" name="call RPA bot" id="f77748f7-f21e-4d9a-8d7a-1efd5d4aaab3">
                        
                        
                        
                        
                        
                        
                        
                        
                        
                        
                        
                        
                        
                        
                        <ns16:extensionElements>
                            
                            
                            
                            
                            
                            
                            
                            
                            
                            
                            
                            
                            
                            
                            <ns13:nodeVisualInfo x="329" y="56" width="95" height="70" />
                            
                            
                            
                            
                            
                            
                            
                        
                        
                        
                        
                        
                        
                        
                        </ns16:extensionElements>
                        
                        
                        
                        
                        
                        
                        
                        
                        
                        
                        
                        
                        
                        
                        <ns16:incoming>e32f4885-2214-4a7d-8d0c-e3c3a84d2fc5</ns16:incoming>
                        
                        
                        
                        
                        
                        
                        
                        
                        
                        
                        
                        
                        
                        
                        <ns16:outgoing>8c1ca70f-066a-437e-83af-fd853b8e0cc5</ns16:outgoing>
                        
                        
                        
                        
                        
                        
                        
                        
                        
                        
                        
                        
                        
                        
                        <ns16:script>log.info("=====start calling RPA bot======");&#xD;
&#xD;
var request = new BPMRESTRequest();&#xD;
request.externalServiceName = "IBM RPA RestServer"; &#xD;
request.operationName = "StartRPABot";&#xD;
request.endpointAddress = tw.local.rpaRestEndpoint;&#xD;
request.disableCNCheck = true;&#xD;
request.httpMethod = "POST";
request.requestTimeout = 120000;
request.responseTimeout = 120000;&#xD;
var headers = {"Content-Type": "application/json", "Accept": "application/json"};&#xD;
request.httpHeaders = headers;&#xD;
request.parameters = {"inputProperties": tw.local.botInputProperties, "scriptName":tw.local.scriptName, "unlockMachine":false };&#xD;
var response = tw.system.invokeREST(request);&#xD;
&#xD;
var content = response.content;&#xD;
&#xD;
log.info("=======logging response data from bot=========");&#xD;
log.info(content);&#xD;
log.info("======end logging response data from bot==========");&#xD;
&#xD;
&#xD;
tw.local.botOutputProperties = new tw.object.BotOutput(); 
var obj = JSON.parse(content);
tw.local.botOutputProperties.botExecutionStatus = obj.botExecutionStatus;
tw.local.botOutputProperties.errorMessage = obj.errorMessage;&#xD;
&#xD;
log.info("=====end calling RPA bot======");</ns16:script>
                        
                        
                        
                        
                        
                        
                        
                    
                    
                    
                    
                    
                    
                    
                    </ns16:scriptTask>
                    
                    
                    
                    
                    
                    
                    
                    
                    
                    
                    
                    
                    
                    
                    <ns16:sequenceFlow sourceRef="b3ee216d-a56e-42b0-8853-366e4b371625" targetRef="f77748f7-f21e-4d9a-8d7a-1efd5d4aaab3" name="To call RPA bot" id="e32f4885-2214-4a7d-8d0c-e3c3a84d2fc5">
                        
                        
                        
                        
                        
                        
                        
                        
                        
                        
                        
                        
                        
                        
                        <ns16:extensionElements>
                            
                            
                            
                            
                            
                            
                            
                            
                            
                            
                            
                            
                            
                            
                            <ns13:linkVisualInfo>
                                
                                
                                
                                
                                
                                
                                
                                
                                
                                
                                
                                
                                
                                
                                <ns13:sourcePortLocation>rightCenter</ns13:sourcePortLocation>
                                
                                
                                
                                
                                
                                
                                
                                
                                
                                
                                
                                
                                
                                
                                <ns13:targetPortLocation>leftCenter</ns13:targetPortLocation>
                                
                                
                                
                                
                                
                                
                                
                                
                                
                                
                                
                                
                                
                                
                                <ns13:showLabel>false</ns13:showLabel>
                                
                                
                                
                                
                                
                                
                                
                                
                                
                                
                                
                                
                                
                                
                                <ns13:showCoachControlLabel>false</ns13:showCoachControlLabel>
                                
                                
                                
                                
                                
                                
                                
                                
                                
                                
                                
                                
                                
                                
                                <ns13:labelPosition>0.0</ns13:labelPosition>
                                
                                
                                
                                
                                
                                
                                
                                
                                
                                
                                
                                
                                
                                
                                <ns13:saveExecutionContext>false</ns13:saveExecutionContext>
                                
                                
                                
                                
                                
                                
                                
                            
                            
                            
                            
                            
                            
                            
                            </ns13:linkVisualInfo>
                            
                            
                            
                            
                            
                            
                            
                        
                        
                        
                        
                        
                        
                        
                        </ns16:extensionElements>
                        
                        
                        
                        
                        
                        
                        
                    
                    
                    
                    
                    
                    
                    
                    </ns16:sequenceFlow>
                    
                    
                    
                    
                    
                    
                    
                    
                    
                    
                    
                    
                    
                    
                    <ns16:sequenceFlow sourceRef="f77748f7-f21e-4d9a-8d7a-1efd5d4aaab3" targetRef="dd3959b0-4376-4987-8d76-93ff8b085100" name="To map output data" id="8c1ca70f-066a-437e-83af-fd853b8e0cc5">
                        
                        
                        
                        
                        
                        
                        
                        
                        
                        
                        
                        
                        
                        
                        <ns16:extensionElements>
                            
                            
                            
                            
                            
                            
                            
                            
                            
                            
                            
                            
                            
                            
                            <ns13:linkVisualInfo>
                                
                                
                                
                                
                                
                                
                                
                                
                                
                                
                                
                                
                                
                                
                                <ns13:sourcePortLocation>rightCenter</ns13:sourcePortLocation>
                                
                                
                                
                                
                                
                                
                                
                                
                                
                                
                                
                                
                                
                                
                                <ns13:targetPortLocation>leftCenter</ns13:targetPortLocation>
                                
                                
                                
                                
                                
                                
                                
                                
                                
                                
                                
                                
                                
                                
                                <ns13:showLabel>false</ns13:showLabel>
                                
                                
                                
                                
                                
                                
                                
                                
                                
                                
                                
                                
                                
                                
                                <ns13:showCoachControlLabel>false</ns13:showCoachControlLabel>
                                
                                
                                
                                
                                
                                
                                
                                
                                
                                
                                
                                
                                
                                
                                <ns13:labelPosition>0.0</ns13:labelPosition>
                                
                                
                                
                                
                                
                                
                                
                                
                                
                                
                                
                                
                                
                                
                                <ns13:saveExecutionContext>false</ns13:saveExecutionContext>
                                
                                
                                
                                
                                
                                
                                
                            
                            
                            
                            
                            
                            
                            
                            </ns13:linkVisualInfo>
                            
                            
                            
                            
                            
                            
                            
                        
                        
                        
                        
                        
                        
                        
                        </ns16:extensionElements>
                        
                        
                        
                        
                        
                        
                        
                    
                    
                    
                    
                    
                    
                    
                    </ns16:sequenceFlow>
                    
                    
                    
                    
                    
                    
                    
                
                
                
                
                
                
                
                </ns16:process>
                
                
                
                
                
                
                
            
            
            
            
            
            
            
            </ns16:definitions>
        </bpmn2Model>
        <link name="To End">
            <lastModified isNull="true" />
            <lastModifiedBy isNull="true" />
            <tenantId isNull="true" />
            <processLinkId>2027.68f8c647-6b21-4105-8612-e473bf865548</processLinkId>
            <processId>1.af290cee-9703-4de8-8b37-bfdb9b7a6c05</processId>
            <description isNull="true" />
            <fromProcessItemId>2025.dd3959b0-4376-4987-8d76-93ff8b085100</fromProcessItemId>
            <endStateId>Out</endStateId>
            <toProcessItemId>2025.b6edfbec-1ab4-41bf-89ad-29c01d52cbf9</toProcessItemId>
            <guid>f410fb60-4de1-48f4-8d4a-e0a4ec4c173d</guid>
            <versionId>38fea3f6-5ed7-405a-b934-a3bf0a3071ec</versionId>
            <layoutData>
                <controlPoints />
                <showEndState>false</showEndState>
                <showName>false</showName>
            </layoutData>
            <fromItemPort locationId="rightCenter" portType="1" />
            <toItemPort locationId="leftCenter" portType="2" />
            <fromProcessItemId>2025.dd3959b0-4376-4987-8d76-93ff8b085100</fromProcessItemId>
            <toProcessItemId>2025.b6edfbec-1ab4-41bf-89ad-29c01d52cbf9</toProcessItemId>
        </link>
        <link name="To call RPA bot">
            <lastModified isNull="true" />
            <lastModifiedBy isNull="true" />
            <tenantId isNull="true" />
            <processLinkId>2027.e32f4885-2214-4a7d-8d0c-e3c3a84d2fc5</processLinkId>
            <processId>1.af290cee-9703-4de8-8b37-bfdb9b7a6c05</processId>
            <description isNull="true" />
            <fromProcessItemId>2025.b3ee216d-a56e-42b0-8853-366e4b371625</fromProcessItemId>
            <endStateId>Out</endStateId>
            <toProcessItemId>2025.f77748f7-f21e-4d9a-8d7a-1efd5d4aaab3</toProcessItemId>
            <guid>7e4812ac-6752-4411-a0f2-a91dfdc61cd6</guid>
            <versionId>eb81f84e-acd4-4ee3-a275-f5619044210c</versionId>
            <layoutData>
                <controlPoints />
                <showEndState>false</showEndState>
                <showName>false</showName>
            </layoutData>
            <fromItemPort locationId="rightCenter" portType="1" />
            <toItemPort locationId="leftCenter" portType="2" />
            <fromProcessItemId>2025.b3ee216d-a56e-42b0-8853-366e4b371625</fromProcessItemId>
            <toProcessItemId>2025.f77748f7-f21e-4d9a-8d7a-1efd5d4aaab3</toProcessItemId>
        </link>
        <link name="To map output data">
            <lastModified isNull="true" />
            <lastModifiedBy isNull="true" />
            <tenantId isNull="true" />
            <processLinkId>2027.8c1ca70f-066a-437e-83af-fd853b8e0cc5</processLinkId>
            <processId>1.af290cee-9703-4de8-8b37-bfdb9b7a6c05</processId>
            <description isNull="true" />
            <fromProcessItemId>2025.f77748f7-f21e-4d9a-8d7a-1efd5d4aaab3</fromProcessItemId>
            <endStateId>Out</endStateId>
            <toProcessItemId>2025.dd3959b0-4376-4987-8d76-93ff8b085100</toProcessItemId>
            <guid>bb44b567-f705-4e5b-8b86-f3de96e1dfe0</guid>
            <versionId>33f20e13-c043-4f04-a3f5-379cf0795003</versionId>
            <layoutData>
                <controlPoints />
                <showEndState>false</showEndState>
                <showName>false</showName>
            </layoutData>
            <fromItemPort locationId="rightCenter" portType="1" />
            <toItemPort locationId="leftCenter" portType="2" />
            <fromProcessItemId>2025.f77748f7-f21e-4d9a-8d7a-1efd5d4aaab3</fromProcessItemId>
            <toProcessItemId>2025.dd3959b0-4376-4987-8d76-93ff8b085100</toProcessItemId>
        </link>
    </process>
</teamworks>

