<?xml version="1.0" encoding="UTF-8"?>
<teamworks>
    <twClass id="12.0335e23a-120b-4989-b104-1bdbc664a1a4" name="ItmDef_1816469595_0335e23a_120b_4989_b104_1bdbc664a1a4">
        <lastModified>1663710976145</lastModified>
        <lastModifiedBy>cp4badmin</lastModifiedBy>
        <tenantId isNull="true" />
        <classId>12.0335e23a-120b-4989-b104-1bdbc664a1a4</classId>
        <type>1</type>
        <isSystem>false</isSystem>
        <shared>false</shared>
        <isShadow>false</isShadow>
        <globalLifetime>false</globalLifetime>
        <internalName isNull="true" />
        <extensionType>3</extensionType>
        <saveServiceRef isNull="true" />
        <bpmn2Data isNull="true" />
        <externalId>itm.12.0335e23a-120b-4989-b104-1bdbc664a1a4</externalId>
        <dependencySummary>&lt;dependencySummary id="bpdid:94241093b8c98370:-10e45d6f:1835c620847:-7fd2"&gt;
  &lt;artifactReference id="bpdid:94241093b8c98370:-10e45d6f:1835c620847:-7fd1"&gt;
    &lt;refId&gt;/6023.107327ff-0ac9-4168-bab6-06ad2fc03c4b&lt;/refId&gt;
    &lt;refType&gt;1&lt;/refType&gt;
    &lt;nameValuePair id="bpdid:94241093b8c98370:-10e45d6f:1835c620847:-7fd0"&gt;
      &lt;name&gt;externalId&lt;/name&gt;
      &lt;value&gt;http://www.ibm.com/xmlns/prod/bpm/bpmn/ext/externalservice/swagger/xsd/357618c7-2d68-4d57-b757-34e46a031c14.xsd&lt;/value&gt;
    &lt;/nameValuePair&gt;
    &lt;nameValuePair id="bpdid:94241093b8c98370:-10e45d6f:1835c620847:-7fcf"&gt;
      &lt;name&gt;mimeType&lt;/name&gt;
      &lt;value&gt;xsd&lt;/value&gt;
    &lt;/nameValuePair&gt;
  &lt;/artifactReference&gt;
&lt;/dependencySummary&gt;</dependencySummary>
        <jsonData>{"attributeFormDefault":"unqualified","elementFormDefault":"unqualified","targetNamespace":"http:\/\/www.ibm.com\/xmlns\/prod\/bpm\/bpmn\/ext\/externalservice\/swagger\/xsd\/357618c7-2d68-4d57-b757-34e46a031c14.xsd","complexType":[{"annotation":{"documentation":[{}],"appinfo":[{"shared":[false],"advancedProperties":[{"namespace":"http:\/\/www.ibm.com\/xmlns\/prod\/bpm\/bpmn\/ext\/externalservice\/swagger\/xsd\/357618c7-2d68-4d57-b757-34e46a031c14.xsd","typeName":"scoreboardRequest"}],"shadow":[false]}]},"sequence":{"element":[{"annotation":{"documentation":[{}],"appinfo":[{"propertyName":["client"],"propertyRequired":[false],"propertyHidden":[false],"advancedParameterProperties":[{"typeNamespace":"http:\/\/www.ibm.com\/xmlns\/prod\/bpm\/bpmn\/ext\/externalservice\/swagger\/xsd\/357618c7-2d68-4d57-b757-34e46a031c14.xsd","_minOccurs":0,"typeName":"ClientInformation","_nillable":false,"nodeType":1,"_maxOccurs":1,"order":1}]}]},"name":"client","type":"{http:\/\/COU}BrokenReference","otherAttributes":{"{http:\/\/www.ibm.com\/bpmsdk}refid":"12.ef5e7f45-f620-487f-be5b-45c9a39be2ab"}},{"annotation":{"documentation":[{}],"appinfo":[{"propertyName":["industry"],"propertyRequired":[false],"propertyHidden":[false],"advancedParameterProperties":[{"typeNamespace":"http:\/\/www.ibm.com\/xmlns\/prod\/bpm\/bpmn\/ext\/externalservice\/swagger\/xsd\/357618c7-2d68-4d57-b757-34e46a031c14.xsd","_minOccurs":0,"typeName":"industryType","_nillable":false,"nodeType":1,"_maxOccurs":1,"order":2}]}]},"name":"industry","type":"{http:\/\/COU}BrokenReference","otherAttributes":{"{http:\/\/www.ibm.com\/bpmsdk}refid":"12.856e5bd1-15e7-4bcf-afe6-77e2c513be45"}}]},"name":"ItmDef_1816469595_0335e23a_120b_4989_b104_1bdbc664a1a4"}],"id":"_12.0335e23a-120b-4989-b104-1bdbc664a1a4"}</jsonData>
        <dataName isNull="true" />
        <description isNull="true" />
        <guid>guid:94241093b8c98370:-10e45d6f:1835c620847:-7fe6</guid>
        <versionId>dc439b45-8069-4571-af11-07eefd4eb331</versionId>
        <definition>
            <property>
                <name>client</name>
                <description isNull="true" />
                <classRef>/12.ef5e7f45-f620-487f-be5b-45c9a39be2ab</classRef>
                <arrayProperty>false</arrayProperty>
                <propertyDefault isNull="true" />
                <propertyRequired>false</propertyRequired>
                <propertyHidden>false</propertyHidden>
                <annotation type="com.lombardisoftware.core.xml.XMLFieldAnnotation" version="2.0">
                    <exclude isNull="true" />
                    <nodeType>1</nodeType>
                    <name isNull="true" />
                    <namespace isNull="true" />
                    <typeName>ClientInformation</typeName>
                    <typeNamespace>http://www.ibm.com/xmlns/prod/bpm/bpmn/ext/externalservice/swagger/xsd/357618c7-2d68-4d57-b757-34e46a031c14.xsd</typeNamespace>
                    <minOccurs>0</minOccurs>
                    <maxOccurs>1</maxOccurs>
                    <nillable>false</nillable>
                    <order>1</order>
                    <wrapArray isNull="true" />
                    <arrayTypeName isNull="true" />
                    <arrayTypeAnonymous isNull="true" />
                    <arrayItemName isNull="true" />
                    <arrayItemWildcard isNull="true" />
                    <wildcard isNull="true" />
                    <wildcardVariety isNull="true" />
                    <wildcardMode isNull="true" />
                    <wildcardNamespace isNull="true" />
                    <parentModelGroupCompositor isNull="true" />
                    <timeZone isNull="true" />
                </annotation>
            </property>
            <property>
                <name>industry</name>
                <description isNull="true" />
                <classRef>/12.856e5bd1-15e7-4bcf-afe6-77e2c513be45</classRef>
                <arrayProperty>false</arrayProperty>
                <propertyDefault isNull="true" />
                <propertyRequired>false</propertyRequired>
                <propertyHidden>false</propertyHidden>
                <annotation type="com.lombardisoftware.core.xml.XMLFieldAnnotation" version="2.0">
                    <exclude isNull="true" />
                    <nodeType>1</nodeType>
                    <name isNull="true" />
                    <namespace isNull="true" />
                    <typeName>industryType</typeName>
                    <typeNamespace>http://www.ibm.com/xmlns/prod/bpm/bpmn/ext/externalservice/swagger/xsd/357618c7-2d68-4d57-b757-34e46a031c14.xsd</typeNamespace>
                    <minOccurs>0</minOccurs>
                    <maxOccurs>1</maxOccurs>
                    <nillable>false</nillable>
                    <order>2</order>
                    <wrapArray isNull="true" />
                    <arrayTypeName isNull="true" />
                    <arrayTypeAnonymous isNull="true" />
                    <arrayItemName isNull="true" />
                    <arrayItemWildcard isNull="true" />
                    <wildcard isNull="true" />
                    <wildcardVariety isNull="true" />
                    <wildcardMode isNull="true" />
                    <wildcardNamespace isNull="true" />
                    <parentModelGroupCompositor isNull="true" />
                    <timeZone isNull="true" />
                </annotation>
            </property>
            <annotation type="com.lombardisoftware.core.xml.XMLTypeAnnotation" version="2.0">
                <exclude isNull="true" />
                <anonymous isNull="true" />
                <local isNull="true" />
                <name>scoreboardRequest</name>
                <namespace>http://www.ibm.com/xmlns/prod/bpm/bpmn/ext/externalservice/swagger/xsd/357618c7-2d68-4d57-b757-34e46a031c14.xsd</namespace>
                <elementName isNull="true" />
                <elementNamespace isNull="true" />
                <protoTypeName isNull="true" />
                <baseTypeName isNull="true" />
                <specialType isNull="true" />
                <contentTypeVariety isNull="true" />
                <xscRef isNull="true" />
            </annotation>
        </definition>
    </twClass>
</teamworks>

