<?xml version="1.0" encoding="UTF-8"?>
<teamworks>
    <twClass id="12.20b87e3a-0a23-4c2e-9c0f-d8249ed543e4" name="Msg_2129343837_20b87e3a_0a23_4c2e_9c0f_d8249ed543e4">
        <lastModified>1621395063017</lastModified>
        <lastModifiedBy>cp4badmin</lastModifiedBy>
        <tenantId isNull="true" />
        <classId>12.20b87e3a-0a23-4c2e-9c0f-d8249ed543e4</classId>
        <type>1</type>
        <isSystem>false</isSystem>
        <shared>false</shared>
        <isShadow>false</isShadow>
        <globalLifetime>false</globalLifetime>
        <internalName isNull="true" />
        <extensionType>2</extensionType>
        <saveServiceRef isNull="true" />
        <bpmn2Data>&lt;ns14:definitions xmlns:ns14="http://www.omg.org/spec/BPMN/20100524/MODEL" xmlns:ns2="http://www.ibm.com/xmlns/prod/bpm/bpmn/ext/process" xmlns:ns3="http://www.ibm.com/xmlns/prod/bpm/bpmn/ext/process/wle" xmlns:ns4="http://www.ibm.com/xmlns/prod/bpm/bpmn/ext/process/case" xmlns:ns5="http://www.ibm.com/bpm/Extensions" xmlns:ns6="http://www.ibm.com/xmlns/prod/bpm/uca" xmlns:ns7="http://www.ibm.com/xmlns/prod/bpm/bpmn/ext/team" xmlns:ns8="http://www.ibm.com/xmlns/prod/bpm/bpmn/ext/trackinggroup" xmlns:ns9="http://www.ibm.com/xmlns/bpmnx/20100524/v1/BusinessVocabulary" xmlns:ns10="http://www.omg.org/spec/DD/20100524/DI" xmlns:ns11="http://www.omg.org/spec/DD/20100524/DC" xmlns:ns12="http://www.omg.org/spec/BPMN/20100524/BPMNDI" xmlns:ns13="http://www.ibm.com/xmlns/prod/bpm/graph" xmlns:ns15="http://www.ibm.com/xmlns/prod/bpm/bpmn/ext/extservice" xmlns:ns16="http://www.ibm.com/bpm/processappsettings" xmlns:ns17="http://www.ibm.com/xmlns/prod/bpm/bpmn/ext/process/auth" xmlns:ns18="http://www.ibm.com/xmlns/links" xmlns:ns19="http://www.ibm.com/bpm/uitheme" xmlns:ns20="http://www.ibm.com/xmlns/tagging" id="_e0125b5f-1707-4334-8bbb-1dc0b752beb1" targetNamespace="http://www.ibm.com/xmlns/prod/bpm/bpmn/ext/externalservice/swagger/d1227934-2d3f-4369-878e-f69a9efb22fcService"&gt;&lt;ns14:message name="Msg_2129343837_20b87e3a_0a23_4c2e_9c0f_d8249ed543e4" itemRef="itm.12.d9754117-e4a9-40c2-b10f-8f6b7f794291" id="_1e70c0a7-47d4-4068-8744-e07fe388a8d4"&gt;&lt;ns14:extensionElements&gt;&lt;ns2:itemRefPO&gt;12.d9754117-e4a9-40c2-b10f-8f6b7f794291&lt;/ns2:itemRefPO&gt;&lt;/ns14:extensionElements&gt;&lt;/ns14:message&gt;&lt;/ns14:definitions&gt;
</bpmn2Data>
        <externalId>{http://www.ibm.com/xmlns/prod/bpm/bpmn/ext/externalservice/swagger/d1227934-2d3f-4369-878e-f69a9efb22fcService}APItoEmail.createResponseMsg</externalId>
        <dependencySummary>&lt;dependencySummary id="bpdid:2d0fd1086c65a2b6:5248608a:1797ac16c0c:-7ee9"&gt;
  &lt;artifactReference id="bpdid:2d0fd1086c65a2b6:5248608a:1797ac16c0c:-7ee8"&gt;
    &lt;refId&gt;/6023.1509c4f1-86c3-4cfa-821a-b8ad9122cdf4&lt;/refId&gt;
    &lt;refType&gt;1&lt;/refType&gt;
    &lt;nameValuePair id="bpdid:2d0fd1086c65a2b6:5248608a:1797ac16c0c:-7ee7"&gt;
      &lt;name&gt;externalId&lt;/name&gt;
      &lt;value&gt;http://www.ibm.com/xmlns/prod/bpm/bpmn/ext/externalservice/swagger/d1227934-2d3f-4369-878e-f69a9efb22fcService&lt;/value&gt;
    &lt;/nameValuePair&gt;
    &lt;nameValuePair id="bpdid:2d0fd1086c65a2b6:5248608a:1797ac16c0c:-7ee6"&gt;
      &lt;name&gt;mimeType&lt;/name&gt;
      &lt;value&gt;swagger&lt;/value&gt;
    &lt;/nameValuePair&gt;
  &lt;/artifactReference&gt;
  &lt;artifactReference id="bpdid:2d0fd1086c65a2b6:5248608a:1797ac16c0c:-7ee5"&gt;
    &lt;refId&gt;/12.d9754117-e4a9-40c2-b10f-8f6b7f794291&lt;/refId&gt;
    &lt;refType&gt;1&lt;/refType&gt;
    &lt;nameValuePair id="bpdid:2d0fd1086c65a2b6:5248608a:1797ac16c0c:-7ee4"&gt;
      &lt;name&gt;externalId&lt;/name&gt;
      &lt;value&gt;itm.12.d9754117-e4a9-40c2-b10f-8f6b7f794291&lt;/value&gt;
    &lt;/nameValuePair&gt;
    &lt;nameValuePair id="bpdid:2d0fd1086c65a2b6:5248608a:1797ac16c0c:-7ee3"&gt;
      &lt;name&gt;mimeType&lt;/name&gt;
      &lt;value&gt;item&lt;/value&gt;
    &lt;/nameValuePair&gt;
  &lt;/artifactReference&gt;
&lt;/dependencySummary&gt;</dependencySummary>
        <jsonData>{"rootElement":[{"itemRef":"itm.12.d9754117-e4a9-40c2-b10f-8f6b7f794291","extensionElements":{"itemRefPO":["12.d9754117-e4a9-40c2-b10f-8f6b7f794291"]},"name":"Msg_2129343837_20b87e3a_0a23_4c2e_9c0f_d8249ed543e4","declaredType":"message","id":"_1e70c0a7-47d4-4068-8744-e07fe388a8d4"}],"targetNamespace":"http:\/\/www.ibm.com\/xmlns\/prod\/bpm\/bpmn\/ext\/externalservice\/swagger\/d1227934-2d3f-4369-878e-f69a9efb22fcService","typeLanguage":"http:\/\/www.w3.org\/2001\/XMLSchema","expressionLanguage":"http:\/\/www.w3.org\/1999\/XPath","id":"_e0125b5f-1707-4334-8bbb-1dc0b752beb1"}</jsonData>
        <dataName isNull="true" />
        <description isNull="true" />
        <guid>guid:2d0fd1086c65a2b6:5248608a:1797ac16c0c:-7f0a</guid>
        <versionId>7f10b95a-bdd4-4285-9eae-0cdd7b1bbf59</versionId>
        <definition isNull="true" />
    </twClass>
</teamworks>

