<?xml version="1.0" encoding="UTF-8"?>
<teamworks>
    <twClass id="12.30bfbaeb-b94d-4a71-ab7d-1faac010e1e5" name="Scoreboard">
        <lastModified>1663710976300</lastModified>
        <lastModifiedBy>cp4badmin</lastModifiedBy>
        <tenantId isNull="true" />
        <classId>12.30bfbaeb-b94d-4a71-ab7d-1faac010e1e5</classId>
        <type>1</type>
        <isSystem>false</isSystem>
        <shared>false</shared>
        <isShadow>true</isShadow>
        <globalLifetime>false</globalLifetime>
        <internalName isNull="true" />
        <extensionType isNull="true" />
        <saveServiceRef isNull="true" />
        <bpmn2Data isNull="true" />
        <externalId>itm.12.30bfbaeb-b94d-4a71-ab7d-1faac010e1e5</externalId>
        <dependencySummary>&lt;dependencySummary id="bpdid:94241093b8c98370:-10e45d6f:1835c620847:-7fbb"&gt;
  &lt;artifactReference id="bpdid:94241093b8c98370:-10e45d6f:1835c620847:-7fba"&gt;
    &lt;refId&gt;/6023.107327ff-0ac9-4168-bab6-06ad2fc03c4b&lt;/refId&gt;
    &lt;refType&gt;1&lt;/refType&gt;
    &lt;nameValuePair id="bpdid:94241093b8c98370:-10e45d6f:1835c620847:-7fb9"&gt;
      &lt;name&gt;externalId&lt;/name&gt;
      &lt;value&gt;http://www.ibm.com/xmlns/prod/bpm/bpmn/ext/externalservice/swagger/xsd/357618c7-2d68-4d57-b757-34e46a031c14.xsd&lt;/value&gt;
    &lt;/nameValuePair&gt;
    &lt;nameValuePair id="bpdid:94241093b8c98370:-10e45d6f:1835c620847:-7fb8"&gt;
      &lt;name&gt;mimeType&lt;/name&gt;
      &lt;value&gt;xsd&lt;/value&gt;
    &lt;/nameValuePair&gt;
  &lt;/artifactReference&gt;
&lt;/dependencySummary&gt;</dependencySummary>
        <jsonData>{"attributeFormDefault":"unqualified","elementFormDefault":"unqualified","targetNamespace":"http:\/\/www.ibm.com\/xmlns\/prod\/bpm\/bpmn\/ext\/externalservice\/swagger\/xsd\/357618c7-2d68-4d57-b757-34e46a031c14.xsd","complexType":[{"annotation":{"documentation":[{}],"appinfo":[{"shared":[false],"advancedProperties":[{"namespace":"http:\/\/www.ibm.com\/xmlns\/prod\/bpm\/bpmn\/ext\/externalservice\/swagger\/xsd\/357618c7-2d68-4d57-b757-34e46a031c14.xsd","typeName":"Scoreboard"}],"shadow":[true]}]},"sequence":{"element":[{"annotation":{"documentation":[{}],"appinfo":[{"propertyName":["confidence"],"propertyRequired":[false],"propertyHidden":[false],"advancedParameterProperties":[{"typeNamespace":"http:\/\/www.w3.org\/2001\/XMLSchema","_minOccurs":0,"typeName":"double","_nillable":false,"nodeType":1,"_maxOccurs":1,"order":1}]}]},"name":"confidence","type":"{http:\/\/lombardi.ibm.com\/schema\/}Decimal","otherAttributes":{"{http:\/\/www.ibm.com\/bpmsdk}refid":"12.536b2aa5-a30f-4eca-87fa-3a28066753ee"}},{"annotation":{"documentation":[{}],"appinfo":[{"propertyName":["highRisk"],"propertyRequired":[false],"propertyHidden":[false],"advancedParameterProperties":[{"typeNamespace":"http:\/\/www.w3.org\/2001\/XMLSchema","_minOccurs":0,"typeName":"boolean","_nillable":false,"nodeType":1,"_maxOccurs":1,"order":2}]}]},"name":"highRisk","type":"{http:\/\/lombardi.ibm.com\/schema\/}Boolean","otherAttributes":{"{http:\/\/www.ibm.com\/bpmsdk}refid":"12.83ff975e-8dbc-42e5-b738-fa8bc08274a2"}},{"annotation":{"documentation":[{}],"appinfo":[{"propertyName":["segment"],"propertyRequired":[false],"propertyHidden":[false],"advancedParameterProperties":[{"typeNamespace":"http:\/\/www.w3.org\/2001\/XMLSchema","_minOccurs":0,"typeName":"string","_nillable":false,"nodeType":1,"_maxOccurs":1,"order":3}]}]},"name":"segment","type":"{http:\/\/lombardi.ibm.com\/schema\/}String","otherAttributes":{"{http:\/\/www.ibm.com\/bpmsdk}refid":"12.db884a3c-c533-44b7-bb2d-47bec8ad4022"}}]},"name":"Scoreboard"}],"id":"_12.30bfbaeb-b94d-4a71-ab7d-1faac010e1e5"}</jsonData>
        <dataName isNull="true" />
        <description isNull="true" />
        <guid>guid:94241093b8c98370:-10e45d6f:1835c620847:-7fe1</guid>
        <versionId>e2d5d51e-a44e-465a-bc4b-9771cdb30f05</versionId>
        <definition>
            <property>
                <name>confidence</name>
                <description isNull="true" />
                <classRef>16fb4758-7b99-4167-8850-990ad48b4e07/12.536b2aa5-a30f-4eca-87fa-3a28066753ee</classRef>
                <arrayProperty>false</arrayProperty>
                <propertyDefault isNull="true" />
                <propertyRequired>false</propertyRequired>
                <propertyHidden>false</propertyHidden>
                <annotation type="com.lombardisoftware.core.xml.XMLFieldAnnotation" version="2.0">
                    <exclude isNull="true" />
                    <nodeType>1</nodeType>
                    <name isNull="true" />
                    <namespace isNull="true" />
                    <typeName>double</typeName>
                    <typeNamespace>http://www.w3.org/2001/XMLSchema</typeNamespace>
                    <minOccurs>0</minOccurs>
                    <maxOccurs>1</maxOccurs>
                    <nillable>false</nillable>
                    <order>1</order>
                    <wrapArray isNull="true" />
                    <arrayTypeName isNull="true" />
                    <arrayTypeAnonymous isNull="true" />
                    <arrayItemName isNull="true" />
                    <arrayItemWildcard isNull="true" />
                    <wildcard isNull="true" />
                    <wildcardVariety isNull="true" />
                    <wildcardMode isNull="true" />
                    <wildcardNamespace isNull="true" />
                    <parentModelGroupCompositor isNull="true" />
                    <timeZone isNull="true" />
                </annotation>
            </property>
            <property>
                <name>highRisk</name>
                <description isNull="true" />
                <classRef>16fb4758-7b99-4167-8850-990ad48b4e07/12.83ff975e-8dbc-42e5-b738-fa8bc08274a2</classRef>
                <arrayProperty>false</arrayProperty>
                <propertyDefault isNull="true" />
                <propertyRequired>false</propertyRequired>
                <propertyHidden>false</propertyHidden>
                <annotation type="com.lombardisoftware.core.xml.XMLFieldAnnotation" version="2.0">
                    <exclude isNull="true" />
                    <nodeType>1</nodeType>
                    <name isNull="true" />
                    <namespace isNull="true" />
                    <typeName>boolean</typeName>
                    <typeNamespace>http://www.w3.org/2001/XMLSchema</typeNamespace>
                    <minOccurs>0</minOccurs>
                    <maxOccurs>1</maxOccurs>
                    <nillable>false</nillable>
                    <order>2</order>
                    <wrapArray isNull="true" />
                    <arrayTypeName isNull="true" />
                    <arrayTypeAnonymous isNull="true" />
                    <arrayItemName isNull="true" />
                    <arrayItemWildcard isNull="true" />
                    <wildcard isNull="true" />
                    <wildcardVariety isNull="true" />
                    <wildcardMode isNull="true" />
                    <wildcardNamespace isNull="true" />
                    <parentModelGroupCompositor isNull="true" />
                    <timeZone isNull="true" />
                </annotation>
            </property>
            <property>
                <name>segment</name>
                <description isNull="true" />
                <classRef>16fb4758-7b99-4167-8850-990ad48b4e07/12.db884a3c-c533-44b7-bb2d-47bec8ad4022</classRef>
                <arrayProperty>false</arrayProperty>
                <propertyDefault isNull="true" />
                <propertyRequired>false</propertyRequired>
                <propertyHidden>false</propertyHidden>
                <annotation type="com.lombardisoftware.core.xml.XMLFieldAnnotation" version="2.0">
                    <exclude isNull="true" />
                    <nodeType>1</nodeType>
                    <name isNull="true" />
                    <namespace isNull="true" />
                    <typeName>string</typeName>
                    <typeNamespace>http://www.w3.org/2001/XMLSchema</typeNamespace>
                    <minOccurs>0</minOccurs>
                    <maxOccurs>1</maxOccurs>
                    <nillable>false</nillable>
                    <order>3</order>
                    <wrapArray isNull="true" />
                    <arrayTypeName isNull="true" />
                    <arrayTypeAnonymous isNull="true" />
                    <arrayItemName isNull="true" />
                    <arrayItemWildcard isNull="true" />
                    <wildcard isNull="true" />
                    <wildcardVariety isNull="true" />
                    <wildcardMode isNull="true" />
                    <wildcardNamespace isNull="true" />
                    <parentModelGroupCompositor isNull="true" />
                    <timeZone isNull="true" />
                </annotation>
            </property>
            <validator>
                <className isNull="true" />
                <errorMessage isNull="true" />
                <webWidgetJavaClass isNull="true" />
                <externalType isNull="true" />
                <configData>
                    <schema>
                        <simpleType name="Scoreboard">
                            <restriction base="String" />
                        </simpleType>
                    </schema>
                </configData>
            </validator>
            <annotation type="com.lombardisoftware.core.xml.XMLTypeAnnotation" version="2.0">
                <exclude isNull="true" />
                <anonymous isNull="true" />
                <local isNull="true" />
                <name>Scoreboard</name>
                <namespace>http://www.ibm.com/xmlns/prod/bpm/bpmn/ext/externalservice/swagger/xsd/357618c7-2d68-4d57-b757-34e46a031c14.xsd</namespace>
                <elementName isNull="true" />
                <elementNamespace isNull="true" />
                <protoTypeName isNull="true" />
                <baseTypeName isNull="true" />
                <specialType isNull="true" />
                <contentTypeVariety isNull="true" />
                <xscRef isNull="true" />
            </annotation>
        </definition>
    </twClass>
</teamworks>

