<?xml version="1.0" encoding="UTF-8"?>
<teamworks>
    <twClass id="12.455dfa7b-9407-4ce3-b6ab-b92d05f08aa7" name="BotInput">
        <lastModified>1618536855898</lastModified>
        <lastModifiedBy>cp4badmin</lastModifiedBy>
        <tenantId isNull="true" />
        <classId>12.455dfa7b-9407-4ce3-b6ab-b92d05f08aa7</classId>
        <type>1</type>
        <isSystem>false</isSystem>
        <shared>false</shared>
        <isShadow>true</isShadow>
        <globalLifetime>false</globalLifetime>
        <internalName isNull="true" />
        <extensionType isNull="true" />
        <saveServiceRef isNull="true" />
        <bpmn2Data isNull="true" />
        <externalId>itm.12.455dfa7b-9407-4ce3-b6ab-b92d05f08aa7</externalId>
        <dependencySummary>&lt;dependencySummary id="bpdid:d322d3fb2f764748:-1b03ae50:178d769ba48:-7fe4"&gt;
  &lt;artifactReference id="bpdid:d322d3fb2f764748:-1b03ae50:178d769ba48:-7fe3"&gt;
    &lt;refId&gt;/6023.785ae71f-385b-4047-8dc5-3c0a28671ab3&lt;/refId&gt;
    &lt;refType&gt;1&lt;/refType&gt;
    &lt;nameValuePair id="bpdid:d322d3fb2f764748:-1b03ae50:178d769ba48:-7fe2"&gt;
      &lt;name&gt;externalId&lt;/name&gt;
      &lt;value&gt;http://www.ibm.com/xmlns/prod/bpm/bpmn/ext/externalservice/swagger/xsd/8b987aff-9b83-4b34-a1e8-7a3a8f88c828.xsd&lt;/value&gt;
    &lt;/nameValuePair&gt;
    &lt;nameValuePair id="bpdid:d322d3fb2f764748:-1b03ae50:178d769ba48:-7fe1"&gt;
      &lt;name&gt;mimeType&lt;/name&gt;
      &lt;value&gt;xsd&lt;/value&gt;
    &lt;/nameValuePair&gt;
  &lt;/artifactReference&gt;
&lt;/dependencySummary&gt;</dependencySummary>
        <jsonData>{"attributeFormDefault":"unqualified","elementFormDefault":"unqualified","targetNamespace":"http:\/\/www.ibm.com\/xmlns\/prod\/bpm\/bpmn\/ext\/externalservice\/swagger\/xsd\/8b987aff-9b83-4b34-a1e8-7a3a8f88c828.xsd","complexType":[{"annotation":{"documentation":[{}],"appinfo":[{"shared":[false],"advancedProperties":[{"namespace":"http:\/\/www.ibm.com\/xmlns\/prod\/bpm\/bpmn\/ext\/externalservice\/swagger\/xsd\/8b987aff-9b83-4b34-a1e8-7a3a8f88c828.xsd","typeName":"BotInput"}],"shadow":[true]}]},"sequence":{"element":[{"annotation":{"documentation":[{"content":["client information data passing to bot in json format"]}],"appinfo":[{"propertyName":["onboardingInfo"],"propertyRequired":[false],"propertyHidden":[false],"advancedParameterProperties":[{"typeNamespace":"http:\/\/www.w3.org\/2001\/XMLSchema","_minOccurs":1,"typeName":"string","_nillable":false,"nodeType":1,"_maxOccurs":1,"order":1}]}]},"name":"onboardingInfo","type":"String","otherAttributes":{"{http:\/\/www.ibm.com\/bpmsdk}refid":"12.db884a3c-c533-44b7-bb2d-47bec8ad4022"}}]},"name":"BotInput"}],"id":"_12.455dfa7b-9407-4ce3-b6ab-b92d05f08aa7"}</jsonData>
        <dataName isNull="true" />
        <description isNull="true" />
        <guid>guid:d322d3fb2f764748:-1b03ae50:178d769ba48:-7ffa</guid>
        <versionId>5e064bcd-2bec-4041-9572-1ca7c2b35dd3</versionId>
        <definition>
            <property>
                <name>onboardingInfo</name>
                <description>client information data passing to bot in json format</description>
                <classRef>16fb4758-7b99-4167-8850-990ad48b4e07/12.db884a3c-c533-44b7-bb2d-47bec8ad4022</classRef>
                <arrayProperty>false</arrayProperty>
                <propertyDefault isNull="true" />
                <propertyRequired>false</propertyRequired>
                <propertyHidden>false</propertyHidden>
                <annotation type="com.lombardisoftware.core.xml.XMLFieldAnnotation" version="2.0">
                    <exclude isNull="true" />
                    <nodeType>1</nodeType>
                    <name isNull="true" />
                    <namespace isNull="true" />
                    <typeName>string</typeName>
                    <typeNamespace>http://www.w3.org/2001/XMLSchema</typeNamespace>
                    <minOccurs>1</minOccurs>
                    <maxOccurs>1</maxOccurs>
                    <nillable>false</nillable>
                    <order>1</order>
                    <wrapArray isNull="true" />
                    <arrayTypeName isNull="true" />
                    <arrayTypeAnonymous isNull="true" />
                    <arrayItemName isNull="true" />
                    <arrayItemWildcard isNull="true" />
                    <wildcard isNull="true" />
                    <wildcardVariety isNull="true" />
                    <wildcardMode isNull="true" />
                    <wildcardNamespace isNull="true" />
                    <parentModelGroupCompositor isNull="true" />
                    <timeZone isNull="true" />
                </annotation>
            </property>
            <validator>
                <className isNull="true" />
                <errorMessage isNull="true" />
                <webWidgetJavaClass isNull="true" />
                <externalType isNull="true" />
                <configData>
                    <schema>
                        <simpleType name="BotInput">
                            <restriction base="String" />
                        </simpleType>
                    </schema>
                </configData>
            </validator>
            <annotation type="com.lombardisoftware.core.xml.XMLTypeAnnotation" version="2.0">
                <exclude isNull="true" />
                <anonymous isNull="true" />
                <local isNull="true" />
                <name>BotInput</name>
                <namespace>http://www.ibm.com/xmlns/prod/bpm/bpmn/ext/externalservice/swagger/xsd/8b987aff-9b83-4b34-a1e8-7a3a8f88c828.xsd</namespace>
                <elementName isNull="true" />
                <elementNamespace isNull="true" />
                <protoTypeName isNull="true" />
                <baseTypeName isNull="true" />
                <specialType isNull="true" />
                <contentTypeVariety isNull="true" />
                <xscRef isNull="true" />
            </annotation>
        </definition>
    </twClass>
</teamworks>

