<?xml version="1.0" encoding="UTF-8"?>
<teamworks>
    <twClass id="12.a8dafb53-b029-4af6-a53f-b7b454ecbb4f" name="APItoEmail">
        <lastModified>1621395062980</lastModified>
        <lastModifiedBy>cp4badmin</lastModifiedBy>
        <tenantId isNull="true" />
        <classId>12.a8dafb53-b029-4af6-a53f-b7b454ecbb4f</classId>
        <type>1</type>
        <isSystem>false</isSystem>
        <shared>false</shared>
        <isShadow>true</isShadow>
        <globalLifetime>false</globalLifetime>
        <internalName isNull="true" />
        <extensionType isNull="true" />
        <saveServiceRef isNull="true" />
        <bpmn2Data isNull="true" />
        <externalId>itm.12.a8dafb53-b029-4af6-a53f-b7b454ecbb4f</externalId>
        <dependencySummary>&lt;dependencySummary id="bpdid:2d0fd1086c65a2b6:5248608a:1797ac16c0c:-7ef8"&gt;
  &lt;artifactReference id="bpdid:2d0fd1086c65a2b6:5248608a:1797ac16c0c:-7ef7"&gt;
    &lt;refId&gt;/6023.999931d8-1070-49da-9187-69a4fc87e5e9&lt;/refId&gt;
    &lt;refType&gt;1&lt;/refType&gt;
    &lt;nameValuePair id="bpdid:2d0fd1086c65a2b6:5248608a:1797ac16c0c:-7ef6"&gt;
      &lt;name&gt;externalId&lt;/name&gt;
      &lt;value&gt;http://www.ibm.com/xmlns/prod/bpm/bpmn/ext/externalservice/swagger/xsd/d1227934-2d3f-4369-878e-f69a9efb22fc.xsd&lt;/value&gt;
    &lt;/nameValuePair&gt;
    &lt;nameValuePair id="bpdid:2d0fd1086c65a2b6:5248608a:1797ac16c0c:-7ef5"&gt;
      &lt;name&gt;mimeType&lt;/name&gt;
      &lt;value&gt;xsd&lt;/value&gt;
    &lt;/nameValuePair&gt;
  &lt;/artifactReference&gt;
&lt;/dependencySummary&gt;</dependencySummary>
        <jsonData>{"attributeFormDefault":"unqualified","elementFormDefault":"unqualified","targetNamespace":"http:\/\/www.ibm.com\/xmlns\/prod\/bpm\/bpmn\/ext\/externalservice\/swagger\/xsd\/d1227934-2d3f-4369-878e-f69a9efb22fc.xsd","complexType":[{"annotation":{"documentation":[{}],"appinfo":[{"shared":[false],"advancedProperties":[{"namespace":"http:\/\/www.ibm.com\/xmlns\/prod\/bpm\/bpmn\/ext\/externalservice\/swagger\/xsd\/d1227934-2d3f-4369-878e-f69a9efb22fc.xsd","typeName":"APItoEmail"}],"shadow":[true]}]},"sequence":{"element":[{"annotation":{"documentation":[{}],"appinfo":[{"propertyName":["recipient"],"propertyRequired":[false],"propertyHidden":[false],"advancedParameterProperties":[{"typeNamespace":"http:\/\/www.w3.org\/2001\/XMLSchema","_minOccurs":0,"typeName":"string","_nillable":false,"nodeType":1,"_maxOccurs":1,"order":1}]}]},"name":"recipient","type":"String","otherAttributes":{"{http:\/\/www.ibm.com\/bpmsdk}refid":"12.db884a3c-c533-44b7-bb2d-47bec8ad4022"}},{"annotation":{"documentation":[{}],"appinfo":[{"propertyName":["subject"],"propertyRequired":[false],"propertyHidden":[false],"advancedParameterProperties":[{"typeNamespace":"http:\/\/www.w3.org\/2001\/XMLSchema","_minOccurs":0,"typeName":"string","_nillable":false,"nodeType":1,"_maxOccurs":1,"order":2}]}]},"name":"subject","type":"String","otherAttributes":{"{http:\/\/www.ibm.com\/bpmsdk}refid":"12.db884a3c-c533-44b7-bb2d-47bec8ad4022"}},{"annotation":{"documentation":[{}],"appinfo":[{"propertyName":["message"],"propertyRequired":[false],"propertyHidden":[false],"advancedParameterProperties":[{"typeNamespace":"http:\/\/www.w3.org\/2001\/XMLSchema","_minOccurs":0,"typeName":"string","_nillable":false,"nodeType":1,"_maxOccurs":1,"order":3}]}]},"name":"message","type":"String","otherAttributes":{"{http:\/\/www.ibm.com\/bpmsdk}refid":"12.db884a3c-c533-44b7-bb2d-47bec8ad4022"}},{"annotation":{"documentation":[{}],"appinfo":[{"propertyName":["response"],"propertyRequired":[false],"propertyHidden":[false],"advancedParameterProperties":[{"typeNamespace":"http:\/\/www.w3.org\/2001\/XMLSchema","_minOccurs":0,"typeName":"string","_nillable":false,"nodeType":1,"_maxOccurs":1,"order":4}]}]},"name":"response","type":"String","otherAttributes":{"{http:\/\/www.ibm.com\/bpmsdk}refid":"12.db884a3c-c533-44b7-bb2d-47bec8ad4022"}}]},"name":"APItoEmail"}],"id":"_12.a8dafb53-b029-4af6-a53f-b7b454ecbb4f"}</jsonData>
        <dataName isNull="true" />
        <description isNull="true" />
        <guid>guid:2d0fd1086c65a2b6:5248608a:1797ac16c0c:-7f0d</guid>
        <versionId>506230f7-a102-4434-b156-ffe0d6c39fb5</versionId>
        <definition>
            <property>
                <name>recipient</name>
                <description isNull="true" />
                <classRef>16fb4758-7b99-4167-8850-990ad48b4e07/12.db884a3c-c533-44b7-bb2d-47bec8ad4022</classRef>
                <arrayProperty>false</arrayProperty>
                <propertyDefault isNull="true" />
                <propertyRequired>false</propertyRequired>
                <propertyHidden>false</propertyHidden>
                <annotation type="com.lombardisoftware.core.xml.XMLFieldAnnotation" version="2.0">
                    <exclude isNull="true" />
                    <nodeType>1</nodeType>
                    <name isNull="true" />
                    <namespace isNull="true" />
                    <typeName>string</typeName>
                    <typeNamespace>http://www.w3.org/2001/XMLSchema</typeNamespace>
                    <minOccurs>0</minOccurs>
                    <maxOccurs>1</maxOccurs>
                    <nillable>false</nillable>
                    <order>1</order>
                    <wrapArray isNull="true" />
                    <arrayTypeName isNull="true" />
                    <arrayTypeAnonymous isNull="true" />
                    <arrayItemName isNull="true" />
                    <arrayItemWildcard isNull="true" />
                    <wildcard isNull="true" />
                    <wildcardVariety isNull="true" />
                    <wildcardMode isNull="true" />
                    <wildcardNamespace isNull="true" />
                    <parentModelGroupCompositor isNull="true" />
                    <timeZone isNull="true" />
                </annotation>
            </property>
            <property>
                <name>subject</name>
                <description isNull="true" />
                <classRef>16fb4758-7b99-4167-8850-990ad48b4e07/12.db884a3c-c533-44b7-bb2d-47bec8ad4022</classRef>
                <arrayProperty>false</arrayProperty>
                <propertyDefault isNull="true" />
                <propertyRequired>false</propertyRequired>
                <propertyHidden>false</propertyHidden>
                <annotation type="com.lombardisoftware.core.xml.XMLFieldAnnotation" version="2.0">
                    <exclude isNull="true" />
                    <nodeType>1</nodeType>
                    <name isNull="true" />
                    <namespace isNull="true" />
                    <typeName>string</typeName>
                    <typeNamespace>http://www.w3.org/2001/XMLSchema</typeNamespace>
                    <minOccurs>0</minOccurs>
                    <maxOccurs>1</maxOccurs>
                    <nillable>false</nillable>
                    <order>2</order>
                    <wrapArray isNull="true" />
                    <arrayTypeName isNull="true" />
                    <arrayTypeAnonymous isNull="true" />
                    <arrayItemName isNull="true" />
                    <arrayItemWildcard isNull="true" />
                    <wildcard isNull="true" />
                    <wildcardVariety isNull="true" />
                    <wildcardMode isNull="true" />
                    <wildcardNamespace isNull="true" />
                    <parentModelGroupCompositor isNull="true" />
                    <timeZone isNull="true" />
                </annotation>
            </property>
            <property>
                <name>message</name>
                <description isNull="true" />
                <classRef>16fb4758-7b99-4167-8850-990ad48b4e07/12.db884a3c-c533-44b7-bb2d-47bec8ad4022</classRef>
                <arrayProperty>false</arrayProperty>
                <propertyDefault isNull="true" />
                <propertyRequired>false</propertyRequired>
                <propertyHidden>false</propertyHidden>
                <annotation type="com.lombardisoftware.core.xml.XMLFieldAnnotation" version="2.0">
                    <exclude isNull="true" />
                    <nodeType>1</nodeType>
                    <name isNull="true" />
                    <namespace isNull="true" />
                    <typeName>string</typeName>
                    <typeNamespace>http://www.w3.org/2001/XMLSchema</typeNamespace>
                    <minOccurs>0</minOccurs>
                    <maxOccurs>1</maxOccurs>
                    <nillable>false</nillable>
                    <order>3</order>
                    <wrapArray isNull="true" />
                    <arrayTypeName isNull="true" />
                    <arrayTypeAnonymous isNull="true" />
                    <arrayItemName isNull="true" />
                    <arrayItemWildcard isNull="true" />
                    <wildcard isNull="true" />
                    <wildcardVariety isNull="true" />
                    <wildcardMode isNull="true" />
                    <wildcardNamespace isNull="true" />
                    <parentModelGroupCompositor isNull="true" />
                    <timeZone isNull="true" />
                </annotation>
            </property>
            <property>
                <name>response</name>
                <description isNull="true" />
                <classRef>16fb4758-7b99-4167-8850-990ad48b4e07/12.db884a3c-c533-44b7-bb2d-47bec8ad4022</classRef>
                <arrayProperty>false</arrayProperty>
                <propertyDefault isNull="true" />
                <propertyRequired>false</propertyRequired>
                <propertyHidden>false</propertyHidden>
                <annotation type="com.lombardisoftware.core.xml.XMLFieldAnnotation" version="2.0">
                    <exclude isNull="true" />
                    <nodeType>1</nodeType>
                    <name isNull="true" />
                    <namespace isNull="true" />
                    <typeName>string</typeName>
                    <typeNamespace>http://www.w3.org/2001/XMLSchema</typeNamespace>
                    <minOccurs>0</minOccurs>
                    <maxOccurs>1</maxOccurs>
                    <nillable>false</nillable>
                    <order>4</order>
                    <wrapArray isNull="true" />
                    <arrayTypeName isNull="true" />
                    <arrayTypeAnonymous isNull="true" />
                    <arrayItemName isNull="true" />
                    <arrayItemWildcard isNull="true" />
                    <wildcard isNull="true" />
                    <wildcardVariety isNull="true" />
                    <wildcardMode isNull="true" />
                    <wildcardNamespace isNull="true" />
                    <parentModelGroupCompositor isNull="true" />
                    <timeZone isNull="true" />
                </annotation>
            </property>
            <validator>
                <className isNull="true" />
                <errorMessage isNull="true" />
                <webWidgetJavaClass isNull="true" />
                <externalType isNull="true" />
                <configData>
                    <schema>
                        <simpleType name="APItoEmail">
                            <restriction base="String" />
                        </simpleType>
                    </schema>
                </configData>
            </validator>
            <annotation type="com.lombardisoftware.core.xml.XMLTypeAnnotation" version="2.0">
                <exclude isNull="true" />
                <anonymous isNull="true" />
                <local isNull="true" />
                <name>APItoEmail</name>
                <namespace>http://www.ibm.com/xmlns/prod/bpm/bpmn/ext/externalservice/swagger/xsd/d1227934-2d3f-4369-878e-f69a9efb22fc.xsd</namespace>
                <elementName isNull="true" />
                <elementNamespace isNull="true" />
                <protoTypeName isNull="true" />
                <baseTypeName isNull="true" />
                <specialType isNull="true" />
                <contentTypeVariety isNull="true" />
                <xscRef isNull="true" />
            </annotation>
        </definition>
    </twClass>
</teamworks>

