<?xml version="1.0" encoding="UTF-8"?>
<teamworks>
    <twClass id="12.db52e477-791c-4752-a6b6-fc432d38b73a" name="ItmDef_863434729_db52e477_791c_4752_a6b6_fc432d38b73a">
        <lastModified>1618536855864</lastModified>
        <lastModifiedBy>cp4badmin</lastModifiedBy>
        <tenantId isNull="true" />
        <classId>12.db52e477-791c-4752-a6b6-fc432d38b73a</classId>
        <type>1</type>
        <isSystem>false</isSystem>
        <shared>false</shared>
        <isShadow>false</isShadow>
        <globalLifetime>false</globalLifetime>
        <internalName isNull="true" />
        <extensionType>3</extensionType>
        <saveServiceRef isNull="true" />
        <bpmn2Data isNull="true" />
        <externalId>itm.12.db52e477-791c-4752-a6b6-fc432d38b73a</externalId>
        <dependencySummary>&lt;dependencySummary id="bpdid:d322d3fb2f764748:-1b03ae50:178d769ba48:-7fe8"&gt;
  &lt;artifactReference id="bpdid:d322d3fb2f764748:-1b03ae50:178d769ba48:-7fe7"&gt;
    &lt;refId&gt;/6023.785ae71f-385b-4047-8dc5-3c0a28671ab3&lt;/refId&gt;
    &lt;refType&gt;1&lt;/refType&gt;
    &lt;nameValuePair id="bpdid:d322d3fb2f764748:-1b03ae50:178d769ba48:-7fe6"&gt;
      &lt;name&gt;externalId&lt;/name&gt;
      &lt;value&gt;http://www.ibm.com/xmlns/prod/bpm/bpmn/ext/externalservice/swagger/xsd/8b987aff-9b83-4b34-a1e8-7a3a8f88c828.xsd&lt;/value&gt;
    &lt;/nameValuePair&gt;
    &lt;nameValuePair id="bpdid:d322d3fb2f764748:-1b03ae50:178d769ba48:-7fe5"&gt;
      &lt;name&gt;mimeType&lt;/name&gt;
      &lt;value&gt;xsd&lt;/value&gt;
    &lt;/nameValuePair&gt;
  &lt;/artifactReference&gt;
&lt;/dependencySummary&gt;</dependencySummary>
        <jsonData>{"attributeFormDefault":"unqualified","elementFormDefault":"unqualified","targetNamespace":"http:\/\/www.ibm.com\/xmlns\/prod\/bpm\/bpmn\/ext\/externalservice\/swagger\/xsd\/8b987aff-9b83-4b34-a1e8-7a3a8f88c828.xsd","complexType":[{"annotation":{"documentation":[{}],"appinfo":[{"shared":[false],"advancedProperties":[{"namespace":"http:\/\/www.ibm.com\/xmlns\/prod\/bpm\/bpmn\/ext\/externalservice\/swagger\/xsd\/8b987aff-9b83-4b34-a1e8-7a3a8f88c828.xsd","typeName":"StartRPABotRequest"}],"shadow":[false]}]},"sequence":{"element":[{"annotation":{"documentation":[{"content":["xxxxx."]}],"appinfo":[{"propertyName":["scriptName"],"propertyRequired":[false],"propertyHidden":[false],"advancedParameterProperties":[{"typeNamespace":"http:\/\/www.w3.org\/2001\/XMLSchema","_minOccurs":1,"typeName":"string","_nillable":false,"nodeType":1,"_maxOccurs":1,"order":1}]}]},"name":"scriptName","type":"String","otherAttributes":{"{http:\/\/www.ibm.com\/bpmsdk}refid":"12.db884a3c-c533-44b7-bb2d-47bec8ad4022"}},{"annotation":{"documentation":[{"content":["xxxxx."]}],"appinfo":[{"propertyName":["unlockMachine"],"propertyRequired":[false],"propertyHidden":[false],"advancedParameterProperties":[{"typeNamespace":"http:\/\/www.w3.org\/2001\/XMLSchema","_minOccurs":1,"typeName":"boolean","_nillable":false,"nodeType":1,"_maxOccurs":1,"order":2}]}]},"name":"unlockMachine","type":"Boolean","otherAttributes":{"{http:\/\/www.ibm.com\/bpmsdk}refid":"12.83ff975e-8dbc-42e5-b738-fa8bc08274a2"}},{"annotation":{"documentation":[{"content":["xxxx"]}],"appinfo":[{"propertyName":["inputProperties"],"propertyRequired":[false],"propertyHidden":[false],"advancedParameterProperties":[{"typeNamespace":"http:\/\/www.ibm.com\/xmlns\/prod\/bpm\/bpmn\/ext\/externalservice\/swagger\/xsd\/8b987aff-9b83-4b34-a1e8-7a3a8f88c828.xsd","_minOccurs":1,"typeName":"BotInput","_nillable":false,"nodeType":1,"_maxOccurs":1,"order":3}]}]},"name":"inputProperties","type":"{http:\/\/COU}BrokenReference","otherAttributes":{"{http:\/\/www.ibm.com\/bpmsdk}refid":"12.455dfa7b-9407-4ce3-b6ab-b92d05f08aa7"}}]},"name":"ItmDef_863434729_db52e477_791c_4752_a6b6_fc432d38b73a"}],"id":"_12.db52e477-791c-4752-a6b6-fc432d38b73a"}</jsonData>
        <dataName isNull="true" />
        <description isNull="true" />
        <guid>guid:d322d3fb2f764748:-1b03ae50:178d769ba48:-7ffb</guid>
        <versionId>13b78a6c-d950-4317-b5f8-28f12d5981a2</versionId>
        <definition>
            <property>
                <name>scriptName</name>
                <description>xxxxx.</description>
                <classRef>16fb4758-7b99-4167-8850-990ad48b4e07/12.db884a3c-c533-44b7-bb2d-47bec8ad4022</classRef>
                <arrayProperty>false</arrayProperty>
                <propertyDefault isNull="true" />
                <propertyRequired>false</propertyRequired>
                <propertyHidden>false</propertyHidden>
                <annotation type="com.lombardisoftware.core.xml.XMLFieldAnnotation" version="2.0">
                    <exclude isNull="true" />
                    <nodeType>1</nodeType>
                    <name isNull="true" />
                    <namespace isNull="true" />
                    <typeName>string</typeName>
                    <typeNamespace>http://www.w3.org/2001/XMLSchema</typeNamespace>
                    <minOccurs>1</minOccurs>
                    <maxOccurs>1</maxOccurs>
                    <nillable>false</nillable>
                    <order>1</order>
                    <wrapArray isNull="true" />
                    <arrayTypeName isNull="true" />
                    <arrayTypeAnonymous isNull="true" />
                    <arrayItemName isNull="true" />
                    <arrayItemWildcard isNull="true" />
                    <wildcard isNull="true" />
                    <wildcardVariety isNull="true" />
                    <wildcardMode isNull="true" />
                    <wildcardNamespace isNull="true" />
                    <parentModelGroupCompositor isNull="true" />
                    <timeZone isNull="true" />
                </annotation>
            </property>
            <property>
                <name>unlockMachine</name>
                <description>xxxxx.</description>
                <classRef>16fb4758-7b99-4167-8850-990ad48b4e07/12.83ff975e-8dbc-42e5-b738-fa8bc08274a2</classRef>
                <arrayProperty>false</arrayProperty>
                <propertyDefault isNull="true" />
                <propertyRequired>false</propertyRequired>
                <propertyHidden>false</propertyHidden>
                <annotation type="com.lombardisoftware.core.xml.XMLFieldAnnotation" version="2.0">
                    <exclude isNull="true" />
                    <nodeType>1</nodeType>
                    <name isNull="true" />
                    <namespace isNull="true" />
                    <typeName>boolean</typeName>
                    <typeNamespace>http://www.w3.org/2001/XMLSchema</typeNamespace>
                    <minOccurs>1</minOccurs>
                    <maxOccurs>1</maxOccurs>
                    <nillable>false</nillable>
                    <order>2</order>
                    <wrapArray isNull="true" />
                    <arrayTypeName isNull="true" />
                    <arrayTypeAnonymous isNull="true" />
                    <arrayItemName isNull="true" />
                    <arrayItemWildcard isNull="true" />
                    <wildcard isNull="true" />
                    <wildcardVariety isNull="true" />
                    <wildcardMode isNull="true" />
                    <wildcardNamespace isNull="true" />
                    <parentModelGroupCompositor isNull="true" />
                    <timeZone isNull="true" />
                </annotation>
            </property>
            <property>
                <name>inputProperties</name>
                <description>xxxx</description>
                <classRef>/12.455dfa7b-9407-4ce3-b6ab-b92d05f08aa7</classRef>
                <arrayProperty>false</arrayProperty>
                <propertyDefault isNull="true" />
                <propertyRequired>false</propertyRequired>
                <propertyHidden>false</propertyHidden>
                <annotation type="com.lombardisoftware.core.xml.XMLFieldAnnotation" version="2.0">
                    <exclude isNull="true" />
                    <nodeType>1</nodeType>
                    <name isNull="true" />
                    <namespace isNull="true" />
                    <typeName>BotInput</typeName>
                    <typeNamespace>http://www.ibm.com/xmlns/prod/bpm/bpmn/ext/externalservice/swagger/xsd/8b987aff-9b83-4b34-a1e8-7a3a8f88c828.xsd</typeNamespace>
                    <minOccurs>1</minOccurs>
                    <maxOccurs>1</maxOccurs>
                    <nillable>false</nillable>
                    <order>3</order>
                    <wrapArray isNull="true" />
                    <arrayTypeName isNull="true" />
                    <arrayTypeAnonymous isNull="true" />
                    <arrayItemName isNull="true" />
                    <arrayItemWildcard isNull="true" />
                    <wildcard isNull="true" />
                    <wildcardVariety isNull="true" />
                    <wildcardMode isNull="true" />
                    <wildcardNamespace isNull="true" />
                    <parentModelGroupCompositor isNull="true" />
                    <timeZone isNull="true" />
                </annotation>
            </property>
            <annotation type="com.lombardisoftware.core.xml.XMLTypeAnnotation" version="2.0">
                <exclude isNull="true" />
                <anonymous isNull="true" />
                <local isNull="true" />
                <name>StartRPABotRequest</name>
                <namespace>http://www.ibm.com/xmlns/prod/bpm/bpmn/ext/externalservice/swagger/xsd/8b987aff-9b83-4b34-a1e8-7a3a8f88c828.xsd</namespace>
                <elementName isNull="true" />
                <elementNamespace isNull="true" />
                <protoTypeName isNull="true" />
                <baseTypeName isNull="true" />
                <specialType isNull="true" />
                <contentTypeVariety isNull="true" />
                <xscRef isNull="true" />
            </annotation>
        </definition>
    </twClass>
</teamworks>

