<?xml version="1.0" encoding="UTF-8"?>
<teamworks>
    <managedAsset id="61.1c8600da-2e49-4750-a822-b86ae1c4b25c" name="FocusCorp.png">
        <lastModified>1617757305771</lastModified>
        <lastModifiedBy>cp4badmin</lastModifiedBy>
        <tenantId isNull="true" />
        <managedAssetId>61.1c8600da-2e49-4750-a822-b86ae1c4b25c</managedAssetId>
        <assetUuid>67d28bff-5f4b-4148-96f8-c6c83fea32b0</assetUuid>
        <mimeType>image/png</mimeType>
        <charEncoding isNull="true" />
        <assetTypeCode>W</assetTypeCode>
        <length>7711</length>
        <localLastModification>1617757305340</localLastModification>
        <description isNull="true" />
        <isDocumentationFile>false</isDocumentationFile>
        <guid>908eff4c-2835-437f-8a4e-613f1f09da07</guid>
        <versionId>87b8e663-c346-4eb7-9177-c8b1e828b217</versionId>
    </managedAsset>
</teamworks>

