<?xml version="1.0" encoding="UTF-8"?>
<teamworks>
    <environmentVariableSet id="62.e665ef74-bd81-4226-9ca5-5641262e144b" name="Environment Variables">
        <lastModified>1683710716639</lastModified>
        <lastModifiedBy>cpadmin</lastModifiedBy>
        <tenantId isNull="true" />
        <envVarSetId>62.e665ef74-bd81-4226-9ca5-5641262e144b</envVarSetId>
        <description isNull="true" />
        <guid>2d2150a8-33f7-4f07-8968-80565eee4687</guid>
        <versionId>09d72260-fc61-4924-b875-434736d1b0e7</versionId>
        <envVar name="SendEmailviaAPIConnectServer">
            <lastModified isNull="true" />
            <lastModifiedBy isNull="true" />
            <tenantId isNull="true" />
            <envVarId>2094.e4c3f7d0-a65d-46c2-95cb-a8f2f78438a8</envVarId>
            <envVarSetId>62.e665ef74-bd81-4226-9ca5-5641262e144b</envVarSetId>
            <envVarTypeId>2106.11</envVarTypeId>
            <defaultValue>{"host":"app-connect-designer-designer-https-cp4i-01.swat-dev-01-464887bc828751e1b00625ca9211fbca-0000.eu-de.containers.appdomain.cloud","connectionTimeout":30000,"receiveTimeout":60000,"scheme":"https","authentication":{"declaredType":"com.ibm.bpmsdk.model.bpmn20.ibmextservice.TBasicServiceAuthentication","authType":"USERID_PASSWORD","username":"wL1gSNx8","password":"{xor}ZytpMGgMChc7aggUN2w9Li81PiZmFhoxNhIHbidrETo="}}</defaultValue>
            <description isNull="true" />
            <guid>0bc43a5f-71fa-4370-b5e9-7ac9603f44e8</guid>
            <versionId>447fdb2c-9e92-46a0-a0f7-bb36b25ec8ac</versionId>
        </envVar>
        <envVar name="IBMRPARestServer">
            <lastModified isNull="true" />
            <lastModifiedBy isNull="true" />
            <tenantId isNull="true" />
            <envVarId>2094.aaeeb034-7f9b-4e3d-915c-1d9a827bac42</envVarId>
            <envVarSetId>62.e665ef74-bd81-4226-9ca5-5641262e144b</envVarSetId>
            <envVarTypeId>2106.11</envVarTypeId>
            <defaultValue>{"scheme":"https","receiveTimeout":60000,"connectionTimeout":30000,"authentication":{"declaredType":"com.ibm.bpmsdk.model.bpmn20.ibmextservice.TBasicServiceAuthentication","authType":"NONE"}}</defaultValue>
            <description isNull="true" />
            <guid>57bce0b7-c9a7-4237-8e2d-c64a94c4d9f2</guid>
            <versionId>1fccb39d-a75a-4c7d-8ab2-aaa36b6181e4</versionId>
        </envVar>
        <envVar name="clientEmailAddress">
            <lastModified isNull="true" />
            <lastModifiedBy isNull="true" />
            <tenantId isNull="true" />
            <envVarId>2094.bd685677-bf1d-455a-874c-107f5ed15cf7</envVarId>
            <envVarSetId>62.e665ef74-bd81-4226-9ca5-5641262e144b</envVarSetId>
            <envVarTypeId>2106.0</envVarTypeId>
            <defaultValue></defaultValue>
            <description isNull="true" />
            <guid>guid:56c8d577-788e-42b8-a42f-80987eef310c</guid>
            <versionId>82dd9b0b-812b-4495-a7c1-dc9786665520</versionId>
        </envVar>
        <envVar name="emailPassword">
            <lastModified isNull="true" />
            <lastModifiedBy isNull="true" />
            <tenantId isNull="true" />
            <envVarId>2094.6fd947c6-c129-484a-872f-6f73965f9a80</envVarId>
            <envVarSetId>62.e665ef74-bd81-4226-9ca5-5641262e144b</envVarSetId>
            <envVarTypeId>2106.0</envVarTypeId>
            <defaultValue></defaultValue>
            <description isNull="true" />
            <guid>cc07b14b-5712-4272-b23f-20214156e8f6</guid>
            <versionId>8e609ae6-dbb0-443b-8e28-715c496ccf27</versionId>
        </envVar>
        <envVar name="emailID">
            <lastModified isNull="true" />
            <lastModifiedBy isNull="true" />
            <tenantId isNull="true" />
            <envVarId>2094.056d3528-d155-4e1f-875e-59a68befaebb</envVarId>
            <envVarSetId>62.e665ef74-bd81-4226-9ca5-5641262e144b</envVarSetId>
            <envVarTypeId>2106.0</envVarTypeId>
            <defaultValue></defaultValue>
            <description isNull="true" />
            <guid>c857d87c-7fcb-4c3d-8c46-7f3d8c9954e9</guid>
            <versionId>9291599a-67f5-4070-bacf-8c7c0e015a8d</versionId>
        </envVar>
        <envVar name="smtpHost">
            <lastModified isNull="true" />
            <lastModifiedBy isNull="true" />
            <tenantId isNull="true" />
            <envVarId>2094.8e6fd218-1a6a-47df-8798-08406d5a1b02</envVarId>
            <envVarSetId>62.e665ef74-bd81-4226-9ca5-5641262e144b</envVarSetId>
            <envVarTypeId>2106.0</envVarTypeId>
            <defaultValue></defaultValue>
            <description isNull="true" />
            <guid>0e826f4f-f6e5-476a-a4c7-53ecfd81e4cd</guid>
            <versionId>1560e9e9-8ddb-49ab-b958-0e9e43f6a185</versionId>
        </envVar>
        <envVar name="smtpPort">
            <lastModified isNull="true" />
            <lastModifiedBy isNull="true" />
            <tenantId isNull="true" />
            <envVarId>2094.b65d408e-ca0d-4857-8dde-0c129f2ed944</envVarId>
            <envVarSetId>62.e665ef74-bd81-4226-9ca5-5641262e144b</envVarSetId>
            <envVarTypeId>2106.0</envVarTypeId>
            <defaultValue></defaultValue>
            <description isNull="true" />
            <guid>426d874b-0940-42c2-96ad-750c00fca25e</guid>
            <versionId>2d666620-9d22-4a23-9579-f6bb0ce613f2</versionId>
        </envVar>
    </environmentVariableSet>
</teamworks>

