<?xml version="1.0" encoding="UTF-8"?>
<teamworks>
    <environmentVariableSet id="62.f969bc33-ba4a-4a00-a87b-d2e813a376d7" name="$$REST$BINDING$1.297ce304-955d-4aa4-ad0b-c34978d2f262">
        <lastModified>1618536855842</lastModified>
        <lastModifiedBy>cp4badmin</lastModifiedBy>
        <tenantId isNull="true" />
        <envVarSetId>62.f969bc33-ba4a-4a00-a87b-d2e813a376d7</envVarSetId>
        <description isNull="true" />
        <guid>7a0d3dd0-415f-4544-a233-0a5b5866195e</guid>
        <versionId>9c1f7f65-a5f5-4582-b18e-047376eb31b5</versionId>
        <envVar name="REST_BINDING FOR 1.297ce304-955d-4aa4-ad0b-c34978d2f262">
            <lastModified isNull="true" />
            <lastModifiedBy isNull="true" />
            <tenantId isNull="true" />
            <envVarId>2094.150b548f-2dcd-49f4-83f8-00258474b2ca</envVarId>
            <envVarSetId>62.f969bc33-ba4a-4a00-a87b-d2e813a376d7</envVarSetId>
            <envVarTypeId>2106.14</envVarTypeId>
            <defaultValue>{}</defaultValue>
            <description isNull="true" />
            <guid>39ca3834-35c9-47f0-a2c6-de2156febd48</guid>
            <versionId>201ff2ed-e60c-4a2c-9d3e-238af1d65d79</versionId>
        </envVar>
    </environmentVariableSet>
</teamworks>

