{"data":{"metadata":{"paId":"2066.be80b56f-6638-4cb7-aa2d-1252d7148010","paShortName":"WS1","snapshotId":"2064.ca3e6534-6bcc-4dab-8e97-923572db35da","snapshotName":"1.21.03.2","name":"Workflow Services"},"defaults":{"entry":[{"type":"S","value":""},{"type":"B","value":false},{"type":"I","value":0},{"type":"D","value":0.0},{"type":"DT","value":null},{"type":"DT","value":null}]},"templates":{"variableTemplates":[{"modelId":"1.1cb3f8fe-9c24-4c1c-b063-90a47804ba83","parentId":"1.1cb3f8fe-9c24-4c1c-b063-90a47804ba83","variableTemplate":[{"id":"2055.0ce848c8-3965-4ec6-88d0-629a9e8609be","name":"processApp","boTemplateName":"S"},{"id":"2055.87565e58-4f13-40ad-8e99-da8d5f8eab3c","name":"processAppID","boTemplateName":"S"},{"id":"2055.9cd70e81-50e9-46ad-8c22-d580a17571fb","name":"processID","boTemplateName":"S"},{"id":"2055.c9e74fed-0b77-4486-8b48-59d37c2050b8","name":"snapshotID","boTemplateName":"S"},{"id":"2055.9b71db0c-b378-4986-89f2-42435760ebdb","name":"branchID","boTemplateName":"S"},{"id":"2055.ac7256e6-72af-4b88-8fef-c9e2dc783902","name":"inputParameters","boTemplateName":"A"},{"id":"2055.7773ba65-0225-46c5-8c04-673278536f2c","name":"success","boTemplateName":"B"},{"id":"2055.14f99ee4-be6d-4505-8d0d-3a0f3c063a5e","name":"responseMessage","boTemplateName":"S"},{"id":"2055.7c8f78a3-c6a9-4f1e-8114-4f56b1d2bf73","name":"responseCode","boTemplateName":"I"}]}],"boTemplate":[]},"model":{"rootElement":[{"extensionElements":{"userTaskImplementation":[{"flowElement":[{"parallelMultiple":false,"outgoing":["2027.6cfdff0f-90f4-43a1-8dd0-8ea3d3fb59dd"],"isInterrupting":true,"extensionElements":{"default":["2027.6cfdff0f-90f4-43a1-8dd0-8ea3d3fb59dd"],"nodeVisualInfo":[{"color":"#F8F8F8","width":24,"x":50,"y":200,"declaredType":"TNodeVisualInfo","height":24}]},"name":"Start","declaredType":"startEvent","id":"756cc19e-cd12-43d2-8f1a-d5ae69909397"},{"incoming":["2027.9bf28f56-28de-488d-8612-67aa22e242d8"],"extensionElements":{"nodeVisualInfo":[{"color":"#F8F8F8","width":24,"x":700,"y":200,"declaredType":"TNodeVisualInfo","height":24}],"navigationInstructions":[{"targetType":"Default","declaredType":"com.ibm.bpmsdk.model.bpmn20.ibmext.TNavigationInstructions"}]},"name":"End","declaredType":"endEvent","id":"d67ad1a1-8f4e-4a61-8aac-e92746a9e406"},{"startQuantity":1,"outgoing":["2027.091f52ee-ca34-4c21-898f-68158992e314"],"incoming":["2027.6cfdff0f-90f4-43a1-8dd0-8ea3d3fb59dd"],"default":"2027.091f52ee-ca34-4c21-898f-68158992e314","extensionElements":{"nodeVisualInfo":[{"width":95,"x":330,"y":177,"declaredType":"TNodeVisualInfo","height":70}]},"name":"Start Process Script","isForCompensation":false,"completionQuantity":1,"declaredType":"scriptTask","id":"2025.7e533c30-2d86-478b-8173-16058ea2cbe4","scriptFormat":"text/x-javascript","script":{"content":["/*\r\nLicensed Materials - Property of IBM\r\n5737-H41\r\n(C) Copyright IBM Corporation 2019-2020. All Rights Reserved.\r\nUS Government Users Restricted Rights- Use, duplication or disclosure\r\nrestricted by GSA ADP Schedule Contract with IBM Corp.\r\n*/\r\n\r\nconsole.log(\"****BEGIN START PROCESS****\");\r\n\r\ntw.system.waitForContinueFlow();\r\n\r\nvar name = tw.local.processApp;\r\nvar processAppId = tw.env[name].key ? tw.env[name].key : tw.local.processAppID;\r\nvar bpdId = tw.local.processID;\r\nvar params = tw.local.inputParameters;\r\n\r\nvar snapshotID = tw.local.snapshotID;\r\nvar branchID = tw.local.branchID;\r\n\r\nvar payloadObj = {};\r\n\r\npayloadObj.action = \"start\";\r\npayloadObj.bpdId = bpdId;\r\npayloadObj.processAppId = processAppId;\r\npayloadObj.parts = \"header|excludeTaskData|excludeDocs\";\r\npayloadObj.params = JSON.stringify(params);\r\n\r\nif (snapshotID && snapshotID != \"\") { payloadObj.snapshotId = snapshotID; }\r\nif (branchID && branchID != \"\") { payloadObj.branchId = branchID; }\r\n\r\n\r\nvar options = {\r\n  ctxRoot: \"/rest/bpm/wle\",\r\n  path: \"/v1/process\",\r\n\tmethod: \"POST\",\r\n\theaders: {\r\n\t\t\"Content-Type\": \"application/x-www-form-urlencoded\",\r\n\t\t\"Accept\": \"application/json\"\r\n\t},\r\n\tpayload: payloadObj\r\n};\r\n\r\n\r\nconsole.log(\"****CALLING performRequest****\");\r\n\r\ntw.system.waitForContinueFlow();\r\n\r\ntw.system.performRequest(name, options,\n\tfunction(data, metadata) {\n\t\ttw.local.success = true;\r\n  \tprocessConnection(data, metadata);  \r\n\t// Signal to engine that flow can continue past this Script‌\r\n\t\ttw.system.continueFlow();\r\n\t},\n\tfunction (err) {\n\t  tw.local.responseCode = -1;\n\t\ttw.local.success = false;\r\n \t\ttw.local.responseMessage = \"Error occured : \" + JSON.stringify(err);\r\n\t\ttw.system.continueFlow();\r\n\t}\n);\r\n\r\nfunction processConnection(data, metadata) {\r\n    console.log(\"performRequest completed: \", data);\r\n    \r\n    if (data && data.status && data.status==\"error\") {\r\n        tw.local.success = false;\r\n        tw.local.responseMessage = JSON.stringify(data) + \" \" + metadata ? JSON.stringify(metadata) : \"\";\n        tw.local.responseCode = 500;\r\n    } else if (metadata && metadata.statusCode != \"200\") {\n\t\t\t\ttw.local.success = false;\r\n        tw.local.responseMessage = JSON.stringify(data || metadata);\n        tw.local.responseCode = metadata.statusCode;\r\n    } else {\r\n        tw.local.responseMessage = \"Connection Successful : \" + JSON.stringify(data);\r\n    }\r\n}"]}},{"targetRef":"2025.7e533c30-2d86-478b-8173-16058ea2cbe4","extensionElements":{"linkVisualInfo":[{"sourcePortLocation":"rightCenter","showCoachControlLabel":false,"labelPosition":0.0,"targetPortLocation":"leftCenter","declaredType":"TLinkVisualInfo","saveExecutionContext":false,"showLabel":false}]},"name":"To Start Process Script","declaredType":"sequenceFlow","id":"2027.6cfdff0f-90f4-43a1-8dd0-8ea3d3fb59dd","sourceRef":"756cc19e-cd12-43d2-8f1a-d5ae69909397"},{"targetRef":"2025.1bdb31c3-dde4-4267-8de7-7257b0838d01","extensionElements":{"sequenceFlowImplementation":[{"fireValidation":"Never","sboSyncEnabled":true,"declaredType":"com.ibm.bpmsdk.model.bpmn20.ibmext.TSequenceFlowImplementation"}],"linkVisualInfo":[{"sourcePortLocation":"rightCenter","showCoachControlLabel":false,"labelPosition":0.0,"targetPortLocation":"leftCenter","declaredType":"TLinkVisualInfo","saveExecutionContext":true,"showLabel":false}]},"name":"To End","declaredType":"sequenceFlow","id":"2027.091f52ee-ca34-4c21-898f-68158992e314","sourceRef":"2025.7e533c30-2d86-478b-8173-16058ea2cbe4"},{"outgoing":["2027.9bf28f56-28de-488d-8612-67aa22e242d8","2027.696bf8c6-dda7-44ab-846a-bea1a5529f39"],"incoming":["2027.091f52ee-ca34-4c21-898f-68158992e314"],"default":"2027.9bf28f56-28de-488d-8612-67aa22e242d8","gatewayDirection":"Unspecified","extensionElements":{"nodeVisualInfo":[{"width":32,"x":581,"y":195,"declaredType":"TNodeVisualInfo","height":32}]},"name":"Exclusive Gateway","declaredType":"exclusiveGateway","id":"2025.1bdb31c3-dde4-4267-8de7-7257b0838d01"},{"incoming":["2027.696bf8c6-dda7-44ab-846a-bea1a5529f39"],"eventDefinition":[{"extensionElements":{"errorEventSettings":[{"catchAll":true,"errorCode":"tw.local.responseCode","declaredType":"com.ibm.bpmsdk.model.bpmn20.ibmwleext.TErrorEventSettings"}]},"declaredType":"errorEventDefinition","id":"21e80f90-a929-4ef9-877e-929fa41ebf94"}],"extensionElements":{"nodeVisualInfo":[{"width":24,"x":686,"y":300,"declaredType":"TNodeVisualInfo","height":24}]},"name":"Error End","dataInputAssociation":[{"assignment":[{"from":{"evaluatesToTypeRef":"itm.12.db884a3c-c533-44b7-bb2d-47bec8ad4022","declaredType":"TFormalExpression","content":["tw.local.responseMessage"]}}]}],"declaredType":"endEvent","id":"2025.196ff495-3e4c-4a60-8d8a-ee75f47f25af"},{"targetRef":"d67ad1a1-8f4e-4a61-8aac-e92746a9e406","extensionElements":{"sequenceFlowImplementation":[{"fireValidation":"Never","sboSyncEnabled":true,"declaredType":"com.ibm.bpmsdk.model.bpmn20.ibmext.TSequenceFlowImplementation"}],"linkVisualInfo":[{"sourcePortLocation":"rightCenter","showCoachControlLabel":false,"labelPosition":0.0,"targetPortLocation":"leftCenter","declaredType":"TLinkVisualInfo","saveExecutionContext":true,"showLabel":true}]},"name":"To End","declaredType":"sequenceFlow","id":"2027.9bf28f56-28de-488d-8612-67aa22e242d8","sourceRef":"2025.1bdb31c3-dde4-4267-8de7-7257b0838d01"},{"targetRef":"2025.196ff495-3e4c-4a60-8d8a-ee75f47f25af","conditionExpression":{"declaredType":"TFormalExpression","content":["tw.local.success\t  ==\t  false"]},"extensionElements":{"sequenceFlowImplementation":[{"fireValidation":"Never","sboSyncEnabled":true,"declaredType":"com.ibm.bpmsdk.model.bpmn20.ibmext.TSequenceFlowImplementation"}],"linkVisualInfo":[{"sourcePortLocation":"bottomCenter","showCoachControlLabel":false,"labelPosition":0.0,"targetPortLocation":"leftCenter","declaredType":"TLinkVisualInfo","saveExecutionContext":true,"showLabel":true}]},"name":"To Error End","declaredType":"sequenceFlow","id":"2027.696bf8c6-dda7-44ab-846a-bea1a5529f39","sourceRef":"2025.1bdb31c3-dde4-4267-8de7-7257b0838d01"}],"isClosed":false,"declaredType":"com.ibm.bpmsdk.model.bpmn20.ibmext.TUserTaskImplementation","id":"7a16df3b-2224-47b3-8b76-0366515ced30","processType":"None"}]},"implementation":"##unspecified","documentation":[{"textFormat":"text/plain"}],"name":"Start Process","declaredType":"globalUserTask","id":"1.1cb3f8fe-9c24-4c1c-b063-90a47804ba83","ioSpecification":{"dataOutput":[{"itemSubjectRef":"itm.12.83ff975e-8dbc-42e5-b738-fa8bc08274a2","name":"success","isCollection":false,"id":"2055.7773ba65-0225-46c5-8c04-673278536f2c"},{"itemSubjectRef":"itm.12.db884a3c-c533-44b7-bb2d-47bec8ad4022","name":"responseMessage","isCollection":false,"id":"2055.14f99ee4-be6d-4505-8d0d-3a0f3c063a5e"},{"itemSubjectRef":"itm.12.3fa0d7a0-828a-4d60-99cc-db5ed143fc2d","name":"responseCode","isCollection":false,"id":"2055.7c8f78a3-c6a9-4f1e-8114-4f56b1d2bf73"}],"inputSet":[{}],"outputSet":[{}],"dataInput":[{"itemSubjectRef":"itm.12.d34bed30-8320-40b1-a92c-e5f6e411c52e","name":"processApp","isCollection":false,"id":"2055.0ce848c8-3965-4ec6-88d0-629a9e8609be"},{"itemSubjectRef":"itm.12.db884a3c-c533-44b7-bb2d-47bec8ad4022","name":"processAppID","isCollection":false,"id":"2055.87565e58-4f13-40ad-8e99-da8d5f8eab3c"},{"itemSubjectRef":"itm.12.db884a3c-c533-44b7-bb2d-47bec8ad4022","name":"processID","isCollection":false,"id":"2055.9cd70e81-50e9-46ad-8c22-d580a17571fb"},{"itemSubjectRef":"itm.12.db884a3c-c533-44b7-bb2d-47bec8ad4022","name":"snapshotID","isCollection":false,"id":"2055.c9e74fed-0b77-4486-8b48-59d37c2050b8"},{"itemSubjectRef":"itm.12.db884a3c-c533-44b7-bb2d-47bec8ad4022","name":"branchID","isCollection":false,"id":"2055.9b71db0c-b378-4986-89f2-42435760ebdb"},{"itemSubjectRef":"itm.12.c09c9b6e-aabd-4897-bef2-ed61db106297","name":"inputParameters","isCollection":false,"id":"2055.ac7256e6-72af-4b88-8fef-c9e2dc783902"}]}}],"targetNamespace":"","typeLanguage":"http://www.w3.org/2001/XMLSchema","expressionLanguage":"http://www.ibm.com/xmlns/prod/bpm/expression-lang/javascript","id":"1.1cb3f8fe-9c24-4c1c-b063-90a47804ba83"}},"status":"200"}