{"data":{"html":["\t    \n<!DOCTYPE html>\n<html lang=","$$IBM_BPM_COACH_HTML_LOCALE_TAG$$",">\n\n<head>\n<meta charset=\"utf-8\" \/>\n<meta name=\"generator\" content=\"{'product':'IBM Business Process Manager V8.6.9.25000 - 20250606_1023 - BPM8600-20250606-065036','coachDetails':{'project':'Client Onboarding Comments (COC)','humanService':'Client Onboarding Comments','coach':'null'}}\" \/>\n<meta http-equiv=\"X-UA-Compatible\" content=\"IE=11; IE=10; IE=9; IE=8\" \/>\n<style>\n[ng\\:cloak],[ng-cloak],[data-ng-cloak],[x-ng-cloak],.ng-cloak,.x-ng-cloak,.ng-hide:not(.ng-hide-animate){\n\tdisplay:none !important;\n}\n<\/style>\n<script>\n\n\tvar com_ibm_bpm_coach = {};\t\n\tcom_ibm_bpm_coach.isDebug = ","$$IBM_BPM_COACH_IS_DEBUG_TAG$$",";\n\t\t\t\t\t\n\tcom_ibm_bpm_coach.debug = \"\";\n\tif (com_ibm_bpm_coach.isDebug) \n\t   com_ibm_bpm_coach.debug = \"_debug\";\n\t\n\tif (com_ibm_bpm_coach.isDebug) {\n\t\tif (typeof console != \"undefined\" && console != null && typeof console.info != \"undefined\") {\n\t\t\tconsole.info('Performance: ' + (new Date()).getTime() + ' -- Coach page starts');\n\t\t}\n\t}\n\t\n\tcom_ibm_bpm_coach.assetType_WEB = \"W\";\n\tcom_ibm_bpm_coach.assetType_SERVER = \"J\";\n\tcom_ibm_bpm_coach.assetType_DESIGN = \"D\";\n\tcom_ibm_bpm_coach.currentprojectsnapshot = \"2064.5d085226-27e4-4417-a703-2ccb968bba7d\";\n\tcom_ibm_bpm_coach.projectsnapshot = {\"COC\":\"2064.5d085226-27e4-4417-a703-2ccb968bba7d\",\"TWSYS\":\"2064.1080ded6-d153-4654-947c-2d16fce170db\",\"SYSBPMUI\":\"2064.304ac881-16c3-47d2-97d5-6e4c4a893177\",\"COTK2\":\"2064.e52cef8f-d34c-44b4-b191-732eada59020\"};\n\tcom_ibm_bpm_coach.projectsnapshotNames = {\"COC\":\"v1.0.1\",\"TWSYS\":\"8.6.0.0_TC\",\"SYSBPMUI\":\"8.6.0.0\",\"COTK2\":\"v0.3.3\"};\n\tcom_ibm_bpm_coach.getManagedAssetUrl = function(assetName, assetType, projectShortName, returnWithoutAssetName, additionalPath, addBuildNumberParameter) {\n\t\tvar paSnapshotId = com_ibm_bpm_coach.currentprojectsnapshot;\n\t\tif (!!projectShortName) {\n\t\t\t\/\/Backward compatibility for the SYSBPMUI toolkit, since the short name changed from SPARK15\n\t\t\tif (projectShortName === 'SPARK15' && !com_ibm_bpm_coach.projectsnapshotNames[\"SPARK15\"]) {\n\t\t\t\tprojectShortName = 'SYSBPMUI';\n\t\t\t}\n\t\t\tpaSnapshotId = com_ibm_bpm_coach.projectsnapshot[projectShortName];\n\t\t}\n\t\tif ((!!paSnapshotId) && ((assetType == com_ibm_bpm_coach.assetType_WEB) || (assetType == com_ibm_bpm_coach.assetType_SERVER) || (assetType == com_ibm_bpm_coach.assetType_DESIGN))) {\n\t\t\tvar result = '","$$IBM_BPM_COACH_BPM_CONTEXT_ROOT_TAG$$","\/webasset\/'+paSnapshotId+'\/'+assetType+'\/';\n\t\t\tif (!returnWithoutAssetName) {\n\t\t\t\tif(!!additionalPath) result+=assetName+additionalPath;\n\t\t\t\telse                 result+=assetName;\n\t\t\t}\n\t\t\tif (!!addBuildNumberParameter) {\n\t\t\t    if (result.indexOf(\"?\")!= -1) result+=\"&\"+dojoConfig.cacheBust;\n\t\t\t    else                          result+=\"?\"+dojoConfig.cacheBust;\n\t\t\t}\n\t\t\treturn result;\n\t\t} else {\n\t\t\treturn null;\n\t\t}\n\t};\n\t\n\t\t\n\t    \n\tvar dojoConfig = {\n\t\tbaseUrl: '.\/',\n\t\tasync: true,\n\t\tparseOnLoad: true,\n\t\tcacheBust: \"","$$IBM_BPM_COACH_CACHE_DIGEST_TAG$$","\",\n\t\tcoachEventPageVariableName: \"page\",\n\t\tisDebug: com_ibm_bpm_coach.isDebug,\n\t\tdojoIframeHistoryUrl: '","$$IBM_BPM_COACH_BPM_CSHSLIB_CONTEXT_ROOT_TAG$$","\/bpm\/teamworks\/script\/coachNG\/com\/ibm\/bpm\/coach\/resources\/iframe_history.html?","$$IBM_BPM_COACH_CACHE_DIGEST_TAG$$","',\n\t\tlocale: ","$$IBM_BPM_COACH_DOJO_LOCALE_TAG$$",",\n\t\tApp: {_bpmContextRootMap: ","$$IBM_BPM_COACH_BPM_CONTEXT_ROOT_MAP_TAG$$",",\n\t\t\t\t _bpmOptimizeBoundaryEvent : false, _bpmInactivityThreshold: 'null', _bpmIsSendingActivityMessages: false,\n\t\t\t     _bpmCoachInCSHS : true, _bpmCoachComplexObjDeltaFmt : '8550', _bpmLoadStandaloneCollabLayer : true, _bpmInWebAppPrefix : 'bpm\/',\n\t\t\t_bpmIsWorkflowPXServer : false, _bpmIsCaseSupported : true,\n\t\t\t_bpmIsSaaSAWS : false,\n\t\t\t_coachConfigMap: ","$$IBM_BPM_COACH_CONFIG_MAP_TAG$$",",\n\t\t\t\n\t\t},\n\t\tpackages: [\n\t\t\t{name: 'dojo',\n\t\t\t location: '","$$IBM_BPM_COACH_BPM_CSHSLIB_CONTEXT_ROOT_TAG$$","\/bpm\/teamworks\/script\/coachNG\/dojo\/1.17.2'+com_ibm_bpm_coach.debug+'\/dojo'},\n\t\t\t{name: 'dijit',\n\t\t\t location: '","$$IBM_BPM_COACH_BPM_CSHSLIB_CONTEXT_ROOT_TAG$$","\/bpm\/teamworks\/script\/coachNG\/dojo\/1.17.2'+com_ibm_bpm_coach.debug+'\/dijit'},\n\t\t\t{name: 'dojox',\n\t\t\t location: '","$$IBM_BPM_COACH_BPM_CSHSLIB_CONTEXT_ROOT_TAG$$","\/bpm\/teamworks\/script\/coachNG\/dojo\/1.17.2'+com_ibm_bpm_coach.debug+'\/dojox'},\n\t\t\t{name: 'cometd',\n\t\t\t location: '","$$IBM_BPM_COACH_BPM_CSHSLIB_CONTEXT_ROOT_TAG$$","\/bpm\/teamworks\/script\/coachNG\/dojo\/1.17.2'+com_ibm_bpm_coach.debug+'\/cometd'},\n\t\t\t{name: 'com.ibm.bpm.coach',\n\t\t\t location: '","$$IBM_BPM_COACH_BPM_CSHSLIB_CONTEXT_ROOT_TAG$$","\/bpm\/teamworks\/script\/coachNG\/com\/ibm\/bpm\/coach',\n\t\t\t packageMap: {dojo: \"dojo\", dijit: \"dijit\", dojox: \"dojox\"}},\n\t\t\t{name: 'coachflow',\n\t\t\t location: '","$$IBM_BPM_COACH_BPM_CSHSLIB_CONTEXT_ROOT_TAG$$","\/bpm\/bpm\/cf\/script'+com_ibm_bpm_coach.debug+'\/coachflow',\n\t\t\t packageMap: {dojo: \"dojo\", dijit: \"dijit\", dojox: \"dojox\"}},\n\t\t\t{name: 'com.ibm.bpm.coachflow.engine',\n\t\t\t location: '","$$IBM_BPM_COACH_BPM_CSHSLIB_CONTEXT_ROOT_TAG$$","\/bpm\/bpm\/cf\/script'+com_ibm_bpm_coach.debug+'\/com\/ibm\/bpm\/coachflow\/engine',\n\t\t\t packageMap: {dojo: \"dojo\", dijit: \"dijit\", dojox: \"dojox\"}},\n\t\t\t{name: 'com.ibm.bpm.social.portal.util',\n\t\t\t location: '$$IBM_BPM_PROXYPREFIX_TAG$$\/bas\/portal\/js',\n\t\t\t packageMap: {dojo: \"dojo\", dijit: \"dijit\", dojox: \"dojox\"}}\n\t\t]\n\t};\n<\/script>\n\t    \n\n<link href='","$$IBM_BPM_COACH_BPM_CSHSLIB_CONTEXT_ROOT_TAG$$","\/bpm\/teamworks\/script\/coachNG\/com\/ibm\/bpm\/coach\/resources\/images\/favicon.ico' rel='shortcut icon' type='image\/x-icon' \/>\n<link href='","$$IBM_BPM_COACH_BPM_CSHSLIB_CONTEXT_ROOT_TAG$$","\/bpm\/teamworks\/script\/coachNG\/com\/ibm\/bpm\/coach\/resources\/images\/favicon.ico' rel='icon' type='image\/x-icon' \/>\n\n<script type='text\/javascript' src='","$$IBM_BPM_COACH_BPM_CSHSLIB_CONTEXT_ROOT_TAG$$","\/bpm\/teamworks\/script\/coachNG\/dojo\/1.17.2","$$IBM_BPM_COACH_DOJOJS_PATH_SUFFIX_TAG$$","\/dojo\/dojo.js?","$$IBM_BPM_COACH_CACHE_DIGEST_TAG$$","'><\/script>\n","<link rel='stylesheet' type='text\/css' href='bpm\/teamworks\/webasset\/2064.5d085226-27e4-4417-a703-2ccb968bba7d\/T\/993e03e9-2574-40fc-807c-65b06be378fd.zip\/bpmCoachFmk\/less\/coach_ng_theme.css?","$$IBM_BPM_COACH_CACHE_DIGEST_TAG$$","'>","\n\n<!-- Coach view CSS started -->\n\n\n<script type=\"text\/javascript\">\nvar initFunc = function (){\n\t    \n\n\n\trequire([\"dojo\/ready\",\"dojo\/_base\/config\",\"dojo\/parser\",\"com.ibm.bpm.coach\/engine\",\"com.ibm.bpm.coach\/controller\",\"com.ibm.bpm.coach\/CoachLoaderConstants\",\"com.ibm.bpm.coach\/disableBack\",\"com.ibm.bpm.coach\/logger\"], \n\tfunction(ready, dojoConfig, parser, engine, controller, CoachLoaderConstants, disableBack, logger) {\n\t\n\t\tengine.initData = function() {\n\t\t\n\t\t      this.dataStructures = {defaults: null, templates: null};\n\t\t      \t    \n      \t\t  \n\t\t\t  this.local = {};\n      \t\t  this.system = {user_loginName:\"\",user_localeLanguage:\"\",user_localeCountry:\"\",user_fullName:\"\",user_id:\"\",baseTextDirection:\"\",taskId:\"\",instanceId:\"\",snapshotId:\"\",runtimeRootSnapshotId:\"\",paShortName:\"\",paId:\"\",caseFolderId:\"\",caseFolderServerName:\"\",parentActivityId:\"\",parentCaseId:\"\",parentCaseServerName:\"\",parentCase:{parentActivityId:\"\",caseId:\"\",caseServerId:\"\"},startingDocumentId:\"\",enablingDocumentId:\"\",currentPageInfo:{name:\"\",id:\"\"},settings:{TimerCoachViewEnabled:true,TimerCoachViewRefreshInterval:-1,MinimumCoachViewRefreshInterval:10,_NotificationWebMessagingEnabled:true},context:{callerModelId:\"\",callerModelSnapshotId:\"\",callerModelBranchId:\"\",callerTaskId:\"\",callerProcessId:\"\"}};\n      \t\t  this.team = {member: null, manager: null};\n      \t\t  this.epv = null;\n      \t\t  this.resource = {};\n              this.systemData = {zComponentId : \"null\",\n\t\t\t\t\t\t\t\t zComponentName : \"CoachNG\",\n\t\t\t\t\t\t\t\t zTaskId : \"null\",\n\t\t\t\t\t\t\t\t applicationId :\t\"null\",\n\t\t\t\t\t\t\t\t applicationInstanceId : \"null\",\n\t\t\t\t\t\t\t\t zWorkflowState : \"3\",\n\t\t\t\t\t\t\t\t zDbg : \"null\",\n  \t    \t\t\t\t\t\t boundaryEventInformation : [\n\t\t\t\t\t\t\t\t ],\n\t\t\t\t\t\t\t\t validateBoundaryEventInformation : [\n  \t    \t\t\t\t\t\t ]\n              }\n              this.boundaryEventData = {}\n\n      \t\t  this.deviceSpecific = {\n              deviceNames: [\"large\",\"medium\",\"small\"],\n              deviceDetails: {\n                  \"large\": {\n                       width: \"1280px\",\n                       height: \"800px\",\n                       isOrientationAware: false\n                   },\n                  \"medium\": {\n                       width: \"768px\",\n                       height: \"1024px\",\n                       isOrientationAware: false\n                   },\n                  \"small\": {\n                       width: \"480px\",\n                       height: \"640px\",\n                       isOrientationAware: false\n                   }\n\t\t\t    },\n\t\t\t\tstyleNames: [\"width\",\"height\",\"minWidth\",\"minHeight\",\"padding\",\"margin\",\"overflow\"],\n\t\t\t\tmetadataNames: [\"visibility\"]\n      \t\t  };\n\t\t\t\t\n\t\t}; \/\/initData\n\t\t\n\t\tengine.initConfig = function() {\n\t\t\t\n\t\t}; \/\/initConfig\n\t\t\n\t\tready(function() {\n\t\t\t\n            if(window == window.parent) { \/\/ not in iFrame\n               disableBack.init(false);\n\t\t\t}\n\t\t\t\n\t\t\t\n\t\t\t\t\/\/ Heritage Human Service, JSON format in CSHS and standalone Coach all has the same start sequence\n\t\t\t\t\n\t\t\t\t\t\/\/ debugger statement only for JSON format in CSHS\n\t\t\t\t\tvar turnOnDebugger = false;\n\t\t\t\t\tif ((typeof dojoConfig.isDebug !== undefined) && (dojoConfig.isDebug == true)) {\n\t\t\t\t\t\tturnOnDebugger = true;\n\t\t\t\t\t}\n\t\t\t\t\t\n\t\t\t\t\tif (!!(window.frameElement)) {\n\t\t\t\t\t\tvar coachId = window.frameElement.getAttribute('id');\n\t\t\t\t\t\tif ((!!coachId) && (!!window.parent.com_ibm_bpm_coachLoader) && (window.parent.com_ibm_bpm_coachLoader[coachId]) \n\t\t\t\t\t\t&& (window.parent.com_ibm_bpm_coachLoader[coachId].getInspectorDebugMode() == CoachLoaderConstants.KEY_DEBUG_STEP_INTO)) {\n\t\t\t\t\t\t\tturnOnDebugger = true;\n\t\t\t\t\t\t}\n\t\t\t\t\t}\n\t\t\t\t\t\n\t\t\t\t\tif (turnOnDebugger) {\n\t\t\t\t\t\tengine.turnOnDebuggerForCSHS();\n\t\t\t\t\t\tdebugger;\n\t\t\t\t\t}\n\t\t\t\t\t\/\/ set Title ONLY if meta tag does not contain title\n\t\t\t\t\t\n\t\t\t\t\tengine.setTitle(\"null\");\n\t\t\t\t\t\n\t\t\t\t\n\t\t\t\t\n\t\t\t\tengine.start({controller: controller, whiteList: [\"\"]});\n\t\t\t\t\n\t\t\t\n\t\t});\n\t}); \t\t\n\t\t\n\n};\nif (com_ibm_bpm_coach.isDebug) {\n\tinitFunc();\n} else { \/\/nonDebug\n\tinitFunc();\n}\n\n<\/script>\n<\/head>\n\n\n\n<body class=","$$IBM_BPM_COACH_NON_CLARO_BIDI_BODY_CLASS_TAG$$",">\n\t<script type=\"text\/javascript\">\n\t\tif(window == window.parent) { \/\/ not in iFrame\t\n\t\t\t\/\/ work-around solution\n\t\t\tvar src = '","$$IBM_BPM_COACH_BPM_CSHSLIB_CONTEXT_ROOT_TAG$$","\/bpm\/teamworks\/script\/coachNG\/com\/ibm\/bpm\/coach\/resources\/iframe_history.html?","$$IBM_BPM_COACH_CACHE_DIGEST_TAG$$","';\n\t\t\tdocument.write('<iframe style=\"border:0;width:1px;height:1px;position:absolute;visibility:hidden;bottom:0;right:0;\" title=\"Page History\" name=\"dj_history\" id=\"dj_history\" src=\"' + src + '\"><\/iframe>');\n\t\t\t\/*\n\t\t\t\/\/ dojo.back has problem on AMD mode at this moment (dojo defect link: http:\/\/trac.dojotoolkit.org\/ticket\/14613)\n\t\t\t\/\/ once this problem is resolved in the future dojo release, we can use following code to replace the work-around above\n\t\t\trequire([\"dojo\/back\"], function(back){\n\t\t\t\tback.init();\n\t\t\t});\n\t\t\t*\/\n\t\t}\n\t<\/script>\n\t<div class=\"body\" id=\"mainBody\" role=\"complementary\" aria-label=\"null\"><\/div>\n<\/body><\/html>","$$IBM_BPM_COACH_END_INTERNAL_SUBSTITUTION_TAG$$"],"coachData":{"system":{"settings":{"TimerCoachViewEnabled":true,"TimerCoachViewRefreshInterval":-1,"MinimumCoachViewRefreshInterval":10,"_NotificationWebMessagingEnabled":true},"snapshotId":"","caseFolderId":"","enablingDocumentId":"","paShortName":"","startingDocumentId":"","user_loginName":"","user_localeCountry":"","parentCaseServerName":"","currentPageInfo":{"name":"","id":""},"caseFolderServerName":"","instanceId":"","runtimeRootSnapshotId":"","user_id":"","user_localeLanguage":"","user_fullName":"","paId":"","parentCase":{"caseId":"","caseServerId":"","parentActivityId":""},"context":{"callerProcessId":"","callerModelSnapshotId":"","callerModelId":"","callerModelBranchId":"","callerTaskId":""},"parentActivityId":"","parentCaseId":"","taskId":"","baseTextDirection":""},"defaults":null,"resource":{},"variableTemplates":null,"templates":null,"epv":null,"team":{"manager":null,"member":null},"local":{}}},"success":true,"message":null,"status":200}