{"2064.304ac881-16c3-47d2-97d5-6e4c4a893177":{"Services":[],"Action Flow":["1.ef1ed168-6a53-4ca0-99a7-155e43503e6a","1.f07b958a-454c-49d8-a7f7-5c185cbc0264","1.bacfbbb3-7c56-42d8-a721-0c141db51c9c","1.4c0836a3-9a00-4cf5-bb21-ba483eeacc48","1.8d8b02fa-b239-4f3c-9296-20b1546985e5","1.619262c8-142d-40e7-b00f-e4fbc1da6f3f","1.8f51f5d9-84bb-4a9c-8e73-bb7df3b4b412"],"Application Flow":[],"REST SERVICE":[]},"2064.e52cef8f-d34c-44b4-b191-732eada59020":{"Services":[],"Action Flow":["1.35923ac7-c12f-47ed-8070-717c7b99287c"],"Application Flow":[],"REST SERVICE":[],"Webasset":"T"},"2064.1080ded6-d153-4654-947c-2d16fce170db":{"Services":[],"Action Flow":["1.65a68894-5f18-4b2b-b813-4cd1f66d97df","1.7fac8f02-fe33-44d7-81c4-24477b684552","1.53231696-f249-4d1b-9c92-a421f1425f12"],"Application Flow":[],"REST SERVICE":[]},"2064.5d085226-27e4-4417-a703-2ccb968bba7d":{"ActionRefs":{"1.5e13e8cf-ae91-4939-8a3c-13e890479725":["1.7fac8f02-fe33-44d7-81c4-24477b684552","1.65a68894-5f18-4b2b-b813-4cd1f66d97df","1.53231696-f249-4d1b-9c92-a421f1425f12"]},"EnvRefs":{"1.5e13e8cf-ae91-4939-8a3c-13e890479725":[]},"isToolkit":false,"description":"Application that allows clients to post comments associated with their onboarding request","type":"app","version":"v1.0.1","Services":[{"asName":"Client_Onboarding_Workflows","asVersion":null,"swaggerModelRef":"6023.ae383e55-6c8c-4122-a2fb-92548cc4195b","asProject":"CO","id":"1.06195bb6-3cd5-4dfd-bb60-45ce482dc08b","type":"AS","asType":"workflow"}],"projectAcronym":"COC","ApplicationDataPersistenceRefs":{"1.5e13e8cf-ae91-4939-8a3c-13e890479725":{"GetApplicationDataRefs":{"actionId":"1.7fac8f02-fe33-44d7-81c4-24477b684552","inputParamsId":"2055.bb94be13-b6bf-4653-8030-cdcfce425274","outputParamsId":"2055.343143da-76f3-4c09-8733-cf9ec9c58b2d"},"SetApplicationDataRefs":{"actionId":"1.65a68894-5f18-4b2b-b813-4cd1f66d97df","inputParamsId":"2055.9092177b-eb9a-4b43-880f-1bde5d2768af"},"DeleteApplicationDataRefs":{"actionId":"1.53231696-f249-4d1b-9c92-a421f1425f12","inputParamsId":"2055.e775eab7-528d-4e49-85d6-6d3e89f8badd"}}},"lastModified":"2025-09-11T15:19:21.577Z","Action Flow":[],"projectName":"Client Onboarding Comments","projectID":"2066.815dd210-9064-45ec-b29f-e734c5552297","Application Flow":["1.5e13e8cf-ae91-4939-8a3c-13e890479725"],"snapshotAcronym":"V1.0.1","Coach":"T","Webasset":"T"}}