{"id":"50.adeae4bd-e860-48f8-8f12-9436f7840773/2064.a1bcbc2e-f5e3-4b9f-96a1-552a4502b26a","localeLanguage":"ja","localeCountry":"","localeVariant":"","localeDisplayName":"CSResource","resourceBundleKey":[{"id":null,"key":"CS_Add","value":"追加"},{"id":null,"key":"CS_BatchContent_AutomationDocType","value":"自動化ドキュメント・タイプ"},{"id":null,"key":"CS_BatchContent_AutomationDocType_Help","value":"バッチ・ドキュメントの追加時または変更時に使用されるドキュメント・タイプ。 指定しない場合、値はデフォルトで DbaCaptureBase になります。"},{"id":null,"key":"CS_BatchContent_OnDocumentCheckedOut","value":"ドキュメントのチェックアウト時"},{"id":null,"key":"CS_BatchContent_OnDocumentCheckedOut_Help","value":"ドキュメントがチェックアウトされた場合に発行されるイベント。"},{"id":null,"key":"CS_BatchContent_OnGetProperties","value":"プロパティーの取得時"},{"id":null,"key":"CS_BatchContent_OnGetProperties_Help","value":"プロパティーが取得されたときに発行されるイベント。"},{"id":null,"key":"CS_BatchContent_OnResubmitBatch","value":"バッチの再処理依頼時"},{"id":null,"key":"CS_BatchContent_OnResubmitBatch_Help","value":"処理のためにバッチが正常に再処理依頼されたときに発行されるイベント。"},{"id":null,"key":"CS_BatchContent_OnRollbackBatch","value":"バッチのロールバック時"},{"id":null,"key":"CS_BatchContent_OnRollbackBatch_Help","value":"バッチが正常にロールバックされると発生するイベント。"},{"id":null,"key":"CS_BatchContent_OnSaveBatch","value":"バッチ保存時"},{"id":null,"key":"CS_BatchContent_OnSaveBatch_Help","value":"バッチが保存された場合に発行されるイベント。"},{"id":null,"key":"CS_BatchContent_OnSearchResults","value":"結果検索時"},{"id":null,"key":"CS_BatchContent_OnSearchResults_Help","value":"検索結果が正常に返されたときに発行されるイベント。"},{"id":null,"key":"CS_BatchContent_OnUpdateBatch","value":"バッチ更新時"},{"id":null,"key":"CS_BatchContent_OnUpdateBatch_Help","value":"バッチが更新されたときに発行されるイベント。"},{"id":null,"key":"CS_BatchContent_OnUpdateProperties","value":"プロパティー更新時"},{"id":null,"key":"CS_BatchContent_OnUpdateProperties_Help","value":"プロパティーが更新されたときに発行されるイベント。"},{"id":null,"key":"CS_Cancel","value":"キャンセル"},{"id":null,"key":"CS_Class_Selector_Svc_Error","value":"サービス・エラー"},{"id":null,"key":"CS_Class_Selector_Svc_Error_Help","value":"サービス呼び出しからエラーが返されたときに発生します。"},{"id":null,"key":"CS_ContentListFilter_Cancel","value":"キャンセル"},{"id":null,"key":"CS_ContentListFilter_Filter","value":"フィルター"},{"id":null,"key":"CS_ContentListFilter_OnCanceFilter","value":"キャンセル時"},{"id":null,"key":"CS_ContentListFilter_OnCancelFilter_Help","value":"キャンセル・ボタンがクリックされたときに発行されるイベント。"},{"id":null,"key":"CS_ContentListFilter_OnFilter","value":"フィルター時"},{"id":null,"key":"CS_ContentListFilter_OnFilter_Help","value":"フィルター・ボタンがクリックされた場合に発行されるイベント。"},{"id":null,"key":"CS_ContentListFilter_TypeName","value":"タイプ名"},{"id":null,"key":"CS_ContentListFilter_TypeName_Help","value":"オブジェクト・タイプを検索します。"},{"id":null,"key":"CS_ContentList_AcceptFileTypes","value":"有効なファイル・タイプ"},{"id":null,"key":"CS_ContentList_AcceptFileTypes_Help","value":"新しいドキュメントを追加するときに有効とされるファイル・タイプの拡張子を指定します (例えば、.dotx、.pdf、その他)。 指定しない場合、すべてのファイル・タイプが有効となります。"},{"id":null,"key":"CS_ContentList_Actions","value":"アクション"},{"id":null,"key":"CS_ContentList_AddButton","value":"追加"},{"id":null,"key":"CS_ContentList_Advanced","value":"拡張設定"},{"id":null,"key":"CS_ContentList_Behavior","value":"動作"},{"id":null,"key":"CS_ContentList_Columns","value":"列"},{"id":null,"key":"CS_ContentList_Columns_Help","value":"リスト内に表示する列。 カスタムの列プロパティーを持つ場合はこれらの値を設定します。それ以外の場合はデフォルト設定が使用されます。"},{"id":null,"key":"CS_ContentList_ConfigurationProperty","value":"構成プロパティー"},{"id":null,"key":"CS_ContentList_ConfigurationProperty_Help","value":"構成データが JSON 形式で格納されるプロパティーの名前。"},{"id":null,"key":"CS_ContentList_ConfigurationValues","value":"構成値"},{"id":null,"key":"CS_ContentList_ContentItems","value":"コンテンツ・アイテム"},{"id":null,"key":"CS_ContentList_ContentItems_Help","value":"表示される CSDocument オブジェクトのリスト。 ID プロパティーはドキュメント・オブジェクトの唯一の必須プロパティーです。"},{"id":null,"key":"CS_ContentList_ControllerProperty","value":"コントローラー・ドキュメント・プロパティー"},{"id":null,"key":"CS_ContentList_ControllerProperty_Help","value":"バッチ・コントローラーにリンクするドキュメント・クラスのオブジェクト値プロパティーの名前。"},{"id":null,"key":"CS_ContentList_DisableDnDAdd_Help","value":"ドラッグ・アンド・ドロップによるドキュメントの追加を無効にするにはこの設定をチェックします。"},{"id":null,"key":"CS_ContentList_DisabledValues","value":"無効にされた値"},{"id":null,"key":"CS_ContentList_DisabledValues_Help","value":"アイテムのアクションを無効にするプロパティー値を指定します。"},{"id":null,"key":"CS_ContentList_DisplayProgressIndicator","value":"ドキュメントの追加時に進行標識を表示します。"},{"id":null,"key":"CS_ContentList_DisplayProgressIndicator_Help","value":"ドキュメントを追加するときに進行標識を表示するには、このオプションをオンにします。"},{"id":null,"key":"CS_ContentList_EnableSearchFilter","value":"検索フィルターの有効化"},{"id":null,"key":"CS_ContentList_EnableSearchFilter_Help","value":"照会に使用する複数の検索パラメーターを指定するための検索フィルター・コンポーネントを表示し、リスト・ビューにその結果を表示します。"},{"id":null,"key":"CS_ContentList_Enable_Polling","value":"ドキュメントの状況のポーリングを有効にする"},{"id":null,"key":"CS_ContentList_Enable_Polling_Help","value":"設定した場合、追加されたドキュメントの状況を更新するためにポーリングが使用されます。"},{"id":null,"key":"CS_ContentList_ExtraProperties","value":"追加プロパティー"},{"id":null,"key":"CS_ContentList_ExtraProperties_Help","value":"結果セットの項目と一緒に返す追加のプロパティーを指定します。"},{"id":null,"key":"CS_ContentList_Filter_Help","value":"=各プロパティー値は、検索フィルターで AND 演算子で結合されます。"},{"id":null,"key":"CS_ContentList_Folder","value":"フォルダー"},{"id":null,"key":"CS_ContentList_FolderId","value":"フォルダー ID"},{"id":null,"key":"CS_ContentList_FolderId_Help","value":"フォルダーの ID またはパスを設定して、指定したフォルダーの内容でコンテンツ・リストを初期化します。 フォルダー ID の設定は、検索設定よりも優先されます。"},{"id":null,"key":"CS_ContentList_Height_Help","value":"コンテンツ・リスト・ビュー・ウィンドウの高さ。"},{"id":null,"key":"CS_ContentList_HideAction_Help","value":"このアクションをドロップダウン・メニューから削除する場合は、このアクション設定にチェック・マークを付けます。"},{"id":null,"key":"CS_ContentList_HideAddDialog","value":"ドキュメントを追加するときの追加ダイアログを非表示にする"},{"id":null,"key":"CS_ContentList_HideAddDialog_Help","value":"このオプションを選択して単一のドキュメント・タイプを構成した場合、ドキュメントは追加されますが「ドキュメントの追加」ダイアログは表示されません。"},{"id":null,"key":"CS_ContentList_HideAddDocument","value":"ドキュメントの追加を非表示にする"},{"id":null,"key":"CS_ContentList_HideAddFolder","value":"フォルダーの追加を非表示にする"},{"id":null,"key":"CS_ContentList_HideCancelCheckoutDoc","value":"ドキュメントのチェックアウトのキャンセルを非表示にする"},{"id":null,"key":"CS_ContentList_HideCheckoutDocument","value":"ドキュメントのチェックアウトを非表示にする"},{"id":null,"key":"CS_ContentList_HideCheckoutState","value":"状態のチェックアウトを非表示にする"},{"id":null,"key":"CS_ContentList_HideCheckoutState_Help","value":"チェックアウト状態アイコンの表示を有効/無効にするには、このオプションを選択します。"},{"id":null,"key":"CS_ContentList_HideDeleteDocument","value":"ドキュメントの削除を非表示にする"},{"id":null,"key":"CS_ContentList_HideDeleteFolder","value":"フォルダーの削除を非表示にする"},{"id":null,"key":"CS_ContentList_HideDownloadDocument","value":"ドキュメントのダウンロードを非表示にする"},{"id":null,"key":"CS_ContentList_HideEditDocument","value":"ドキュメントの編集を非表示にする"},{"id":null,"key":"CS_ContentList_HideEditDocumentProps","value":"ドキュメント・プロパティーの編集を非表示にする"},{"id":null,"key":"CS_ContentList_HideEditFolderProps","value":"フォルダー・プロパティーの編集を非表示にする"},{"id":null,"key":"CS_ContentList_HideRefresh","value":"リフレッシュの非表示"},{"id":null,"key":"CS_ContentList_HideRenameFolder","value":"フォルダーの名前変更を非表示にする"},{"id":null,"key":"CS_ContentList_HideSearchField","value":"検索フィールドを非表示にする"},{"id":null,"key":"CS_ContentList_HideSearchField_Help","value":"検索フィールドを表示しません。 検索パラメーターは構成設定で定義されます。"},{"id":null,"key":"CS_ContentList_HideUploadNewVersionDoc","value":"新規バージョンのドキュメントのアップロードを非表示にする"},{"id":null,"key":"CS_ContentList_HideViewDocument","value":"ドキュメントの表示を非表示にする"},{"id":null,"key":"CS_ContentList_IncludeTimeInDates","value":"日付プロパティーに時刻を含める"},{"id":null,"key":"CS_ContentList_IncludeTimeInDates_Help","value":"列プロパティーの日付値の時刻部分を表示します。"},{"id":null,"key":"CS_ContentList_InitialPageSize","value":"初期ページ・サイズ"},{"id":null,"key":"CS_ContentList_InitialPageSize_Help","value":"コンテンツ・リストでレンダリングするために返される結果セットのサイズ。 デフォルトのページ・サイズは 20 アイテムです。"},{"id":null,"key":"CS_ContentList_OnActionMenuOpen","value":"アクション・メニューのオープン時"},{"id":null,"key":"CS_ContentList_OnActionMenuOpen_Help","value":"アクション・メニューが開かれるときに発行されるイベント。 プロパティーを持つフォルダー・オブジェクトを渡します。"},{"id":null,"key":"CS_ContentList_OnAdd","value":"コンテンツ追加時"},{"id":null,"key":"CS_ContentList_OnAdd_Help","value":"ドキュメントまたはフォルダーが追加された場合に発行されるイベント。 contentItem オブジェクトを渡します。"},{"id":null,"key":"CS_ContentList_OnAllRowsSelected","value":"すべての行の選択時"},{"id":null,"key":"CS_ContentList_OnAllRowsSelected_Help","value":"このイベントは、ユーザーが「すべて選択」チェック・ボックスをクリックし、コンテンツ・リストが複数選択モードになっているときに呼び出されます。 渡されるパラメーター「selected」は、すべての行が選択されているか、行が 1 つも選択されていないかを示します。"},{"id":null,"key":"CS_ContentList_OnContextMenuOpen","value":"コンテキスト・メニューのオープン時"},{"id":null,"key":"CS_ContentList_OnContextMenuOpen_Help","value":"コンテキスト・メニューが開かれるときに発行されるイベント。 プロパティーを持つコンテンツ・オブジェクトを渡します。"},{"id":null,"key":"CS_ContentList_OnError","value":"エラー時"},{"id":null,"key":"CS_ContentList_OnError_Help","value":"サービス・エラーがあったときに送信されるイベント。"},{"id":null,"key":"CS_ContentList_OnFileClicked","value":"ファイル・クリック時"},{"id":null,"key":"CS_ContentList_OnFileClicked_Help","value":"メイン列でドキュメントが選択されると発生するイベント。 プロパティーを持つドキュメント・オブジェクトを渡します。"},{"id":null,"key":"CS_ContentList_OnFolderClicked","value":"フォルダー・クリック時"},{"id":null,"key":"CS_ContentList_OnFolderClicked_Help","value":"メイン列でフォルダーが選択されると発生するイベント。 プロパティーを持つフォルダー・オブジェクトを渡します。"},{"id":null,"key":"CS_ContentList_OnPollResults","value":"ポーリング結果の取得時"},{"id":null,"key":"CS_ContentList_OnPollResults_Help","value":"ドキュメントの状況が含まれるポーリング結果を受け取ると発行されます。"},{"id":null,"key":"CS_ContentList_OnResults","value":"結果の読み込み時"},{"id":null,"key":"CS_ContentList_OnResults_Help","value":"サービスから結果が返されたときに送信されるイベント。 コンテンツ・リストにレンダリングされたアイテムのリストを渡します。"},{"id":null,"key":"CS_ContentList_OnRowSelected","value":"行選択時"},{"id":null,"key":"CS_ContentList_OnRowSelected_Help","value":"ラジオ・ボタンまたはチェック・ボックスを使用して行が選択されると発生するイベント。 追加パラメーター: row (row.data.contentItemには、プロパティーを持つドキュメント・オブジェクトまたはフォルダー・オブジェクトが入ります) を渡します。"},{"id":null,"key":"CS_ContentList_Polling_Exit_Values","value":"出口プロパティー値のポーリング"},{"id":null,"key":"CS_ContentList_Polling_Exit_Values_Help","value":"ポーリングから返されたドキュメント・プロパティー値が、構成された値のいずれかである場合、ポーリングは停止します。"},{"id":null,"key":"CS_ContentList_Polling_Neg_Exit_Values","value":"出口プロパティーの負の値のポーリング"},{"id":null,"key":"CS_ContentList_Polling_Neg_Exit_Values_Help","value":"ポーリングから返されたドキュメント・プロパティー値が、構成された値のいずれでもない場合、ポーリングは停止します。"},{"id":null,"key":"CS_ContentList_Resources","value":"リソース"},{"id":null,"key":"CS_ContentList_Resources_Help","value":"外部リソース・バンドルに設定して、列ヘッダーとプロパティー・リスト・フィルター・ラベルのローカライズ済みストリング・リソースをプルします。"},{"id":null,"key":"CS_ContentList_RootFolderName","value":"ルート・フォルダー名"},{"id":null,"key":"CS_ContentList_RootFolderName_Help","value":"Content Services リポジトリーでフォルダー名の代わりに使用される、ルート・フォルダーの表示名。"},{"id":null,"key":"CS_ContentList_Search","value":"検索"},{"id":null,"key":"CS_ContentList_SearchFilterProperties","value":"検索フィルター・プロパティー"},{"id":null,"key":"CS_ContentList_SearchFilterProperties_Help","value":"リスト・ビューにデータを取り込むための照会に使用するプロパティーのセットを指定します。 各プロパティー値は、検索フィルターで AND 演算子で結合されます。"},{"id":null,"key":"CS_ContentList_SearchFolderId","value":"検索するフォルダーの ID"},{"id":null,"key":"CS_ContentList_SearchFolderId_Help","value":"検索を開始する対象フォルダーのフォルダー ID。 これは、検索範囲を特定のフォルダーに制限するためのオプションの設定です。 これを設定しない場合、オブジェクト・ストア全体が検索されます。"},{"id":null,"key":"CS_ContentList_SearchFor","value":"検索対象"},{"id":null,"key":"CS_ContentList_SearchFor_Help","value":"ドキュメントまたはフォルダーの項目を検索します。"},{"id":null,"key":"CS_ContentList_SearchOnlyFolder","value":"このフォルダーのみを検索"},{"id":null,"key":"CS_ContentList_SearchOnlyFolder_Help","value":"サブフォルダーの検索は含みません。"},{"id":null,"key":"CS_ContentList_SearchOperator","value":"演算子"},{"id":null,"key":"CS_ContentList_SearchOperator_Help","value":"「次で始まる」、「次で終了する」、「次を含む」、「次を含まない」、「\\=」、「<」、「>」、「<>」、「>\\=」、「<\\=」などの、使用する照会演算子。"},{"id":null,"key":"CS_ContentList_SearchProperty","value":"検索プロパティー"},{"id":null,"key":"CS_ContentList_SearchPropertyCardinality","value":"検索プロパティーのカーディナリティー"},{"id":null,"key":"CS_ContentList_SearchPropertyCardinality_Help","value":"検索プロパティーが単一値と複数値のどちらであるかを指定します。"},{"id":null,"key":"CS_ContentList_SearchPropertyType","value":"検索プロパティー・タイプ"},{"id":null,"key":"CS_ContentList_SearchPropertyType_Help","value":"指定された検索プロパティーのデータ型。"},{"id":null,"key":"CS_ContentList_SearchProperty_Help","value":"検索するプロパティーのシンボル・プロパティー名。"},{"id":null,"key":"CS_ContentList_SearchRootName","value":"ルート検索名"},{"id":null,"key":"CS_ContentList_SearchRootName_Help","value":"パンくずリストで使用するルート検索表示名"},{"id":null,"key":"CS_ContentList_SearchTextOptions","value":"テキスト・オプション"},{"id":null,"key":"CS_ContentList_SearchTextOptions_Help","value":"指定したプロパティー検索に加えて、コンテンツ・ベースの照会も含めるように検索を構成してください。"},{"id":null,"key":"CS_ContentList_SearchType","value":"検索タイプ"},{"id":null,"key":"CS_ContentList_SearchType_Help","value":"特定のタイプのオブジェクトを検索します。"},{"id":null,"key":"CS_ContentList_SearchValue","value":"デフォルト値"},{"id":null,"key":"CS_ContentList_SearchValue_Help","value":"検索する値。 空白のままにする場合は、実行時にユーザーが値を入力して検索を実行できます。"},{"id":null,"key":"CS_ContentList_SecondaryProperty","value":"状態の 2 次プロパティー"},{"id":null,"key":"CS_ContentList_SecondaryProperty_Help","value":"カスタム・セカンダリー状態プロパティーとして使用するプロパティーを選択します。"},{"id":null,"key":"CS_ContentList_SelectionMode","value":"選択モード"},{"id":null,"key":"CS_ContentList_SelectionMode_Help","value":"単一選択、複数選択、または選択なし。"},{"id":null,"key":"CS_ContentList_ShowCustomState","value":"カスタム状態を表示する"},{"id":null,"key":"CS_ContentList_ShowCustomState_Help","value":"カスタム状態アイコンの表示を有効/無効にするには、このオプションを選択します。"},{"id":null,"key":"CS_ContentList_SortOrder","value":"ソート順序"},{"id":null,"key":"CS_ContentList_SortOrder_Help","value":"デフォルトのソート方向、昇順または降順。"},{"id":null,"key":"CS_ContentList_SortProperty","value":"プロパティーでソート"},{"id":null,"key":"CS_ContentList_SortProperty_Help","value":"結果セットをソートするために使用するプロパティーを選択します。"},{"id":null,"key":"CS_ContentList_StateProperty","value":"状態プロパティー"},{"id":null,"key":"CS_ContentList_StateProperty_Help","value":"カスタム状態プロパティーとして使用するプロパティーを選択します。"},{"id":null,"key":"CS_ContentList_Status_Polling_Interval","value":"状況のポーリング間隔"},{"id":null,"key":"CS_ContentList_Status_Polling_Interval_Help","value":"追加されたドキュメントの状況をポーリングする要求の実行間隔の秒数。"},{"id":null,"key":"CS_ContentList_Status_Polling_Property","value":"状況プロパティーのポーリング"},{"id":null,"key":"CS_ContentList_Status_Polling_Property_Help","value":"追加されたドキュメントの状況を取得するためにポーリングされるプロパティー。"},{"id":null,"key":"CS_ContentList_Status_Polling_Timeout","value":"1 ドキュメントあたりのポーリング・タイムアウト"},{"id":null,"key":"CS_ContentList_Status_Polling_Timeout_Help","value":"終了条件が満たされなかった場合にポーリングが停止するまでの 1 ドキュメントあたりの秒数。"},{"id":null,"key":"CS_ContentList_TableRowHeight","value":"テーブルの行の高さ"},{"id":null,"key":"CS_ContentList_TableRowHeight_Help","value":"コンテンツ・リスト・テーブルの行の高さを指定するために使用される設定。"},{"id":null,"key":"CS_ContentList_Width_Help","value":"コンテンツ・リスト・ビュー・ウィンドウの幅。"},{"id":null,"key":"CS_ContentLlist_DisableDnDAdd","value":"ドラッグ・アンド・ドロップによる追加を無効にする"},{"id":null,"key":"CS_ContentLlist_Polling_Neg_Exit_Values_Help","value":"ポーリングから返されたドキュメント・プロパティー値が、構成された値のいずれでもない場合、ポーリングは停止します。"},{"id":null,"key":"CS_ContentViewer_FitHeight","value":"高さを合わせる"},{"id":null,"key":"CS_ContentViewer_FitWidth","value":"幅に合わせる"},{"id":null,"key":"CS_ContentViewer_Height","value":"高さ"},{"id":null,"key":"CS_ContentViewer_OnLoad","value":"ロード時"},{"id":null,"key":"CS_ContentViewer_Width","value":"幅"},{"id":null,"key":"CS_ContestList_MaxAddDocs_Help","value":"ユーザーが同時に追加できるドキュメントの最大数を指定します。 デフォルトの最大値は 50ですが、最大値は 300 まで設定できます。"},{"id":null,"key":"CS_DeleteObject_OnDeleteObject","value":"オブジェクトの削除時"},{"id":null,"key":"CS_DeleteObject_OnDeleteObjectHelp","value":"オブジェクトが削除された後に発行されるイベント。"},{"id":null,"key":"CS_DepDocPropertiesProperty","value":"依存ドキュメントのプロパティー"},{"id":null,"key":"CS_DepDocPropertiesProperty_Help","value":"表示する JSON 値を含むドキュメントを指すオブジェクト値プロパティーのシンボル名。"},{"id":null,"key":"CS_DepDocumentProperties_OnError","value":"エラー時"},{"id":null,"key":"CS_DepDocumentProperties_OnError_Help","value":"プロパティー値の取得でエラーが発生した場合に発行されるイベント。"},{"id":null,"key":"CS_DocumentReference_AddDocMode","value":"ドキュメント追加モード"},{"id":null,"key":"CS_DocumentReference_AddDocMode_Help","value":"ドキュメントの追加処理を制御する設定。追加をサポートしないようにする場合は「なし」を選択します。「UI を追加しない」は UI を表示しません。「追加」とプロパティーを指定すると、「ドキュメントの追加」ダイアログが表示されます。"},{"id":null,"key":"CS_DocumentReference_AllowsActions","value":"アクションの許可"},{"id":null,"key":"CS_DocumentReference_AllowsActions_Help","value":"ビュー・コンポーネントでコンテンツ管理アクションのドロップダウン・コンテキスト・メニューを有効にします。"},{"id":null,"key":"CS_DocumentReference_AllowsRemoveDoc","value":"ドキュメントのクリアを許可"},{"id":null,"key":"CS_DocumentReference_AllowsRemoveDoc_Help","value":"ビュー・コンポーネントでドキュメントのクリア・アクションを有効にします。このアクションは、ドキュメントをビューからのみクリアし、リポジトリーからは削除しません。"},{"id":null,"key":"CS_DocumentReference_DocumentId","value":"ドキュメント ID"},{"id":null,"key":"CS_DocumentReference_DocumentId_Help","value":"このビューにロードするドキュメントの ID。"},{"id":null,"key":"CS_DocumentReference_EnableTitleAction","value":"Enable title click action"},{"id":null,"key":"CS_DocumentReference_EnableTitleAction_Help","value":"Enables the document title text to be clickable and will execute the first action in the context menu."},{"id":null,"key":"CS_DocumentReference_HelperText","value":"ヘルパー・テキスト"},{"id":null,"key":"CS_DocumentReference_HelperText_Help","value":"入力フィールドの下に表示されるヘルパー・テキスト。"},{"id":null,"key":"CS_DocumentReference_HintText","value":"ヒント・テキスト"},{"id":null,"key":"CS_DocumentReference_HintText_Help","value":"ドキュメントが指定されていないときにフィールドに表示するヒント・テキスト。"},{"id":null,"key":"CS_DocumentReference_OnClear","value":"クリア時"},{"id":null,"key":"CS_DocumentReference_OnClear_Help","value":"ユーザーがクリア・アクションを呼び出すときに発行されるイベント。"},{"id":null,"key":"CS_DocumentReference_ViewMode","value":"表示モード"},{"id":null,"key":"CS_DocumentReference_ViewMode_Help","value":"ドキュメントの MIME タイプとタイトルを表示するには「通常 (Normal)」に設定し、ドキュメントのサムネールとタイトルを表示するには「サムネール (Thumbnail)」に設定します。"},{"id":null,"key":"CS_Document_Classes","value":"ドキュメント・クラス"},{"id":null,"key":"CS_Document_Classes_Help","value":"新規ドキュメントを追加するときに表示されるドキュメント・クラスのセット。 設定されていない場合、ドキュメント・クラスはサーバーから取得されます。 ここに入力された名前はユーザーに表示され、値は各ドキュメント・クラスのシンボル名に対応します。"},{"id":null,"key":"CS_FileDropZone_AcceptFileTypes","value":"有効なファイル・タイプ"},{"id":null,"key":"CS_FileDropZone_AcceptFileTypes_Help","value":"ファイル・ドロップ・ゾーンで有効とされるファイル・タイプを指定します。 ファイル・タイプは、「ファイル、ドット、拡張子ストリング」の形式で指定する必要があります。"},{"id":null,"key":"CS_FileDropZone_DetailMessage","value":"詳細メッセージ"},{"id":null,"key":"CS_FileDropZone_DetailMessage_Help","value":"ファイル・ドロップ・ゾーンの上に表示されるメッセージ・ストリング。"},{"id":null,"key":"CS_FileDropZone_DocumentType","value":"ドキュメント・タイプ"},{"id":null,"key":"CS_FileDropZone_DocumentType_Help","value":"ドキュメントを追加する際に使用するドキュメント・タイプ。 設定されていない場合、デフォルトのドキュメント・タイプが使用されます。"},{"id":null,"key":"CS_FileDropZone_FolderId_Help","value":"ドキュメントが追加されるフォルダーのフォルダー ID。 指定しない場合は、ドキュメントはファイリングされません。"},{"id":null,"key":"CS_FileDropZone_Height_Help","value":"ファイル・ドロップ・ゾーン域の高さ。"},{"id":null,"key":"CS_FileDropZone_MaxAddDoc","value":"追加できるドキュメントの最大数"},{"id":null,"key":"CS_FileDropZone_MaxAddDoc_Help","value":"ユーザーが同時に追加できるドキュメントの最大数を指定します。 デフォルトの最大数は 50 です。"},{"id":null,"key":"CS_FileDropZone_MaxDocumentSize","value":"ドキュメントの最大サイズ"},{"id":null,"key":"CS_FileDropZone_MaxDocumentSize_Help","value":"追加可能なドキュメントの最大サイズ (KB)。 サイズの 0 は、無制限を意味します。"},{"id":null,"key":"CS_FileDropZone_Width_Help","value":"ファイル・ドロップ・ゾーン域の幅。"},{"id":null,"key":"CS_Folder_Classes","value":"フォルダー・クラス"},{"id":null,"key":"CS_Folder_Classes_Help","value":"新規フォルダーを追加するときに表示されるフォルダー・クラスのセット。 設定されていない場合、フォルダー・クラスはサーバーから取得されます。 ここに入力された名前はユーザーに表示され、値は各フォルダー・クラスのシンボル名に対応します。"},{"id":null,"key":"CS_GetContent_OnContentReceived","value":"コンテンツ受信時"},{"id":null,"key":"CS_GetContent_OnContentReceived_Help","value":"応答でドキュメントの内容が戻された場合に発行されるイベント。"},{"id":null,"key":"CS_GetContent_OnGetClassAccess","value":"クラス・アクセス権限の取得時"},{"id":null,"key":"CS_GetContent_OnGetClassAccess_Help","value":"クラス・アクセス権限の取得への応答が返された場合に発行されるイベント。"},{"id":null,"key":"CS_GetContent_OnPropertiesUpdated","value":"プロパティー更新時"},{"id":null,"key":"CS_GetContent_OnPropertiesUpdated_Help","value":"プロパティーが取得されてコンテンツ・アイテム・オブジェクトで更新されると発生するイベント。"},{"id":null,"key":"CS_Height","value":"高さ"},{"id":null,"key":"CS_Hide_Time_Picker","value":"日時値の編集時に時間ピッカーを非表示にする"},{"id":null,"key":"CS_Hide_Time_Picker_Help","value":"これを設定すると、日時の値の時間の部分を編集するためのインターフェースが非表示になります。"},{"id":null,"key":"CS_Modal_OnCancel","value":"キャンセル時"},{"id":null,"key":"CS_Modal_OnCancel_Help","value":"ユーザーがモーダル・ビューをキャンセルで終了すると発生するイベント。"},{"id":null,"key":"CS_OK","value":"OK"},{"id":null,"key":"CS_ObjectStoreName","value":"リポジトリー名"},{"id":null,"key":"CS_ObjectStoreName_Help","value":"Content Platform Engine の管理コンソールからのオブジェクト・ストア名"},{"id":null,"key":"CS_On_Class_Selected","value":"クラス選択時"},{"id":null,"key":"CS_On_Class_Selected_Help","value":"ユーザーがクラスを選択すると発生するイベント。"},{"id":null,"key":"CS_ProgressIndicator_OnClose","value":"クローズ時"},{"id":null,"key":"CS_ProgressIndicator_OnClose_Help","value":"進行標識を閉じると発行されます。"},{"id":null,"key":"CS_ProgressIndicator_OnFileRemoved","value":"ファイル削除時"},{"id":null,"key":"CS_ProgressIndicator_OnFileRemoved_Help","value":"保留中のファイルが進行標識から除去された場合に発行されます。"},{"id":null,"key":"CS_PropertyList_Display_Edit","value":"プロパティー値を編集するためのボタンを表示する"},{"id":null,"key":"CS_PropertyList_Display_Edit_Help","value":"ツールバーに、ユーザーがプロパティー値を編集するためのボタンを表示します。"},{"id":null,"key":"CS_PropertyPoller_OnError","value":"エラー時"},{"id":null,"key":"CS_PropertyPoller_OnError_Help","value":"プロパティーのポーリングでエラーが発生した場合に発行されます。"},{"id":null,"key":"CS_PropertyPoller_OnResults","value":"結果の取得時"},{"id":null,"key":"CS_PropertyPoller_OnResults_Help","value":"ポーリング要求から結果を受け取ると発行されます。"},{"id":null,"key":"CS_PropertyPoller_OnStatus","value":"プロパティー情報が戻されたとき"},{"id":null,"key":"CS_PropertyPoller_OnStatus_Help","value":"サーバーに対するプロパティー情報のポーリングでデータが返された場合に発行されます。"},{"id":null,"key":"CS_Query_ExecuteOnChange","value":"変更に対して検索を実行"},{"id":null,"key":"CS_Query_ExecuteOnChange_Help","value":"コンポーネントでビューの変更イベントが発生したときに、構成済みの検索を実行します。"},{"id":null,"key":"CS_Query_ExecuteOnView","value":"ビューでの検索の実行"},{"id":null,"key":"CS_Query_ExecuteOnView_Help","value":"コンポーネントで Coach ビュー・イベントが発生したときに、構成済みの検索を実行します。"},{"id":null,"key":"CS_Query_MaxResults","value":"結果の最大件数"},{"id":null,"key":"CS_Query_MaxResults_Help","value":"照会から返す結果の最大数。"},{"id":null,"key":"CS_Query_OnError","value":"エラー時"},{"id":null,"key":"CS_Query_OnError_Help","value":"エラーが発生した場合に発行されます。"},{"id":null,"key":"CS_Query_OnSearchResults","value":"結果検索時"},{"id":null,"key":"CS_Query_OnSearchResults_Help","value":"検索結果がサーバーから返された場合に発行されます。"},{"id":null,"key":"CS_Query_ResultProperties","value":"結果プロパティー"},{"id":null,"key":"CS_Query_ResultProperties_Help","value":"検索結果に返されるプロパティーのシンボル名。"},{"id":null,"key":"CS_Query_SearchValue","value":"検索値"},{"id":null,"key":"CS_Query_SearchValue_Help","value":"検索する値。"},{"id":null,"key":"CS_RepositoryId","value":"リポジトリー ID"},{"id":null,"key":"CS_RepositoryId_Help","value":"IBM Navigator からのリポジトリー ID。 この値はドキュメント・ビューアーによって使用されます。"},{"id":null,"key":"CS_Save","value":"保存"},{"id":null,"key":"CS_SummaryCard_Details","value":"詳細"},{"id":null,"key":"CS_SummaryCard_Details_Help","value":"要約カードの詳細セクションに表示されます。"},{"id":null,"key":"CS_SummaryCard_DisplayHelpIcon","value":"ヘルプ・アイコンの表示"},{"id":null,"key":"CS_SummaryCard_DisplayHelpIcon_Help","value":"チェック・ボックスがオンの場合、カードにヘルプ・アイコンが表示されます。"},{"id":null,"key":"CS_SummaryCard_HelpLearnMoreUrl","value":"ヘルプの詳細の URL"},{"id":null,"key":"CS_SummaryCard_HelpLearnMoreUrl_Help","value":"「詳細」情報へのリンク。 設定されると、ヘルプ・ツールチップにボタンが表示され、これをクリックすると、リンクに指定されたページが表示されます。"},{"id":null,"key":"CS_SummaryCard_HelpText","value":"ヘルプ・テキスト"},{"id":null,"key":"CS_SummaryCard_HelpText_Help","value":"ユーザーがヘルプ・アイコンをクリックするとツールチップに表示されるメッセージ ID またはテキスト。"},{"id":null,"key":"CS_SummaryCard_OnClick","value":"クリック時"},{"id":null,"key":"CS_SummaryCard_OnClick_Help","value":"要約カードがクリックされたときに発行されます。"},{"id":null,"key":"CS_SummaryCard_Title","value":"タイトル"},{"id":null,"key":"CS_SummaryCard_Title_Help","value":"要約カードのタイトルとして表示されます。"},{"id":null,"key":"CS_Upload","value":"アップロード"},{"id":null,"key":"CS_UploadContent_OnContentAdded","value":"コンテンツ追加時"},{"id":null,"key":"CS_UploadContent_OnContentAdded_Help","value":"コンテンツが正常にアップロードされた場合に発行されるイベント。"},{"id":null,"key":"CS_UploadContent_OnError","value":"エラー時"},{"id":null,"key":"CS_UploadContent_OnError_Help","value":"コンテンツのアップロードでエラーが発生した場合に発行されるイベント。"},{"id":null,"key":"CS_UploadVersion_OnUploadVersion","value":"バージョンのアップロード時"},{"id":null,"key":"CS_UploadVersion_OnUploadVersionHelp","value":"ドキュメントの新しいバージョンがアップロードされると発行されるイベント。"},{"id":null,"key":"CS_Width","value":"幅"}]}