{"data":{"metadata":{"paId":"2066.bd3841e7-7c78-4b6b-aa2b-1f9cc91afc9a","paShortName":"SYSCST","snapshotId":"2064.e56cae0e-3219-4db7-9465-459fadbe1e83","snapshotName":"Aug282025v2","name":"Content Services"},"defaults":{"entry":[{"type":"S","value":""},{"type":"B","value":false},{"type":"I","value":0},{"type":"D","value":0.0},{"type":"DT","value":null},{"type":"DT","value":null}]},"templates":{"variableTemplates":[{"modelId":"1.0f21d8fb-7b5e-4333-8c6a-f02ec0862105","parentId":"1.0f21d8fb-7b5e-4333-8c6a-f02ec0862105","variableTemplate":[{"id":"2055.4b0b966a-c290-4c0f-81e0-fa30b0094dc6","name":"data","boTemplateName":"CSC"},{"id":"2055.7deaf182-fccb-4b93-82ab-be875feab4c3","name":"results","boTemplateName":"A"},{"id":"2055.9dd5038b-f3b5-438f-8de2-de277111f9fe","name":"error","boTemplateName":"Aja"}]}],"boTemplate":[{"id":"12.4a6d8270-cb42-4983-97ca-41706411e4ec","name":"CSC","property":[{"name":"serverInfo","type":"S","isList":false},{"name":"appResourceInfo","type":"A","isList":false},{"name":"csrfToken","type":"S","isList":false},{"name":"query","type":"S","isList":false}]},{"id":"12.5551644c-3dc6-4161-a939-4e7f27f8ce45","name":"Aja","property":[{"name":"errorText","type":"S","isList":false},{"name":"errorCode","type":"S","isList":false},{"name":"serviceInError","type":"S","isList":false}]}]},"model":{"rootElement":[{"extensionElements":{"userTaskImplementation":[{"flowElement":[{"parallelMultiple":false,"outgoing":["2027.5f331806-783e-42d7-8d30-c2f485cd3f41"],"isInterrupting":true,"extensionElements":{"default":["2027.5f331806-783e-42d7-8d30-c2f485cd3f41"],"nodeVisualInfo":[{"color":"#F8F8F8","width":24,"x":50,"y":200,"declaredType":"TNodeVisualInfo","height":24}]},"name":"Start","declaredType":"startEvent","id":"31ed8e1b-3d4a-4bed-870b-753764b5539d"},{"incoming":["2027.b6b52adc-6d14-4cbc-8ad1-c942ea06e5fb"],"extensionElements":{"nodeVisualInfo":[{"color":"#F8F8F8","width":24,"x":700,"y":200,"declaredType":"TNodeVisualInfo","height":24}],"navigationInstructions":[{"targetType":"Default","declaredType":"com.ibm.bpmsdk.model.bpmn20.ibmext.TNavigationInstructions"}]},"name":"End","declaredType":"endEvent","id":"85df60ec-53ba-4165-81cb-d24f6f3d599a"},{"startQuantity":1,"outgoing":["2027.b6b52adc-6d14-4cbc-8ad1-c942ea06e5fb"],"incoming":["2027.5f331806-783e-42d7-8d30-c2f485cd3f41"],"default":"2027.b6b52adc-6d14-4cbc-8ad1-c942ea06e5fb","extensionElements":{"nodeVisualInfo":[{"color":"#95D087","width":95,"x":301,"y":177,"declaredType":"TNodeVisualInfo","height":70}]},"name":"Get Versions Service","isForCompensation":false,"completionQuantity":1,"declaredType":"scriptTask","id":"2025.9b0eb1d5-7075-4901-8006-9d96ebb87377","scriptFormat":"text/x-javascript","script":{"content":["console.debug(\"****BEGIN Script Get Versions Service****\");\r\n\r\ntw.system.waitForContinueFlow();\r\n\r\nvar serviceName =\"getVersionsService\";\r\n\r\nvar csrfToken = tw.local.data && tw.local.data.csrfToken;\r\nvar appServerResource = tw.local.data && tw.local.data.serverInfo;\r\nvar appResourceInfo = tw.local.data && tw.local.data.appResourceInfo;\r\nvar query = tw.local.data && tw.local.data.query;\r\n\r\nvar options = {\r\n\tmethod: \"POST\",\r\n\tctxRoot: appResourceInfo.ctxRoot,\r\n\tpath: appResourceInfo.path,\r\n\tpayload: {\r\n\t\tquery: query,\r\n\t\tvariables: null,\r\n\t\toperationName: null\r\n\t},\r\n\theaders: {\r\n\t\t\"ECM-CS-XSRF-Token\": csrfToken,\r\n\t\tCookie: \"ECM-CS-XSRF-Token=\" + csrfToken,\r\n\t\t\"Accept-Language\": tw.system.user.locale\r\n\t}\r\n};\r\n\r\nconsole.debug(\"Options: \", options);\t\r\nconsole.debug(\"****PAYLOAD: \", query);\r\nconsole.debug(\"****CALLING performRequest****\");\r\n\r\ntw.system.performRequest(appServerResource, options, function(response, httpStatus) {\r\n\r\n\tconsole.debug(\"performRequest response: \", response);\r\n\tconsole.debug(\"performRequest httpStatus: \", httpStatus);\r\n\r\n\tif (httpStatus.statusCode != 200) {\r\n\t\ttw.local.error = {};\r\n\t\ttw.local.error.errorCode = httpStatus.statusCode;\r\n\t\ttw.local.error.errorText = response;\r\n\t\ttw.local.error.serviceInError = serviceName;\r\n\t} else {\r\n\t\tvar resultsJson = JSON.parse(response);\r\n\t\tif (resultsJson.errors) {\r\n\t\t\tvar error = resultsJson.errors[0];\r\n\t\t\ttw.local.error = {};\r\n\t\t\ttw.local.error.errorCode = error.extensions ? error.extensions.errorCode ?  error.extensions.errorCode : error.errorType : error.errorType;\r\n\t\t\ttw.local.error.errorText = error.extensions ? error.extensions.explanation ? error.extensions.explanation : error.message : error.message;\r\n\t\t\ttw.local.error.serviceInError = serviceName;\r\n\t\t} else {\r\n\t\t\ttw.local.results = resultsJson;\r\n\t\t}\r\n\t}\r\n\t\r\n\t// Signal to engine that flow can continue past this Script‌\r\n\ttw.system.continueFlow();\r\n}, function (err) {\r\n\tconsole.error(\"performRequest failed: \", err);\r\n\r\n\ttw.local.error = JSON.stringify(err);\r\n\t\r\n\t// Signal to engine that flow can continue past this Script‌\r\n\ttw.system.continueFlow();\r\n});\r\n\t\r\nconsole.debug(\"At the end of the script step pending response from Graphql\");\r\n"]}},{"targetRef":"2025.9b0eb1d5-7075-4901-8006-9d96ebb87377","extensionElements":{"linkVisualInfo":[{"sourcePortLocation":"rightCenter","showCoachControlLabel":false,"labelPosition":0.0,"targetPortLocation":"leftCenter","declaredType":"TLinkVisualInfo","saveExecutionContext":false,"showLabel":false}]},"name":"To Get Versions Service","declaredType":"sequenceFlow","id":"2027.5f331806-783e-42d7-8d30-c2f485cd3f41","sourceRef":"31ed8e1b-3d4a-4bed-870b-753764b5539d"},{"targetRef":"85df60ec-53ba-4165-81cb-d24f6f3d599a","extensionElements":{"sequenceFlowImplementation":[{"fireValidation":"Never","sboSyncEnabled":true,"declaredType":"com.ibm.bpmsdk.model.bpmn20.ibmext.TSequenceFlowImplementation"}],"linkVisualInfo":[{"sourcePortLocation":"rightCenter","showCoachControlLabel":false,"labelPosition":0.0,"targetPortLocation":"leftCenter","declaredType":"TLinkVisualInfo","saveExecutionContext":true,"showLabel":false}]},"name":"To End","declaredType":"sequenceFlow","id":"2027.b6b52adc-6d14-4cbc-8ad1-c942ea06e5fb","sourceRef":"2025.9b0eb1d5-7075-4901-8006-9d96ebb87377"}],"isClosed":false,"declaredType":"com.ibm.bpmsdk.model.bpmn20.ibmext.TUserTaskImplementation","id":"8cefe67d-e098-486d-8638-7154fa5ad7b9","processType":"None"}]},"implementation":"##unspecified","documentation":[{"textFormat":"text/plain"}],"name":"getVersionsService","declaredType":"globalUserTask","id":"1.0f21d8fb-7b5e-4333-8c6a-f02ec0862105","ioSpecification":{"dataOutput":[{"itemSubjectRef":"itm.12.c09c9b6e-aabd-4897-bef2-ed61db106297","name":"results","isCollection":false,"id":"2055.7deaf182-fccb-4b93-82ab-be875feab4c3"},{"itemSubjectRef":"itm.12.5551644c-3dc6-4161-a939-4e7f27f8ce45","name":"error","isCollection":false,"id":"2055.9dd5038b-f3b5-438f-8de2-de277111f9fe"}],"inputSet":[{}],"outputSet":[{}],"dataInput":[{"itemSubjectRef":"itm.12.4a6d8270-cb42-4983-97ca-41706411e4ec","name":"data","isCollection":false,"id":"2055.4b0b966a-c290-4c0f-81e0-fa30b0094dc6"}]}}],"targetNamespace":"","typeLanguage":"http://www.w3.org/2001/XMLSchema","expressionLanguage":"http://www.ibm.com/xmlns/prod/bpm/expression-lang/javascript","id":"1.0f21d8fb-7b5e-4333-8c6a-f02ec0862105"}},"status":"200"}