{"data":{"metadata":{"paId":"2066.bd3841e7-7c78-4b6b-aa2b-1f9cc91afc9a","paShortName":"SYSCST","snapshotId":"2064.e56cae0e-3219-4db7-9465-459fadbe1e83","snapshotName":"Aug282025v2","name":"Content Services"},"defaults":{"entry":[{"type":"S","value":""},{"type":"B","value":false},{"type":"I","value":0},{"type":"D","value":0.0},{"type":"DT","value":null},{"type":"DT","value":null}]},"templates":{"variableTemplates":[{"modelId":"1.7c18315e-ab0c-4bdf-9a57-a3fc44171c76","parentId":"1.7c18315e-ab0c-4bdf-9a57-a3fc44171c76","variableTemplate":[{"id":"2055.27e53116-db61-4fc5-894e-2aabba4d4b90","name":"data","boTemplateName":"CSR"},{"id":"2055.8b631b67-bfd4-4525-8bc3-cc5ed2c8eeed","name":"results","boTemplateName":"A"},{"id":"2055.58bfd6d8-2f0e-4daf-828b-4e0a9c2fc783","name":"error","boTemplateName":"Aja"}]}],"boTemplate":[{"id":"12.a82cf915-d3af-4ff7-9f1e-75191deae932","name":"CSR","property":[{"name":"folderId","type":"S","isList":false},{"name":"folderName","type":"S","isList":false},{"name":"repository","type":"S","isList":false},{"name":"serverAppResource","type":"S","isList":false},{"name":"csrfToken","type":"S","isList":false}]},{"id":"12.5551644c-3dc6-4161-a939-4e7f27f8ce45","name":"Aja","property":[{"name":"errorText","type":"S","isList":false},{"name":"errorCode","type":"S","isList":false},{"name":"serviceInError","type":"S","isList":false}]}]},"model":{"rootElement":[{"extensionElements":{"userTaskImplementation":[{"flowElement":[{"parallelMultiple":false,"outgoing":["2027.c7ca8434-bd75-47b7-8587-f95e8518eddb"],"isInterrupting":true,"extensionElements":{"nodeVisualInfo":[{"color":"#F8F8F8","width":24,"x":50,"y":200,"declaredType":"TNodeVisualInfo","height":24}]},"name":"Start","declaredType":"startEvent","id":"1a264b9d-1844-4a1c-8289-3ec14fddde6a"},{"incoming":["2027.970948de-b957-4216-8d28-2e460b71517e"],"extensionElements":{"nodeVisualInfo":[{"color":"#F8F8F8","width":24,"x":695,"y":200,"declaredType":"TNodeVisualInfo","height":24}],"navigationInstructions":[{"targetType":"Default","declaredType":"com.ibm.bpmsdk.model.bpmn20.ibmext.TNavigationInstructions"}]},"name":"End","declaredType":"endEvent","id":"528820ff-ed6d-4fe0-8ca0-4d86a15ce661"},{"targetRef":"2025.c852bb01-dc0b-45cb-8239-0fcc70a618bd","extensionElements":{"linkVisualInfo":[{"sourcePortLocation":"rightCenter","showCoachControlLabel":false,"labelPosition":0.0,"targetPortLocation":"leftCenter","declaredType":"TLinkVisualInfo","saveExecutionContext":false,"showLabel":false}]},"name":"Start to End","declaredType":"sequenceFlow","id":"2027.c7ca8434-bd75-47b7-8587-f95e8518eddb","sourceRef":"1a264b9d-1844-4a1c-8289-3ec14fddde6a"},{"startQuantity":1,"outgoing":["2027.970948de-b957-4216-8d28-2e460b71517e"],"incoming":["2027.c7ca8434-bd75-47b7-8587-f95e8518eddb"],"default":"2027.970948de-b957-4216-8d28-2e460b71517e","extensionElements":{"nodeVisualInfo":[{"width":95,"x":327,"y":177,"declaredType":"TNodeVisualInfo","height":70}]},"name":"Rename Folder","isForCompensation":false,"completionQuantity":1,"declaredType":"scriptTask","id":"2025.c852bb01-dc0b-45cb-8239-0fcc70a618bd","scriptFormat":"text/x-javascript","script":{"content":["console.debug(\"****BEGIN Script Rename Folder****\");\r\n\r\n//tw.system.disableAutoContinue = true;‌\r\ntw.system.waitForContinueFlow();\r\n\r\nvar serviceName =\"renameFolder\";\r\n\r\nvar csrfToken = tw.local.data && tw.local.data.csrfToken;\r\nvar appServerResource = tw.local.data && tw.local.data.serverAppResource;\r\nvar repository = tw.local.data && tw.local.data.repository;\r\nvar folderId = tw.local.data && tw.local.data.folderId; \r\nvar folderName = tw.local.data && tw.local.data.folderName;\r\n\r\nvar QUERY = \"mutation {\" + \"\\n\" +\r\n\t\"updateFolder(\" + \"\\n\" +\r\n\t\t\"repositoryIdentifier: \\\"\" + repository + \"\\\",\" + \"\\n\" +\r\n    \t\t\"identifier: \\\"\" + folderId + \"\\\",\" + \"\\n\" +\r\n    \t\t\"folderProperties: {\" + \"\\n\" +\r\n    \t\t\t\"properties: [\" + \"\\n\" +\r\n        \t\t\t\"{FolderName: \\\"\" + folderName + \"\\\"}\" + \"\\n\" + \r\n      \t\t\"]\" + \"\\n\" +\r\n  \t\t\"}\" + \"\\n\" +\r\n    \t\")\" + \"\\n\" + \r\n\t\"{\" + \"\\n\" +\r\n\t\t\"className\" + \"\\n\" +\r\n\t\t\"creator\" + \"\\n\" +\r\n\t\t\"name\" + \"\\n\" +\r\n\t\t\"id\" + \"\\n\" +\r\n\t\t\"owner\" + \"\\n\" +\r\n\t\t\"accessAllowed\" + \"\\n\" +\r\n\t\t\"pathName\" + \"\\n\" +\r\n\t\t\"parent {\" + \"\\n\" +\r\n\t\t\t\"name\" + \"\\n\" +\r\n\t\t\"}\" + \"\\n\" +\r\n\t\t\"properties(includes:[\\\"FolderName\\\", \\\"PathName\\\"]) {\" + \"\\n\" +\r\n      \t\t\"id\" + \"\\n\" +\r\n      \t\t\"label\" + \"\\n\" +\r\n      \t\t\"type\" + \"\\n\" +\r\n      \t\t\"cardinality\" + \"\\n\" +\r\n      \t\t\"value\" + \"\\n\" +\r\n\t\t\"}\" + \"\\n\" +\r\n\t\"}\" + \"\\n\" +\r\n\"}\";\r\n\r\nconsole.debug(\"Calling lookupDBARegistry\");\r\ntw.system.lookupDBARegistry(appServerResource, function(response) {\r\n\r\n\tvar options = {\r\n\t\tmethod: \"POST\",\r\n\t\tpayload: {\r\n\t\t\tquery: QUERY,\r\n\t\t\tvariables: null,\r\n\t\t\toperationName: null\r\n\t\t},\r\n\t\theaders: {\r\n\t\t\t\"ECM-CS-XSRF-Token\": csrfToken,\r\n\t\t\tCookie: \"ECM-CS-XSRF-Token=\" + csrfToken,\r\n\t\t\t\"Accept-Language\": tw.system.user.locale\r\n\t\t}\r\n\t};\r\n\t\r\n\t// Add the context root and path if they are missing for backward compatibility\r\n\tif (!response.ctxRoot){\r\n\t\toptions.ctxRoot = \"/content-services-graphql\";\r\n\t}\r\n\tif (!response.path){\r\n\t\toptions.path = \"/graphql\";\r\n\t}\t\r\n\tconsole.debug(\"Options: \", options);\t\r\n\tconsole.debug(\"****PAYLOAD: \", QUERY);\r\n\tconsole.debug(\"****CALLING performRequest****\");\r\n\t\r\n\ttw.system.performRequest(appServerResource, options, function(response, httpStatus) {\r\n\t\r\n\t\tconsole.debug(\"performRequest response: \", response);\r\n\t\tconsole.debug(\"performRequest httpStatus: \", httpStatus);\r\n\r\n\t\tif (httpStatus.statusCode != 200){\r\n\t\t\ttw.local.error = {};\r\n\t\t\ttw.local.error.errorCode = httpStatus.statusCode;\r\n\t\t\ttw.local.error.errorText = response;\r\n\t\t\ttw.local.error.serviceInError = serviceName;\r\n\t\t}\r\n\t\telse {\r\n\t\t\tvar resultsJson = JSON.parse(response);\r\n\t\t\tif (resultsJson.errors) {\r\n\t\t\t\tvar error = resultsJson.errors[0];\r\n\t\t\t\ttw.local.error = {};\r\n\t\t\t\ttw.local.error.errorCode = error.extensions ? error.extensions.errorCode ?  error.extensions.errorCode : error.errorType : error.errorType;\r\n\t\t\t\ttw.local.error.errorText = error.extensions ? error.extensions.explanation ? error.extensions.explanation : error.message : error.message;\r\n\t\t\t\ttw.local.error.serviceInError = serviceName;\r\n\t\t\t} else {\r\n\t\t\t\tvar updateFolder = resultsJson.data.updateFolder;\r\n\t\t\t\tvar newObject = new Object();\r\n\t\t\t\tnewObject.name = updateFolder.name;\r\n\t\t\t\tnewObject.className = updateFolder.className;\r\n\t\t\t\tnewObject.accessAllowed = updateFolder.accessAllowed;\r\n\t\t\t\tnewObject.properties = updateFolder.properties;\r\n\t\t\t\r\n\t\t\t\tvar pathName = updateFolder.pathName;\r\n\t\t\t\tif (pathName != null) {\r\n\t\t\t\t\tnewObject.isFolder = true;\r\n\t\t\t\t\tnewObject.pathName = updateFolder.pathName;\r\n\t\t\t\t\tnewObject.parentFolderName = updateFolder.parent.name;\r\n\t\t\t\t}\r\n\t\t\t\r\n\t\t\t\ttw.local.results = {\r\n\t\t\t\t\tresults: newObject\r\n\t\t\t\t};\r\n\t\t\t}\r\n\t\t}\r\n\t\t\r\n\t\t// Signal to engine that flow can continue past this Script‌\r\n\t\ttw.system.continueFlow();\r\n\t\t\r\n\t}, function (err) {\r\n\t\tconsole.error(\"performRequest failed: \", err);\r\n\t\t\r\n\t\ttw.local.error = {};\r\n\t\ttw.local.error.errorCode = err.code ? err.code : err.errno ? err.errno : err.name;\r\n\t\ttw.local.error.errorText = err.message;\r\n\t\ttw.local.error.serviceInError = serviceName;\r\n\t\t\r\n\t\t// Signal to engine that flow can continue past this Script.\r\n\t\ttw.system.continueFlow();\r\n\t});\r\n}, function(err) {\r\n\tconsole.error(\"Error returned from lookupDBARegistry:\", err);\r\n\ttw.local.error = {};\r\n\ttw.local.error.errorCode = err.msg;\r\n\ttw.local.error.errorText = err.msg;\r\n\ttw.local.error.serviceInError = serviceName;\r\n\ttw.system.continueFlow();\r\n});\r\n\t\r\nconsole.debug(\"At the end of the script step pending response from Graphql\");\r\n"]}},{"targetRef":"528820ff-ed6d-4fe0-8ca0-4d86a15ce661","extensionElements":{"sequenceFlowImplementation":[{"fireValidation":"Never","sboSyncEnabled":true,"declaredType":"com.ibm.bpmsdk.model.bpmn20.ibmext.TSequenceFlowImplementation"}],"linkVisualInfo":[{"sourcePortLocation":"rightCenter","showCoachControlLabel":false,"labelPosition":0.0,"targetPortLocation":"leftCenter","declaredType":"TLinkVisualInfo","saveExecutionContext":true,"showLabel":false}]},"name":"To End","declaredType":"sequenceFlow","id":"2027.970948de-b957-4216-8d28-2e460b71517e","sourceRef":"2025.c852bb01-dc0b-45cb-8239-0fcc70a618bd"}],"isClosed":false,"declaredType":"com.ibm.bpmsdk.model.bpmn20.ibmext.TUserTaskImplementation","id":"fbd0647b-cc3f-4b4c-8891-f7de0c0a5c31","processType":"None"}]},"implementation":"##unspecified","documentation":[{"content":["Renames a folder."],"textFormat":"text/plain"}],"name":"renameFolder","declaredType":"globalUserTask","id":"1.7c18315e-ab0c-4bdf-9a57-a3fc44171c76","ioSpecification":{"dataOutput":[{"itemSubjectRef":"itm.12.c09c9b6e-aabd-4897-bef2-ed61db106297","documentation":[{"content":["Set on success. Contains a partial Content Item representing the renamed folder. See the JavaScript API document for a description of Content Item."],"textFormat":"text/plain"}],"name":"results","isCollection":false,"id":"2055.8b631b67-bfd4-4525-8bc3-cc5ed2c8eeed"},{"itemSubjectRef":"itm.12.5551644c-3dc6-4161-a939-4e7f27f8ce45","documentation":[{"content":["Set on error. Contains information about why the call failed."],"textFormat":"text/plain"}],"name":"error","isCollection":false,"id":"2055.58bfd6d8-2f0e-4daf-828b-4e0a9c2fc783"}],"inputSet":[{}],"outputSet":[{}],"dataInput":[{"itemSubjectRef":"itm.12.a82cf915-d3af-4ff7-9f1e-75191deae932","name":"data","isCollection":false,"id":"2055.27e53116-db61-4fc5-894e-2aabba4d4b90"}]}}],"targetNamespace":"","typeLanguage":"http://www.w3.org/2001/XMLSchema","expressionLanguage":"http://www.ibm.com/xmlns/prod/bpm/expression-lang/javascript","id":"1.7c18315e-ab0c-4bdf-9a57-a3fc44171c76"}},"status":"200"}