{"data":{"metadata":{"paId":"2066.bd3841e7-7c78-4b6b-aa2b-1f9cc91afc9a","paShortName":"SYSCST","snapshotId":"2064.e56cae0e-3219-4db7-9465-459fadbe1e83","snapshotName":"Aug282025v2","name":"Content Services"},"defaults":{"entry":[{"type":"S","value":""},{"type":"B","value":false},{"type":"I","value":0},{"type":"D","value":0.0},{"type":"DT","value":null},{"type":"DT","value":null}]},"templates":{"variableTemplates":[{"modelId":"1.8c44a536-2f6d-46c1-8536-ab18246ef09b","parentId":"1.8c44a536-2f6d-46c1-8536-ab18246ef09b","variableTemplate":[{"id":"2055.9d1a9aa8-321e-44f1-88a2-588f214ea9f7","name":"data","boTemplateName":"CSG"},{"id":"2055.5e6c8b88-a1aa-4607-8557-d935f2941a6c","name":"results","boTemplateName":"A"},{"id":"2055.188d74c5-5a3b-4ca9-8e68-2cf98751e3c6","name":"error","boTemplateName":"Aja"}]}],"boTemplate":[{"id":"12.cbdac5c4-e126-428f-9eb3-efce85873d78","name":"CSG","property":[{"name":"pagesSize","type":"I","isList":false},{"name":"documentBaseType","type":"S","isList":false},{"name":"controllerType","type":"S","isList":false},{"name":"properties","type":"S","isList":true},{"name":"controllerProperties","type":"S","isList":true},{"name":"ovpProperties","type":"S","isList":true},{"name":"repository","type":"S","isList":false},{"name":"serverAppResource","type":"S","isList":false},{"name":"csrfToken","type":"S","isList":false},{"name":"batchId","type":"S","isList":false},{"name":"searchParams","type":"S","isList":true},{"name":"batchOrderBy","type":"S","isList":false}]},{"id":"12.5551644c-3dc6-4161-a939-4e7f27f8ce45","name":"Aja","property":[{"name":"errorText","type":"S","isList":false},{"name":"errorCode","type":"S","isList":false},{"name":"serviceInError","type":"S","isList":false}]}]},"model":{"rootElement":[{"extensionElements":{"userTaskImplementation":[{"flowElement":[{"parallelMultiple":false,"outgoing":["2027.c5b54288-da5f-4b08-88e9-19ce70d42ea4"],"isInterrupting":true,"extensionElements":{"nodeVisualInfo":[{"color":"#F8F8F8","width":24,"x":50,"y":200,"declaredType":"TNodeVisualInfo","height":24}]},"name":"Start","declaredType":"startEvent","id":"8b02ce3c-d94a-42e3-8a7e-4610e835b4d6"},{"incoming":["2027.c38620f2-5b5d-421f-8c91-47a8c22433ab"],"extensionElements":{"nodeVisualInfo":[{"color":"#F8F8F8","width":24,"x":700,"y":200,"declaredType":"TNodeVisualInfo","height":24}],"navigationInstructions":[{"targetType":"Default","declaredType":"com.ibm.bpmsdk.model.bpmn20.ibmext.TNavigationInstructions"}]},"name":"End","declaredType":"endEvent","id":"1f4b795a-7cee-4717-8a10-12f39b8a9ffa"},{"targetRef":"2025.8208403e-4f36-48e2-81cc-a9b95c1f3a05","extensionElements":{"linkVisualInfo":[{"sourcePortLocation":"rightCenter","showCoachControlLabel":false,"labelPosition":0.0,"targetPortLocation":"leftCenter","declaredType":"TLinkVisualInfo","saveExecutionContext":false,"showLabel":false}]},"name":"Start to End","declaredType":"sequenceFlow","id":"2027.c5b54288-da5f-4b08-88e9-19ce70d42ea4","sourceRef":"8b02ce3c-d94a-42e3-8a7e-4610e835b4d6"},{"startQuantity":1,"outgoing":["2027.c38620f2-5b5d-421f-8c91-47a8c22433ab"],"incoming":["2027.c5b54288-da5f-4b08-88e9-19ce70d42ea4"],"default":"2027.c38620f2-5b5d-421f-8c91-47a8c22433ab","extensionElements":{"nodeVisualInfo":[{"width":95,"x":323,"y":177,"declaredType":"TNodeVisualInfo","height":70}]},"name":"Get Batch Objects","isForCompensation":false,"completionQuantity":1,"declaredType":"scriptTask","id":"2025.8208403e-4f36-48e2-81cc-a9b95c1f3a05","scriptFormat":"text/x-javascript","script":{"content":["console.debug(\"****BEGIN Script Get Batch Objects****\");\r\n\r\n//tw.system.disableAutoContinue = true;‌\r\ntw.system.waitForContinueFlow();\r\n\r\nvar serviceName =\"getBatchObjects\";\r\n\r\nvar csrfToken = tw.local.data && tw.local.data.csrfToken;\r\nvar ecmToken = tw.local.data && tw.local.data.ecmToken;\r\nvar appServerResource = tw.local.data && tw.local.data.serverAppResource;\r\nvar repository = tw.local.data && tw.local.data.repository;\r\nvar documentBaseType = tw.local.data && tw.local.data.documentBaseType;\r\nvar controllerType = tw.local.data && tw.local.data.controllerType;\r\nvar batchId = tw.local.data && tw.local.data.batchId;\r\nvar searchParams = tw.local.data && tw.local.data.searchParams;\r\nvar batchOrderBy = tw.local.data && tw.local.data.batchOrderBy;\r\nvar pageSize = tw.local.data && tw.local.data.pageSize;\r\nvar properties = tw.local.data && tw.local.data.properties;\r\nvar controllerProperties = tw.local.data && tw.local.data.controllerProperties;\r\nvar ovpProperties = tw.local.data && tw.local.data.ovpProperties;\r\n\r\ncsrfToken = csrfToken ? csrfToken : ecmToken;\r\n\r\nvar QUERY = \"{\" + \"\\n\" +\r\n    \"repositoryRows(\" + \"\\n\" +\r\n    \"repositoryIdentifier: \\\"\" + repository + \"\\\",\" + \"\\n\" +\r\n    \"sql: \\\"SELECT \";\r\n    \r\n\tfor (var i = 0; i < properties.length; i++) {\r\n\t\tQUERY += \"dcb.\" + properties[i];\r\n\t\tif (i + 1 < properties.length) {\r\n\t\t\tQUERY += \", \";\r\n\t\t} else {\r\n\t\t\tQUERY += \" \";\r\n\t\t}\r\n\t};\r\n\r\n\tfor (var i = 0; i < controllerProperties.length; i++) {\r\n\t\tQUERY += \", dcc.\" + controllerProperties[i];\r\n\t\tQUERY += \" \";\r\n\t};\r\n\r\n\tQUERY += \"FROM \" + documentBaseType + \" dcb RIGHT JOIN \" + controllerType + \" dcc ON dcb.Id = dcc.DbaDocId \" + \"WHERE\";\r\n        \r\n\tsearchParams.forEach(function(property) {\r\n\t\tif (property.lparen) {\r\n   \t\t\tQUERY += \"(\";\r\n   \t\t}\r\n      \tQUERY += \" dcc.\" + property.name + \" \" + property.operator + \" \" + property.value;\r\n      \tif (property.rparen) {\r\n   \t\t\tQUERY += \")\";\r\n   \t\t}\r\n      \tif (property.logical) {\r\n      \t\tQUERY += \" \" + property.logical;\r\n      \t}\r\n\t});\r\n\r\n\tQUERY += \" ORDER BY \" + \"dcc.\" + batchOrderBy + \" OPTIONS(COUNT_LIMIT 2000)\\\"\" + \"\\n\" +\r\n\t\"pageSize: \" + pageSize + \"\\n\" +\r\n\t\")\" + \"\\n\" +\r\n\t\"{\" + \"\\n\" +\r\n\t\t\"repositoryRows {\" + \"\\n\" +\r\n            \"properties {\" + \"\\n\" +\r\n                \"id\" + \"\\n\" +\r\n                \"label\" + \"\\n\" +\r\n                \"type\" + \"\\n\" +\r\n                \"cardinality\" + \"\\n\" +\r\n                \"value\" + \"\\n\" +\r\n                \"... on DateTimeProperty {\" + \"\\n\" +\r\n\t\t\t\t\"isDateOnly\" + \"\\n\" +\r\n\t    \t    \"}\" + \"\\n\" +\t\r\n\t\t    \"... on DateTimeListProperty {\" + \"\\n\" +\r\n\t\t\t\t\"isDateOnly\" + \"\\n\" +\r\n\t\t    \"}\" + \"\\n\" +\t        \t\t\r\n                \"... on ObjectProperty {\" + \"\\n\" +\r\n\t\t        \"objectValue {\" + \"\\n\" +\r\n\t\t            \"className\" + \"\\n\" +\r\n\t\t\t      \"properties(includes: \";\r\n\t\t\t          \r\n\t\t\t      var OVPPROPS = \"[\";\r\n\t\t\t\t\tovpProperties.forEach(function(property) {\r\n\t\t\t\t\t\tOVPPROPS += \"\\\"\" + property + \"\\\" \";\r\n\t\t\t\t\t});\r\n\t\t\t      QUERY += OVPPROPS += \"]\";\r\n\t\t\t          \r\n\t\t\t      QUERY += \") {\" + \"\\n\" +\r\n\t\t              \"id\" + \"\\n\" +\r\n\t\t              \"type\" + \"\\n\" +\r\n\t\t              \"value\" + \"\\n\" +\r\n\t\t              \"... on DateTimeProperty {\" + \"\\n\" +\r\n\t\t\t\t\t\"isDateOnly\" + \"\\n\" +\r\n\t    \t    \t\t  \"}\" + \"\\n\" +\t\r\n\t\t    \t\t  \"... on DateTimeListProperty {\" + \"\\n\" +\r\n\t\t\t\t\t\"isDateOnly\" + \"\\n\" +\r\n\t\t    \t\t  \"}\" + \"\\n\" +\t        \t\r\n\t\t            \"}\" + \"\\n\" +\r\n\t\t        \"}\" + \"\\n\" +\r\n\t\t    \"}\" + \"\\n\" +\r\n\t\t    \"... on EnumProperty {\" + \"\\n\" +\r\n          \t\t   \"independentObjectSetValue {\" + \"\\n\" +\r\n\t\t\t       \"independentObjects {\" + \"\\n\" +\r\n              \t\t\t\"className\" + \"\\n\" +\r\n\t\t\t\t\t\"... on Annotation {\" + \"\\n\" +\r\n                 \t\t\t\t\"className\" + \"\\n\" +\r\n            \t\t\t\t\"dateCreated\" + \"\\n\" +\r\n            \t\t\t\t\"contentElements {\" + \"\\n\" +\r\n\t\t\t\t\t\t\t\"elementSequenceNumber\" + \"\\n\" +\r\n\t\t\t\t\t\t\t\"... on ContentTransfer {\" + \"\\n\" +\r\n\t\t\t\t\t       \t\t\"retrievalName\" + \"\\n\" +\r\n\t\t\t\t\t        \t\t\"downloadUrl\" + \"\\n\" +\r\n\t\t\t\t\t      \t\"}  \" + \"\\n\" +\r\n\t\t\t\t\t\t\"}\" + \"\\n\" +\r\n              \t\t\t\"}\" + \"\\n\" +              \r\n            \t\t\"}\" + \"\\n\" +            \r\n          \t\t  \"}\" + \"\\n\" +\r\n        \t    \"}\" + \"\\n\" +\r\n\t\t    \"... on ObjectListProperty {\" + \"\\n\" +\r\n\t              \"objectListValue {\" + \"\\n\" +\r\n\t                  \"... on ContentTransfer {\" + \"\\n\" +\r\n\t                      \"contentType\" + \"\\n\" +\r\n\t                      \"elementSequenceNumber\" + \"\\n\" +\r\n\t                      \"retrievalName\" + \"\\n\" +\r\n\t                  \"}\" + \"\\n\" +\r\n\t              \"}\" + \"\\n\" +\r\n\t          \"}\" + \"\\n\" +\r\n            \"}\" + \"\\n\" +\t\t\t\t\t\t\r\n        \"}\" + \"\\n\" +   \r\n        \"pageInfo {\" + \"\\n\" +   \r\n\t      \"token\" + \"\\n\" +   \r\n\t      \"totalCount\" + \"\\n\" +   \r\n  \t  \"}\" + \"\\n\" +   \r\n    \"}\" + \"\\n\" +   \r\n\"}\";\r\n\r\nconsole.debug(\"Calling lookupDBARegistry\");\r\ntw.system.lookupDBARegistry(appServerResource, function(response) {\r\n\r\n\tvar options = {\r\n\t\tmethod: \"POST\",\r\n\t\tpayload: {\r\n\t\t\tquery: QUERY,\r\n\t\t\tvariables: null,\r\n\t\t\toperationName: null\r\n\t\t},\r\n\t\theaders: {\r\n\t\t\t\"ECM-CS-XSRF-Token\": csrfToken,\r\n\t\t\tCookie: \"ECM-CS-XSRF-Token=\" + csrfToken,\r\n\t\t\t\"Accept-Language\": tw.system.user.locale\r\n\t\t}\r\n\t};\r\n\t\r\n\t// Add the context root and path if they are missing for backward compatibility\r\n\tif (!response.ctxRoot) {\r\n\t\toptions.ctxRoot = \"/content-services-graphql\";\r\n\t}\r\n\tif (!response.path) {\r\n\t\toptions.path = \"/graphql\";\r\n\t}\t\r\n\tconsole.debug(\"Options: \", options);\t\r\n\tconsole.debug(\"****PAYLOAD: \", QUERY);\r\n\tconsole.debug(\"****CALLING performRequest****\");\r\n\ttw.system.performRequest(appServerResource, options, function(response, httpStatus) {\r\n\t\r\n\t\tconsole.debug(\"performRequest response: \", response);\r\n\t\tconsole.debug(\"performRequest httpStatus: \", httpStatus);\r\n\r\n\t\tif (httpStatus.statusCode != 200) {\r\n\t\t\ttw.local.error = {};\r\n\t\t\ttw.local.error.errorCode = httpStatus.statusCode;\r\n\t\t\ttw.local.error.errorText = response;\r\n\t\t\ttw.local.error.serviceInError = serviceName;\r\n\t\t} else {\r\n\t\t\tvar results = [];\r\n\t\t\t\r\n\t\t\tvar resultsJson = JSON.parse(response);\r\n\t\t\tif (resultsJson.errors) {\r\n\t\t\t\tvar error = resultsJson.errors[0];\r\n\t\t\t\ttw.local.error = {};\r\n\t\t\t\ttw.local.error.errorCode = error.extensions ? error.extensions.errorCode ?  error.extensions.errorCode : error.errorType : error.errorType;\r\n\t\t\t\ttw.local.error.errorText = error.extensions ? error.extensions.explanation ? error.extensions.explanation : error.message : error.message;\r\n\t\t\t\ttw.local.error.serviceInError = serviceName;\r\n\t\t\t\t\r\n\t\t\t\t// For debugging\r\n\t\t\t\t//tw.local.results = QUERY;\r\n\t\t\t} else {\r\n\t\t\t\tvar results = [];\r\n\t\t\t\tvar searchResults = resultsJson.data.repositoryRows;\r\n\t\t\t\tvar indObjects = searchResults.repositoryRows;\r\n\t\t\t\tvar numItemsRemoved = 0;\r\n\r\n\t\t\t\tindObjects.forEach(function(indObject) {\r\n\t\t\t\t\tvar newItem = new Object();\r\n\t\t\t\t\tnewItem.baseType = \"Document\";\r\n\t\t\t\t\tnewItem.className = documentBaseType;\r\n\t\t\t\t\tnewItem.batchId = batchId;\r\n\r\n\t\t\t\t\tvar documentId;\r\n\t\t\t\t\tvar objectItemsList;\r\n\t\t\t\t\tvar properties = indObject.properties;\r\n\t\t\t\t\tfor (var i = 0; i < properties.length; i++) {\r\n\t\t\t\t\t\tvar property = properties[i];\r\n\t\t\t\t\t\t// Pick off some well know properties and make them first class properties\r\n\t\t\t\t\t\tif (property.id == \"Id\") {\r\n\t\t\t\t\t\t\tnewItem.id = property.value;\r\n\t\t\t\t\t\t\tdocumentId = property.value;\r\n\t\t\t\t\t\t} else if (property.id == \"Name\") {\r\n\t\t\t\t\t\t\tnewItem.name = property.value;\r\n\t\t\t\t\t\t} else if (property.id == \"MimeType\") {\r\n\t\t\t\t\t\t\tnewItem.mimeType = property.value;\r\n\t\t\t\t\t\t} else if (property.id == \"IsReserved\") {\r\n\t\t\t\t\t\t\tnewItem.isReserved = property.value;\r\n\t\t\t\t\t\t} else if (property.id == \"Reservation\") {\r\n\t\t\t\t\t\t\tvar reservation = getReservationInformation(property);\r\n\t\t\t\t\t\t\tif (reservation) {\r\n\t\t\t\t\t\t\t\tnewItem.reservation = reservation;\r\n\t\t\t\t\t\t\t}\r\n\t\t\t\t\t\t} else if (property.id == \"ClassDescription\") {\r\n\t\t\t\t\t\t\tif (property.objectValue && property.objectValue.properties) {\r\n\t\t\t\t\t\t\t \tvar classDescProps = property.objectValue.properties;\r\n\t\t\t\t\t\t\t\tfor (var j = 0; j < classDescProps.length; j++) {\r\n\t\t\t\t\t\t\t\t\tvar classDescProp = classDescProps[j];\r\n\t\t\t\t\t\t\t\t\tif (classDescProp.id ==  \"DisplayName\") {\r\n\t\t\t\t\t\t\t\t\t\tnewItem.className = classDescProp.value;\r\n\t\t\t\t\t\t\t\t\t\tbreak;\r\n\t\t\t\t\t\t\t\t\t}\r\n\t\t\t\t\t\t\t\t}\r\n\t\t\t\t\t\t\t}\r\n\t\t\t\t\t\t} else if (property.id == \"Annotations\") {\r\n\t\t\t\t\t\t\tif (property.independentObjectSetValue && property.independentObjectSetValue.independentObjects) {\r\n\t\t\t\t\t\t\t\tnewItem.annotations = {};\r\n\t\t\t\t\t\t\t\tnewItem.annotations.annotations = property.independentObjectSetValue.independentObjects;\r\n\t\t\t\t\t\t\t}\r\n\t\t\t\t\t\t} else if (property.id == \"VersionSeries\") {\r\n\t\t\t\t\t\t\tif (property.value && property.value.identifier) {\r\n\t\t\t\t\t\t\t\tnewItem.versionSeriesId = property.value.identifier;\r\n\t\t\t\t\t\t\t}\r\n\t\t\t\t\t\t} else if (property.id == \"ContentElements\") {\r\n\t\t\t\t\t\t\tobjectItemsList = property.objectListValue.items ? property.objectListValue.items : property.objectListValue;\r\n\t\t\t\t\t\t\t// Have to special case the content elements property and manually generate the downloadUrl (cause graphql can't return it)\r\n\t\t\t\t\t\t\tif (objectItemsList) {\r\n\t\t\t\t\t\t\t\tvar item = objectItemsList[0];\r\n\t\t\t\t\t\t\t\tif (item) {\r\n\t\t\t\t\t\t\t\t\titem.downloadUrl = \"/content?repositoryIdentifier=\" + repository + \"&documentId=\" + documentId + \"&elementSequenceNumber=\" + item.elementSequenceNumber;\r\n\t\t\t\t\t\t\t\t}\r\n\t\t\t\t\t\t\t}\r\n\t\t\t\t\t\t\tnewItem.contentElements = property.objectListValue;\r\n\t\t\t\t\t\t}\r\n\t\t\t\t\t}\r\n\r\n\t\t\t\t\t// Remove the ContentElements property from the property list cause we created it as a first class property (and causes toJson errors from a circlular reference)\r\n\t\t\t\t\tvar filteredProperties = properties.filter(function(property) {\r\n\t\t\t\t\t\treturn property.id !== \"ContentElements\";\r\n\t\t\t\t\t});\r\n\t\t\t\t\tnewItem.properties = filteredProperties;\r\n\t\t\t\r\n\t\t\t\t\t// If the document has no id, it has been finalized and should be filtered out of the list\r\n\t\t\t\t\tif (newItem.id != null) {\r\n\t\t\t\t\t\tresults.push(newItem);\r\n\t\t\t\t\t} else {\r\n\t\t\t\t\t\tnumItemsRemoved++;\r\n\t\t\t\t\t}\r\n\t\t\t\t});\r\n\r\n\t\t\t\tvar resultSet = {};\r\n\t\t\t\tresultSet.items = results;\r\n\r\n\t\t\t\tif (searchResults.pageInfo != null) {\r\n\t\t\t\t\tif (searchResults.pageInfo.totalCount == null) {\r\n\t\t\t\t\t\tresultSet.totalCount = results.length;\r\n\t\t\t\t\t} else {\r\n\t\t\t\t\t\tresultSet.totalCount = searchResults.pageInfo.totalCount - numItemsRemoved;\r\n\t\t\t\t\t}\r\n\t\t\t\t\tresultSet.token = searchResults.pageInfo.token;\r\n\t\t\t\t}\t\r\n\t\t\t\t\r\n\t\t\t\ttw.local.results = {\r\n\t\t\t\t\tresults: resultSet\r\n\t\t\t\t};\r\n\t\t\t}\r\n\t\t}\r\n\t\t\r\n\t\t// Signal to engine that flow can continue past this Script‌\r\n\t\ttw.system.continueFlow();\r\n\t}, function (err) {\r\n\t\tconsole.error(\"performRequest failed: \", err);\r\n\t\t\r\n\t\ttw.local.error = {};\r\n\t\ttw.local.error.errorCode = err.code ? err.code : err.errno ? err.errno : err.name;\r\n\t\ttw.local.error.errorText = err.message;\r\n\t\ttw.local.error.serviceInError = serviceName;\r\n\t\t\r\n\t\t// Signal to engine that flow can continue past this Script?\r\n\t\ttw.system.continueFlow();\r\n\t});\r\n}, function(err) {\r\n\tconsole.error(\"Error returned from lookupDBARegistry:\", err);\r\n\ttw.local.error = {};\r\n\ttw.local.error.errorCode = err.msg;\r\n\ttw.local.error.errorText = err.msg;\r\n\ttw.local.error.serviceInError = serviceName;\r\n\ttw.system.continueFlow();\r\n});\t\t\t\r\n\r\nfunction getReservationInformation(reservation) {\r\n\tvar value = reservation.value;\r\n\tif (value && value.identifier) {\r\n\t\tvar id = value.identifier;\r\n\t\tvar creator;\r\n\t\tvar properties = reservation.objectValue.properties.items ? reservation.objectValue.properties.items : reservation.objectValue.properties;\r\n\t\tfor (var i = 0; i < properties.length; i++) {\r\n\t\t\tvar property = properties[0];\r\n\t\t\tif (property.id == \"Creator\") {\r\n\t\t\t\tcreator = property.value;\r\n\t\t\t\tbreak;\r\n\t\t\t}\r\n\t\t}\r\n\t\tvar res = {\r\n\t\t\tid: id,\r\n\t\t\tcreator: creator\r\n\t\t};\r\n\t\treturn res;\r\n\t} else {\r\n\t\treturn null;\r\n\t}\r\n};\r\n\t\r\nconsole.debug(\"At the end of the script step pending response from Graphql\");\r\n"]}},{"targetRef":"1f4b795a-7cee-4717-8a10-12f39b8a9ffa","extensionElements":{"sequenceFlowImplementation":[{"fireValidation":"Never","sboSyncEnabled":true,"declaredType":"com.ibm.bpmsdk.model.bpmn20.ibmext.TSequenceFlowImplementation"}],"linkVisualInfo":[{"sourcePortLocation":"rightCenter","showCoachControlLabel":false,"labelPosition":0.0,"targetPortLocation":"leftCenter","declaredType":"TLinkVisualInfo","saveExecutionContext":true,"showLabel":false}]},"name":"To End","declaredType":"sequenceFlow","id":"2027.c38620f2-5b5d-421f-8c91-47a8c22433ab","sourceRef":"2025.8208403e-4f36-48e2-81cc-a9b95c1f3a05"}],"isClosed":false,"declaredType":"com.ibm.bpmsdk.model.bpmn20.ibmext.TUserTaskImplementation","id":"b8fc853c-7c31-41f1-86cd-8ce423ff1dd2","processType":"None"}]},"implementation":"##unspecified","documentation":[{"content":["Retrieves a list of documents contained in a batch."],"textFormat":"text/plain"}],"name":"getBatchObjects","declaredType":"globalUserTask","id":"1.8c44a536-2f6d-46c1-8536-ab18246ef09b","ioSpecification":{"dataOutput":[{"itemSubjectRef":"itm.12.c09c9b6e-aabd-4897-bef2-ed61db106297","documentation":[{"content":["<div>Set on success. Contains the following JSON:</div><div>{</div><div><span style=\"white-space:pre\">\t</span>results: The list of batch items.</div><div><span style=\"white-space:pre\">\t</span>totalCount: The total number of batches meeting the search criteria, including those on subsequent pages.</div><div><span style=\"white-space:pre\">\t</span>token: Token used to retrieve the next page of results</div><div>}</div>"],"textFormat":"text/plain"}],"name":"results","isCollection":false,"id":"2055.5e6c8b88-a1aa-4607-8557-d935f2941a6c"},{"itemSubjectRef":"itm.12.5551644c-3dc6-4161-a939-4e7f27f8ce45","documentation":[{"content":["Set on error. Contains information about why the call failed."],"textFormat":"text/plain"}],"name":"error","isCollection":false,"id":"2055.188d74c5-5a3b-4ca9-8e68-2cf98751e3c6"}],"inputSet":[{}],"outputSet":[{}],"dataInput":[{"itemSubjectRef":"itm.12.cbdac5c4-e126-428f-9eb3-efce85873d78","name":"data","isCollection":false,"id":"2055.9d1a9aa8-321e-44f1-88a2-588f214ea9f7"}]}}],"targetNamespace":"","typeLanguage":"http://www.w3.org/2001/XMLSchema","expressionLanguage":"http://www.ibm.com/xmlns/prod/bpm/expression-lang/javascript","id":"1.8c44a536-2f6d-46c1-8536-ab18246ef09b"}},"status":"200"}