{"data":{"metadata":{"paId":"2066.bd3841e7-7c78-4b6b-aa2b-1f9cc91afc9a","paShortName":"SYSCST","snapshotId":"2064.e56cae0e-3219-4db7-9465-459fadbe1e83","snapshotName":"Aug282025v2","name":"Content Services"},"defaults":{"entry":[{"type":"S","value":""},{"type":"B","value":false},{"type":"I","value":0},{"type":"D","value":0.0},{"type":"DT","value":null},{"type":"DT","value":null}]},"templates":{"variableTemplates":[{"modelId":"1.8ea44756-ea98-4331-9ab9-2d601ace92b2","parentId":"1.8ea44756-ea98-4331-9ab9-2d601ace92b2","variableTemplate":[{"id":"2055.cda23204-0700-4903-8d83-a04efc39522d","name":"data","boTemplateName":"CSC"},{"id":"2055.17d79986-6a15-4204-8268-e3ff49ded743","name":"results","boTemplateName":"A"},{"id":"2055.66f54432-3822-4df4-86c4-bd509aad62a8","name":"error","boTemplateName":"Aja"}]}],"boTemplate":[{"id":"12.cbd97436-48f5-4b7b-a64d-47f5b9151234","name":"CSC","property":[{"name":"serverInfo","type":"S","isList":false},{"name":"appResourceInfo","type":"A","isList":false},{"name":"csrfToken","type":"S","isList":false},{"name":"query","type":"S","isList":false},{"name":"querySecondary","type":"S","isList":false}]},{"id":"12.5551644c-3dc6-4161-a939-4e7f27f8ce45","name":"Aja","property":[{"name":"errorText","type":"S","isList":false},{"name":"errorCode","type":"S","isList":false},{"name":"serviceInError","type":"S","isList":false}]}]},"model":{"rootElement":[{"extensionElements":{"userTaskImplementation":[{"flowElement":[{"parallelMultiple":false,"outgoing":["2027.bd667e81-6766-4721-8308-2ed2dc9a8211"],"isInterrupting":true,"extensionElements":{"nodeVisualInfo":[{"color":"#F8F8F8","width":24,"x":50,"y":200,"declaredType":"TNodeVisualInfo","height":24}]},"name":"Start","declaredType":"startEvent","id":"ee99d7e8-da47-4cb4-8b98-8c5ebd7a68f9"},{"incoming":["2027.e8f28a62-f496-4b65-86f7-e215b54a48ae"],"extensionElements":{"nodeVisualInfo":[{"color":"#F8F8F8","width":24,"x":700,"y":200,"declaredType":"TNodeVisualInfo","height":24}],"navigationInstructions":[{"targetType":"Default","declaredType":"com.ibm.bpmsdk.model.bpmn20.ibmext.TNavigationInstructions"}]},"name":"End","declaredType":"endEvent","id":"3d718137-f780-46ef-8711-0afb4af86614"},{"targetRef":"2025.b2bdb2f4-b16b-468e-8703-ece9aef502d1","extensionElements":{"linkVisualInfo":[{"sourcePortLocation":"rightCenter","showCoachControlLabel":false,"labelPosition":0.0,"targetPortLocation":"leftCenter","declaredType":"TLinkVisualInfo","saveExecutionContext":false,"showLabel":false}]},"name":"To Update Properties Service","declaredType":"sequenceFlow","id":"2027.bd667e81-6766-4721-8308-2ed2dc9a8211","sourceRef":"ee99d7e8-da47-4cb4-8b98-8c5ebd7a68f9"},{"startQuantity":1,"outgoing":["2027.e8f28a62-f496-4b65-86f7-e215b54a48ae"],"incoming":["2027.bd667e81-6766-4721-8308-2ed2dc9a8211"],"default":"2027.e8f28a62-f496-4b65-86f7-e215b54a48ae","extensionElements":{"nodeVisualInfo":[{"color":"#95D087","width":95,"x":336,"y":177,"declaredType":"TNodeVisualInfo","height":70}]},"name":"Update Properties Service","isForCompensation":false,"completionQuantity":1,"declaredType":"scriptTask","id":"2025.b2bdb2f4-b16b-468e-8703-ece9aef502d1","scriptFormat":"text/x-javascript","script":{"content":["console.debug(\"****BEGIN Script Update Properties Service ****\");\r\n\r\ntw.system.waitForContinueFlow();\r\n\r\nvar serviceName =\"updatePropertiesService\";\r\n\r\nvar csrfToken = tw.local.data && tw.local.data.csrfToken;\r\nvar appServerResource = tw.local.data && tw.local.data.serverInfo;\r\nvar appResourceInfo = tw.local.data && tw.local.data.appResourceInfo;\r\nvar query = tw.local.data && tw.local.data.query;\r\nvar queryParentProps = tw.local.data.querySecondary;\r\n\r\nvar options = {\r\n\tmethod: \"POST\",\r\n\tctxRoot: appResourceInfo.ctxRoot,\r\n\tpath: appResourceInfo.path,\r\n\tpayload: {\r\n\t\tquery: \"\",\r\n\t\tvariables: null,\t\r\n\t\toperationName: null\r\n\t},\r\n\theaders: {\r\n\t\t\"ECM-CS-XSRF-Token\": csrfToken,\r\n\t\tCookie: \"ECM-CS-XSRF-Token=\" + csrfToken,\r\n\t\t\"Accept-Language\": tw.system.user.locale\r\n\t}\r\n};\r\n\r\nvar updateProperties = function(query) {\r\n \r\n\toptions.payload.query = query;\r\n\tconsole.debug(\"****CALLING performRequest to update properties****\");\r\n\ttw.system.performRequest(appServerResource, options, function(response, httpStatus) {\r\n\r\n\t\tconsole.debug(\"performRequest response: \", response);\r\n\t\tconsole.debug(\"performRequest httpStatus: \", httpStatus);\r\n\r\n\t\tif (httpStatus.statusCode != 200) {\r\n\t\t\ttw.local.error = {};\r\n\t\t\ttw.local.error.errorCode = httpStatus.statusCode;\r\n\t\t\ttw.local.error.errorText = response;\r\n\t\t\ttw.local.error.serviceInError = serviceName;\r\n\t\t} else {\r\n\t\t\tvar resultsJson = JSON.parse(response);\r\n\t\t\tif (resultsJson.errors) {\r\n\t\t\t\tvar error = resultsJson.errors[0];\r\n\t\t\t\ttw.local.error = {};\r\n\t\t\t\ttw.local.error.errorCode = error.extensions ? error.extensions.errorCode ?  error.extensions.errorCode : error.errorType : error.errorType;\r\n\t\t\t\ttw.local.error.errorText = error.extensions ? error.extensions.explanation ? error.extensions.explanation : error.message : error.message;\r\n\t\t\t\ttw.local.error.serviceInError = serviceName;\r\n\t\t\t} else {\r\n\t\t\t\ttw.local.results = resultsJson;\r\n\t\t\t}\r\n\t\t\t\r\n\t\t\t// Signal to engine that flow can continue past this Script?\r\n\t\t\ttw.system.continueFlow();\r\n\t\t}\r\n\t}, function (err) {\r\n\t\tconsole.error(\"performRequest failed: \", err);\r\n\t\r\n\t\ttw.local.error = {};\r\n\t\ttw.local.error.errorCode = err.code ? err.code : err.errno ? err.errno : err.name;\r\n\t\ttw.local.error.errorText = err.message;\r\n\t\ttw.local.error.serviceInError = serviceName;\r\n\t\r\n\t\t// Signal to engine that flow can continue past this Script.\r\n\t\ttw.system.continueFlow();\r\n\t});\t\r\n};\r\n\r\nif (queryParentProps) {\r\n\toptions.payload.query = queryParentProps;\r\n\t\r\n\tconsole.debug(\"****CALLING performRequest to get parent object****\");\r\n\ttw.system.performRequest(appServerResource, options, function(response, httpStatus) {\r\n\r\n\t\tconsole.debug(\"performRequest response: \", response);\r\n\t\tconsole.debug(\"performRequest httpStatus: \", httpStatus);\r\n\r\n\t\tif (httpStatus.statusCode != 200) {\r\n\t\t\ttw.local.error = {};\r\n\t\t\ttw.local.error.errorCode = httpStatus.statusCode;\r\n\t\t\ttw.local.error.errorText = response;\r\n\t\t\ttw.local.error.serviceInError = serviceName;\r\n\t\t} else {\r\n\t\t\tvar resultsJson = JSON.parse(response);\r\n\t\t\tif (resultsJson.errors) {\r\n\t\t\t\tvar error = resultsJson.errors[0];\r\n\t\t\t\ttw.local.error = {};\r\n\t\t\t\ttw.local.error.errorCode = error.extensions ? error.extensions.errorCode ?  error.extensions.errorCode : error.errorType : error.errorType;\r\n\t\t\t\ttw.local.error.errorText = error.extensions ? error.extensions.explanation ? error.extensions.explanation : error.message : error.message;\r\n\t\t\t\ttw.local.error.serviceInError = serviceName;\r\n\t\t\t\t\r\n\t\t\t\t// Signal to engine that flow can continue past this Script.\r\n\t\t\t\ttw.system.continueFlow();\r\n\t\t\t} else {\r\n\t\t\t\tvar dependentObjectId = resultsJson.data.document ? resultsJson.data.document.properties[0].value.identifier : resultsJson.data.folder.properties[0].value.identifier;\r\n\r\n\t\t\t\tupdateProperties(query, dependentObjectId, \"updateCmAbstractPersistable\", \"cmAbstractPersistableProperties\");\r\n\t\t\t}\r\n\t\t}\r\n\t}, function (err) {\r\n\t\tconsole.error(\"performRequest failed: \", err);\r\n\t\r\n\t\ttw.local.error = {};\r\n\t\ttw.local.error.errorCode = err.code ? err.code : err.errno ? err.errno : err.name;\r\n\t\ttw.local.error.errorText = err.message;\r\n\t\ttw.local.error.serviceInError = serviceName;\r\n\t\r\n\t\t// Signal to engine that flow can continue past this Script.\r\n\t\ttw.system.continueFlow();\r\n\t});\r\n} else {\r\n\tupdateProperties(query);\r\n}\r\n\r\nconsole.debug(\"At the end of the script step pending response from Graphql\");"]}},{"targetRef":"3d718137-f780-46ef-8711-0afb4af86614","extensionElements":{"sequenceFlowImplementation":[{"fireValidation":"Never","sboSyncEnabled":true,"declaredType":"com.ibm.bpmsdk.model.bpmn20.ibmext.TSequenceFlowImplementation"}],"linkVisualInfo":[{"sourcePortLocation":"rightCenter","showCoachControlLabel":false,"labelPosition":0.0,"targetPortLocation":"leftCenter","declaredType":"TLinkVisualInfo","saveExecutionContext":true,"showLabel":false}]},"name":"Start to End","declaredType":"sequenceFlow","id":"2027.e8f28a62-f496-4b65-86f7-e215b54a48ae","sourceRef":"2025.b2bdb2f4-b16b-468e-8703-ece9aef502d1"}],"isClosed":false,"declaredType":"com.ibm.bpmsdk.model.bpmn20.ibmext.TUserTaskImplementation","id":"8fa3aa18-dca3-4a2e-8404-e84e6ef06f8c","processType":"None"}]},"implementation":"##unspecified","documentation":[{"textFormat":"text/plain"}],"name":"updatePropertiesService","declaredType":"globalUserTask","id":"1.8ea44756-ea98-4331-9ab9-2d601ace92b2","ioSpecification":{"dataOutput":[{"itemSubjectRef":"itm.12.c09c9b6e-aabd-4897-bef2-ed61db106297","name":"results","isCollection":false,"id":"2055.17d79986-6a15-4204-8268-e3ff49ded743"},{"itemSubjectRef":"itm.12.5551644c-3dc6-4161-a939-4e7f27f8ce45","name":"error","isCollection":false,"id":"2055.66f54432-3822-4df4-86c4-bd509aad62a8"}],"inputSet":[{}],"outputSet":[{}],"dataInput":[{"itemSubjectRef":"itm.12.cbd97436-48f5-4b7b-a64d-47f5b9151234","name":"data","isCollection":false,"id":"2055.cda23204-0700-4903-8d83-a04efc39522d"}]}}],"targetNamespace":"","typeLanguage":"http://www.w3.org/2001/XMLSchema","expressionLanguage":"http://www.ibm.com/xmlns/prod/bpm/expression-lang/javascript","id":"1.8ea44756-ea98-4331-9ab9-2d601ace92b2"}},"status":"200"}