{"data":{"metadata":{"paId":"2066.bd3841e7-7c78-4b6b-aa2b-1f9cc91afc9a","paShortName":"SYSCST","snapshotId":"2064.e56cae0e-3219-4db7-9465-459fadbe1e83","snapshotName":"Aug282025v2","name":"Content Services"},"defaults":{"entry":[{"type":"S","value":""},{"type":"B","value":false},{"type":"I","value":0},{"type":"D","value":0.0},{"type":"DT","value":null},{"type":"DT","value":null}]},"templates":{"variableTemplates":[{"modelId":"1.c1bfa9d3-4efe-46e6-99e5-dd5e5f1da827","parentId":"1.c1bfa9d3-4efe-46e6-99e5-dd5e5f1da827","variableTemplate":[{"id":"2055.1935384e-5963-465e-8e2b-975cc891ecff","name":"data","boTemplateName":"CSG"},{"id":"2055.c615f7e2-5f10-42a4-8499-b33b3af350c2","name":"results","boTemplateName":"A"},{"id":"2055.1d4fe54e-1797-42e4-8d78-2ecf284ba8a5","name":"error","boTemplateName":"Aja"}]}],"boTemplate":[{"id":"12.d38e8fe3-7f8d-47ca-9186-bb537adcfb7a","name":"CSG","property":[{"name":"pageSize","type":"I","isList":false},{"name":"countLimit","type":"I","isList":false},{"name":"contentItems","type":"CSC","isList":true},{"name":"orderByProperty","type":"S","isList":false},{"name":"order","type":"S","isList":false},{"name":"properties","type":"S","isList":true},{"name":"ovpProperties","type":"S","isList":true},{"name":"repository","type":"S","isList":false},{"name":"serverAppResource","type":"S","isList":false},{"name":"csrfToken","type":"S","isList":false},{"name":"minimumProperties","type":"B","isList":false}]},{"id":"12.6758124e-ac17-4f21-8456-b7c15e11d444","name":"CSC","property":[{"name":"name","type":"S","isList":false},{"name":"id","type":"S","isList":false},{"name":"baseType","type":"S","isList":false},{"name":"isFolder","type":"B","isList":false},{"name":"className","type":"S","isList":false},{"name":"classDisplayName","type":"S","isList":false},{"name":"mimeType","type":"S","isList":false},{"name":"isReserved","type":"B","isList":false},{"name":"hasMinorVersion","type":"B","isList":false},{"name":"properties","type":"CSP","isList":true},{"name":"accessAllowed","type":"I","isList":false},{"name":"contentSize","type":"I","isList":false},{"name":"majorVersionNumber","type":"I","isList":false},{"name":"isCurrentVersion","type":"B","isList":false},{"name":"versionStatus","type":"I","isList":false},{"name":"lastModifiedDate","type":"DT","isList":false},{"name":"lastModifiedBy","type":"S","isList":false},{"name":"update","type":"S","isList":false},{"name":"propertyUpdate","type":"B","isList":false},{"name":"viewerUpdate","type":"B","isList":false},{"name":"versionSeriesId","type":"S","isList":false},{"name":"contentElements","type":"CSC1","isList":true},{"name":"reservation","type":"CSR","isList":false},{"name":"foldersFiledIn","type":"CSF","isList":false},{"name":"cmThumbnails","type":"CST","isList":false},{"name":"annotations","type":"CSA","isList":false}]},{"id":"12.c263c7ac-364e-4730-91c8-25c4e24baa2c","name":"CSP","property":[{"name":"id","type":"S","isList":false},{"name":"label","type":"S","isList":false},{"name":"type","type":"S","isList":false},{"name":"cardinality","type":"S","isList":false},{"name":"readOnly","type":"B","isList":false},{"name":"choices","type":"A","isList":false},{"name":"isSystemGenerated","type":"B","isList":false},{"name":"maxLength","type":"I","isList":false},{"name":"minValue","type":"I","isList":false},{"name":"maxValue","type":"I","isList":false},{"name":"value","type":"A","isList":false},{"name":"objectValue","type":"A","isList":false},{"name":"objectListValue","type":"A","isList":true},{"name":"singleCardinalityValue","type":"A","isList":false},{"name":"listCardinalityValues","type":"A","isList":true},{"name":"independentObjectSetValue","type":"A","isList":false},{"name":"independentObjects","type":"A","isList":true}]},{"id":"12.7adfa0ee-0991-4963-9843-84b6dd0899a9","name":"CSC1","property":[{"name":"contentType","type":"S","isList":false},{"name":"retrievalName","type":"S","isList":false},{"name":"elementSequenceNumber","type":"I","isList":false},{"name":"downloadUrl","type":"S","isList":false}]},{"id":"12.17f13ab5-05f1-4ea6-83a2-27298712e518","name":"CSR","property":[{"name":"id","type":"S","isList":false},{"name":"creator","type":"S","isList":false}]},{"id":"12.e43071d7-5753-44ae-acea-530f44938860","name":"CSF","property":[{"name":"folders","type":"CSF1","isList":true}]},{"id":"12.c8bfe491-8aec-4fb3-a730-cbc1a7cccb35","name":"CSF1","property":[{"name":"id","type":"S","isList":false},{"name":"name","type":"S","isList":false},{"name":"className","type":"S","isList":false},{"name":"pathName","type":"S","isList":false},{"name":"accessAllowed","type":"I","isList":false}]},{"id":"12.c92ca448-43d4-4f2f-987c-18ea2eca6e39","name":"CST","property":[{"name":"cmThumbnails","type":"CST1","isList":true}]},{"id":"12.53947f87-b282-46d8-ac17-8809607552b1","name":"CST1","property":[{"name":"id","type":"S","isList":false}]},{"id":"12.5bcfc576-fce9-41e4-9b1a-473cedef6579","name":"CSA","property":[{"name":"annotations","type":"CSA1","isList":true}]},{"id":"12.02773e68-2c39-410b-8229-99338ad13282","name":"CSA1","property":[{"name":"className","type":"S","isList":false},{"name":"dateCreated","type":"DT","isList":false},{"name":"contentElements","type":"CSC1","isList":true}]},{"id":"12.5551644c-3dc6-4161-a939-4e7f27f8ce45","name":"Aja","property":[{"name":"errorText","type":"S","isList":false},{"name":"errorCode","type":"S","isList":false},{"name":"serviceInError","type":"S","isList":false}]}]},"model":{"rootElement":[{"extensionElements":{"userTaskImplementation":[{"flowElement":[{"parallelMultiple":false,"outgoing":["2027.fd401421-6eb9-46a2-85e5-9fccaa187362"],"isInterrupting":true,"extensionElements":{"nodeVisualInfo":[{"color":"#F8F8F8","width":24,"x":50,"y":200,"declaredType":"TNodeVisualInfo","height":24}]},"documentation":[{"textFormat":"text/plain"}],"name":"Start","declaredType":"startEvent","id":"a841ace6-fc75-4e85-80fa-9c6932fbb55c"},{"incoming":["2027.379087ea-1768-4f02-8eb7-fefca5982fd8"],"extensionElements":{"nodeVisualInfo":[{"color":"#F8F8F8","width":24,"x":700,"y":200,"declaredType":"TNodeVisualInfo","height":24}],"navigationInstructions":[{"targetType":"Default","declaredType":"com.ibm.bpmsdk.model.bpmn20.ibmext.TNavigationInstructions"}]},"name":"End","declaredType":"endEvent","id":"d27e0500-83b5-46c6-8f6a-82fdc2ff6adc"},{"targetRef":"2025.a9ec3465-f22e-4d60-8631-a79b74ac1421","extensionElements":{"linkVisualInfo":[{"sourcePortLocation":"rightCenter","showCoachControlLabel":false,"labelPosition":0.0,"targetPortLocation":"leftCenter","declaredType":"TLinkVisualInfo","saveExecutionContext":false,"showLabel":false}]},"name":"Start to End","declaredType":"sequenceFlow","id":"2027.fd401421-6eb9-46a2-85e5-9fccaa187362","sourceRef":"a841ace6-fc75-4e85-80fa-9c6932fbb55c"},{"startQuantity":1,"outgoing":["2027.379087ea-1768-4f02-8eb7-fefca5982fd8"],"incoming":["2027.fd401421-6eb9-46a2-85e5-9fccaa187362"],"default":"2027.379087ea-1768-4f02-8eb7-fefca5982fd8","extensionElements":{"nodeVisualInfo":[{"width":95,"x":331,"y":177,"declaredType":"TNodeVisualInfo","height":70}]},"name":"Get Documents","isForCompensation":false,"completionQuantity":1,"declaredType":"scriptTask","id":"2025.a9ec3465-f22e-4d60-8631-a79b74ac1421","scriptFormat":"text/x-javascript","script":{"content":["console.debug(\"****BEGIN Script Get Documents****\");\r\n\r\n//tw.system.disableAutoContinue = true;‌\r\ntw.system.waitForContinueFlow();\r\n\r\nvar serviceName =\"getDocuments\";\r\n\r\nvar csrfToken = tw.local.data && tw.local.data.csrfToken;\r\nvar appServerResource = tw.local.data && tw.local.data.serverAppResource;\r\nvar repository = tw.local.data && tw.local.data.repository;\r\nvar contentItems = tw.local.data && tw.local.data.contentItems;\r\nvar minimumProperties = tw.local.data && tw.local.data.minimumProperties;\r\n\r\nvar orderBy = tw.local.data && tw.local.data.orderByProperty;\r\nif (orderBy == null) {\r\n    orderBy = \"DocumentTitle\";\r\n}\r\n\r\nvar order = tw.local.data && tw.local.data.order;\r\nif (order == null) {\r\n    order = \"\";\r\n}\r\nvar countLimit = tw.local.data && tw.local.data.countLimit;\r\nif (countLimit == null) {\r\n    countLimit = \"2000\";\r\n}\r\n\r\nvar pageSize = tw.local.data && tw.local.data.pageSize;\r\nvar properties = tw.local.data && tw.local.data.properties;\r\nvar ovpProperties = tw.local.data && tw.local.data.ovpProperties;\r\n\r\nvar annotationsRequested = false;\r\nvar annotationsIndex = properties.findIndex(function(propertyName) {\r\n\treturn propertyName.toLowerCase() === \"annotations\";\r\n});\r\nif (annotationsIndex >= 0) {\r\n\tannotationsRequested = true;\r\n\tproperties.splice(annotationsIndex, 1);\r\n}\r\n\r\nvar QUERY = \"{\" + \"\\n\" +\r\n      \"repositoryObjectSearches(\" + \"\\n\" +\r\n      \"repositoryIdentifier: \\\"\" + repository + \"\\\",\" + \"\\n\" +\r\n      \"searches: [{\" + \"\\n\" +\r\n          \"from: \\\"Document\\\"\" + \"\\n\" +\r\n          \"where: \";\r\n\r\n\t\t  var DOCUMENTS = \"\\\"\";\r\n\t\t  for (var i = 0; i < contentItems.length; i++) {\r\n              var contentItem = contentItems[i];\r\n              if (i > 0) {\r\n                  DOCUMENTS += \" OR \";\r\n              }\r\n              DOCUMENTS += \"ID = \" + contentItem.id;\r\n\t\t  };\r\n\t\t  QUERY += DOCUMENTS += \"\\\"\" + \"\\n\";\r\n          \r\n          QUERY += \"orderBy: \\\"\" + orderBy + \" \" + order + \"\\\"\" + \"\\n\" +\r\n          \"options: \\\"COUNT_LIMIT \" + countLimit + \"\\\"\" + \"\\n\" +\r\n      \"}],\" + \"\\n\" +\r\n      \"pageSize: \" + pageSize + \"\\n\" +\r\n      \")\" + \"\\n\" +\r\n      \"{\" + \"\\n\" +\r\n\t    \"independentObjects {\" + \"\\n\" +\r\n\t        \"className\" + \"\\n\" +\r\n\t        \"... on Document {\" + \"\\n\" +\r\n\t            \"name\" + \"\\n\" +\r\n\t\t      \"id\" + \"\\n\" +\r\n\t\t      \"mimeType\" + \"\\n\" +\r\n\t\t      \"creator\" + \"\\n\" +\r\n\t\t      \"dateCreated\" + \"\\n\" +\r\n\t\t\t\"accessAllowed\" + \"\\n\";\r\n\t\t\t\r\n\t\t\tif (!minimumProperties) {\r\n\t\t\t      QUERY += \"isReserved\" + \"\\n\" +\r\n\t\t\t\t\"reservation {\" + \"\\n\" +\r\n\t\t\t\t\t\"id\" + \"\\n\" +\r\n\t\t\t\t\t\"creator\" + \"\\n\" +\r\n\t\t\t\t\"}\" + \"\\n\" +\r\n\t\t\t\t\"contentElements {\" + \"\\n\" +\r\n\t\t        \t\t\"elementSequenceNumber\" + \"\\n\" +\r\n\t\t      \t\t\t\"... on ContentTransfer {\" + \"\\n\" +\r\n\t\t        \t\t\t\"retrievalName\" + \"\\n\" +\r\n\t\t        \t\t\t\"downloadUrl\" + \"\\n\" +\r\n\t\t      \t\t\"}  \" + \"\\n\" +\r\n\t\t        \t\"}\" + \"\\n\" +\r\n\t\t\t\t\"versionSeries {\" + \"\\n\" +\r\n\t\t\t\t\t\"id\" + \"\\n\" +\r\n\t\t\t\t\"}\" + \"\\n\" +\r\n\t\t\t\t\"cmThumbnails {\" + \"\\n\" +  \r\n\t\t\t         \"cmThumbnails {\" + \"\\n\" +  \r\n\t\t\t             \"id\" + \"\\n\" +  \r\n\t\t\t         \"}\" + \"\\n\" +  \r\n\t\t\t      \"}\" + \"\\n\";\r\n\t\t      }\r\n\t\t\t  \r\n\t\t\t // If annotations requested, add them here.\r\n\t\t\tif (annotationsRequested) {\r\n\t\t\t\tQUERY += \"annotations {\" + \"\\n\" +\r\n\t\t\t\t\t\"annotations {\" + \"\\n\" +\r\n\t\t\t\t\t\t\"className\" + \"\\n\" +\r\n\t\t\t\t\t\t\"dateCreated\" + \"\\n\" +\r\n\t\t\t\t\t\t\"contentElements {\" + \"\\n\" +\r\n\t\t\t\t\t\t\t\"... on ContentTransfer {\" + \"\\n\" + \r\n\t\t\t\t\t\t\t\t\"downloadUrl\" + \"\\n\" +\r\n\t\t\t\t\t\t\t\"}\" + \"\\n\" +\r\n\t\t\t\t\t\t\"}\" + \"\\n\" +\r\n\t\t\t\t\t\"}\" + \"\\n\" +\r\n\t\t\t\t\"}\" + \"\\n\";\r\n\t\t\t}\r\n\t\t\t  \r\n              QUERY += \"}\" + \"\\n\" +\r\n\t        \"properties(includes: \";\r\n\t\r\n\t\t  var PROPS = \"[\";\r\n\t\t  properties.forEach(function(property) {\r\n  \t\t\tPROPS += \"\\\"\" + property + \"\\\" \";\r\n\t\t  });\r\n\t\t  QUERY += PROPS += \"]\";\r\n\r\n\t\t  QUERY += \") {\" + \"\\n\" +\r\n \t \t\t\"id\" + \"\\n\" +\r\n       \t\t\"label\" + \"\\n\" +\r\n       \t\t\"type\" + \"\\n\" +\r\n          \t\t\"cardinality\" + \"\\n\" +\r\n        \t\t\"value\" + \"\\n\" +\r\n        \t\t\"... on DateTimeProperty {\" + \"\\n\" +\r\n\t\t\t\t\"isDateOnly\" + \"\\n\" +\r\n\t\t\t\"}\" + \"\\n\" +\t\r\n\t\t\t\"... on DateTimeListProperty {\" + \"\\n\" +\r\n\t\t\t\t\"isDateOnly\" + \"\\n\" +\r\n\t\t\t\"}\" + \"\\n\" +\t        \t\t\r\n \t\t\t\"... on ObjectProperty {\" + \"\\n\" +\r\n\t\t\t     \"objectValue {\" + \"\\n\" +\r\n\t\t\t          \"properties(includes: \";\r\n\t\t\t          \r\n\t\t\t          var OVPPROPS = \"[\";\r\n\t\t\t\t    ovpProperties.forEach(function(property) {\r\n\t\t\t\t\t  OVPPROPS += \"\\\"\" + property + \"\\\" \";\r\n\t\t\t\t    });\r\n\t\t\t          QUERY += OVPPROPS += \"]\";\r\n\t\t\t          \r\n\t\t\t          QUERY += \") {\" + \"\\n\" +\r\n\t\t\t              \"id\" + \"\\n\" +\r\n\t\t\t              \"type\" + \"\\n\" +\r\n\t\t\t              \"value\" + \"\\n\" +\r\n\t\t\t\t\t  \"... on DateTimeProperty {\" + \"\\n\" +\r\n\t\t\t\t\t\t\"isDateOnly\" + \"\\n\" +\r\n\t\t\t\t\t  \"}\" + \"\\n\" +\t\r\n\t\t\t\t\t  \"... on DateTimeListProperty {\" + \"\\n\" +\r\n\t\t\t\t\t\t\"isDateOnly\" + \"\\n\" +\r\n\t\t\t\t\t  \"}\" + \"\\n\" +\t        \t\t\r\n\t\t\t          \"}\" + \"\\n\" +\r\n\t\t\t      \"}\" + \"\\n\" +\r\n\t\t\t \"}\" + \"\\n\" +       \t\t\r\n        \t  \"}\" + \"\\n\" +\r\n\t    \"}\" + \"\\n\" +\r\n\t    \"pageInfo {\" + \"\\n\" +\r\n\t\t  \"token\" + \"\\n\" +\r\n\t\t  \"totalCount\" + \"\\n\" +\r\n\t    \"}\" + \"\\n\" +\r\n     \"}\" + \"\\n\" +\r\n\"}\";\r\n\r\nconsole.debug(\"Calling lookupDBARegistry\");\r\ntw.system.lookupDBARegistry(appServerResource, function(response) {\r\n\r\n\tvar options = {\r\n\t\tmethod: \"POST\",\r\n\t\tpayload: {\r\n\t\t\tquery: QUERY,\r\n\t\t\tvariables: null,\r\n\t\t\toperationName: null\r\n\t\t},\r\n\t\theaders: {\r\n\t\t\t\"ECM-CS-XSRF-Token\": csrfToken,\r\n\t\t\tCookie: \"ECM-CS-XSRF-Token=\" + csrfToken,\r\n\t\t\t\"Accept-Language\": tw.system.user.locale\r\n\t\t}\r\n\t};\r\n\t\r\n\t// Add the context root and path if they are missing for backward compatibility\r\n\tif (!response.ctxRoot) {\r\n\t\toptions.ctxRoot = \"/content-services-graphql\";\r\n\t}\r\n\tif (!response.path) {\r\n\t\toptions.path = \"/graphql\";\r\n\t}\t\r\n\tconsole.debug(\"Options: \", options);\t\r\n\tconsole.debug(\"****PAYLOAD: \", QUERY);\r\n\tconsole.debug(\"****CALLING performRequest****\");\r\n\t\ttw.system.performRequest(appServerResource, options, function(response, httpStatus) {\r\n\t\t\r\n\t\tconsole.debug(\"performRequest response: \", response);\r\n\t\tconsole.debug(\"performRequest httpStatus: \", httpStatus);\r\n\r\n\t\tif (httpStatus.statusCode != 200) {\r\n\t\t\ttw.local.error = {};\r\n\t\t\ttw.local.error.errorCode = httpStatus.statusCode;\r\n\t\t\ttw.local.error.errorText = response;\r\n\t\t\ttw.local.error.serviceInError = serviceName;\r\n\t\t} else {\r\n\t\t\tvar results = [];\r\n\t\t\t\r\n\t\t\tvar resultsJson = JSON.parse(response);\r\n\t\t\tvar searchResults = resultsJson.data.repositoryObjectSearches;\r\n\t\t\tvar indObjects = searchResults.independentObjects;\r\n\t\t\t\r\n\t\t\tindObjects.forEach(function(indObject) {\r\n\t\t\t\tvar newItem = new Object();\r\n\t\t\t\r\n\t\t\t\tnewItem.name = indObject.name;\r\n\t\t\t\tnewItem.id = indObject.id;\r\n\t\t\t\tnewItem.className = indObject.className;\r\n\t\t\t\tnewItem.mimeType = indObject.mimeType;\r\n\t\t\t\tnewItem.isReserved = indObject.isReserved;\r\n\t\t\t\tnewItem.reservation = indObject.reservation;\r\n\t\t\t\tnewItem.accessAllowed = indObject.accessAllowed;\r\n\t\t\t\tnewItem.properties = indObject.properties;\r\n\t\t\t\tnewItem.isFolder = false;\r\n\t\t\t\tnewItem.baseType = \"Document\";\r\n\t\t\t\t\r\n\t\t\t\tif (indObject.contentElements) {\r\n\t\t\t\t\tnewItem.contentElements = indObject.contentElements;\r\n\t\t\t\t}\r\n\t\t\t\t\r\n\t\t\t\tif (indObject.versionSeries) {\r\n\t\t\t\t\tnewItem.versionSeriesId = indObject.versionSeries.id;\r\n\t\t\t\t}\r\n\t\t\t\t\r\n\t\t\t\tif (indObject.cmThumbnails) {\r\n\t\t\t\t\tnewItem.cmThumbnails = indObject.cmThumbnails;\r\n\t\t\t\t}\r\n\t\t\t\t\r\n\t\t\t\tif (indObject.annotations) {\r\n\t\t\t\t\tnewItem.annotations = indObject.annotations;\r\n\t\t\t\t}\r\n\t\t\t\t\t\r\n\t\t\t\tresults.push(newItem);\r\n\t\t\t});\r\n\t\t\t\t\r\n\t\t\tvar resultSet = {};\r\n\t\t\tresultSet.items = results;\r\n\t\t\t\t\r\n\t\t\tif (searchResults.pageInfo != null) {\r\n\t\t\t\tresultSet.totalCount = searchResults.pageInfo.totalCount;\r\n\t\t\t\tresultSet.token = searchResults.pageInfo.token;\r\n\t\t\t}\t\r\n\t\t\t\r\n\t\t\ttw.local.results = {\r\n\t\t\t\tresults: resultSet\r\n\t\t\t};\r\n\t\t}\r\n\t\t\r\n\t\t// Signal to engine that flow can continue past this Script‌\r\n\t\ttw.system.continueFlow();\r\n\t}, function (err) {\r\n\t\tconsole.error(\"performRequest failed: \", err);\r\n\t\t\r\n\t\ttw.local.error = {};\r\n\t\ttw.local.error.errorCode = err.code ? err.code : err.errno ? err.errno : err.name;\r\n\t\ttw.local.error.errorText = err.message;\r\n\t\ttw.local.error.serviceInError = serviceName;\r\n\t\t\r\n\t\t// Signal to engine that flow can continue past this Script.\r\n\t\ttw.system.continueFlow();\r\n\t});\r\n}, function(err) {\r\n\tconsole.error(\"Error returned from lookupDBARegistry:\", err);\r\n\ttw.local.error = {};\r\n\ttw.local.error.errorCode = err.msg;\r\n\ttw.local.error.errorText = err.msg;\r\n\ttw.local.error.serviceInError = serviceName;\r\n\ttw.system.continueFlow();\r\n});\t\t\t\r\n\t\r\nconsole.debug(\"At the end of the script step pending response from Graphql\");\r\n"]}},{"targetRef":"d27e0500-83b5-46c6-8f6a-82fdc2ff6adc","extensionElements":{"sequenceFlowImplementation":[{"fireValidation":"Never","sboSyncEnabled":true,"declaredType":"com.ibm.bpmsdk.model.bpmn20.ibmext.TSequenceFlowImplementation"}],"linkVisualInfo":[{"sourcePortLocation":"rightCenter","showCoachControlLabel":false,"labelPosition":0.0,"targetPortLocation":"leftCenter","declaredType":"TLinkVisualInfo","saveExecutionContext":true,"showLabel":false}]},"name":"To End","declaredType":"sequenceFlow","id":"2027.379087ea-1768-4f02-8eb7-fefca5982fd8","sourceRef":"2025.a9ec3465-f22e-4d60-8631-a79b74ac1421"}],"isClosed":false,"declaredType":"com.ibm.bpmsdk.model.bpmn20.ibmext.TUserTaskImplementation","id":"ccc28ece-0af6-45cd-8dba-5617169e8fa3","processType":"None"}]},"implementation":"##unspecified","documentation":[{"content":["Returns information about a set of documents."],"textFormat":"text/plain"}],"name":"getDocuments","declaredType":"globalUserTask","id":"1.c1bfa9d3-4efe-46e6-99e5-dd5e5f1da827","ioSpecification":{"dataOutput":[{"itemSubjectRef":"itm.12.c09c9b6e-aabd-4897-bef2-ed61db106297","documentation":[{"content":["<div>Set on success. Contains a JSON object with the following properties:</div><div>{</div><div><span style=\"white-space:pre\">\t</span>items: The list of partial Content Items representing the documents and their properties. See the JavaScript API document for a description of Content Item.</div><div><span style=\"white-space:pre\">\t</span>totalCount: The total number of documents including those on subsequent pages.</div><div><span style=\"white-space:pre\">\t</span>token: Paging token when there is more than one page of results</div><div>}</div><div><br /></div>"],"textFormat":"text/plain"}],"name":"results","isCollection":false,"id":"2055.c615f7e2-5f10-42a4-8499-b33b3af350c2"},{"itemSubjectRef":"itm.12.5551644c-3dc6-4161-a939-4e7f27f8ce45","documentation":[{"content":["Set on error. Contains information about why the call failed."],"textFormat":"text/plain"}],"name":"error","isCollection":false,"id":"2055.1d4fe54e-1797-42e4-8d78-2ecf284ba8a5"}],"inputSet":[{}],"outputSet":[{}],"dataInput":[{"itemSubjectRef":"itm.12.d38e8fe3-7f8d-47ca-9186-bb537adcfb7a","name":"data","isCollection":false,"id":"2055.1935384e-5963-465e-8e2b-975cc891ecff"}]}}],"targetNamespace":"","typeLanguage":"http://www.w3.org/2001/XMLSchema","expressionLanguage":"http://www.ibm.com/xmlns/prod/bpm/expression-lang/javascript","id":"1.c1bfa9d3-4efe-46e6-99e5-dd5e5f1da827"}},"status":"200"}