{"data":{"metadata":{"paId":"2066.bd3841e7-7c78-4b6b-aa2b-1f9cc91afc9a","paShortName":"SYSCST","snapshotId":"2064.e56cae0e-3219-4db7-9465-459fadbe1e83","snapshotName":"Aug282025v2","name":"Content Services"},"defaults":{"entry":[{"type":"S","value":""},{"type":"B","value":false},{"type":"I","value":0},{"type":"D","value":0.0},{"type":"DT","value":null},{"type":"DT","value":null}]},"templates":{"variableTemplates":[{"modelId":"1.e4182b3f-2c4f-4c78-bda8-b0a75bb7b86c","parentId":"1.e4182b3f-2c4f-4c78-bda8-b0a75bb7b86c","variableTemplate":[{"id":"2055.0fdc0d3c-af3e-4a4e-8f3c-ce9f49930a13","name":"data","boTemplateName":"CSS"},{"id":"2055.688b9048-5c27-42b5-83c9-8a2e9d2ef7c5","name":"results","boTemplateName":"A"},{"id":"2055.05ac89d8-7b91-4153-8222-86b8746cd85b","name":"error","boTemplateName":"Aja"}]}],"boTemplate":[{"id":"12.e29ab201-3906-4799-8496-ce5f0f6c0b08","name":"CSS","property":[{"name":"csrfToken","type":"S","isList":false},{"name":"serverAppResource","type":"S","isList":false},{"name":"repository","type":"S","isList":false},{"name":"batchId","type":"S","isList":false},{"name":"batchClassId","type":"S","isList":false},{"name":"batchDocumentCount","type":"I","isList":false},{"name":"changeSets","type":"S","isList":true}]},{"id":"12.5551644c-3dc6-4161-a939-4e7f27f8ce45","name":"Aja","property":[{"name":"errorText","type":"S","isList":false},{"name":"errorCode","type":"S","isList":false},{"name":"serviceInError","type":"S","isList":false}]}]},"model":{"rootElement":[{"extensionElements":{"userTaskImplementation":[{"flowElement":[{"parallelMultiple":false,"outgoing":["2027.db3a8798-bc45-4655-8946-981ce5a1cc61"],"isInterrupting":true,"extensionElements":{"nodeVisualInfo":[{"color":"#F8F8F8","width":24,"x":50,"y":200,"declaredType":"TNodeVisualInfo","height":24}]},"name":"Start","declaredType":"startEvent","id":"1ecaa7b8-24f9-42b3-8573-c39ef48b324a"},{"incoming":["2027.542c9139-ab0b-456c-80aa-437f12053bf3"],"extensionElements":{"nodeVisualInfo":[{"color":"#F8F8F8","width":24,"x":700,"y":200,"declaredType":"TNodeVisualInfo","height":24}],"navigationInstructions":[{"targetType":"Default","declaredType":"com.ibm.bpmsdk.model.bpmn20.ibmext.TNavigationInstructions"}]},"name":"End","declaredType":"endEvent","id":"19933230-fa2c-442e-8a92-5f724dbc5fda"},{"targetRef":"2025.eccbfec6-54a0-4a69-8530-8f9a80c24142","extensionElements":{"linkVisualInfo":[{"sourcePortLocation":"rightCenter","showCoachControlLabel":false,"labelPosition":0.0,"targetPortLocation":"leftCenter","declaredType":"TLinkVisualInfo","saveExecutionContext":false,"showLabel":false}]},"name":"Start to End","declaredType":"sequenceFlow","id":"2027.db3a8798-bc45-4655-8946-981ce5a1cc61","sourceRef":"1ecaa7b8-24f9-42b3-8573-c39ef48b324a"},{"startQuantity":1,"outgoing":["2027.542c9139-ab0b-456c-80aa-437f12053bf3"],"incoming":["2027.db3a8798-bc45-4655-8946-981ce5a1cc61"],"default":"2027.542c9139-ab0b-456c-80aa-437f12053bf3","extensionElements":{"nodeVisualInfo":[{"width":95,"x":350,"y":177,"declaredType":"TNodeVisualInfo","height":70}]},"name":"Save Batch","isForCompensation":false,"completionQuantity":1,"declaredType":"scriptTask","id":"2025.eccbfec6-54a0-4a69-8530-8f9a80c24142","scriptFormat":"text/x-javascript","script":{"content":["console.debug(\"****BEGIN Script Save Batch****\");\r\n\r\ntw.system.waitForContinueFlow();\r\n\r\nvar csrfToken = tw.local.data && tw.local.data.csrfToken;\r\nvar appServerResource = tw.local.data && tw.local.data.serverAppResource;\r\nvar repository = tw.local.data && tw.local.data.repository;\r\nvar batchId = tw.local.data && tw.local.data.batchId;\r\nvar batchClassId = tw.local.data && tw.local.data.batchClassId;\r\nvar batchDocumentCount = tw.local.data && tw.local.data.batchDocumentCount;\r\nvar changeSets = tw.local.data && tw.local.data.changeSets;\r\n\r\nvar QUERY = \"mutation {\\n\";\r\n\r\n\tif (batchClassId && batchDocumentCount >= 0) {\r\n\t\tQUERY += \"updateCmAbstractPersistable(\\n\" +\r\n\t\t\t\"repositoryIdentifier: \\\"\" + repository + \"\\\",\\n\" +\r\n\t\t\t\"identifier: \\\"\" + batchId + \"\\\",\\n\" +\r\n\t\t\t\"classIdentifier: \\\"\" + batchClassId + \"\\\",\\n\" +\r\n\t\t\t\"cmAbstractPersistableProperties: {\\n\" +\r\n\t\t\t\t\"properties: [\\n\" +\r\n\t\t\t\t\t\"{DbaBatchDocumentCount: \" + batchDocumentCount + \"}\\n\" +\r\n\t\t\t\t\"]\\n\" +\r\n\t\t\t\"}\\n\" +\r\n\t\t\")\\n\" +\r\n\t\t\"{\\n\" +\r\n\t\t\t\"id\\n\" +\r\n\t\t\"}\\n\";\t\r\n\t}\r\n\t\r\n\tfor (var i = 0; i < changeSets.length; i++) {\r\n\t\tvar changeSet = changeSets[i];\r\n        \r\n\t\tif (changeSet.action == \"checkin\") {\r\n\t\t\tvar checkinDocumentName = getUniqueName(\"checkinDocument\", changeSet.reservationId);\r\n\t\t\t\r\n\t\t\tQUERY += checkinDocumentName + \":checkinDocument(\\n\" +\r\n\t\t\t\t\"repositoryIdentifier: \\\"\" + repository + \"\\\",\\n\" +\r\n\t\t\t\t\"identifier:\\\"\" + changeSet.reservationId + \"\\\",\\n\" +\r\n\t\t\t\t\"documentProperties: {\\n\" +\r\n\t\t\t\t       \"objectProperties:[{\\n\" +\r\n\t\t\t\t           \"identifier: \\\"DbaClassificationController\\\"\\n\" +\r\n\t\t\t\t           \"objectReferenceValue: {\\n\" +\r\n\t\t\t\t           \t\t\"identifier:\\\"\" + changeSet.controllerId + \"\\\"\\n\" +\r\n\t\t\t\t           \"}\\n\" +\r\n\t\t\t\t       \"}]\\n\" +\r\n\t\t\t\t\"}\\n\" +  \r\n\t\t\t\t\"checkinAction: {}\\n\" +\r\n\t\t\t\")\\n\" +\r\n\t\t\t\"{\\n\" +\r\n\t\t\t\t\"id\\n\" +\r\n\t\t\t\t\"properties {\\n\" +\r\n\t\t\t\t\t\"id\\n\" +\r\n\t\t\t\t\t\"value\\n\" +\r\n\t\t\t\t\"}\\n\" +\r\n\t\t\t\"}\\n\";\r\n\t\t\t\r\n\t\t} else if (changeSet.action == \"version\") {\r\n\t\t\tvar checkinDocumentName = getUniqueName(\"checkinDocument\", changeSet.reservationId);\r\n\r\n\t\t\tQUERY += checkinDocumentName + \":checkinDocument(\\n\" +\r\n\t\t\t\t\"repositoryIdentifier: \\\"\" + repository + \"\\\",\\n\" +\r\n\t\t\t\t\"identifier:\\\"\" + changeSet.reservationId + \"\\\",\\n\" +\r\n\t\t\t\t\"checkinAction: {}\\n\" +\r\n\t\t\t\")\\n\" +\r\n\t\t\t\"{\\n\" +\r\n\t\t\t\t\"id\\n\" +\r\n\t\t\t\t\"properties {\\n\" +\r\n\t\t\t\t\t\"id\\n\" +\r\n\t\t\t\t\t\"value\\n\" +\r\n\t\t\t\t\"}\\n\" +\r\n\t\t\t\"}\\n\";\r\n\r\n\t\t\tvar updateOldControllerName = getUniqueName(\"updateOldController\", changeSet.oldControllerId);\r\n\r\n\t\t\tQUERY += updateOldControllerName + \":updateCmAbstractPersistable(\\n\" +\r\n\t\t\t\t\"repositoryIdentifier: \\\"\" + repository + \"\\\",\\n\" +\r\n\t\t\t\t\"identifier: \\\"\" + changeSet.oldControllerId + \"\\\",\\n\" +\r\n\t\t\t\t\"classIdentifier: \\\"\" + changeSet.controllerClassId + \"\\\",\\n\" +\r\n\t\t\t\t\"cmAbstractPersistableProperties: {\\n\" +\r\n\t\t\t\t\t\"objectProperties:[{\\n\" +\r\n\t\t\t\t\t\t\"identifier: \\\"DbaBatchController\\\"\\n\" +\r\n\t\t\t\t\t\t\"objectReferenceValue: null\" + \"\\n\" +\r\n\t\t\t\t\t\"}]\\n\" +\r\n\t\t\t\t\"}\\n\" +\r\n\t\t\t\")\\n\" +\r\n\t\t\t\"{\\n\" +\r\n\t\t\t\t\"id\\n\" +\r\n\t\t\t\"}\\n\";\r\n\r\n\t\t} else if (changeSet.action == \"properties\") {\r\n\t\t\tvar updateControllerName = getUniqueName(\"updateController\", changeSet.controllerId);\r\n\r\n\t\t\tQUERY += updateControllerName + \":updateCmAbstractPersistable(\\n\" +\r\n\t\t\t\t\"repositoryIdentifier: \\\"\" + repository + \"\\\",\\n\" +\r\n\t\t\t\t\"identifier: \\\"\" + changeSet.controllerId + \"\\\",\\n\" +\r\n\t\t\t\t\"classIdentifier: \\\"\" + changeSet.controllerClassId + \"\\\",\\n\" +\r\n\t\t\t\t\"cmAbstractPersistableProperties: {\\n\" +\r\n\t\t\t\t\t\"properties: [\\n\";\r\n\t\t\t\t\t\t\t\t\r\n\t\t\t\t\tfor (var j = 0; j < changeSet.controllerProperties.length; j++) {\r\n\t\t\t\t\t\tvar property = changeSet.controllerProperties[j];\r\n\t\t\t\t\t\tif (property.dataType == \"STRING\") {\r\n\t\t\t\t\t\t\tQUERY += \"{\" + property.symbolicName + \": \\\"\" + property.value + \"\\\"}\";\r\n\t\t\t\t\t\t} else {\r\n\t\t\t\t\t\t\tQUERY += \"{\" + property.symbolicName + \": \" + property.value + \"}\";\r\n\t\t\t\t\t\t}\r\n\t\t\t\t\t\tif (j < changeSet.controllerProperties.length - 1) {\r\n\t\t\t\t\t\t\tQUERY += \",\\n\";\r\n\t\t\t\t\t\t} else {\r\n\t\t\t\t\t\t\tQUERY += \"\\n\";\r\n\t\t\t\t\t\t}\r\n\t\t\t\t\t}\r\n\t\t\t\t\r\n\t\t\t\t\tQUERY += \t\"]\\n\" +\r\n\t\t\t\t\"}\\n\" +\t\t\r\n\t\t\t\")\\n\" +\r\n\t\t\t\"{\\n\" +\r\n\t\t\t\t\"id\\n\" +\r\n\t\t\t\"}\\n\";\t\r\n\t\t\t\r\n\t\t} else if (changeSet.action == \"delete\") {\r\n\t\t\tif (changeSet.versionSeriesId && changeSet.versionSeriesId != \"\") {\r\n\t\t\t\tvar deleteVersionSeriesName = getUniqueName(\"deleteVersionSeries\", changeSet.versionSeriesId);\r\n\t\r\n\t\t\t\tQUERY += deleteVersionSeriesName + \":deleteVersionSeries(\\n\" +\r\n\t\t\t\t\t\"repositoryIdentifier: \\\"\" + repository + \"\\\"\\n\" +\r\n\t\t\t\t\t\"identifier: \\\"\" + changeSet.versionSeriesId + \"\\\"\\n\" +\r\n\t\t\t\t\")\\n\" +\r\n\t\t\t\t\"{\\n\" + \r\n\t\t\t\t\t\"id\\n\" +\r\n\t\t\t\t\"}\\n\";\r\n\t\t\t} else {\r\n\t\t\t\tvar deleteDocumentName = getUniqueName(\"deleteDocument\", changeSet.documentId);\r\n\t\r\n\t\t\t\tQUERY += deleteDocumentName + \":deleteDocument(\\n\" +\r\n\t\t\t\t\t\"repositoryIdentifier: \\\"\" + repository + \"\\\"\\n\" +\r\n\t\t\t\t\t\"identifier: \\\"\" + changeSet.documentId + \"\\\"\\n\" +\r\n\t\t\t\t\")\\n\" +\r\n\t\t\t\t\"{\\n\" + \r\n\t\t\t\t\t\"id\\n\" +\r\n\t\t\t\t\"}\\n\";\r\n\t\t\t}\r\n\t\t}\r\n    }\r\n\r\nQUERY += \"}\";\r\n\r\nconsole.debug(\"Calling lookupDBARegistry\");\r\ntw.system.lookupDBARegistry(appServerResource, function(response) {\r\n\r\n\tvar options = {\r\n\t\tmethod: \"POST\",\r\n\t\tpayload: {\r\n\t\t\tquery: QUERY,\r\n\t\t\tvariables: null,\r\n\t\t\toperationName: null\r\n\t\t},\r\n\t\theaders: {\r\n\t\t\t\"ECM-CS-XSRF-Token\": csrfToken,\r\n\t\t\tCookie: \"ECM-CS-XSRF-Token=\" + csrfToken,\r\n\t\t\t\"Accept-Language\": tw.system.user.locale\r\n\t\t}\r\n\t};\r\n\t\r\n\t// Add the context root and path if they are missing for backward compatibility\r\n\tif (!response.ctxRoot){\r\n\t\toptions.ctxRoot = \"/content-services-graphql\";\r\n\t}\r\n\tif (!response.path){\r\n\t\toptions.path = \"/graphql\";\r\n\t}\t\r\n\tconsole.debug(\"Options: \", options);\t\r\n\tconsole.debug(\"****PAYLOAD: \", QUERY);\r\n\tconsole.debug(\"****CALLING performRequest****\");\r\n\t\r\n\ttw.system.performRequest(appServerResource, options, function(response, httpStatus) {\r\n    \r\n\t\tconsole.debug(\"performRequest completed: \", response);\r\n\t\t\r\n\t\tvar results = {};\r\n\t\t\r\n\t\tvar resultsJson = JSON.parse(response);\r\n\t\tvar data = resultsJson.data;\r\n\t\t\r\n\t\tif (data) {\r\n\t\t\ttw.local.results = {\r\n\t\t\t\tdata: data,\r\n\t\t\t\tbatchId: batchId\r\n\t\t\t};\r\n\t\t} else {\r\n\t\t\tvar errors = resultsJson.errors;\r\n\t\t\ttw.local.error = errors;\r\n\t\t}\r\n\t\t// Signal to engine that flow can continue past this Script‌\r\n\t\ttw.system.continueFlow();\r\n\t\t\r\n\t}, function (err) {\r\n\t\tconsole.error(\"performRequest failed: \", err);\r\n\r\n\t\ttw.local.error = err;\r\n\t\t\r\n\t\t// Signal to engine that flow can continue past this Script‌\r\n\t\ttw.system.continueFlow();\r\n\t});\r\n}, function(err) {\r\n\tconsole.error(\"Error returned from lookupDBARegistry:\", err);\r\n\ttw.local.error = {};\r\n\ttw.local.error.errorCode = err.msg;\r\n\ttw.local.error.errorText = err.msg;\r\n\ttw.local.error.serviceInError = serviceName;\r\n\ttw.system.continueFlow();\r\n});\r\n\r\nfunction getUniqueName(prefix, id) {\r\n\tvar uniqueName = prefix +  id.replace(/[{}]/g, \"\").replace(/-/g, \"_\");\r\n\treturn uniqueName;\r\n};\r\n    \r\nconsole.debug(\"At the end of the script step pending response from Graphql\");\r\n"]}},{"targetRef":"19933230-fa2c-442e-8a92-5f724dbc5fda","extensionElements":{"sequenceFlowImplementation":[{"fireValidation":"Never","sboSyncEnabled":true,"declaredType":"com.ibm.bpmsdk.model.bpmn20.ibmext.TSequenceFlowImplementation"}],"linkVisualInfo":[{"sourcePortLocation":"rightCenter","showCoachControlLabel":false,"labelPosition":0.0,"targetPortLocation":"leftCenter","declaredType":"TLinkVisualInfo","saveExecutionContext":true,"showLabel":false}]},"name":"To End","declaredType":"sequenceFlow","id":"2027.542c9139-ab0b-456c-80aa-437f12053bf3","sourceRef":"2025.eccbfec6-54a0-4a69-8530-8f9a80c24142"}],"isClosed":false,"declaredType":"com.ibm.bpmsdk.model.bpmn20.ibmext.TUserTaskImplementation","id":"1146ca22-9f6f-45c9-8144-405e63edf6bb","processType":"None"}]},"implementation":"##unspecified","documentation":[{"content":["Used to check in new documents that have been created in a batch."],"textFormat":"text/plain"}],"name":"saveBatch","declaredType":"globalUserTask","id":"1.e4182b3f-2c4f-4c78-bda8-b0a75bb7b86c","ioSpecification":{"dataOutput":[{"itemSubjectRef":"itm.12.c09c9b6e-aabd-4897-bef2-ed61db106297","documentation":[{"content":["Set on success. Contains a JSON object containing information about the batch."],"textFormat":"text/plain"}],"name":"results","isCollection":false,"id":"2055.688b9048-5c27-42b5-83c9-8a2e9d2ef7c5"},{"itemSubjectRef":"itm.12.5551644c-3dc6-4161-a939-4e7f27f8ce45","documentation":[{"content":["Set on error. Contains information about why the call failed."],"textFormat":"text/plain"}],"name":"error","isCollection":false,"id":"2055.05ac89d8-7b91-4153-8222-86b8746cd85b"}],"inputSet":[{}],"outputSet":[{}],"dataInput":[{"itemSubjectRef":"itm.12.e29ab201-3906-4799-8496-ce5f0f6c0b08","name":"data","isCollection":false,"id":"2055.0fdc0d3c-af3e-4a4e-8f3c-ce9f49930a13"}]}}],"targetNamespace":"","typeLanguage":"http://www.w3.org/2001/XMLSchema","expressionLanguage":"http://www.ibm.com/xmlns/prod/bpm/expression-lang/javascript","id":"1.e4182b3f-2c4f-4c78-bda8-b0a75bb7b86c"}},"status":"200"}