{"id":"50.c4d6cc83-a000-4ae2-b2f5-d35d89f9c6ba/2064.7814960a-7cfe-424d-92b5-d9ce2fbce18c","localeLanguage":"","localeCountry":"","localeVariant":"","localeDisplayName":"WPT","resourceBundleKey":[{"id":null,"key":"HistoryLBL","value":"History"},{"id":null,"key":"activitiesDOC","value":"A list of activities"},{"id":null,"key":"activitiesLBL","value":"Activities"},{"id":null,"key":"activitySummariesDOC","value":"The list of activity summaries to display. This is applicable only when the Process ID option is used."},{"id":null,"key":"activitySummariesLBL","value":"Activity Summaries"},{"id":null,"key":"addFilterLBL","value":"Add filter"},{"id":null,"key":"alwaysShowDOC","value":"Always show"},{"id":null,"key":"alwaysShowLBL","value":"Always show"},{"id":null,"key":"availableActionsDOC","value":"The list of available actions that the process diagram will enable. These are based on the authorizations of the current user when used within a Dashboard."},{"id":null,"key":"availableActionsLBL","value":"Available Actions"},{"id":null,"key":"blocksShowingOnloadDOC","value":"Number of blocks showing on load"},{"id":null,"key":"blocksShowingOnloadLBL","value":"Blocks showing on load"},{"id":null,"key":"branchIdDOC","value":"The branch ID for a particular process (begins with 2063.xxx)."},{"id":null,"key":"branchIdLBL","value":"Branch ID"},{"id":null,"key":"brandDOC","value":"Brand name to be displayed on the title bar"},{"id":null,"key":"brandLBL","value":"Brand Name"},{"id":null,"key":"businessColumnsDOC","value":"The list of possible business columns"},{"id":null,"key":"businessColumnsLBL","value":"Business columns"},{"id":null,"key":"caseFilterByProjectDOC","value":"Enter the project name to filter the case list to only the instances for that project."},{"id":null,"key":"caseFilterByProjectLBL","value":"Filter by project"},{"id":null,"key":"caseFiltersDOC","value":"Select the binding to persist the filters in the case list."},{"id":null,"key":"caseFiltersLBL","value":"Set persistent case filters"},{"id":null,"key":"caseInstanceFiltersDOC","value":"Select the binding to persist the filters in the case instance list."},{"id":null,"key":"caseInstanceFiltersLBL","value":"Set persistent case instance filters"},{"id":null,"key":"caseInstancesColumnsDOC","value":"Specify the columns to display in the case instance list."},{"id":null,"key":"caseInstancesColumnsLBL","value":"Customize case instance columns"},{"id":null,"key":"caseInstancesSortDOC","value":"Select the binding to persist the sorting of the case instance list."},{"id":null,"key":"caseInstancesSortLBL","value":"Set persistent case instance sorting"},{"id":null,"key":"caseListColumnWidthDOC","value":"Select the binding to persist the column widths in the case list."},{"id":null,"key":"caseListColumnWidthLBL","value":"Set persistent column widths"},{"id":null,"key":"caseScopeDOC","value":"Choose what case instances are included in your list, either all the instances that you're authorized to see or just the instances that are directly assigned to you."},{"id":null,"key":"caseScopeLBL","value":"Case scope"},{"id":null,"key":"casesColumnsDOC","value":"Specify the columns to display in the case list."},{"id":null,"key":"casesColumnsLBL","value":"Customize case columns"},{"id":null,"key":"casesEnableCaseDetailsDOC","value":"Enable the ability to open a workflow case."},{"id":null,"key":"casesEnableCaseDetailsLBL","value":"Enable case launch"},{"id":null,"key":"casesLBL","value":"Cases"},{"id":null,"key":"casesPerPageDOC","value":"Enter the number of cases to show per page."},{"id":null,"key":"casesPerPageLBL","value":"Set cases per page"},{"id":null,"key":"casesSortDOC","value":"Select the binding to persist the sorting of the case list."},{"id":null,"key":"casesSortLBL","value":"Set persistent case sorting"},{"id":null,"key":"clearFilterLBL","value":"Clear filter"},{"id":null,"key":"customPathDOC","value":"The list of ProjectedPathLinkChange's for the custom path created. This is applicable only when the Process Instance ID option is used."},{"id":null,"key":"customPathLBL","value":"Custom Path"},{"id":null,"key":"disableActionsDOC","value":"The actions to be disabled"},{"id":null,"key":"disableActionsLBL","value":"Disable actions"},{"id":null,"key":"disableCompleteTasksDOC","value":"Prevent users from opening completed tasks."},{"id":null,"key":"disableCompleteTasksLBL","value":"Disable opening of completed tasks"},{"id":null,"key":"disableFilterEventsDOC","value":"Disable the auto-refresh of the list when filters are updated."},{"id":null,"key":"disableFilterEventsLBL","value":"Disable auto-refresh"},{"id":null,"key":"disableFulltextSearchDOC","value":"Disable the full text search ability on the search bar"},{"id":null,"key":"disableFulltextSearchLBL","value":"Disable full text search"},{"id":null,"key":"disableLeftClickActivityDetailsDOC","value":"Disables the Activity Details popup that displays when clicking on a node."},{"id":null,"key":"disableLeftClickActivityDetailsLBL","value":"Disable Left Click Activity Details"},{"id":null,"key":"disableRetrieveServicesDOC","value":"Disabling retrieve services (e.g manage team, create workstreams) to the action menu."},{"id":null,"key":"disableRetrieveServicesLBL","value":"Disable retrieve services"},{"id":null,"key":"disableRightClickMenusDOC","value":"Disables the Context Menu popup that displays when right-clicking on a node."},{"id":null,"key":"disableRightClickMenusLBL","value":"Disable Right Click Context Menu"},{"id":null,"key":"documentsLBL","value":"Documents"},{"id":null,"key":"embededViewDOC","value":"Hides the close button for embedding in another view."},{"id":null,"key":"embededViewLBL","value":"Embeded View"},{"id":null,"key":"enableAddWorkflowDOC","value":"Show the Start workflow button."},{"id":null,"key":"enableAddWorkflowLBL","value":"Show Start workflow"},{"id":null,"key":"enableBatchModifyDOC","value":"Enable the modification of multiple selected tasks at once."},{"id":null,"key":"enableBatchModifyLBL","value":"Enable batch modify"},{"id":null,"key":"enableCopyLinkDOC","value":"Show the copy link action in the overflow menu."},{"id":null,"key":"enableCopyLinkLBL","value":"Show copy link"},{"id":null,"key":"enableHistoryNavDOC","value":"Show the navigation path to the current page in the task viewer."},{"id":null,"key":"enableHistoryNavLBL","value":"Show the breadcrumb trail"},{"id":null,"key":"enableInstanceDetailsDOC","value":"Show the view instance action in the overflow menu."},{"id":null,"key":"enableInstanceDetailsLBL","value":"Show view instance"},{"id":null,"key":"enableSavedSearchEditingDOC","value":"Enable the creation and editing of saved searches."},{"id":null,"key":"enableSavedSearchEditingLBL","value":"Enable saved searches"},{"id":null,"key":"enableTaskDetailsDOC","value":"Enable the ability to open a task."},{"id":null,"key":"enableTaskDetailsLBL","value":"Enable task launch"},{"id":null,"key":"enterDecimalLBL","value":"Enter a decimal number..."},{"id":null,"key":"enterNumberLBL","value":"Enter a number..."},{"id":null,"key":"eventONNavigationButtonClickedDOC","value":"On navigation item clicked event"},{"id":null,"key":"eventONNavigationButtonClickedLBL","value":"On navigation item clicked"},{"id":null,"key":"eventONPageSizeChangedDOC","value":"Triggered when the number of items per page is changed."},{"id":null,"key":"eventONPageSizeChangedLBL","value":"On items per page changed"},{"id":null,"key":"eventONPageSwitchedDOC","value":"Triggered when the page number changes."},{"id":null,"key":"eventONPageSwitchedLBL","value":"On page changed"},{"id":null,"key":"eventOnCardBlurDOC","value":"Triggered when card lose focus"},{"id":null,"key":"eventOnCardBlurLBL","value":"On card blur"},{"id":null,"key":"eventOnCardFocusDOC","value":"Triggered when card gain focus"},{"id":null,"key":"eventOnCardFocusLBL","value":"On card focus"},{"id":null,"key":"eventOnCaseLaunchedLBL","value":"On case launched"},{"id":null,"key":"eventOnChangeDOC","value":"On change event"},{"id":null,"key":"eventOnChangeLBL","value":"On change"},{"id":null,"key":"eventOnExternalFetchDOC","value":"The method expects setTasks() to be called with the new task list."},{"id":null,"key":"eventOnExternalFetchLBL","value":"On external fetch"},{"id":null,"key":"eventOnFilterBtnClickedDOC","value":"Triggered when a filter button is clicked."},{"id":null,"key":"eventOnFilterBtnClickedLBL","value":"On filter button clicked"},{"id":null,"key":"eventOnHideDOC","value":"On hide event"},{"id":null,"key":"eventOnHideLBL","value":"On hide"},{"id":null,"key":"eventOnInstanceLaunchedLBL","value":"On instance launched"},{"id":null,"key":"eventOnInstanceUIActionDOC","value":"On instance UI action event"},{"id":null,"key":"eventOnInstanceUIActionLBL","value":"On instance UI action"},{"id":null,"key":"eventOnInstanceUIActivitySelectedDOC","value":"On instance UI activity selected event"},{"id":null,"key":"eventOnInstanceUIActivitySelectedLBL","value":"On instance UI activity selected"},{"id":null,"key":"eventOnInstanceUIClosedDOC","value":"On instance closed event"},{"id":null,"key":"eventOnInstanceUIClosedLBL","value":"On instance closed"},{"id":null,"key":"eventOnInstanceUICommentPostDOC","value":"On instance UI comment post event"},{"id":null,"key":"eventOnInstanceUICommentPostLBL","value":"On instance UI comment post"},{"id":null,"key":"eventOnInstanceUILaunchedDOC","value":"On instance UI launched event"},{"id":null,"key":"eventOnInstanceUILaunchedLBL","value":"On instance UI launched"},{"id":null,"key":"eventOnInstanceUITabChangeDOC","value":"On instance UI tab change event"},{"id":null,"key":"eventOnInstanceUITabChangeLBL","value":"On instance UI tab change"},{"id":null,"key":"eventOnLoadDOC","value":"On load event"},{"id":null,"key":"eventOnLoadLBL","value":"On load"},{"id":null,"key":"eventOnProcessLaunched","value":"On process launched event"},{"id":null,"key":"eventOnRefreshDOC","value":"On refresh event"},{"id":null,"key":"eventOnRefreshLBL","value":"On refresh"},{"id":null,"key":"eventOnSearchLaunched","value":"On search launched event"},{"id":null,"key":"eventOnServiceClosedDOC","value":"On service closed event"},{"id":null,"key":"eventOnServiceClosedLBL","value":"On service closed"},{"id":null,"key":"eventOnServiceLaunched","value":"On service launched event"},{"id":null,"key":"eventOnServiceOpenedDOC","value":"On service opened event"},{"id":null,"key":"eventOnServiceOpenedLBL","value":"On service opened"},{"id":null,"key":"eventOnShowDOC","value":"On show event"},{"id":null,"key":"eventOnShowLBL","value":"On show"},{"id":null,"key":"eventOnTaskActionDOC","value":"On task action event"},{"id":null,"key":"eventOnTaskActionLBL","value":"On task action"},{"id":null,"key":"eventOnTaskClosedDOC","value":"On task closed event"},{"id":null,"key":"eventOnTaskClosedLBL","value":"On task closed"},{"id":null,"key":"eventOnTaskLaunchedDOC","value":"On task launched event"},{"id":null,"key":"eventOnTaskLaunchedLBL","value":"On task launched"},{"id":null,"key":"eventOnTaskOpenedDOC","value":"On task opened event"},{"id":null,"key":"eventOnTaskOpenedLBL","value":"On task opened"},{"id":null,"key":"eventOnVisibilityChangeDOC","value":"On visibility event"},{"id":null,"key":"eventOnVisibilityChangeLBL","value":"On visibility change"},{"id":null,"key":"filterByProjectDOC","value":"Enter the project name to filter the instance list to only the instances for that project."},{"id":null,"key":"filterByProjectLBL","value":"Filter by project"},{"id":null,"key":"generalTaskSortingDOC","value":"Select the binding to persist the sorting of the list."},{"id":null,"key":"hideActionsMenuDOC","value":"Disable the menu that gives access to more actions for the task."},{"id":null,"key":"hideActionsMenuLBL","value":"Disable actions menu"},{"id":null,"key":"hideCase","value":"Hide cases"},{"id":null,"key":"hideProcess","value":"Hide processes"},{"id":null,"key":"hideSearchBarDOC","value":"Hide the search bar."},{"id":null,"key":"hideSearchBarLBL","value":"Hide search bar"},{"id":null,"key":"hideService","value":"Hide startable services"},{"id":null,"key":"hideStatusColumnDOC","value":"Hide the status column from the list."},{"id":null,"key":"hideStatusColumnLBL","value":"Hide status column"},{"id":null,"key":"instanceCaseModeDOC","value":"Show only case instance related searches"},{"id":null,"key":"instanceCaseModeLBL","value":"Case Mode"},{"id":null,"key":"instanceDOC","value":"Instance Data"},{"id":null,"key":"instanceFiltersDOC","value":"Select the binding to persist the filters in the instance list."},{"id":null,"key":"instanceFiltersLBL","value":"Set persistent instance filters"},{"id":null,"key":"instanceIdDOC","value":"The business process definition instance ID. This option takes precedence over the Process ID option."},{"id":null,"key":"instanceIdLBL","value":"Process Instance ID"},{"id":null,"key":"instanceLBL","value":"Instance"},{"id":null,"key":"instanceListColumnWidthDOC","value":"Select the binding to persist the column widths in the instance list."},{"id":null,"key":"instanceListColumnWidthLBL","value":"Set persistent column widths"},{"id":null,"key":"instanceModeDOC","value":"Show only instance related searches"},{"id":null,"key":"instanceModeLBL","value":"Instance Mode"},{"id":null,"key":"instancesColumnsDOC","value":"Specify the columns to display in the instance list."},{"id":null,"key":"instancesColumnsLBL","value":"Customize instance columns"},{"id":null,"key":"instancesEnableInstanceDetailsDOC","value":"Enable the ability to open a workflow instance."},{"id":null,"key":"instancesEnableInstanceDetailsLBL","value":"Enable instance launch"},{"id":null,"key":"instancesPerPageDOC","value":"Enter the number of instances to show per page."},{"id":null,"key":"instancesPerPageLBL","value":"Set instances per page"},{"id":null,"key":"instancesSortDOC","value":"Select the binding to persist the sorting of the instance list."},{"id":null,"key":"instancesSortLBL","value":"Set persistent instance sorting"},{"id":null,"key":"isTaskFilterServiceEnabledDOC","value":"Activate Intelligent Task Prioritization that sorts the list, placing the best tasks to work on next at the top."},{"id":null,"key":"isTaskFilterServiceEnabledLBL","value":"Enable task prioritization"},{"id":null,"key":"itemLengthDOC","value":"Length of an input list."},{"id":null,"key":"itemLengthLBL","value":"Item length"},{"id":null,"key":"itemPerPageDOC","value":"Number of items per page."},{"id":null,"key":"itemPerPageLBL","value":"Per page"},{"id":null,"key":"localizationServiceDOC","value":"Specify the service used to retrieve the localized strings for use with this Coach View."},{"id":null,"key":"localizationServiceLBL","value":"Localization service"},{"id":null,"key":"mandatoryColumnsDOC","value":"The list of mandatory columns"},{"id":null,"key":"mandatoryColumnsLBL","value":"Mandatory columns"},{"id":null,"key":"maximumSearchSizeDOC","value":"Set the maximum number of tasks that are returned for a search."},{"id":null,"key":"maximumSearchSizeLBL","value":"Set maximum search limit"},{"id":null,"key":"numberOfTaskOptionDOC","value":"List of number of task options available"},{"id":null,"key":"numberOfTaskOptionLBL","value":"Number Of Task List"},{"id":null,"key":"openCaseInNewWindowDOC","value":"Open an case in a new window."},{"id":null,"key":"openCaseInNewWindowLBL","value":"Open case in new window"},{"id":null,"key":"openInstanceInNewWindowDOC","value":"Open an instance in a new window."},{"id":null,"key":"openInstanceInNewWindowLBL","value":"Open instance in new window"},{"id":null,"key":"openTaskInNewTabDOC","value":"Open a task in a new window."},{"id":null,"key":"openTaskInNewTabLBL","value":"Open task in new window"},{"id":null,"key":"placeholderDOC","value":"Placeholder for input fields"},{"id":null,"key":"placeholderLBL","value":"Placeholder"},{"id":null,"key":"processAppAcroDOC","value":"Enter an app acronym to filter the list to show only tasks for that app."},{"id":null,"key":"processAppAcroLBL","value":"Filter by app"},{"id":null,"key":"processIdDOC","value":"The business process definition ID of the process diagram to be displayed. A Snapshot ID, Branch ID, or Project ID is required."},{"id":null,"key":"processIdLBL","value":"Process ID"},{"id":null,"key":"processModeDOC","value":"Optimize the view to display process information"},{"id":null,"key":"processModeLBL","value":"Optimize for processes"},{"id":null,"key":"projectIdDOC","value":"The project ID for a particular process (begins with 2066.xxx)."},{"id":null,"key":"projectIdLBL","value":"Project ID"},{"id":null,"key":"projectedPathDOC","value":"The list of activity ids  along the projected path to highlight. The activities must given in flow order. This is applicable only when the Process Instance ID option is used."},{"id":null,"key":"projectedPathLBL","value":"Projected Path"},{"id":null,"key":"recentInstanceSearchesDOC","value":"Select the binding to persist the recent searches in the search bar."},{"id":null,"key":"recentInstanceSearchesLBL","value":"Set persistent searches"},{"id":null,"key":"recentTaskSearchesDOC","value":"Select the binding to persist the recent searches in the search bar."},{"id":null,"key":"recentTaskSearchesLBL","value":"Set persistent searches"},{"id":null,"key":"recentWorkstreamLimit","value":"How many workstreams would you like to show for the list"},{"id":null,"key":"removeFilterLBL","value":"Remove filter"},{"id":null,"key":"requiredOwnershipCheckDOC","value":"Check whether the current user is authorized to open the task."},{"id":null,"key":"requiredOwnershipCheckLBL","value":"Check task ownership"},{"id":null,"key":"responsiveModeDOC","value":"Select the screen size for viewing the task list."},{"id":null,"key":"responsiveModeLBL","value":"Set responsive mode"},{"id":null,"key":"riskStateDOC","value":"Set to the selected state of an activity when showing activity summaries. Valid values are OnTrack, AtRisk, and Overdue."},{"id":null,"key":"riskStateLBL","value":"Risk State"},{"id":null,"key":"savedSearchInstanceFilterDOC","value":"Show only instance-related filters."},{"id":null,"key":"savedSearchInstanceFilterLBL","value":"Instance Filter"},{"id":null,"key":"savedSearchInstanceModeDOC","value":"Show only instance-related filters and columns."},{"id":null,"key":"savedSearchInstanceModeLBL","value":"Instance mode"},{"id":null,"key":"savedSearchNameDOC","value":"Select the binding to persist the saved searches in the task list"},{"id":null,"key":"savedSearchNameLBL","value":"Set persistent saved searches"},{"id":null,"key":"scopeDOC","value":"Show the search filter as a scope filter."},{"id":null,"key":"scopeLBL","value":"Show as scope filter"},{"id":null,"key":"selectDateLBL","value":"Select a date..."},{"id":null,"key":"selectValueLBL","value":"Select value"},{"id":null,"key":"showActivitySummariesDOC","value":"Controls whether the activity summaries are shown. This is applicable only when the Process ID option is used."},{"id":null,"key":"showActivitySummariesLBL","value":"Show Activity Summaries"},{"id":null,"key":"showAllStatsDOC","value":"Show all statistics values, including values that are null"},{"id":null,"key":"showAllStatsLBL","value":"Show all values"},{"id":null,"key":"showInstanceRefreshDOC","value":"Show the Refresh button, which you can use to manually refresh the instance list when the notification server is unavailable."},{"id":null,"key":"showOnTaskClosedDOC","value":"Show the task viewer when the task is closed."},{"id":null,"key":"showOnTaskClosedLBL","value":"Show on task closed"},{"id":null,"key":"showPageSizerDOC","value":"Show the page sizer."},{"id":null,"key":"showPageSizerLBL","value":"Show page sizer"},{"id":null,"key":"showPagerStatsDOC","value":"Show the page statistics."},{"id":null,"key":"showPagerStatsLBL","value":"Show page statistics"},{"id":null,"key":"showRefreshLBL","value":"Show Refresh button"},{"id":null,"key":"showSavedSearchesDOC","value":"Show a drop-down list of saved searches."},{"id":null,"key":"showSavedSearchesLBL","value":"Show saved searches"},{"id":null,"key":"showSearchFilterDOC","value":"Show the search filter button."},{"id":null,"key":"showSearchFilterLBL","value":"Show search filter"},{"id":null,"key":"showSortByArrowDOC","value":"Show the selector to sort the task list in ascending, descending, or default order."},{"id":null,"key":"showSortByArrowLBL","value":"Show column sort selector"},{"id":null,"key":"showStatsDOC","value":"Show a summary of task statistics."},{"id":null,"key":"showStatsLBL","value":"Show statistics"},{"id":null,"key":"showTaskRefreshDOC","value":"Show the Refresh button, which you can use to manually refresh the task list when the notification server is unavailable."},{"id":null,"key":"showTotalOnlyDOC","value":"Show the total task count only"},{"id":null,"key":"showTotalOnlyLBL","value":"Show total only"},{"id":null,"key":"skipClaimForTasksDOC","value":"Do not show the Claim task modal. The task is automatically claimed upon opening."},{"id":null,"key":"skipClaimForTasksLBL","value":"Disable task claiming"},{"id":null,"key":"skipNavDOC","value":"Do not show the dialog for opening Case Client in a new window."},{"id":null,"key":"skipNavLBL","value":"Skip confirmation dialog"},{"id":null,"key":"snapshotIdDOC","value":"The snapshot ID for a particular process (begins with 2064.xxx)."},{"id":null,"key":"snapshotIdLBL","value":"Snapshot ID"},{"id":null,"key":"sortByDOC","value":"Specify the column by which the list is initially sorted."},{"id":null,"key":"sortByLBL","value":"Sort by column"},{"id":null,"key":"stepIdDOC","value":"Set to the selected activity step when showing activity summaries."},{"id":null,"key":"stepIdLBL","value":"Step ID"},{"id":null,"key":"systemColumnsDOC","value":"The list of possible intrinsic columns"},{"id":null,"key":"systemColumnsLBL","value":"Intrinsic columns"},{"id":null,"key":"systemDataDOC","value":"Set the system data that you want to display in the task viewer."},{"id":null,"key":"systemDataLBL","value":"Customize system data"},{"id":null,"key":"taskActionsDOC","value":"Specify the list of actions that can be performed on the task."},{"id":null,"key":"taskActionsLBL","value":"Set task actions"},{"id":null,"key":"taskDOC","value":"Set the task that you want to display in the task viewer."},{"id":null,"key":"taskFiltersDOC","value":"Select the binding to persist the filters in the task list."},{"id":null,"key":"taskFiltersLBL","value":"Set persistent filters"},{"id":null,"key":"taskLBL","value":"Set task"},{"id":null,"key":"taskLaunchEventDOC","value":"Enter the name of the event to fire when a task is opened."},{"id":null,"key":"taskLaunchEventLBL","value":"Set event when tasks are launched"},{"id":null,"key":"taskListColumnWidthDOC","value":"Select the binding to persist the column widths in the task list."},{"id":null,"key":"taskListColumnWidthLBL","value":"Set persistent column widths"},{"id":null,"key":"taskListEnableInstanceDetailsDOC","value":"Enable the ability to open a task instance."},{"id":null,"key":"taskListFavoritesLBL","value":"Favorites"},{"id":null,"key":"taskListTaskSortingDOC","value":"Select the binding to persist the sorting of the task list."},{"id":null,"key":"taskListTaskSortingLBL","value":"Set persistent sorting"},{"id":null,"key":"tasksColumnsDOC","value":"Specify the columns to display in the task list."},{"id":null,"key":"tasksColumnsLBL","value":"Customize columns"},{"id":null,"key":"tasksDOC","value":"List of tasks to display"},{"id":null,"key":"tasksLBL","value":"Tasks"},{"id":null,"key":"tasksPerBlockDOC","value":"Number of tasks showing in each block"},{"id":null,"key":"tasksPerBlockLBL","value":"Tasks per block"},{"id":null,"key":"tasksPerPageDOC","value":"Enter the number of tasks to show per page."},{"id":null,"key":"tasksPerPageLBL","value":"Set tasks per page"},{"id":null,"key":"teamsDOC","value":"List of team summaries"},{"id":null,"key":"teamsLBL","value":"Teams"},{"id":null,"key":"titleDOC","value":"Title string to be displayed on the title bar"},{"id":null,"key":"titleLBL","value":"Title String"},{"id":null,"key":"traversedPathDOC","value":"The list of link ids to highlight to show the traversed path. This is applicable only when the Process Instance ID option is used."},{"id":null,"key":"traversedPathLBL","value":"Traversed Path"},{"id":null,"key":"typeHereLBL","value":"Type here..."},{"id":null,"key":"useEventTriggeringFetchActionDOC","value":"Delegate the fetch tasks request to an event."},{"id":null,"key":"useEventTriggeringFetchActionLBL","value":"Use event to fetch tasks"},{"id":null,"key":"workflowsLBL","value":"Workflows"},{"id":null,"key":"workplaceConfigDOC","value":"Configures Workplace behaviour"},{"id":null,"key":"workplaceConfigLBL","value":"Workplace Config"},{"id":null,"key":"workplaceUserSettingsDOC","value":"Binding to preserve user settings that will be applied when the user logs in again"},{"id":null,"key":"workplaceUserSettingsLBL","value":"Workplace user settings"},{"id":null,"key":"zoomFactorDOC","value":"Valid values for the process diagram zoom level are 1 through 10."},{"id":null,"key":"zoomFactorLBL","value":"Zoom Level"}]}