{"id":"50.c4d6cc83-a000-4ae2-b2f5-d35d89f9c6ba/2064.7814960a-7cfe-424d-92b5-d9ce2fbce18c","localeLanguage":"tr","localeCountry":"","localeVariant":"","localeDisplayName":"WPT","resourceBundleKey":[{"id":null,"key":"HistoryLBL","value":"Geçmiş"},{"id":null,"key":"activitiesDOC","value":"Etkinlikler listesi"},{"id":null,"key":"activitiesLBL","value":"Etkinlikler"},{"id":null,"key":"activitySummariesDOC","value":"Görüntülenecek etkinlik özetlerinin listesi. Yalnızca, Süreç Tanıtıcısı seçeneği kullanıldığında geçerlidir."},{"id":null,"key":"activitySummariesLBL","value":"Etkinlik Özetleri"},{"id":null,"key":"addFilterLBL","value":"Süzgeç ekle"},{"id":null,"key":"alwaysShowDOC","value":"Her zaman göster"},{"id":null,"key":"alwaysShowLBL","value":"Her zaman göster"},{"id":null,"key":"availableActionsDOC","value":"Süreç şemasının etkinleştireceği işlemlerin listesi. Bu işlemler, bir gösterge panosu içinde kullanıldığında yürürlükteki kullanıcının yetkilerine dayalı olur."},{"id":null,"key":"availableActionsLBL","value":"Kullanılabilecek İşlemler"},{"id":null,"key":"blocksShowingOnloadDOC","value":"Yüklemede gösterilen blok sayısı"},{"id":null,"key":"blocksShowingOnloadLBL","value":"Yükleme gösterilen bloklar"},{"id":null,"key":"branchIdDOC","value":"Belirli bir sürecin dal tanıtıcısı (2063.xxx ile başlar)"},{"id":null,"key":"branchIdLBL","value":"Dal Tanıtıcısı"},{"id":null,"key":"brandDOC","value":"Başlık çubuğunda görüntülenecek marka adı"},{"id":null,"key":"brandLBL","value":"Marka Adı"},{"id":null,"key":"businessColumnsDOC","value":"Olası iş sütunları listesi"},{"id":null,"key":"businessColumnsLBL","value":"İş sütunları"},{"id":null,"key":"caseFilterByProjectDOC","value":"Vaka listesine yalnızca ilgili projeye ait eşgörünümlerle filtrelemek için proje adını girin."},{"id":null,"key":"caseFilterByProjectLBL","value":"Projeye göre süz"},{"id":null,"key":"caseFiltersDOC","value":"Vaka listesindeki filtreleri kalıcı kılmak için bağ tanımını seçin."},{"id":null,"key":"caseFiltersLBL","value":"Kalıcı vaka filtrelerini ayarla"},{"id":null,"key":"caseInstanceFiltersDOC","value":"Vaka eşgörünümü listesinde filtreleri kalıcı kılmak için bağ tanımı seçin."},{"id":null,"key":"caseInstanceFiltersLBL","value":"Kalıcı vaka eşgörünümü filtrelerini ayarla"},{"id":null,"key":"caseInstancesColumnsDOC","value":"Vaka eşgörünümü listesinde görüntülenecek sütunları belirtin."},{"id":null,"key":"caseInstancesColumnsLBL","value":"Vaka eşgörünümü sütunlarını özelleştir"},{"id":null,"key":"caseInstancesSortDOC","value":"Vaka eşgörünümü listesinin sıralamasını kalıcı kılmak için bağ tanımı seçin."},{"id":null,"key":"caseInstancesSortLBL","value":"Kalıcı vaka eşgörünümü sıralamasını ayarla"},{"id":null,"key":"caseListColumnWidthDOC","value":"Vaka listesindeki sütun genişliklerini kalıcı kılmak için bağ tanımı seçin."},{"id":null,"key":"caseListColumnWidthLBL","value":"Sütun genişliklerini kalıcı olarak ayarla"},{"id":null,"key":"caseScopeDOC","value":"Görme yetkinizin olduğu tüm eşgörünümler veya doğrudan size atanan eşgörünümler olarak listenize hangi vaka eşgörünümlerinin dahil olacağını seçin."},{"id":null,"key":"caseScopeLBL","value":"Vaka kapsamı"},{"id":null,"key":"casesColumnsDOC","value":"Vaka listesinde görüntülenecek sütunları belirtin."},{"id":null,"key":"casesColumnsLBL","value":"Vaka sütunlarını özelleştir"},{"id":null,"key":"casesEnableCaseDetailsDOC","value":"Bir iş akışı vakası açma yeteneğini etkinleştirin."},{"id":null,"key":"casesEnableCaseDetailsLBL","value":"Vaka başlatmayı etkinleştir"},{"id":null,"key":"casesLBL","value":"Vakalar"},{"id":null,"key":"casesPerPageDOC","value":"Sayfa başına gösterilecek vaka sayısını girin."},{"id":null,"key":"casesPerPageLBL","value":"Sayfa başına vaka sayısını ayarla"},{"id":null,"key":"casesSortDOC","value":"Vaka listesinin sıralamasını kalıcı kılmak için bağ tanımı seçin."},{"id":null,"key":"casesSortLBL","value":"Kalıcı vaka sıralamasını ayarla"},{"id":null,"key":"clearFilterLBL","value":"Süzgeci temizle"},{"id":null,"key":"customPathDOC","value":"Yaratılan özel yola ilişkin ProjectedPathLinkChange (tahmini yol bağlantı değişikliği) listesi. Yalnızca, Süreç Eşgörünümü Tanıtıcısı seçeneği kullanıldığında geçerlidir."},{"id":null,"key":"customPathLBL","value":"Özel Yol"},{"id":null,"key":"disableActionsDOC","value":"Devre dışı bırakılacak işlemler"},{"id":null,"key":"disableActionsLBL","value":"İşlemleri devre dışı bırak"},{"id":null,"key":"disableCompleteTasksDOC","value":"Kullanıcıların tamamlanan görevleri açmasını engelleyin."},{"id":null,"key":"disableCompleteTasksLBL","value":"Tamamlanan görevlerin açılışını devre dışı bırak"},{"id":null,"key":"disableFilterEventsDOC","value":"Süzgeçler güncellendiğinde listenin otomatik yenilenmesini devre dışı bırakın."},{"id":null,"key":"disableFilterEventsLBL","value":"Otomatik yenilemeyi devre dışı bırak"},{"id":null,"key":"disableFulltextSearchDOC","value":"Arama kutusunda tam metin araması yeteneğini devre dışı bırak"},{"id":null,"key":"disableFulltextSearchLBL","value":"Tam metin aramasını devre dışı bırak"},{"id":null,"key":"disableLeftClickActivityDetailsDOC","value":"Bir düğüm tıklatıldığında görüntülenen Etkinlik Ayrıntıları beliren penceresini geçersiz kılar."},{"id":null,"key":"disableLeftClickActivityDetailsLBL","value":"Sol Tıklatma Etkinlik Ayrıntılarını Geçersiz Kıl"},{"id":null,"key":"disableRetrieveServicesDOC","value":"İşlem menüsünde alma hizmetlerinin (örn. ekip yönetimi, iş akışı yaratma) devre dışı bırakılması."},{"id":null,"key":"disableRetrieveServicesLBL","value":"Alma hizmetlerini devre dışı bırak"},{"id":null,"key":"disableRightClickMenusDOC","value":"Bir düğüm farenin sağ düğmesiyle tıklatıldığında görüntülenen Bağlam Menüsü beliren penceresini geçersiz kılar."},{"id":null,"key":"disableRightClickMenusLBL","value":"Sağ Tıklatma Bağlam Menüsünü Geçersiz Kıl"},{"id":null,"key":"documentsLBL","value":"Belgeleme"},{"id":null,"key":"embededViewDOC","value":"Başka bir görünüme yerleştirmek için kapat düğmesini gizler."},{"id":null,"key":"embededViewLBL","value":"Yerleşik Görünüm"},{"id":null,"key":"enableAddWorkflowDOC","value":"İş akışını başlat düğmesini gösterin."},{"id":null,"key":"enableAddWorkflowLBL","value":"İş akışını başlat düğmesini göster"},{"id":null,"key":"enableBatchModifyDOC","value":"Birden çok seçili görevin aynı anda değiştirilmesini etkinleştirin."},{"id":null,"key":"enableBatchModifyLBL","value":"Toplu değiştirmeyi etkinleştir"},{"id":null,"key":"enableCopyLinkDOC","value":"Taşma menüsünde bağlantı kopyalama işlemini gösterir."},{"id":null,"key":"enableCopyLinkLBL","value":"Kopya bağlantısını göster"},{"id":null,"key":"enableHistoryNavDOC","value":"Görev görüntüleyicide yürürlükteki sayfa için gezinme yolunu gösterin."},{"id":null,"key":"enableHistoryNavLBL","value":"İşlem izi yolunu göster"},{"id":null,"key":"enableInstanceDetailsDOC","value":"Taşma menüsünde görünüm eşgörünümü işlemini gösterin."},{"id":null,"key":"enableInstanceDetailsLBL","value":"Görünüm eşgörünümünü göster"},{"id":null,"key":"enableSavedSearchEditingDOC","value":"Kayıtlı arama yaratmayı ve düzenlemeyi etkinleştirin."},{"id":null,"key":"enableSavedSearchEditingLBL","value":"Kayıtlı aramaları etkinleştir"},{"id":null,"key":"enableTaskDetailsDOC","value":"Bir görevi açma yeteneğini etkinleştirin."},{"id":null,"key":"enableTaskDetailsLBL","value":"Görev başlatmayı etkinleştir"},{"id":null,"key":"enterDecimalLBL","value":"Ondalık sayı girin..."},{"id":null,"key":"enterNumberLBL","value":"Sayı girin..."},{"id":null,"key":"eventONNavigationButtonClickedDOC","value":"Gezinme öğesi tıklatıldığında olayı"},{"id":null,"key":"eventONNavigationButtonClickedLBL","value":"Gezinme öğesi tıklatıldığında"},{"id":null,"key":"eventONPageSizeChangedDOC","value":"Sayfa başına öğe sayısı değiştiğinde tetiklenir."},{"id":null,"key":"eventONPageSizeChangedLBL","value":"Sayfa başına öğe değiştiğinde"},{"id":null,"key":"eventONPageSwitchedDOC","value":"Sayfa numarası değiştiğinde tetiklenir."},{"id":null,"key":"eventONPageSwitchedLBL","value":"Sayfa değiştiğinde"},{"id":null,"key":"eventOnCardBlurDOC","value":"Kart odağı kaybettiğinde tetiklenir"},{"id":null,"key":"eventOnCardBlurLBL","value":"Kart bulanıklaştırıldığında"},{"id":null,"key":"eventOnCardFocusDOC","value":"Kart yeniden odağı aldığında tetiklenir"},{"id":null,"key":"eventOnCardFocusLBL","value":"Karta odaklanıldığında"},{"id":null,"key":"eventOnCaseLaunchedLBL","value":"Vaka başlatıldığında"},{"id":null,"key":"eventOnChangeDOC","value":"Değişiklik olayında"},{"id":null,"key":"eventOnChangeLBL","value":"Değiştiğinde"},{"id":null,"key":"eventOnExternalFetchDOC","value":"Yöntem, setTasks() öğesinin yeni görev listesiyle çağrılmasını bekler."},{"id":null,"key":"eventOnExternalFetchLBL","value":"Dış getirmede"},{"id":null,"key":"eventOnFilterBtnClickedDOC","value":"Süzgeç düğmesi tıklatıldığında tetiklenir."},{"id":null,"key":"eventOnFilterBtnClickedLBL","value":"Süzgeç düğmesi tıklatıldığında"},{"id":null,"key":"eventOnHideDOC","value":"Gizlenme olayında"},{"id":null,"key":"eventOnHideLBL","value":"Gizlendiğinde"},{"id":null,"key":"eventOnInstanceLaunchedLBL","value":"Eşgörünüm başlatıldığında"},{"id":null,"key":"eventOnInstanceUIActionDOC","value":"Eşgörünüm kullanıcı arabirimi işleminde olayı"},{"id":null,"key":"eventOnInstanceUIActionLBL","value":"Eşgörünüm kullanıcı arabirimi işleminde"},{"id":null,"key":"eventOnInstanceUIActivitySelectedDOC","value":"Eşgörünüm kullanıcı arabirimi etkinliği seçildiğinde olayı"},{"id":null,"key":"eventOnInstanceUIActivitySelectedLBL","value":"Eşgörünüm kullanıcı arabirimi etkinliği seçildiğinde"},{"id":null,"key":"eventOnInstanceUIClosedDOC","value":"Eşgörünüm kapatıldığında olayı"},{"id":null,"key":"eventOnInstanceUIClosedLBL","value":"Eşgörünüm kapatıldığında"},{"id":null,"key":"eventOnInstanceUICommentPostDOC","value":"Eşgörünüm kullanıcı arabirimi yorum gönderiminde olayı"},{"id":null,"key":"eventOnInstanceUICommentPostLBL","value":"Eşgörünüm kullanıcı arabirimi yorum gönderiminde"},{"id":null,"key":"eventOnInstanceUILaunchedDOC","value":"Eşgörünüm kullanıcı arabirimi başlatıldığında olayı"},{"id":null,"key":"eventOnInstanceUILaunchedLBL","value":"Eşgörünüm kullanıcı arabirimi başlatıldığında"},{"id":null,"key":"eventOnInstanceUITabChangeDOC","value":"Eşgörünüm kullanıcı arabirimi sekme değişikliğinde olayı"},{"id":null,"key":"eventOnInstanceUITabChangeLBL","value":"Eşgörünüm kullanıcı arabirimi sekme değişikliğinde"},{"id":null,"key":"eventOnLoadDOC","value":"Yükleme olayında"},{"id":null,"key":"eventOnLoadLBL","value":"Yüklemede"},{"id":null,"key":"eventOnProcessLaunched","value":"Süreç başlatıldığında olayı"},{"id":null,"key":"eventOnRefreshDOC","value":"Yenileme olayında"},{"id":null,"key":"eventOnRefreshLBL","value":"Yenilemede"},{"id":null,"key":"eventOnSearchLaunched","value":"Arama başlatıldığında olayı"},{"id":null,"key":"eventOnServiceClosedDOC","value":"Hizmet kapatıldığında olayı"},{"id":null,"key":"eventOnServiceClosedLBL","value":"Hizmet kapatıldığında"},{"id":null,"key":"eventOnServiceLaunched","value":"Hizmet başlatıldığında olayı"},{"id":null,"key":"eventOnServiceOpenedDOC","value":"Hizmet açıldığında olayı"},{"id":null,"key":"eventOnServiceOpenedLBL","value":"Hizmet açıldığında"},{"id":null,"key":"eventOnShowDOC","value":"Gösterme olayında"},{"id":null,"key":"eventOnShowLBL","value":"Gösterildiğinde"},{"id":null,"key":"eventOnTaskActionDOC","value":"Görev işleminde olayı"},{"id":null,"key":"eventOnTaskActionLBL","value":"Görev işleminde"},{"id":null,"key":"eventOnTaskClosedDOC","value":"Görev kapatıldığında olayı"},{"id":null,"key":"eventOnTaskClosedLBL","value":"Görev kapatıldığında"},{"id":null,"key":"eventOnTaskLaunchedDOC","value":"Görev başlatıldığında olayı"},{"id":null,"key":"eventOnTaskLaunchedLBL","value":"Görev başlatıldığında"},{"id":null,"key":"eventOnTaskOpenedDOC","value":"Görev açıldığında olayı"},{"id":null,"key":"eventOnTaskOpenedLBL","value":"Görev açıldığında"},{"id":null,"key":"eventOnVisibilityChangeDOC","value":"Görünürlük olayında"},{"id":null,"key":"eventOnVisibilityChangeLBL","value":"Görünürlük değişikliğinde"},{"id":null,"key":"filterByProjectDOC","value":"Eşgörünüm listesini yalnızca belirli bir projeye ilişkin eşgörünümleri gösterecek şekilde süzmek için proje adını girin."},{"id":null,"key":"filterByProjectLBL","value":"Projeye göre süz"},{"id":null,"key":"generalTaskSortingDOC","value":"Listenin sıralamasını kalıcı kılmak için bağ tanımını seçin."},{"id":null,"key":"hideActionsMenuDOC","value":"Görev için daha fazla işleme erişim veren menüyü devre dışı bırakın."},{"id":null,"key":"hideActionsMenuLBL","value":"İşlemler menüsünü devre dışı bırak"},{"id":null,"key":"hideCase","value":"Vakaları gizle"},{"id":null,"key":"hideProcess","value":"Süreçleri gizle"},{"id":null,"key":"hideSearchBarDOC","value":"Arama çubuğunu gizleyin."},{"id":null,"key":"hideSearchBarLBL","value":"Arama çubuğunu gizle"},{"id":null,"key":"hideService","value":"Başlatılabilir hizmetleri gizle"},{"id":null,"key":"hideStatusColumnDOC","value":"Listeden durum sütununu gizleyin."},{"id":null,"key":"hideStatusColumnLBL","value":"Durum sütununu gizle"},{"id":null,"key":"instanceCaseModeDOC","value":"Yalnızca vaka eşgörünümüyle ilgili aramaları göster"},{"id":null,"key":"instanceCaseModeLBL","value":"Vaka Modu"},{"id":null,"key":"instanceDOC","value":"Eşgörünüm Verileri"},{"id":null,"key":"instanceFiltersDOC","value":"Eşgörünüm listesinde süzgeçleri kalıcı kılmak için bağ tanımı seçin."},{"id":null,"key":"instanceFiltersLBL","value":"Eşgörünüm süzgeçlerini kalıcı olarak ayarla"},{"id":null,"key":"instanceIdDOC","value":"İş süreci tanımlaması eşgörünümü tanıtıcısı. Bu seçenek, Süreç Tanıtıcısı seçeneğinden önceliklidir."},{"id":null,"key":"instanceIdLBL","value":"Süreç Eşgörünümü Tanıtıcısı"},{"id":null,"key":"instanceLBL","value":"Eşgörünüm"},{"id":null,"key":"instanceListColumnWidthDOC","value":"Eşgörünüm listesinde sütun genişliklerini kalıcı kılmak için bağ tanımı seçin."},{"id":null,"key":"instanceListColumnWidthLBL","value":"Sütun genişliklerini kalıcı olarak ayarla"},{"id":null,"key":"instanceModeDOC","value":"Yalnızca eşgörünümle ilgili aramaları göster"},{"id":null,"key":"instanceModeLBL","value":"Eşgörünüm Kipi"},{"id":null,"key":"instancesColumnsDOC","value":"Eşgörünüm listesinde görüntülenecek sütunları belirtin."},{"id":null,"key":"instancesColumnsLBL","value":"Eşgörünüm sütunlarını özelleştir"},{"id":null,"key":"instancesEnableInstanceDetailsDOC","value":"Bir iş akışı eşgörünümü açma yeteneğini etkinleştirin."},{"id":null,"key":"instancesEnableInstanceDetailsLBL","value":"Eşgörünüm başlatmayı etkinleştir"},{"id":null,"key":"instancesPerPageDOC","value":"Sayfa başına gösterilecek eşgörünüm sayısını girin."},{"id":null,"key":"instancesPerPageLBL","value":"Sayfa başına eşgörünümleri ayarla"},{"id":null,"key":"instancesSortDOC","value":"Eşgörünüm listesinin sıralamasını kalıcı kılmak için bağ tanımını seçin."},{"id":null,"key":"instancesSortLBL","value":"Eşgörünüm sıralamasını kalıcı ayarla"},{"id":null,"key":"isTaskFilterServiceEnabledDOC","value":"Sonraki sırada çalıştırılacak en iyi görevleri en üste yerleştirerek listeyi sıralayan Akıllı Görev Önceliklendirmesini etkinleştirin."},{"id":null,"key":"isTaskFilterServiceEnabledLBL","value":"Görev önceliklendirmesini etkinleştir"},{"id":null,"key":"itemLengthDOC","value":"Bir giriş listesinin uzunluğu."},{"id":null,"key":"itemLengthLBL","value":"Öğe uzunluğu"},{"id":null,"key":"itemPerPageDOC","value":"Sayfa başına öğe sayısı."},{"id":null,"key":"itemPerPageLBL","value":"Sayfa başına"},{"id":null,"key":"localizationServiceDOC","value":"Bu Coach görünümüyle kullanılacak yerelleştirilmiş dizgileri almak için kullanılan hizmeti belirtin."},{"id":null,"key":"localizationServiceLBL","value":"Yerelleştirme hizmeti"},{"id":null,"key":"mandatoryColumnsDOC","value":"Zorunlu sütunlar listesi"},{"id":null,"key":"mandatoryColumnsLBL","value":"Zorunlu sütunlar"},{"id":null,"key":"maximumSearchSizeDOC","value":"Bir arama için getirilen görev sayısı üst sınırını ayarlayın."},{"id":null,"key":"maximumSearchSizeLBL","value":"Maksimum arama limiti ayarla"},{"id":null,"key":"numberOfTaskOptionDOC","value":"Kullanılabilir görev seçeneği sayısı listesi"},{"id":null,"key":"numberOfTaskOptionLBL","value":"Görev Listesi Sayısı"},{"id":null,"key":"openCaseInNewWindowDOC","value":"Bir vakayı yeni bir pencerede açın."},{"id":null,"key":"openCaseInNewWindowLBL","value":"Vakayı yeni pencerede aç"},{"id":null,"key":"openInstanceInNewWindowDOC","value":"Bir eşgörünümü yeni bir pencerede açar."},{"id":null,"key":"openInstanceInNewWindowLBL","value":"Eşgörünümü yeni pencerede aç"},{"id":null,"key":"openTaskInNewTabDOC","value":"Bir görevi yeni bir pencerede açar."},{"id":null,"key":"openTaskInNewTabLBL","value":"Görevi yeni pencerede aç"},{"id":null,"key":"placeholderDOC","value":"Giriş alanları için yertutucu"},{"id":null,"key":"placeholderLBL","value":"Yertutucu"},{"id":null,"key":"processAppAcroDOC","value":"Listeyi yalnızca bu uygulama görevlerini gösterecek şekilde süzmek için bir uygulama kısa adı girin."},{"id":null,"key":"processAppAcroLBL","value":"Uygulamaya göre süz"},{"id":null,"key":"processIdDOC","value":"Görüntülenecek süreç şemasının iş süreci tanımlaması tanıtıcısı. Anlık görünüm tanıtıcısı, dal tanıtıcısı ya da proje tanıtıcısı gereklidir."},{"id":null,"key":"processIdLBL","value":"Süreç Tanıtıcısı"},{"id":null,"key":"processModeDOC","value":"Süreç bilgilerini görüntülemek için görünümü eniyileyin"},{"id":null,"key":"processModeLBL","value":"Süreçler için eniyile"},{"id":null,"key":"projectIdDOC","value":"Belirli bir sürecin proje tanıtıcısı (2066.xxx ile başlar)"},{"id":null,"key":"projectIdLBL","value":"Proje Tanıtıcısı"},{"id":null,"key":"projectedPathDOC","value":"Tahmini yol boyunca vurgulanacak etkinlik tanıtıcılarının listesi. Etkinlikler akış sırasıyla verilmelidir. Yalnızca, Süreç Eşgörünümü Tanıtıcısı seçeneği kullanıldığında geçerlidir."},{"id":null,"key":"projectedPathLBL","value":"Tahmini Yol"},{"id":null,"key":"recentInstanceSearchesDOC","value":"Arama çubuğunda son aramaları kalıcı kılmak için bağ tanımını seçin."},{"id":null,"key":"recentInstanceSearchesLBL","value":"Aramaları kalıcı olarak ayarla"},{"id":null,"key":"recentTaskSearchesDOC","value":"Arama çubuğunda son aramaları kalıcı kılmak için bağ tanımını seçin."},{"id":null,"key":"recentTaskSearchesLBL","value":"Aramaları kalıcı olarak ayarla"},{"id":null,"key":"recentWorkstreamLimit","value":"Liste için kaç iş akışının gösterilmesini istiyorsunuz"},{"id":null,"key":"removeFilterLBL","value":"Süzgeci kaldır"},{"id":null,"key":"requiredOwnershipCheckDOC","value":"Yürürlükteki kullanıcının görevi açma yetkisi olup olmadığını denetleyin."},{"id":null,"key":"requiredOwnershipCheckLBL","value":"Görev sahipliğini denetle"},{"id":null,"key":"responsiveModeDOC","value":"Görev listesini görüntülemek için ekran boyutunu seçin."},{"id":null,"key":"responsiveModeLBL","value":"Duyarlı kipi ayarla"},{"id":null,"key":"riskStateDOC","value":"Etkinlik özetleri gösterilirken bir etkinliğin seçilen durumuna ayarlanır. Geçerli değer şunlardır: Programa Uygun (OnTrack), Riskli (AtRisk), Süresi Geçti (Overdue)."},{"id":null,"key":"riskStateLBL","value":"Risk Durumu"},{"id":null,"key":"savedSearchInstanceFilterDOC","value":"Yalnızca eşgörünümle ilgili süzgeçleri göster."},{"id":null,"key":"savedSearchInstanceFilterLBL","value":"Eşgörünüm Süzgeci"},{"id":null,"key":"savedSearchInstanceModeDOC","value":"Yalnızca eşgörünümle ilgili süzgeçleri ve sütunları gösterin."},{"id":null,"key":"savedSearchInstanceModeLBL","value":"Eşgörünüm kipi"},{"id":null,"key":"savedSearchNameDOC","value":"Görev listesinde kayıtlı aramaları kalıcı kılmak için bağ tanımı seç"},{"id":null,"key":"savedSearchNameLBL","value":"Kayıtlı aramaları kalıcı olarak ayarla"},{"id":null,"key":"scopeDOC","value":"Arama süzgecini kapsam süzgeci olarak gösterin."},{"id":null,"key":"scopeLBL","value":"Kapsam süzgeci olarak göster"},{"id":null,"key":"selectDateLBL","value":"Tarih seçin..."},{"id":null,"key":"selectValueLBL","value":"Değer seç"},{"id":null,"key":"showActivitySummariesDOC","value":"Etkinlik özetlerinin gösterilip gösterilmeyeceğini denetler. Yalnızca, Süreç Tanıtıcısı seçeneği kullanıldığında geçerlidir."},{"id":null,"key":"showActivitySummariesLBL","value":"Etkinlik Özetlerini Göster"},{"id":null,"key":"showAllStatsDOC","value":"Boş değerli olanlar dahil tüm istatistik değerlerini göster"},{"id":null,"key":"showAllStatsLBL","value":"Tüm değerleri göster"},{"id":null,"key":"showInstanceRefreshDOC","value":"Bildirim sunucusu kullanılamadığında eşgörünüm listesini manuel olarak yenilemek için kullanabileceğiniz Yenile düğmesini gösterin."},{"id":null,"key":"showOnTaskClosedDOC","value":"Görev kapatıldığında görev görüntüleyiciyi gösterin."},{"id":null,"key":"showOnTaskClosedLBL","value":"Görev kapatıldığında göster"},{"id":null,"key":"showPageSizerDOC","value":"Sayfa boyutlandırıcısını gösterin."},{"id":null,"key":"showPageSizerLBL","value":"Sayfa boyutlandırıcıyı göster"},{"id":null,"key":"showPagerStatsDOC","value":"Sayfa istatistiklerini gösterin."},{"id":null,"key":"showPagerStatsLBL","value":"Sayfa istatistiklerini göster"},{"id":null,"key":"showRefreshLBL","value":"Yenile düğmesini göster"},{"id":null,"key":"showSavedSearchesDOC","value":"Kayıtlı aramaların aşağı açılır listesini gösterin."},{"id":null,"key":"showSavedSearchesLBL","value":"Kayıtlı aramaları göster"},{"id":null,"key":"showSearchFilterDOC","value":"Arama süzgeci düğmesini gösterir."},{"id":null,"key":"showSearchFilterLBL","value":"Arama süzgecini göster"},{"id":null,"key":"showSortByArrowDOC","value":"Görev listesini artan, azalan veya varsayılan düzende sıralamak için seçiciyi gösterin."},{"id":null,"key":"showSortByArrowLBL","value":"Sütun sıralama seçicisini göster"},{"id":null,"key":"showStatsDOC","value":"Görev istatistiklerinin bir özetini gösterin."},{"id":null,"key":"showStatsLBL","value":"İstatistikleri göster"},{"id":null,"key":"showTaskRefreshDOC","value":"Bildirim sunucusu kullanılamadığında görev listesini manuel olarak yenilemek için kullanabileceğiniz Yenile düğmesini gösterin."},{"id":null,"key":"showTotalOnlyDOC","value":"Yalnızca toplam görev sayısını göster"},{"id":null,"key":"showTotalOnlyLBL","value":"Yalnızca toplamı göster"},{"id":null,"key":"skipClaimForTasksDOC","value":"Görevi üstlen kalıcı iletişim kutusunu gösterme. Görev açıldıktan sonra otomatik olarak üstlenilir."},{"id":null,"key":"skipClaimForTasksLBL","value":"Görev üstlenmeyi devre dışı bırak"},{"id":null,"key":"skipNavDOC","value":"Yeni bir pencerede Case Client'ın açılması için iletişim kutusunu gösterme."},{"id":null,"key":"skipNavLBL","value":"Onay iletişim kutusunu atla"},{"id":null,"key":"snapshotIdDOC","value":"Belirli bir sürecin anlık görünüm tanıtıcısı (2064.xxx ile başlar)"},{"id":null,"key":"snapshotIdLBL","value":"Anlık Görünüm Tanıtıcısı"},{"id":null,"key":"sortByDOC","value":"Listenin ilk olarak hangi sütuna göre sıralanacağını belirtin."},{"id":null,"key":"sortByLBL","value":"Sütuna göre sırala"},{"id":null,"key":"stepIdDOC","value":"Etkinlik özetleri gösterilirken seçilen etkinlik adımına ayarlanır."},{"id":null,"key":"stepIdLBL","value":"Adım Tanıtıcısı"},{"id":null,"key":"systemColumnsDOC","value":"Olası dahili sütunlar listesi"},{"id":null,"key":"systemColumnsLBL","value":"Dahili sütunlar"},{"id":null,"key":"systemDataDOC","value":"Görev görüntüleyicide görüntülemek istediğiniz sistem verilerini ayarlayın."},{"id":null,"key":"systemDataLBL","value":"Sistem verilerini uyarla"},{"id":null,"key":"taskActionsDOC","value":"Görevde gerçekleştirilebilecek işlemler listesini belirtin."},{"id":null,"key":"taskActionsLBL","value":"Görev işlemlerini ayarla"},{"id":null,"key":"taskDOC","value":"Görev görüntüleyicide görüntülemek istediğiniz görevi ayarlayın."},{"id":null,"key":"taskFiltersDOC","value":"Görev listesinde süzgeçleri kalıcı kılmak için bağ tanımı seçin."},{"id":null,"key":"taskFiltersLBL","value":"Süzgeçleri kalıcı olarak ayarla"},{"id":null,"key":"taskLBL","value":"Görevi ayarla"},{"id":null,"key":"taskLaunchEventDOC","value":"Bir görev açıldığında başlatılacak olay adını girin."},{"id":null,"key":"taskLaunchEventLBL","value":"Görevler açıldığında başlatılacak olayı ayarla"},{"id":null,"key":"taskListColumnWidthDOC","value":"Görev listesinde sütun genişliklerini kalıcı kılmak için bağ tanımı seçin."},{"id":null,"key":"taskListColumnWidthLBL","value":"Sütun genişliklerini kalıcı olarak ayarla"},{"id":null,"key":"taskListEnableInstanceDetailsDOC","value":"Bir görev eşgörünümünü açma yeteneğini etkinleştirin."},{"id":null,"key":"taskListFavoritesLBL","value":"Sık Kullanılanlar"},{"id":null,"key":"taskListTaskSortingDOC","value":"Görev listesinin sıralamasını kalıcı kılmak için bağ tanımını seçin."},{"id":null,"key":"taskListTaskSortingLBL","value":"Kalıcı sıralamayı ayarla"},{"id":null,"key":"tasksColumnsDOC","value":"Görev listesinde görüntülenecek sütunları belirtin."},{"id":null,"key":"tasksColumnsLBL","value":"Sütunları uyarla"},{"id":null,"key":"tasksDOC","value":"Görüntülenecek görevler listesi"},{"id":null,"key":"tasksLBL","value":"Görevler"},{"id":null,"key":"tasksPerBlockDOC","value":"Her blokta gösterilen görev sayısı"},{"id":null,"key":"tasksPerBlockLBL","value":"Blok başına görevler"},{"id":null,"key":"tasksPerPageDOC","value":"Sayfa başına gösterilecek görev sayısını girin."},{"id":null,"key":"tasksPerPageLBL","value":"Sayfa başına görevleri ayarla"},{"id":null,"key":"teamsDOC","value":"Ekip özetleri listesi"},{"id":null,"key":"teamsLBL","value":"Ekipler"},{"id":null,"key":"titleDOC","value":"Başlık çubuğunda görüntülenecek başlık dizgisi"},{"id":null,"key":"titleLBL","value":"Başlık Dizgisi"},{"id":null,"key":"traversedPathDOC","value":"Geçilen yolu göstermek için vurgulanacak bağlantı tanıtıcılarının listesi. Yalnızca, Süreç Eşgörünümü Tanıtıcısı seçeneği kullanıldığında geçerlidir."},{"id":null,"key":"traversedPathLBL","value":"Geçilen Yol"},{"id":null,"key":"typeHereLBL","value":"Buraya yazın..."},{"id":null,"key":"useEventTriggeringFetchActionDOC","value":"Bir olay için görevleri getirme isteğini devredin."},{"id":null,"key":"useEventTriggeringFetchActionLBL","value":"Görevleri getirme olayını kullan"},{"id":null,"key":"workflowsLBL","value":"İş akışları"},{"id":null,"key":"workplaceConfigDOC","value":"Workplace davranışını yapılandırır"},{"id":null,"key":"workplaceConfigLBL","value":"Workplace yapılandırması"},{"id":null,"key":"workplaceUserSettingsDOC","value":"Kullanıcı yeniden oturum açtığında uygulanacak kullanıcı ayarlarını korumak için bağ tanımı"},{"id":null,"key":"workplaceUserSettingsLBL","value":"Workplace kullanıcı ayarları"},{"id":null,"key":"zoomFactorDOC","value":"Süreç şemasını yaklaştırma düzeyi için geçerli değerler 1 - 10 arası değerlerdir."},{"id":null,"key":"zoomFactorLBL","value":"Yaklaştırma Düzeyi"}]}