{"id":"50.c4d6cc83-a000-4ae2-b2f5-d35d89f9c6ba/2064.7814960a-7cfe-424d-92b5-d9ce2fbce18c","localeLanguage":"fr","localeCountry":"","localeVariant":"","localeDisplayName":"WPT","resourceBundleKey":[{"id":null,"key":"HistoryLBL","value":"Historique"},{"id":null,"key":"activitiesDOC","value":"Liste des activités"},{"id":null,"key":"activitiesLBL","value":"Activités"},{"id":null,"key":"activitySummariesDOC","value":"Liste des récapitulatifs des activités à afficher. S'applique uniquement lorsque l'option ID de processus est utilisée."},{"id":null,"key":"activitySummariesLBL","value":"Récapitulatif des activités"},{"id":null,"key":"addFilterLBL","value":"Ajouter un filtre"},{"id":null,"key":"alwaysShowDOC","value":"Toujours afficher"},{"id":null,"key":"alwaysShowLBL","value":"Toujours afficher"},{"id":null,"key":"availableActionsDOC","value":"Liste des actions disponibles que le diagramme de processus autorise. Elles sont basées sur les autorisations de l'utilisateur en cours lors d'une utilisation dans un tableau de bord."},{"id":null,"key":"availableActionsLBL","value":"Actions disponibles"},{"id":null,"key":"blocksShowingOnloadDOC","value":"Nombre de blocs affichés au chargement"},{"id":null,"key":"blocksShowingOnloadLBL","value":"Blocs affichés au chargement"},{"id":null,"key":"branchIdDOC","value":"ID de branche d'un processus spécifique (commence par 2063.xxx)."},{"id":null,"key":"branchIdLBL","value":"ID branche"},{"id":null,"key":"brandDOC","value":"Nom de marque à afficher sur la barre de titre"},{"id":null,"key":"brandLBL","value":"Nom de marque"},{"id":null,"key":"businessColumnsDOC","value":"Liste des colonnes métier possibles"},{"id":null,"key":"businessColumnsLBL","value":"Colonnes métier"},{"id":null,"key":"caseFilterByProjectDOC","value":"Entrez le nom du projet pour filtrer la liste des cas et n'afficher que les instances de ce projet."},{"id":null,"key":"caseFilterByProjectLBL","value":"Filtrer par projet"},{"id":null,"key":"caseFiltersDOC","value":"Sélectionnez la liaison permettant de conserver les filtres de la liste des cas."},{"id":null,"key":"caseFiltersLBL","value":"Définir des filtres de cas permanents"},{"id":null,"key":"caseInstanceFiltersDOC","value":"Sélectionnez la liaison permettant de conserver les filtres de la liste des instances de cas."},{"id":null,"key":"caseInstanceFiltersLBL","value":"Définir des filtres d'instance de cas permanents"},{"id":null,"key":"caseInstancesColumnsDOC","value":"Spécifiez les colonnes à afficher dans la liste des instances de cas."},{"id":null,"key":"caseInstancesColumnsLBL","value":"Personnaliser les colonnes d'instance de cas"},{"id":null,"key":"caseInstancesSortDOC","value":"Sélectionnez la liaison permettant de conserver le tri de la liste des instances de cas."},{"id":null,"key":"caseInstancesSortLBL","value":"Définir un tri permanent des instances de cas"},{"id":null,"key":"caseListColumnWidthDOC","value":"Sélectionnez la liaison permettant de conserver les largeurs de colonne de la liste des cas."},{"id":null,"key":"caseListColumnWidthLBL","value":"Définir la persistance des largeurs de colonne"},{"id":null,"key":"caseScopeDOC","value":"Choisissez les instances de cas à inclure dans votre liste : soit toutes celles que vous êtes autorisé à voir, soit seulement celles qui vous sont directement affectées."},{"id":null,"key":"caseScopeLBL","value":"Portée du cas"},{"id":null,"key":"casesColumnsDOC","value":"Spécifiez les colonnes à afficher dans la liste des cas."},{"id":null,"key":"casesColumnsLBL","value":"Personnaliser les colonnes de cas"},{"id":null,"key":"casesEnableCaseDetailsDOC","value":"Autorisez l'ouverture d'un cas de flux de travaux."},{"id":null,"key":"casesEnableCaseDetailsLBL","value":"Activer le lancement de cas"},{"id":null,"key":"casesLBL","value":"Cas"},{"id":null,"key":"casesPerPageDOC","value":"Entrez le nombre de cas à afficher par page."},{"id":null,"key":"casesPerPageLBL","value":"Définir les cas par page"},{"id":null,"key":"casesSortDOC","value":"Sélectionner la liaison permettant de conserver le tri de la liste des cas."},{"id":null,"key":"casesSortLBL","value":"Définir le tri permanent des cas"},{"id":null,"key":"clearFilterLBL","value":"Effacer le contenu du filtre"},{"id":null,"key":"customPathDOC","value":"La liste de ProjectedPathLinkChanges du chemin personnalisé créé. S'applique uniquement lorsque l'option ID instance de processus est utilisée."},{"id":null,"key":"customPathLBL","value":"Chemin personnalisé"},{"id":null,"key":"disableActionsDOC","value":"Actions à désactiver"},{"id":null,"key":"disableActionsLBL","value":"Désactiver des actions"},{"id":null,"key":"disableCompleteTasksDOC","value":"Empêcher les utilisateurs d'ouvrir les tâches terminées."},{"id":null,"key":"disableCompleteTasksLBL","value":"Désactiver l'ouverture des tâches terminées"},{"id":null,"key":"disableFilterEventsDOC","value":"Désactiver l'actualisation automatique de la liste à la mise à jour des filtres."},{"id":null,"key":"disableFilterEventsLBL","value":"Désactiver l'actualisation automatique"},{"id":null,"key":"disableFulltextSearchDOC","value":"Désactiver la fonction de recherche en texte intégral dans la barre de recherche"},{"id":null,"key":"disableFulltextSearchLBL","value":"Désactiver la recherche en texte intégral"},{"id":null,"key":"disableLeftClickActivityDetailsDOC","value":"Désactive la fenêtre contextuelle Détails de l'activité qui s'affiche lorsque vous cliquez sur un noeud."},{"id":null,"key":"disableLeftClickActivityDetailsLBL","value":"Désactiver Détails de l'activité (clic gauche)"},{"id":null,"key":"disableRetrieveServicesDOC","value":"Désactivez des services d'extraction (par exemple, gérer l'équipe, créer des flux de travaux) dans le menu Actions."},{"id":null,"key":"disableRetrieveServicesLBL","value":"Désactiver des services d'extraction"},{"id":null,"key":"disableRightClickMenusDOC","value":"Désactive le menu contextuel qui s'affiche lorsque vous cliquez sur un noeud avec le bouton droit de la souris."},{"id":null,"key":"disableRightClickMenusLBL","value":"Désactiver le menu contextuel (clic droit)"},{"id":null,"key":"documentsLBL","value":"Documents"},{"id":null,"key":"embededViewDOC","value":"Masque le bouton de fermeture pour l'incorporation dans une autre vue."},{"id":null,"key":"embededViewLBL","value":"Vue incorporée"},{"id":null,"key":"enableAddWorkflowDOC","value":"Affichez le bouton Démarrer un flux de travaux."},{"id":null,"key":"enableAddWorkflowLBL","value":"Afficher Démarrer un flux de travaux"},{"id":null,"key":"enableBatchModifyDOC","value":"Activer la modification de plusieurs tâches sélectionnées d'un coup."},{"id":null,"key":"enableBatchModifyLBL","value":"Activer la modification par lots"},{"id":null,"key":"enableCopyLinkDOC","value":"Permet d'afficher l'action de lien de copie dans le menu déroulant dynamique."},{"id":null,"key":"enableCopyLinkLBL","value":"Afficher le lien de copie"},{"id":null,"key":"enableHistoryNavDOC","value":"Affichez le chemin de navigation vers la page en cours dans l'afficheur de tâche."},{"id":null,"key":"enableHistoryNavLBL","value":"Afficher le trajet de navigation"},{"id":null,"key":"enableInstanceDetailsDOC","value":"Afficher l'action d'instance de vue dans le menu déroulant dynamique."},{"id":null,"key":"enableInstanceDetailsLBL","value":"Afficher l'instance de vue"},{"id":null,"key":"enableSavedSearchEditingDOC","value":"Activer la création et l'édition des recherches sauvegardées."},{"id":null,"key":"enableSavedSearchEditingLBL","value":"Activer les recherches sauvegardées"},{"id":null,"key":"enableTaskDetailsDOC","value":"Permet d'ouvrir une tâche."},{"id":null,"key":"enableTaskDetailsLBL","value":"Activer le lancement de tâche"},{"id":null,"key":"enterDecimalLBL","value":"Entrer un nombre décimal..."},{"id":null,"key":"enterNumberLBL","value":"Entrer un nombre..."},{"id":null,"key":"eventONNavigationButtonClickedDOC","value":"Sur événement de clic sur un élément de navigation"},{"id":null,"key":"eventONNavigationButtonClickedLBL","value":"En cas de clic sur un élément de navigation"},{"id":null,"key":"eventONPageSizeChangedDOC","value":"Déclenché lorsque le nombre d'éléments par page est modifié."},{"id":null,"key":"eventONPageSizeChangedLBL","value":"En cas de changement du nombre d'éléments par page"},{"id":null,"key":"eventONPageSwitchedDOC","value":"Déclenché lorsque le numéro de page change."},{"id":null,"key":"eventONPageSwitchedLBL","value":"En cas de modification de page"},{"id":null,"key":"eventOnCardBlurDOC","value":"Déclenché lorsque la carte perd la mise en évidence"},{"id":null,"key":"eventOnCardBlurLBL","value":"En cas de floutage de la carte"},{"id":null,"key":"eventOnCardFocusDOC","value":"Déclenché lorsque la carte est mise en évidence"},{"id":null,"key":"eventOnCardFocusLBL","value":"En cas de mise en évidence de la carte"},{"id":null,"key":"eventOnCaseLaunchedLBL","value":"Sur le cas lancé"},{"id":null,"key":"eventOnChangeDOC","value":"Lors d'un évènement de modification"},{"id":null,"key":"eventOnChangeLBL","value":"En cas de modification"},{"id":null,"key":"eventOnExternalFetchDOC","value":"La méthode s'attend à ce que setTasks() soit appelé avec la nouvelle liste de tâches."},{"id":null,"key":"eventOnExternalFetchLBL","value":"En cas d'extraction externe"},{"id":null,"key":"eventOnFilterBtnClickedDOC","value":"Déclenché en cas de clic sur un bouton de filtre."},{"id":null,"key":"eventOnFilterBtnClickedLBL","value":"En cas de clic sur un bouton de filtre"},{"id":null,"key":"eventOnHideDOC","value":"Lors d'un évènement de masquage"},{"id":null,"key":"eventOnHideLBL","value":"En cas de masquage"},{"id":null,"key":"eventOnInstanceLaunchedLBL","value":"En cas de lancement d'instance"},{"id":null,"key":"eventOnInstanceUIActionDOC","value":"Lors d'un évènement d'action d'interface utilisateur d'instance"},{"id":null,"key":"eventOnInstanceUIActionLBL","value":"En cas d'action d'interface utilisateur d'instance"},{"id":null,"key":"eventOnInstanceUIActivitySelectedDOC","value":"Lors d'un évènement de sélection d'activité d'interface utilisateur d'instance"},{"id":null,"key":"eventOnInstanceUIActivitySelectedLBL","value":"En cas de sélection d'activité d'interface utilisateur d'instance"},{"id":null,"key":"eventOnInstanceUIClosedDOC","value":"Lors d'un évènement de fermeture d'instance"},{"id":null,"key":"eventOnInstanceUIClosedLBL","value":"En cas de fermeture d'instance"},{"id":null,"key":"eventOnInstanceUICommentPostDOC","value":"Lors d'un évènement de publication de commentaire sur l'interface utilisateur d'instance"},{"id":null,"key":"eventOnInstanceUICommentPostLBL","value":"En cas de publication de commentaire sur l'interface utilisateur d'instance"},{"id":null,"key":"eventOnInstanceUILaunchedDOC","value":"Lors d'un évènement de lancement d'interface utilisateur d'instance"},{"id":null,"key":"eventOnInstanceUILaunchedLBL","value":"En cas de lancement d'interface utilisateur d'instance"},{"id":null,"key":"eventOnInstanceUITabChangeDOC","value":"Lors d'un évènement de changement d'onglet d'interface utilisateur d'instance"},{"id":null,"key":"eventOnInstanceUITabChangeLBL","value":"En cas de changement d'onglet d'interface utilisateur d'instance"},{"id":null,"key":"eventOnLoadDOC","value":"Lors d'un évènement de chargement"},{"id":null,"key":"eventOnLoadLBL","value":"Lors du chargement"},{"id":null,"key":"eventOnProcessLaunched","value":"Sur événement de lancement de processus"},{"id":null,"key":"eventOnRefreshDOC","value":"Lors d'un évènement d'actualisation"},{"id":null,"key":"eventOnRefreshLBL","value":"En cas d'actualisation"},{"id":null,"key":"eventOnSearchLaunched","value":"Lors d'un évènement de lancement de recherche"},{"id":null,"key":"eventOnServiceClosedDOC","value":"Lors d'un évènement de fermeture de service"},{"id":null,"key":"eventOnServiceClosedLBL","value":"A la fermeture d'un service"},{"id":null,"key":"eventOnServiceLaunched","value":"Sur événement de lancement de service"},{"id":null,"key":"eventOnServiceOpenedDOC","value":"Lors d'un évènement d'ouverture de service"},{"id":null,"key":"eventOnServiceOpenedLBL","value":"A l'ouverture d'un service"},{"id":null,"key":"eventOnShowDOC","value":"Lors d'un évènement d'affichage"},{"id":null,"key":"eventOnShowLBL","value":"Lors de l'affichage"},{"id":null,"key":"eventOnTaskActionDOC","value":"Lors d'un évènement d'action de tâche"},{"id":null,"key":"eventOnTaskActionLBL","value":"En cas d'action de tâche"},{"id":null,"key":"eventOnTaskClosedDOC","value":"Lors d'un évènement de fermeture de tâche"},{"id":null,"key":"eventOnTaskClosedLBL","value":"A la fermeture d'une tâche"},{"id":null,"key":"eventOnTaskLaunchedDOC","value":"Lors d'un évènement de lancement de tâche"},{"id":null,"key":"eventOnTaskLaunchedLBL","value":"En cas de lancement de tâche"},{"id":null,"key":"eventOnTaskOpenedDOC","value":"Lors d'un évènement d'ouverture de tâche"},{"id":null,"key":"eventOnTaskOpenedLBL","value":"A l'ouverture d'une tâche"},{"id":null,"key":"eventOnVisibilityChangeDOC","value":"Lors d'un évènement de visibilité"},{"id":null,"key":"eventOnVisibilityChangeLBL","value":"En cas de modification de visibilité"},{"id":null,"key":"filterByProjectDOC","value":"Pour n'afficher que les instances d'un projet, entrez le nom de celui-ci."},{"id":null,"key":"filterByProjectLBL","value":"Filtrer par projet"},{"id":null,"key":"generalTaskSortingDOC","value":"Sélectionner la liaison pour conserver le tri de la liste."},{"id":null,"key":"hideActionsMenuDOC","value":"Désactiver le menu qui donne accès à d'autres actions pour la tâche."},{"id":null,"key":"hideActionsMenuLBL","value":"Désactiver le menu des actions"},{"id":null,"key":"hideCase","value":"Masquer les cas"},{"id":null,"key":"hideProcess","value":"Masquer les processus"},{"id":null,"key":"hideSearchBarDOC","value":"Masquer la barre de recherche."},{"id":null,"key":"hideSearchBarLBL","value":"Masquer la barre de recherche"},{"id":null,"key":"hideService","value":"Masquer les services démarrables"},{"id":null,"key":"hideStatusColumnDOC","value":"Masquez la colonne de statut dans la liste."},{"id":null,"key":"hideStatusColumnLBL","value":"Masquer la colonne de statut"},{"id":null,"key":"instanceCaseModeDOC","value":"Afficher uniquement les recherches liées à l'instance de cas"},{"id":null,"key":"instanceCaseModeLBL","value":"Mode de cas"},{"id":null,"key":"instanceDOC","value":"Données d'instance"},{"id":null,"key":"instanceFiltersDOC","value":"Sélectionnez la liaison pour conserver les filtres dans la liste des instances."},{"id":null,"key":"instanceFiltersLBL","value":"Définir la persistance des filtres"},{"id":null,"key":"instanceIdDOC","value":"ID d'instance de la définition de processus métier. Cette option prévaut sur l'option d'ID de processus."},{"id":null,"key":"instanceIdLBL","value":"ID de l'instance de processus"},{"id":null,"key":"instanceLBL","value":"Instance"},{"id":null,"key":"instanceListColumnWidthDOC","value":"Sélectionnez la liaison pour conserver les largeurs de colonne dans la liste des instances."},{"id":null,"key":"instanceListColumnWidthLBL","value":"Définir la persistance des largeurs de colonne"},{"id":null,"key":"instanceModeDOC","value":"Afficher uniquement les recherches liées à l'instance"},{"id":null,"key":"instanceModeLBL","value":"Mode d'instance"},{"id":null,"key":"instancesColumnsDOC","value":"Spécifiez les colonnes à afficher dans la liste des instances."},{"id":null,"key":"instancesColumnsLBL","value":"Personnaliser les colonnes d'instance"},{"id":null,"key":"instancesEnableInstanceDetailsDOC","value":"Activer la possibilité d'ouvrir une instance de workflow."},{"id":null,"key":"instancesEnableInstanceDetailsLBL","value":"Activer le lancement d'instance"},{"id":null,"key":"instancesPerPageDOC","value":"Entrez le nombre d'instances à afficher par page."},{"id":null,"key":"instancesPerPageLBL","value":"Définir le nombre d'instances par page"},{"id":null,"key":"instancesSortDOC","value":"Sélectionner la liaison pour conserver le tri de la liste d'instances."},{"id":null,"key":"instancesSortLBL","value":"Définir le tri des instances persistantes"},{"id":null,"key":"isTaskFilterServiceEnabledDOC","value":"Activer la priorisation intelligente des tâches, qui trie la liste en plaçant en premier les tâches à traiter d'abord."},{"id":null,"key":"isTaskFilterServiceEnabledLBL","value":"Activer la priorisation des tâches"},{"id":null,"key":"itemLengthDOC","value":"Longueur d'une liste d'entrée."},{"id":null,"key":"itemLengthLBL","value":"Longueur d'élément"},{"id":null,"key":"itemPerPageDOC","value":"Nombre d'éléments par page."},{"id":null,"key":"itemPerPageLBL","value":"Par page"},{"id":null,"key":"localizationServiceDOC","value":"Indiquez le service permettant d'extraire les chaînes localisées à utiliser avec cette vue Coach."},{"id":null,"key":"localizationServiceLBL","value":"Service de localisation"},{"id":null,"key":"mandatoryColumnsDOC","value":"Liste des colonnes obligatoires"},{"id":null,"key":"mandatoryColumnsLBL","value":"Colonnes obligatoires"},{"id":null,"key":"maximumSearchSizeDOC","value":"Définir le nombre maximal de tâches renvoyées pour une recherche."},{"id":null,"key":"maximumSearchSizeLBL","value":"Définir la limite de recherche"},{"id":null,"key":"numberOfTaskOptionDOC","value":"Liste du nombre d'options de tâches disponibles"},{"id":null,"key":"numberOfTaskOptionLBL","value":"Liste du nombre de tâches"},{"id":null,"key":"openCaseInNewWindowDOC","value":"Ouvrez un cas dans une nouvelle fenêtre."},{"id":null,"key":"openCaseInNewWindowLBL","value":"Ouvrir le cas dans une nouvelle fenêtre"},{"id":null,"key":"openInstanceInNewWindowDOC","value":"Ouvrir une instance dans une nouvelle fenêtre."},{"id":null,"key":"openInstanceInNewWindowLBL","value":"Ouvrir l'instance dans une nouvelle fenêtre"},{"id":null,"key":"openTaskInNewTabDOC","value":"Ouvrir une tâche dans une nouvelle fenêtre."},{"id":null,"key":"openTaskInNewTabLBL","value":"Ouvrir la tâche dans une nouvelle fenêtre"},{"id":null,"key":"placeholderDOC","value":"Marque de réservation pour les zones d'entrée"},{"id":null,"key":"placeholderLBL","value":"Espace réservé"},{"id":null,"key":"processAppAcroDOC","value":"Pour n'afficher dans la liste que les tâches d'une application, entrez l'acronyme de celle-ci."},{"id":null,"key":"processAppAcroLBL","value":"Filtrer par application"},{"id":null,"key":"processIdDOC","value":"ID de définition du processus métier du diagramme de processus à afficher. Un ID instantané, un ID branche ou un ID projet est requis."},{"id":null,"key":"processIdLBL","value":"ID processus"},{"id":null,"key":"processModeDOC","value":"Optimiser la vue pour afficher des informations de processus"},{"id":null,"key":"processModeLBL","value":"Optimiser pour les processus"},{"id":null,"key":"projectIdDOC","value":"ID de projet d'un processus spécifique (commence par 2066.xxx)."},{"id":null,"key":"projectIdLBL","value":"ID projet"},{"id":null,"key":"projectedPathDOC","value":"Liste d'ID d'activité associés au chemin projeté à mettre à évidence. Les activités doivent être indiquées selon l'ordre du flux. S'applique uniquement lorsque l'option ID instance de processus est utilisée."},{"id":null,"key":"projectedPathLBL","value":"Chemin projeté"},{"id":null,"key":"recentInstanceSearchesDOC","value":"Sélectionnez la liaison pour conserver les recherches récentes dans la barre de recherche."},{"id":null,"key":"recentInstanceSearchesLBL","value":"Définir la persistance des recherches"},{"id":null,"key":"recentTaskSearchesDOC","value":"Sélectionnez la liaison pour conserver les recherches récentes dans la barre de recherche."},{"id":null,"key":"recentTaskSearchesLBL","value":"Définir la persistance des recherches"},{"id":null,"key":"recentWorkstreamLimit","value":"Combien de flux de travaux souhaiteriez-vous afficher dans la liste ?"},{"id":null,"key":"removeFilterLBL","value":"Retirer le filtre"},{"id":null,"key":"requiredOwnershipCheckDOC","value":"Vérifier si l'utilisateur en cours est autorisé à ouvrir la tâche."},{"id":null,"key":"requiredOwnershipCheckLBL","value":"Vérifier la propriété de la tâche"},{"id":null,"key":"responsiveModeDOC","value":"Sélectionnez la taille d'écran pour l'affichage de la liste des tâches."},{"id":null,"key":"responsiveModeLBL","value":"Activer le mode réactif"},{"id":null,"key":"riskStateDOC","value":"Associez cette option à l'état sélectionné d'une activité lors de l'affichage des récapitulatifs des activités. Les valeurs valides sont OnTrack, AtRisk et Overdue (dans les délais, à risque et en retard)."},{"id":null,"key":"riskStateLBL","value":"Etat des risques"},{"id":null,"key":"savedSearchInstanceFilterDOC","value":"Afficher uniquement les filtres liés aux instances."},{"id":null,"key":"savedSearchInstanceFilterLBL","value":"Filtre d'instance"},{"id":null,"key":"savedSearchInstanceModeDOC","value":"Afficher uniquement les filtres et colonnes liés aux instances."},{"id":null,"key":"savedSearchInstanceModeLBL","value":"Mode d'instance"},{"id":null,"key":"savedSearchNameDOC","value":"Sélectionnez la liaison pour conserver les recherches sauvegardées dans la liste des tâches."},{"id":null,"key":"savedSearchNameLBL","value":"Définir la persistance des recherches sauvegardées"},{"id":null,"key":"scopeDOC","value":"Afficher le filtre de recherche comme filtre de portée."},{"id":null,"key":"scopeLBL","value":"Afficher comme filtre de portée"},{"id":null,"key":"selectDateLBL","value":"Sélectionner une date..."},{"id":null,"key":"selectValueLBL","value":"Sélectionner une valeur"},{"id":null,"key":"showActivitySummariesDOC","value":"Indique si les récapitulatifs des activités doivent être affichés. S'applique uniquement lorsque l'option ID de processus est utilisée."},{"id":null,"key":"showActivitySummariesLBL","value":"Afficher les récapitulatifs des activités"},{"id":null,"key":"showAllStatsDOC","value":"Afficher toutes les valeurs de statistiques, y compris les valeurs NULL"},{"id":null,"key":"showAllStatsLBL","value":"Afficher toutes les valeurs"},{"id":null,"key":"showInstanceRefreshDOC","value":"Affichez le bouton Actualiser, qui permet d'actualiser manuellement la liste des instances lorsque le serveur de notification n'est pas disponible."},{"id":null,"key":"showOnTaskClosedDOC","value":"Affichez l'afficheur de tâche à la fermeture de la tâche."},{"id":null,"key":"showOnTaskClosedLBL","value":"Afficher à la fermeture de la tâche"},{"id":null,"key":"showPageSizerDOC","value":"Afficher le dimensionneur de page."},{"id":null,"key":"showPageSizerLBL","value":"Afficher le dimensionneur de page"},{"id":null,"key":"showPagerStatsDOC","value":"Afficher les statistiques de page."},{"id":null,"key":"showPagerStatsLBL","value":"Afficher les statistiques de page"},{"id":null,"key":"showRefreshLBL","value":"Afficher le bouton Actualiser"},{"id":null,"key":"showSavedSearchesDOC","value":"Afficher une liste déroulante des recherches sauvegardées."},{"id":null,"key":"showSavedSearchesLBL","value":"Afficher les recherches sauvegardées"},{"id":null,"key":"showSearchFilterDOC","value":"Permet d'afficher le bouton de filtre de recherche."},{"id":null,"key":"showSearchFilterLBL","value":"Afficher le filtre de recherche"},{"id":null,"key":"showSortByArrowDOC","value":"Afficher le sélecteur permettant de trier la liste des tâches dans l'ordre croissant, décroissant ou par défaut."},{"id":null,"key":"showSortByArrowLBL","value":"Afficher le sélecteur de tri de colonne"},{"id":null,"key":"showStatsDOC","value":"Afficher un récapitulatif des statistiques des tâches."},{"id":null,"key":"showStatsLBL","value":"Afficher les statistiques"},{"id":null,"key":"showTaskRefreshDOC","value":"Affichez le bouton Actualiser, qui permet d'actualiser manuellement la liste des tâches lorsque le serveur de notification n'est pas disponible."},{"id":null,"key":"showTotalOnlyDOC","value":"Afficher uniquement le nombre total de tâches"},{"id":null,"key":"showTotalOnlyLBL","value":"Afficher uniquement le total"},{"id":null,"key":"skipClaimForTasksDOC","value":"Ne pas afficher l'élément modal Réclamer la tâche. La tâche est réclamée automatiquement à l'ouverture."},{"id":null,"key":"skipClaimForTasksLBL","value":"Désactiver la réclamation de tâche"},{"id":null,"key":"skipNavDOC","value":"N'affichez pas la boîte de dialogue d'ouverture de Case Client dans une nouvelle fenêtre."},{"id":null,"key":"skipNavLBL","value":"Ignorer la boîte de dialogue de confirmation"},{"id":null,"key":"snapshotIdDOC","value":"ID d'instantané d'un processus spécifique (commence par 2064.xxx)."},{"id":null,"key":"snapshotIdLBL","value":"ID Instantané"},{"id":null,"key":"sortByDOC","value":"Spécifiez la colonne de tri initial de la liste."},{"id":null,"key":"sortByLBL","value":"Trier par colonne"},{"id":null,"key":"stepIdDOC","value":"Associez cette option à l'étape de l'activité sélectionnée lors de l'affichage des récapitulatifs des activités."},{"id":null,"key":"stepIdLBL","value":"ID d'étape"},{"id":null,"key":"systemColumnsDOC","value":"Liste des colonnes intrinsèques possibles"},{"id":null,"key":"systemColumnsLBL","value":"Colonnes intrinsèques"},{"id":null,"key":"systemDataDOC","value":"Définissez les données système que vous voulez afficher dans l'afficheur de tâche."},{"id":null,"key":"systemDataLBL","value":"Personnaliser les données système"},{"id":null,"key":"taskActionsDOC","value":"Spécifiez la liste des actions pouvant être effectuées sur la tâche."},{"id":null,"key":"taskActionsLBL","value":"Définir les actions de tâche"},{"id":null,"key":"taskDOC","value":"Définissez la tâche que vous voulez afficher dans l'afficheur de tâche."},{"id":null,"key":"taskFiltersDOC","value":"Sélectionnez la liaison pour conserver les filtres dans la liste des tâches."},{"id":null,"key":"taskFiltersLBL","value":"Définir la persistance des filtres"},{"id":null,"key":"taskLBL","value":"Définir la tâche"},{"id":null,"key":"taskLaunchEventDOC","value":"Entrez le nom de l'événement à déclencher à l'ouverture d'une tâche."},{"id":null,"key":"taskLaunchEventLBL","value":"Définir l'événement pour le lancement de tâche"},{"id":null,"key":"taskListColumnWidthDOC","value":"Sélectionnez la liaison pour conserver les largeurs de colonne dans la liste des tâches."},{"id":null,"key":"taskListColumnWidthLBL","value":"Définir la persistance des largeurs de colonne"},{"id":null,"key":"taskListEnableInstanceDetailsDOC","value":"Activer la possibilité d'ouvrir une instance de tâche."},{"id":null,"key":"taskListFavoritesLBL","value":"Favoris"},{"id":null,"key":"taskListTaskSortingDOC","value":"Sélectionner la liaison permettant de conserver le tri de la liste des tâches."},{"id":null,"key":"taskListTaskSortingLBL","value":"Définir le tri persistant"},{"id":null,"key":"tasksColumnsDOC","value":"Spécifiez les colonnes à afficher dans la liste des tâches."},{"id":null,"key":"tasksColumnsLBL","value":"Personnaliser les colonnes"},{"id":null,"key":"tasksDOC","value":"Liste des tâches à afficher"},{"id":null,"key":"tasksLBL","value":"Tâches"},{"id":null,"key":"tasksPerBlockDOC","value":"Nombre de tâches affichées dans chaque bloc"},{"id":null,"key":"tasksPerBlockLBL","value":"Tâches par bloc"},{"id":null,"key":"tasksPerPageDOC","value":"Entrez le nombre de tâches à afficher par page."},{"id":null,"key":"tasksPerPageLBL","value":"Définir le nombre de tâches par page"},{"id":null,"key":"teamsDOC","value":"Liste des récapitulatifs d'équipe"},{"id":null,"key":"teamsLBL","value":"Equipes"},{"id":null,"key":"titleDOC","value":"Chaîne de titre à afficher sur la barre de titre"},{"id":null,"key":"titleLBL","value":"Chaîne de titre"},{"id":null,"key":"traversedPathDOC","value":"Liste des ID de lien à mettre en évidence pour indiquer le chemin parcouru. S'applique uniquement lorsque l'option ID instance de processus est utilisée."},{"id":null,"key":"traversedPathLBL","value":"Chemin parcouru"},{"id":null,"key":"typeHereLBL","value":"Entrez ici..."},{"id":null,"key":"useEventTriggeringFetchActionDOC","value":"Déléguer la demande d'extraction de tâches à un événement."},{"id":null,"key":"useEventTriggeringFetchActionLBL","value":"Utiliser l'événement pour extraire des tâches"},{"id":null,"key":"workflowsLBL","value":"Flux de travaux"},{"id":null,"key":"workplaceConfigDOC","value":"Configure le comportement de l'espace de travail"},{"id":null,"key":"workplaceConfigLBL","value":"Configuration de l'espace de travail"},{"id":null,"key":"workplaceUserSettingsDOC","value":"Liaison pour la préservation des paramètres utilisateur qui seront appliqués lors de la prochaine connexion de l'utilisateur"},{"id":null,"key":"workplaceUserSettingsLBL","value":"Paramètres utilisateur de l'espace de travail"},{"id":null,"key":"zoomFactorDOC","value":"Les valeurs de niveau de zoom valides pour le diagramme de processus sont les valeurs 1 à 10."},{"id":null,"key":"zoomFactorLBL","value":"Niveau de zoom"}]}