{"id":"50.c4d6cc83-a000-4ae2-b2f5-d35d89f9c6ba/2064.7814960a-7cfe-424d-92b5-d9ce2fbce18c","localeLanguage":"fi","localeCountry":"","localeVariant":"","localeDisplayName":"WPT","resourceBundleKey":[{"id":null,"key":"HistoryLBL","value":"Historia"},{"id":null,"key":"activitiesDOC","value":"Aktiviteettien luettelo"},{"id":null,"key":"activitiesLBL","value":"Aktiviteetit"},{"id":null,"key":"activitySummariesDOC","value":"Näytettävien aktiviteettitiivistelmien luettelo. Tämä on käytettävissä vain, jos Prosessitunnus-asetus on käytössä."},{"id":null,"key":"activitySummariesLBL","value":"Aktiviteettitiivistelmät"},{"id":null,"key":"addFilterLBL","value":"Lisää suodatin"},{"id":null,"key":"alwaysShowDOC","value":"Näytä aina"},{"id":null,"key":"alwaysShowLBL","value":"Näytä aina"},{"id":null,"key":"availableActionsDOC","value":"Luettelo käytettävissä olevista toiminnoista, jotka prosessikaavio ottaa käyttöön. Nämä perustuvat nykyisen käyttäjän käyttöoikeuksiin mittatietotaulukosta käytettäessä."},{"id":null,"key":"availableActionsLBL","value":"AvailableActions"},{"id":null,"key":"blocksShowingOnloadDOC","value":"Ladattaessa näytettävien lohkojen määrä"},{"id":null,"key":"blocksShowingOnloadLBL","value":"Ladattaessa näytettävät lohkot"},{"id":null,"key":"branchIdDOC","value":"Tietyn prosessin haaran tunnus (alkaa numerosarjalla 2063.xxx)."},{"id":null,"key":"branchIdLBL","value":"Haaran tunnus"},{"id":null,"key":"brandDOC","value":"Otsikkorivillä näytettävä tuotemerkin nimi"},{"id":null,"key":"brandLBL","value":"Tuotemerkin nimi"},{"id":null,"key":"businessColumnsDOC","value":"Mahdollisten liiketoimintasarakkeiden luettelo"},{"id":null,"key":"businessColumnsLBL","value":"Liiketoimintasarakkeet"},{"id":null,"key":"caseFilterByProjectDOC","value":"Syötä projektin nimi, jos haluat suodattaa tapausluettelon koskemaan vain kyseisen projektin ilmentymiä."},{"id":null,"key":"caseFilterByProjectLBL","value":"Suodata projektin mukaan"},{"id":null,"key":"caseFiltersDOC","value":"Valitse sidonta, jos haluat määrittää tehtäväluettelolle pysyvän lajittelun."},{"id":null,"key":"caseFiltersLBL","value":"Aseta pysyvät tapauskohtaiset suodattimet"},{"id":null,"key":"caseInstanceFiltersDOC","value":"Valitse sidonta, jolla suodattimet säilytetään tapausesimerkkiluettelossa."},{"id":null,"key":"caseInstanceFiltersLBL","value":"Määritä pysyvät tapauskohtaiset suodattimet"},{"id":null,"key":"caseInstancesColumnsDOC","value":"Määritä sarakkeet, jotka näytetään tapausesimerkkiluettelossa."},{"id":null,"key":"caseInstancesColumnsLBL","value":"Mukauta tapausesimerkin sarakkeita"},{"id":null,"key":"caseInstancesSortDOC","value":"Valitse sidonta, jolla tapausesimerkkiluettelon lajittelu pysyy muuttumattomana."},{"id":null,"key":"caseInstancesSortLBL","value":"Aseta pysyvän tapauksen lajittelu"},{"id":null,"key":"caseListColumnWidthDOC","value":"Valitse sidonta, jolla sarakkeiden leveydet säilytetään tapausluettelossa."},{"id":null,"key":"caseListColumnWidthLBL","value":"Määritä pysyvät sarakkeiden leveydet"},{"id":null,"key":"caseScopeDOC","value":"Valitse, mitkä asian ilmentymät sisältyvät luetteloosi: joko kaikki nähtäväksi valtuutetut ilmentymät tai vain ilmentymät, jotka on suoraan määritetty sinulle."},{"id":null,"key":"caseScopeLBL","value":"Asian laajuus"},{"id":null,"key":"casesColumnsDOC","value":"Määritä tapausluettelossa näytettävät sarakkeet."},{"id":null,"key":"casesColumnsLBL","value":"Mukauta tapauksen sarakkeita"},{"id":null,"key":"casesEnableCaseDetailsDOC","value":"Ota käyttöön mahdollisuus avata käsittelyreittitapaus."},{"id":null,"key":"casesEnableCaseDetailsLBL","value":"Ota käyttöön tapauksen käynnistys"},{"id":null,"key":"casesLBL","value":"Asiat"},{"id":null,"key":"casesPerPageDOC","value":"Syötä näytettävien tapausten määrä sivua kohden."},{"id":null,"key":"casesPerPageLBL","value":"Aseta tapaukset sivua kohti"},{"id":null,"key":"casesSortDOC","value":"Valitse sidonta, jolla tapausluettelon lajittelu pysyy."},{"id":null,"key":"casesSortLBL","value":"Määritä tapausten pysyvä lajittelu"},{"id":null,"key":"clearFilterLBL","value":"Tyhjennä suodatin"},{"id":null,"key":"customPathDOC","value":"ProjectedPathLinkChange-komponenttien luettelo luotua mukautettua polkua varten. Tämä on käytettävissä vain, jos Prosessi-ilmentymän tunnus -asetus on käytössä."},{"id":null,"key":"customPathLBL","value":"Mukautettu polku"},{"id":null,"key":"disableActionsDOC","value":"Käytöstä poistettavat toiminnot"},{"id":null,"key":"disableActionsLBL","value":"Poista toiminnot käytöstä"},{"id":null,"key":"disableCompleteTasksDOC","value":"Estä käyttäjiä avaamasta valmiita tehtäviä."},{"id":null,"key":"disableCompleteTasksLBL","value":"Poista käytöstä valmiiden tehtävien avaus"},{"id":null,"key":"disableFilterEventsDOC","value":"Poista käytöstä luettelon automaattinen päivitys, kun suodattimet päivitetään."},{"id":null,"key":"disableFilterEventsLBL","value":"Poista automaattinen päivitys käytöstä"},{"id":null,"key":"disableFulltextSearchDOC","value":"Poista täyshakumahdollisuus hakupalkista"},{"id":null,"key":"disableFulltextSearchLBL","value":"Poista täyshaku käytöstä"},{"id":null,"key":"disableLeftClickActivityDetailsDOC","value":"Poistaa käytöstä Aktiviteetin tiedot -kohoikkunan, joka tulee näkyviin, kun solmua napsautetaan."},{"id":null,"key":"disableLeftClickActivityDetailsLBL","value":"Poista käytöstä aktiviteetin tietojen esittäminen ykköspainikkeen napsautuksella"},{"id":null,"key":"disableRetrieveServicesDOC","value":"Poistaa käytöstä palvelujen noudon toimintovalikkoon (esim. työryhmän hallinta, työtietovirtojen luonti)."},{"id":null,"key":"disableRetrieveServicesLBL","value":"Poista palvelujen nouto käytöstä"},{"id":null,"key":"disableRightClickMenusDOC","value":"Poistaa käytöstä pikavalikon, joka tulee näkyviin, kun solmua napsautetaan hiiren kakkospainikkeella."},{"id":null,"key":"disableRightClickMenusLBL","value":"Poista käytöstä pikavalikon avaus kakkospainikkeella"},{"id":null,"key":"documentsLBL","value":"Asiakirjat"},{"id":null,"key":"embededViewDOC","value":"Piilottaa toiseen näkymään upottamisen sulkemispainikkeen."},{"id":null,"key":"embededViewLBL","value":"Upotettu näkymä"},{"id":null,"key":"enableAddWorkflowDOC","value":"Näytä Aloita käsittelyreitti -painike."},{"id":null,"key":"enableAddWorkflowLBL","value":"Näytä käsittelyreitin aloitus"},{"id":null,"key":"enableBatchModifyDOC","value":"Ota käyttöön useiden valittujen tehtävien muokkaus kerralla."},{"id":null,"key":"enableBatchModifyLBL","value":"Ota käyttöön erän muokkaus"},{"id":null,"key":"enableCopyLinkDOC","value":"Näytä linkin kopiointitoiminto ylivuotovalikossa."},{"id":null,"key":"enableCopyLinkLBL","value":"Näytä linkin kopiointitoiminto"},{"id":null,"key":"enableHistoryNavDOC","value":"Näytä tehtävien tarkasteluohjelmassa siirtymispolku nykyiselle sivulle."},{"id":null,"key":"enableHistoryNavLBL","value":"Näytä paikallistamistoimintoketju"},{"id":null,"key":"enableInstanceDetailsDOC","value":"Näytä ylivuotovalikossa näkymän ilmentymätoiminto."},{"id":null,"key":"enableInstanceDetailsLBL","value":"Näytä näkymän ilmentymä"},{"id":null,"key":"enableSavedSearchEditingDOC","value":"Ota käyttöön tallennettujen hakujen luonti ja muokkaus."},{"id":null,"key":"enableSavedSearchEditingLBL","value":"Ota käyttöön tallennetut haut"},{"id":null,"key":"enableTaskDetailsDOC","value":"Ota käyttöön tehtävien avausmahdollisuus."},{"id":null,"key":"enableTaskDetailsLBL","value":"Ota käyttöön tehtävien käynnistys"},{"id":null,"key":"enterDecimalLBL","value":"Anna desimaaliluku..."},{"id":null,"key":"enterNumberLBL","value":"Anna numero..."},{"id":null,"key":"eventONNavigationButtonClickedDOC","value":"Siirtymiskohdetta napsautettaessa -tapahtuma"},{"id":null,"key":"eventONNavigationButtonClickedLBL","value":"Siirtymiskohdetta napsautettaessa"},{"id":null,"key":"eventONPageSizeChangedDOC","value":"Liipaistaan, kun sivukohtainen kohteiden määrä vaihtuu."},{"id":null,"key":"eventONPageSizeChangedLBL","value":"Sivukohtaisten kohteiden vaihdossa"},{"id":null,"key":"eventONPageSwitchedDOC","value":"Liipaistaan, kun sivunumero vaihtuu."},{"id":null,"key":"eventONPageSwitchedLBL","value":"Sivun vaihdossa"},{"id":null,"key":"eventOnCardBlurDOC","value":"Liipaistaan, kun kohdistus siirtyy pois kortista"},{"id":null,"key":"eventOnCardBlurLBL","value":"Kortin kohdistuksen poistuessa"},{"id":null,"key":"eventOnCardFocusDOC","value":"Liipaistaan, kun kohdistus siirtyy korttiin"},{"id":null,"key":"eventOnCardFocusLBL","value":"Kortin kohdistuksessa"},{"id":null,"key":"eventOnCaseLaunchedLBL","value":"Käynnistetty tapaus"},{"id":null,"key":"eventOnChangeDOC","value":"Muutettaessa-tapahtuma"},{"id":null,"key":"eventOnChangeLBL","value":"Muutettaessa"},{"id":null,"key":"eventOnExternalFetchDOC","value":"Metodi odottaa, että kutsutaan setTasks() uudella tehtäväluettelolla."},{"id":null,"key":"eventOnExternalFetchLBL","value":"Ulkoisessa noudossa"},{"id":null,"key":"eventOnFilterBtnClickedDOC","value":"Liipaistaan, kun suodatinpainiketta napsautetaan."},{"id":null,"key":"eventOnFilterBtnClickedLBL","value":"Suodatuspainiketta napsautettaessa"},{"id":null,"key":"eventOnHideDOC","value":"Piilotettaessa-tapahtuma"},{"id":null,"key":"eventOnHideLBL","value":"Piilotettaessa"},{"id":null,"key":"eventOnInstanceLaunchedLBL","value":"Ilmentymän käynnistyessä"},{"id":null,"key":"eventOnInstanceUIActionDOC","value":"Ilmentymän käyttöliittymätoiminnon tapahtuma"},{"id":null,"key":"eventOnInstanceUIActionLBL","value":"Ilmentymän käyttöliittymätoiminto"},{"id":null,"key":"eventOnInstanceUIActivitySelectedDOC","value":"Ilmentymän käyttöliittymän aktiviteetti valittu -tapahtuma"},{"id":null,"key":"eventOnInstanceUIActivitySelectedLBL","value":"Ilmentymän käyttöliittymän aktiviteetti valittu"},{"id":null,"key":"eventOnInstanceUIClosedDOC","value":"Ilmentymän sulkeutuessa -tapahtuma"},{"id":null,"key":"eventOnInstanceUIClosedLBL","value":"Ilmentymän sulkeutuessa"},{"id":null,"key":"eventOnInstanceUICommentPostDOC","value":"Ilmentymän käyttöliittymän kommentin lisäystapahtuma"},{"id":null,"key":"eventOnInstanceUICommentPostLBL","value":"Ilmentymän käyttöliittymän kommentin lisäys"},{"id":null,"key":"eventOnInstanceUILaunchedDOC","value":"Ilmentymän käyttöliittymän käynnistyessä -tapahtuma"},{"id":null,"key":"eventOnInstanceUILaunchedLBL","value":"Ilmentymän käyttöliittymän käynnistyessä"},{"id":null,"key":"eventOnInstanceUITabChangeDOC","value":"Ilmentymän käyttöliittymän välilehden muuttotapahtuma"},{"id":null,"key":"eventOnInstanceUITabChangeLBL","value":"Ilmentymän käyttöliittymän välilehden muutto"},{"id":null,"key":"eventOnLoadDOC","value":"Ladattaessa-tapahtuma"},{"id":null,"key":"eventOnLoadLBL","value":"Ladattaessa"},{"id":null,"key":"eventOnProcessLaunched","value":"Prosessissa käynnistetty -tapahtuma"},{"id":null,"key":"eventOnRefreshDOC","value":"Päivityksen yhteydessä -tapahtuma"},{"id":null,"key":"eventOnRefreshLBL","value":"Päivityksen yhteydessä"},{"id":null,"key":"eventOnSearchLaunched","value":"Hakua aloitettaessa"},{"id":null,"key":"eventOnServiceClosedDOC","value":"Palvelua suljettaessa -tapahtuma"},{"id":null,"key":"eventOnServiceClosedLBL","value":"Palvelua suljettaessa"},{"id":null,"key":"eventOnServiceLaunched","value":"Palvelussa käynnistetty -tapahtuma"},{"id":null,"key":"eventOnServiceOpenedDOC","value":"Palvelua avattaessa -tapahtuma"},{"id":null,"key":"eventOnServiceOpenedLBL","value":"Palvelua avattaessa"},{"id":null,"key":"eventOnShowDOC","value":"Näytettäessä-tapahtuma"},{"id":null,"key":"eventOnShowLBL","value":"Näytettäessä"},{"id":null,"key":"eventOnTaskActionDOC","value":"Tehtävätoiminnon yhteydessä -tapahtuma"},{"id":null,"key":"eventOnTaskActionLBL","value":"Tehtävätoiminnon yhteydessä"},{"id":null,"key":"eventOnTaskClosedDOC","value":"Tehtävää suljettaessa -tapahtuma"},{"id":null,"key":"eventOnTaskClosedLBL","value":"Tehtävää suljettaessa"},{"id":null,"key":"eventOnTaskLaunchedDOC","value":"Tehtävää aloitettaessa -tapahtuma"},{"id":null,"key":"eventOnTaskLaunchedLBL","value":"Tehtävää aloitettaessa"},{"id":null,"key":"eventOnTaskOpenedDOC","value":"Tehtävää avattaessa -tapahtuma"},{"id":null,"key":"eventOnTaskOpenedLBL","value":"Tehtävää avattaessa"},{"id":null,"key":"eventOnVisibilityChangeDOC","value":"Näkyvyydessä-tapahtuma"},{"id":null,"key":"eventOnVisibilityChangeLBL","value":"Näkyvyyden muutoksessa"},{"id":null,"key":"filterByProjectDOC","value":"Anna sen projektin nimi, jonka perusteella ilmentymäluettelo suodatetaan sisältämään vain kyseisen projektin ilmentymät."},{"id":null,"key":"filterByProjectLBL","value":"Suodata projektin mukaan"},{"id":null,"key":"generalTaskSortingDOC","value":"Valitse sidonta, jos haluat määrittää tehtäväluettelolle pysyvän lajittelun."},{"id":null,"key":"hideActionsMenuDOC","value":"Poista käytöstä valikko, joka tuo käyttöön muita tehtävän toimintoja."},{"id":null,"key":"hideActionsMenuLBL","value":"Poista käytöstä toimintovalikko"},{"id":null,"key":"hideCase","value":"Piilota asiat"},{"id":null,"key":"hideProcess","value":"Piilota prosessit"},{"id":null,"key":"hideSearchBarDOC","value":"Piilota hakupalkki"},{"id":null,"key":"hideSearchBarLBL","value":"Piilota hakupalkki"},{"id":null,"key":"hideService","value":"Piilota aloitettavat palvelut"},{"id":null,"key":"hideStatusColumnDOC","value":"Piilota luettelon tilasarake."},{"id":null,"key":"hideStatusColumnLBL","value":"Piilota tilasarake"},{"id":null,"key":"instanceCaseModeDOC","value":"Näytä vain tapaukseen liittyvät haut"},{"id":null,"key":"instanceCaseModeLBL","value":"Tapauksen tila"},{"id":null,"key":"instanceDOC","value":"Ilmentymän tiedot"},{"id":null,"key":"instanceFiltersDOC","value":"Valitse sidonta, joka säilyttää suodattimet ilmentymäluettelossa."},{"id":null,"key":"instanceFiltersLBL","value":"Määritä pysyvät suodattimet"},{"id":null,"key":"instanceIdDOC","value":"Liiketoimintaprosessin määritysilmentymän tunnus. Tämä asetus ohittaa Prosessitunnus-asetuksen."},{"id":null,"key":"instanceIdLBL","value":"Prosessi-ilmentymän tunnus"},{"id":null,"key":"instanceLBL","value":"Ilmentymä"},{"id":null,"key":"instanceListColumnWidthDOC","value":"Valitse sidonta, joka säilyttää sarakkeiden leveydet ilmentymäluettelossa."},{"id":null,"key":"instanceListColumnWidthLBL","value":"Määritä pysyvät sarakkeiden leveydet"},{"id":null,"key":"instanceModeDOC","value":"Näytä vain ilmentymään liittyvät haut"},{"id":null,"key":"instanceModeLBL","value":"Ilmentymän tila"},{"id":null,"key":"instancesColumnsDOC","value":"Määritä ilmentymäluettelossa näytettävät sarakkeet."},{"id":null,"key":"instancesColumnsLBL","value":"Mukauta ilmentymän sarakkeita"},{"id":null,"key":"instancesEnableInstanceDetailsDOC","value":"Ota käyttöön mahdollisuus avata työnkulkuesiintymä."},{"id":null,"key":"instancesEnableInstanceDetailsLBL","value":"Ota käyttöön ilmentymän käynnistäminen"},{"id":null,"key":"instancesPerPageDOC","value":"Määritä sivulla näytettävien ilmentymien määrä."},{"id":null,"key":"instancesPerPageLBL","value":"Määritä ilmentymät sivulla"},{"id":null,"key":"instancesSortDOC","value":"Valitse sidonta, jos haluat määrittää ilmentymäluettelolle pysyvän lajittelun."},{"id":null,"key":"instancesSortLBL","value":"Määritä ilmentymien pysyvä lajittelu"},{"id":null,"key":"isTaskFilterServiceEnabledDOC","value":"Aktivoi älykäs tehtävien priorisointi, joka lajittelee luettelon ja sijoittaa parhaat käsiteltävät tehtävät luettelon alkuun."},{"id":null,"key":"isTaskFilterServiceEnabledLBL","value":"Ota käyttöön tehtävien priorisointi"},{"id":null,"key":"itemLengthDOC","value":"Syöteluettelon pituus."},{"id":null,"key":"itemLengthLBL","value":"Kohteen pituus"},{"id":null,"key":"itemPerPageDOC","value":"Kohteiden määrä sivulla."},{"id":null,"key":"itemPerPageLBL","value":"Sivua kohti"},{"id":null,"key":"localizationServiceDOC","value":"Määritä palvelu, jota käytetään tässä Coach-näkymässä käytettävien lokalisoitujen merkkijonojen noudossa."},{"id":null,"key":"localizationServiceLBL","value":"Lokalisointipalvelu"},{"id":null,"key":"mandatoryColumnsDOC","value":"Pakollisten sarakkeiden luettelo"},{"id":null,"key":"mandatoryColumnsLBL","value":"Pakolliset sarakkeet"},{"id":null,"key":"maximumSearchSizeDOC","value":"Määritä haun palauttamien tehtävien enimmäismäärä."},{"id":null,"key":"maximumSearchSizeLBL","value":"Määritä haun enimmäisraja"},{"id":null,"key":"numberOfTaskOptionDOC","value":"Käytettävissä olevien tehtävävaihtoehtojen numeroiden luettelo"},{"id":null,"key":"numberOfTaskOptionLBL","value":"Tehtäväluettelon numero"},{"id":null,"key":"openCaseInNewWindowDOC","value":"Avaa tapaus uudessa ikkunassa."},{"id":null,"key":"openCaseInNewWindowLBL","value":"Avaa tapaus uudessa ikkunassa"},{"id":null,"key":"openInstanceInNewWindowDOC","value":"Avaa ilmentymä uudessa ikkunassa."},{"id":null,"key":"openInstanceInNewWindowLBL","value":"Avaa ilmentymä uudessa ikkunassa"},{"id":null,"key":"openTaskInNewTabDOC","value":"Avaa tehtävä uudessa ikkunassa."},{"id":null,"key":"openTaskInNewTabLBL","value":"Avaa tehtävä uudessa ikkunassa"},{"id":null,"key":"placeholderDOC","value":"Syötekenttien paikkamerkki"},{"id":null,"key":"placeholderLBL","value":"Paikkamerkki"},{"id":null,"key":"processAppAcroDOC","value":"Kirjoita sovelluksen lyhenne, jonka perusteella luettelo suodatetaan sisältämään vain kyseisen sovelluksen tehtävät."},{"id":null,"key":"processAppAcroLBL","value":"Suodata sovelluksen perusteella"},{"id":null,"key":"processIdDOC","value":"Näytettävän prosessikaavion liiketoimintaprosessin määritystunnus. Tilannevedoksen tunnus, haaran tunnus tai projektin tunnus vaaditaan."},{"id":null,"key":"processIdLBL","value":"Prosessitunnus"},{"id":null,"key":"processModeDOC","value":"Optimoi näkymä prosessitietojen katselua varten"},{"id":null,"key":"processModeLBL","value":"Optimoi prosesseja varten"},{"id":null,"key":"projectIdDOC","value":"Tietyn prosessin projektin tunnus (alkaa numerosarjalla 2066.xxx)."},{"id":null,"key":"projectIdLBL","value":"Projektin tunnus"},{"id":null,"key":"projectedPathDOC","value":"Korostettavalla suunnitelulla polulla olevien aktiviteettien tunnusten luettelo. Aktiviteetit on määritettävä virran mukaisessa järjestyksessä. Tämä on käytettävissä vain, jos Prosessi-ilmentymän tunnus -asetus on käytössä."},{"id":null,"key":"projectedPathLBL","value":"Suunniteltu polku"},{"id":null,"key":"recentInstanceSearchesDOC","value":"Valitse sidonta, joka säilyttää viimeksi käytetyt haut hakupalkissa."},{"id":null,"key":"recentInstanceSearchesLBL","value":"Määritä pysyvät haut"},{"id":null,"key":"recentTaskSearchesDOC","value":"Valitse sidonta, joka säilyttää viimeksi käytetyt haut hakupalkissa."},{"id":null,"key":"recentTaskSearchesLBL","value":"Määritä pysyvät haut"},{"id":null,"key":"recentWorkstreamLimit","value":"Montako työtietovirtaa haluat näyttää luettelossa"},{"id":null,"key":"removeFilterLBL","value":"Poista suodatin"},{"id":null,"key":"requiredOwnershipCheckDOC","value":"Tarkista, onko nykyisellä käyttäjällä valtuudet avata tehtävä."},{"id":null,"key":"requiredOwnershipCheckLBL","value":"Tarkista tehtävän omistajuus"},{"id":null,"key":"responsiveModeDOC","value":"Valitse tehtäväluettelon katselussa käytettävä näytön koko."},{"id":null,"key":"responsiveModeLBL","value":"Määritä responsiivinen tila"},{"id":null,"key":"riskStateDOC","value":"Määritä valittuun aktiviteetin tilaan, kun aktiviteettitiivistelmät tuodaan näkyviin. Kelvolliset arvot ovat OnTrack, AtRisk ja Overdue."},{"id":null,"key":"riskStateLBL","value":"Vaaran tila"},{"id":null,"key":"savedSearchInstanceFilterDOC","value":"Näytä vain ilmentymään liittyvät suodattimet."},{"id":null,"key":"savedSearchInstanceFilterLBL","value":"Ilmentymäsuodatin"},{"id":null,"key":"savedSearchInstanceModeDOC","value":"Näytä vain ilmentymään liittyvät suodattimet ja sarakkeet."},{"id":null,"key":"savedSearchInstanceModeLBL","value":"Ilmentymän tila"},{"id":null,"key":"savedSearchNameDOC","value":"Valitse sidonta, joka säilyttää tallennetut haut tehtäväluettelossa"},{"id":null,"key":"savedSearchNameLBL","value":"Määritä pysyvät tallennetut haut"},{"id":null,"key":"scopeDOC","value":"Näytä hakusuodatin vaikutusalueen suodattimena."},{"id":null,"key":"scopeLBL","value":"Näytä vaikutusalueen suodattimena"},{"id":null,"key":"selectDateLBL","value":"Valitse päivämäärä..."},{"id":null,"key":"selectValueLBL","value":"Valitse arvo"},{"id":null,"key":"showActivitySummariesDOC","value":"Määrittää, näytetäänkö aktiviteettitiivistelmät. Tämä on käytettävissä vain, jos Prosessitunnus-asetus on käytössä."},{"id":null,"key":"showActivitySummariesLBL","value":"Näytä aktiviteettitiivistelmät"},{"id":null,"key":"showAllStatsDOC","value":"Näytä kaikki tilastoarvot, myös nolla-arvot"},{"id":null,"key":"showAllStatsLBL","value":"Näytä kaikki arvot"},{"id":null,"key":"showInstanceRefreshDOC","value":"Näytä päivityspainike, jonka avulla voit manuaalisesti päivittää ilmentymäluettelon, jos ilmoituspalvelin ei ole käytettävissä."},{"id":null,"key":"showOnTaskClosedDOC","value":"Näytä tehtävien tarkasteluohjelma, kun tehtävä suljetaan."},{"id":null,"key":"showOnTaskClosedLBL","value":"Näytä, kun tehtävä suljetaan"},{"id":null,"key":"showPageSizerDOC","value":"Näytä sivukoon valitsin."},{"id":null,"key":"showPageSizerLBL","value":"Näytä sivukoon valitsin"},{"id":null,"key":"showPagerStatsDOC","value":"Näytä sivun tilastotiedot."},{"id":null,"key":"showPagerStatsLBL","value":"Näytä sivun tilastotiedot"},{"id":null,"key":"showRefreshLBL","value":"Näytä päivityspainike"},{"id":null,"key":"showSavedSearchesDOC","value":"Näytä tallennettujen hakujen avattava luettelo."},{"id":null,"key":"showSavedSearchesLBL","value":"Näytä tallennetut haut"},{"id":null,"key":"showSearchFilterDOC","value":"Näytä hakusuodatinpainike."},{"id":null,"key":"showSearchFilterLBL","value":"Näytä hakusuodatin"},{"id":null,"key":"showSortByArrowDOC","value":"Näytä valitsin, jonka avulla tehtäväluettelo lajitellaan nousevaan tai laskevaan järjestykseen tai oletusjärjestykseen."},{"id":null,"key":"showSortByArrowLBL","value":"Näytä sarakelajittelun valitsin"},{"id":null,"key":"showStatsDOC","value":"Näytä yhteenveto tehtävän tilastotiedoista."},{"id":null,"key":"showStatsLBL","value":"Näytä tilastotiedot"},{"id":null,"key":"showTaskRefreshDOC","value":"Näytä päivityspainike, jonka avulla voit manuaalisesti päivittää tehtäväluettelon, jos ilmoituspalvelin ei ole käytettävissä."},{"id":null,"key":"showTotalOnlyDOC","value":"Näytä vain tehtävien kokonaismäärä"},{"id":null,"key":"showTotalOnlyLBL","value":"Näytä vain kokonaismäärä"},{"id":null,"key":"skipClaimForTasksDOC","value":"Älä näytä tehtävän vastuulleoton modaali-ikkunaa. Tehtävä otetaan avattaessa automaattisesti vastuulle."},{"id":null,"key":"skipClaimForTasksLBL","value":"Poista käytöstä tehtävien vastuulleotto"},{"id":null,"key":"skipNavDOC","value":"Älä näytä valintaikkunaa, kun Case Client -ohjelma avautuu uudessa ikkunassa."},{"id":null,"key":"skipNavLBL","value":"Ohita vahvistusikkuna"},{"id":null,"key":"snapshotIdDOC","value":"Tietyn prosessin tilannevedoksen tunnus (alkaa numerosarjalla 2064.xxx)."},{"id":null,"key":"snapshotIdLBL","value":"Tilannevedoksen tunnus"},{"id":null,"key":"sortByDOC","value":"Määritä sarake, jonka perusteella luettelo on aluksi lajiteltu."},{"id":null,"key":"sortByLBL","value":"Lajittele sarakkeen mukaan"},{"id":null,"key":"stepIdDOC","value":"Määritä valittuun aktiviteetin vaiheeseen, kun aktiviteettitiivistelmät tuodaan näkyviin."},{"id":null,"key":"stepIdLBL","value":"Vaiheen tunnus"},{"id":null,"key":"systemColumnsDOC","value":"Mahdollisten sisäisten sarakkeiden luettelo"},{"id":null,"key":"systemColumnsLBL","value":"Sisäiset sarakkeet"},{"id":null,"key":"systemDataDOC","value":"Määritä tehtävien tarkasteluohjelmassa näytettävät järjestelmätiedot."},{"id":null,"key":"systemDataLBL","value":"Mukauta järjestelmätietoja"},{"id":null,"key":"taskActionsDOC","value":"Määritä tehtävässä suoritettavien toimintojen luettelo."},{"id":null,"key":"taskActionsLBL","value":"Määritä tehtävätoiminnot"},{"id":null,"key":"taskDOC","value":"Määritä tehtävien tarkasteluohjelmassa näytettävä tehtävä."},{"id":null,"key":"taskFiltersDOC","value":"Valitse sidonta, joka säilyttää suodattimet tehtäväluettelossa."},{"id":null,"key":"taskFiltersLBL","value":"Määritä pysyvät suodattimet"},{"id":null,"key":"taskLBL","value":"Määritä tehtävä"},{"id":null,"key":"taskLaunchEventDOC","value":"Anna tehtävää avattaessa käynnistettävän tapahtuman nimi."},{"id":null,"key":"taskLaunchEventLBL","value":"Määritä tehtävien käynnistystapahtuma"},{"id":null,"key":"taskListColumnWidthDOC","value":"Valitse sidonta, joka säilyttää sarakkeiden leveydet tehtäväluettelossa."},{"id":null,"key":"taskListColumnWidthLBL","value":"Määritä pysyvien sarakkeiden leveydet"},{"id":null,"key":"taskListEnableInstanceDetailsDOC","value":"Ota käyttöön mahdollisuus avata tehtäväilmentymä."},{"id":null,"key":"taskListFavoritesLBL","value":"Suosikit"},{"id":null,"key":"taskListTaskSortingDOC","value":"Valitse sidonta, jos haluat määrittää tehtäväluettelolle pysyvän lajittelun."},{"id":null,"key":"taskListTaskSortingLBL","value":"Määritä pysyvä lajittelu"},{"id":null,"key":"tasksColumnsDOC","value":"Määritä tehtäväluettelossa näytettävät sarakkeet."},{"id":null,"key":"tasksColumnsLBL","value":"Mukauta sarakkeet"},{"id":null,"key":"tasksDOC","value":"Näytettävien tehtävien luettelo"},{"id":null,"key":"tasksLBL","value":"Tehtävät"},{"id":null,"key":"tasksPerBlockDOC","value":"Kussakin lohkossa näytettävien tehtävien määrä"},{"id":null,"key":"tasksPerBlockLBL","value":"Tehtäviä lohkossa"},{"id":null,"key":"tasksPerPageDOC","value":"Anna kullakin sivulla näytettävien tehtävien määrä."},{"id":null,"key":"tasksPerPageLBL","value":"Määritä tehtävät sivulla"},{"id":null,"key":"teamsDOC","value":"Työryhmätiivistelmien luettelo"},{"id":null,"key":"teamsLBL","value":"Työryhmät"},{"id":null,"key":"titleDOC","value":"Otsikkorivillä näytettävä otsikkomerkkijono"},{"id":null,"key":"titleLBL","value":"Otsikkomerkkijono"},{"id":null,"key":"traversedPathDOC","value":"Korostettavien linkkien tunnusten luettelo läpikäyntipolun näyttämistä varten. Tämä on käytettävissä vain, jos Prosessi-ilmentymän tunnus -asetus on käytössä."},{"id":null,"key":"traversedPathLBL","value":"Läpikäyntipolku"},{"id":null,"key":"typeHereLBL","value":"Kirjoita tähän..."},{"id":null,"key":"useEventTriggeringFetchActionDOC","value":"Delegoi tehtävien noutopyyntö tapahtumalle."},{"id":null,"key":"useEventTriggeringFetchActionLBL","value":"Käytä tapahtumaa tehtävien noutoon"},{"id":null,"key":"workflowsLBL","value":"Käsittelyreitit"},{"id":null,"key":"workplaceConfigDOC","value":"Määrittää työtilan toiminnan"},{"id":null,"key":"workplaceConfigLBL","value":"Työtilan määritys"},{"id":null,"key":"workplaceUserSettingsDOC","value":"Sidonta, joka säilyttää käyttäjäasetukset, jotka otetaan käyttöön käyttäjän kirjautuessa sisään uudelleen"},{"id":null,"key":"workplaceUserSettingsLBL","value":"Työtilan käyttäjän asetukset"},{"id":null,"key":"zoomFactorDOC","value":"Prosessikaavion zoomaustason kelvolliset arvot ovat 1 - 10."},{"id":null,"key":"zoomFactorLBL","value":"Zoomaustaso"}]}