{"id":"50.c4d6cc83-a000-4ae2-b2f5-d35d89f9c6ba/2064.7814960a-7cfe-424d-92b5-d9ce2fbce18c","localeLanguage":"sk","localeCountry":"","localeVariant":"","localeDisplayName":"WPT","resourceBundleKey":[{"id":null,"key":"HistoryLBL","value":"História"},{"id":null,"key":"activitiesDOC","value":"Zoznam aktivít"},{"id":null,"key":"activitiesLBL","value":"Aktivity"},{"id":null,"key":"activitySummariesDOC","value":"Zoznam súhrnov aktivít na zobrazenie. Používa sa, iba ak je použitá voľba ID procesu."},{"id":null,"key":"activitySummariesLBL","value":"Súhrny aktivít"},{"id":null,"key":"addFilterLBL","value":"Pridať filter"},{"id":null,"key":"alwaysShowDOC","value":"Vždy zobraziť"},{"id":null,"key":"alwaysShowLBL","value":"Vždy zobraziť"},{"id":null,"key":"availableActionsDOC","value":"Zoznam dostupných akcií, ktoré povolí graf procesu. Sú založené na autorizáciách aktuálneho používateľa, keď sa použije v riadiacom paneli."},{"id":null,"key":"availableActionsLBL","value":"Dostupné akcie"},{"id":null,"key":"blocksShowingOnloadDOC","value":"Počet blokov, ktoré sa majú zobraziť po načítaní."},{"id":null,"key":"blocksShowingOnloadLBL","value":"Bloky zobrazené po načítaní"},{"id":null,"key":"branchIdDOC","value":"ID vetvy pre konkrétny proces (začína s 2063.xxx)."},{"id":null,"key":"branchIdLBL","value":"ID vetvy"},{"id":null,"key":"brandDOC","value":"Názov značky, ktorý sa má zobraziť v záhlaví okna"},{"id":null,"key":"brandLBL","value":"Názov značky"},{"id":null,"key":"businessColumnsDOC","value":"Zoznam možných podnikových stĺpcov"},{"id":null,"key":"businessColumnsLBL","value":"Podnikové stĺpce"},{"id":null,"key":"caseFilterByProjectDOC","value":"Zadajte názov projektu, aby sa v zozname prípadov zobrazili len inštancie týkajúce sa daného projektu."},{"id":null,"key":"caseFilterByProjectLBL","value":"Filtrovať podľa projektu"},{"id":null,"key":"caseFiltersDOC","value":"Vyberte väzbu na uchovanie filtrov v zozname prípadov."},{"id":null,"key":"caseFiltersLBL","value":"Nastaviť trvalé filtre prípadu"},{"id":null,"key":"caseInstanceFiltersDOC","value":"Vyberte väzbu na uchovanie filtrov v zozname inštancií prípadu."},{"id":null,"key":"caseInstanceFiltersLBL","value":"Nastaviť trvalé filtre inštancií prípadu"},{"id":null,"key":"caseInstancesColumnsDOC","value":"Určte stĺpce, ktoré sa majú zobraziť v zozname inštancií prípadu."},{"id":null,"key":"caseInstancesColumnsLBL","value":"Prispôsobiť stĺpce inštancie prípadu"},{"id":null,"key":"caseInstancesSortDOC","value":"Vyberte väzbu na zachovanie zoradenia zoznamu inštancií prípadu."},{"id":null,"key":"caseInstancesSortLBL","value":"Nastaviť trvalé zoradenie inštancií prípadu"},{"id":null,"key":"caseListColumnWidthDOC","value":"Vyberte väzbu na uchovanie šírky stĺpcov v zozname prípadov."},{"id":null,"key":"caseListColumnWidthLBL","value":"Nastaviť trvalé šírky stĺpcov"},{"id":null,"key":"caseScopeDOC","value":"Vyberte, ktoré inštancie prípadu sa majú zahrnúť do vášho zoznamu (všetky inštancie, na ktorých zobrazenie máte oprávnenie, alebo iba inštancie, ktoré sú priamo priradené vám)."},{"id":null,"key":"caseScopeLBL","value":"Rozsah prípadu"},{"id":null,"key":"casesColumnsDOC","value":"Určte stĺpce, ktoré sa majú zobraziť v zozname prípadov."},{"id":null,"key":"casesColumnsLBL","value":"Prispôsobiť stĺpce prípadu"},{"id":null,"key":"casesEnableCaseDetailsDOC","value":"Povoliť možnosť otvoriť prípad pracovného toku."},{"id":null,"key":"casesEnableCaseDetailsLBL","value":"Povoliť spustenie prípadu"},{"id":null,"key":"casesLBL","value":"Prípady"},{"id":null,"key":"casesPerPageDOC","value":"Zadajte počet prípadov, ktoré sa majú zobraziť na jednej stránke."},{"id":null,"key":"casesPerPageLBL","value":"Nastaviť počet prípadov na stránku"},{"id":null,"key":"casesSortDOC","value":"Vyberte väzbu na uchovanie zoradenia zoznamu prípadov."},{"id":null,"key":"casesSortLBL","value":"Nastaviť trvalé zoradenie prípadov"},{"id":null,"key":"clearFilterLBL","value":"Zrušiť filter"},{"id":null,"key":"customPathDOC","value":"Zoznam ProjectedPathLinkChange pre vytvorenú vlastnú cestu. Používa sa, iba ak je použitá voľba ID inštancie procesu."},{"id":null,"key":"customPathLBL","value":"Vlastná cesta"},{"id":null,"key":"disableActionsDOC","value":"Akcie, ktoré sa majú deaktivovať"},{"id":null,"key":"disableActionsLBL","value":"Deaktivovať akcie"},{"id":null,"key":"disableCompleteTasksDOC","value":"Zabrániť používateľom otvárať dokončené úlohy."},{"id":null,"key":"disableCompleteTasksLBL","value":"Zakázať otvorenie dokončených úloh"},{"id":null,"key":"disableFilterEventsDOC","value":"Deaktivovať automatické obnovenie zoznamu pri aktualizácii filtrov."},{"id":null,"key":"disableFilterEventsLBL","value":"Deaktivovať automatické obnovenie"},{"id":null,"key":"disableFulltextSearchDOC","value":"Deaktivovať schopnosť celotextového vyhľadávania v paneli vyhľadávania"},{"id":null,"key":"disableFulltextSearchLBL","value":"Deaktivovať celotextové vyhľadávanie"},{"id":null,"key":"disableLeftClickActivityDetailsDOC","value":"Zakáže kontextové okno Podrobnosti o aktivite, ktoré sa zobrazí pri kliknutí na uzol."},{"id":null,"key":"disableLeftClickActivityDetailsLBL","value":"Zakázať podrobnosti o aktivite pri kliknutí ľavým tlačidlom"},{"id":null,"key":"disableRetrieveServicesDOC","value":"Deaktivovať služby načítania (ako sú správa tímu a vytvorenie tokov úloh) v ponuke akcií."},{"id":null,"key":"disableRetrieveServicesLBL","value":"Deaktivovať služby načítania"},{"id":null,"key":"disableRightClickMenusDOC","value":"Zakáže kontextové okno Kontextová ponuka, ktoré sa zobrazí pri kliknutí pravým tlačidlom myši na uzol."},{"id":null,"key":"disableRightClickMenusLBL","value":"Zakázať kontextové okno pri kliknutí pravým tlačidlom myši"},{"id":null,"key":"documentsLBL","value":"Dokumenty"},{"id":null,"key":"embededViewDOC","value":"Skryje tlačidlo Zatvoriť pre vloženie iného zobrazenia."},{"id":null,"key":"embededViewLBL","value":"Vložené zobrazenie"},{"id":null,"key":"enableAddWorkflowDOC","value":"Zobraziť tlačidlo Spustiť pracovný tok."},{"id":null,"key":"enableAddWorkflowLBL","value":"Zobraziť tlačidlo na spustenie pracovného toku"},{"id":null,"key":"enableBatchModifyDOC","value":"Povoliť súbežnú úpravu viacerých vybratých úloh."},{"id":null,"key":"enableBatchModifyLBL","value":"Povoliť hromadnú úpravu"},{"id":null,"key":"enableCopyLinkDOC","value":"Zobraziť akciu Skopírovať odkaz v kontextovej ponuke."},{"id":null,"key":"enableCopyLinkLBL","value":"Zobraziť akciu Skopírovať odkaz"},{"id":null,"key":"enableHistoryNavDOC","value":"Zobraziť navigačnú cestu na aktuálnu stránku v prezerači úloh."},{"id":null,"key":"enableHistoryNavLBL","value":"Zobraziť stopu navigácie"},{"id":null,"key":"enableInstanceDetailsDOC","value":"Zobraziť akciu Zobraziť inštanciu v kontextovej ponuke."},{"id":null,"key":"enableInstanceDetailsLBL","value":"Zobraziť možnosť Zobraziť inštanciu"},{"id":null,"key":"enableSavedSearchEditingDOC","value":"Povoliť vytváranie a úpravu uložených vyhľadávaní."},{"id":null,"key":"enableSavedSearchEditingLBL","value":"Povoliť uložené vyhľadávania"},{"id":null,"key":"enableTaskDetailsDOC","value":"Povoliť schopnosť otvoriť úlohu."},{"id":null,"key":"enableTaskDetailsLBL","value":"Povoliť spustenie úlohy"},{"id":null,"key":"enterDecimalLBL","value":"Zadajte desatinné číslo..."},{"id":null,"key":"enterNumberLBL","value":"Zadajte číslo..."},{"id":null,"key":"eventONNavigationButtonClickedDOC","value":"Pri udalosti kliknutia na navigačnú položku"},{"id":null,"key":"eventONNavigationButtonClickedLBL","value":"Pri kliknutí na navigačnú položku"},{"id":null,"key":"eventONPageSizeChangedDOC","value":"Aktivuje sa, keď sa zmení počet položiek na strane."},{"id":null,"key":"eventONPageSizeChangedLBL","value":"Pri zmene položiek na strane"},{"id":null,"key":"eventONPageSwitchedDOC","value":"Aktivuje sa pri zmene čísla strany."},{"id":null,"key":"eventONPageSwitchedLBL","value":"Pri zmene strany"},{"id":null,"key":"eventOnCardBlurDOC","value":"Spustí sa, keď používateľ klikne mimo karty."},{"id":null,"key":"eventOnCardBlurLBL","value":"Pri opustení karty"},{"id":null,"key":"eventOnCardFocusDOC","value":"Spustí sa, keď sa karta aktivuje."},{"id":null,"key":"eventOnCardFocusLBL","value":"Pri aktivovaní karty"},{"id":null,"key":"eventOnCaseLaunchedLBL","value":"Pri spustení prípadu"},{"id":null,"key":"eventOnChangeDOC","value":"Pri udalosti zmeny"},{"id":null,"key":"eventOnChangeLBL","value":"Pri zmene"},{"id":null,"key":"eventOnExternalFetchDOC","value":"Metóda očakáva volanie funkcie setTasks() s novým zoznamom úloh."},{"id":null,"key":"eventOnExternalFetchLBL","value":"Pri externom načítaní"},{"id":null,"key":"eventOnFilterBtnClickedDOC","value":"Aktivuje pri po kliknutí na tlačidlo filtrovania."},{"id":null,"key":"eventOnFilterBtnClickedLBL","value":"Pri kliknutí na tlačidlo filtrovania"},{"id":null,"key":"eventOnHideDOC","value":"Pri udalosti skrytia"},{"id":null,"key":"eventOnHideLBL","value":"Pri skrytí"},{"id":null,"key":"eventOnInstanceLaunchedLBL","value":"Pri spustení inštancie"},{"id":null,"key":"eventOnInstanceUIActionDOC","value":"Pri udalosti akcie používateľského rozhrania inštancie"},{"id":null,"key":"eventOnInstanceUIActionLBL","value":"Pri akcii používateľského rozhrania inštancie"},{"id":null,"key":"eventOnInstanceUIActivitySelectedDOC","value":"Pri udalosti výberu aktivity v používateľskom rozhraní inštancie"},{"id":null,"key":"eventOnInstanceUIActivitySelectedLBL","value":"Pri výbere aktivity v používateľskom rozhraní inštancie"},{"id":null,"key":"eventOnInstanceUIClosedDOC","value":"Pri udalosti zatvorenia inštancie"},{"id":null,"key":"eventOnInstanceUIClosedLBL","value":"Pri zatvorení inštancie"},{"id":null,"key":"eventOnInstanceUICommentPostDOC","value":"Pri udalosti pridania komentára v používateľskom rozhraní inštancie"},{"id":null,"key":"eventOnInstanceUICommentPostLBL","value":"Pri pridaní komentára v používateľskom rozhraní inštancie"},{"id":null,"key":"eventOnInstanceUILaunchedDOC","value":"Pri udalosti spustenia používateľského rozhrania inštancie"},{"id":null,"key":"eventOnInstanceUILaunchedLBL","value":"Pri spustení UI inštancie"},{"id":null,"key":"eventOnInstanceUITabChangeDOC","value":"Pri udalosti zmeny karty v používateľskom rozhraní inštancie"},{"id":null,"key":"eventOnInstanceUITabChangeLBL","value":"Pri zmene karty v používateľskom rozhraní inštancie"},{"id":null,"key":"eventOnLoadDOC","value":"Pri udalosti načítania"},{"id":null,"key":"eventOnLoadLBL","value":"Pri načítaní"},{"id":null,"key":"eventOnProcessLaunched","value":"Pri udalosti spustenia procesu"},{"id":null,"key":"eventOnRefreshDOC","value":"Pri udalosti obnovenia"},{"id":null,"key":"eventOnRefreshLBL","value":"Pri obnovení"},{"id":null,"key":"eventOnSearchLaunched","value":"Pri vyhľadaní spustenej udalosti"},{"id":null,"key":"eventOnServiceClosedDOC","value":"Pri udalosti zatvorenia služby"},{"id":null,"key":"eventOnServiceClosedLBL","value":"Pri zatvorení služby"},{"id":null,"key":"eventOnServiceLaunched","value":"Pri udalosti spustenia služby"},{"id":null,"key":"eventOnServiceOpenedDOC","value":"Pri udalosti otvorenia služby"},{"id":null,"key":"eventOnServiceOpenedLBL","value":"Pri otvorení služby"},{"id":null,"key":"eventOnShowDOC","value":"Pri udalosti zobrazenia"},{"id":null,"key":"eventOnShowLBL","value":"Pri zobrazení"},{"id":null,"key":"eventOnTaskActionDOC","value":"Pri udalosti vykonania úkonu s úlohou"},{"id":null,"key":"eventOnTaskActionLBL","value":"Pri úkone s úlohou"},{"id":null,"key":"eventOnTaskClosedDOC","value":"Pri udalosti zatvorenia úlohy"},{"id":null,"key":"eventOnTaskClosedLBL","value":"Pri zatvorení úlohy"},{"id":null,"key":"eventOnTaskLaunchedDOC","value":"Pri udalosti spustenia úlohy"},{"id":null,"key":"eventOnTaskLaunchedLBL","value":"Pri spustení úlohy"},{"id":null,"key":"eventOnTaskOpenedDOC","value":"Pri udalosti otvorenia úlohy"},{"id":null,"key":"eventOnTaskOpenedLBL","value":"Pri otvorení úlohy"},{"id":null,"key":"eventOnVisibilityChangeDOC","value":"Pri udalosti viditeľnosti"},{"id":null,"key":"eventOnVisibilityChangeLBL","value":"Pri zmene viditeľnosti"},{"id":null,"key":"filterByProjectDOC","value":"Zadajte názov projektu na filtrovanie zoznamu inštancií. Zobrazia sa iba inštancie súvisiace s týmto projektom."},{"id":null,"key":"filterByProjectLBL","value":"Filtrovať podľa projektu"},{"id":null,"key":"generalTaskSortingDOC","value":"Vyberte väzbu na zachovanie zoradenia zoznamu."},{"id":null,"key":"hideActionsMenuDOC","value":"Deaktivovať ponuku, ktorá povoľuje prístup k viacerým akciám pre úlohu."},{"id":null,"key":"hideActionsMenuLBL","value":"Deaktivovať ponuku akcií"},{"id":null,"key":"hideCase","value":"Skryť prípady"},{"id":null,"key":"hideProcess","value":"Skryť procesy"},{"id":null,"key":"hideSearchBarDOC","value":"Určuje, či sa má skryť panel vyhľadávania."},{"id":null,"key":"hideSearchBarLBL","value":"Skryť panel vyhľadávania"},{"id":null,"key":"hideService","value":"Skryť služby, ktoré možno spustiť"},{"id":null,"key":"hideStatusColumnDOC","value":"Skryť stĺpec stavu v zozname."},{"id":null,"key":"hideStatusColumnLBL","value":"Skryť stĺpec stavu"},{"id":null,"key":"instanceCaseModeDOC","value":"Zobraziť iba vyhľadávania súvisiace s inštanciou prípadu"},{"id":null,"key":"instanceCaseModeLBL","value":"Režim prípadu"},{"id":null,"key":"instanceDOC","value":"Údaje inštancie"},{"id":null,"key":"instanceFiltersDOC","value":"Vyberte väzbu na zachovanie filtrov v zozname inštancií."},{"id":null,"key":"instanceFiltersLBL","value":"Nastaviť trvalé filtre"},{"id":null,"key":"instanceIdDOC","value":"ID inštancie definície podnikového procesu. Táto voľba má prednosť pred voľbou ID procesu."},{"id":null,"key":"instanceIdLBL","value":"ID inštancie procesu"},{"id":null,"key":"instanceLBL","value":"Inštancia"},{"id":null,"key":"instanceListColumnWidthDOC","value":"Vyberte väzbu na zachovanie šírok stĺpcov v zozname inštancií."},{"id":null,"key":"instanceListColumnWidthLBL","value":"Nastaviť trvalé šírky stĺpcov"},{"id":null,"key":"instanceModeDOC","value":"Zobraziť iba vyhľadávanie súvisiace s inštanciami."},{"id":null,"key":"instanceModeLBL","value":"Režim inštancie"},{"id":null,"key":"instancesColumnsDOC","value":"Vyberte stĺpce, ktoré sa majú zobraziť v zozname inštancií."},{"id":null,"key":"instancesColumnsLBL","value":"Prispôsobiť stĺpce inštancie"},{"id":null,"key":"instancesEnableInstanceDetailsDOC","value":"Povoliť schopnosť otvoriť inštanciu pracovného toku."},{"id":null,"key":"instancesEnableInstanceDetailsLBL","value":"Povoliť spustenie inštancie"},{"id":null,"key":"instancesPerPageDOC","value":"Zadajte počet inštancií, ktoré sa majú zobraziť na jednej strane."},{"id":null,"key":"instancesPerPageLBL","value":"Nastaviť počet inštancií na stranu"},{"id":null,"key":"instancesSortDOC","value":"Vyberte väzbu na zachovanie zoradenia zoznamu inštancií."},{"id":null,"key":"instancesSortLBL","value":"Nastaviť trvalé zoradenie inštancií"},{"id":null,"key":"isTaskFilterServiceEnabledDOC","value":"Aktivovať inteligentnú prioritizáciu úloh na zoradenie položiek v zozname. Najvhodnejšie ďalšie úlohy budú na začiatku zoznamu."},{"id":null,"key":"isTaskFilterServiceEnabledLBL","value":"Povoliť prioritizáciu úloh"},{"id":null,"key":"itemLengthDOC","value":"Dĺžka zoznamu vstupov."},{"id":null,"key":"itemLengthLBL","value":"Dĺžka položky"},{"id":null,"key":"itemPerPageDOC","value":"Počet položiek na stranu"},{"id":null,"key":"itemPerPageLBL","value":"Na stránku"},{"id":null,"key":"localizationServiceDOC","value":"Zadajte službu, ktorá sa používa na získavanie lokalizovaných reťazcov na použitie s týmto zobrazením Coach."},{"id":null,"key":"localizationServiceLBL","value":"Lokalizačná služba"},{"id":null,"key":"mandatoryColumnsDOC","value":"Zoznam povinných stĺpcov."},{"id":null,"key":"mandatoryColumnsLBL","value":"Povinné stĺpce"},{"id":null,"key":"maximumSearchSizeDOC","value":"Nastavte maximálny počet úloh, ktoré sa môžu vrátiť pre vyhľadávanie."},{"id":null,"key":"maximumSearchSizeLBL","value":"Nastaviť maximálny limit pre vyhľadávanie"},{"id":null,"key":"numberOfTaskOptionDOC","value":"Zoznam dostupných počtov možností úloh"},{"id":null,"key":"numberOfTaskOptionLBL","value":"Zoznam počtov úloh"},{"id":null,"key":"openCaseInNewWindowDOC","value":"Otvoriť prípad v novom okne."},{"id":null,"key":"openCaseInNewWindowLBL","value":"Otvoriť prípad v novom okne"},{"id":null,"key":"openInstanceInNewWindowDOC","value":"Inštancia sa otvorí v novom okne."},{"id":null,"key":"openInstanceInNewWindowLBL","value":"Otvoriť inštanciu v novom okne"},{"id":null,"key":"openTaskInNewTabDOC","value":"Úloha sa otvorí v novom okne."},{"id":null,"key":"openTaskInNewTabLBL","value":"Otvoriť úlohu v novom okne"},{"id":null,"key":"placeholderDOC","value":"Zástupný objekt pre vstupné polia"},{"id":null,"key":"placeholderLBL","value":"Zástupný objekt"},{"id":null,"key":"processAppAcroDOC","value":"Zadajte akronym aplikácie na filtrovanie zoznamu. Zobrazia sa iba úlohy súvisiace s touto aplikáciou."},{"id":null,"key":"processAppAcroLBL","value":"Filtrovať podľa aplikácie"},{"id":null,"key":"processIdDOC","value":"ID definície podnikového procesu grafu procesu na zobrazenie. Vyžaduje sa ID snímky, ID vetvy alebo ID projektu."},{"id":null,"key":"processIdLBL","value":"ID procesu"},{"id":null,"key":"processModeDOC","value":"Optimalizovať zobrazenie pre informácie o procesoch"},{"id":null,"key":"processModeLBL","value":"Optimalizovať pre procesy"},{"id":null,"key":"projectIdDOC","value":"ID projektu pre konkrétny proces (začína s 2066.xxx)."},{"id":null,"key":"projectIdLBL","value":"ID projektu"},{"id":null,"key":"projectedPathDOC","value":"Zoznam identifikátorov aktivity spolu s premietnutou cestou na zvýraznenie. Aktivity musia byť v poradí toku. Používa sa, iba ak je použitá voľba ID inštancie procesu."},{"id":null,"key":"projectedPathLBL","value":"Premietnutá cesta"},{"id":null,"key":"recentInstanceSearchesDOC","value":"Vyberte väzbu na zachovanie nedávnych vyhľadávaní v paneli vyhľadávania."},{"id":null,"key":"recentInstanceSearchesLBL","value":"Nastaviť trvalé vyhľadávania"},{"id":null,"key":"recentTaskSearchesDOC","value":"Vyberte väzbu na zachovanie nedávnych vyhľadávaní v paneli vyhľadávania."},{"id":null,"key":"recentTaskSearchesLBL","value":"Nastaviť trvalé vyhľadávania"},{"id":null,"key":"recentWorkstreamLimit","value":"Koľko tokov úloh sa má zobraziť pre zoznam"},{"id":null,"key":"removeFilterLBL","value":"Odstrániť filter"},{"id":null,"key":"requiredOwnershipCheckDOC","value":"Skontrolovať, či má aktuálny používateľ oprávnenie na otvorenie úlohy."},{"id":null,"key":"requiredOwnershipCheckLBL","value":"Skontrolovať vlastníctvo úlohy"},{"id":null,"key":"responsiveModeDOC","value":"Vyberte veľkosť obrazovky pre zobrazenie zoznamu úloh."},{"id":null,"key":"responsiveModeLBL","value":"Nastaviť responzívny režim"},{"id":null,"key":"riskStateDOC","value":"Nastavené na vybratý stav aktivity, keď sa zobrazujú súhrny aktivít. Platné stavy sú Podľa plánu, Ohrozené a Po termíne."},{"id":null,"key":"riskStateLBL","value":"Stav ohrozenia"},{"id":null,"key":"savedSearchInstanceFilterDOC","value":"Zobraziť iba filtre súvisiace s inštanciou."},{"id":null,"key":"savedSearchInstanceFilterLBL","value":"Filter inštancie"},{"id":null,"key":"savedSearchInstanceModeDOC","value":"Zobraziť iba filtre a stĺpce súvisiace s inštanciou."},{"id":null,"key":"savedSearchInstanceModeLBL","value":"Režim inštancie"},{"id":null,"key":"savedSearchNameDOC","value":"Vyberte väzbu na zachovanie uložených vyhľadávaní v zozname úloh."},{"id":null,"key":"savedSearchNameLBL","value":"Nastaviť trvalé uložené vyhľadávania"},{"id":null,"key":"scopeDOC","value":"Zobraziť filter vyhľadávania ako filter rozsahu."},{"id":null,"key":"scopeLBL","value":"Zobraziť filter rozsahu"},{"id":null,"key":"selectDateLBL","value":"Vyberte dátum..."},{"id":null,"key":"selectValueLBL","value":"Vyberte hodnotu"},{"id":null,"key":"showActivitySummariesDOC","value":"Riadi, či sa zobrazia súhrny aktivít. Používa sa, iba ak je použitá voľba ID procesu."},{"id":null,"key":"showActivitySummariesLBL","value":"Zobraziť súhrny aktivít"},{"id":null,"key":"showAllStatsDOC","value":"Zobraziť všetky štatistické hodnoty vrátane hodnôt null"},{"id":null,"key":"showAllStatsLBL","value":"Zobraziť všetky hodnoty"},{"id":null,"key":"showInstanceRefreshDOC","value":"Zobraziť tlačidlo Obnoviť, pomocou ktorého môžete manuálne obnoviť zoznam inštancií, keď server oznámení nie je dostupný."},{"id":null,"key":"showOnTaskClosedDOC","value":"Zobraziť prezerač úloh, keď sa úloha zatvorí."},{"id":null,"key":"showOnTaskClosedLBL","value":"Zobraziť pri zatvorení úlohy"},{"id":null,"key":"showPageSizerDOC","value":"Zobraziť ovládací prvok na výber veľkosti strany."},{"id":null,"key":"showPageSizerLBL","value":"Zobraziť prvok na výber veľkosti strany"},{"id":null,"key":"showPagerStatsDOC","value":"Zobraziť štatistiky pre stranu."},{"id":null,"key":"showPagerStatsLBL","value":"Zobraziť štatistiky pre stranu"},{"id":null,"key":"showRefreshLBL","value":"Zobraziť tlačidlo Obnoviť"},{"id":null,"key":"showSavedSearchesDOC","value":"Zobraziť rozbaľovací zoznam s uloženými vyhľadávaniami."},{"id":null,"key":"showSavedSearchesLBL","value":"Zobraziť uložené vyhľadávanie"},{"id":null,"key":"showSearchFilterDOC","value":"Zobraziť tlačidlo filtra vyhľadávania."},{"id":null,"key":"showSearchFilterLBL","value":"Zobraziť vyhľadávací filter"},{"id":null,"key":"showSortByArrowDOC","value":"Zobraziť prvok na výber zoradenia zoznamu úloh v zostupnom, vzostupnom alebo predvolenom poradí."},{"id":null,"key":"showSortByArrowLBL","value":"Zobraziť výber zoradenia stĺpca"},{"id":null,"key":"showStatsDOC","value":"Zobraziť súhrn štatistík úloh."},{"id":null,"key":"showStatsLBL","value":"Zobraziť štatistiky"},{"id":null,"key":"showTaskRefreshDOC","value":"Zobraziť tlačidlo Obnoviť, pomocou ktorého môžete manuálne obnoviť zoznam úloh, keď server oznámení nie je dostupný."},{"id":null,"key":"showTotalOnlyDOC","value":"Zobraziť iba celkový počet úloh"},{"id":null,"key":"showTotalOnlyLBL","value":"Zobraziť iba súčet"},{"id":null,"key":"skipClaimForTasksDOC","value":"Nezobrazovať modálne okno Vyžiadať úlohu. Úloha sa automaticky vyžiada po otvorení."},{"id":null,"key":"skipClaimForTasksLBL","value":"Zakázať vyžiadanie úloh"},{"id":null,"key":"skipNavDOC","value":"Nezobrazovať dialógové okno na otvorenie aplikácie Case Client v novom okne."},{"id":null,"key":"skipNavLBL","value":"Preskočiť potvrdzovacie okno"},{"id":null,"key":"snapshotIdDOC","value":"ID snímky pre konkrétny proces (začína s 2064.xxx)."},{"id":null,"key":"snapshotIdLBL","value":"ID snímky"},{"id":null,"key":"sortByDOC","value":"Vyberte stĺpec, podľa ktorého sa majú položky v zozname najskôr zoradiť."},{"id":null,"key":"sortByLBL","value":"Zoradiť podľa stĺpca"},{"id":null,"key":"stepIdDOC","value":"Nastavené na vybratý krok aktivity, keď sa zobrazujú súhrny aktivít."},{"id":null,"key":"stepIdLBL","value":"ID kroku"},{"id":null,"key":"systemColumnsDOC","value":"Zoznam možných osobitých stĺpcov."},{"id":null,"key":"systemColumnsLBL","value":"Osobité stĺpce"},{"id":null,"key":"systemDataDOC","value":"Nastaviť systémové údaje, ktoré sa majú zobraziť v prezerači úloh."},{"id":null,"key":"systemDataLBL","value":"Prispôsobiť systémové údaje"},{"id":null,"key":"taskActionsDOC","value":"Nastaviť zoznam akcií, ktoré možno vykonať s úlohou."},{"id":null,"key":"taskActionsLBL","value":"Nastaviť akcie úlohy"},{"id":null,"key":"taskDOC","value":"Nastaviť úlohu, ktorá sa má zobraziť v prezerači úloh."},{"id":null,"key":"taskFiltersDOC","value":"Vyberte väzbu na zachovanie filtrov v zozname úloh."},{"id":null,"key":"taskFiltersLBL","value":"Nastaviť trvalé filtre"},{"id":null,"key":"taskLBL","value":"Nastaviť úlohu"},{"id":null,"key":"taskLaunchEventDOC","value":"Zadajte názov udalosti, ktorá sa má aktivovať pri otvorení úlohy."},{"id":null,"key":"taskLaunchEventLBL","value":"Nastaviť udalosť pri spustení úloh"},{"id":null,"key":"taskListColumnWidthDOC","value":"Vyberte väzbu na zachovanie šírok stĺpcov v zozname úloh."},{"id":null,"key":"taskListColumnWidthLBL","value":"Nastaviť trvalé šírky stĺpcov"},{"id":null,"key":"taskListEnableInstanceDetailsDOC","value":"Povoliť schopnosť otvoriť inštanciu úlohy."},{"id":null,"key":"taskListFavoritesLBL","value":"Obľúbené položky"},{"id":null,"key":"taskListTaskSortingDOC","value":"Vyberte väzbu na zachovanie zoradenia zoznamu úloh."},{"id":null,"key":"taskListTaskSortingLBL","value":"Nastaviť trvalé zoradenie"},{"id":null,"key":"tasksColumnsDOC","value":"Vyberte stĺpce, ktoré sa majú zobraziť v zozname úloh."},{"id":null,"key":"tasksColumnsLBL","value":"Prispôsobiť stĺpce"},{"id":null,"key":"tasksDOC","value":"Zoznam úloh, ktoré sa majú zobraziť."},{"id":null,"key":"tasksLBL","value":"Úlohy"},{"id":null,"key":"tasksPerBlockDOC","value":"Počet úloh, ktoré sa majú zobraziť v jednom bloku."},{"id":null,"key":"tasksPerBlockLBL","value":"Úlohy na blok"},{"id":null,"key":"tasksPerPageDOC","value":"Zadajte počet úloh, ktoré sa majú zobraziť na jednej strane."},{"id":null,"key":"tasksPerPageLBL","value":"Nastaviť počet úloh na stranu"},{"id":null,"key":"teamsDOC","value":"Zoznam súhrnov tímov"},{"id":null,"key":"teamsLBL","value":"Tímy"},{"id":null,"key":"titleDOC","value":"Reťazec nadpisu, ktorý sa má zobraziť v záhlaví okna"},{"id":null,"key":"titleLBL","value":"Reťazec nadpisu"},{"id":null,"key":"traversedPathDOC","value":"Zoznam identifikátorov odkazov na zvýraznenie zobrazenia prejdenej cesty. Používa sa, iba ak je použitá voľba ID inštancie procesu."},{"id":null,"key":"traversedPathLBL","value":"Prejdená cesta"},{"id":null,"key":"typeHereLBL","value":"Napíšte..."},{"id":null,"key":"useEventTriggeringFetchActionDOC","value":"Delegovať požiadavku na načítanie úloh na udalosť."},{"id":null,"key":"useEventTriggeringFetchActionLBL","value":"Použiť udalosť na načítanie úloh"},{"id":null,"key":"workflowsLBL","value":"Pracovné toky"},{"id":null,"key":"workplaceConfigDOC","value":"Nakonfiguruje správanie pracovného priestoru"},{"id":null,"key":"workplaceConfigLBL","value":"Konfigurácia pracovného priestoru"},{"id":null,"key":"workplaceUserSettingsDOC","value":"Väzba na zachovanie používateľských nastavení, ktoré sa použijú, keď sa používateľ znova prihlási."},{"id":null,"key":"workplaceUserSettingsLBL","value":"Používateľské nastavenia pracovného priestoru"},{"id":null,"key":"zoomFactorDOC","value":"Platné hodnoty pre úroveň priblíženia grafu procesu sú od 1 do 10."},{"id":null,"key":"zoomFactorLBL","value":"Úroveň priblíženia"}]}