{"id":"50.c4d6cc83-a000-4ae2-b2f5-d35d89f9c6ba/2064.7814960a-7cfe-424d-92b5-d9ce2fbce18c","localeLanguage":"pt","localeCountry":"","localeVariant":"","localeDisplayName":"WPT","resourceBundleKey":[{"id":null,"key":"HistoryLBL","value":"Histórico"},{"id":null,"key":"activitiesDOC","value":"Uma lista de actividades"},{"id":null,"key":"activitiesLBL","value":"Actividades"},{"id":null,"key":"activitySummariesDOC","value":"A lista de resumos de actividade a apresentar. Isto apenas se aplica quando a opção ID do processo é utilizada."},{"id":null,"key":"activitySummariesLBL","value":"Resumos de actividade"},{"id":null,"key":"addFilterLBL","value":"Adicionar filtro"},{"id":null,"key":"alwaysShowDOC","value":"Apresentar sempre"},{"id":null,"key":"alwaysShowLBL","value":"Apresentar sempre"},{"id":null,"key":"availableActionsDOC","value":"A lista de acções disponíveis que o diagrama de processo irá activar. Estas têm como base as autorizações do utilizador actual quando são utilizadas numa Vista-resumo."},{"id":null,"key":"availableActionsLBL","value":"AvailableActions"},{"id":null,"key":"blocksShowingOnloadDOC","value":"Número de blocos apresentados no carregamento"},{"id":null,"key":"blocksShowingOnloadLBL","value":"Blocos apresentados no carregamento"},{"id":null,"key":"branchIdDOC","value":"O ID de ramificação para um processo particular (inicia com 2063.xxx)."},{"id":null,"key":"branchIdLBL","value":"ID de ramificação"},{"id":null,"key":"brandDOC","value":"Nome da marca a ser apresentado na barra de título"},{"id":null,"key":"brandLBL","value":"Nome da Marca"},{"id":null,"key":"businessColumnsDOC","value":"A lista de colunas de negócio possíveis"},{"id":null,"key":"businessColumnsLBL","value":"Colunas de negócio"},{"id":null,"key":"caseFilterByProjectDOC","value":"Introduza o nome do projecto para filtrar a lista de casos para apresentar apenas as instâncias para esse projecto."},{"id":null,"key":"caseFilterByProjectLBL","value":"Filtrar por projecto"},{"id":null,"key":"caseFiltersDOC","value":"Seleccione a associação para que os filtros persistam na lista de casos."},{"id":null,"key":"caseFiltersLBL","value":"Definir filtros de caso persistentes"},{"id":null,"key":"caseInstanceFiltersDOC","value":"Seleccione a associação para que os filtros persistam na lista de instâncias de caso."},{"id":null,"key":"caseInstanceFiltersLBL","value":"Definir filtros de instância de caso persistente"},{"id":null,"key":"caseInstancesColumnsDOC","value":"Especifique as colunas a apresentar na lista de instâncias de caso."},{"id":null,"key":"caseInstancesColumnsLBL","value":"Personalizar colunas da instância de caso"},{"id":null,"key":"caseInstancesSortDOC","value":"Seleccione a associação para que a ordenação da lista de instâncias de caso persista."},{"id":null,"key":"caseInstancesSortLBL","value":"Definir a ordenação da instância de caso persistente"},{"id":null,"key":"caseListColumnWidthDOC","value":"Seleccione a associação para que a largura das colunas persista na lista de casos."},{"id":null,"key":"caseListColumnWidthLBL","value":"Definir larguras de coluna persistentes"},{"id":null,"key":"caseScopeDOC","value":"Escolha quais as ocorrências de caso que são incluídas na sua lista, todas as ocorrências que tem autorização para ver ou apenas as ocorrências que estão directamente atribuídas a si."},{"id":null,"key":"caseScopeLBL","value":"Âmbito do caso"},{"id":null,"key":"casesColumnsDOC","value":"Especifique as colunas a apresentar na lista de casos."},{"id":null,"key":"casesColumnsLBL","value":"Personalizar colunas do caso"},{"id":null,"key":"casesEnableCaseDetailsDOC","value":"Active a funcionalidade para abrir um caso de fluxo de trabalho."},{"id":null,"key":"casesEnableCaseDetailsLBL","value":"Activar a iniciação de caso"},{"id":null,"key":"casesLBL","value":"Casos"},{"id":null,"key":"casesPerPageDOC","value":"Introduza o número de casos a apresentar por página."},{"id":null,"key":"casesPerPageLBL","value":"Definir casos por página"},{"id":null,"key":"casesSortDOC","value":"Seleccione a associação para que a ordenação da lista de casos persista."},{"id":null,"key":"casesSortLBL","value":"Definir ordenação de caso persistente"},{"id":null,"key":"clearFilterLBL","value":"Limpar filtro"},{"id":null,"key":"customPathDOC","value":"A lista de ProjectedPathLinkChange's para o caminho personalizado criado. Isto apenas se aplica quando a opção ID de ocorrências do processo é utilizada."},{"id":null,"key":"customPathLBL","value":"Caminho personalizado"},{"id":null,"key":"disableActionsDOC","value":"As acções a desactivar"},{"id":null,"key":"disableActionsLBL","value":"Desactivar acções"},{"id":null,"key":"disableCompleteTasksDOC","value":"Impedir os utilizadores de abrir tarefas concluídas."},{"id":null,"key":"disableCompleteTasksLBL","value":"Desactivar a abertura de tarefas concluídas"},{"id":null,"key":"disableFilterEventsDOC","value":"Desactivar a actualização automática da lista quando os filtros são actualizados."},{"id":null,"key":"disableFilterEventsLBL","value":"Desactivar a actualização automática"},{"id":null,"key":"disableFulltextSearchDOC","value":"Desactivar a funcionalidade de procura de texto completo na barra de procura"},{"id":null,"key":"disableFulltextSearchLBL","value":"Desactivar a procura de texto completo"},{"id":null,"key":"disableLeftClickActivityDetailsDOC","value":"Desactiva a janela emergente de Detalhes da actividade que é apresentada quando clica num nó."},{"id":null,"key":"disableLeftClickActivityDetailsLBL","value":"Desactivar Detalhes da actividade com clique do botão esquerdo"},{"id":null,"key":"disableRetrieveServicesDOC","value":"Desactivar serviços de obtenção (por exemplo gerir equipa, criar workstreams) para o menu de acções."},{"id":null,"key":"disableRetrieveServicesLBL","value":"Desactivar serviços de obtenção"},{"id":null,"key":"disableRightClickMenusDOC","value":"Desactiva a janela emergente do Menu de contexto que é apresentada quando clica com o botão direito num nó."},{"id":null,"key":"disableRightClickMenusLBL","value":"Desactivar Menu de contexto com clique do botão direito"},{"id":null,"key":"documentsLBL","value":"Documentos"},{"id":null,"key":"embededViewDOC","value":"Oculta o botão fechar para incorporar noutra vista."},{"id":null,"key":"embededViewLBL","value":"Vista Incorporada"},{"id":null,"key":"enableAddWorkflowDOC","value":"Mostrar o botão Iniciar fluxo de trabalho."},{"id":null,"key":"enableAddWorkflowLBL","value":"Mostrar Iniciar fluxo de trabalho"},{"id":null,"key":"enableBatchModifyDOC","value":"Activar a modificação de múltiplas tarefas seleccionadas de uma vez."},{"id":null,"key":"enableBatchModifyLBL","value":"Activar modificação em batch"},{"id":null,"key":"enableCopyLinkDOC","value":"Mostrar a acção de copiar ligação no menu de excedentes."},{"id":null,"key":"enableCopyLinkLBL","value":"Mostrar copiar ligação"},{"id":null,"key":"enableHistoryNavDOC","value":"Mostrar o caminho de navegação para a página actual no visualizador de tarefas."},{"id":null,"key":"enableHistoryNavLBL","value":"Mostrar a trilha de navegação"},{"id":null,"key":"enableInstanceDetailsDOC","value":"Mostrar a acção de ocorrência de vista no menu de excedentes."},{"id":null,"key":"enableInstanceDetailsLBL","value":"Mostrar ocorrência de vista"},{"id":null,"key":"enableSavedSearchEditingDOC","value":"Activar a criação e edição de procuras guardadas."},{"id":null,"key":"enableSavedSearchEditingLBL","value":"Activar procuras guardadas"},{"id":null,"key":"enableTaskDetailsDOC","value":"Activar a capacidade de abrir uma tarefa."},{"id":null,"key":"enableTaskDetailsLBL","value":"Activar a iniciação da tarefa"},{"id":null,"key":"enterDecimalLBL","value":"Introduza um número decimal..."},{"id":null,"key":"enterNumberLBL","value":"Introduza um número..."},{"id":null,"key":"eventONNavigationButtonClickedDOC","value":"No evento de clique no item de navegação"},{"id":null,"key":"eventONNavigationButtonClickedLBL","value":"No clique no item de navegação"},{"id":null,"key":"eventONPageSizeChangedDOC","value":"Accionado quando o número de itens por página é alterado."},{"id":null,"key":"eventONPageSizeChangedLBL","value":"Na alteração de itens por página"},{"id":null,"key":"eventONPageSwitchedDOC","value":"Accionado quando o número de página é alterado."},{"id":null,"key":"eventONPageSwitchedLBL","value":"Na alteração de página"},{"id":null,"key":"eventOnCardBlurDOC","value":"Accionado quando o cartão perde o foco"},{"id":null,"key":"eventOnCardBlurLBL","value":"No obscurecimento do cartão"},{"id":null,"key":"eventOnCardFocusDOC","value":"Accionado quando o cartão recebe o foco"},{"id":null,"key":"eventOnCardFocusLBL","value":"No foco do cartão"},{"id":null,"key":"eventOnCaseLaunchedLBL","value":"No início do caso"},{"id":null,"key":"eventOnChangeDOC","value":"No evento de alteração"},{"id":null,"key":"eventOnChangeLBL","value":"Ao alterar"},{"id":null,"key":"eventOnExternalFetchDOC","value":"O método espera que setTasks() seja chamado com a nova lista de tarefas."},{"id":null,"key":"eventOnExternalFetchLBL","value":"Na obtenção externa"},{"id":null,"key":"eventOnFilterBtnClickedDOC","value":"Accionado quando um botão de filtro é clicado."},{"id":null,"key":"eventOnFilterBtnClickedLBL","value":"No clique no botão filtrar"},{"id":null,"key":"eventOnHideDOC","value":"No evento de ocultação"},{"id":null,"key":"eventOnHideLBL","value":"Na ocultação"},{"id":null,"key":"eventOnInstanceLaunchedLBL","value":"No início da ocorrência"},{"id":null,"key":"eventOnInstanceUIActionDOC","value":"No evento da acção da IU da ocorrência"},{"id":null,"key":"eventOnInstanceUIActionLBL","value":"Na acção da IU da ocorrência"},{"id":null,"key":"eventOnInstanceUIActivitySelectedDOC","value":"No evento de selecção de actividade da IU da ocorrência"},{"id":null,"key":"eventOnInstanceUIActivitySelectedLBL","value":"Na selecção de actividade da IU da ocorrência"},{"id":null,"key":"eventOnInstanceUIClosedDOC","value":"No evento de fecho da ocorrência"},{"id":null,"key":"eventOnInstanceUIClosedLBL","value":"No fecho da ocorrência"},{"id":null,"key":"eventOnInstanceUICommentPostDOC","value":"No evento de publicação de comentário da IU da ocorrência"},{"id":null,"key":"eventOnInstanceUICommentPostLBL","value":"Na publicação de comentário da IU da ocorrência"},{"id":null,"key":"eventOnInstanceUILaunchedDOC","value":"No evento de início da IU da ocorrência"},{"id":null,"key":"eventOnInstanceUILaunchedLBL","value":"No início da IU da ocorrência"},{"id":null,"key":"eventOnInstanceUITabChangeDOC","value":"No evento de alteração de separador da IU da ocorrência"},{"id":null,"key":"eventOnInstanceUITabChangeLBL","value":"Na alteração de separador da IU da ocorrência"},{"id":null,"key":"eventOnLoadDOC","value":"Evento no carregamento"},{"id":null,"key":"eventOnLoadLBL","value":"No carregamento"},{"id":null,"key":"eventOnProcessLaunched","value":"No evento de início de processo"},{"id":null,"key":"eventOnRefreshDOC","value":"No evento de actualização"},{"id":null,"key":"eventOnRefreshLBL","value":"Na actualização"},{"id":null,"key":"eventOnSearchLaunched","value":"No evento de início de procura"},{"id":null,"key":"eventOnServiceClosedDOC","value":"No evento de fecho do serviço"},{"id":null,"key":"eventOnServiceClosedLBL","value":"No fecho do serviço"},{"id":null,"key":"eventOnServiceLaunched","value":"No evento de início de serviço"},{"id":null,"key":"eventOnServiceOpenedDOC","value":"No evento de abertura do serviço"},{"id":null,"key":"eventOnServiceOpenedLBL","value":"Na abertura do serviço"},{"id":null,"key":"eventOnShowDOC","value":"No evento de apresentação"},{"id":null,"key":"eventOnShowLBL","value":"Ao apresentar"},{"id":null,"key":"eventOnTaskActionDOC","value":"No evento de acção da tarefa"},{"id":null,"key":"eventOnTaskActionLBL","value":"Na acção da tarefa"},{"id":null,"key":"eventOnTaskClosedDOC","value":"No evento de fecho da tarefa"},{"id":null,"key":"eventOnTaskClosedLBL","value":"No fecho da tarefa"},{"id":null,"key":"eventOnTaskLaunchedDOC","value":"No evento de início da tarefa"},{"id":null,"key":"eventOnTaskLaunchedLBL","value":"No início da tarefa"},{"id":null,"key":"eventOnTaskOpenedDOC","value":"No evento de abertura da tarefa"},{"id":null,"key":"eventOnTaskOpenedLBL","value":"Na abertura da tarefa"},{"id":null,"key":"eventOnVisibilityChangeDOC","value":"No evento de visibilidade"},{"id":null,"key":"eventOnVisibilityChangeLBL","value":"Na alteração de visibilidade"},{"id":null,"key":"filterByProjectDOC","value":"Introduza o nome do projecto para filtrar a lista de ocorrências para apresentar apenas as ocorrências para esse projecto."},{"id":null,"key":"filterByProjectLBL","value":"Filtrar por projecto"},{"id":null,"key":"generalTaskSortingDOC","value":"Seleccionar a associação para que a ordenação da lista persista."},{"id":null,"key":"hideActionsMenuDOC","value":"Desactivar o menu que dá acesso a mais acções para a tarefa."},{"id":null,"key":"hideActionsMenuLBL","value":"Desactivar o menu de acções"},{"id":null,"key":"hideCase","value":"Ocultar casos"},{"id":null,"key":"hideProcess","value":"Ocultar processos"},{"id":null,"key":"hideSearchBarDOC","value":"Ocultar a barra de procura."},{"id":null,"key":"hideSearchBarLBL","value":"Ocultar barra de procura"},{"id":null,"key":"hideService","value":"Ocultar serviços iniciáveis"},{"id":null,"key":"hideStatusColumnDOC","value":"Ocultar o estado da coluna da lista."},{"id":null,"key":"hideStatusColumnLBL","value":"Ocultar o estado da coluna"},{"id":null,"key":"instanceCaseModeDOC","value":"Apresentar apenas procuras relacionadas com a instância de caso"},{"id":null,"key":"instanceCaseModeLBL","value":"Modo de Caso"},{"id":null,"key":"instanceDOC","value":"InstanceData"},{"id":null,"key":"instanceFiltersDOC","value":"Seleccione a associação para que os filtros persistam na lista de ocorrências."},{"id":null,"key":"instanceFiltersLBL","value":"Definir filtros de ocorrência persistente"},{"id":null,"key":"instanceIdDOC","value":"O ID da ocorrência da definição do processo empresarial. Esta opção tem precedência sobre a opção ID de processo."},{"id":null,"key":"instanceIdLBL","value":"ID de ocorrência de processo"},{"id":null,"key":"instanceLBL","value":"Ocorrência"},{"id":null,"key":"instanceListColumnWidthDOC","value":"Seleccione a associação para que as larguras das colunas persistam na lista de ocorrências."},{"id":null,"key":"instanceListColumnWidthLBL","value":"Definir larguras de coluna persistentes"},{"id":null,"key":"instanceModeDOC","value":"Apresentar apenas procuras relacionadas com a ocorrência"},{"id":null,"key":"instanceModeLBL","value":"Modo de Ocorrência"},{"id":null,"key":"instancesColumnsDOC","value":"Especificar as colunas a apresentar na lista de ocorrências."},{"id":null,"key":"instancesColumnsLBL","value":"Personalizar colunas da ocorrência"},{"id":null,"key":"instancesEnableInstanceDetailsDOC","value":"Activar a funcionalidade para abrir uma ocorrência de fluxo de trabalho."},{"id":null,"key":"instancesEnableInstanceDetailsLBL","value":"Activar início de ocorrência"},{"id":null,"key":"instancesPerPageDOC","value":"Introduza o número de ocorrências a apresentar por página."},{"id":null,"key":"instancesPerPageLBL","value":"Definir as ocorrências por página"},{"id":null,"key":"instancesSortDOC","value":"Seleccionar a associação para que a ordenação da lista de ocorrências persista."},{"id":null,"key":"instancesSortLBL","value":"Definir a ordenação de ocorrência persistente"},{"id":null,"key":"isTaskFilterServiceEnabledDOC","value":"Activar a Priorização de Tarefa Inteligente que ordena a lista, colocando as melhores tarefas para trabalhar a seguir no topo."},{"id":null,"key":"isTaskFilterServiceEnabledLBL","value":"Activar a priorização de tarefa"},{"id":null,"key":"itemLengthDOC","value":"Comprimento de uma lista de entrada."},{"id":null,"key":"itemLengthLBL","value":"Comprimento do item"},{"id":null,"key":"itemPerPageDOC","value":"Número de itens por página."},{"id":null,"key":"itemPerPageLBL","value":"Por página"},{"id":null,"key":"localizationServiceDOC","value":"Especifique o serviço utilizado para obter as cadeias de caracteres localizadas para utilização com esta Vista Coach."},{"id":null,"key":"localizationServiceLBL","value":"Serviço de localização"},{"id":null,"key":"mandatoryColumnsDOC","value":"A lista de colunas obrigatórias"},{"id":null,"key":"mandatoryColumnsLBL","value":"Colunas obrigatórias"},{"id":null,"key":"maximumSearchSizeDOC","value":"Definir o número máximo de tarefas que são devolvidas para uma tarefa."},{"id":null,"key":"maximumSearchSizeLBL","value":"Definir o limite máximo de procura"},{"id":null,"key":"numberOfTaskOptionDOC","value":"Lista de número de opções de tarefa disponíveis"},{"id":null,"key":"numberOfTaskOptionLBL","value":"Número De Lista de Tarefas"},{"id":null,"key":"openCaseInNewWindowDOC","value":"Abra um caso numa nova janela."},{"id":null,"key":"openCaseInNewWindowLBL","value":"Abrir o caso numa nova janela"},{"id":null,"key":"openInstanceInNewWindowDOC","value":"Abrir uma instância numa nova janela."},{"id":null,"key":"openInstanceInNewWindowLBL","value":"Abrir instância numa nova janela"},{"id":null,"key":"openTaskInNewTabDOC","value":"Abrir uma tarefa numa nova janela."},{"id":null,"key":"openTaskInNewTabLBL","value":"Abrir tarefa em nova janela"},{"id":null,"key":"placeholderDOC","value":"Marcador de posição para campos de entrada"},{"id":null,"key":"placeholderLBL","value":"Marcador de posição"},{"id":null,"key":"processAppAcroDOC","value":"Introduza um acrónico de aplicação para filtrar a lista para apresentar apenas as tarefas para essa aplicação."},{"id":null,"key":"processAppAcroLBL","value":"Filtrar por aplicação"},{"id":null,"key":"processIdDOC","value":"O ID da definição do processo empresarial do diagrama de processo a ser apresentado. É necessário um ID de Snapshot, um ID de Ramificação ou um ID de Projecto."},{"id":null,"key":"processIdLBL","value":"ID do Processo"},{"id":null,"key":"processModeDOC","value":"Optimizar a vista para apresentar informações de processo"},{"id":null,"key":"processModeLBL","value":"Optimizar para processos"},{"id":null,"key":"projectIdDOC","value":"O ID de projecto para um processo particular (inicia com 2066.xxx)."},{"id":null,"key":"projectIdLBL","value":"ID do projecto"},{"id":null,"key":"projectedPathDOC","value":"A lista de IDs de actividade ao longo do caminho projectado a destacar. As actividades têm de ser dadas na ordem de fluxo. Isto apenas se aplica quando a opção ID de ocorrências do processo é utilizada."},{"id":null,"key":"projectedPathLBL","value":"Caminho projectado"},{"id":null,"key":"recentInstanceSearchesDOC","value":"Seleccione a associação para que as procuras recentes persistam na barra de procura."},{"id":null,"key":"recentInstanceSearchesLBL","value":"Definir procuras persistentes"},{"id":null,"key":"recentTaskSearchesDOC","value":"Seleccione a associação para que as procuras recentes persistam na barra de procura."},{"id":null,"key":"recentTaskSearchesLBL","value":"Definir procuras persistentes"},{"id":null,"key":"recentWorkstreamLimit","value":"Quantas workstreams pretende apresentar para a lista"},{"id":null,"key":"removeFilterLBL","value":"Remover filtro"},{"id":null,"key":"requiredOwnershipCheckDOC","value":"Verificar se o utilizador actual está autorizado a abrir a tarefa."},{"id":null,"key":"requiredOwnershipCheckLBL","value":"Verificar a propriedade da tarefa"},{"id":null,"key":"responsiveModeDOC","value":"Seleccionar o tamanho do ecrã para visualizar a lista de tarefas."},{"id":null,"key":"responsiveModeLBL","value":"Definir modo de resposta"},{"id":null,"key":"riskStateDOC","value":"Definido para o estado seleccionado de uma actividade quando são apresentados resumos de actividade. Os valores válidos são ComRastreio, EmRisco e Ultrapassado."},{"id":null,"key":"riskStateLBL","value":"Estado de risco"},{"id":null,"key":"savedSearchInstanceFilterDOC","value":"Apresentar apenas filtros relacionados com a ocorrência."},{"id":null,"key":"savedSearchInstanceFilterLBL","value":"Filtro de Ocorrências"},{"id":null,"key":"savedSearchInstanceModeDOC","value":"Mostrar apenas filtros e colunas relacionados com a ocorrência."},{"id":null,"key":"savedSearchInstanceModeLBL","value":"Modo de ocorrência"},{"id":null,"key":"savedSearchNameDOC","value":"Seleccione a associação para que as procuras guardadas persistam na lista de tarefas"},{"id":null,"key":"savedSearchNameLBL","value":"Definir procuras guardadas persistentes"},{"id":null,"key":"scopeDOC","value":"Mostrar o filtro de procura como um filtro de âmbito."},{"id":null,"key":"scopeLBL","value":"Mostrar como filtro de âmbito"},{"id":null,"key":"selectDateLBL","value":"Seleccione uma data..."},{"id":null,"key":"selectValueLBL","value":"Seleccionar valor"},{"id":null,"key":"showActivitySummariesDOC","value":"Controla se os resumos de actividade são apresentados. Isto apenas se aplica quando a opção ID do processo é utilizada."},{"id":null,"key":"showActivitySummariesLBL","value":"Mostrar resumos de actividade"},{"id":null,"key":"showAllStatsDOC","value":"Mostrar todos os valores de estatísticas, incluindo valores nulos"},{"id":null,"key":"showAllStatsLBL","value":"Mostrar todos os valores"},{"id":null,"key":"showInstanceRefreshDOC","value":"Mostrar o botão Actualizar, o qual pode utilizar para actualizar manualmente a lista de ocorrências quando o servidor de notificações não está disponível."},{"id":null,"key":"showOnTaskClosedDOC","value":"Apresentar o visualizador de tarefas quando a tarefa é fechada."},{"id":null,"key":"showOnTaskClosedLBL","value":"Mostrar no fecho da tarefa"},{"id":null,"key":"showPageSizerDOC","value":"Mostrar o calibrador de página."},{"id":null,"key":"showPageSizerLBL","value":"Mostrar calibrador de página"},{"id":null,"key":"showPagerStatsDOC","value":"Mostrar as estatísticas da página."},{"id":null,"key":"showPagerStatsLBL","value":"Mostrar estatísticas de página"},{"id":null,"key":"showRefreshLBL","value":"Mostrar botão Actualizar"},{"id":null,"key":"showSavedSearchesDOC","value":"Mostrar uma lista pendente de procuras guardadas."},{"id":null,"key":"showSavedSearchesLBL","value":"Mostrar procuras guardadas"},{"id":null,"key":"showSearchFilterDOC","value":"Mostrar o botão do filtro de procura."},{"id":null,"key":"showSearchFilterLBL","value":"Mostrar filtro de procura"},{"id":null,"key":"showSortByArrowDOC","value":"Mostrar o selector para ordenar a lista de tarefas por ordem ascendente, descendente ou predefinida."},{"id":null,"key":"showSortByArrowLBL","value":"Mostrar selector de ordenação da coluna"},{"id":null,"key":"showStatsDOC","value":"Mostrar um resumo das estatísticas da tarefa."},{"id":null,"key":"showStatsLBL","value":"Mostrar estatísticas"},{"id":null,"key":"showTaskRefreshDOC","value":"Mostrar o botão Actualizar, o qual pode utilizar para actualizar manualmente a lista de tarefas quando o servidor de notificações não está disponível."},{"id":null,"key":"showTotalOnlyDOC","value":"Apresentar apenas a contagem total de tarefas"},{"id":null,"key":"showTotalOnlyLBL","value":"Apresentar apenas o total"},{"id":null,"key":"skipClaimForTasksDOC","value":"Não apresentar o modal Pedir tarefa. A tarefa é pedida automaticamente após a abertura."},{"id":null,"key":"skipClaimForTasksLBL","value":"Desactivar pedido de tarefa"},{"id":null,"key":"skipNavDOC","value":"Não apresentar a caixa de diálogo para abrir o Case Client numa nova janela."},{"id":null,"key":"skipNavLBL","value":"Ignorar caixa de diálogo de confirmação"},{"id":null,"key":"snapshotIdDOC","value":"O ID de snapshot para um processo particular (inicia com 2064.xxx)."},{"id":null,"key":"snapshotIdLBL","value":"ID de Snapshot"},{"id":null,"key":"sortByDOC","value":"Especificar a coluna pela qual a lista é ordenada inicialmente."},{"id":null,"key":"sortByLBL","value":"Ordenar por coluna"},{"id":null,"key":"stepIdDOC","value":"Definido para o passo de actividade seleccionado ao mostrar os resumos de actividade."},{"id":null,"key":"stepIdLBL","value":"ID do passo"},{"id":null,"key":"systemColumnsDOC","value":"A lista de coluna intrínsecas possíveis"},{"id":null,"key":"systemColumnsLBL","value":"Colunas intrínsecas"},{"id":null,"key":"systemDataDOC","value":"Definir os dados do sistema que pretende apresentar no visualizador de tarefas."},{"id":null,"key":"systemDataLBL","value":"Personalizar dados do sistema"},{"id":null,"key":"taskActionsDOC","value":"Especificar a lista de acções que podem ser executadas na tarefa."},{"id":null,"key":"taskActionsLBL","value":"Definir acções de tarefa"},{"id":null,"key":"taskDOC","value":"Defina a tarefa que pretende apresentar no visualizador de tarefas."},{"id":null,"key":"taskFiltersDOC","value":"Seleccione a associação para que os filtros persistam na lista de tarefas."},{"id":null,"key":"taskFiltersLBL","value":"Definir filtros persistentes"},{"id":null,"key":"taskLBL","value":"Definir tarefa"},{"id":null,"key":"taskLaunchEventDOC","value":"Introduza o nome do evento a accionar quando uma tarefa é aberta."},{"id":null,"key":"taskLaunchEventLBL","value":"Definir o evento quando as tarefas são iniciadas"},{"id":null,"key":"taskListColumnWidthDOC","value":"Seleccione a associação para que as larguras das colunas persistam na lista de tarefas."},{"id":null,"key":"taskListColumnWidthLBL","value":"Definir larguras de coluna persistentes"},{"id":null,"key":"taskListEnableInstanceDetailsDOC","value":"Activar a funcionalidade para abrir uma ocorrência de tarefa."},{"id":null,"key":"taskListFavoritesLBL","value":"Favoritos"},{"id":null,"key":"taskListTaskSortingDOC","value":"Seleccionar a associação para que a ordenação da lista de tarefas persista."},{"id":null,"key":"taskListTaskSortingLBL","value":"Definir ordenação persistente"},{"id":null,"key":"tasksColumnsDOC","value":"Especificar as colunas a apresentar na lista de tarefas."},{"id":null,"key":"tasksColumnsLBL","value":"Personalizar colunas"},{"id":null,"key":"tasksDOC","value":"Lista de tarefas a apresentar"},{"id":null,"key":"tasksLBL","value":"Tarefas"},{"id":null,"key":"tasksPerBlockDOC","value":"Número de tarefas apresentadas em cada bloco"},{"id":null,"key":"tasksPerBlockLBL","value":"Tarefas por bloco"},{"id":null,"key":"tasksPerPageDOC","value":"Introduza o número de tarefas a apresentar por página."},{"id":null,"key":"tasksPerPageLBL","value":"Definir tarefas por página"},{"id":null,"key":"teamsDOC","value":"Lista de resumos de equipa"},{"id":null,"key":"teamsLBL","value":"Equipas"},{"id":null,"key":"titleDOC","value":"Cadeia do título a apresentar na barra de título"},{"id":null,"key":"titleLBL","value":"Cadeia do Título"},{"id":null,"key":"traversedPathDOC","value":"A lista de IDs de ligação a destacar para apresentar o caminho percorrido. Isto apenas se aplica quando a opção ID de ocorrências do processo é utilizada."},{"id":null,"key":"traversedPathLBL","value":"Caminho percorrido"},{"id":null,"key":"typeHereLBL","value":"Escreva aqui..."},{"id":null,"key":"useEventTriggeringFetchActionDOC","value":"Delegar o pedido para obter tarefas num evento."},{"id":null,"key":"useEventTriggeringFetchActionLBL","value":"Utilizar evento para obter tarefas"},{"id":null,"key":"workflowsLBL","value":"Fluxos de trabalho"},{"id":null,"key":"workplaceConfigDOC","value":"Configura o comportamento do Workplace"},{"id":null,"key":"workplaceConfigLBL","value":"Configuração de Workplace"},{"id":null,"key":"workplaceUserSettingsDOC","value":"Associação para preservar as definições de utilizador que serão aplicadas quando o utilizador iniciar sessão de novo"},{"id":null,"key":"workplaceUserSettingsLBL","value":"Definições de utilizador do Workplace"},{"id":null,"key":"zoomFactorDOC","value":"Os valores válidos para o nível de ampliação do diagrama de processo vão de 1 a 10."},{"id":null,"key":"zoomFactorLBL","value":"Nível de dimensionamento"}]}