{"id":"50.adeae4bd-e860-48f8-8f12-9436f7840773/2064.da475e61-9610-4fe7-ab04-1910a3fe98fa","localeLanguage":"de","localeCountry":"","localeVariant":"","localeDisplayName":"CSResource","resourceBundleKey":[{"id":null,"key":"CS_BatchContent_OnDocumentCheckedOut","value":"Bei Dokument-Check-out"},{"id":null,"key":"CS_BatchContent_OnDocumentCheckedOut_Help","value":"Ein Ereignis, das ausgelöst wird, wenn das Dokument ausgecheckt wurde."},{"id":null,"key":"CS_BatchContent_OnGetProperties","value":"Bei Abruf von Eigenschaften"},{"id":null,"key":"CS_BatchContent_OnGetProperties_Help","value":"Ein Ereignis, das ausgelöst wird, wenn die Eigenschaften abgerufen wurden."},{"id":null,"key":"CS_BatchContent_OnRollbackBatch","value":"Bei Batch-Rollback"},{"id":null,"key":"CS_BatchContent_OnRollbackBatch_Help","value":"Ein Ereignis, das nach erfolgreichem Rollback des Batch ausgelöst wird."},{"id":null,"key":"CS_BatchContent_OnSaveBatch","value":"Bei Batchspeicherung"},{"id":null,"key":"CS_BatchContent_OnSaveBatch_Help","value":"Ein Ereignis, das nach Speicherung des Batch ausgelöst wird."},{"id":null,"key":"CS_BatchContent_OnSearchResults","value":"Bei Suchergebnissen"},{"id":null,"key":"CS_BatchContent_OnSearchResults_Help","value":"Ein Ereignis, das bei erfolgreicher Rückgabe der Suchergebnisse ausgelöst wird."},{"id":null,"key":"CS_BatchContent_OnUpdateBatch","value":"Bei Batchaktualisierung"},{"id":null,"key":"CS_BatchContent_OnUpdateBatch_Help","value":"Ein Ereignis, das nach Aktualisierung des Batch ausgelöst wird."},{"id":null,"key":"CS_BatchContent_OnUpdateProperties","value":"Bei Eigenschaftsaktualisierung"},{"id":null,"key":"CS_BatchContent_OnUpdateProperties_Help","value":"Ein Ereignis, das ausgelöst wird, wenn die Eigenschaften aktualisiert wurden."},{"id":null,"key":"CS_Class_Selector_Svc_Error","value":"Servicefehler"},{"id":null,"key":"CS_Class_Selector_Svc_Error_Help","value":"Wird ausgelöst, wenn beim Aufruf eines Service ein Fehler zurückgegeben wird."},{"id":null,"key":"CS_ContentListFilter_Cancel","value":"Abbrechen"},{"id":null,"key":"CS_ContentListFilter_Filter","value":"Filter"},{"id":null,"key":"CS_ContentListFilter_OnCanceFilter","value":"Bei Abbruch"},{"id":null,"key":"CS_ContentListFilter_OnCancelFilter_Help","value":"Ein Ereignis, das beim Klicken auf die Abbruchschaltfläche ausgelöst wird."},{"id":null,"key":"CS_ContentListFilter_OnFilter","value":"Bei Filter"},{"id":null,"key":"CS_ContentListFilter_OnFilter_Help","value":"Ein Ereignis, das beim Klicken auf die Filterschaltfläche ausgelöst wird."},{"id":null,"key":"CS_ContentListFilter_TypeName","value":"Typname"},{"id":null,"key":"CS_ContentListFilter_TypeName_Help","value":"Suchen nach Objekttyp."},{"id":null,"key":"CS_ContentList_Actions","value":"Aktionen"},{"id":null,"key":"CS_ContentList_AddButton","value":"Hinzufügen"},{"id":null,"key":"CS_ContentList_Advanced","value":"Erweitert"},{"id":null,"key":"CS_ContentList_Behavior","value":"Verhalten"},{"id":null,"key":"CS_ContentList_Columns","value":"Spalten"},{"id":null,"key":"CS_ContentList_Columns_Help","value":"Die in der Liste anzuzeigenden Spalten. Geben Sie für eigene benutzerdefinierte Spalteneigenschaften einen Wert an. Andernfalls wird ein Standardsatz verwendet."},{"id":null,"key":"CS_ContentList_ConfigurationProperty","value":"Konfigurationseigenschaft"},{"id":null,"key":"CS_ContentList_ConfigurationProperty_Help","value":"Name einer Eigenschaft, in der Konfigurationsdaten im JSON-Format gespeichert werden."},{"id":null,"key":"CS_ContentList_ConfigurationValues","value":"Konfigurationswerte"},{"id":null,"key":"CS_ContentList_ContentItems","value":"Inhaltselemente"},{"id":null,"key":"CS_ContentList_ContentItems_Help","value":"Liste der CSDocument-Objekte, die angezeigt werden sollen. Die ID-Eigenschaft ist die einzige erforderliche Eigenschaft der Dokumentobjekte."},{"id":null,"key":"CS_ContentList_ControllerProperty","value":"Controllerdokumenteigenschaft"},{"id":null,"key":"CS_ContentList_ControllerProperty_Help","value":"Name der Objektwerteigenschaft in der Dokumentklasse für die Herstellung der Verbindung zum Batchcontroller."},{"id":null,"key":"CS_ContentList_DisableDnDAdd_Help","value":"Aktivieren Sie diese Einstellung, um das Hinzufügen von Dokumenten durch Ziehen und Ablegen zu inaktivieren."},{"id":null,"key":"CS_ContentList_DisabledValues","value":"Inaktivierte Werte"},{"id":null,"key":"CS_ContentList_DisabledValues_Help","value":"Geben Sie die Eigenschaftswerte an, für die die Elementaktionen inaktiviert werden."},{"id":null,"key":"CS_ContentList_DisplayProgressIndicator","value":"Fortschrittsanzeiger anzeigen, wenn Dokumente hinzugefügt werden."},{"id":null,"key":"CS_ContentList_DisplayProgressIndicator_Help","value":"Aktivieren Sie diese Option, um beim Hinzufügen von Dokumenten einen Fortschrittsanzeiger anzuzeigen."},{"id":null,"key":"CS_ContentList_EnableSearchFilter","value":"Suchfilter aktivieren"},{"id":null,"key":"CS_ContentList_EnableSearchFilter_Help","value":"Zeigt die Suchfilterkomponente für die Angabe mehrerer abzufragender Suchparameter und die Ergebnisse in der Listenansicht an."},{"id":null,"key":"CS_ContentList_Enable_Polling","value":"Abfrage nach Dokumentstatus aktivieren"},{"id":null,"key":"CS_ContentList_Enable_Polling_Help","value":"Wenn festgelegt, wird der Status hinzugefügter Dokumente durch Abfragen aktualisiert."},{"id":null,"key":"CS_ContentList_ExtraProperties","value":"Zusätzliche Eigenschaften"},{"id":null,"key":"CS_ContentList_ExtraProperties_Help","value":"Geben Sie zusätzliche Eigenschaften an, die mit den Elementen in der Ergebnismenge zurückgegeben werden sollen."},{"id":null,"key":"CS_ContentList_Folder","value":"Ordner"},{"id":null,"key":"CS_ContentList_FolderId","value":"Ordner-ID"},{"id":null,"key":"CS_ContentList_FolderId_Help","value":"Legen Sie Ordner-ID oder Pfad fest, um die Inhaltsliste mit dem angegebenen Ordnerinhalt zu initialisieren. Die Festlegung der Ordner-ID hat Vorrang vor den Sucheinstellungen."},{"id":null,"key":"CS_ContentList_Height_Help","value":"The height of the content list view window."},{"id":null,"key":"CS_ContentList_HideAction_Help","value":"Aktivieren Sie die Aktionseinstellung, wenn Sie diese Aktion aus dem Dropdown-Menü entfernen möchten."},{"id":null,"key":"CS_ContentList_HideAddDialog","value":"Beim Hinzufügen von Dokumenten Hinzufügungsdialog ausblenden"},{"id":null,"key":"CS_ContentList_HideAddDialog_Help","value":"Wenn diese Option ausgewählt und ein einzelner Dokumenttyp konfiguriert ist, werden Dokumente hinzugefügt, ohne dass der Dialog \"Dokument hinzufügen\" angezeigt wird."},{"id":null,"key":"CS_ContentList_HideAddDocument","value":"Dokument hinzufügen ausblenden"},{"id":null,"key":"CS_ContentList_HideAddFolder","value":"Ordner hinzufügen ausblenden"},{"id":null,"key":"CS_ContentList_HideCancelCheckoutDoc","value":"Check-out von Dokument abbrechen ausblenden"},{"id":null,"key":"CS_ContentList_HideCheckoutDocument","value":"Dokument auschecken ausblenden"},{"id":null,"key":"CS_ContentList_HideCheckoutState","value":"Check-out-Status ausblenden"},{"id":null,"key":"CS_ContentList_HideCheckoutState_Help","value":"Wählen Sie diese Option aus, um die Anzeige des Check-out-Statussymbols zu aktivieren oder zu inaktivieren."},{"id":null,"key":"CS_ContentList_HideDeleteDocument","value":"Dokument löschen ausblenden"},{"id":null,"key":"CS_ContentList_HideDeleteFolder","value":"Ordner löschen ausblenden"},{"id":null,"key":"CS_ContentList_HideDownloadDocument","value":"Dokument herunterladen ausblenden"},{"id":null,"key":"CS_ContentList_HideEditDocument","value":"Dokument bearbeiten ausblenden"},{"id":null,"key":"CS_ContentList_HideEditDocumentProps","value":"Dokumenteigenschaften bearbeiten ausblenden"},{"id":null,"key":"CS_ContentList_HideEditFolderProps","value":"Ordnereigenschaften bearbeiten ausblenden"},{"id":null,"key":"CS_ContentList_HideRefresh","value":"Aktualisieren ausblenden"},{"id":null,"key":"CS_ContentList_HideRenameFolder","value":"Ordner umbenennen ausblenden"},{"id":null,"key":"CS_ContentList_HideSearchField","value":"Suchfeld ausblenden"},{"id":null,"key":"CS_ContentList_HideSearchField_Help","value":"Das Suchfeld wird nicht angezeigt. Suchparameter werden in den Konfigurationseinstellungen definiert."},{"id":null,"key":"CS_ContentList_HideUploadNewVersionDoc","value":"Neues Versionsdokument hochladen ausblenden"},{"id":null,"key":"CS_ContentList_HideViewDocument","value":"Dokument anzeigen ausblenden"},{"id":null,"key":"CS_ContentList_IncludeTimeInDates","value":"Zeit in Datumseigenschaften einschließen"},{"id":null,"key":"CS_ContentList_IncludeTimeInDates_Help","value":"Anzeigen des Zeitabschnitts des Datumswerts in den Spalteneigenschaften."},{"id":null,"key":"CS_ContentList_InitialPageSize","value":"Größe der ersten Seite"},{"id":null,"key":"CS_ContentList_InitialPageSize_Help","value":"Die Größe der Ergebnismenge, die zur Wiedergabe in der Inhaltsliste zurückgegeben wird. Die Standardseitengröße beträgt 20 Elemente."},{"id":null,"key":"CS_ContentList_OnActionMenuOpen","value":"Bei Öffnung des Aktionsmenüs"},{"id":null,"key":"CS_ContentList_OnActionMenuOpen_Help","value":"Ein Ereignis, das unmittelbar vor dem Öffnen des Aktionsmenüs ausgelöst wird. Übergibt ein Ordnerobjekt mit Eigenschaften."},{"id":null,"key":"CS_ContentList_OnAdd","value":"Bei Inhaltshinzufügung"},{"id":null,"key":"CS_ContentList_OnAdd_Help","value":"Das Ereignis, das ausgelöst wird, wenn ein Dokument oder Ordner hinzugefügt wird. Übergibt ein contentItem-Objekt."},{"id":null,"key":"CS_ContentList_OnContextMenuOpen","value":"Bei Öffnung des Kontextmenüs"},{"id":null,"key":"CS_ContentList_OnContextMenuOpen_Help","value":"Ein Ereignis, das unmittelbar vor dem Öffnen des Kontextmenüs ausgelöst wird. Übergibt ein Inhaltsobjekt mit Eigenschaften."},{"id":null,"key":"CS_ContentList_OnError","value":"Bei Fehler"},{"id":null,"key":"CS_ContentList_OnError_Help","value":"Das Ereignis, das bei einem Servicefehler gesendet wird."},{"id":null,"key":"CS_ContentList_OnFileClicked","value":"Bei Klick auf Datei"},{"id":null,"key":"CS_ContentList_OnFileClicked_Help","value":"Das Ereignis, das ausgelöst wird, wenn in der Hauptspalte ein Dokument ausgewählt wird. Übergibt ein Dokumentobjekt mit Eigenschaften."},{"id":null,"key":"CS_ContentList_OnFolderClicked","value":"Bei Klick auf Ordner"},{"id":null,"key":"CS_ContentList_OnFolderClicked_Help","value":"Ein Ereignis, das ausgelöst wird, wenn in der Hauptspalte ein Ordner ausgewählt wird. Übergibt ein Ordnerobjekt mit Eigenschaften."},{"id":null,"key":"CS_ContentList_OnPollResults","value":"Bei Abfrageergebnissen"},{"id":null,"key":"CS_ContentList_OnPollResults_Help","value":"Wird ausgelöst, wenn ein Abfrageergebnis mit einem enthaltenen Dokumentstatus empfangen wird."},{"id":null,"key":"CS_ContentList_OnResults","value":"Bei geladenen Ergebnissen"},{"id":null,"key":"CS_ContentList_OnResults_Help","value":"Das Ereignis, das gesendet wird, wenn von einem Service Ergebnisse zurückgegeben wurden. Übergibt eine Liste mit Elementen, die in der Inhaltsliste ausgegeben wurden."},{"id":null,"key":"CS_ContentList_OnRowSelected","value":"Bei Zeilenauswahl"},{"id":null,"key":"CS_ContentList_OnRowSelected_Help","value":"Das Ereignis, das ausgelöst wird, wenn eine Zeile über ein Optionsfeld oder Kontrollkästchen ausgewählt wird. Übergibt den zusätzlichen Parameter: Zeile (row.data.contentItem enthält Dokument- oder Ordnerobjekt mit Eigenschaften)."},{"id":null,"key":"CS_ContentList_Polling_Exit_Values","value":"Abfrage von Exiteigenschaftswerten"},{"id":null,"key":"CS_ContentList_Polling_Exit_Values_Help","value":"Abfrage wird gestoppt, wenn der von der Abfrage zurückgegebene Dokumenteigenschaftswert einer der konfigurierten Werte ist."},{"id":null,"key":"CS_ContentList_Polling_Neg_Exit_Values","value":"Abfrage negativer Exiteigenschaftswerte"},{"id":null,"key":"CS_ContentList_Polling_Neg_Exit_Values_Help","value":"Abfrage wird gestoppt, wenn der von der Abfrage zurückgegebene Dokumenteigenschaftswert nicht einer der konfigurierten Werte ist."},{"id":null,"key":"CS_ContentList_Resources","value":"Ressourcen"},{"id":null,"key":"CS_ContentList_Resources_Help","value":"Ist auf ein externes Ressourcenpaket gesetzt, um lokalisierte Zeichenfolgeressourcen für die Spaltenüberschriften und die Filterbezeichnungen der Eigenschaftsliste zu extrahieren."},{"id":null,"key":"CS_ContentList_RootFolderName","value":"Stammordnername"},{"id":null,"key":"CS_ContentList_RootFolderName_Help","value":"Der Stammordneranzeigename, der statt des Ordnernamens im Content Services-Repository verwendet werden soll."},{"id":null,"key":"CS_ContentList_Search","value":"Suchen"},{"id":null,"key":"CS_ContentList_SearchFilterProperties","value":"Suchfiltereigenschaften"},{"id":null,"key":"CS_ContentList_SearchFilterProperties_Help","value":"Geben Sie die Gruppe der Eigenschaften an, die zum Füllen der Listenansicht abgefragt werden sollen."},{"id":null,"key":"CS_ContentList_SearchFolderId","value":"In Ordner-ID suchen"},{"id":null,"key":"CS_ContentList_SearchFolderId_Help","value":"Die ID des Ordners, in dem die Suche gestartet werden soll. Dies ist eine optionale Einstellung, die die Suche auf den angegebenen Ordner beschränkt. Wenn nicht angegeben, wird der gesamte Objektspeicher durchsucht."},{"id":null,"key":"CS_ContentList_SearchFor","value":"Suchen nach"},{"id":null,"key":"CS_ContentList_SearchFor_Help","value":"Suchen nach Dokument- oder Ordnerelementen."},{"id":null,"key":"CS_ContentList_SearchOnlyFolder","value":"Nur diesen Ordner durchsuchen"},{"id":null,"key":"CS_ContentList_SearchOnlyFolder_Help","value":"Unterordner werden nicht in die Suche eingeschlossen."},{"id":null,"key":"CS_ContentList_SearchOperator","value":"Operator"},{"id":null,"key":"CS_ContentList_SearchOperator_Help","value":"Der zu verwendende Abfrageoperator, z. B. Beginnt mit, Endet mit, Entspricht, Entspricht nicht, \\=, <, >, <>, >\\=, <\\= usw."},{"id":null,"key":"CS_ContentList_SearchProperty","value":"Sucheigenschaft"},{"id":null,"key":"CS_ContentList_SearchPropertyCardinality","value":"Sucheigenschaftskardinalität"},{"id":null,"key":"CS_ContentList_SearchPropertyCardinality_Help","value":"Gibt an, ob die Sucheigenschaft ein Einzel- oder Mehrfachwert ist."},{"id":null,"key":"CS_ContentList_SearchPropertyType","value":"Sucheigenschaftstyp"},{"id":null,"key":"CS_ContentList_SearchPropertyType_Help","value":"Der Datentyp der angegebenen Sucheigenschaft."},{"id":null,"key":"CS_ContentList_SearchProperty_Help","value":"Der symbolische Name der Eigenschaft, nach der gesucht werden soll."},{"id":null,"key":"CS_ContentList_SearchRootName","value":"Name der Root-Suche"},{"id":null,"key":"CS_ContentList_SearchRootName_Help","value":"Der Anzeigename der Root-Suche, der im Breadcrumb verwendet werden soll."},{"id":null,"key":"CS_ContentList_SearchTextOptions","value":"Textoptionen"},{"id":null,"key":"CS_ContentList_SearchTextOptions_Help","value":"Konfigurieren Sie die Suche so, dass neben der angegebenen Eigenschaftssuche auch eine Inhaltsbasisabfrage enthalten ist."},{"id":null,"key":"CS_ContentList_SearchType","value":"Suchtyp"},{"id":null,"key":"CS_ContentList_SearchType_Help","value":"Suchen nach Objekten eines bestimmten Typs."},{"id":null,"key":"CS_ContentList_SearchValue","value":"Standardwert"},{"id":null,"key":"CS_ContentList_SearchValue_Help","value":"Der Wert, nach dem gesucht werden soll. Erfolgt keine Angabe, können Benutzer einen Wert eingeben, um die Suche zur Laufzeit aufzurufen."},{"id":null,"key":"CS_ContentList_SecondaryProperty","value":"State secondary property"},{"id":null,"key":"CS_ContentList_SecondaryProperty_Help","value":"Select a property to be used as a custom secondary state property."},{"id":null,"key":"CS_ContentList_SelectionMode","value":"Auswahlmodus"},{"id":null,"key":"CS_ContentList_SelectionMode_Help","value":"Einzelauswahl, Mehrfachauswahl oder keine."},{"id":null,"key":"CS_ContentList_ShowCustomState","value":"Benutzerdefinierten Status anzeigen"},{"id":null,"key":"CS_ContentList_ShowCustomState_Help","value":"Wählen Sie diese Option aus, um die Anzeige eines benutzerdefinierten Statussymbols zu aktivieren oder zu inaktivieren."},{"id":null,"key":"CS_ContentList_SortOrder","value":"Sortierreihenfolge"},{"id":null,"key":"CS_ContentList_SortOrder_Help","value":"Standardsortierrichtung, aufsteigend oder absteigend."},{"id":null,"key":"CS_ContentList_SortProperty","value":"Nach Eigenschaft sortieren"},{"id":null,"key":"CS_ContentList_SortProperty_Help","value":"Wählen Sie eine Eigenschaft zum Sortieren der Ergebnismenge aus."},{"id":null,"key":"CS_ContentList_StateProperty","value":"Statuseigenschaft"},{"id":null,"key":"CS_ContentList_StateProperty_Help","value":"Wählen Sie eine Eigenschaft aus, die als benutzerdefinierte Statuseigenschaft verwendet werden soll."},{"id":null,"key":"CS_ContentList_Status_Polling_Interval","value":"Statusabfrageintervall"},{"id":null,"key":"CS_ContentList_Status_Polling_Interval_Help","value":"Anzahl der Sekunden zwischen Anforderungen zum Abfragen des Status hinzugefügter Dokumente."},{"id":null,"key":"CS_ContentList_Status_Polling_Property","value":"Abfragestatuseigenschaft"},{"id":null,"key":"CS_ContentList_Status_Polling_Property_Help","value":"Eigenschaft, die abgefragt wird, um den Status hinzugefügter Dokumente zu erhalten."},{"id":null,"key":"CS_ContentList_Status_Polling_Timeout","value":"Abfragezeitlimit pro Dokument"},{"id":null,"key":"CS_ContentList_Status_Polling_Timeout_Help","value":"Anzahl der Sekunden pro Dokument, nach denen die Abfrage gestoppt wird, wenn eine Exitbedingung nicht erfüllt ist."},{"id":null,"key":"CS_ContentList_TableRowHeight","value":"Tabellenzeilenhöhe"},{"id":null,"key":"CS_ContentList_TableRowHeight_Help","value":"Einstellung zur Angabe der Tabellenzeilenhöhe der Inhaltsliste."},{"id":null,"key":"CS_ContentList_Width_Help","value":"The width of the content list view window."},{"id":null,"key":"CS_ContentLlist_DisableDnDAdd","value":"Hinzufügen durch Ziehen und Ablegen inaktivieren"},{"id":null,"key":"CS_ContentLlist_Polling_Neg_Exit_Values_Help","value":"Abfrage wird gestoppt, wenn der von der Abfrage zurückgegebene Dokumenteigenschaftswert nicht einer der konfigurierten Werte ist."},{"id":null,"key":"CS_ContentViewer_FitHeight","value":"Höhe anpassen"},{"id":null,"key":"CS_ContentViewer_FitWidth","value":"Breite anpassen"},{"id":null,"key":"CS_ContentViewer_Height","value":"Höhe"},{"id":null,"key":"CS_ContentViewer_OnLoad","value":"Beim Laden"},{"id":null,"key":"CS_ContentViewer_Width","value":"Breite"},{"id":null,"key":"CS_ContestList_MaxAddDocs_Help","value":"Geben Sie die maximale Anzahl Dokumente an, die Benutzer gleichzeitig hinzufügen können. Das Standardmaximum ist 50, aber Sie können das Maximum auf 300 einstellen."},{"id":null,"key":"CS_DepDocPropertiesProperty","value":"Abhängige Dokumenteigenschaft"},{"id":null,"key":"CS_DepDocPropertiesProperty_Help","value":"Der symbolische Name der Objektwerteigenschaft, die auf das Dokument verweist, das anzuzeigende JSON-Werte enthält."},{"id":null,"key":"CS_DepDocumentProperties_OnError","value":"Bei Fehler"},{"id":null,"key":"CS_DepDocumentProperties_OnError_Help","value":"Ein Ereignis, das ausgelöst wird, wenn beim Abrufen von Eigenschaftswerten ein Fehler auftritt."},{"id":null,"key":"CS_Document_Classes","value":"Dokumentklassen"},{"id":null,"key":"CS_Document_Classes_Help","value":"Eine Gruppe von Dokumentklassen, die beim Hinzufügen neuer Dokumente angezeigt werden. Wenn nicht festgelegt, werden Dokumentklassen vom Server abgerufen. Die hier eingegebenen Namen werden dem Benutzer angezeigt und die Werte entsprechen den symbolischen Namen der einzelnen Dokumentklassen."},{"id":null,"key":"CS_FileDropZone_DocumentType","value":"Dokumenttyp"},{"id":null,"key":"CS_FileDropZone_DocumentType_Help","value":"Dokumenttyp, der beim Hinzufügen von Dokumenten verwendet werden soll. Wenn nicht festgelegt, wird der Standarddokumenttyp verwendet."},{"id":null,"key":"CS_FileDropZone_FolderId_Help","value":"Ordner-ID des Ordners, zu dem die Dokumente hinzugefügt werden. Wenn nicht angegeben, werden die Dokumente nicht abgelegt."},{"id":null,"key":"CS_FileDropZone_MaxAddDoc","value":"Maximale Anzahl hinzuzufügender Dokumente"},{"id":null,"key":"CS_FileDropZone_MaxAddDoc_Help","value":"Geben Sie die maximale Anzahl Dokumente an, die Benutzer gleichzeitig hinzufügen können. Das Standardmaximum ist 50."},{"id":null,"key":"CS_Folder_Classes","value":"Ordnerklassen"},{"id":null,"key":"CS_Folder_Classes_Help","value":"Eine Gruppe von Ordnerklassen, die beim Hinzufügen neuer Ordner angezeigt werden. Wenn nicht festgelegt, werden Ordnerklassen vom Server abgerufen. Die hier eingegebenen Namen werden dem Benutzer angezeigt und die Werte entsprechen den symbolischen Namen der einzelnen Ordnerklassen."},{"id":null,"key":"CS_GetContent_OnContentReceived","value":"Bei Inhaltsempfang"},{"id":null,"key":"CS_GetContent_OnContentReceived_Help","value":"Ein Ereignis, das ausgelöst wird, wenn der Dokumentinhalt in der Antwort zurückgegeben wurde."},{"id":null,"key":"CS_GetContent_OnGetClassAccess","value":"Bei Abruf des Klassenzugriffs"},{"id":null,"key":"CS_GetContent_OnGetClassAccess_Help","value":"Ein Ereignis, das ausgelöst wird, wenn die Antwort auf den Abruf des Klassenzugriffs zurückgegeben wurde."},{"id":null,"key":"CS_GetContent_OnPropertiesUpdated","value":"Bei aktualisierten Eigenschaften"},{"id":null,"key":"CS_GetContent_OnPropertiesUpdated_Help","value":"Ein Ereignis, das ausgelöst wird, wenn die Eigenschaften abgerufen und im Inhaltselementobjekt aktualisiert wurden."},{"id":null,"key":"CS_Height","value":"Höhe"},{"id":null,"key":"CS_Include_Time_Picker","value":"Zeitauswahlfeld für Datums- und Uhrzeitwerte einschließen"},{"id":null,"key":"CS_Include_Time_Picker_Help","value":"Stellt, wenn festgelegt, eine Schnittstelle zum Einstellen des Zeitabschnitts der Datums- und Uhrzeitwerte bereit."},{"id":null,"key":"CS_ObjectStoreName","value":"Repository-Name"},{"id":null,"key":"CS_ObjectStoreName_Help","value":"Objektspeichername aus der Administration Console for Content Platform Engine."},{"id":null,"key":"CS_On_Class_Selected","value":"Bei Klassenauswahl"},{"id":null,"key":"CS_On_Class_Selected_Help","value":"Das Ereignis, das ausgelöst wird, wenn der Benutzer eine Klasse auswählt."},{"id":null,"key":"CS_ProgressIndicator_OnClose","value":"Beim Schließen"},{"id":null,"key":"CS_ProgressIndicator_OnClose_Help","value":"Wird ausgelöst, wenn der Fortschrittsanzeiger geschlossen wird."},{"id":null,"key":"CS_ProgressIndicator_OnFileRemoved","value":"Bei Dateientfernung"},{"id":null,"key":"CS_ProgressIndicator_OnFileRemoved_Help","value":"Wird ausgelöst, wenn eine anstehende Datei aus dem Fortschrittsanzeiger entfernt wird."},{"id":null,"key":"CS_PropertyList_Display_Edit","value":"Schaltflächen für Bearbeitung von Eigenschaftswerten anzeigen"},{"id":null,"key":"CS_PropertyList_Display_Edit_Help","value":"Anzeigen von Schaltflächen in einer Symbolleiste, über die Benutzer Eigenschaftswerte bearbeiten können."},{"id":null,"key":"CS_PropertyPoller_OnError","value":"Bei Fehler"},{"id":null,"key":"CS_PropertyPoller_OnError_Help","value":"Wird ausgelöst, wenn beim Abfragen einer Eigenschaft ein Fehler auftritt."},{"id":null,"key":"CS_PropertyPoller_OnResults","value":"Bei Ergebnissen"},{"id":null,"key":"CS_PropertyPoller_OnResults_Help","value":"Wird ausgelöst, wenn Ergebnisse von einer Abfrageanforderung empfangen werden."},{"id":null,"key":"CS_PropertyPoller_OnStatus","value":"Bei Eigenschaftsinformationsrückgabe"},{"id":null,"key":"CS_PropertyPoller_OnStatus_Help","value":"Wird ausgelöst, wenn von einer Abfrage des Servers nach Eigenschaftsinformationen Daten zurückgegeben werden."},{"id":null,"key":"CS_Query_ExecuteOnChange","value":"Suche bei Änderung ausführen"},{"id":null,"key":"CS_Query_ExecuteOnChange_Help","value":"Führt die konfigurierte Suche aus, wenn das Ansichtsänderungsereignis in der Komponente auftritt."},{"id":null,"key":"CS_Query_ExecuteOnView","value":"Suche bei Anzeige ausführen"},{"id":null,"key":"CS_Query_ExecuteOnView_Help","value":"Führt die konfigurierte Suche aus, wenn das Coach-Ansichtsereignis in der Komponente auftritt."},{"id":null,"key":"CS_Query_MaxResults","value":"Maximale Ergebnisse"},{"id":null,"key":"CS_Query_MaxResults_Help","value":"Die maximale Anzahl Ergebnisse, die von der Abfrage zurückgegeben werden sollen."},{"id":null,"key":"CS_Query_OnError","value":"Bei Fehler"},{"id":null,"key":"CS_Query_OnError_Help","value":"Wird ausgelöst, wenn ein Fehler auftritt."},{"id":null,"key":"CS_Query_OnSearchResults","value":"Bei Suchergebnissen"},{"id":null,"key":"CS_Query_OnSearchResults_Help","value":"Wird ausgelöst, wenn Suchergebnisse vom Server zurückgegeben werden."},{"id":null,"key":"CS_Query_ResultProperties","value":"Ergebniseigenschaften"},{"id":null,"key":"CS_Query_ResultProperties_Help","value":"Symbolische Namen von Eigenschaften, die in den Suchergebnissen zurückgegeben werden."},{"id":null,"key":"CS_Query_SearchValue","value":"Suchwerte"},{"id":null,"key":"CS_Query_SearchValue_Help","value":"Die Werte, nach denen gesucht werden soll."},{"id":null,"key":"CS_RepositoryId","value":"Repository-ID"},{"id":null,"key":"CS_RepositoryId_Help","value":"Die Repository-ID von IBM Navigator. Dieser Wert wird vom Document Viewer verwendet."},{"id":null,"key":"CS_SummaryCard_Details","value":"Details"},{"id":null,"key":"CS_SummaryCard_Details_Help","value":"Wird im Abschnitt 'Details' der Übersichtskarte angezeigt."},{"id":null,"key":"CS_SummaryCard_DisplayHelpIcon","value":"Hilfesymbol anzeigen"},{"id":null,"key":"CS_SummaryCard_DisplayHelpIcon_Help","value":"Wenn aktiviert, wird in der Karte eine Hilfesymbol angezeigt."},{"id":null,"key":"CS_SummaryCard_HelpLearnMoreUrl","value":"Hilfe-URL für weitere Informationen"},{"id":null,"key":"CS_SummaryCard_HelpLearnMoreUrl_Help","value":"Ein Link zu weiteren Informationen. Wenn festgelegt, wird in der Hilfe-QuickInfo eine Schaltfläche angezeigt und beim Klicken darauf die im Link angegebene Seite aufgerufen."},{"id":null,"key":"CS_SummaryCard_HelpText","value":"Hilfetext"},{"id":null,"key":"CS_SummaryCard_HelpText_Help","value":"Entweder eine Nachrichten-ID oder Text, der in einer QuickInfo angezeigt wird, wenn der Benutzer auf das Hilfesymbol klickt."},{"id":null,"key":"CS_SummaryCard_OnClick","value":"Bei Klick"},{"id":null,"key":"CS_SummaryCard_OnClick_Help","value":"Wird ausgelöst, wenn auf die Übersichtskarte geklickt wird."},{"id":null,"key":"CS_SummaryCard_Title","value":"Titel"},{"id":null,"key":"CS_SummaryCard_Title_Help","value":"Wird als Titel der Übersichtskarte angezeigt."},{"id":null,"key":"CS_UploadContent_OnContentAdded","value":"Bei Inhaltshinzufügung"},{"id":null,"key":"CS_UploadContent_OnContentAdded_Help","value":"Ein Ereignis, das ausgelöst wird, wenn Inhalt erfolgreich hochgeladen wird."},{"id":null,"key":"CS_UploadContent_OnError","value":"Bei Fehler"},{"id":null,"key":"CS_UploadContent_OnError_Help","value":"Ein Ereignis, das ausgelöst wird, wenn beim Hochladen von Inhalt ein Fehler auftritt."},{"id":null,"key":"CS_Width","value":"Breite"}]}