{"id":"50.adeae4bd-e860-48f8-8f12-9436f7840773/2064.da475e61-9610-4fe7-ab04-1910a3fe98fa","localeLanguage":"fr","localeCountry":"","localeVariant":"","localeDisplayName":"CSResource","resourceBundleKey":[{"id":null,"key":"CS_BatchContent_OnDocumentCheckedOut","value":"A la réservation du document"},{"id":null,"key":"CS_BatchContent_OnDocumentCheckedOut_Help","value":"Evénement déclenché lorsque le document a été réservé."},{"id":null,"key":"CS_BatchContent_OnGetProperties","value":"A l'obtention des propriétés"},{"id":null,"key":"CS_BatchContent_OnGetProperties_Help","value":"Evénement déclenché lors de l'extraction des propriétés."},{"id":null,"key":"CS_BatchContent_OnRollbackBatch","value":"A l'annulation du lot"},{"id":null,"key":"CS_BatchContent_OnRollbackBatch_Help","value":"Evénement déclenché lorsque le lot a été annulé."},{"id":null,"key":"CS_BatchContent_OnSaveBatch","value":"A la sauvegarde du lot"},{"id":null,"key":"CS_BatchContent_OnSaveBatch_Help","value":"Evénement déclenché lors de la sauvegarde du lot."},{"id":null,"key":"CS_BatchContent_OnSearchResults","value":"A la recherche de résultats"},{"id":null,"key":"CS_BatchContent_OnSearchResults_Help","value":"Evénement déclenché lorsque les résultats de la recherche ont été renvoyés."},{"id":null,"key":"CS_BatchContent_OnUpdateBatch","value":"A la mise à jour du lot"},{"id":null,"key":"CS_BatchContent_OnUpdateBatch_Help","value":"Evénement déclenché lors de la mise à jour du lot."},{"id":null,"key":"CS_BatchContent_OnUpdateProperties","value":"A la mise à jour des propriétés"},{"id":null,"key":"CS_BatchContent_OnUpdateProperties_Help","value":"Evénement déclenché lorsque les propriétés ont été mises à jour."},{"id":null,"key":"CS_Class_Selector_Svc_Error","value":"Erreur de service"},{"id":null,"key":"CS_Class_Selector_Svc_Error_Help","value":"Déclenché lorsqu'une erreur est renvoyée par l'appel d'un service."},{"id":null,"key":"CS_ContentListFilter_Cancel","value":"Annuler"},{"id":null,"key":"CS_ContentListFilter_Filter","value":"Filtrer"},{"id":null,"key":"CS_ContentListFilter_OnCanceFilter","value":"En cas d'annulation"},{"id":null,"key":"CS_ContentListFilter_OnCancelFilter_Help","value":"Evénement déclenché lorsque l'utilisateur clique sur le bouton Annuler."},{"id":null,"key":"CS_ContentListFilter_OnFilter","value":"En cas de filtrage"},{"id":null,"key":"CS_ContentListFilter_OnFilter_Help","value":"Evénement déclenché lorsque l'utilisateur clique sur le bouton Filtrer."},{"id":null,"key":"CS_ContentListFilter_TypeName","value":"Nom du type"},{"id":null,"key":"CS_ContentListFilter_TypeName_Help","value":"Type d'objet de recherche."},{"id":null,"key":"CS_ContentList_Actions","value":"Actions"},{"id":null,"key":"CS_ContentList_AddButton","value":"Ajouter"},{"id":null,"key":"CS_ContentList_Advanced","value":"Paramètres avancés"},{"id":null,"key":"CS_ContentList_Behavior","value":"Comportement"},{"id":null,"key":"CS_ContentList_Columns","value":"Colonnes"},{"id":null,"key":"CS_ContentList_Columns_Help","value":"Colonnes à afficher dans la liste. Définissez-les si vous voulez vos propres propriétés de colonne personnalisées ; autrement, un jeu par défaut est utilisé."},{"id":null,"key":"CS_ContentList_ConfigurationProperty","value":"Propriété de configuration"},{"id":null,"key":"CS_ContentList_ConfigurationProperty_Help","value":"Nom d'une propriété dans laquelle les données de configuration seront stockées au format JSON."},{"id":null,"key":"CS_ContentList_ConfigurationValues","value":"Valeurs de configuration"},{"id":null,"key":"CS_ContentList_ContentItems","value":"Eléments de contenu"},{"id":null,"key":"CS_ContentList_ContentItems_Help","value":"Liste des objets CSDocument à afficher. La propriété ID est la seule propriété obligatoire des objets de document."},{"id":null,"key":"CS_ContentList_ControllerProperty","value":"Propriété de document du contrôleur"},{"id":null,"key":"CS_ContentList_ControllerProperty_Help","value":"Nom de la propriété de valeur d'objet dans la classe de document qui sera associé au contrôleur de lots."},{"id":null,"key":"CS_ContentList_DisableDnDAdd_Help","value":"Cette option désactive l'ajout de documents par glisser-déposer."},{"id":null,"key":"CS_ContentList_DisabledValues","value":"Valeurs désactivées"},{"id":null,"key":"CS_ContentList_DisabledValues_Help","value":"Spécifiez les valeurs de propriété pour lesquelles les actions des éléments seront désactivées."},{"id":null,"key":"CS_ContentList_DisplayProgressIndicator","value":"Affiche un indicateur de progression lors de l'ajout de documents."},{"id":null,"key":"CS_ContentList_DisplayProgressIndicator_Help","value":"Cette option permet d'afficher un indicateur de progression lors de l'ajout de documents."},{"id":null,"key":"CS_ContentList_EnableSearchFilter","value":"Activer le filtre de recherche"},{"id":null,"key":"CS_ContentList_EnableSearchFilter_Help","value":"Affiche le composant de filtre de recherche pour spécifier plusieurs paramètres de recherche à interroger et afficher les résultats dans la vue de liste."},{"id":null,"key":"CS_ContentList_Enable_Polling","value":"Activer l'interrogation du statut des documents"},{"id":null,"key":"CS_ContentList_Enable_Polling_Help","value":"Si cette option est activée, le statut des documents ajoutés est mis à jour par interrogation."},{"id":null,"key":"CS_ContentList_ExtraProperties","value":"Propriétés supplémentaires"},{"id":null,"key":"CS_ContentList_ExtraProperties_Help","value":"Spécifiez des propriétés supplémentaires que vous souhaitez renvoyer avec les éléments dans l'ensemble de résultats."},{"id":null,"key":"CS_ContentList_Folder","value":"Dossier"},{"id":null,"key":"CS_ContentList_FolderId","value":"ID dossier"},{"id":null,"key":"CS_ContentList_FolderId_Help","value":"Définissez l'ID ou le chemin de dossier pour initialiser la liste de contenus avec le contenu du dossier spécifié. La définition de l'ID de dossier prend le pas sur les paramètres de recherche."},{"id":null,"key":"CS_ContentList_Height_Help","value":"The height of the content list view window."},{"id":null,"key":"CS_ContentList_HideAction_Help","value":"Cochez le paramètre d'action pour supprimer cette action du menu déroulant."},{"id":null,"key":"CS_ContentList_HideAddDialog","value":"Masquer la boîte de dialogue d'ajout lors de l'ajout de documents"},{"id":null,"key":"CS_ContentList_HideAddDialog_Help","value":"Si cette option est sélectionnée et qu'un seul type de document est configuré, les documents sont ajoutés sans afficher la boîte de dialogue Ajouter un document."},{"id":null,"key":"CS_ContentList_HideAddDocument","value":"Masquer l'ajout de document"},{"id":null,"key":"CS_ContentList_HideAddFolder","value":"Masquer l'ajout de dossier"},{"id":null,"key":"CS_ContentList_HideCancelCheckoutDoc","value":"Masquer l'annulation de réservation de document"},{"id":null,"key":"CS_ContentList_HideCheckoutDocument","value":"Masquer la réservation de document"},{"id":null,"key":"CS_ContentList_HideCheckoutState","value":"Masquer l'état de réservation"},{"id":null,"key":"CS_ContentList_HideCheckoutState_Help","value":"Sélectionnez cette option pour activer ou désactiver l'affichage de l'icône d'état de réservation."},{"id":null,"key":"CS_ContentList_HideDeleteDocument","value":"Masquer la suppression de document"},{"id":null,"key":"CS_ContentList_HideDeleteFolder","value":"Masquer la suppression de dossier"},{"id":null,"key":"CS_ContentList_HideDownloadDocument","value":"Masquer le téléchargement de document"},{"id":null,"key":"CS_ContentList_HideEditDocument","value":"Masquer l'édition de document"},{"id":null,"key":"CS_ContentList_HideEditDocumentProps","value":"Masquer l'édition des propriétés de document"},{"id":null,"key":"CS_ContentList_HideEditFolderProps","value":"Masquer l'édition des propriétés de dossier"},{"id":null,"key":"CS_ContentList_HideRefresh","value":"Masquer l'actualisation"},{"id":null,"key":"CS_ContentList_HideRenameFolder","value":"Masquer le renommage de dossier"},{"id":null,"key":"CS_ContentList_HideSearchField","value":"Masquer la zone de recherche"},{"id":null,"key":"CS_ContentList_HideSearchField_Help","value":"Ne pas afficher la zone de recherche. Les paramètres de recherche sont définis dans les paramètres de configuration."},{"id":null,"key":"CS_ContentList_HideUploadNewVersionDoc","value":"Masquer le transfert d'une nouvelle version du document"},{"id":null,"key":"CS_ContentList_HideViewDocument","value":"Masquer l'affichage de document"},{"id":null,"key":"CS_ContentList_IncludeTimeInDates","value":"Inclure l'heure dans les propriétés de date"},{"id":null,"key":"CS_ContentList_IncludeTimeInDates_Help","value":"Afficher la partie heure de la valeur de date dans les propriétés de colonne."},{"id":null,"key":"CS_ContentList_InitialPageSize","value":"Taille de page initiale"},{"id":null,"key":"CS_ContentList_InitialPageSize_Help","value":"Taille de l'ensemble de résultats renvoyé pour affichage dans la liste de contenus. La taille de page par défaut est de 20 éléments."},{"id":null,"key":"CS_ContentList_OnActionMenuOpen","value":"A l'ouverture d'un menu contextuel"},{"id":null,"key":"CS_ContentList_OnActionMenuOpen_Help","value":"Evénement déclenché lorsque le menu d'action est sur le point d'être ouvert. Transmet un objet de dossier avec ses propriétés."},{"id":null,"key":"CS_ContentList_OnAdd","value":"A l'ajout d'un contenu"},{"id":null,"key":"CS_ContentList_OnAdd_Help","value":"Evénement déclenché lors de l'ajout d'un document ou d'un dossier. Transmet un objet contentItem."},{"id":null,"key":"CS_ContentList_OnContextMenuOpen","value":"A l'ouverture d'un menu contextuel"},{"id":null,"key":"CS_ContentList_OnContextMenuOpen_Help","value":"Evénement déclenché lorsque le menu contextuel est sur le point d'être ouvert. Transmet un objet de contenu avec ses propriétés."},{"id":null,"key":"CS_ContentList_OnError","value":"En cas d'erreur"},{"id":null,"key":"CS_ContentList_OnError_Help","value":"Evénement envoyé en cas d'erreur du service."},{"id":null,"key":"CS_ContentList_OnFileClicked","value":"Au clic sur un fichier"},{"id":null,"key":"CS_ContentList_OnFileClicked_Help","value":"Evénement déclenché lorsqu'un document est sélectionné dans la colonne principale. Transmet un objet de document avec ses propriétés."},{"id":null,"key":"CS_ContentList_OnFolderClicked","value":"Au clic sur un dossier"},{"id":null,"key":"CS_ContentList_OnFolderClicked_Help","value":"Evénement déclenché lorsqu'un dossier est sélectionné dans la colonne principale. Transmet un objet de dossier avec ses propriétés."},{"id":null,"key":"CS_ContentList_OnPollResults","value":"En cas de résultats d'interrogation"},{"id":null,"key":"CS_ContentList_OnPollResults_Help","value":"Déclenché lors de la réception d'un résultat d'interrogation contenant le statut de document."},{"id":null,"key":"CS_ContentList_OnResults","value":"Au chargement de résultats"},{"id":null,"key":"CS_ContentList_OnResults_Help","value":"Evénement envoyé lorsqu'un service renvoie des résultats. Transmet la liste des éléments rendus dans la liste de contenus."},{"id":null,"key":"CS_ContentList_OnRowSelected","value":"A la sélection d'une ligne"},{"id":null,"key":"CS_ContentList_OnRowSelected_Help","value":"Evénement déclenché lorsqu'une ligne est sélectionnée avec un bouton d'option ou une case à cocher. Transmet le paramètre supplémentaire : row (row.data.contentItem contient l'objet de document ou de dossier avec les propriétés)."},{"id":null,"key":"CS_ContentList_Polling_Exit_Values","value":"Valeurs de la propriété de sortie d'interrogation"},{"id":null,"key":"CS_ContentList_Polling_Exit_Values_Help","value":"L'interrogation s'arrête si la valeur de propriété de document qu'elle renvoie correspond à l'une des valeurs configurées."},{"id":null,"key":"CS_ContentList_Polling_Neg_Exit_Values","value":"Interrogation des valeurs de propriété de sortie négatives"},{"id":null,"key":"CS_ContentList_Polling_Neg_Exit_Values_Help","value":"L'interrogation s'arrête si la valeur de propriété de document qu'elle renvoie ne correspond pas à l'une des valeurs configurées."},{"id":null,"key":"CS_ContentList_Resources","value":"Ressources"},{"id":null,"key":"CS_ContentList_Resources_Help","value":"Défini sur un regroupement de ressources externes pour extraire les ressources de chaînes localisées des en-têtes de colonne et des libellés de filtre de liste de propriétés."},{"id":null,"key":"CS_ContentList_RootFolderName","value":"Nom du dossier racine"},{"id":null,"key":"CS_ContentList_RootFolderName_Help","value":"Nom d'affichage à utiliser pour le dossier racine à la place de son nom dans le référentiel Content Services."},{"id":null,"key":"CS_ContentList_Search","value":"Rechercher"},{"id":null,"key":"CS_ContentList_SearchFilterProperties","value":"Propriétés du filtre de recherche"},{"id":null,"key":"CS_ContentList_SearchFilterProperties_Help","value":"Spécifiez l'ensemble de propriétés que vous souhaitez interroger pour alimenter la vue de liste."},{"id":null,"key":"CS_ContentList_SearchFolderId","value":"Rechercher dans un ID dossier"},{"id":null,"key":"CS_ContentList_SearchFolderId_Help","value":"ID du dossier dans lequel commencer la recherche. Ce paramètre facultatif limite la recherche au dossier spécifié. S'il n'est pas défini, la recherche s'effectue dans l'ensemble du conteneur d'objets."},{"id":null,"key":"CS_ContentList_SearchFor","value":"Rechercher"},{"id":null,"key":"CS_ContentList_SearchFor_Help","value":"Rechercher des éléments de document ou de dossier."},{"id":null,"key":"CS_ContentList_SearchOnlyFolder","value":"Rechercher uniquement dans ce dossier"},{"id":null,"key":"CS_ContentList_SearchOnlyFolder_Help","value":"Ne pas inclure la recherche dans les sous-dossiers."},{"id":null,"key":"CS_ContentList_SearchOperator","value":"Opérateur"},{"id":null,"key":"CS_ContentList_SearchOperator_Help","value":"Opérateur de requête que vous souhaitez utiliser, comme Commence par, Se termine par, Similaire à, Non similaire à, \\=, <, >, <>, >\\=, <\\=, etc."},{"id":null,"key":"CS_ContentList_SearchProperty","value":"Propriété de recherche"},{"id":null,"key":"CS_ContentList_SearchPropertyCardinality","value":"Cardinalité des propriétés de recherche"},{"id":null,"key":"CS_ContentList_SearchPropertyCardinality_Help","value":"Indique si la propriété de recherche contient une ou plusieurs valeurs."},{"id":null,"key":"CS_ContentList_SearchPropertyType","value":"Type de propriété de recherche"},{"id":null,"key":"CS_ContentList_SearchPropertyType_Help","value":"Type de données de la propriété de recherche spécifiée."},{"id":null,"key":"CS_ContentList_SearchProperty_Help","value":"Nom symbolique de la propriété sur laquelle vous souhaitez effectuer la recherche."},{"id":null,"key":"CS_ContentList_SearchRootName","value":"Nom de la recherche racine"},{"id":null,"key":"CS_ContentList_SearchRootName_Help","value":"Nom d'affichage de la recherche racine à utiliser sur l'élément de navigation."},{"id":null,"key":"CS_ContentList_SearchTextOptions","value":"Options de texte"},{"id":null,"key":"CS_ContentList_SearchTextOptions_Help","value":"Configurer la recherche pour inclure une requête de base de contenu en plus de la recherche de propriété spécifiée."},{"id":null,"key":"CS_ContentList_SearchType","value":"Type de recherche"},{"id":null,"key":"CS_ContentList_SearchType_Help","value":"Recherchez des objets d'un type particulier."},{"id":null,"key":"CS_ContentList_SearchValue","value":"Valeur par défaut"},{"id":null,"key":"CS_ContentList_SearchValue_Help","value":"Valeur à rechercher. Si elle est laissée vide, les utilisateurs peuvent entrer une valeur pour appeler la recherche lors de l'exécution."},{"id":null,"key":"CS_ContentList_SecondaryProperty","value":"State secondary property"},{"id":null,"key":"CS_ContentList_SecondaryProperty_Help","value":"Select a property to be used as a custom secondary state property."},{"id":null,"key":"CS_ContentList_SelectionMode","value":"Mode de sélection"},{"id":null,"key":"CS_ContentList_SelectionMode_Help","value":"Sélection simple, sélection multiple ou aucune."},{"id":null,"key":"CS_ContentList_ShowCustomState","value":"Afficher l'état personnalisé"},{"id":null,"key":"CS_ContentList_ShowCustomState_Help","value":"Sélectionnez cette option pour activer ou désactiver l'affichage d'une icône d'état personnalisée."},{"id":null,"key":"CS_ContentList_SortOrder","value":"Ordre de tri"},{"id":null,"key":"CS_ContentList_SortOrder_Help","value":"Ordre de tri par défaut, croissant ou décroissant."},{"id":null,"key":"CS_ContentList_SortProperty","value":"Trier sur la propriété"},{"id":null,"key":"CS_ContentList_SortProperty_Help","value":"Sélectionnez la propriété sur laquelle l'ensemble de résultats doit être trié."},{"id":null,"key":"CS_ContentList_StateProperty","value":"Propriété d'état"},{"id":null,"key":"CS_ContentList_StateProperty_Help","value":"Sélectionnez une propriété à utiliser comme propriété d'état personnalisée."},{"id":null,"key":"CS_ContentList_Status_Polling_Interval","value":"Intervalle d'interrogation du statut"},{"id":null,"key":"CS_ContentList_Status_Polling_Interval_Help","value":"Nombre de secondes entre les demandes pour interroger le statut des documents ajoutés."},{"id":null,"key":"CS_ContentList_Status_Polling_Property","value":"Propriété d'interrogation du statut"},{"id":null,"key":"CS_ContentList_Status_Polling_Property_Help","value":"Propriété interrogée pour obtenir le statut des documents ajoutés."},{"id":null,"key":"CS_ContentList_Status_Polling_Timeout","value":"Délai d'interrogation par document"},{"id":null,"key":"CS_ContentList_Status_Polling_Timeout_Help","value":"Nombre de secondes par document après lequel l'interrogation s'arrête si une condition de sortie n'est pas remplie."},{"id":null,"key":"CS_ContentList_TableRowHeight","value":"Hauteur des lignes du tableau"},{"id":null,"key":"CS_ContentList_TableRowHeight_Help","value":"Paramètre utilisé pour spécifier la hauteur des lignes du tableau de la liste de contenus."},{"id":null,"key":"CS_ContentList_Width_Help","value":"The width of the content list view window."},{"id":null,"key":"CS_ContentLlist_DisableDnDAdd","value":"Désactiver l'ajout par glisser-déposer"},{"id":null,"key":"CS_ContentLlist_Polling_Neg_Exit_Values_Help","value":"L'interrogation s'arrête si la valeur de propriété de document qu'elle renvoie ne correspond pas à l'une des valeurs configurées."},{"id":null,"key":"CS_ContentViewer_FitHeight","value":"Ajuster la hauteur"},{"id":null,"key":"CS_ContentViewer_FitWidth","value":"Ajuster la largeur"},{"id":null,"key":"CS_ContentViewer_Height","value":"Hauteur"},{"id":null,"key":"CS_ContentViewer_OnLoad","value":"Au chargement"},{"id":null,"key":"CS_ContentViewer_Width","value":"Largeur"},{"id":null,"key":"CS_ContestList_MaxAddDocs_Help","value":"Spécifiez le nombre maximum de documents que les utilisateurs peuvent ajouter simultanément. Il est de 50 par défaut, mais vous pouvez le fixer à 300."},{"id":null,"key":"CS_DepDocPropertiesProperty","value":"Propriété de document dépendant"},{"id":null,"key":"CS_DepDocPropertiesProperty_Help","value":"Nom symbolique de la propriété de valeur d'objet qui pointe sur le document contenant les valeurs JSON à afficher."},{"id":null,"key":"CS_DepDocumentProperties_OnError","value":"En cas d'erreur"},{"id":null,"key":"CS_DepDocumentProperties_OnError_Help","value":"Evénement déclenché lorsqu'une erreur se produit au cours de l'extraction des valeurs de propriété."},{"id":null,"key":"CS_Document_Classes","value":"Classes de documents"},{"id":null,"key":"CS_Document_Classes_Help","value":"Ensemble de classes de document qui s'affiche lors de l'ajout de nouveaux documents. S'il n'est pas défini, les classes de document sont extraites du serveur. Les noms entrés ici sont visibles par l'utilisateur et les valeurs correspondent aux noms symboliques des différentes classes de document."},{"id":null,"key":"CS_FileDropZone_DocumentType","value":"Type de document"},{"id":null,"key":"CS_FileDropZone_DocumentType_Help","value":"Type de document à utiliser pour l'ajout de documents. S'il n'est pas défini, le type de document par défaut est utilisé."},{"id":null,"key":"CS_FileDropZone_FolderId_Help","value":"ID du dossier dans lequel les documents doivent être ajoutés. S'il n'est pas spécifié, les documents ne sont pas déclassés."},{"id":null,"key":"CS_FileDropZone_MaxAddDoc","value":"Nombre maximum de documents à ajouter"},{"id":null,"key":"CS_FileDropZone_MaxAddDoc_Help","value":"Spécifiez le nombre maximum de documents que les utilisateurs peuvent ajouter simultanément. La valeur maximale par défaut est de 50."},{"id":null,"key":"CS_Folder_Classes","value":"Classes de dossier"},{"id":null,"key":"CS_Folder_Classes_Help","value":"Ensemble de classes de dossier qui sera affiché lors de l'ajout de nouveaux dossiers. S'il n'est pas défini, les classes de dossier sont extraites du serveur. Les noms entrés ici sont visibles par l'utilisateur et les valeurs correspondent aux noms symboliques des différentes classes de dossier."},{"id":null,"key":"CS_GetContent_OnContentReceived","value":"A la réception d'un contenu"},{"id":null,"key":"CS_GetContent_OnContentReceived_Help","value":"Evénement déclenché lorsque le contenu du document a été renvoyé dans la réponse."},{"id":null,"key":"CS_GetContent_OnGetClassAccess","value":"A l'obtention de l'accès à la classe"},{"id":null,"key":"CS_GetContent_OnGetClassAccess_Help","value":"Evénement déclenché lorsque la réponse à la demande d'obtention de l'accès à la classe a été renvoyée."},{"id":null,"key":"CS_GetContent_OnPropertiesUpdated","value":"A la mise à jour des propriétés"},{"id":null,"key":"CS_GetContent_OnPropertiesUpdated_Help","value":"Evénement déclenché lorsque les propriétés ont été extraites et mises à jour dans l'objet de contenu."},{"id":null,"key":"CS_Height","value":"Hauteur"},{"id":null,"key":"CS_Include_Time_Picker","value":"Inclure un sélecteur pour les valeurs de date et d'heure"},{"id":null,"key":"CS_Include_Time_Picker_Help","value":"Lorsqu'il est défini, fournit une interface permettant de définir la partie heure des valeurs de date et heure."},{"id":null,"key":"CS_ObjectStoreName","value":"Nom de référentiel"},{"id":null,"key":"CS_ObjectStoreName_Help","value":"Nom du conteneur d'objets d'Administration Console for Content Platform Engine."},{"id":null,"key":"CS_On_Class_Selected","value":"A la sélection d'une classe"},{"id":null,"key":"CS_On_Class_Selected_Help","value":"Evénement déclenché lorsque l'utilisateur sélectionne une classe."},{"id":null,"key":"CS_ProgressIndicator_OnClose","value":"Lors de la fermeture"},{"id":null,"key":"CS_ProgressIndicator_OnClose_Help","value":"Déclenché lors de la fermeture de l'indicateur de progression."},{"id":null,"key":"CS_ProgressIndicator_OnFileRemoved","value":"En cas de suppression d'un fichier"},{"id":null,"key":"CS_ProgressIndicator_OnFileRemoved_Help","value":"Déclenché lorsqu'un fichier en attente est supprimé de l'indicateur de progression"},{"id":null,"key":"CS_PropertyList_Display_Edit","value":"Afficher les boutons permettant d'éditer les valeurs des propriétés"},{"id":null,"key":"CS_PropertyList_Display_Edit_Help","value":"Affiche des boutons dans une barre d'outils permettant aux utilisateurs d'éditer les valeurs des propriétés."},{"id":null,"key":"CS_PropertyPoller_OnError","value":"En cas d'erreur"},{"id":null,"key":"CS_PropertyPoller_OnError_Help","value":"Déclenché lorsqu'une erreur se produit lors de l'interrogation d'une propriété."},{"id":null,"key":"CS_PropertyPoller_OnResults","value":"En cas de résultats"},{"id":null,"key":"CS_PropertyPoller_OnResults_Help","value":"Déclenché lors de la réception des résultats d'une demande d'interrogation."},{"id":null,"key":"CS_PropertyPoller_OnStatus","value":"Au renvoi d'informations de propriété"},{"id":null,"key":"CS_PropertyPoller_OnStatus_Help","value":"Déclenché lorsque les données sont renvoyées suite à une demande au serveur d'informations sur les propriétés."},{"id":null,"key":"CS_Query_ExecuteOnChange","value":"Exécuter la recherche de modification"},{"id":null,"key":"CS_Query_ExecuteOnChange_Help","value":"Exécute la recherche configurée lorsque l'événement de modification de la vue se produit dans le composant."},{"id":null,"key":"CS_Query_ExecuteOnView","value":"Exécuter une recherche dans la vue"},{"id":null,"key":"CS_Query_ExecuteOnView_Help","value":"Exécute la recherche configurée lorsque l'événement de vue de coach se produit dans le composant."},{"id":null,"key":"CS_Query_MaxResults","value":"Nombre maximal de résultats"},{"id":null,"key":"CS_Query_MaxResults_Help","value":"Nombre maximal de résultats à renvoyer par la requête."},{"id":null,"key":"CS_Query_OnError","value":"En cas d'erreur"},{"id":null,"key":"CS_Query_OnError_Help","value":"Déclenché lorsqu'une erreur se produit."},{"id":null,"key":"CS_Query_OnSearchResults","value":"A la recherche de résultats"},{"id":null,"key":"CS_Query_OnSearchResults_Help","value":"Déclenché lorsque les résultats de la recherche sont renvoyés par le serveur."},{"id":null,"key":"CS_Query_ResultProperties","value":"Propriétés des résultats"},{"id":null,"key":"CS_Query_ResultProperties_Help","value":"Noms symboliques des propriétés renvoyées dans les résultats de la recherche."},{"id":null,"key":"CS_Query_SearchValue","value":"Valeurs de recherche"},{"id":null,"key":"CS_Query_SearchValue_Help","value":"Valeurs à rechercher."},{"id":null,"key":"CS_RepositoryId","value":"ID référentiel"},{"id":null,"key":"CS_RepositoryId_Help","value":"ID référentiel dans IBM Navigator. Cette valeur est utilisée par l'afficheur de document."},{"id":null,"key":"CS_SummaryCard_Details","value":"Détails"},{"id":null,"key":"CS_SummaryCard_Details_Help","value":"Affiché dans la section des détails de la carte récapitulative."},{"id":null,"key":"CS_SummaryCard_DisplayHelpIcon","value":"Afficher l'icône d'aide"},{"id":null,"key":"CS_SummaryCard_DisplayHelpIcon_Help","value":"Lorsque cette option est sélectionnée, affiche une icône d'aide dans la carte."},{"id":null,"key":"CS_SummaryCard_HelpLearnMoreUrl","value":"URL du lien En savoir plus dans l'aide"},{"id":null,"key":"CS_SummaryCard_HelpLearnMoreUrl_Help","value":"Lien vers la rubrique En savoir plus. Lorsque ce lien est défini, un bouton sur lequel vous pouvez cliquer pour afficher la page indiquée dans le lien apparaît dans l'infobulle d'aide."},{"id":null,"key":"CS_SummaryCard_HelpText","value":"Texte de l'aide"},{"id":null,"key":"CS_SummaryCard_HelpText_Help","value":"ID message ou texte qui s'affiche dans une infobulle lorsque l'utilisateur clique sur l'icône d'aide."},{"id":null,"key":"CS_SummaryCard_OnClick","value":"Au clic"},{"id":null,"key":"CS_SummaryCard_OnClick_Help","value":"Déclenché lors d'un clic sur la carte récapitulative."},{"id":null,"key":"CS_SummaryCard_Title","value":"Titre"},{"id":null,"key":"CS_SummaryCard_Title_Help","value":"Affiché en tant que titre de la carte récapitulative."},{"id":null,"key":"CS_UploadContent_OnContentAdded","value":"A l'ajout d'un contenu"},{"id":null,"key":"CS_UploadContent_OnContentAdded_Help","value":"Evénement déclenché lorsqu'un contenu est transféré avec succès."},{"id":null,"key":"CS_UploadContent_OnError","value":"En cas d'erreur"},{"id":null,"key":"CS_UploadContent_OnError_Help","value":"Evénement déclenché lorsqu'une erreur se produit au cours du transfert d'un contenu."},{"id":null,"key":"CS_Width","value":"Largeur"}]}