{"id":"50.adeae4bd-e860-48f8-8f12-9436f7840773/2064.da475e61-9610-4fe7-ab04-1910a3fe98fa","localeLanguage":"iw","localeCountry":"","localeVariant":"","localeDisplayName":"CSResource","resourceBundleKey":[{"id":null,"key":"CS_BatchContent_OnDocumentCheckedOut","value":"On document checked out"},{"id":null,"key":"CS_BatchContent_OnDocumentCheckedOut_Help","value":"An event that is fired when the document has been checked out."},{"id":null,"key":"CS_BatchContent_OnGetProperties","value":"On get properties"},{"id":null,"key":"CS_BatchContent_OnGetProperties_Help","value":"An event that is fired when the properties have been retrieved."},{"id":null,"key":"CS_BatchContent_OnRollbackBatch","value":"On rollback batch"},{"id":null,"key":"CS_BatchContent_OnRollbackBatch_Help","value":"An event that is fired when the batch has been rolled back successfully."},{"id":null,"key":"CS_BatchContent_OnSaveBatch","value":"On save batch"},{"id":null,"key":"CS_BatchContent_OnSaveBatch_Help","value":"An event that is fired when the batch has been saved."},{"id":null,"key":"CS_BatchContent_OnSearchResults","value":"On search results"},{"id":null,"key":"CS_BatchContent_OnSearchResults_Help","value":"An event that is fired when the search results have returned successfully."},{"id":null,"key":"CS_BatchContent_OnUpdateBatch","value":"On update batch"},{"id":null,"key":"CS_BatchContent_OnUpdateBatch_Help","value":"An event that is fired when the batch has been updated."},{"id":null,"key":"CS_BatchContent_OnUpdateProperties","value":"On update properties"},{"id":null,"key":"CS_BatchContent_OnUpdateProperties_Help","value":"An event that is fired when the properties have been updated."},{"id":null,"key":"CS_Class_Selector_Svc_Error","value":"שגיאת שירות"},{"id":null,"key":"CS_Class_Selector_Svc_Error_Help","value":"מופעל כאשר קריאה לשירות מחזירה שגיאה."},{"id":null,"key":"CS_ContentListFilter_Cancel","value":"Cancel"},{"id":null,"key":"CS_ContentListFilter_Filter","value":"Filter"},{"id":null,"key":"CS_ContentListFilter_OnCanceFilter","value":"On cancel"},{"id":null,"key":"CS_ContentListFilter_OnCancelFilter_Help","value":"An event that is fired when the cancel button is clicked."},{"id":null,"key":"CS_ContentListFilter_OnFilter","value":"On filter"},{"id":null,"key":"CS_ContentListFilter_OnFilter_Help","value":"An event that is fired when the filter button is clicked."},{"id":null,"key":"CS_ContentListFilter_TypeName","value":"Type name"},{"id":null,"key":"CS_ContentListFilter_TypeName_Help","value":"Search object type."},{"id":null,"key":"CS_ContentList_Actions","value":"פעולות"},{"id":null,"key":"CS_ContentList_AddButton","value":"הוספה"},{"id":null,"key":"CS_ContentList_Advanced","value":"מתקדם"},{"id":null,"key":"CS_ContentList_Behavior","value":"התנהגות"},{"id":null,"key":"CS_ContentList_Columns","value":"עמודות"},{"id":null,"key":"CS_ContentList_Columns_Help","value":"העמודות להצגה ברשימה. הגדירו את אלה אם ברצונכם להשתמש בתכונות עמודה מותאמות משלכם, אחרת ייעשה שימוש בערכת ברירת מחדל."},{"id":null,"key":"CS_ContentList_ConfigurationProperty","value":"תכונת תצורה"},{"id":null,"key":"CS_ContentList_ConfigurationProperty_Help","value":"שם של תכונה שבה יאוחסנו נתוני תצורה במבנה JSON."},{"id":null,"key":"CS_ContentList_ConfigurationValues","value":"ערכי תצורה"},{"id":null,"key":"CS_ContentList_ContentItems","value":"פריטי תוכן"},{"id":null,"key":"CS_ContentList_ContentItems_Help","value":"רשימה של אובייקטי CSDocument להצגה. תכונת הזיהוי היא התכונה הדרושה היחידה של אובייקטי המסמך."},{"id":null,"key":"CS_ContentList_ControllerProperty","value":"Controller document property"},{"id":null,"key":"CS_ContentList_ControllerProperty_Help","value":"Name of the object value property in the document class that links to the batch controller."},{"id":null,"key":"CS_ContentList_DisableDnDAdd_Help","value":"סמנו הגדרה זו כדי להשבית הוספת מסמכים באמצעות גרירה ושחרור."},{"id":null,"key":"CS_ContentList_DisabledValues","value":"ערכים מושבתים"},{"id":null,"key":"CS_ContentList_DisabledValues_Help","value":"ציינו את ערכי התכונות שעבורם יושבתו פעולות פריטים."},{"id":null,"key":"CS_ContentList_DisplayProgressIndicator","value":"הצגת מחוון התקדמות בעת הוספת מסמכים"},{"id":null,"key":"CS_ContentList_DisplayProgressIndicator_Help","value":"סמנו אפשרות זו כדי להציג מחוון התקדמות בעת הוספת מסמכים."},{"id":null,"key":"CS_ContentList_EnableSearchFilter","value":"Enable search filter"},{"id":null,"key":"CS_ContentList_EnableSearchFilter_Help","value":"Displays the search filter component for specifying multiple search parameters to query against and display the results in the list view."},{"id":null,"key":"CS_ContentList_Enable_Polling","value":"לאפשר תשאול מצב מסמך"},{"id":null,"key":"CS_ContentList_Enable_Polling_Help","value":"כאשר מוגדר, תשאול משמש לעדכון המצב של מסמכים שנוספו."},{"id":null,"key":"CS_ContentList_ExtraProperties","value":"Extra properties"},{"id":null,"key":"CS_ContentList_ExtraProperties_Help","value":"Specify additional properties that you want returned with the items in the results set."},{"id":null,"key":"CS_ContentList_Folder","value":"תיקיה"},{"id":null,"key":"CS_ContentList_FolderId","value":"זיהוי תיקיה"},{"id":null,"key":"CS_ContentList_FolderId_Help","value":"הגדירו את זיהוי התיקיה או הנתיב לאתחול רשימת התוכן עם תוכן התיקיה שצוין. להגדרת זיהוי התיקיה תהיה קדימות על הגדרות החיפוש."},{"id":null,"key":"CS_ContentList_Height_Help","value":"The height of the content list view window."},{"id":null,"key":"CS_ContentList_HideAction_Help","value":"סמנו את הגדרת הפעולה אם ברצונכם לסלק פעולה זו מהתפריט הנפתח."},{"id":null,"key":"CS_ContentList_HideAddDialog","value":"הסתרת הדו-שיח 'הוספה' בעת הוספת מסמכים"},{"id":null,"key":"CS_ContentList_HideAddDialog_Help","value":"כאשר אפשרות זו נבחרת וסוג מסמך יחיד מוגדר, מסמכים נוספים ללא הצגת הדו-שיח 'הוספת מסמך'."},{"id":null,"key":"CS_ContentList_HideAddDocument","value":"הסתרת 'הוספת מסמך'"},{"id":null,"key":"CS_ContentList_HideAddFolder","value":"הסתרת 'הוספת תיקיה'"},{"id":null,"key":"CS_ContentList_HideCancelCheckoutDoc","value":"הסתרת 'ביטול משיכת מסמך'"},{"id":null,"key":"CS_ContentList_HideCheckoutDocument","value":"הסתרת 'משיכת מסמך'"},{"id":null,"key":"CS_ContentList_HideCheckoutState","value":"הסתרת מצב משיכה"},{"id":null,"key":"CS_ContentList_HideCheckoutState_Help","value":"בחרו אפשרות זו כדי לאפשר/להשבית הצגת איקון של מצב משיכה."},{"id":null,"key":"CS_ContentList_HideDeleteDocument","value":"הסתרת 'מחיקת מסמך'"},{"id":null,"key":"CS_ContentList_HideDeleteFolder","value":"הסתרת 'מחיקת תיקיה'"},{"id":null,"key":"CS_ContentList_HideDownloadDocument","value":"הסתרת 'הורדת מסמך'"},{"id":null,"key":"CS_ContentList_HideEditDocument","value":"הסתרת 'עריכת מסמך'"},{"id":null,"key":"CS_ContentList_HideEditDocumentProps","value":"הסתרת 'עריכת תכונות מסמך'"},{"id":null,"key":"CS_ContentList_HideEditFolderProps","value":"הסתרת 'עריכת תכונות תיקיה'"},{"id":null,"key":"CS_ContentList_HideRefresh","value":"Hide refresh"},{"id":null,"key":"CS_ContentList_HideRenameFolder","value":"הסתרת 'שינוי שם תיקיה'"},{"id":null,"key":"CS_ContentList_HideSearchField","value":"הסתרת שדה החיפוש"},{"id":null,"key":"CS_ContentList_HideSearchField_Help","value":"לא להציג את שדה החיפוש. פרמטרי החיפוש מוגדרים בהגדרות התצורה."},{"id":null,"key":"CS_ContentList_HideUploadNewVersionDoc","value":"הסתרת 'טעינת גרסת מסמך חדשה'"},{"id":null,"key":"CS_ContentList_HideViewDocument","value":"הסתרת 'הצגת מסמך'"},{"id":null,"key":"CS_ContentList_IncludeTimeInDates","value":"לכלול שעה בתכונות תאריך"},{"id":null,"key":"CS_ContentList_IncludeTimeInDates_Help","value":"ההצגת חלק השעה של ערך התאריך בתכונות העמודה."},{"id":null,"key":"CS_ContentList_InitialPageSize","value":"גודל דף ראשוני"},{"id":null,"key":"CS_ContentList_InitialPageSize_Help","value":"גודל קבוצת התוצאות המוחזרת להצגה ברשימת התוכן. גודל ברירת המחדל הוא 20 פריטים לדף."},{"id":null,"key":"CS_ContentList_OnActionMenuOpen","value":"On action menu open"},{"id":null,"key":"CS_ContentList_OnActionMenuOpen_Help","value":"An event that is fired when the action menu is about to be opened. Passes a folder object with properties."},{"id":null,"key":"CS_ContentList_OnAdd","value":"בעת הוספת תוכן"},{"id":null,"key":"CS_ContentList_OnAdd_Help","value":"האירוע המופעל בעת הוספת מסמך או תיקיה. מעביר אובייקט contentItem."},{"id":null,"key":"CS_ContentList_OnContextMenuOpen","value":"עם פתיחת תפריט הקשר"},{"id":null,"key":"CS_ContentList_OnContextMenuOpen_Help","value":"אירוע המופעל לפני פתיחת תפריט הקשר. מעביר אובייקט תוכן עם תכונות."},{"id":null,"key":"CS_ContentList_OnError","value":"בעת שגיאה"},{"id":null,"key":"CS_ContentList_OnError_Help","value":"האירוע שנשלח כאשר יש שגיאה בשירות."},{"id":null,"key":"CS_ContentList_OnFileClicked","value":"בעת לחיצה על קובץ"},{"id":null,"key":"CS_ContentList_OnFileClicked_Help","value":"האירוע המופעל כשנבחר מסמך בעמודה הראשית. מעביר אובייקט מסמך עם תכונות."},{"id":null,"key":"CS_ContentList_OnFolderClicked","value":"בעת לחיצה על תיקיה"},{"id":null,"key":"CS_ContentList_OnFolderClicked_Help","value":"אירוע המופעל כאשר תיקיה נבחרת בעמודה הראשית. מעביר אובייקט תיקיה עם תכונות."},{"id":null,"key":"CS_ContentList_OnPollResults","value":"On poll results"},{"id":null,"key":"CS_ContentList_OnPollResults_Help","value":"Fired when a poll result containing document status is received."},{"id":null,"key":"CS_ContentList_OnResults","value":"בעת טעינת תוצאות"},{"id":null,"key":"CS_ContentList_OnResults_Help","value":"האירוע שנשלח כאשר תוצאות מוחזרות משירות. מעביר רשימה של פריטים המופיעים ברשימת התוכן."},{"id":null,"key":"CS_ContentList_OnRowSelected","value":"בעת בחירת שורה"},{"id":null,"key":"CS_ContentList_OnRowSelected_Help","value":"האירוע המופעל כשנבחרת שורה באמצעות לחצן רדיו או תיבת סימון. מעביר את הפרמטר הנוסף: row ‏(row.data.contentItem מחזיק אוביקט מסמך או תיקיה עם תכונות)."},{"id":null,"key":"CS_ContentList_Polling_Exit_Values","value":"ערכי תכונת יציאה של תשאול"},{"id":null,"key":"CS_ContentList_Polling_Exit_Values_Help","value":"התשאול יפסיק כאשר ערך תכונת המסמך המוחזרת הוא אחד מהערכים המוגדרים."},{"id":null,"key":"CS_ContentList_Polling_Neg_Exit_Values","value":"ערכי תכונת יציאה שליליים של תשאול"},{"id":null,"key":"CS_ContentList_Polling_Neg_Exit_Values_Help","value":"התשאול יפסיק כאשר ערך תכונת המסמך המוחזרת *אינו* אחד מהערכים המוגדרים."},{"id":null,"key":"CS_ContentList_Resources","value":"Resources"},{"id":null,"key":"CS_ContentList_Resources_Help","value":"Set to an external resource bundle to pull in localized string resources for the column headers and the property list filter labels."},{"id":null,"key":"CS_ContentList_RootFolderName","value":"שם תיקיית יסוד"},{"id":null,"key":"CS_ContentList_RootFolderName_Help","value":"שם ההצגה של תיקיית היסוד במקום שם התיקיה במאגר Content Services."},{"id":null,"key":"CS_ContentList_Search","value":"חיפוש"},{"id":null,"key":"CS_ContentList_SearchFilterProperties","value":"Search filter properties"},{"id":null,"key":"CS_ContentList_SearchFilterProperties_Help","value":"Specify the set of properties you want to query against to populate the list view."},{"id":null,"key":"CS_ContentList_SearchFolderId","value":"חיפוש בזיהוי תיקיה"},{"id":null,"key":"CS_ContentList_SearchFolderId_Help","value":"זיהוי התיקיה שבה יתחיל החיפוש. זוהי הגדרה אופציונלית שתגביל את החיפוש לתיקייה שצוינה. אם לא מוגדר, מתבצע חיפוש במאגר האובייקטים כולו."},{"id":null,"key":"CS_ContentList_SearchFor","value":"Search for"},{"id":null,"key":"CS_ContentList_SearchFor_Help","value":"Search for document or folder items."},{"id":null,"key":"CS_ContentList_SearchOnlyFolder","value":"חיפוש בתיקיה זו בלבד"},{"id":null,"key":"CS_ContentList_SearchOnlyFolder_Help","value":"לא לכלול חיפוש בתת-תיקיות"},{"id":null,"key":"CS_ContentList_SearchOperator","value":"אופרטור"},{"id":null,"key":"CS_ContentList_SearchOperator_Help","value":"אופרטור השאילתה שברצונכם להשתמש בו, כגון 'מתחיל עם', 'מסתיים עם', 'כמו', 'שונה מ', =, <, >, <>, >=, <=, וכולי)."},{"id":null,"key":"CS_ContentList_SearchProperty","value":"תכונת חיפוש"},{"id":null,"key":"CS_ContentList_SearchPropertyCardinality","value":"קרדינליות של תכונת חיפוש"},{"id":null,"key":"CS_ContentList_SearchPropertyCardinality_Help","value":"מציין אם תכונת החיפוש היא בעלת ערך יחיד או ערכים מרובים."},{"id":null,"key":"CS_ContentList_SearchPropertyType","value":"סוג תכונת חיפוש"},{"id":null,"key":"CS_ContentList_SearchPropertyType_Help","value":"סוג הנתונים של תכונת החיפוש שצוינה."},{"id":null,"key":"CS_ContentList_SearchProperty_Help","value":"שם התכונה הסימבולי של התכונה שברצונכם לחפש בה."},{"id":null,"key":"CS_ContentList_SearchRootName","value":"Root search name"},{"id":null,"key":"CS_ContentList_SearchRootName_Help","value":"The root search display name to use on the breadcrumb."},{"id":null,"key":"CS_ContentList_SearchTextOptions","value":"אפשרויות תמליל"},{"id":null,"key":"CS_ContentList_SearchTextOptions_Help","value":"הגדירו את החיפוש כך שיכלול שאילתת תוכן בסיסית בנוסף לתכונת החיפוש שצוינה."},{"id":null,"key":"CS_ContentList_SearchType","value":"Search type"},{"id":null,"key":"CS_ContentList_SearchType_Help","value":"Search for objects of a particular type."},{"id":null,"key":"CS_ContentList_SearchValue","value":"ערך ברירת מחדל"},{"id":null,"key":"CS_ContentList_SearchValue_Help","value":"הערך שיש לחפש. אם נשאר ריק, משתמשים יוכלו לציין ערך כדי להפעיל את החיפוש בזמן ריצה."},{"id":null,"key":"CS_ContentList_SecondaryProperty","value":"State secondary property"},{"id":null,"key":"CS_ContentList_SecondaryProperty_Help","value":"Select a property to be used as a custom secondary state property."},{"id":null,"key":"CS_ContentList_SelectionMode","value":"מצב בחירה"},{"id":null,"key":"CS_ContentList_SelectionMode_Help","value":"בחירה יחידה, בחירה מרובה או ללא."},{"id":null,"key":"CS_ContentList_ShowCustomState","value":"הצגת מצב מותאם"},{"id":null,"key":"CS_ContentList_ShowCustomState_Help","value":"בחרו אפשרות זו כדי לאפשר/להשבית הצגת איקון מצב מותאם."},{"id":null,"key":"CS_ContentList_SortOrder","value":"סדר מיון"},{"id":null,"key":"CS_ContentList_SortOrder_Help","value":"כיוון מיון המוגדר כברירת מחדל, עולה או יורד."},{"id":null,"key":"CS_ContentList_SortProperty","value":"תכונה למיון"},{"id":null,"key":"CS_ContentList_SortProperty_Help","value":"בחרו תכונה שלפיה תמוין קבוצת התוצאות."},{"id":null,"key":"CS_ContentList_StateProperty","value":"תכונת מצב"},{"id":null,"key":"CS_ContentList_StateProperty_Help","value":"בחרו תכונה שתשמש כתכונת מצב מותאמת."},{"id":null,"key":"CS_ContentList_Status_Polling_Interval","value":"מרווח זמן לתשאול מצב"},{"id":null,"key":"CS_ContentList_Status_Polling_Interval_Help","value":"מספר השניות בין בקשות לתשאול בנוגע למצב מסמכים שנוספו."},{"id":null,"key":"CS_ContentList_Status_Polling_Property","value":"תכונת תשאול מצב"},{"id":null,"key":"CS_ContentList_Status_Polling_Property_Help","value":"תכונה המתושאלת כדי לקבל את מצב המסמכים שנוספו."},{"id":null,"key":"CS_ContentList_Status_Polling_Timeout","value":"Polling timeout per document"},{"id":null,"key":"CS_ContentList_Status_Polling_Timeout_Help","value":"Number of seconds per document after which polling stops if an exit condition is not met."},{"id":null,"key":"CS_ContentList_TableRowHeight","value":"גובה שורת טבלה"},{"id":null,"key":"CS_ContentList_TableRowHeight_Help","value":"הגדרה המשמשת לציון גובה השורה בטבלה של רשימת התוכן."},{"id":null,"key":"CS_ContentList_Width_Help","value":"The width of the content list view window."},{"id":null,"key":"CS_ContentLlist_DisableDnDAdd","value":"השבתת הוספה באמצעות גרירה ושחרור"},{"id":null,"key":"CS_ContentLlist_Polling_Neg_Exit_Values_Help","value":"התשאול יפסיק כאשר ערך תכונת המסמך המוחזרת *אינו* אחד מהערכים המוגדרים."},{"id":null,"key":"CS_ContentViewer_FitHeight","value":"התאמה לגובה"},{"id":null,"key":"CS_ContentViewer_FitWidth","value":"התאמה לרוחב"},{"id":null,"key":"CS_ContentViewer_Height","value":"גובה"},{"id":null,"key":"CS_ContentViewer_OnLoad","value":"בטעינה"},{"id":null,"key":"CS_ContentViewer_Width","value":"רוחב"},{"id":null,"key":"CS_ContestList_MaxAddDocs_Help","value":"ציינו את מספר המסמכים המרבי שמשתמשים יכולים להוסיף למאגר בבת אחת. ברירת המחדל היא 50.‏ עם זאת, תוכלו להגדיל את המספר המרבי עד 300.‏"},{"id":null,"key":"CS_DepDocPropertiesProperty","value":"תכונת מסמך תלויה"},{"id":null,"key":"CS_DepDocPropertiesProperty_Help","value":"השם הסמלי של תכונת ערך האובייקט שמצביעה על המסמך המכיל ערכי JSON להצגה."},{"id":null,"key":"CS_DepDocumentProperties_OnError","value":"בעת שגיאה"},{"id":null,"key":"CS_DepDocumentProperties_OnError_Help","value":"אירוע המופעל כאשר מתרחשת שגיאה באחזור ערכי תכונה."},{"id":null,"key":"CS_Document_Classes","value":"מחלקות מסמכים"},{"id":null,"key":"CS_Document_Classes_Help","value":"קבוצה של מחלקות מסמכים שיוצגו בעת הוספת מסמכים חדשים. אם לא מוגדר, מחלקות מסמכים מאוחזרות מהשרת. השמות המצוינים כאן מוצגים למשתמש, הערכים תואמים לשמות הסימבוליים של כל מחלקת מסמך."},{"id":null,"key":"CS_FileDropZone_DocumentType","value":"סוג מסמך"},{"id":null,"key":"CS_FileDropZone_DocumentType_Help","value":"סוג מסמך לשימוש בעת הוספת מסמכים. אם לא מוגדר, נעשה שימוש בסוג המסמך המוגדר כברירת מחדל."},{"id":null,"key":"CS_FileDropZone_FolderId_Help","value":"זיהוי התיקיה שאליה יתווספו המסמכים. אם לא צוין, המסמכים לא יתויקו."},{"id":null,"key":"CS_FileDropZone_MaxAddDoc","value":"Maximum number of documents to add"},{"id":null,"key":"CS_FileDropZone_MaxAddDoc_Help","value":"Specify the maximum number of documents that users can add at a time. The default maximum is 50."},{"id":null,"key":"CS_Folder_Classes","value":"מחלקות תיקיה"},{"id":null,"key":"CS_Folder_Classes_Help","value":"קבוצה של מחלקות תיקיה שיוצגו בעת הוספת תיקיות חדשות. אם לא מוגדר, מחלקות תיקיה מאוחזרות מהשרת. השמות המצוינים כאן מוצגים למשתמש, הערכים תואמים לשמות הסימבוליים של כל מחלקת תיקיות."},{"id":null,"key":"CS_GetContent_OnContentReceived","value":"בעת קבלת תוכן"},{"id":null,"key":"CS_GetContent_OnContentReceived_Help","value":"אירוע המופעל כאשר תוכן תיקיה הוחזר בתגובה."},{"id":null,"key":"CS_GetContent_OnGetClassAccess","value":"On get class access"},{"id":null,"key":"CS_GetContent_OnGetClassAccess_Help","value":"An event that is fired when the get class access response has returned."},{"id":null,"key":"CS_GetContent_OnPropertiesUpdated","value":"On properties updated"},{"id":null,"key":"CS_GetContent_OnPropertiesUpdated_Help","value":"An event that is fired when the properties have been retrieved and updated in the content item object."},{"id":null,"key":"CS_Height","value":"גובה"},{"id":null,"key":"CS_Include_Time_Picker","value":"לכלול בורר זמן עבור ערכי תאריך ושעה"},{"id":null,"key":"CS_Include_Time_Picker_Help","value":"כאשר מוגדר, מספק ממשק להגדרת השעות בערכי התאריך והשעה."},{"id":null,"key":"CS_ObjectStoreName","value":"שם של מאגר אובייקטים"},{"id":null,"key":"CS_ObjectStoreName_Help","value":"שם מאגר אובייקטים מכלי המנהלה של ACCE."},{"id":null,"key":"CS_On_Class_Selected","value":"בעת בחירת מחלקה"},{"id":null,"key":"CS_On_Class_Selected_Help","value":"האירוע המופעל כשמשתמש בוחר מחלקה."},{"id":null,"key":"CS_ProgressIndicator_OnClose","value":"On close"},{"id":null,"key":"CS_ProgressIndicator_OnClose_Help","value":"Fired when the progress indicator is closed."},{"id":null,"key":"CS_ProgressIndicator_OnFileRemoved","value":"On file removed"},{"id":null,"key":"CS_ProgressIndicator_OnFileRemoved_Help","value":"Fired when a pending file is removed from the progress indicator"},{"id":null,"key":"CS_PropertyList_Display_Edit","value":"הצגת לחצנים לעריכת ערכי תכונות"},{"id":null,"key":"CS_PropertyList_Display_Edit_Help","value":"הצגת לחצנים בסרגל כלים המאפשרים למשתמשים לערוך את ערכי התכונות."},{"id":null,"key":"CS_PropertyPoller_OnError","value":"בעת שגיאה"},{"id":null,"key":"CS_PropertyPoller_OnError_Help","value":"מופעל כאשר יש שגיאה בתשאול תכונה."},{"id":null,"key":"CS_PropertyPoller_OnResults","value":"On results"},{"id":null,"key":"CS_PropertyPoller_OnResults_Help","value":"Fired when results are received from a poll requests."},{"id":null,"key":"CS_PropertyPoller_OnStatus","value":"בעת החזרת מידע על תכונה"},{"id":null,"key":"CS_PropertyPoller_OnStatus_Help","value":"מופעל כאשר מוחזרים נתונים מהתשאול בשרת לקבלת פרטי תכונה."},{"id":null,"key":"CS_Query_ExecuteOnChange","value":"Run search on change"},{"id":null,"key":"CS_Query_ExecuteOnChange_Help","value":"Runs the configured search when the view change event occurs in the component."},{"id":null,"key":"CS_Query_ExecuteOnView","value":"Execute search on view"},{"id":null,"key":"CS_Query_ExecuteOnView_Help","value":"Runs the configured search when the coach view event occurs in the component."},{"id":null,"key":"CS_Query_MaxResults","value":"Maximum results"},{"id":null,"key":"CS_Query_MaxResults_Help","value":"The maximum number of results to return from the query."},{"id":null,"key":"CS_Query_OnError","value":"On error"},{"id":null,"key":"CS_Query_OnError_Help","value":"Fired when an error occurs."},{"id":null,"key":"CS_Query_OnSearchResults","value":"On search results"},{"id":null,"key":"CS_Query_OnSearchResults_Help","value":"Fired when search results are returned from the server."},{"id":null,"key":"CS_Query_ResultProperties","value":"Result properties"},{"id":null,"key":"CS_Query_ResultProperties_Help","value":"Symbolic names of properties returned in the search results."},{"id":null,"key":"CS_Query_SearchValue","value":"Search values"},{"id":null,"key":"CS_Query_SearchValue_Help","value":"The values to search for."},{"id":null,"key":"CS_RepositoryId","value":"זיהוי מאגר"},{"id":null,"key":"CS_RepositoryId_Help","value":"זיהוי המאגר מתוך IBM Navigator. ערך זה משמש את מציג המסמכים."},{"id":null,"key":"CS_SummaryCard_Details","value":"Details"},{"id":null,"key":"CS_SummaryCard_Details_Help","value":"Displayed in the details section of the summary card."},{"id":null,"key":"CS_SummaryCard_DisplayHelpIcon","value":"Display help icon"},{"id":null,"key":"CS_SummaryCard_DisplayHelpIcon_Help","value":"When checked, displays a help icon in the card."},{"id":null,"key":"CS_SummaryCard_HelpLearnMoreUrl","value":"Help learn more URL"},{"id":null,"key":"CS_SummaryCard_HelpLearnMoreUrl_Help","value":"A link to Learn More information. When set, a button is displayed in the help tooltip that when clicked, displays the page specified in the link."},{"id":null,"key":"CS_SummaryCard_HelpText","value":"Help text"},{"id":null,"key":"CS_SummaryCard_HelpText_Help","value":"Either a message ID or text that is displayed in a tooltip when the user clicks the help icon."},{"id":null,"key":"CS_SummaryCard_OnClick","value":"On click"},{"id":null,"key":"CS_SummaryCard_OnClick_Help","value":"Fired when the summary card is clicked."},{"id":null,"key":"CS_SummaryCard_Title","value":"Title"},{"id":null,"key":"CS_SummaryCard_Title_Help","value":"Displayed as the title of the summary card."},{"id":null,"key":"CS_UploadContent_OnContentAdded","value":"בעת הוספת תוכן"},{"id":null,"key":"CS_UploadContent_OnContentAdded_Help","value":"אירוע המופעל כאשר תוכן נטען בהצלחה."},{"id":null,"key":"CS_UploadContent_OnError","value":"בעת שגיאה"},{"id":null,"key":"CS_UploadContent_OnError_Help","value":"אירוע המופעל כאשר מתרחשת שגיאה בטעינת תוכן."},{"id":null,"key":"CS_Width","value":"רוחב"}]}