{"id":"50.adeae4bd-e860-48f8-8f12-9436f7840773/2064.da475e61-9610-4fe7-ab04-1910a3fe98fa","localeLanguage":"nl","localeCountry":"","localeVariant":"","localeDisplayName":"CSResource","resourceBundleKey":[{"id":null,"key":"CS_BatchContent_OnDocumentCheckedOut","value":"On document checked out"},{"id":null,"key":"CS_BatchContent_OnDocumentCheckedOut_Help","value":"An event that is fired when the document has been checked out."},{"id":null,"key":"CS_BatchContent_OnGetProperties","value":"On get properties"},{"id":null,"key":"CS_BatchContent_OnGetProperties_Help","value":"An event that is fired when the properties have been retrieved."},{"id":null,"key":"CS_BatchContent_OnRollbackBatch","value":"On rollback batch"},{"id":null,"key":"CS_BatchContent_OnRollbackBatch_Help","value":"An event that is fired when the batch has been rolled back successfully."},{"id":null,"key":"CS_BatchContent_OnSaveBatch","value":"On save batch"},{"id":null,"key":"CS_BatchContent_OnSaveBatch_Help","value":"An event that is fired when the batch has been saved."},{"id":null,"key":"CS_BatchContent_OnSearchResults","value":"On search results"},{"id":null,"key":"CS_BatchContent_OnSearchResults_Help","value":"An event that is fired when the search results have returned successfully."},{"id":null,"key":"CS_BatchContent_OnUpdateBatch","value":"On update batch"},{"id":null,"key":"CS_BatchContent_OnUpdateBatch_Help","value":"An event that is fired when the batch has been updated."},{"id":null,"key":"CS_BatchContent_OnUpdateProperties","value":"On update properties"},{"id":null,"key":"CS_BatchContent_OnUpdateProperties_Help","value":"An event that is fired when the properties have been updated."},{"id":null,"key":"CS_Class_Selector_Svc_Error","value":"Servicefout"},{"id":null,"key":"CS_Class_Selector_Svc_Error_Help","value":"Wordt gestart wanneer een fout wordt teruggezonden bij het aanroepen van een service."},{"id":null,"key":"CS_ContentListFilter_Cancel","value":"Cancel"},{"id":null,"key":"CS_ContentListFilter_Filter","value":"Filter"},{"id":null,"key":"CS_ContentListFilter_OnCanceFilter","value":"On cancel"},{"id":null,"key":"CS_ContentListFilter_OnCancelFilter_Help","value":"An event that is fired when the cancel button is clicked."},{"id":null,"key":"CS_ContentListFilter_OnFilter","value":"On filter"},{"id":null,"key":"CS_ContentListFilter_OnFilter_Help","value":"An event that is fired when the filter button is clicked."},{"id":null,"key":"CS_ContentListFilter_TypeName","value":"Type name"},{"id":null,"key":"CS_ContentListFilter_TypeName_Help","value":"Search object type."},{"id":null,"key":"CS_ContentList_Actions","value":"Acties"},{"id":null,"key":"CS_ContentList_AddButton","value":"Toevoegen"},{"id":null,"key":"CS_ContentList_Advanced","value":"Geavanceerd"},{"id":null,"key":"CS_ContentList_Behavior","value":"Gedrag"},{"id":null,"key":"CS_ContentList_Columns","value":"Kolommen"},{"id":null,"key":"CS_ContentList_Columns_Help","value":"De kolommen die in de lijst moeten worden afgebeeld. Stel deze in als u uw eigen aangepaste kolomeigenschappen wilt gebruiken; anders wordt een standaardset gebruikt."},{"id":null,"key":"CS_ContentList_ConfigurationProperty","value":"Configuratie-eigenschap"},{"id":null,"key":"CS_ContentList_ConfigurationProperty_Help","value":"Naam van een eigenschap waar configuratiegegevens worden opgeslagen in JSON-indeling."},{"id":null,"key":"CS_ContentList_ConfigurationValues","value":"Configuratiewaarden"},{"id":null,"key":"CS_ContentList_ContentItems","value":"Contentitems"},{"id":null,"key":"CS_ContentList_ContentItems_Help","value":"Lijst van CSDocument-objecten die moeten worden afgebeeld. De id-eigenschap is de enige vereiste eigenschap van de documentobjecten."},{"id":null,"key":"CS_ContentList_ControllerProperty","value":"Controller document property"},{"id":null,"key":"CS_ContentList_ControllerProperty_Help","value":"Name of the object value property in the document class that links to the batch controller."},{"id":null,"key":"CS_ContentList_DisableDnDAdd_Help","value":"Selecteer deze instelling om het toevoegen van documenten met behulp van slepen en neerzetten uit te schakelen."},{"id":null,"key":"CS_ContentList_DisabledValues","value":"Uitgeschakelde waarden"},{"id":null,"key":"CS_ContentList_DisabledValues_Help","value":"Geef de eigenschapswaarden op waarvoor de itemacties moeten worden uitgeschakeld."},{"id":null,"key":"CS_ContentList_DisplayProgressIndicator","value":"Voortgangsindicatie afbeelden bij het toevoegen van documenten"},{"id":null,"key":"CS_ContentList_DisplayProgressIndicator_Help","value":"Selecteer deze optie om een voortgangsindicatie af te beelden bij het toevoegen van documenten."},{"id":null,"key":"CS_ContentList_EnableSearchFilter","value":"Enable search filter"},{"id":null,"key":"CS_ContentList_EnableSearchFilter_Help","value":"Displays the search filter component for specifying multiple search parameters to query against and display the results in the list view."},{"id":null,"key":"CS_ContentList_Enable_Polling","value":"Polling op documentstatus inschakelen"},{"id":null,"key":"CS_ContentList_Enable_Polling_Help","value":"Als dit is ingesteld, wordt polling gebruikt om de status van de toegevoegde documenten bij te werken."},{"id":null,"key":"CS_ContentList_ExtraProperties","value":"Extra properties"},{"id":null,"key":"CS_ContentList_ExtraProperties_Help","value":"Specify additional properties that you want returned with the items in the results set."},{"id":null,"key":"CS_ContentList_Folder","value":"Map"},{"id":null,"key":"CS_ContentList_FolderId","value":"Map-ID"},{"id":null,"key":"CS_ContentList_FolderId_Help","value":"Stel het map-ID of het pad in om de contentlijst te initialiseren met de opgegeven mapinhoud. Het instellen van het map-ID heeft voorrang op de zoekinstellingen."},{"id":null,"key":"CS_ContentList_Height_Help","value":"The height of the content list view window."},{"id":null,"key":"CS_ContentList_HideAction_Help","value":"Controleer de instelling van de actie als u deze actie wilt verwijderen uit het vervolgkeuzemenu."},{"id":null,"key":"CS_ContentList_HideAddDialog","value":"Venster voor toevoegen van document verbergen tijdens toevoegen van documenten"},{"id":null,"key":"CS_ContentList_HideAddDialog_Help","value":"Als deze optie is geselecteerd en er een enkel documenttype is geconfigureerd, worden documenten toegevoegd zonder dat het venster Document toevoegen wordt afgebeeld."},{"id":null,"key":"CS_ContentList_HideAddDocument","value":"Document toevoegen verbergen"},{"id":null,"key":"CS_ContentList_HideAddFolder","value":"Toevoegen van map verbergen"},{"id":null,"key":"CS_ContentList_HideCancelCheckoutDoc","value":"Annuleren van uitcheckdocument verbergen"},{"id":null,"key":"CS_ContentList_HideCheckoutDocument","value":"Uitchecken van document verbergen"},{"id":null,"key":"CS_ContentList_HideCheckoutState","value":"Uitcheckstatus verbergen"},{"id":null,"key":"CS_ContentList_HideCheckoutState_Help","value":"Selecteer deze optie voor het in- of uitschakelen van de weergave van het statuspictogram voor uitchecken."},{"id":null,"key":"CS_ContentList_HideDeleteDocument","value":"Document wissen verbergen"},{"id":null,"key":"CS_ContentList_HideDeleteFolder","value":"Wissen van map verbergen"},{"id":null,"key":"CS_ContentList_HideDownloadDocument","value":"Document downloaden verbergen"},{"id":null,"key":"CS_ContentList_HideEditDocument","value":"Document bewerken verbergen"},{"id":null,"key":"CS_ContentList_HideEditDocumentProps","value":"Documenteigenschappen bewerken verbergen"},{"id":null,"key":"CS_ContentList_HideEditFolderProps","value":"Mapeigenschappen bewerken verbergen"},{"id":null,"key":"CS_ContentList_HideRefresh","value":"Hide refresh"},{"id":null,"key":"CS_ContentList_HideRenameFolder","value":"Map hernoemen verbergen"},{"id":null,"key":"CS_ContentList_HideSearchField","value":"Zoekveld verbergen"},{"id":null,"key":"CS_ContentList_HideSearchField_Help","value":"Het zoekveld niet afbeelden. De zoekparameters worden gedefinieerd in de configuratie-instellingen."},{"id":null,"key":"CS_ContentList_HideUploadNewVersionDoc","value":"Nieuw versiedocument uploaden verbergen"},{"id":null,"key":"CS_ContentList_HideViewDocument","value":"Document bekijken verbergen"},{"id":null,"key":"CS_ContentList_IncludeTimeInDates","value":"Tijd in datumeigenschappen opnemen"},{"id":null,"key":"CS_ContentList_IncludeTimeInDates_Help","value":"Tijdgedeelte van de datumwaarde in de kolomeigenschappen afbeelden."},{"id":null,"key":"CS_ContentList_InitialPageSize","value":"Oorspronkelijke paginagrootte"},{"id":null,"key":"CS_ContentList_InitialPageSize_Help","value":"De grootte van de resultaatset die wordt geretourneerd voor weergave in de contentlijst. De standaard paginagrootte is 20 items."},{"id":null,"key":"CS_ContentList_OnActionMenuOpen","value":"On action menu open"},{"id":null,"key":"CS_ContentList_OnActionMenuOpen_Help","value":"An event that is fired when the action menu is about to be opened. Passes a folder object with properties."},{"id":null,"key":"CS_ContentList_OnAdd","value":"Bij toegevoegde content"},{"id":null,"key":"CS_ContentList_OnAdd_Help","value":"De event die wordt gestart wanneer er een document of map wordt toegevoegd. Geeft een contentItem-object door."},{"id":null,"key":"CS_ContentList_OnContextMenuOpen","value":"Bij openen van contextmenu"},{"id":null,"key":"CS_ContentList_OnContextMenuOpen_Help","value":"Een event die wordt gestart wanneer het contextmenu op het punt van openen staat. Geeft een contentobject door met eigenschappen."},{"id":null,"key":"CS_ContentList_OnError","value":"Bij fout"},{"id":null,"key":"CS_ContentList_OnError_Help","value":"De event die wordt verzonden als er een fout in een service optreedt."},{"id":null,"key":"CS_ContentList_OnFileClicked","value":"Bij Op bestand geklikt"},{"id":null,"key":"CS_ContentList_OnFileClicked_Help","value":"De event die wordt gestart wanneer een document in de hoofdkolom wordt geselecteerd. Geeft een documentobject door met eigenschappen."},{"id":null,"key":"CS_ContentList_OnFolderClicked","value":"Bij Op map geklikt"},{"id":null,"key":"CS_ContentList_OnFolderClicked_Help","value":"Een event die wordt gestart wanneer een map in de hoofdkolom wordt geselecteerd. Geeft een mapobject door met eigenschappen."},{"id":null,"key":"CS_ContentList_OnPollResults","value":"On poll results"},{"id":null,"key":"CS_ContentList_OnPollResults_Help","value":"Fired when a poll result containing document status is received."},{"id":null,"key":"CS_ContentList_OnResults","value":"Bij geladen resultaten"},{"id":null,"key":"CS_ContentList_OnResults_Help","value":"De event die wordt verzonden wanneer de resultaten van een service geretourneerd zijn. Geeft een lijst van items door die zijn weergegeven in de lijst van content."},{"id":null,"key":"CS_ContentList_OnRowSelected","value":"Bij Rij geselecteerd"},{"id":null,"key":"CS_ContentList_OnRowSelected_Help","value":"De event die wordt gestart wanneer er een rij wordt geselecteerd met behulp van een keuzerondje of een selectievakje. Geeft de aanvullende parameter: row door (row.data.contentItem bevat een document- of mapobject met eigenschappen)."},{"id":null,"key":"CS_ContentList_Polling_Exit_Values","value":"Waarden van afsluiteigenschap worden gepolled"},{"id":null,"key":"CS_ContentList_Polling_Exit_Values_Help","value":"Polling wordt beëindigd wanneer de waarde van de documenteigenschap die wordt geretourneerd door polling een van de geconfigureerde waarden is."},{"id":null,"key":"CS_ContentList_Polling_Neg_Exit_Values","value":"Waarden van negatieve afsluiteigenschap worden gepolled"},{"id":null,"key":"CS_ContentList_Polling_Neg_Exit_Values_Help","value":"Polling wordt beëindigd wanneer de waarde van de documenteigenschap die wordt geretourneerd door polling NIET een van de geconfigureerde waarden is."},{"id":null,"key":"CS_ContentList_Resources","value":"Resources"},{"id":null,"key":"CS_ContentList_Resources_Help","value":"Set to an external resource bundle to pull in localized string resources for the column headers and the property list filter labels."},{"id":null,"key":"CS_ContentList_RootFolderName","value":"Naam hoofdmap"},{"id":null,"key":"CS_ContentList_RootFolderName_Help","value":"De weergavenaam van de hoofdmap die moet worden gebruikt in plaats van de mapnaam in de Content Services-repository."},{"id":null,"key":"CS_ContentList_Search","value":"Zoeken"},{"id":null,"key":"CS_ContentList_SearchFilterProperties","value":"Search filter properties"},{"id":null,"key":"CS_ContentList_SearchFilterProperties_Help","value":"Specify the set of properties you want to query against to populate the list view."},{"id":null,"key":"CS_ContentList_SearchFolderId","value":"Zoeken in map-ID"},{"id":null,"key":"CS_ContentList_SearchFolderId_Help","value":"Het map-ID van de map waarin wordt begonnen met zoeken. Dit is een optionele instelling waarmee de zoekopdracht wordt beperkt tot de opgegeven map. Als dit niet is ingesteld, wordt de gehele objectstore doorzocht."},{"id":null,"key":"CS_ContentList_SearchFor","value":"Search for"},{"id":null,"key":"CS_ContentList_SearchFor_Help","value":"Search for document or folder items."},{"id":null,"key":"CS_ContentList_SearchOnlyFolder","value":"Alleen deze map doorzoeken"},{"id":null,"key":"CS_ContentList_SearchOnlyFolder_Help","value":"Submappen niet doorzoeken."},{"id":null,"key":"CS_ContentList_SearchOperator","value":"Operator"},{"id":null,"key":"CS_ContentList_SearchOperator_Help","value":"De queryoperator die u wilt gebruiken, zoals Begint met, Eindigt op, Zoals, Niet zoals, =, <, >, <>, >=, <=, etc.)."},{"id":null,"key":"CS_ContentList_SearchProperty","value":"Zoekeigenschap"},{"id":null,"key":"CS_ContentList_SearchPropertyCardinality","value":"Kardinaliteit van zoekeigenschap"},{"id":null,"key":"CS_ContentList_SearchPropertyCardinality_Help","value":"Geeft aan of de zoekeigenschap één of meerdere waarden heeft."},{"id":null,"key":"CS_ContentList_SearchPropertyType","value":"Type zoekeigenschap"},{"id":null,"key":"CS_ContentList_SearchPropertyType_Help","value":"Het gegevenstype van de opgegeven eigenschap."},{"id":null,"key":"CS_ContentList_SearchProperty_Help","value":"De symbolische eigenschapnaam van de eigenschap waarnaar u wilt zoeken."},{"id":null,"key":"CS_ContentList_SearchRootName","value":"Root search name"},{"id":null,"key":"CS_ContentList_SearchRootName_Help","value":"The root search display name to use on the breadcrumb."},{"id":null,"key":"CS_ContentList_SearchTextOptions","value":"Opties voor tekst"},{"id":null,"key":"CS_ContentList_SearchTextOptions_Help","value":"De zoekopdracht zo configureren dat er naast de opgegeven zoekopdracht naar eigenschappen ook een contentbasisquery wordt opgenomen."},{"id":null,"key":"CS_ContentList_SearchType","value":"Search type"},{"id":null,"key":"CS_ContentList_SearchType_Help","value":"Search for objects of a particular type."},{"id":null,"key":"CS_ContentList_SearchValue","value":"Standaardwaarde"},{"id":null,"key":"CS_ContentList_SearchValue_Help","value":"De waarde waarnaar wordt gezocht. Als u niets opgeeft, kunnen gebruikers een waarde opgeven voor het oproepen van de zoekopdracht tijdens runtime."},{"id":null,"key":"CS_ContentList_SecondaryProperty","value":"State secondary property"},{"id":null,"key":"CS_ContentList_SecondaryProperty_Help","value":"Select a property to be used as a custom secondary state property."},{"id":null,"key":"CS_ContentList_SelectionMode","value":"Selectiemodus"},{"id":null,"key":"CS_ContentList_SelectionMode_Help","value":"Enkelvoudig selecteren, meervoudig selecteren of geen."},{"id":null,"key":"CS_ContentList_ShowCustomState","value":"Aangepaste status afbeelden"},{"id":null,"key":"CS_ContentList_ShowCustomState_Help","value":"Selecteer deze optie om de weergave van een aangepast statuspictogram in of uit te schakelen."},{"id":null,"key":"CS_ContentList_SortOrder","value":"Sorteervolgorde"},{"id":null,"key":"CS_ContentList_SortOrder_Help","value":"Standaard sorteerrichting, oplopend of aflopend."},{"id":null,"key":"CS_ContentList_SortProperty","value":"Sorteren op eigenschap"},{"id":null,"key":"CS_ContentList_SortProperty_Help","value":"Selecteer de eigenschap die u wilt gebruiken voor het sorteren van de resultaatset."},{"id":null,"key":"CS_ContentList_StateProperty","value":"Statuseigenschap"},{"id":null,"key":"CS_ContentList_StateProperty_Help","value":"Selecteer een eigenschap die moet worden gebruikt als aangepaste statuseigenschap."},{"id":null,"key":"CS_ContentList_Status_Polling_Interval","value":"Statuspollinginterval"},{"id":null,"key":"CS_ContentList_Status_Polling_Interval_Help","value":"Aantal seconden tussen aanvragen voor polling van de status van toegevoegde documenten."},{"id":null,"key":"CS_ContentList_Status_Polling_Property","value":"Statuseigenschap wordt gepolled"},{"id":null,"key":"CS_ContentList_Status_Polling_Property_Help","value":"Eigenschap die gepolled wordt om de status van toegevoegde documenten te verkrijgen."},{"id":null,"key":"CS_ContentList_Status_Polling_Timeout","value":"Polling timeout per document"},{"id":null,"key":"CS_ContentList_Status_Polling_Timeout_Help","value":"Number of seconds per document after which polling stops if an exit condition is not met."},{"id":null,"key":"CS_ContentList_TableRowHeight","value":"Hoogte tabelrij"},{"id":null,"key":"CS_ContentList_TableRowHeight_Help","value":"Instelling voor het opgeven van de rijhoogte van de tabel met de contentlijst."},{"id":null,"key":"CS_ContentList_Width_Help","value":"The width of the content list view window."},{"id":null,"key":"CS_ContentLlist_DisableDnDAdd","value":"Slepen en neerzetten uitschakelen"},{"id":null,"key":"CS_ContentLlist_Polling_Neg_Exit_Values_Help","value":"Polling wordt beëindigd wanneer de waarde van de documenteigenschap die wordt geretourneerd door polling NIET een van de geconfigureerde waarden is."},{"id":null,"key":"CS_ContentViewer_FitHeight","value":"Passend maken op hoogte"},{"id":null,"key":"CS_ContentViewer_FitWidth","value":"Passend maken op breedte"},{"id":null,"key":"CS_ContentViewer_Height","value":"Hoogte"},{"id":null,"key":"CS_ContentViewer_OnLoad","value":"Bij laden"},{"id":null,"key":"CS_ContentViewer_Width","value":"Breedte"},{"id":null,"key":"CS_ContestList_MaxAddDocs_Help","value":"Geef de maximumhoeveelheid documenten aan die per keer door gebruikers kunnen worden toegevoegd. De standaard maximumwaarde is 50. U kunt een maximum tot 300 opgeven."},{"id":null,"key":"CS_DepDocPropertiesProperty","value":"Eigenschap van afhankelijk document"},{"id":null,"key":"CS_DepDocPropertiesProperty_Help","value":"De symbolische naam van de eigenschap van de objectwaarde die verwijst naar het document met de JSON-waarden die moeten worden afgebeeld."},{"id":null,"key":"CS_DepDocumentProperties_OnError","value":"Bij fout"},{"id":null,"key":"CS_DepDocumentProperties_OnError_Help","value":"Een event die wordt gestart wanneer er een fout optreedt bij het ophalen van eigenschapswaarden."},{"id":null,"key":"CS_Document_Classes","value":"Documentklassen"},{"id":null,"key":"CS_Document_Classes_Help","value":"Een set documentklassen die wordt afgebeeld bij het toevoegen van nieuwe documenten. Als dit niet ingesteld is, worden de documentklassen opgehaald van de server. De namen die hier zijn opgegeven, worden afgebeeld voor de gebruiker. De waarden komen overeen met de symbolische naam van elke documentklasse."},{"id":null,"key":"CS_FileDropZone_DocumentType","value":"Documenttype"},{"id":null,"key":"CS_FileDropZone_DocumentType_Help","value":"Documenttypen dat gebruikt wordt bij het toevoegen van documenten. Als dit niet ingesteld wordt, wordt het standaard documenttype gebruikt."},{"id":null,"key":"CS_FileDropZone_FolderId_Help","value":"Map-ID van de map waarin de documenten toegevoegd worden. Als dit niet wordt opgegeven, worden de documenten niet in een map opgeslagen."},{"id":null,"key":"CS_FileDropZone_MaxAddDoc","value":"Maximum number of documents to add"},{"id":null,"key":"CS_FileDropZone_MaxAddDoc_Help","value":"Specify the maximum number of documents that users can add at a time. The default maximum is 50."},{"id":null,"key":"CS_Folder_Classes","value":"Mapklassen"},{"id":null,"key":"CS_Folder_Classes_Help","value":"Een set mapklassen die wordt afgebeeld bij het toevoegen van nieuwe mappen. Als dit niet ingesteld is, worden de mapklassen opgehaald van de server. De namen die hier zijn opgegeven, worden afgebeeld voor de gebruiker. De waarden komen overeen met de symbolische namen van elke mapklasse."},{"id":null,"key":"CS_GetContent_OnContentReceived","value":"Bij ontvangen content"},{"id":null,"key":"CS_GetContent_OnContentReceived_Help","value":"Een event die wordt gestart wanneer de documentcontent is geretourneerd in de respons."},{"id":null,"key":"CS_GetContent_OnGetClassAccess","value":"On get class access"},{"id":null,"key":"CS_GetContent_OnGetClassAccess_Help","value":"An event that is fired when the get class access response has returned."},{"id":null,"key":"CS_GetContent_OnPropertiesUpdated","value":"On properties updated"},{"id":null,"key":"CS_GetContent_OnPropertiesUpdated_Help","value":"An event that is fired when the properties have been retrieved and updated in the content item object."},{"id":null,"key":"CS_Height","value":"Hoogte"},{"id":null,"key":"CS_Include_Time_Picker","value":"Tijdkiezer opnemen voor datum- en tijdwaarden"},{"id":null,"key":"CS_Include_Time_Picker_Help","value":"Als deze optie is ingesteld, komt er een interface voor het instellen van het tijdgedeelte van de datum- en tijdwaarden beschikbaar."},{"id":null,"key":"CS_ObjectStoreName","value":"Naam objectruimte"},{"id":null,"key":"CS_ObjectStoreName_Help","value":"Naam van objectstore uit de Acce-beheerfunctie."},{"id":null,"key":"CS_On_Class_Selected","value":"Bij Klasse geselecteerd"},{"id":null,"key":"CS_On_Class_Selected_Help","value":"De event die wordt gestart wanneer de gebruiker een klasse selecteert."},{"id":null,"key":"CS_ProgressIndicator_OnClose","value":"On close"},{"id":null,"key":"CS_ProgressIndicator_OnClose_Help","value":"Fired when the progress indicator is closed."},{"id":null,"key":"CS_ProgressIndicator_OnFileRemoved","value":"On file removed"},{"id":null,"key":"CS_ProgressIndicator_OnFileRemoved_Help","value":"Fired when a pending file is removed from the progress indicator"},{"id":null,"key":"CS_PropertyList_Display_Edit","value":"Knoppen afbeelden voor het bewerken van eigenschapswaarden"},{"id":null,"key":"CS_PropertyList_Display_Edit_Help","value":"Knoppen in een werkbalk afbeelden waarmee de gebruikers eigenschapswaarden kunnen bewerken."},{"id":null,"key":"CS_PropertyPoller_OnError","value":"Bij fout"},{"id":null,"key":"CS_PropertyPoller_OnError_Help","value":"Wordt gestart wanneer er een fout optreedt bij polling van een eigenschap."},{"id":null,"key":"CS_PropertyPoller_OnResults","value":"On results"},{"id":null,"key":"CS_PropertyPoller_OnResults_Help","value":"Fired when results are received from a poll requests."},{"id":null,"key":"CS_PropertyPoller_OnStatus","value":"Bij geretourneerde informatie over eigenschap"},{"id":null,"key":"CS_PropertyPoller_OnStatus_Help","value":"Wordt gestart wanneer gegevens worden geretourneerd bij polling van de server op eigenschapsinformatie."},{"id":null,"key":"CS_Query_ExecuteOnChange","value":"Run search on change"},{"id":null,"key":"CS_Query_ExecuteOnChange_Help","value":"Runs the configured search when the view change event occurs in the component."},{"id":null,"key":"CS_Query_ExecuteOnView","value":"Execute search on view"},{"id":null,"key":"CS_Query_ExecuteOnView_Help","value":"Runs the configured search when the coach view event occurs in the component."},{"id":null,"key":"CS_Query_MaxResults","value":"Maximum results"},{"id":null,"key":"CS_Query_MaxResults_Help","value":"The maximum number of results to return from the query."},{"id":null,"key":"CS_Query_OnError","value":"On error"},{"id":null,"key":"CS_Query_OnError_Help","value":"Fired when an error occurs."},{"id":null,"key":"CS_Query_OnSearchResults","value":"On search results"},{"id":null,"key":"CS_Query_OnSearchResults_Help","value":"Fired when search results are returned from the server."},{"id":null,"key":"CS_Query_ResultProperties","value":"Result properties"},{"id":null,"key":"CS_Query_ResultProperties_Help","value":"Symbolic names of properties returned in the search results."},{"id":null,"key":"CS_Query_SearchValue","value":"Search values"},{"id":null,"key":"CS_Query_SearchValue_Help","value":"The values to search for."},{"id":null,"key":"CS_RepositoryId","value":"Repository-ID"},{"id":null,"key":"CS_RepositoryId_Help","value":"Het repository-ID van IBM Navigator. Deze waarde wordt gebruikt door de documentviewer."},{"id":null,"key":"CS_SummaryCard_Details","value":"Details"},{"id":null,"key":"CS_SummaryCard_Details_Help","value":"Displayed in the details section of the summary card."},{"id":null,"key":"CS_SummaryCard_DisplayHelpIcon","value":"Display help icon"},{"id":null,"key":"CS_SummaryCard_DisplayHelpIcon_Help","value":"When checked, displays a help icon in the card."},{"id":null,"key":"CS_SummaryCard_HelpLearnMoreUrl","value":"Help learn more URL"},{"id":null,"key":"CS_SummaryCard_HelpLearnMoreUrl_Help","value":"A link to Learn More information. When set, a button is displayed in the help tooltip that when clicked, displays the page specified in the link."},{"id":null,"key":"CS_SummaryCard_HelpText","value":"Help text"},{"id":null,"key":"CS_SummaryCard_HelpText_Help","value":"Either a message ID or text that is displayed in a tooltip when the user clicks the help icon."},{"id":null,"key":"CS_SummaryCard_OnClick","value":"On click"},{"id":null,"key":"CS_SummaryCard_OnClick_Help","value":"Fired when the summary card is clicked."},{"id":null,"key":"CS_SummaryCard_Title","value":"Title"},{"id":null,"key":"CS_SummaryCard_Title_Help","value":"Displayed as the title of the summary card."},{"id":null,"key":"CS_UploadContent_OnContentAdded","value":"Bij toegevoegde content"},{"id":null,"key":"CS_UploadContent_OnContentAdded_Help","value":"Een event die wordt gestart wanneer het uploaden van content geslaagd is."},{"id":null,"key":"CS_UploadContent_OnError","value":"Bij fout"},{"id":null,"key":"CS_UploadContent_OnError_Help","value":"Een event die wordt gestart wanneer er een fout optreedt bij het uploaden van content."},{"id":null,"key":"CS_Width","value":"Breedte"}]}