{"id":"50.adeae4bd-e860-48f8-8f12-9436f7840773/2064.da475e61-9610-4fe7-ab04-1910a3fe98fa","localeLanguage":"bg","localeCountry":"","localeVariant":"","localeDisplayName":"CSResource","resourceBundleKey":[{"id":null,"key":"CS_BatchContent_OnDocumentCheckedOut","value":"On document checked out"},{"id":null,"key":"CS_BatchContent_OnDocumentCheckedOut_Help","value":"An event that is fired when the document has been checked out."},{"id":null,"key":"CS_BatchContent_OnGetProperties","value":"On get properties"},{"id":null,"key":"CS_BatchContent_OnGetProperties_Help","value":"An event that is fired when the properties have been retrieved."},{"id":null,"key":"CS_BatchContent_OnRollbackBatch","value":"On rollback batch"},{"id":null,"key":"CS_BatchContent_OnRollbackBatch_Help","value":"An event that is fired when the batch has been rolled back successfully."},{"id":null,"key":"CS_BatchContent_OnSaveBatch","value":"On save batch"},{"id":null,"key":"CS_BatchContent_OnSaveBatch_Help","value":"An event that is fired when the batch has been saved."},{"id":null,"key":"CS_BatchContent_OnSearchResults","value":"On search results"},{"id":null,"key":"CS_BatchContent_OnSearchResults_Help","value":"An event that is fired when the search results have returned successfully."},{"id":null,"key":"CS_BatchContent_OnUpdateBatch","value":"On update batch"},{"id":null,"key":"CS_BatchContent_OnUpdateBatch_Help","value":"An event that is fired when the batch has been updated."},{"id":null,"key":"CS_BatchContent_OnUpdateProperties","value":"On update properties"},{"id":null,"key":"CS_BatchContent_OnUpdateProperties_Help","value":"An event that is fired when the properties have been updated."},{"id":null,"key":"CS_Class_Selector_Svc_Error","value":"Грешка в услугата"},{"id":null,"key":"CS_Class_Selector_Svc_Error_Help","value":"Задейства се, когато се връща грешка от обръщението към услуга."},{"id":null,"key":"CS_ContentListFilter_Cancel","value":"Cancel"},{"id":null,"key":"CS_ContentListFilter_Filter","value":"Filter"},{"id":null,"key":"CS_ContentListFilter_OnCanceFilter","value":"On cancel"},{"id":null,"key":"CS_ContentListFilter_OnCancelFilter_Help","value":"An event that is fired when the cancel button is clicked."},{"id":null,"key":"CS_ContentListFilter_OnFilter","value":"On filter"},{"id":null,"key":"CS_ContentListFilter_OnFilter_Help","value":"An event that is fired when the filter button is clicked."},{"id":null,"key":"CS_ContentListFilter_TypeName","value":"Type name"},{"id":null,"key":"CS_ContentListFilter_TypeName_Help","value":"Search object type."},{"id":null,"key":"CS_ContentList_Actions","value":"Действия"},{"id":null,"key":"CS_ContentList_AddButton","value":"Добавяне"},{"id":null,"key":"CS_ContentList_Advanced","value":"Разширено"},{"id":null,"key":"CS_ContentList_Behavior","value":"Поведение"},{"id":null,"key":"CS_ContentList_Columns","value":"Колони"},{"id":null,"key":"CS_ContentList_Columns_Help","value":"Колоните, които да се показват в списъка. Задайте ги, ако искате ваши собствени потребителски свойства на колоните, в противен случай се използват зададените по подразбиране."},{"id":null,"key":"CS_ContentList_ConfigurationProperty","value":"Конфигурационно свойство"},{"id":null,"key":"CS_ContentList_ConfigurationProperty_Help","value":"Има на свойство, при което конфигурационните данни ще бъдат запазени във формат JSON."},{"id":null,"key":"CS_ContentList_ConfigurationValues","value":"Конфигурационни стойности"},{"id":null,"key":"CS_ContentList_ContentItems","value":"Елементи на съдържанието"},{"id":null,"key":"CS_ContentList_ContentItems_Help","value":"Списък със CSDocument обекти, които да се показват. Свойството на идентичност е единственото задължително свойство на обекти на документи."},{"id":null,"key":"CS_ContentList_ControllerProperty","value":"Controller document property"},{"id":null,"key":"CS_ContentList_ControllerProperty_Help","value":"Name of the object value property in the document class that links to the batch controller."},{"id":null,"key":"CS_ContentList_DisableDnDAdd_Help","value":"Изберете тази настройка, за да деактивирате добавянето на документи чрез плъзгане и пускане."},{"id":null,"key":"CS_ContentList_DisabledValues","value":"Деактивирани стойности"},{"id":null,"key":"CS_ContentList_DisabledValues_Help","value":"Указване на стойностите на свойството, за което ще се показват действията на елемента."},{"id":null,"key":"CS_ContentList_DisplayProgressIndicator","value":"Показване на индикатор на прогреса при добавяне на документи"},{"id":null,"key":"CS_ContentList_DisplayProgressIndicator_Help","value":"Изберете тази опция, за да се покаже индикатор на прогреса при добавяне на документ."},{"id":null,"key":"CS_ContentList_EnableSearchFilter","value":"Enable search filter"},{"id":null,"key":"CS_ContentList_EnableSearchFilter_Help","value":"Displays the search filter component for specifying multiple search parameters to query against and display the results in the list view."},{"id":null,"key":"CS_ContentList_Enable_Polling","value":"Разрешаване на запитване за състояние на документ"},{"id":null,"key":"CS_ContentList_Enable_Polling_Help","value":"Когато е указано, запитването се използва за обновяване на състоянието на добавени документи."},{"id":null,"key":"CS_ContentList_ExtraProperties","value":"Extra properties"},{"id":null,"key":"CS_ContentList_ExtraProperties_Help","value":"Specify additional properties that you want returned with the items in the results set."},{"id":null,"key":"CS_ContentList_Folder","value":"Папка"},{"id":null,"key":"CS_ContentList_FolderId","value":"ID на папка"},{"id":null,"key":"CS_ContentList_FolderId_Help","value":"Укажете ID или пътека, за да инициализирате списъка със съдържание с указаното съдържание на папка. Указването на ID на папка ще има предимство пред настройките за търсене."},{"id":null,"key":"CS_ContentList_Height_Help","value":"The height of the content list view window."},{"id":null,"key":"CS_ContentList_HideAction_Help","value":"Проверете настройката на действието ако искате да премахнете това действие от падащото меню."},{"id":null,"key":"CS_ContentList_HideAddDialog","value":"Скриване на диалоговия прозорец за добавяне при добавянето на документи"},{"id":null,"key":"CS_ContentList_HideAddDialog_Help","value":"Когато тази опция е избрана и се конфигурира тип единичен документ, документите се добавят, без да се показва диалоговият прозорец Добавяне на документ."},{"id":null,"key":"CS_ContentList_HideAddDocument","value":"Скриване на Добавяне на документ"},{"id":null,"key":"CS_ContentList_HideAddFolder","value":"Скриване на Добавяне на папка"},{"id":null,"key":"CS_ContentList_HideCancelCheckoutDoc","value":"Скриване на Отказ от изписване на документ"},{"id":null,"key":"CS_ContentList_HideCheckoutDocument","value":"Скриване на Изписване на документ"},{"id":null,"key":"CS_ContentList_HideCheckoutState","value":"Скриване на състояние на изписването"},{"id":null,"key":"CS_ContentList_HideCheckoutState_Help","value":"Избиране на тази опция за позволяване/деактивиране на показването на иконата на състоянието на изписване."},{"id":null,"key":"CS_ContentList_HideDeleteDocument","value":"Скриване на Изтриване на документ"},{"id":null,"key":"CS_ContentList_HideDeleteFolder","value":"Скриване на Изтриване на папка"},{"id":null,"key":"CS_ContentList_HideDownloadDocument","value":"Скриване на Изтегляне на документ"},{"id":null,"key":"CS_ContentList_HideEditDocument","value":"Скриване на Редактиране на документ"},{"id":null,"key":"CS_ContentList_HideEditDocumentProps","value":"Скриване на Редактиране на свойствата на документ"},{"id":null,"key":"CS_ContentList_HideEditFolderProps","value":"Скриване на Редактиране на свойствата на папка"},{"id":null,"key":"CS_ContentList_HideRefresh","value":"Hide refresh"},{"id":null,"key":"CS_ContentList_HideRenameFolder","value":"Скриване на Преименуване на папка"},{"id":null,"key":"CS_ContentList_HideSearchField","value":"Скриване на полето за търсене"},{"id":null,"key":"CS_ContentList_HideSearchField_Help","value":"Да не се показва полето за търсене. Параметрите за търсене са дефинирани в конфигурационните настройки."},{"id":null,"key":"CS_ContentList_HideUploadNewVersionDoc","value":"Скриване на Качване на нова версия на документа"},{"id":null,"key":"CS_ContentList_HideViewDocument","value":"Скриване на Преглед на документ"},{"id":null,"key":"CS_ContentList_IncludeTimeInDates","value":"Включване на час в свойствата на Дата."},{"id":null,"key":"CS_ContentList_IncludeTimeInDates_Help","value":"Показване на дела на часа в стойността на датата в свойствата на колоната."},{"id":null,"key":"CS_ContentList_InitialPageSize","value":"Първоначален размер на страница"},{"id":null,"key":"CS_ContentList_InitialPageSize_Help","value":"Размерът на резултатния набор, върнат за възпроизвеждане в списъка със съдържание. Размерът на страницата по подразбиране е 20 елемента."},{"id":null,"key":"CS_ContentList_OnActionMenuOpen","value":"On action menu open"},{"id":null,"key":"CS_ContentList_OnActionMenuOpen_Help","value":"An event that is fired when the action menu is about to be opened. Passes a folder object with properties."},{"id":null,"key":"CS_ContentList_OnAdd","value":"При добавяне на съдържание"},{"id":null,"key":"CS_ContentList_OnAdd_Help","value":"Събитие, задействано, когато се добавя документ или папка. Подава обект на contentItem."},{"id":null,"key":"CS_ContentList_OnContextMenuOpen","value":"При отваряне на контекстно меню"},{"id":null,"key":"CS_ContentList_OnContextMenuOpen_Help","value":"Събитие, задействано, когато менюто на съдържанието е на път да се отвори. Подава обект на съдържание със свойства."},{"id":null,"key":"CS_ContentList_OnError","value":"При грешка"},{"id":null,"key":"CS_ContentList_OnError_Help","value":"Събитието, изпратено когато има грешка в услугата."},{"id":null,"key":"CS_ContentList_OnFileClicked","value":"При щракване върху файл"},{"id":null,"key":"CS_ContentList_OnFileClicked_Help","value":"Събитие, задействано, когато документът е избран в главната колона. Предава документ на папката със свойствата."},{"id":null,"key":"CS_ContentList_OnFolderClicked","value":"При щракване върху папка"},{"id":null,"key":"CS_ContentList_OnFolderClicked_Help","value":"Събитие, задействано, когато папката е избрана в главната колона. Предава обект на папката със свойствата."},{"id":null,"key":"CS_ContentList_OnPollResults","value":"On poll results"},{"id":null,"key":"CS_ContentList_OnPollResults_Help","value":"Fired when a poll result containing document status is received."},{"id":null,"key":"CS_ContentList_OnResults","value":"При заредени резултати"},{"id":null,"key":"CS_ContentList_OnResults_Help","value":"Събитието, изпратено когато резултатите са върнати от услугата. Подава списък с елементи, които са представени в списъка със съдържание."},{"id":null,"key":"CS_ContentList_OnRowSelected","value":"При избран ред"},{"id":null,"key":"CS_ContentList_OnRowSelected_Help","value":"Събитие, задействано, когато е избран ред с помощта на радио бутон или поле за избор. Предава допълнителния параметър: ред (row.data.contentItem задържа обект на документ или папка със свойства)."},{"id":null,"key":"CS_ContentList_Polling_Exit_Values","value":"Запитване за стойностите на изходните свойства"},{"id":null,"key":"CS_ContentList_Polling_Exit_Values_Help","value":"Запитването ще прекъсне, когато стойността на свойството на документа, върната от запитването, е някоя от конфигурираните стойности."},{"id":null,"key":"CS_ContentList_Polling_Neg_Exit_Values","value":"Запитване за отрицателни стойности на свойството за изход"},{"id":null,"key":"CS_ContentList_Polling_Neg_Exit_Values_Help","value":"Запитването ще прекъсне, когато стойността на свойството на документа, върната от запитването НЕ е някоя от конфигурираните стойности."},{"id":null,"key":"CS_ContentList_Resources","value":"Resources"},{"id":null,"key":"CS_ContentList_Resources_Help","value":"Set to an external resource bundle to pull in localized string resources for the column headers and the property list filter labels."},{"id":null,"key":"CS_ContentList_RootFolderName","value":"Име на root папката"},{"id":null,"key":"CS_ContentList_RootFolderName_Help","value":"Името на показване на root папката, което да се използва вместо името на папката в хранилището на Content Services."},{"id":null,"key":"CS_ContentList_Search","value":"Търсене"},{"id":null,"key":"CS_ContentList_SearchFilterProperties","value":"Search filter properties"},{"id":null,"key":"CS_ContentList_SearchFilterProperties_Help","value":"Specify the set of properties you want to query against to populate the list view."},{"id":null,"key":"CS_ContentList_SearchFolderId","value":"Търсене в ID на папка"},{"id":null,"key":"CS_ContentList_SearchFolderId_Help","value":"ID на папката, в която да започне търсенето. Това е настройка по избор, която ще ограничи търсенето до указаната папка. Ако не е зададена се търси в цялото пространство за съхранение на обекти."},{"id":null,"key":"CS_ContentList_SearchFor","value":"Search for"},{"id":null,"key":"CS_ContentList_SearchFor_Help","value":"Search for document or folder items."},{"id":null,"key":"CS_ContentList_SearchOnlyFolder","value":"Търсене само в тази папка"},{"id":null,"key":"CS_ContentList_SearchOnlyFolder_Help","value":"Да не се включва търсене в подпапки."},{"id":null,"key":"CS_ContentList_SearchOperator","value":"Оператор"},{"id":null,"key":"CS_ContentList_SearchOperator_Help","value":"Изразът за запитване, който искате за използвате, например Започва с, Завършва с, Като, Различно от, =, <, >, <>, >=, <=и т.н.)."},{"id":null,"key":"CS_ContentList_SearchProperty","value":"Свойство за търсене"},{"id":null,"key":"CS_ContentList_SearchPropertyCardinality","value":"Търсене на свойство кардиналност"},{"id":null,"key":"CS_ContentList_SearchPropertyCardinality_Help","value":"Указва дали свойството на търсене има единична, или множествена стойност."},{"id":null,"key":"CS_ContentList_SearchPropertyType","value":"Търсене на типа свойство"},{"id":null,"key":"CS_ContentList_SearchPropertyType_Help","value":"Типът данни на указаното свойство за търсене."},{"id":null,"key":"CS_ContentList_SearchProperty_Help","value":"Символичното име на свойството, по което искате да търсите."},{"id":null,"key":"CS_ContentList_SearchRootName","value":"Root search name"},{"id":null,"key":"CS_ContentList_SearchRootName_Help","value":"The root search display name to use on the breadcrumb."},{"id":null,"key":"CS_ContentList_SearchTextOptions","value":"Опции за текст"},{"id":null,"key":"CS_ContentList_SearchTextOptions_Help","value":"Конфигуриране на търсенето, за да включва базово запитване като допълнение към търсенето на указано свойство."},{"id":null,"key":"CS_ContentList_SearchType","value":"Search type"},{"id":null,"key":"CS_ContentList_SearchType_Help","value":"Search for objects of a particular type."},{"id":null,"key":"CS_ContentList_SearchValue","value":"Стойност по подразбиране"},{"id":null,"key":"CS_ContentList_SearchValue_Help","value":"Стойността, която търсите. Ако е оставено празно, потребителите могат да въведат стойност, за да извикат търсенето по време на изпълнение."},{"id":null,"key":"CS_ContentList_SecondaryProperty","value":"State secondary property"},{"id":null,"key":"CS_ContentList_SecondaryProperty_Help","value":"Select a property to be used as a custom secondary state property."},{"id":null,"key":"CS_ContentList_SelectionMode","value":"Режим на избор"},{"id":null,"key":"CS_ContentList_SelectionMode_Help","value":"Единичен, множествен или никакъв избор."},{"id":null,"key":"CS_ContentList_ShowCustomState","value":"Показване на потребителско състояние"},{"id":null,"key":"CS_ContentList_ShowCustomState_Help","value":"Избиране на тази опция за позволяване/деактивиране на показването на иконата на потребителското състояние."},{"id":null,"key":"CS_ContentList_SortOrder","value":"Ред на сортиране"},{"id":null,"key":"CS_ContentList_SortOrder_Help","value":"Посока на сортиране по подразбиране, възходяща или низходяща."},{"id":null,"key":"CS_ContentList_SortProperty","value":"Сортиране по свойство"},{"id":null,"key":"CS_ContentList_SortProperty_Help","value":"Избиране на свойство, което да се използва за сортиране на резултатния набор."},{"id":null,"key":"CS_ContentList_StateProperty","value":"Свойство на състоянието"},{"id":null,"key":"CS_ContentList_StateProperty_Help","value":"Избиране на свойство, което да се използва като свойство на потребителско състояние."},{"id":null,"key":"CS_ContentList_Status_Polling_Interval","value":"Интервал за проверка на състояние"},{"id":null,"key":"CS_ContentList_Status_Polling_Interval_Help","value":"Брой секунди между заявките за запитвания за състояние на добавени документи."},{"id":null,"key":"CS_ContentList_Status_Polling_Property","value":"свойство на състоянието на запитване"},{"id":null,"key":"CS_ContentList_Status_Polling_Property_Help","value":"Свойството, което е запитвано, за да се получи състоянието на добавения документ."},{"id":null,"key":"CS_ContentList_Status_Polling_Timeout","value":"Polling timeout per document"},{"id":null,"key":"CS_ContentList_Status_Polling_Timeout_Help","value":"Number of seconds per document after which polling stops if an exit condition is not met."},{"id":null,"key":"CS_ContentList_TableRowHeight","value":"Височина на реда в таблицата"},{"id":null,"key":"CS_ContentList_TableRowHeight_Help","value":"Настройка, използвана за указване на височината на реда в таблицата на списъка със съдържание."},{"id":null,"key":"CS_ContentList_Width_Help","value":"The width of the content list view window."},{"id":null,"key":"CS_ContentLlist_DisableDnDAdd","value":"Деактивиране на добавяне чрез плъзгане и пускане"},{"id":null,"key":"CS_ContentLlist_Polling_Neg_Exit_Values_Help","value":"Запитването ще прекъсне, когато стойността на свойството на документа, върната от запитването, НЕ е някоя от конфигурираните стойности."},{"id":null,"key":"CS_ContentViewer_FitHeight","value":"Напасване по височина"},{"id":null,"key":"CS_ContentViewer_FitWidth","value":"Напасване до ширина"},{"id":null,"key":"CS_ContentViewer_Height","value":"Височина"},{"id":null,"key":"CS_ContentViewer_OnLoad","value":"Зарежда се"},{"id":null,"key":"CS_ContentViewer_Width","value":"Ширина"},{"id":null,"key":"CS_ContestList_MaxAddDocs_Help","value":"Укажете максималния брой документи, които потребителите могат да добавят към даден момент. Максималната стойност по подразбиране е 50. Вие можете да зададете максимална стойност до 300."},{"id":null,"key":"CS_DepDocPropertiesProperty","value":"Свойство на зависим документ"},{"id":null,"key":"CS_DepDocPropertiesProperty_Help","value":"Символичното име на свойството за стойност на обект, което указва документа, съдържащ JSON стойностите, които ще се показват."},{"id":null,"key":"CS_DepDocumentProperties_OnError","value":"При грешка"},{"id":null,"key":"CS_DepDocumentProperties_OnError_Help","value":"Събитие, задействано, когато възниква грешка при извличане на стойностите на свойството."},{"id":null,"key":"CS_Document_Classes","value":"Класове документи"},{"id":null,"key":"CS_Document_Classes_Help","value":"Набор от класове на папки, които ще бъдат показвани при добавяне на нови документи. Когато не е зададено, класовете на документите се извличат от сървъра. Въведените тук имена се показват на потребителя, стойностите съответстват на символичните имена на всеки клас на документ."},{"id":null,"key":"CS_FileDropZone_DocumentType","value":"Тип документ"},{"id":null,"key":"CS_FileDropZone_DocumentType_Help","value":"Тип на документа, който да се използва при добавяне на документите. Ако не е зададен, ще се използва типът по подразбиране."},{"id":null,"key":"CS_FileDropZone_FolderId_Help","value":"Идентификатор на папка за папката, в която ще бъдат добавени документите. Ако не е указано, документите ще бъдат обединени."},{"id":null,"key":"CS_FileDropZone_MaxAddDoc","value":"Maximum number of documents to add"},{"id":null,"key":"CS_FileDropZone_MaxAddDoc_Help","value":"Specify the maximum number of documents that users can add at a time. The default maximum is 50."},{"id":null,"key":"CS_Folder_Classes","value":"Класове на папка"},{"id":null,"key":"CS_Folder_Classes_Help","value":"Набор от класове на папки, които ще бъдат показвани при добавяне на нови папки. Когато не е зададено, класовете на папките се извличат от сървъра. Въведените тук имена се показват на потребителя, стойностите съответстват на символичните имена на всеки клас на папка."},{"id":null,"key":"CS_GetContent_OnContentReceived","value":"При получаване на съдържание"},{"id":null,"key":"CS_GetContent_OnContentReceived_Help","value":"Събитие, задействано, когато съдържанието на документа е било върнато в отговора."},{"id":null,"key":"CS_GetContent_OnGetClassAccess","value":"On get class access"},{"id":null,"key":"CS_GetContent_OnGetClassAccess_Help","value":"An event that is fired when the get class access response has returned."},{"id":null,"key":"CS_GetContent_OnPropertiesUpdated","value":"On properties updated"},{"id":null,"key":"CS_GetContent_OnPropertiesUpdated_Help","value":"An event that is fired when the properties have been retrieved and updated in the content item object."},{"id":null,"key":"CS_Height","value":"Височина"},{"id":null,"key":"CS_Include_Time_Picker","value":"Включва търсачка на време за стойности за дата и време"},{"id":null,"key":"CS_Include_Time_Picker_Help","value":"Когато са зададени, предоставят интерфейс за настройване на времевата част от стойностите за дата и време."},{"id":null,"key":"CS_ObjectStoreName","value":"Име на пространството за съхранение"},{"id":null,"key":"CS_ObjectStoreName_Help","value":"Име на съхранение на обект от инструмента за администриране Acce."},{"id":null,"key":"CS_On_Class_Selected","value":"При избран клас"},{"id":null,"key":"CS_On_Class_Selected_Help","value":"Събитието, задействано, когато потребителят избира клас."},{"id":null,"key":"CS_ProgressIndicator_OnClose","value":"On close"},{"id":null,"key":"CS_ProgressIndicator_OnClose_Help","value":"Fired when the progress indicator is closed."},{"id":null,"key":"CS_ProgressIndicator_OnFileRemoved","value":"On file removed"},{"id":null,"key":"CS_ProgressIndicator_OnFileRemoved_Help","value":"Fired when a pending file is removed from the progress indicator"},{"id":null,"key":"CS_PropertyList_Display_Edit","value":"Показване на бутони за редактиране на стойностите на свойствата"},{"id":null,"key":"CS_PropertyList_Display_Edit_Help","value":"Бутони за показване в лентата с инструменти, които позволяват на потребителите да редактират стойностите на свойствата."},{"id":null,"key":"CS_PropertyPoller_OnError","value":"При грешка"},{"id":null,"key":"CS_PropertyPoller_OnError_Help","value":"Задейства се, когато възниква грешка при запитване на свойство."},{"id":null,"key":"CS_PropertyPoller_OnResults","value":"On results"},{"id":null,"key":"CS_PropertyPoller_OnResults_Help","value":"Fired when results are received from a poll requests."},{"id":null,"key":"CS_PropertyPoller_OnStatus","value":"При връщане на информация за свойство"},{"id":null,"key":"CS_PropertyPoller_OnStatus_Help","value":"Задействано при връщане на дата от запитване към сървъра за информация за свойство."},{"id":null,"key":"CS_Query_ExecuteOnChange","value":"Run search on change"},{"id":null,"key":"CS_Query_ExecuteOnChange_Help","value":"Runs the configured search when the view change event occurs in the component."},{"id":null,"key":"CS_Query_ExecuteOnView","value":"Execute search on view"},{"id":null,"key":"CS_Query_ExecuteOnView_Help","value":"Runs the configured search when the coach view event occurs in the component."},{"id":null,"key":"CS_Query_MaxResults","value":"Maximum results"},{"id":null,"key":"CS_Query_MaxResults_Help","value":"The maximum number of results to return from the query."},{"id":null,"key":"CS_Query_OnError","value":"On error"},{"id":null,"key":"CS_Query_OnError_Help","value":"Fired when an error occurs."},{"id":null,"key":"CS_Query_OnSearchResults","value":"On search results"},{"id":null,"key":"CS_Query_OnSearchResults_Help","value":"Fired when search results are returned from the server."},{"id":null,"key":"CS_Query_ResultProperties","value":"Result properties"},{"id":null,"key":"CS_Query_ResultProperties_Help","value":"Symbolic names of properties returned in the search results."},{"id":null,"key":"CS_Query_SearchValue","value":"Search values"},{"id":null,"key":"CS_Query_SearchValue_Help","value":"The values to search for."},{"id":null,"key":"CS_RepositoryId","value":"Идентификатор на хранилище"},{"id":null,"key":"CS_RepositoryId_Help","value":"ID на хранилището от IBM Navigator. Тази стойност се използва от средството за преглеждане на документи."},{"id":null,"key":"CS_SummaryCard_Details","value":"Details"},{"id":null,"key":"CS_SummaryCard_Details_Help","value":"Displayed in the details section of the summary card."},{"id":null,"key":"CS_SummaryCard_DisplayHelpIcon","value":"Display help icon"},{"id":null,"key":"CS_SummaryCard_DisplayHelpIcon_Help","value":"When checked, displays a help icon in the card."},{"id":null,"key":"CS_SummaryCard_HelpLearnMoreUrl","value":"Help learn more URL"},{"id":null,"key":"CS_SummaryCard_HelpLearnMoreUrl_Help","value":"A link to Learn More information. When set, a button is displayed in the help tooltip that when clicked, displays the page specified in the link."},{"id":null,"key":"CS_SummaryCard_HelpText","value":"Help text"},{"id":null,"key":"CS_SummaryCard_HelpText_Help","value":"Either a message ID or text that is displayed in a tooltip when the user clicks the help icon."},{"id":null,"key":"CS_SummaryCard_OnClick","value":"On click"},{"id":null,"key":"CS_SummaryCard_OnClick_Help","value":"Fired when the summary card is clicked."},{"id":null,"key":"CS_SummaryCard_Title","value":"Title"},{"id":null,"key":"CS_SummaryCard_Title_Help","value":"Displayed as the title of the summary card."},{"id":null,"key":"CS_UploadContent_OnContentAdded","value":"При добавяне на съдържание"},{"id":null,"key":"CS_UploadContent_OnContentAdded_Help","value":"Събитие, задействано, когато съдържанието е качено успешно."},{"id":null,"key":"CS_UploadContent_OnError","value":"При грешка"},{"id":null,"key":"CS_UploadContent_OnError_Help","value":"Събитие, задействано, когато възниква грешка при качването на съдържание."},{"id":null,"key":"CS_Width","value":"Ширина"}]}