{"id":"50.adeae4bd-e860-48f8-8f12-9436f7840773/2064.da475e61-9610-4fe7-ab04-1910a3fe98fa","localeLanguage":"zh","localeCountry":"CN","localeVariant":"","localeDisplayName":"CSResource","resourceBundleKey":[{"id":null,"key":"CS_BatchContent_OnDocumentCheckedOut","value":"检出文档时"},{"id":null,"key":"CS_BatchContent_OnDocumentCheckedOut_Help","value":"已检出文档时触发的事件。"},{"id":null,"key":"CS_BatchContent_OnGetProperties","value":"获取属性时"},{"id":null,"key":"CS_BatchContent_OnGetProperties_Help","value":"已检索到属性时触发的事件。"},{"id":null,"key":"CS_BatchContent_OnRollbackBatch","value":"回滚批处理时"},{"id":null,"key":"CS_BatchContent_OnRollbackBatch_Help","value":"已成功回滚批处理时触发的事件。"},{"id":null,"key":"CS_BatchContent_OnSaveBatch","value":"保存批处理时"},{"id":null,"key":"CS_BatchContent_OnSaveBatch_Help","value":"已保存批处理时触发的事件。"},{"id":null,"key":"CS_BatchContent_OnSearchResults","value":"搜索结果时"},{"id":null,"key":"CS_BatchContent_OnSearchResults_Help","value":"成功返回搜索结果时触发的事件。"},{"id":null,"key":"CS_BatchContent_OnUpdateBatch","value":"更新批处理时"},{"id":null,"key":"CS_BatchContent_OnUpdateBatch_Help","value":"已更新批处理时触发的事件。"},{"id":null,"key":"CS_BatchContent_OnUpdateProperties","value":"更新属性时"},{"id":null,"key":"CS_BatchContent_OnUpdateProperties_Help","value":"已更新属性时触发的事件。"},{"id":null,"key":"CS_Class_Selector_Svc_Error","value":"服务错误"},{"id":null,"key":"CS_Class_Selector_Svc_Error_Help","value":"从调用服务返回错误时触发。"},{"id":null,"key":"CS_ContentListFilter_Cancel","value":"取消"},{"id":null,"key":"CS_ContentListFilter_Filter","value":"过滤器"},{"id":null,"key":"CS_ContentListFilter_OnCanceFilter","value":"取消时"},{"id":null,"key":"CS_ContentListFilter_OnCancelFilter_Help","value":"单击“取消”按钮时触发的事件。"},{"id":null,"key":"CS_ContentListFilter_OnFilter","value":"使用过滤器时"},{"id":null,"key":"CS_ContentListFilter_OnFilter_Help","value":"单击“过滤器”按钮时触发的事件。"},{"id":null,"key":"CS_ContentListFilter_TypeName","value":"类型名称"},{"id":null,"key":"CS_ContentListFilter_TypeName_Help","value":"搜索对象类型。"},{"id":null,"key":"CS_ContentList_Actions","value":"操作"},{"id":null,"key":"CS_ContentList_AddButton","value":"添加"},{"id":null,"key":"CS_ContentList_Advanced","value":"高级"},{"id":null,"key":"CS_ContentList_Behavior","value":"行为"},{"id":null,"key":"CS_ContentList_Columns","value":"列"},{"id":null,"key":"CS_ContentList_Columns_Help","value":"要在列表中显示的列。如果您需要自己的定制列属性，那么设置这些项，否则使用缺省设置。"},{"id":null,"key":"CS_ContentList_ConfigurationProperty","value":"配置属性"},{"id":null,"key":"CS_ContentList_ConfigurationProperty_Help","value":"将以 JSON 格式存储配置数据的属性的名称。"},{"id":null,"key":"CS_ContentList_ConfigurationValues","value":"配置值"},{"id":null,"key":"CS_ContentList_ContentItems","value":"内容项"},{"id":null,"key":"CS_ContentList_ContentItems_Help","value":"要显示的 CSDocument 对象的列表。ID 属性是文档对象唯一的必需属性。"},{"id":null,"key":"CS_ContentList_ControllerProperty","value":"控制器文档属性"},{"id":null,"key":"CS_ContentList_ControllerProperty_Help","value":"文档类中链接至批处理控制器的对象值属性的名称。"},{"id":null,"key":"CS_ContentList_DisableDnDAdd_Help","value":"选中此设置以禁用“使用拖放操作添加文档”。"},{"id":null,"key":"CS_ContentList_DisabledValues","value":"已禁用的值"},{"id":null,"key":"CS_ContentList_DisabledValues_Help","value":"指定将对其禁用项操作的属性值。"},{"id":null,"key":"CS_ContentList_DisplayProgressIndicator","value":"添加文档时显示进度指示器。"},{"id":null,"key":"CS_ContentList_DisplayProgressIndicator_Help","value":"选中此选项，以在添加文档时显示进度指示器。"},{"id":null,"key":"CS_ContentList_EnableSearchFilter","value":"启用搜索过滤器"},{"id":null,"key":"CS_ContentList_EnableSearchFilter_Help","value":"显示用于指定查询所基于的多个搜索参数的搜索过滤器组件，并在列表视图中显示结果。"},{"id":null,"key":"CS_ContentList_Enable_Polling","value":"启用“轮询文档状态”"},{"id":null,"key":"CS_ContentList_Enable_Polling_Help","value":"设置此选项时，使用轮询来更新所添加文档的状态。"},{"id":null,"key":"CS_ContentList_ExtraProperties","value":"额外的属性"},{"id":null,"key":"CS_ContentList_ExtraProperties_Help","value":"指定您希望在结果集内与项一起返回的其他属性。"},{"id":null,"key":"CS_ContentList_Folder","value":"文件夹"},{"id":null,"key":"CS_ContentList_FolderId","value":"文件夹标识"},{"id":null,"key":"CS_ContentList_FolderId_Help","value":"设置文件夹标识或路径，以使用所指定的文件夹内容来初始化内容列表。设置文件夹标识将优先于搜索设置。"},{"id":null,"key":"CS_ContentList_Height_Help","value":"The height of the content list view window."},{"id":null,"key":"CS_ContentList_HideAction_Help","value":"如果您想要从下拉菜单中除去此操作，那么检查操作设置。"},{"id":null,"key":"CS_ContentList_HideAddDialog","value":"添加文档时隐藏“添加”对话框"},{"id":null,"key":"CS_ContentList_HideAddDialog_Help","value":"选中了此选项并且配置了单个文档类型时，会添加文档，而不会显示“添加文档”对话框。"},{"id":null,"key":"CS_ContentList_HideAddDocument","value":"隐藏“添加文档”"},{"id":null,"key":"CS_ContentList_HideAddFolder","value":"隐藏“添加文件夹”"},{"id":null,"key":"CS_ContentList_HideCancelCheckoutDoc","value":"隐藏“取消检出文档”"},{"id":null,"key":"CS_ContentList_HideCheckoutDocument","value":"隐藏“检出文档”"},{"id":null,"key":"CS_ContentList_HideCheckoutState","value":"隐藏检出状态"},{"id":null,"key":"CS_ContentList_HideCheckoutState_Help","value":"选择此选项以启用/禁用“显示检出状态图标”。"},{"id":null,"key":"CS_ContentList_HideDeleteDocument","value":"隐藏“删除文档”"},{"id":null,"key":"CS_ContentList_HideDeleteFolder","value":"隐藏“删除文件夹”"},{"id":null,"key":"CS_ContentList_HideDownloadDocument","value":"隐藏“下载文档”"},{"id":null,"key":"CS_ContentList_HideEditDocument","value":"隐藏“编辑文档”"},{"id":null,"key":"CS_ContentList_HideEditDocumentProps","value":"隐藏“编辑文档属性”"},{"id":null,"key":"CS_ContentList_HideEditFolderProps","value":"隐藏“编辑文件夹属性”"},{"id":null,"key":"CS_ContentList_HideRefresh","value":"隐藏刷新"},{"id":null,"key":"CS_ContentList_HideRenameFolder","value":"隐藏“重命名文件夹”"},{"id":null,"key":"CS_ContentList_HideSearchField","value":"隐藏“搜索字段”"},{"id":null,"key":"CS_ContentList_HideSearchField_Help","value":"不显示搜索字段。在配置设置中定义了搜索参数。"},{"id":null,"key":"CS_ContentList_HideUploadNewVersionDoc","value":"隐藏“上载新版本文档”"},{"id":null,"key":"CS_ContentList_HideViewDocument","value":"隐藏“查看文档”"},{"id":null,"key":"CS_ContentList_IncludeTimeInDates","value":"在日期属性中包括时间"},{"id":null,"key":"CS_ContentList_IncludeTimeInDates_Help","value":"在列属性中显示日期值的时间部分。"},{"id":null,"key":"CS_ContentList_InitialPageSize","value":"初始页面大小"},{"id":null,"key":"CS_ContentList_InitialPageSize_Help","value":"所返回的要呈现在内容列表中的结果集的大小。缺省页面大小为 20 项。"},{"id":null,"key":"CS_ContentList_OnActionMenuOpen","value":"操作菜单打开时"},{"id":null,"key":"CS_ContentList_OnActionMenuOpen_Help","value":"即将打开操作菜单时所触发的事件。传递具有属性的文件夹对象。"},{"id":null,"key":"CS_ContentList_OnAdd","value":"在添加内容时"},{"id":null,"key":"CS_ContentList_OnAdd_Help","value":"添加文档或文件夹时所触发的事件。传递 contentItem 对象。"},{"id":null,"key":"CS_ContentList_OnContextMenuOpen","value":"在打开上下文菜单时"},{"id":null,"key":"CS_ContentList_OnContextMenuOpen_Help","value":"将打开上下文菜单时所触发的事件。传递具有属性的内容对象。"},{"id":null,"key":"CS_ContentList_OnError","value":"发生错误时"},{"id":null,"key":"CS_ContentList_OnError_Help","value":"存在服务错误时发出的事件。"},{"id":null,"key":"CS_ContentList_OnFileClicked","value":"单击文件时"},{"id":null,"key":"CS_ContentList_OnFileClicked_Help","value":"在主列中选择文档时触发的事件。传递具有属性的文档对象。"},{"id":null,"key":"CS_ContentList_OnFolderClicked","value":"在单击文件夹时"},{"id":null,"key":"CS_ContentList_OnFolderClicked_Help","value":"在主列中选择文件夹时触发的事件。传递具有属性的文件夹对象。"},{"id":null,"key":"CS_ContentList_OnPollResults","value":"收到轮询结果时"},{"id":null,"key":"CS_ContentList_OnPollResults_Help","value":"收到包含文档状态的轮询结果时触发。"},{"id":null,"key":"CS_ContentList_OnResults","value":"在所装入的结果中"},{"id":null,"key":"CS_ContentList_OnResults_Help","value":"已经从服务返回结果时发出的事件。传递内容列表中所呈示的项的列表。"},{"id":null,"key":"CS_ContentList_OnRowSelected","value":"在选择行时"},{"id":null,"key":"CS_ContentList_OnRowSelected_Help","value":"使用单选按钮或者复选框来选择行时触发的事件。传递其他参数：row（row.data.contentItem 拥有具有属性的文档或文件夹对象）。"},{"id":null,"key":"CS_ContentList_Polling_Exit_Values","value":"正在轮询退出属性值"},{"id":null,"key":"CS_ContentList_Polling_Exit_Values_Help","value":"从轮询返回的文档属性值是所配置的其中一个值时，轮询将停止。"},{"id":null,"key":"CS_ContentList_Polling_Neg_Exit_Values","value":"正在轮询负的退出属性值"},{"id":null,"key":"CS_ContentList_Polling_Neg_Exit_Values_Help","value":"从轮询返回的文档属性值不是所配置的其中一个值时，轮询将停止。"},{"id":null,"key":"CS_ContentList_Resources","value":"资源"},{"id":null,"key":"CS_ContentList_Resources_Help","value":"设置为要在列标题和属性列表过滤器标签的本地化字符串资源中拉取的外部资源束。"},{"id":null,"key":"CS_ContentList_RootFolderName","value":"根文件夹名称"},{"id":null,"key":"CS_ContentList_RootFolderName_Help","value":"要使用的根文件夹显示名称，而不是 Content Services 存储库中的文件夹名称。"},{"id":null,"key":"CS_ContentList_Search","value":"搜索"},{"id":null,"key":"CS_ContentList_SearchFilterProperties","value":"搜索过滤器属性"},{"id":null,"key":"CS_ContentList_SearchFilterProperties_Help","value":"指定查询所基于的属性集以填充列表视图。"},{"id":null,"key":"CS_ContentList_SearchFolderId","value":"在文件夹标识中搜索"},{"id":null,"key":"CS_ContentList_SearchFolderId_Help","value":"要开始在其中进行搜索的文件夹的文件夹标识。这是一个可选设置，将限制仅在所指定文件夹中搜索。如果未设置，那么将在整个对象存储库中搜索。"},{"id":null,"key":"CS_ContentList_SearchFor","value":"搜索"},{"id":null,"key":"CS_ContentList_SearchFor_Help","value":"搜索文档或文件夹项。"},{"id":null,"key":"CS_ContentList_SearchOnlyFolder","value":"仅搜索此文件夹"},{"id":null,"key":"CS_ContentList_SearchOnlyFolder_Help","value":"不包括搜索子文件夹。"},{"id":null,"key":"CS_ContentList_SearchOperator","value":"运算符"},{"id":null,"key":"CS_ContentList_SearchOperator_Help","value":"要使用的查询运算符，例如，Starts with、Ends with、Like、Not like、\\=、<、>、<>、<\\= 和 <\\= 等等。"},{"id":null,"key":"CS_ContentList_SearchProperty","value":"搜索属性"},{"id":null,"key":"CS_ContentList_SearchPropertyCardinality","value":"搜索属性基数"},{"id":null,"key":"CS_ContentList_SearchPropertyCardinality_Help","value":"指定搜索属性是单值属性还是多值属性。"},{"id":null,"key":"CS_ContentList_SearchPropertyType","value":"搜索属性类型"},{"id":null,"key":"CS_ContentList_SearchPropertyType_Help","value":"所指定的搜索属性的数据类型。"},{"id":null,"key":"CS_ContentList_SearchProperty_Help","value":"要搜索的属性的符号属性名称。"},{"id":null,"key":"CS_ContentList_SearchRootName","value":"根搜索名称"},{"id":null,"key":"CS_ContentList_SearchRootName_Help","value":"要在面包屑上使用的根搜索显示名称。"},{"id":null,"key":"CS_ContentList_SearchTextOptions","value":"文本选项"},{"id":null,"key":"CS_ContentList_SearchTextOptions_Help","value":"配置搜索以包括内容库查询（除了所指定的属性搜索以外）。"},{"id":null,"key":"CS_ContentList_SearchType","value":"搜索类型"},{"id":null,"key":"CS_ContentList_SearchType_Help","value":"搜索特定类型的对象。"},{"id":null,"key":"CS_ContentList_SearchValue","value":"缺省值"},{"id":null,"key":"CS_ContentList_SearchValue_Help","value":"要搜索的值。如果保留为空白，那么用户可以输入值以在运行时调用搜索。"},{"id":null,"key":"CS_ContentList_SecondaryProperty","value":"State secondary property"},{"id":null,"key":"CS_ContentList_SecondaryProperty_Help","value":"Select a property to be used as a custom secondary state property."},{"id":null,"key":"CS_ContentList_SelectionMode","value":"选择方式"},{"id":null,"key":"CS_ContentList_SelectionMode_Help","value":"单选、多选或者“无”。"},{"id":null,"key":"CS_ContentList_ShowCustomState","value":"显示定制状态"},{"id":null,"key":"CS_ContentList_ShowCustomState_Help","value":"选择此选项以启用/禁用“显示定制状态图标”。"},{"id":null,"key":"CS_ContentList_SortOrder","value":"排序顺序"},{"id":null,"key":"CS_ContentList_SortOrder_Help","value":"缺省排序方向 - 升序或降序。"},{"id":null,"key":"CS_ContentList_SortProperty","value":"对属性排序"},{"id":null,"key":"CS_ContentList_SortProperty_Help","value":"选择要用来对结果集排序的属性。"},{"id":null,"key":"CS_ContentList_StateProperty","value":"状态属性"},{"id":null,"key":"CS_ContentList_StateProperty_Help","value":"选择要用作定制状态属性的属性。"},{"id":null,"key":"CS_ContentList_Status_Polling_Interval","value":"状态轮询时间间隔"},{"id":null,"key":"CS_ContentList_Status_Polling_Interval_Help","value":"两次请求轮询所添加文档的状态之间间隔的秒数。"},{"id":null,"key":"CS_ContentList_Status_Polling_Property","value":"正在轮询状态属性"},{"id":null,"key":"CS_ContentList_Status_Polling_Property_Help","value":"为了获得所添加文档的状态而轮询的属性。"},{"id":null,"key":"CS_ContentList_Status_Polling_Timeout","value":"每个文档的轮询超时"},{"id":null,"key":"CS_ContentList_Status_Polling_Timeout_Help","value":"每个文档的秒数，如果达到此秒数后未满足退出条件，轮询将停止。"},{"id":null,"key":"CS_ContentList_TableRowHeight","value":"表行高度"},{"id":null,"key":"CS_ContentList_TableRowHeight_Help","value":"用于指定内容列表的表行高度的设置。"},{"id":null,"key":"CS_ContentList_Width_Help","value":"The width of the content list view window."},{"id":null,"key":"CS_ContentLlist_DisableDnDAdd","value":"禁用“拖放添加”"},{"id":null,"key":"CS_ContentLlist_Polling_Neg_Exit_Values_Help","value":"从轮询返回的文档属性值不是所配置的其中一个值时，轮询将停止。"},{"id":null,"key":"CS_ContentViewer_FitHeight","value":"适合高度"},{"id":null,"key":"CS_ContentViewer_FitWidth","value":"适合宽度"},{"id":null,"key":"CS_ContentViewer_Height","value":"高度"},{"id":null,"key":"CS_ContentViewer_OnLoad","value":"装入时"},{"id":null,"key":"CS_ContentViewer_Width","value":"宽度"},{"id":null,"key":"CS_ContestList_MaxAddDocs_Help","value":"指定用户一次可添加的最大文档数。缺省最大值为 50，但您可以将最大值最高设置为 300。"},{"id":null,"key":"CS_DepDocPropertiesProperty","value":"从属文档属性"},{"id":null,"key":"CS_DepDocPropertiesProperty_Help","value":"指向文档的对象值属性的符号名称，该文档中包含要显示的 JSON 值。"},{"id":null,"key":"CS_DepDocumentProperties_OnError","value":"发生错误时"},{"id":null,"key":"CS_DepDocumentProperties_OnError_Help","value":"检索属性值时发生错误所触发的事件。"},{"id":null,"key":"CS_Document_Classes","value":"文档类"},{"id":null,"key":"CS_Document_Classes_Help","value":"添加新文档时将显示的一组文档类。如果未设置，那么将从服务器中检索文档类。会对用户显示此处所输入的名称，值对应于每个文档类的符号名称。"},{"id":null,"key":"CS_FileDropZone_DocumentType","value":"文档类型"},{"id":null,"key":"CS_FileDropZone_DocumentType_Help","value":"添加文档时要使用的文档类型。如果未设置，那么将使用缺省文档类型。"},{"id":null,"key":"CS_FileDropZone_FolderId_Help","value":"将在其中添加文档的文件夹的文件夹标识。如果未指定，那么将不会对文档进行归档。"},{"id":null,"key":"CS_FileDropZone_MaxAddDoc","value":"要添加的文档的最大数目"},{"id":null,"key":"CS_FileDropZone_MaxAddDoc_Help","value":"指定用户一次可添加的最大文档数。缺省最大数目为 50。"},{"id":null,"key":"CS_Folder_Classes","value":"文件夹类"},{"id":null,"key":"CS_Folder_Classes_Help","value":"添加新文件夹时将显示的一组文件夹类。如果未设置，那么将从服务器中检索文件夹类。会对用户显示此处所输入的名称，值对应于每个文件夹类的符号名称。"},{"id":null,"key":"CS_GetContent_OnContentReceived","value":"接收到内容时"},{"id":null,"key":"CS_GetContent_OnContentReceived_Help","value":"在响应中已返回文档内容时触发的事件。"},{"id":null,"key":"CS_GetContent_OnGetClassAccess","value":"获取类访问权时"},{"id":null,"key":"CS_GetContent_OnGetClassAccess_Help","value":"已返回获取类访问权响应时触发的事件。"},{"id":null,"key":"CS_GetContent_OnPropertiesUpdated","value":"更新属性时"},{"id":null,"key":"CS_GetContent_OnPropertiesUpdated_Help","value":"已检索属性且已在内容项对象中更新该属性时触发的事件。"},{"id":null,"key":"CS_Height","value":"高度"},{"id":null,"key":"CS_Include_Time_Picker","value":"包括日期和时间值的时间选取器"},{"id":null,"key":"CS_Include_Time_Picker_Help","value":"如果设置了此项，那么将提供用于设置日期和时间值的时间部分的界面。"},{"id":null,"key":"CS_ObjectStoreName","value":"存储库名称"},{"id":null,"key":"CS_ObjectStoreName_Help","value":"Content Platform Engine 的管理控制台中的对象存储库名称。"},{"id":null,"key":"CS_On_Class_Selected","value":"在选择类时"},{"id":null,"key":"CS_On_Class_Selected_Help","value":"用户选择类时触发的事件。"},{"id":null,"key":"CS_ProgressIndicator_OnClose","value":"在关闭时"},{"id":null,"key":"CS_ProgressIndicator_OnClose_Help","value":"关闭进度指示器时触发。"},{"id":null,"key":"CS_ProgressIndicator_OnFileRemoved","value":"移除文件时"},{"id":null,"key":"CS_ProgressIndicator_OnFileRemoved_Help","value":"从进度指示器除去暂挂文件时触发"},{"id":null,"key":"CS_PropertyList_Display_Edit","value":"显示用于编辑属性值的按钮"},{"id":null,"key":"CS_PropertyList_Display_Edit_Help","value":"在工具栏中显示允许用户编辑属性值的按钮。"},{"id":null,"key":"CS_PropertyPoller_OnError","value":"发生错误时"},{"id":null,"key":"CS_PropertyPoller_OnError_Help","value":"轮询属性时发生错误的情况下触发。"},{"id":null,"key":"CS_PropertyPoller_OnResults","value":"收到结果时"},{"id":null,"key":"CS_PropertyPoller_OnResults_Help","value":"从轮询请求收到结果时触发。"},{"id":null,"key":"CS_PropertyPoller_OnStatus","value":"在返回属性信息时"},{"id":null,"key":"CS_PropertyPoller_OnStatus_Help","value":"在轮询服务器以查找属性信息时返回数据时触发。"},{"id":null,"key":"CS_Query_ExecuteOnChange","value":"更改时运行搜索"},{"id":null,"key":"CS_Query_ExecuteOnChange_Help","value":"在组件中发生视图更改事件时，运行配置的搜索。"},{"id":null,"key":"CS_Query_ExecuteOnView","value":"查看时执行搜索"},{"id":null,"key":"CS_Query_ExecuteOnView_Help","value":"在组件中发生 Coach 视图事件时，运行配置的搜索。"},{"id":null,"key":"CS_Query_MaxResults","value":"最大结果数"},{"id":null,"key":"CS_Query_MaxResults_Help","value":"要从查询返回的最大结果数。"},{"id":null,"key":"CS_Query_OnError","value":"发生错误时"},{"id":null,"key":"CS_Query_OnError_Help","value":"发生错误时触发。"},{"id":null,"key":"CS_Query_OnSearchResults","value":"搜索结果时"},{"id":null,"key":"CS_Query_OnSearchResults_Help","value":"从服务器返回搜索结果时触发。"},{"id":null,"key":"CS_Query_ResultProperties","value":"结果属性"},{"id":null,"key":"CS_Query_ResultProperties_Help","value":"搜索结果中返回的属性的符号名称。"},{"id":null,"key":"CS_Query_SearchValue","value":"搜索值"},{"id":null,"key":"CS_Query_SearchValue_Help","value":"要搜索的值。"},{"id":null,"key":"CS_RepositoryId","value":"存储库标识"},{"id":null,"key":"CS_RepositoryId_Help","value":"IBM Navigator 中的存储库标识。此值由文档查看器使用。"},{"id":null,"key":"CS_SummaryCard_Details","value":"详细信息"},{"id":null,"key":"CS_SummaryCard_Details_Help","value":"已显示在摘要卡的“详细信息”部分。"},{"id":null,"key":"CS_SummaryCard_DisplayHelpIcon","value":"显示帮助图标"},{"id":null,"key":"CS_SummaryCard_DisplayHelpIcon_Help","value":"选中时，将在卡中显示帮助图标。"},{"id":null,"key":"CS_SummaryCard_HelpLearnMoreUrl","value":"帮助了解更多信息 URL"},{"id":null,"key":"CS_SummaryCard_HelpLearnMoreUrl_Help","value":"“了解更多信息”的链接。设置后，将在帮助工具提示中显示一个按钮，单击此按钮时，将显示链接中指定的页面。"},{"id":null,"key":"CS_SummaryCard_HelpText","value":"帮助文本"},{"id":null,"key":"CS_SummaryCard_HelpText_Help","value":"用户单击帮助图标时在工具提示中显示的消息标识或文本。"},{"id":null,"key":"CS_SummaryCard_OnClick","value":"单击时"},{"id":null,"key":"CS_SummaryCard_OnClick_Help","value":"单击摘要卡时触发。"},{"id":null,"key":"CS_SummaryCard_Title","value":"标题"},{"id":null,"key":"CS_SummaryCard_Title_Help","value":"已显示为摘要卡的标题。"},{"id":null,"key":"CS_UploadContent_OnContentAdded","value":"在添加内容时"},{"id":null,"key":"CS_UploadContent_OnContentAdded_Help","value":"成功上载内容时触发的事件。"},{"id":null,"key":"CS_UploadContent_OnError","value":"发生错误时"},{"id":null,"key":"CS_UploadContent_OnError_Help","value":"上载内容时发生错误所触发的事件。"},{"id":null,"key":"CS_Width","value":"宽度"}]}