{"id":"50.adeae4bd-e860-48f8-8f12-9436f7840773/2064.da475e61-9610-4fe7-ab04-1910a3fe98fa","localeLanguage":"ro","localeCountry":"","localeVariant":"","localeDisplayName":"CSResource","resourceBundleKey":[{"id":null,"key":"CS_BatchContent_OnDocumentCheckedOut","value":"On document checked out"},{"id":null,"key":"CS_BatchContent_OnDocumentCheckedOut_Help","value":"An event that is fired when the document has been checked out."},{"id":null,"key":"CS_BatchContent_OnGetProperties","value":"On get properties"},{"id":null,"key":"CS_BatchContent_OnGetProperties_Help","value":"An event that is fired when the properties have been retrieved."},{"id":null,"key":"CS_BatchContent_OnRollbackBatch","value":"On rollback batch"},{"id":null,"key":"CS_BatchContent_OnRollbackBatch_Help","value":"An event that is fired when the batch has been rolled back successfully."},{"id":null,"key":"CS_BatchContent_OnSaveBatch","value":"On save batch"},{"id":null,"key":"CS_BatchContent_OnSaveBatch_Help","value":"An event that is fired when the batch has been saved."},{"id":null,"key":"CS_BatchContent_OnSearchResults","value":"On search results"},{"id":null,"key":"CS_BatchContent_OnSearchResults_Help","value":"An event that is fired when the search results have returned successfully."},{"id":null,"key":"CS_BatchContent_OnUpdateBatch","value":"On update batch"},{"id":null,"key":"CS_BatchContent_OnUpdateBatch_Help","value":"An event that is fired when the batch has been updated."},{"id":null,"key":"CS_BatchContent_OnUpdateProperties","value":"On update properties"},{"id":null,"key":"CS_BatchContent_OnUpdateProperties_Help","value":"An event that is fired when the properties have been updated."},{"id":null,"key":"CS_Class_Selector_Svc_Error","value":"Eroare serviciu"},{"id":null,"key":"CS_Class_Selector_Svc_Error_Help","value":"Este declanşat când este returnată o eroare de la apelarea unui serviciu."},{"id":null,"key":"CS_ContentListFilter_Cancel","value":"Cancel"},{"id":null,"key":"CS_ContentListFilter_Filter","value":"Filter"},{"id":null,"key":"CS_ContentListFilter_OnCanceFilter","value":"On cancel"},{"id":null,"key":"CS_ContentListFilter_OnCancelFilter_Help","value":"An event that is fired when the cancel button is clicked."},{"id":null,"key":"CS_ContentListFilter_OnFilter","value":"On filter"},{"id":null,"key":"CS_ContentListFilter_OnFilter_Help","value":"An event that is fired when the filter button is clicked."},{"id":null,"key":"CS_ContentListFilter_TypeName","value":"Type name"},{"id":null,"key":"CS_ContentListFilter_TypeName_Help","value":"Search object type."},{"id":null,"key":"CS_ContentList_Actions","value":"Acţiuni"},{"id":null,"key":"CS_ContentList_AddButton","value":"Adăugare"},{"id":null,"key":"CS_ContentList_Advanced","value":"Avansat"},{"id":null,"key":"CS_ContentList_Behavior","value":"Comportament"},{"id":null,"key":"CS_ContentList_Columns","value":"Coloane"},{"id":null,"key":"CS_ContentList_Columns_Help","value":"Coloanele de afişat în listă. Setaţi-le dacă vreţi propriile proprietăţi de coloane personalizate, altfel va fi folosit un set implicit."},{"id":null,"key":"CS_ContentList_ConfigurationProperty","value":"Proprietate de configuraţie"},{"id":null,"key":"CS_ContentList_ConfigurationProperty_Help","value":"Numele unei proprietăţi unde datele de configuraţie vor fi stocate în format JSON."},{"id":null,"key":"CS_ContentList_ConfigurationValues","value":"Valori de configuraţie"},{"id":null,"key":"CS_ContentList_ContentItems","value":"Articole de conţinut"},{"id":null,"key":"CS_ContentList_ContentItems_Help","value":"Lista de obiecte CSDocument care va fi afişată. Proprietatea id este singura proprietate cerută a obiectelor document."},{"id":null,"key":"CS_ContentList_ControllerProperty","value":"Controller document property"},{"id":null,"key":"CS_ContentList_ControllerProperty_Help","value":"Name of the object value property in the document class that links to the batch controller."},{"id":null,"key":"CS_ContentList_DisableDnDAdd_Help","value":"Bifaţi această setare pentru a dezactiva adăugarea documentelor folosind tragere şi plasare."},{"id":null,"key":"CS_ContentList_DisabledValues","value":"Valori dezactivate"},{"id":null,"key":"CS_ContentList_DisabledValues_Help","value":"Specificaţi valorile de proprietate pentru care acţiunile pe articole vor fi dezactivate."},{"id":null,"key":"CS_ContentList_DisplayProgressIndicator","value":"Afişare indicator de progres la adăugarea documentelor"},{"id":null,"key":"CS_ContentList_DisplayProgressIndicator_Help","value":"Bifaţi această opţiune pentru a afişa un indicator de progres la adăugarea documentelor."},{"id":null,"key":"CS_ContentList_EnableSearchFilter","value":"Enable search filter"},{"id":null,"key":"CS_ContentList_EnableSearchFilter_Help","value":"Displays the search filter component for specifying multiple search parameters to query against and display the results in the list view."},{"id":null,"key":"CS_ContentList_Enable_Polling","value":"Activare sondare pentru starea documentelor"},{"id":null,"key":"CS_ContentList_Enable_Polling_Help","value":"Când este setat, sondarea este utilizată pentru a actualiza starea documentelor adăugate."},{"id":null,"key":"CS_ContentList_ExtraProperties","value":"Extra properties"},{"id":null,"key":"CS_ContentList_ExtraProperties_Help","value":"Specify additional properties that you want returned with the items in the results set."},{"id":null,"key":"CS_ContentList_Folder","value":"Folder"},{"id":null,"key":"CS_ContentList_FolderId","value":"ID folder"},{"id":null,"key":"CS_ContentList_FolderId_Help","value":"Setaţi ID-ul de folder sau calea pentru a iniţializa lista de conţinut cu cuprinsul folderului specificat. Setarea ID-ului de folder va avea prioritate fată de setările de căutare."},{"id":null,"key":"CS_ContentList_Height_Help","value":"The height of the content list view window."},{"id":null,"key":"CS_ContentList_HideAction_Help","value":"Bifaţi setarea acţiunii dacă vreţi să înlăturaţi această acţiune din meniul derulant."},{"id":null,"key":"CS_ContentList_HideAddDialog","value":"Ascundere dialog de adăugare la adăugarea documentelor"},{"id":null,"key":"CS_ContentList_HideAddDialog_Help","value":"Când această opţiune este selectată şi un singur tip de document este configurat, documentele sunt adăugate fără a afişa dialogul Adăugare document."},{"id":null,"key":"CS_ContentList_HideAddDocument","value":"Ascundere Adăugare document"},{"id":null,"key":"CS_ContentList_HideAddFolder","value":"Ascundere Adăugare folder"},{"id":null,"key":"CS_ContentList_HideCancelCheckoutDoc","value":"Ascundere Anulare înregistrare la ieşire document"},{"id":null,"key":"CS_ContentList_HideCheckoutDocument","value":"Ascundere Înregistrare la ieşire document"},{"id":null,"key":"CS_ContentList_HideCheckoutState","value":"Ascundere Stare înregistrare la ieşire"},{"id":null,"key":"CS_ContentList_HideCheckoutState_Help","value":"Selectaţi această opţiune pentru a activa/dezactiva afişarea pictogramei de stare înregistrare la ieşire."},{"id":null,"key":"CS_ContentList_HideDeleteDocument","value":"Ascundere Ştergere document"},{"id":null,"key":"CS_ContentList_HideDeleteFolder","value":"Ascundere Ştergere folder"},{"id":null,"key":"CS_ContentList_HideDownloadDocument","value":"Ascundere Descărcare document"},{"id":null,"key":"CS_ContentList_HideEditDocument","value":"Ascundere Editare document"},{"id":null,"key":"CS_ContentList_HideEditDocumentProps","value":"Ascundere Editare proprietăţi document"},{"id":null,"key":"CS_ContentList_HideEditFolderProps","value":"Ascundere Editare proprietăţi folder"},{"id":null,"key":"CS_ContentList_HideRefresh","value":"Hide refresh"},{"id":null,"key":"CS_ContentList_HideRenameFolder","value":"Ascundere Redenumire folder"},{"id":null,"key":"CS_ContentList_HideSearchField","value":"Ascundere Căutare câmp"},{"id":null,"key":"CS_ContentList_HideSearchField_Help","value":"Nu se afişează câmpul de căutare. Parametrii de căutare sunt definiţi în setările de configuraţie."},{"id":null,"key":"CS_ContentList_HideUploadNewVersionDoc","value":"Ascundere Încărcare document de versiune nouă"},{"id":null,"key":"CS_ContentList_HideViewDocument","value":"Ascundere Vizualizare document"},{"id":null,"key":"CS_ContentList_IncludeTimeInDates","value":"Includere oră în proprietăţile de dată."},{"id":null,"key":"CS_ContentList_IncludeTimeInDates_Help","value":"Afişaţi porţiunea de oră la valoarea de dată din proprietăţile coloanei."},{"id":null,"key":"CS_ContentList_InitialPageSize","value":"Dimensiune iniţială pagină"},{"id":null,"key":"CS_ContentList_InitialPageSize_Help","value":"Dimensiunea setului de rezultate returnat pentru randare în lista de conţinut. Dimensiunea de pagină implicită este de 20 de articole."},{"id":null,"key":"CS_ContentList_OnActionMenuOpen","value":"On action menu open"},{"id":null,"key":"CS_ContentList_OnActionMenuOpen_Help","value":"An event that is fired when the action menu is about to be opened. Passes a folder object with properties."},{"id":null,"key":"CS_ContentList_OnAdd","value":"La conţinut adăugat"},{"id":null,"key":"CS_ContentList_OnAdd_Help","value":"Evenimentul care este declanşat când este adăugat un document sau folder. Transmite un obiect contentItem."},{"id":null,"key":"CS_ContentList_OnContextMenuOpen","value":"La deschidere meniu contextual"},{"id":null,"key":"CS_ContentList_OnContextMenuOpen_Help","value":"Un eveniment care este declanşat atunci când meniul contextual este pe cale să fie deschis. Transmite un obiect de conţinut cu proprietăţi."},{"id":null,"key":"CS_ContentList_OnError","value":"La eroare"},{"id":null,"key":"CS_ContentList_OnError_Help","value":"Evenimentul care este trimis la ieşire când există o eroare a serviciului."},{"id":null,"key":"CS_ContentList_OnFileClicked","value":"La clic pe fişier"},{"id":null,"key":"CS_ContentList_OnFileClicked_Help","value":"Evenimentul care este declanşat când un document este selectat în coloana principală. Transmite un obiect document cu proprietăţi."},{"id":null,"key":"CS_ContentList_OnFolderClicked","value":"La clic pe folder"},{"id":null,"key":"CS_ContentList_OnFolderClicked_Help","value":"Un eveniment care este declanşat când un folder este selectat în coloana principală. Transmite un obiect folder cu proprietăţi."},{"id":null,"key":"CS_ContentList_OnPollResults","value":"On poll results"},{"id":null,"key":"CS_ContentList_OnPollResults_Help","value":"Fired when a poll result containing document status is received."},{"id":null,"key":"CS_ContentList_OnResults","value":"La rezultate încărcate"},{"id":null,"key":"CS_ContentList_OnResults_Help","value":"Evenimentul care este trimis la ieşire când rezultatele au fost returnate de la un serviciu. Transmite o listă de articole care au fost randate în lista de conţinut."},{"id":null,"key":"CS_ContentList_OnRowSelected","value":"La rând selectat"},{"id":null,"key":"CS_ContentList_OnRowSelected_Help","value":"Evenimentul care este declanşat când este selectat un rând utilizând un buton radio sau o casetă de bifare. Transmite parametrul suplimentar: row (row.data.contentItem conţine obiectul document sau folder cu proprietăţile)."},{"id":null,"key":"CS_ContentList_Polling_Exit_Values","value":"Valori de ieşire ieşire sondaj"},{"id":null,"key":"CS_ContentList_Polling_Exit_Values_Help","value":"Sondarea va înceta când valoarea proprietăţii de document returnată de la sondare este una din valorile configurate."},{"id":null,"key":"CS_ContentList_Polling_Neg_Exit_Values","value":"Sondare valori de proprietate de ieşire negative"},{"id":null,"key":"CS_ContentList_Polling_Neg_Exit_Values_Help","value":"Sondarea va înceta atunci când valoarea proprietăţii de document returnată de la sondare nu este una dintre valorile configurate."},{"id":null,"key":"CS_ContentList_Resources","value":"Resources"},{"id":null,"key":"CS_ContentList_Resources_Help","value":"Set to an external resource bundle to pull in localized string resources for the column headers and the property list filter labels."},{"id":null,"key":"CS_ContentList_RootFolderName","value":"Nume folder rădăcină"},{"id":null,"key":"CS_ContentList_RootFolderName_Help","value":"Numele de afişare a folderului rădăcină de utilizat în locul numelui de folder din magazia Content Services."},{"id":null,"key":"CS_ContentList_Search","value":"Căutare"},{"id":null,"key":"CS_ContentList_SearchFilterProperties","value":"Search filter properties"},{"id":null,"key":"CS_ContentList_SearchFilterProperties_Help","value":"Specify the set of properties you want to query against to populate the list view."},{"id":null,"key":"CS_ContentList_SearchFolderId","value":"Căutare în ID folder"},{"id":null,"key":"CS_ContentList_SearchFolderId_Help","value":"ID-ul folderului unde să se înceapă căutarea. Aceasta este o setare opţională care restricţionează căutarea la folderul specificat. Dacă nu este setată, este căutat tot depozitul de obiecte."},{"id":null,"key":"CS_ContentList_SearchFor","value":"Search for"},{"id":null,"key":"CS_ContentList_SearchFor_Help","value":"Search for document or folder items."},{"id":null,"key":"CS_ContentList_SearchOnlyFolder","value":"Căutare doar în acest folder"},{"id":null,"key":"CS_ContentList_SearchOnlyFolder_Help","value":"Nu includeţi căutarea în sub-foldere."},{"id":null,"key":"CS_ContentList_SearchOperator","value":"Operator"},{"id":null,"key":"CS_ContentList_SearchOperator_Help","value":"Operatorul de căutare pe care aţi vrea să-l folosiţi, cum ar fi Începe cu, Se termină cu, Este ca şi, Nu este ca şi, =, <, >, <>, >=, <=, etc.)."},{"id":null,"key":"CS_ContentList_SearchProperty","value":"Proprietate de căutare"},{"id":null,"key":"CS_ContentList_SearchPropertyCardinality","value":"Căutare cardinalitate proprietate"},{"id":null,"key":"CS_ContentList_SearchPropertyCardinality_Help","value":"Specifică dacă proprietatea de căutare are o valoare singulară sau multiplă."},{"id":null,"key":"CS_ContentList_SearchPropertyType","value":"Tip proprietate de căutare"},{"id":null,"key":"CS_ContentList_SearchPropertyType_Help","value":"Tipul de date al proprietăţii de căutare specificate"},{"id":null,"key":"CS_ContentList_SearchProperty_Help","value":"Numele simbolic al proprietăţii pe care vreţi să o căutaţi."},{"id":null,"key":"CS_ContentList_SearchRootName","value":"Root search name"},{"id":null,"key":"CS_ContentList_SearchRootName_Help","value":"The root search display name to use on the breadcrumb."},{"id":null,"key":"CS_ContentList_SearchTextOptions","value":"Opţiuni text"},{"id":null,"key":"CS_ContentList_SearchTextOptions_Help","value":"Configuraţi căutarea să includă o interogare de bază conţinut în plus faţă de căutarea de proprietate specificată."},{"id":null,"key":"CS_ContentList_SearchType","value":"Search type"},{"id":null,"key":"CS_ContentList_SearchType_Help","value":"Search for objects of a particular type."},{"id":null,"key":"CS_ContentList_SearchValue","value":"Valoare implicită"},{"id":null,"key":"CS_ContentList_SearchValue_Help","value":"Valoarea de căutat. Dacă este lăsată blanc, utilizatorii pot introduce o valoare de invocat căutarea la momentul rulării."},{"id":null,"key":"CS_ContentList_SecondaryProperty","value":"State secondary property"},{"id":null,"key":"CS_ContentList_SecondaryProperty_Help","value":"Select a property to be used as a custom secondary state property."},{"id":null,"key":"CS_ContentList_SelectionMode","value":"Mod de selectare"},{"id":null,"key":"CS_ContentList_SelectionMode_Help","value":"Selecţie singulară, selecţie multiplă sau niciuna."},{"id":null,"key":"CS_ContentList_ShowCustomState","value":"Afişare stare personalizată"},{"id":null,"key":"CS_ContentList_ShowCustomState_Help","value":"Selectaţi această opţiune pentru a activa/dezactiva afişarea unei pictograme de stare personalizate."},{"id":null,"key":"CS_ContentList_SortOrder","value":"Ordine sortare"},{"id":null,"key":"CS_ContentList_SortOrder_Help","value":"Direcţie de sortare implicită, crescătoare sau descrescătoare."},{"id":null,"key":"CS_ContentList_SortProperty","value":"Sortare pe proprietatea"},{"id":null,"key":"CS_ContentList_SortProperty_Help","value":"Selectaţi proprietatea de utilizat pentru a sorta setul de rezultate."},{"id":null,"key":"CS_ContentList_StateProperty","value":"Proprietate de stare"},{"id":null,"key":"CS_ContentList_StateProperty_Help","value":"Selectaţi o proprietate pentru a fi utilizată ca proprietate de stare personalizată."},{"id":null,"key":"CS_ContentList_Status_Polling_Interval","value":"Interval de sondare stare"},{"id":null,"key":"CS_ContentList_Status_Polling_Interval_Help","value":"Numărul de secunde dintre cererile de sondare pentru starea documentelor adăugate."},{"id":null,"key":"CS_ContentList_Status_Polling_Property","value":"Sondare proprietate de stare"},{"id":null,"key":"CS_ContentList_Status_Polling_Property_Help","value":"Proprietate care este sondată pentru a obţine starea documentelor adăugate."},{"id":null,"key":"CS_ContentList_Status_Polling_Timeout","value":"Polling timeout per document"},{"id":null,"key":"CS_ContentList_Status_Polling_Timeout_Help","value":"Number of seconds per document after which polling stops if an exit condition is not met."},{"id":null,"key":"CS_ContentList_TableRowHeight","value":"Înălţime rând tabel"},{"id":null,"key":"CS_ContentList_TableRowHeight_Help","value":"Setare utilizată pentru specificarea înălţimii rândului tabelului listă de conţinut."},{"id":null,"key":"CS_ContentList_Width_Help","value":"The width of the content list view window."},{"id":null,"key":"CS_ContentLlist_DisableDnDAdd","value":"Dezactivare adăugare prin tragere şi plasare"},{"id":null,"key":"CS_ContentLlist_Polling_Neg_Exit_Values_Help","value":"Sondarea va înceta atunci când valoarea proprietăţii de document returnată de la sondare nu este una dintre valorile configurate."},{"id":null,"key":"CS_ContentViewer_FitHeight","value":"Potrivire pe înălţime"},{"id":null,"key":"CS_ContentViewer_FitWidth","value":"Potrivire pe lăţime"},{"id":null,"key":"CS_ContentViewer_Height","value":"Înălţime"},{"id":null,"key":"CS_ContentViewer_OnLoad","value":"La încărcare"},{"id":null,"key":"CS_ContentViewer_Width","value":"Lăţime"},{"id":null,"key":"CS_ContestList_MaxAddDocs_Help","value":"Specificaţi numărul maxim de documente pe care utilizatorii îl pot adăuga odată. Valoarea maximă implicită este 50. Totuşi, puteţi seta maximul până la 300."},{"id":null,"key":"CS_DepDocPropertiesProperty","value":"Proprietate de document dependentă"},{"id":null,"key":"CS_DepDocPropertiesProperty_Help","value":"Numele simbolic al proprietăţii de valoare obiect care indică la documentul care conţine valorile JSON de afişat."},{"id":null,"key":"CS_DepDocumentProperties_OnError","value":"La eroare"},{"id":null,"key":"CS_DepDocumentProperties_OnError_Help","value":"Un eveniment declanşat când apare o eroare la extragerea conţinutului."},{"id":null,"key":"CS_Document_Classes","value":"Clase de document"},{"id":null,"key":"CS_Document_Classes_Help","value":"Un set de clase de document care vor fi afişate la adăugarea de documente. Când nu sunt setate, clasele de document sunt extrase de pe server. Numele introduse aici sunt afişate utilizatorului, valorile corespund numelui simbolic al fiecărei clase de document."},{"id":null,"key":"CS_FileDropZone_DocumentType","value":"Tip de document"},{"id":null,"key":"CS_FileDropZone_DocumentType_Help","value":"Tipurile de document de folosit la adăugarea documentelor. Dacă nu este setat, se va folosi tipul de document implicit."},{"id":null,"key":"CS_FileDropZone_FolderId_Help","value":"ID-ul de folder al folderului unde vor fi adăugate documentele. Dacă nu este specificat, este folosit numele."},{"id":null,"key":"CS_FileDropZone_MaxAddDoc","value":"Maximum number of documents to add"},{"id":null,"key":"CS_FileDropZone_MaxAddDoc_Help","value":"Specify the maximum number of documents that users can add at a time. The default maximum is 50."},{"id":null,"key":"CS_Folder_Classes","value":"Clase folder"},{"id":null,"key":"CS_Folder_Classes_Help","value":"Un set de clase de folder care vor fi afişate la adăugarea de foldere noi. Când nu sunt setate, clasele de folder sunt extrase de pe server. Numele introduse aici sunt afişate utilizatorului, valorile corespund numelor simbolice ale fiecărei clase de folder."},{"id":null,"key":"CS_GetContent_OnContentReceived","value":"La conţinut primit"},{"id":null,"key":"CS_GetContent_OnContentReceived_Help","value":"Un eveniment care este declanşat când conţinutul documentului a fost returnat în răspuns."},{"id":null,"key":"CS_GetContent_OnGetClassAccess","value":"On get class access"},{"id":null,"key":"CS_GetContent_OnGetClassAccess_Help","value":"An event that is fired when the get class access response has returned."},{"id":null,"key":"CS_GetContent_OnPropertiesUpdated","value":"On properties updated"},{"id":null,"key":"CS_GetContent_OnPropertiesUpdated_Help","value":"An event that is fired when the properties have been retrieved and updated in the content item object."},{"id":null,"key":"CS_Height","value":"Înălţime"},{"id":null,"key":"CS_Include_Time_Picker","value":"Includere selector pentru valorile de dată şi oră"},{"id":null,"key":"CS_Include_Time_Picker_Help","value":"Când este setat, furnizează o interfaţă pentru a seta porţiunea de timp a valorilor de dată şi oră."},{"id":null,"key":"CS_ObjectStoreName","value":"Nume magazin de obiecte"},{"id":null,"key":"CS_ObjectStoreName_Help","value":"Nume depozit de obiecte de la trusa de administrare Acce."},{"id":null,"key":"CS_On_Class_Selected","value":"La clasă selectată"},{"id":null,"key":"CS_On_Class_Selected_Help","value":"Evenimentul care este declanşat când utilizatorul selectează o clasă."},{"id":null,"key":"CS_ProgressIndicator_OnClose","value":"On close"},{"id":null,"key":"CS_ProgressIndicator_OnClose_Help","value":"Fired when the progress indicator is closed."},{"id":null,"key":"CS_ProgressIndicator_OnFileRemoved","value":"On file removed"},{"id":null,"key":"CS_ProgressIndicator_OnFileRemoved_Help","value":"Fired when a pending file is removed from the progress indicator"},{"id":null,"key":"CS_PropertyList_Display_Edit","value":"Afişare butoane pentru editarea valorilor proprietăţilor"},{"id":null,"key":"CS_PropertyList_Display_Edit_Help","value":"Afişează butoane într-o bară de unelte care permit utilizatorului să editeze valorile de proprietate."},{"id":null,"key":"CS_PropertyPoller_OnError","value":"La eroare"},{"id":null,"key":"CS_PropertyPoller_OnError_Help","value":"Declanşat când apare o eroare la sondarea unei proprietăţi."},{"id":null,"key":"CS_PropertyPoller_OnResults","value":"On results"},{"id":null,"key":"CS_PropertyPoller_OnResults_Help","value":"Fired when results are received from a poll requests."},{"id":null,"key":"CS_PropertyPoller_OnStatus","value":"La informaţii de proprietate returnate"},{"id":null,"key":"CS_PropertyPoller_OnStatus_Help","value":"Declanşat când datele sunt returnate de la sondarea serverului pentru informaţii de proprietate."},{"id":null,"key":"CS_Query_ExecuteOnChange","value":"Run search on change"},{"id":null,"key":"CS_Query_ExecuteOnChange_Help","value":"Runs the configured search when the view change event occurs in the component."},{"id":null,"key":"CS_Query_ExecuteOnView","value":"Execute search on view"},{"id":null,"key":"CS_Query_ExecuteOnView_Help","value":"Runs the configured search when the coach view event occurs in the component."},{"id":null,"key":"CS_Query_MaxResults","value":"Maximum results"},{"id":null,"key":"CS_Query_MaxResults_Help","value":"The maximum number of results to return from the query."},{"id":null,"key":"CS_Query_OnError","value":"On error"},{"id":null,"key":"CS_Query_OnError_Help","value":"Fired when an error occurs."},{"id":null,"key":"CS_Query_OnSearchResults","value":"On search results"},{"id":null,"key":"CS_Query_OnSearchResults_Help","value":"Fired when search results are returned from the server."},{"id":null,"key":"CS_Query_ResultProperties","value":"Result properties"},{"id":null,"key":"CS_Query_ResultProperties_Help","value":"Symbolic names of properties returned in the search results."},{"id":null,"key":"CS_Query_SearchValue","value":"Search values"},{"id":null,"key":"CS_Query_SearchValue_Help","value":"The values to search for."},{"id":null,"key":"CS_RepositoryId","value":"ID magazie"},{"id":null,"key":"CS_RepositoryId_Help","value":"ID-ul de magazie din IBM Navigator. Această valoare este folosită de vizualizatorul de documente."},{"id":null,"key":"CS_SummaryCard_Details","value":"Details"},{"id":null,"key":"CS_SummaryCard_Details_Help","value":"Displayed in the details section of the summary card."},{"id":null,"key":"CS_SummaryCard_DisplayHelpIcon","value":"Display help icon"},{"id":null,"key":"CS_SummaryCard_DisplayHelpIcon_Help","value":"When checked, displays a help icon in the card."},{"id":null,"key":"CS_SummaryCard_HelpLearnMoreUrl","value":"Help learn more URL"},{"id":null,"key":"CS_SummaryCard_HelpLearnMoreUrl_Help","value":"A link to Learn More information. When set, a button is displayed in the help tooltip that when clicked, displays the page specified in the link."},{"id":null,"key":"CS_SummaryCard_HelpText","value":"Help text"},{"id":null,"key":"CS_SummaryCard_HelpText_Help","value":"Either a message ID or text that is displayed in a tooltip when the user clicks the help icon."},{"id":null,"key":"CS_SummaryCard_OnClick","value":"On click"},{"id":null,"key":"CS_SummaryCard_OnClick_Help","value":"Fired when the summary card is clicked."},{"id":null,"key":"CS_SummaryCard_Title","value":"Title"},{"id":null,"key":"CS_SummaryCard_Title_Help","value":"Displayed as the title of the summary card."},{"id":null,"key":"CS_UploadContent_OnContentAdded","value":"La conţinut adăugat"},{"id":null,"key":"CS_UploadContent_OnContentAdded_Help","value":"Un eveniment declanşat când conţinutul este încărcat cu succes."},{"id":null,"key":"CS_UploadContent_OnError","value":"La eroare"},{"id":null,"key":"CS_UploadContent_OnError_Help","value":"Un eveniment declanşat când apare o eroare la încărcarea conţinutului."},{"id":null,"key":"CS_Width","value":"Lăţime"}]}