{"id":"50.adeae4bd-e860-48f8-8f12-9436f7840773/2064.da475e61-9610-4fe7-ab04-1910a3fe98fa","localeLanguage":"da","localeCountry":"","localeVariant":"","localeDisplayName":"CSResource","resourceBundleKey":[{"id":null,"key":"CS_BatchContent_OnDocumentCheckedOut","value":"On document checked out"},{"id":null,"key":"CS_BatchContent_OnDocumentCheckedOut_Help","value":"An event that is fired when the document has been checked out."},{"id":null,"key":"CS_BatchContent_OnGetProperties","value":"On get properties"},{"id":null,"key":"CS_BatchContent_OnGetProperties_Help","value":"An event that is fired when the properties have been retrieved."},{"id":null,"key":"CS_BatchContent_OnRollbackBatch","value":"On rollback batch"},{"id":null,"key":"CS_BatchContent_OnRollbackBatch_Help","value":"An event that is fired when the batch has been rolled back successfully."},{"id":null,"key":"CS_BatchContent_OnSaveBatch","value":"On save batch"},{"id":null,"key":"CS_BatchContent_OnSaveBatch_Help","value":"An event that is fired when the batch has been saved."},{"id":null,"key":"CS_BatchContent_OnSearchResults","value":"On search results"},{"id":null,"key":"CS_BatchContent_OnSearchResults_Help","value":"An event that is fired when the search results have returned successfully."},{"id":null,"key":"CS_BatchContent_OnUpdateBatch","value":"On update batch"},{"id":null,"key":"CS_BatchContent_OnUpdateBatch_Help","value":"An event that is fired when the batch has been updated."},{"id":null,"key":"CS_BatchContent_OnUpdateProperties","value":"On update properties"},{"id":null,"key":"CS_BatchContent_OnUpdateProperties_Help","value":"An event that is fired when the properties have been updated."},{"id":null,"key":"CS_Class_Selector_Svc_Error","value":"Fejl i serviceprogram"},{"id":null,"key":"CS_Class_Selector_Svc_Error_Help","value":"Udløses, når en fejl returneres fra kald af en service."},{"id":null,"key":"CS_ContentListFilter_Cancel","value":"Cancel"},{"id":null,"key":"CS_ContentListFilter_Filter","value":"Filter"},{"id":null,"key":"CS_ContentListFilter_OnCanceFilter","value":"On cancel"},{"id":null,"key":"CS_ContentListFilter_OnCancelFilter_Help","value":"An event that is fired when the cancel button is clicked."},{"id":null,"key":"CS_ContentListFilter_OnFilter","value":"On filter"},{"id":null,"key":"CS_ContentListFilter_OnFilter_Help","value":"An event that is fired when the filter button is clicked."},{"id":null,"key":"CS_ContentListFilter_TypeName","value":"Type name"},{"id":null,"key":"CS_ContentListFilter_TypeName_Help","value":"Search object type."},{"id":null,"key":"CS_ContentList_Actions","value":"Handlinger"},{"id":null,"key":"CS_ContentList_AddButton","value":"Tilføj"},{"id":null,"key":"CS_ContentList_Advanced","value":"Udvidet"},{"id":null,"key":"CS_ContentList_Behavior","value":"Funktionalitet"},{"id":null,"key":"CS_ContentList_Columns","value":"Kolonner"},{"id":null,"key":"CS_ContentList_Columns_Help","value":"De kolonner, der skal vises i oversigten. Angiv disse, hvis du vil have dine egne tilpassede kolonneegenskaber, ellers bliver der brugt et standardsæt."},{"id":null,"key":"CS_ContentList_ConfigurationProperty","value":"Konfigurationsegenskab"},{"id":null,"key":"CS_ContentList_ConfigurationProperty_Help","value":"Navn på en egenskab, hvor konfigurationsdata lagres i JSON-format."},{"id":null,"key":"CS_ContentList_ConfigurationValues","value":"Konfigurationsværdier"},{"id":null,"key":"CS_ContentList_ContentItems","value":"Indholdselementer"},{"id":null,"key":"CS_ContentList_ContentItems_Help","value":"Liste over CSDocument-objekter, der skal vises. Id-egenskaben er den eneste påkrævede egenskab for dokumentobjekterne."},{"id":null,"key":"CS_ContentList_ControllerProperty","value":"Controller document property"},{"id":null,"key":"CS_ContentList_ControllerProperty_Help","value":"Name of the object value property in the document class that links to the batch controller."},{"id":null,"key":"CS_ContentList_DisableDnDAdd_Help","value":"Markér denne indstilling for at deaktivere tilføjelse af dokumenter ved hjælp af træk og placér."},{"id":null,"key":"CS_ContentList_DisabledValues","value":"Deaktiverede værdier"},{"id":null,"key":"CS_ContentList_DisabledValues_Help","value":"Angiv de egenskabsværdier, som elementhandlingerne skal deaktiveres for."},{"id":null,"key":"CS_ContentList_DisplayProgressIndicator","value":"Vis statusindikator ved tilføjelse af dokumenter"},{"id":null,"key":"CS_ContentList_DisplayProgressIndicator_Help","value":"Markér denne indstilling for at få vist en statusindikator ved tilføjelse af dokumenter."},{"id":null,"key":"CS_ContentList_EnableSearchFilter","value":"Enable search filter"},{"id":null,"key":"CS_ContentList_EnableSearchFilter_Help","value":"Displays the search filter component for specifying multiple search parameters to query against and display the results in the list view."},{"id":null,"key":"CS_ContentList_Enable_Polling","value":"Aktivér polling for dokumentstatus"},{"id":null,"key":"CS_ContentList_Enable_Polling_Help","value":"Når dette er angivet, bruges polling til at opdatere status for tilføjede dokumenter."},{"id":null,"key":"CS_ContentList_ExtraProperties","value":"Extra properties"},{"id":null,"key":"CS_ContentList_ExtraProperties_Help","value":"Specify additional properties that you want returned with the items in the results set."},{"id":null,"key":"CS_ContentList_Folder","value":"Folder"},{"id":null,"key":"CS_ContentList_FolderId","value":"Folder-id"},{"id":null,"key":"CS_ContentList_FolderId_Help","value":"Angiv folder-id'en eller stien for at initialisere indholdslisten med det angivne folderindhold. Angivelse af folder-id'en vil have forrang for søgeindstillingerne."},{"id":null,"key":"CS_ContentList_Height_Help","value":"The height of the content list view window."},{"id":null,"key":"CS_ContentList_HideAction_Help","value":"Kontrollér handlingsindstillingen, hvis du vil fjerne denne handling fra menuen."},{"id":null,"key":"CS_ContentList_HideAddDialog","value":"Skjul tilføjelsedialogboks ved tilføjelse af dokumenter"},{"id":null,"key":"CS_ContentList_HideAddDialog_Help","value":"Når denne indstilling er valgt, og en enkelt dokumenttype er konfigureret, tilføjes dokumenter uden at vise dialogboksen Tilføj dokument."},{"id":null,"key":"CS_ContentList_HideAddDocument","value":"Skjul tilføjelse af dokument"},{"id":null,"key":"CS_ContentList_HideAddFolder","value":"Skjul tilføjelse af folder"},{"id":null,"key":"CS_ContentList_HideCancelCheckoutDoc","value":"Skjul annullering af udtjekning"},{"id":null,"key":"CS_ContentList_HideCheckoutDocument","value":"Skjul udtjekningsdokument"},{"id":null,"key":"CS_ContentList_HideCheckoutState","value":"Skjul udtjekningstilstand"},{"id":null,"key":"CS_ContentList_HideCheckoutState_Help","value":"Vælg denne indstilling for at aktivere/deaktivere tilstandsikon for udtjekning, der skal vises."},{"id":null,"key":"CS_ContentList_HideDeleteDocument","value":"Skjul sletning af dokument"},{"id":null,"key":"CS_ContentList_HideDeleteFolder","value":"Skjul sletning af folder"},{"id":null,"key":"CS_ContentList_HideDownloadDocument","value":"Skjul downloaddokument"},{"id":null,"key":"CS_ContentList_HideEditDocument","value":"Skjul redigering af document"},{"id":null,"key":"CS_ContentList_HideEditDocumentProps","value":"Skjul egenskaber for redigering af document"},{"id":null,"key":"CS_ContentList_HideEditFolderProps","value":"Skjul egenskaber for redigering af folder"},{"id":null,"key":"CS_ContentList_HideRefresh","value":"Hide refresh"},{"id":null,"key":"CS_ContentList_HideRenameFolder","value":"Skjul omdøbningsfolder"},{"id":null,"key":"CS_ContentList_HideSearchField","value":"Skjul søgefelt"},{"id":null,"key":"CS_ContentList_HideSearchField_Help","value":"Vis ikke søgefeltet. Søgeparametre er defineret i konfigurationsindstillingerne."},{"id":null,"key":"CS_ContentList_HideUploadNewVersionDoc","value":"Skjul upload af nyt versionsdokument"},{"id":null,"key":"CS_ContentList_HideViewDocument","value":"Skjul fremvisningsdokument"},{"id":null,"key":"CS_ContentList_IncludeTimeInDates","value":"Inkludér klokkeslæt i datoegenskaber"},{"id":null,"key":"CS_ContentList_IncludeTimeInDates_Help","value":"Vis klokkeslætdel af datoværdien i kolonneegenskaberne."},{"id":null,"key":"CS_ContentList_InitialPageSize","value":"Oprindelig sidestørrelse"},{"id":null,"key":"CS_ContentList_InitialPageSize_Help","value":"Størrelsen på resultatsættet, der returneres til gengivelse i indholdslisten. Standardsidestørrelsen er 20 elementer."},{"id":null,"key":"CS_ContentList_OnActionMenuOpen","value":"On action menu open"},{"id":null,"key":"CS_ContentList_OnActionMenuOpen_Help","value":"An event that is fired when the action menu is about to be opened. Passes a folder object with properties."},{"id":null,"key":"CS_ContentList_OnAdd","value":"Ved tilføjelse af indhold"},{"id":null,"key":"CS_ContentList_OnAdd_Help","value":"Den hændelse, der aktiveres, når et dokument eller en folder tilføjes. Sender et contentItem-objekt."},{"id":null,"key":"CS_ContentList_OnContextMenuOpen","value":"Ved åbning af kontekstmenu"},{"id":null,"key":"CS_ContentList_OnContextMenuOpen_Help","value":"En hændelse, der aktiveres, når kontekstmenuen er ved at blive åbnet. Sender et indholdsobjekt med egenskaber."},{"id":null,"key":"CS_ContentList_OnError","value":"Ved fejl"},{"id":null,"key":"CS_ContentList_OnError_Help","value":"Den hændelse, der sendes, hvis der opstår en fejl i et serviceprogram."},{"id":null,"key":"CS_ContentList_OnFileClicked","value":"Når der klikkes på filen"},{"id":null,"key":"CS_ContentList_OnFileClicked_Help","value":"Den hændelse, der udløses, når et dokument er valgt i hovedkolonnen. Overfører et dokumentobjekt med egenskaber."},{"id":null,"key":"CS_ContentList_OnFolderClicked","value":"Ved klik på en folder"},{"id":null,"key":"CS_ContentList_OnFolderClicked_Help","value":"En hændelse, der udløses, når en folder er valgt i hovedkolonnen. Overfører et folderobjekt med egenskaber."},{"id":null,"key":"CS_ContentList_OnPollResults","value":"On poll results"},{"id":null,"key":"CS_ContentList_OnPollResults_Help","value":"Fired when a poll result containing document status is received."},{"id":null,"key":"CS_ContentList_OnResults","value":"Ved indlæste resultater"},{"id":null,"key":"CS_ContentList_OnResults_Help","value":"Den hændelse, der sendes, når resultaterne er returneret fra en service. Sender en liste med elementer, der er gengivet på indholdslisten."},{"id":null,"key":"CS_ContentList_OnRowSelected","value":"Når en række vælges"},{"id":null,"key":"CS_ContentList_OnRowSelected_Help","value":"Den hændelse, der udløses, når en række er valgt ved hjælp af en valgknap eller afkrydsningsfelt. Overfører den ekstra parameter: row (row.data.contentItem indeholder et dokument- eller folderobjekt med egenskaber)."},{"id":null,"key":"CS_ContentList_Polling_Exit_Values","value":"Polling af værdier for udgangsegenskab"},{"id":null,"key":"CS_ContentList_Polling_Exit_Values_Help","value":"Polling stopper, når den dokumentegenskabsværdi, der returneres fra polling, er en af de konfigurerede værdier."},{"id":null,"key":"CS_ContentList_Polling_Neg_Exit_Values","value":"Polling af negative værdier for udgangsegenskab"},{"id":null,"key":"CS_ContentList_Polling_Neg_Exit_Values_Help","value":"Polling stopper, når den dokumentegenskabsværdi, der returneres fra polling, IKKE er en af de konfigurerede værdier."},{"id":null,"key":"CS_ContentList_Resources","value":"Resources"},{"id":null,"key":"CS_ContentList_Resources_Help","value":"Set to an external resource bundle to pull in localized string resources for the column headers and the property list filter labels."},{"id":null,"key":"CS_ContentList_RootFolderName","value":"Rodfoldernavn"},{"id":null,"key":"CS_ContentList_RootFolderName_Help","value":"Det navn på rodfolderen, der skal bruges i stedet for foldernavnet i Content Services-opbevaringsstedet."},{"id":null,"key":"CS_ContentList_Search","value":"Søg"},{"id":null,"key":"CS_ContentList_SearchFilterProperties","value":"Search filter properties"},{"id":null,"key":"CS_ContentList_SearchFilterProperties_Help","value":"Specify the set of properties you want to query against to populate the list view."},{"id":null,"key":"CS_ContentList_SearchFolderId","value":"Søg i folder-id"},{"id":null,"key":"CS_ContentList_SearchFolderId_Help","value":"Folderen-id på den folder, søgningen skal begynde i. Dette er en valgfri indstilling, som begrænser søgningen til den angivne folder. Hvis det ikke angives, søges der i hele objektlageret."},{"id":null,"key":"CS_ContentList_SearchFor","value":"Search for"},{"id":null,"key":"CS_ContentList_SearchFor_Help","value":"Search for document or folder items."},{"id":null,"key":"CS_ContentList_SearchOnlyFolder","value":"Søg kun i denne folder"},{"id":null,"key":"CS_ContentList_SearchOnlyFolder_Help","value":"Inkludér ikke søgning i underfoldere."},{"id":null,"key":"CS_ContentList_SearchOperator","value":"Operator"},{"id":null,"key":"CS_ContentList_SearchOperator_Help","value":"Den forespørgselsoperator, du vil bruge, f.eks. Starter med, Slutter med, Ligner, Ligner ikke, =, <, >, <>, >=, <=, etc.)."},{"id":null,"key":"CS_ContentList_SearchProperty","value":"Søgeegenskab"},{"id":null,"key":"CS_ContentList_SearchPropertyCardinality","value":"Kardinalitet for søgeegenskab"},{"id":null,"key":"CS_ContentList_SearchPropertyCardinality_Help","value":"Angiver, om søgeegenskaben har en eller flere værdier."},{"id":null,"key":"CS_ContentList_SearchPropertyType","value":"Søgeegenskabstype"},{"id":null,"key":"CS_ContentList_SearchPropertyType_Help","value":"Datatypen for den angivne søgeegenskab."},{"id":null,"key":"CS_ContentList_SearchProperty_Help","value":"Det symbolske egenskabsnavn for den egenskab, du vil søge i."},{"id":null,"key":"CS_ContentList_SearchRootName","value":"Root search name"},{"id":null,"key":"CS_ContentList_SearchRootName_Help","value":"The root search display name to use on the breadcrumb."},{"id":null,"key":"CS_ContentList_SearchTextOptions","value":"Tekstindstillinger"},{"id":null,"key":"CS_ContentList_SearchTextOptions_Help","value":"Konfigurér søgning til at inkludere en indholdsbasisforespørgsel ud over den angivne egenskabssøgning."},{"id":null,"key":"CS_ContentList_SearchType","value":"Search type"},{"id":null,"key":"CS_ContentList_SearchType_Help","value":"Search for objects of a particular type."},{"id":null,"key":"CS_ContentList_SearchValue","value":"Standardværdi"},{"id":null,"key":"CS_ContentList_SearchValue_Help","value":"Den værdi, der skal søges efter. Hvis det er tomt, kan brugere angive en værdi for at starte søgningen ved runtime."},{"id":null,"key":"CS_ContentList_SecondaryProperty","value":"State secondary property"},{"id":null,"key":"CS_ContentList_SecondaryProperty_Help","value":"Select a property to be used as a custom secondary state property."},{"id":null,"key":"CS_ContentList_SelectionMode","value":"Valgtilstand"},{"id":null,"key":"CS_ContentList_SelectionMode_Help","value":"Enkelt valg, flere valg eller ingen."},{"id":null,"key":"CS_ContentList_ShowCustomState","value":"Vis tilpasset tilstand"},{"id":null,"key":"CS_ContentList_ShowCustomState_Help","value":"Vælg denne indstilling for at aktivere/deaktivere visning af et tilpasset tilstandsikon."},{"id":null,"key":"CS_ContentList_SortOrder","value":"Sorteringsrækkefølge"},{"id":null,"key":"CS_ContentList_SortOrder_Help","value":"Standardsorteringsretning, stigende eller faldende."},{"id":null,"key":"CS_ContentList_SortProperty","value":"Sortér efter egenskab"},{"id":null,"key":"CS_ContentList_SortProperty_Help","value":"Vælg den egenskab, der skal bruges til at sortere resultatsættet."},{"id":null,"key":"CS_ContentList_StateProperty","value":"Tilstandsegenskab"},{"id":null,"key":"CS_ContentList_StateProperty_Help","value":"Vælg en egenskab, der skal bruges som tilpasset tilstandsegenskab."},{"id":null,"key":"CS_ContentList_Status_Polling_Interval","value":"Interval for statuspolling"},{"id":null,"key":"CS_ContentList_Status_Polling_Interval_Help","value":"Antal sekunder mellem anmodninger om polling af status for tilføjede dokumenter."},{"id":null,"key":"CS_ContentList_Status_Polling_Property","value":"Egenskab for pollingstatus"},{"id":null,"key":"CS_ContentList_Status_Polling_Property_Help","value":"Egenskab, der foretages polling på for at indhente status for tilføjede dokumenter."},{"id":null,"key":"CS_ContentList_Status_Polling_Timeout","value":"Polling timeout per document"},{"id":null,"key":"CS_ContentList_Status_Polling_Timeout_Help","value":"Number of seconds per document after which polling stops if an exit condition is not met."},{"id":null,"key":"CS_ContentList_TableRowHeight","value":"Tabelrækkehøjde"},{"id":null,"key":"CS_ContentList_TableRowHeight_Help","value":"Indstilling, der bruges til at angive tabelrækkehøjden for indholdslisten."},{"id":null,"key":"CS_ContentList_Width_Help","value":"The width of the content list view window."},{"id":null,"key":"CS_ContentLlist_DisableDnDAdd","value":"Deaktivér træk og placér"},{"id":null,"key":"CS_ContentLlist_Polling_Neg_Exit_Values_Help","value":"Polling stopper, når den dokumentegenskabsværdi, der returneres fra polling, IKKE er en af de konfigurerede værdier."},{"id":null,"key":"CS_ContentViewer_FitHeight","value":"Tilpas højde"},{"id":null,"key":"CS_ContentViewer_FitWidth","value":"Tilpas bredde"},{"id":null,"key":"CS_ContentViewer_Height","value":"Højde"},{"id":null,"key":"CS_ContentViewer_OnLoad","value":"Ved indlæsning"},{"id":null,"key":"CS_ContentViewer_Width","value":"Bredde"},{"id":null,"key":"CS_ContestList_MaxAddDocs_Help","value":"Angiv det maksimale antal dokumenter, som brugere kan tilføje på én gang. Standardmaksimum er 50. Du kan imidlertid angive maksimum op til 300."},{"id":null,"key":"CS_DepDocPropertiesProperty","value":"Afhængig dokumentegenskab"},{"id":null,"key":"CS_DepDocPropertiesProperty_Help","value":"Det symbolske navn på den objektværdiegenskab, der peger på det dokument, der indeholder JSON-værdier, der skal vises."},{"id":null,"key":"CS_DepDocumentProperties_OnError","value":"Ved fejl"},{"id":null,"key":"CS_DepDocumentProperties_OnError_Help","value":"En hændelse aktiveres, når der opstår en fejl under hentning af egenskabsværdier."},{"id":null,"key":"CS_Document_Classes","value":"Dokumentklasser"},{"id":null,"key":"CS_Document_Classes_Help","value":"Et sæt dokumentklasser, der skal vises, når du tilføjer nye dokumenter. Hvis dette ikke er angivet, hentes dokumentklasser fra serveren. De angivne navne her vises for brugeren, og værdierne svarer til de symbolske navne på hver dokumentklasse."},{"id":null,"key":"CS_FileDropZone_DocumentType","value":"Dokumenttype"},{"id":null,"key":"CS_FileDropZone_DocumentType_Help","value":"Dokumenttype, der skal bruges, når dokumenter tilføjes. Hvis den ikke angives, bruges standarddokumenttypen."},{"id":null,"key":"CS_FileDropZone_FolderId_Help","value":"Folder-id for folderen, hvor dokumenterne vil blive tilføjet. Hvis den ikke angives, arkiveres dokumenterne ikke."},{"id":null,"key":"CS_FileDropZone_MaxAddDoc","value":"Maximum number of documents to add"},{"id":null,"key":"CS_FileDropZone_MaxAddDoc_Help","value":"Specify the maximum number of documents that users can add at a time. The default maximum is 50."},{"id":null,"key":"CS_Folder_Classes","value":"Folderklasser"},{"id":null,"key":"CS_Folder_Classes_Help","value":"Et sæt folderklasser, der skal vises, når du tilføjer nye foldere. Hvis dette ikke er angivet, hentes folderklasser fra serveren. De angivne navne her vises for brugeren, og værdierne svarer til de symbolske navne på hver folderklasse."},{"id":null,"key":"CS_GetContent_OnContentReceived","value":"Ved modtagelse af indhold"},{"id":null,"key":"CS_GetContent_OnContentReceived_Help","value":"En hændelse, der aktiveres, når dokumentindholdet er returneret i svaret."},{"id":null,"key":"CS_GetContent_OnGetClassAccess","value":"On get class access"},{"id":null,"key":"CS_GetContent_OnGetClassAccess_Help","value":"An event that is fired when the get class access response has returned."},{"id":null,"key":"CS_GetContent_OnPropertiesUpdated","value":"On properties updated"},{"id":null,"key":"CS_GetContent_OnPropertiesUpdated_Help","value":"An event that is fired when the properties have been retrieved and updated in the content item object."},{"id":null,"key":"CS_Height","value":"Højde"},{"id":null,"key":"CS_Include_Time_Picker","value":"Inkludér tidsvælger for dato- og klokkeslætsværdier"},{"id":null,"key":"CS_Include_Time_Picker_Help","value":"Når dette er angivet, vises en grænseflade til angivelse af tidsdelen af dato- og klokkeslætsværdierne."},{"id":null,"key":"CS_ObjectStoreName","value":"Navn på objektlager"},{"id":null,"key":"CS_ObjectStoreName_Help","value":"Objektlagernavn fra Acce-administrationsværktøjet."},{"id":null,"key":"CS_On_Class_Selected","value":"Når klasse er valgt"},{"id":null,"key":"CS_On_Class_Selected_Help","value":"Den hændelse, der udløses, når brugeren vælger en klasse."},{"id":null,"key":"CS_ProgressIndicator_OnClose","value":"On close"},{"id":null,"key":"CS_ProgressIndicator_OnClose_Help","value":"Fired when the progress indicator is closed."},{"id":null,"key":"CS_ProgressIndicator_OnFileRemoved","value":"On file removed"},{"id":null,"key":"CS_ProgressIndicator_OnFileRemoved_Help","value":"Fired when a pending file is removed from the progress indicator"},{"id":null,"key":"CS_PropertyList_Display_Edit","value":"Vis knappen til redigering af egenskabsværdier"},{"id":null,"key":"CS_PropertyList_Display_Edit_Help","value":"Vis knapper på en værktøjslinje, der gør det muligt for brugerne at redigere egenskabsværdier."},{"id":null,"key":"CS_PropertyPoller_OnError","value":"Ved fejl"},{"id":null,"key":"CS_PropertyPoller_OnError_Help","value":"Aktiveres, når der opstår en fejl under polling af en egenskab."},{"id":null,"key":"CS_PropertyPoller_OnResults","value":"On results"},{"id":null,"key":"CS_PropertyPoller_OnResults_Help","value":"Fired when results are received from a poll requests."},{"id":null,"key":"CS_PropertyPoller_OnStatus","value":"Ved returnering af egenskabsoplysninger"},{"id":null,"key":"CS_PropertyPoller_OnStatus_Help","value":"Aktiveres, når data returneres fra polling af serveren for egenskabsoplysninger."},{"id":null,"key":"CS_Query_ExecuteOnChange","value":"Run search on change"},{"id":null,"key":"CS_Query_ExecuteOnChange_Help","value":"Runs the configured search when the view change event occurs in the component."},{"id":null,"key":"CS_Query_ExecuteOnView","value":"Execute search on view"},{"id":null,"key":"CS_Query_ExecuteOnView_Help","value":"Runs the configured search when the coach view event occurs in the component."},{"id":null,"key":"CS_Query_MaxResults","value":"Maximum results"},{"id":null,"key":"CS_Query_MaxResults_Help","value":"The maximum number of results to return from the query."},{"id":null,"key":"CS_Query_OnError","value":"On error"},{"id":null,"key":"CS_Query_OnError_Help","value":"Fired when an error occurs."},{"id":null,"key":"CS_Query_OnSearchResults","value":"On search results"},{"id":null,"key":"CS_Query_OnSearchResults_Help","value":"Fired when search results are returned from the server."},{"id":null,"key":"CS_Query_ResultProperties","value":"Result properties"},{"id":null,"key":"CS_Query_ResultProperties_Help","value":"Symbolic names of properties returned in the search results."},{"id":null,"key":"CS_Query_SearchValue","value":"Search values"},{"id":null,"key":"CS_Query_SearchValue_Help","value":"The values to search for."},{"id":null,"key":"CS_RepositoryId","value":"Opbevaringssted-id"},{"id":null,"key":"CS_RepositoryId_Help","value":"Opbevaringssted-id'en fra IBM Navigator. Denne værdi bruges af dokumentfremviseren."},{"id":null,"key":"CS_SummaryCard_Details","value":"Details"},{"id":null,"key":"CS_SummaryCard_Details_Help","value":"Displayed in the details section of the summary card."},{"id":null,"key":"CS_SummaryCard_DisplayHelpIcon","value":"Display help icon"},{"id":null,"key":"CS_SummaryCard_DisplayHelpIcon_Help","value":"When checked, displays a help icon in the card."},{"id":null,"key":"CS_SummaryCard_HelpLearnMoreUrl","value":"Help learn more URL"},{"id":null,"key":"CS_SummaryCard_HelpLearnMoreUrl_Help","value":"A link to Learn More information. When set, a button is displayed in the help tooltip that when clicked, displays the page specified in the link."},{"id":null,"key":"CS_SummaryCard_HelpText","value":"Help text"},{"id":null,"key":"CS_SummaryCard_HelpText_Help","value":"Either a message ID or text that is displayed in a tooltip when the user clicks the help icon."},{"id":null,"key":"CS_SummaryCard_OnClick","value":"On click"},{"id":null,"key":"CS_SummaryCard_OnClick_Help","value":"Fired when the summary card is clicked."},{"id":null,"key":"CS_SummaryCard_Title","value":"Title"},{"id":null,"key":"CS_SummaryCard_Title_Help","value":"Displayed as the title of the summary card."},{"id":null,"key":"CS_UploadContent_OnContentAdded","value":"Ved tilføjelse af indhold"},{"id":null,"key":"CS_UploadContent_OnContentAdded_Help","value":"En hændelse aktiveres, når indholdet er uploadet."},{"id":null,"key":"CS_UploadContent_OnError","value":"Ved fejl"},{"id":null,"key":"CS_UploadContent_OnError_Help","value":"En hændelse aktiveres, når der opstår en fejl under upload af indhold."},{"id":null,"key":"CS_Width","value":"Bredde"}]}