{"id":"50.adeae4bd-e860-48f8-8f12-9436f7840773/2064.da475e61-9610-4fe7-ab04-1910a3fe98fa","localeLanguage":"ar","localeCountry":"","localeVariant":"","localeDisplayName":"CSResource","resourceBundleKey":[{"id":null,"key":"CS_BatchContent_OnDocumentCheckedOut","value":"On document checked out"},{"id":null,"key":"CS_BatchContent_OnDocumentCheckedOut_Help","value":"An event that is fired when the document has been checked out."},{"id":null,"key":"CS_BatchContent_OnGetProperties","value":"On get properties"},{"id":null,"key":"CS_BatchContent_OnGetProperties_Help","value":"An event that is fired when the properties have been retrieved."},{"id":null,"key":"CS_BatchContent_OnRollbackBatch","value":"On rollback batch"},{"id":null,"key":"CS_BatchContent_OnRollbackBatch_Help","value":"An event that is fired when the batch has been rolled back successfully."},{"id":null,"key":"CS_BatchContent_OnSaveBatch","value":"On save batch"},{"id":null,"key":"CS_BatchContent_OnSaveBatch_Help","value":"An event that is fired when the batch has been saved."},{"id":null,"key":"CS_BatchContent_OnSearchResults","value":"On search results"},{"id":null,"key":"CS_BatchContent_OnSearchResults_Help","value":"An event that is fired when the search results have returned successfully."},{"id":null,"key":"CS_BatchContent_OnUpdateBatch","value":"On update batch"},{"id":null,"key":"CS_BatchContent_OnUpdateBatch_Help","value":"An event that is fired when the batch has been updated."},{"id":null,"key":"CS_BatchContent_OnUpdateProperties","value":"On update properties"},{"id":null,"key":"CS_BatchContent_OnUpdateProperties_Help","value":"An event that is fired when the properties have been updated."},{"id":null,"key":"CS_Class_Selector_Svc_Error","value":"خطأ بالخدمة"},{"id":null,"key":"CS_Class_Selector_Svc_Error_Help","value":"تم اصداره عند ارجاع خطأ من استدعاء خدمة."},{"id":null,"key":"CS_ContentListFilter_Cancel","value":"Cancel"},{"id":null,"key":"CS_ContentListFilter_Filter","value":"Filter"},{"id":null,"key":"CS_ContentListFilter_OnCanceFilter","value":"On cancel"},{"id":null,"key":"CS_ContentListFilter_OnCancelFilter_Help","value":"An event that is fired when the cancel button is clicked."},{"id":null,"key":"CS_ContentListFilter_OnFilter","value":"On filter"},{"id":null,"key":"CS_ContentListFilter_OnFilter_Help","value":"An event that is fired when the filter button is clicked."},{"id":null,"key":"CS_ContentListFilter_TypeName","value":"Type name"},{"id":null,"key":"CS_ContentListFilter_TypeName_Help","value":"Search object type."},{"id":null,"key":"CS_ContentList_Actions","value":"التصرفات"},{"id":null,"key":"CS_ContentList_AddButton","value":"(A)اضافة"},{"id":null,"key":"CS_ContentList_Advanced","value":"متقدمة"},{"id":null,"key":"CS_ContentList_Behavior","value":"التصرف"},{"id":null,"key":"CS_ContentList_Columns","value":"الأعمدة"},{"id":null,"key":"CS_ContentList_Columns_Help","value":"الأعمدة التي سيتم عرضها في الكشف. حدد هذه الأعمدة اذا كنت تريد خصائص الأعمدة المهيأة الخاصة بك، خلاف ذلك سيتم استخدام فئة مفترضة."},{"id":null,"key":"CS_ContentList_ConfigurationProperty","value":"خاصية التوصيف"},{"id":null,"key":"CS_ContentList_ConfigurationProperty_Help","value":"اسم الخاصية حيث سيتم تخزين بيانات التوصيف بنسق JSON."},{"id":null,"key":"CS_ContentList_ConfigurationValues","value":"قيم التوصيف"},{"id":null,"key":"CS_ContentList_ContentItems","value":"بنود المحتوى"},{"id":null,"key":"CS_ContentList_ContentItems_Help","value":"كشف عناصر CSDocument التي سيتم عرضها. خاصية الكود لن تكون مطلوبة الا لعناصر الوثيقة فقط."},{"id":null,"key":"CS_ContentList_ControllerProperty","value":"Controller document property"},{"id":null,"key":"CS_ContentList_ControllerProperty_Help","value":"Name of the object value property in the document class that links to the batch controller."},{"id":null,"key":"CS_ContentList_DisableDnDAdd_Help","value":"يمكنك تعليم هذه الخاصية لالغاء اتاحة اضافة الوثائق باستخدام خاصية السحب والوضع."},{"id":null,"key":"CS_ContentList_DisabledValues","value":"القيم غير المتاحة"},{"id":null,"key":"CS_ContentList_DisabledValues_Help","value":"حدد قيم الخاصية التي سيتم الغاء اتاحة تصرفات البنود لها."},{"id":null,"key":"CS_ContentList_DisplayProgressIndicator","value":"عرض مؤشر التقدم عند اضافة وثائق"},{"id":null,"key":"CS_ContentList_DisplayProgressIndicator_Help","value":"يمكنك تعليم هذا الاختيار لعرض مؤشر التقدم عند اضافة الوثائق."},{"id":null,"key":"CS_ContentList_EnableSearchFilter","value":"Enable search filter"},{"id":null,"key":"CS_ContentList_EnableSearchFilter_Help","value":"Displays the search filter component for specifying multiple search parameters to query against and display the results in the list view."},{"id":null,"key":"CS_ContentList_Enable_Polling","value":"اتاحة الاقتراع لحالة الوثيقة"},{"id":null,"key":"CS_ContentList_Enable_Polling_Help","value":"عند تحديدها، يتم استخدام الاقتراع لتحديث حالة الوثائق التي تم اضافتها."},{"id":null,"key":"CS_ContentList_ExtraProperties","value":"Extra properties"},{"id":null,"key":"CS_ContentList_ExtraProperties_Help","value":"Specify additional properties that you want returned with the items in the results set."},{"id":null,"key":"CS_ContentList_Folder","value":"الحافظة"},{"id":null,"key":"CS_ContentList_FolderId","value":"كود تعريف الحافظة"},{"id":null,"key":"CS_ContentList_FolderId_Help","value":"حدد كود الحافظة أو المسار لاعداد كشف المحتويات للبدء بمحتويات الحافظة المحددة. سيكون لتحديد كود الحافظة الأولوية على محددات البحث."},{"id":null,"key":"CS_ContentList_Height_Help","value":"The height of the content list view window."},{"id":null,"key":"CS_ContentList_HideAction_Help","value":"تحقق من محددات التصرف اذا كنت تريد ازالة هذا التصرف من القائمة المسقطة."},{"id":null,"key":"CS_ContentList_HideAddDialog","value":"اخفاء مربع حوار الاضافة عند اضافة وثائق"},{"id":null,"key":"CS_ContentList_HideAddDialog_Help","value":"عند تحديد هذا الاختيار وتم توصيف نوع وثيقة واحدة، سيتم اضافة وثائق بدون عرض مربع الحوار \"اضافة وثيقة\"."},{"id":null,"key":"CS_ContentList_HideAddDocument","value":"اخفاء اضافة وثيقة"},{"id":null,"key":"CS_ContentList_HideAddFolder","value":"اخفاء اضافة حافظة"},{"id":null,"key":"CS_ContentList_HideCancelCheckoutDoc","value":"اخفاء الغاء تخصيص الوثيقة"},{"id":null,"key":"CS_ContentList_HideCheckoutDocument","value":"اخفاء تخصيص الوثيقة"},{"id":null,"key":"CS_ContentList_HideCheckoutState","value":"اخفاء حالة التخصيص"},{"id":null,"key":"CS_ContentList_HideCheckoutState_Help","value":"يمكنك تحديد هذا الاختيار لاتاحة/الغاء اتاحة شارة حالة التخصيص للعرض."},{"id":null,"key":"CS_ContentList_HideDeleteDocument","value":"اخفاء حذف وثيقة"},{"id":null,"key":"CS_ContentList_HideDeleteFolder","value":"اخفاء حذف حافظة"},{"id":null,"key":"CS_ContentList_HideDownloadDocument","value":"اخفاء تحميل وثيقة"},{"id":null,"key":"CS_ContentList_HideEditDocument","value":"اخفاء تحرير وثيقة"},{"id":null,"key":"CS_ContentList_HideEditDocumentProps","value":"اخفاء تحرير خصائص الوثائق"},{"id":null,"key":"CS_ContentList_HideEditFolderProps","value":"اخفاء تحرير خصائص الحافظة"},{"id":null,"key":"CS_ContentList_HideRefresh","value":"Hide refresh"},{"id":null,"key":"CS_ContentList_HideRenameFolder","value":"اخفاء اعادة تسمية حافظة"},{"id":null,"key":"CS_ContentList_HideSearchField","value":"اخفاء مجال البحث"},{"id":null,"key":"CS_ContentList_HideSearchField_Help","value":"عدم عرض مجال البحث. تم تعريف معاملات البحث في محددات التوصيف."},{"id":null,"key":"CS_ContentList_HideUploadNewVersionDoc","value":"اخفاء تحميل النسخة الجديدة للوثيقة"},{"id":null,"key":"CS_ContentList_HideViewDocument","value":"اخفاء مشاهدة وثيقة"},{"id":null,"key":"CS_ContentList_IncludeTimeInDates","value":"تضمين الوقت في خصائص التاريخ"},{"id":null,"key":"CS_ContentList_IncludeTimeInDates_Help","value":"عرض جزء الوقت من قيمة التاريخ في خصائص العمود."},{"id":null,"key":"CS_ContentList_InitialPageSize","value":"حجم الصفحة المبدئي"},{"id":null,"key":"CS_ContentList_InitialPageSize_Help","value":"حجم فئة النتائج التي تم ارجاعها للتحويل البياني في كشف المحتويات. حجم الصفحة المفترض هو 20 بند."},{"id":null,"key":"CS_ContentList_OnActionMenuOpen","value":"On action menu open"},{"id":null,"key":"CS_ContentList_OnActionMenuOpen_Help","value":"An event that is fired when the action menu is about to be opened. Passes a folder object with properties."},{"id":null,"key":"CS_ContentList_OnAdd","value":"عند اضافة المحتوى"},{"id":null,"key":"CS_ContentList_OnAdd_Help","value":"الحدث الذي يتم اطلاقه عند اضافة وثيقة أو حافظة. يقوم بارسال العنصر contentItem."},{"id":null,"key":"CS_ContentList_OnContextMenuOpen","value":"عند فتح القائمة السياقية"},{"id":null,"key":"CS_ContentList_OnContextMenuOpen_Help","value":"الحدث الذي يتم اطلاقه عندما تكون القائمة السياقية على وشك أن يتم فتحها. يقوم بارسال عنصر محتوى باستخدام الخصائص."},{"id":null,"key":"CS_ContentList_OnError","value":"عند حدوث خطأ"},{"id":null,"key":"CS_ContentList_OnError_Help","value":"الحدث الذي يتم ارساله عند وجود خطأ بخدمة."},{"id":null,"key":"CS_ContentList_OnFileClicked","value":"عند الضغط على ملف"},{"id":null,"key":"CS_ContentList_OnFileClicked_Help","value":"الحدث الذي يتم اطلاقه عند اختيار وثيقة في العمود الرئيسي. يتم امرار عنصر وثيقة مع الخصائص."},{"id":null,"key":"CS_ContentList_OnFolderClicked","value":"عند الضغط على حافظة"},{"id":null,"key":"CS_ContentList_OnFolderClicked_Help","value":"الحدث الذي تم بدءه عند اختيار حافظة في العمود الرئيسي. يقوم بامرار عنصر حافظة مع الخصائص."},{"id":null,"key":"CS_ContentList_OnPollResults","value":"On poll results"},{"id":null,"key":"CS_ContentList_OnPollResults_Help","value":"Fired when a poll result containing document status is received."},{"id":null,"key":"CS_ContentList_OnResults","value":"عند تحميل النتائج"},{"id":null,"key":"CS_ContentList_OnResults_Help","value":"الحدث الذي يتم ارساله عند ارجاع النتائج من خدمة. يقوم بارسال كشف بالبنود التي يتم تمثيلها بيانيا في كشف المحتوى."},{"id":null,"key":"CS_ContentList_OnRowSelected","value":"عند اختيار صف"},{"id":null,"key":"CS_ContentList_OnRowSelected_Help","value":"الحدث الذي يتم اطلاقه عند تحديد صف باستخدام اختيار دائري أو مربع الاختيار. يتم امرار المعامل الاضافي: row (row.data.contentItem يحتوي على عنصر حافظة أو وثيقة مع الخصائص)."},{"id":null,"key":"CS_ContentList_Polling_Exit_Values","value":"قيم خاصية الخروج من الاستقصاء"},{"id":null,"key":"CS_ContentList_Polling_Exit_Values_Help","value":"سيتم ايقاف عملية الاستقصاء عندما تكون قيمة خاصية الوثيقة التي يتم ارجاعها من الاستقصاء واحدة من القيم التي تم توصيفها."},{"id":null,"key":"CS_ContentList_Polling_Neg_Exit_Values","value":"الاقتراع على قيم خاصية الخروج السالبة"},{"id":null,"key":"CS_ContentList_Polling_Neg_Exit_Values_Help","value":"سيتم ايقاف عملية الاستقصاء عندما تكون قيمة خاصية الوثيقة التي تم ارجاعها من الاستقصاء ليست واحدة من القيم التي تم توصيفها."},{"id":null,"key":"CS_ContentList_Resources","value":"Resources"},{"id":null,"key":"CS_ContentList_Resources_Help","value":"Set to an external resource bundle to pull in localized string resources for the column headers and the property list filter labels."},{"id":null,"key":"CS_ContentList_RootFolderName","value":"اسم الحافظة الرئيسية"},{"id":null,"key":"CS_ContentList_RootFolderName_Help","value":"اسم العرض للحافظة الرئيسية لاستخدامه بدلا من اسم الحافظة في مستودع تخزين خدمات المحتويات."},{"id":null,"key":"CS_ContentList_Search","value":"بحث"},{"id":null,"key":"CS_ContentList_SearchFilterProperties","value":"Search filter properties"},{"id":null,"key":"CS_ContentList_SearchFilterProperties_Help","value":"Specify the set of properties you want to query against to populate the list view."},{"id":null,"key":"CS_ContentList_SearchFolderId","value":"البحث في كود الحافظة"},{"id":null,"key":"CS_ContentList_SearchFolderId_Help","value":"كود تعريف الحافظة للحافظة التي سيتم بدء البحث بها. يعد هذا أحد المحددات الاختيارية التي ستقوم بتقييد البحث للحافظة المحددة. اذا لم يتم تحديد ذلك، سيتم بحث ملف تخزين العناصر بالكامل."},{"id":null,"key":"CS_ContentList_SearchFor","value":"Search for"},{"id":null,"key":"CS_ContentList_SearchFor_Help","value":"Search for document or folder items."},{"id":null,"key":"CS_ContentList_SearchOnlyFolder","value":"بحث هذه الحافظة فقط"},{"id":null,"key":"CS_ContentList_SearchOnlyFolder_Help","value":"عدم تضمين بحث الحافظات الفرعية."},{"id":null,"key":"CS_ContentList_SearchOperator","value":"المعامل"},{"id":null,"key":"CS_ContentList_SearchOperator_Help","value":"معامل الاستعلام الذي تريد استخدامه، مثل  Starts With، Ends With، Like، Not Like، =، <، >، <>، >=، <=، الخ.)."},{"id":null,"key":"CS_ContentList_SearchProperty","value":"خاصية البحث"},{"id":null,"key":"CS_ContentList_SearchPropertyCardinality","value":"بحث عدد الخصائص"},{"id":null,"key":"CS_ContentList_SearchPropertyCardinality_Help","value":"يحدد ما اذا كانت خاصية البحث بقيمة واحدة أم بقيم متعددة."},{"id":null,"key":"CS_ContentList_SearchPropertyType","value":"نوع خاصية البحث"},{"id":null,"key":"CS_ContentList_SearchPropertyType_Help","value":"نوع البيانات لخاصية البحث المحددة."},{"id":null,"key":"CS_ContentList_SearchProperty_Help","value":"اسم الخاصية الرمزي للخاصية التي تريد البحث عنها."},{"id":null,"key":"CS_ContentList_SearchRootName","value":"Root search name"},{"id":null,"key":"CS_ContentList_SearchRootName_Help","value":"The root search display name to use on the breadcrumb."},{"id":null,"key":"CS_ContentList_SearchTextOptions","value":"اختيارات النص"},{"id":null,"key":"CS_ContentList_SearchTextOptions_Help","value":"توصيف البحث لتضمين استعلام أساسي للمحتويات بالاضافة لبحث الخاصية المحدد."},{"id":null,"key":"CS_ContentList_SearchType","value":"Search type"},{"id":null,"key":"CS_ContentList_SearchType_Help","value":"Search for objects of a particular type."},{"id":null,"key":"CS_ContentList_SearchValue","value":"القيمة المفترضة"},{"id":null,"key":"CS_ContentList_SearchValue_Help","value":"القيمة التي سيتم البحث عنها. اذا تم تركها خالية، يمكن أن يقوم المستخدم بادخال قيمة لاستدعاء البحث في وقت التشغيل."},{"id":null,"key":"CS_ContentList_SecondaryProperty","value":"State secondary property"},{"id":null,"key":"CS_ContentList_SecondaryProperty_Help","value":"Select a property to be used as a custom secondary state property."},{"id":null,"key":"CS_ContentList_SelectionMode","value":"نمط الاختيار"},{"id":null,"key":"CS_ContentList_SelectionMode_Help","value":"اختيار واحد أو اختيارات متعددة أو لا شيء."},{"id":null,"key":"CS_ContentList_ShowCustomState","value":"عرض الحالة المهيأة"},{"id":null,"key":"CS_ContentList_ShowCustomState_Help","value":"حدد هذا الاختيار لاتاحة/الغاء اتاحة عرض شارة الحالة المهيأة."},{"id":null,"key":"CS_ContentList_SortOrder","value":"ترتيب الفرز"},{"id":null,"key":"CS_ContentList_SortOrder_Help","value":"اتجاه الفرز المفترض ، تصاعدي أو تنازلي."},{"id":null,"key":"CS_ContentList_SortProperty","value":"فرز بالخاصية"},{"id":null,"key":"CS_ContentList_SortProperty_Help","value":"حدد الخاصية التي سيتم استخدامها لفرز فئة النتائج طبقا لها."},{"id":null,"key":"CS_ContentList_StateProperty","value":"خاصية الحالة"},{"id":null,"key":"CS_ContentList_StateProperty_Help","value":"حدد الخاصية التي سيتم استخدامها كخاصية حالة مهيأة."},{"id":null,"key":"CS_ContentList_Status_Polling_Interval","value":"فترة الاقتراع للحالة"},{"id":null,"key":"CS_ContentList_Status_Polling_Interval_Help","value":"عدد الثواني بين الطلبات للاستطلاع للحالة الخاصة بالوثائق التي تم اضافتها."},{"id":null,"key":"CS_ContentList_Status_Polling_Property","value":"خاصية حالة الاقتراع"},{"id":null,"key":"CS_ContentList_Status_Polling_Property_Help","value":"الخاصية التي تم استقصائها للحصول على الحالة للوثائق التي تم اضافتها."},{"id":null,"key":"CS_ContentList_Status_Polling_Timeout","value":"Polling timeout per document"},{"id":null,"key":"CS_ContentList_Status_Polling_Timeout_Help","value":"Number of seconds per document after which polling stops if an exit condition is not met."},{"id":null,"key":"CS_ContentList_TableRowHeight","value":"ارتفاع صف الجدول"},{"id":null,"key":"CS_ContentList_TableRowHeight_Help","value":"المحددات التي يتم استخدامها لتحديد ارتفاع صف جدول كشف المحتوى."},{"id":null,"key":"CS_ContentList_Width_Help","value":"The width of the content list view window."},{"id":null,"key":"CS_ContentLlist_DisableDnDAdd","value":"الغاء اتاحة اضافة السحب والوضع"},{"id":null,"key":"CS_ContentLlist_Polling_Neg_Exit_Values_Help","value":"سيتم ايقاف عملية الاستقصاء عندما تكون قيمة خاصية الوثيقة التي تم ارجاعها من الاستقصاء ليست واحدة من القيم التي تم توصيفها."},{"id":null,"key":"CS_ContentViewer_FitHeight","value":"ملائمة الارتفاع"},{"id":null,"key":"CS_ContentViewer_FitWidth","value":"ملائمة العرض"},{"id":null,"key":"CS_ContentViewer_Height","value":"الارتفاع"},{"id":null,"key":"CS_ContentViewer_OnLoad","value":"عند التحميل"},{"id":null,"key":"CS_ContentViewer_Width","value":"العرض"},{"id":null,"key":"CS_ContestList_MaxAddDocs_Help","value":"حدد الحد الأقصى لعدد الوثائق التي يستطيع المستخدمين اضافتها في كل مرة. الحد الأقصى المفترض هو 50. لكن، يمكنك تحديد الحد الأقصى حتى 300."},{"id":null,"key":"CS_DepDocPropertiesProperty","value":"خاصية وثيقة تابعة"},{"id":null,"key":"CS_DepDocPropertiesProperty_Help","value":"الاسم الرمزي لخاصية قيمة العنصر التي تشير الى الوثيقة التي تحتوي على قيم JSON التي سيتم عرضها."},{"id":null,"key":"CS_DepDocumentProperties_OnError","value":"عند حدوث خطأ"},{"id":null,"key":"CS_DepDocumentProperties_OnError_Help","value":"يتم اطلاق الحدث عند حدوث خطأ في استرجاع قيم المحتوى."},{"id":null,"key":"CS_Document_Classes","value":"فئات الوثائق"},{"id":null,"key":"CS_Document_Classes_Help","value":"مجموعة من فئات الوثائق التي سيتم عرضها عند اضافة وثائق جديدة. في حالة عدم تحديدها، يتم استرجاع فئات الوثائق من وحدة الخدمة. يتم عرض الأسماء التي يتم ادخالها هنا للمستخدم، والقيم المناظرة للأسماء الرمزية لكل فئة من فئات الوثائق."},{"id":null,"key":"CS_FileDropZone_DocumentType","value":"نوع الوثيقة"},{"id":null,"key":"CS_FileDropZone_DocumentType_Help","value":"نوع الوثيقة الذي سيتم استخدامه عند اضافة وثائق. اذا لم يتم تحديده، سيتم استخدام نوع الوثيقة المفترض."},{"id":null,"key":"CS_FileDropZone_FolderId_Help","value":"كود الحافظة للحافظة التي سيتم اضافة الوثائق بها. اذا لم يتم تحديده، لن يتم حفظ الوثائق."},{"id":null,"key":"CS_FileDropZone_MaxAddDoc","value":"Maximum number of documents to add"},{"id":null,"key":"CS_FileDropZone_MaxAddDoc_Help","value":"Specify the maximum number of documents that users can add at a time. The default maximum is 50."},{"id":null,"key":"CS_Folder_Classes","value":"فئات الحافظات"},{"id":null,"key":"CS_Folder_Classes_Help","value":"مجموعة من فئات الحافظات التي سيتم عرضها عند اضافة حافظات جديدة. في حالة عدم تحديدها، سيتم استرجاع فئات الحافظات من وحدة الخدمة. يتم عرض الأسماء التي تم ادخالها هنا للمستخدم، والقيم المناظرة للأسماء الرمزية لكل فئة من فئات الحافظات."},{"id":null,"key":"CS_GetContent_OnContentReceived","value":"عند استلام المحتوى"},{"id":null,"key":"CS_GetContent_OnContentReceived_Help","value":"الحدث الذي يتم اطلاقه عند ارجاع محتوى الوثيقة في الاستجابة."},{"id":null,"key":"CS_GetContent_OnGetClassAccess","value":"On get class access"},{"id":null,"key":"CS_GetContent_OnGetClassAccess_Help","value":"An event that is fired when the get class access response has returned."},{"id":null,"key":"CS_GetContent_OnPropertiesUpdated","value":"On properties updated"},{"id":null,"key":"CS_GetContent_OnPropertiesUpdated_Help","value":"An event that is fired when the properties have been retrieved and updated in the content item object."},{"id":null,"key":"CS_Height","value":"الارتفاع"},{"id":null,"key":"CS_Include_Time_Picker","value":"تضمين وحدة اختيار الوقت لقيم التاريخ والوقت"},{"id":null,"key":"CS_Include_Time_Picker_Help","value":"عند تحديدها، يتم تعريف واجهة تعامل لتحديد جزء الوقت بقيم التاريخ والوقت."},{"id":null,"key":"CS_ObjectStoreName","value":"اسم ملف تخزين العناصر"},{"id":null,"key":"CS_ObjectStoreName_Help","value":"اسم ملف تخزين العناصر من أداة ادارة Acce."},{"id":null,"key":"CS_On_Class_Selected","value":"عند اختيار فئة"},{"id":null,"key":"CS_On_Class_Selected_Help","value":"الحدث الذي يتم اطلاقه عند قيام المستخدم باختيار فئة."},{"id":null,"key":"CS_ProgressIndicator_OnClose","value":"On close"},{"id":null,"key":"CS_ProgressIndicator_OnClose_Help","value":"Fired when the progress indicator is closed."},{"id":null,"key":"CS_ProgressIndicator_OnFileRemoved","value":"On file removed"},{"id":null,"key":"CS_ProgressIndicator_OnFileRemoved_Help","value":"Fired when a pending file is removed from the progress indicator"},{"id":null,"key":"CS_PropertyList_Display_Edit","value":"يتم عرض اختيارات لتعديل قيم الخصائص"},{"id":null,"key":"CS_PropertyList_Display_Edit_Help","value":"يسمح عرض الاختيارات في خط الأدوات للمستخدمين القيام بتعديل قيم الخصائص."},{"id":null,"key":"CS_PropertyPoller_OnError","value":"عند حدوث خطأ"},{"id":null,"key":"CS_PropertyPoller_OnError_Help","value":"يتم اطلاقها عند حدوث خطأ في استقصاء الخاصية."},{"id":null,"key":"CS_PropertyPoller_OnResults","value":"On results"},{"id":null,"key":"CS_PropertyPoller_OnResults_Help","value":"Fired when results are received from a poll requests."},{"id":null,"key":"CS_PropertyPoller_OnStatus","value":"عند ارجاع معلومات الخاصية"},{"id":null,"key":"CS_PropertyPoller_OnStatus_Help","value":"يتم اطلاقه عند ارجاع البيانات من عملية الاقتراع لوحدة الخدمة لمعلومات الخاصية."},{"id":null,"key":"CS_Query_ExecuteOnChange","value":"Run search on change"},{"id":null,"key":"CS_Query_ExecuteOnChange_Help","value":"Runs the configured search when the view change event occurs in the component."},{"id":null,"key":"CS_Query_ExecuteOnView","value":"Execute search on view"},{"id":null,"key":"CS_Query_ExecuteOnView_Help","value":"Runs the configured search when the coach view event occurs in the component."},{"id":null,"key":"CS_Query_MaxResults","value":"Maximum results"},{"id":null,"key":"CS_Query_MaxResults_Help","value":"The maximum number of results to return from the query."},{"id":null,"key":"CS_Query_OnError","value":"On error"},{"id":null,"key":"CS_Query_OnError_Help","value":"Fired when an error occurs."},{"id":null,"key":"CS_Query_OnSearchResults","value":"On search results"},{"id":null,"key":"CS_Query_OnSearchResults_Help","value":"Fired when search results are returned from the server."},{"id":null,"key":"CS_Query_ResultProperties","value":"Result properties"},{"id":null,"key":"CS_Query_ResultProperties_Help","value":"Symbolic names of properties returned in the search results."},{"id":null,"key":"CS_Query_SearchValue","value":"Search values"},{"id":null,"key":"CS_Query_SearchValue_Help","value":"The values to search for."},{"id":null,"key":"CS_RepositoryId","value":"كود مستودع التخزين"},{"id":null,"key":"CS_RepositoryId_Help","value":"كود مستودع التخزين من IBM Navigator. يتم استخدام هذه القيمة بواسطة برنامج مشاهدة الوثائق."},{"id":null,"key":"CS_SummaryCard_Details","value":"Details"},{"id":null,"key":"CS_SummaryCard_Details_Help","value":"Displayed in the details section of the summary card."},{"id":null,"key":"CS_SummaryCard_DisplayHelpIcon","value":"Display help icon"},{"id":null,"key":"CS_SummaryCard_DisplayHelpIcon_Help","value":"When checked, displays a help icon in the card."},{"id":null,"key":"CS_SummaryCard_HelpLearnMoreUrl","value":"Help learn more URL"},{"id":null,"key":"CS_SummaryCard_HelpLearnMoreUrl_Help","value":"A link to Learn More information. When set, a button is displayed in the help tooltip that when clicked, displays the page specified in the link."},{"id":null,"key":"CS_SummaryCard_HelpText","value":"Help text"},{"id":null,"key":"CS_SummaryCard_HelpText_Help","value":"Either a message ID or text that is displayed in a tooltip when the user clicks the help icon."},{"id":null,"key":"CS_SummaryCard_OnClick","value":"On click"},{"id":null,"key":"CS_SummaryCard_OnClick_Help","value":"Fired when the summary card is clicked."},{"id":null,"key":"CS_SummaryCard_Title","value":"Title"},{"id":null,"key":"CS_SummaryCard_Title_Help","value":"Displayed as the title of the summary card."},{"id":null,"key":"CS_UploadContent_OnContentAdded","value":"عند اضافة المحتوى"},{"id":null,"key":"CS_UploadContent_OnContentAdded_Help","value":"يتم اطلاق الحدث عند تحميل المحتوى بنجاح."},{"id":null,"key":"CS_UploadContent_OnError","value":"عند حدوث خطأ"},{"id":null,"key":"CS_UploadContent_OnError_Help","value":"يتم اطلاق الحدث عند حدوث خطأ في تحميل المحتوى."},{"id":null,"key":"CS_Width","value":"العرض"}]}