{"id":"50.adeae4bd-e860-48f8-8f12-9436f7840773/2064.da475e61-9610-4fe7-ab04-1910a3fe98fa","localeLanguage":"tr","localeCountry":"","localeVariant":"","localeDisplayName":"CSResource","resourceBundleKey":[{"id":null,"key":"CS_BatchContent_OnDocumentCheckedOut","value":"On document checked out"},{"id":null,"key":"CS_BatchContent_OnDocumentCheckedOut_Help","value":"An event that is fired when the document has been checked out."},{"id":null,"key":"CS_BatchContent_OnGetProperties","value":"On get properties"},{"id":null,"key":"CS_BatchContent_OnGetProperties_Help","value":"An event that is fired when the properties have been retrieved."},{"id":null,"key":"CS_BatchContent_OnRollbackBatch","value":"On rollback batch"},{"id":null,"key":"CS_BatchContent_OnRollbackBatch_Help","value":"An event that is fired when the batch has been rolled back successfully."},{"id":null,"key":"CS_BatchContent_OnSaveBatch","value":"On save batch"},{"id":null,"key":"CS_BatchContent_OnSaveBatch_Help","value":"An event that is fired when the batch has been saved."},{"id":null,"key":"CS_BatchContent_OnSearchResults","value":"On search results"},{"id":null,"key":"CS_BatchContent_OnSearchResults_Help","value":"An event that is fired when the search results have returned successfully."},{"id":null,"key":"CS_BatchContent_OnUpdateBatch","value":"On update batch"},{"id":null,"key":"CS_BatchContent_OnUpdateBatch_Help","value":"An event that is fired when the batch has been updated."},{"id":null,"key":"CS_BatchContent_OnUpdateProperties","value":"On update properties"},{"id":null,"key":"CS_BatchContent_OnUpdateProperties_Help","value":"An event that is fired when the properties have been updated."},{"id":null,"key":"CS_Class_Selector_Svc_Error","value":"Hizmet hatası"},{"id":null,"key":"CS_Class_Selector_Svc_Error_Help","value":"Bir hizmet çağırma işleminden hata oluştuğunda tetiklenir."},{"id":null,"key":"CS_ContentListFilter_Cancel","value":"Cancel"},{"id":null,"key":"CS_ContentListFilter_Filter","value":"Filter"},{"id":null,"key":"CS_ContentListFilter_OnCanceFilter","value":"On cancel"},{"id":null,"key":"CS_ContentListFilter_OnCancelFilter_Help","value":"An event that is fired when the cancel button is clicked."},{"id":null,"key":"CS_ContentListFilter_OnFilter","value":"On filter"},{"id":null,"key":"CS_ContentListFilter_OnFilter_Help","value":"An event that is fired when the filter button is clicked."},{"id":null,"key":"CS_ContentListFilter_TypeName","value":"Type name"},{"id":null,"key":"CS_ContentListFilter_TypeName_Help","value":"Search object type."},{"id":null,"key":"CS_ContentList_Actions","value":"İşlemler"},{"id":null,"key":"CS_ContentList_AddButton","value":"Ekle"},{"id":null,"key":"CS_ContentList_Advanced","value":"İleri Düzey"},{"id":null,"key":"CS_ContentList_Behavior","value":"Davranış"},{"id":null,"key":"CS_ContentList_Columns","value":"Sütunlar"},{"id":null,"key":"CS_ContentList_Columns_Help","value":"Listede görüntülenecek sütunlar. Kendi özel sütun özelliklerinizi istiyorsanız bunları ayarlayın, aksi halde varsayılan bir küme kullanılır."},{"id":null,"key":"CS_ContentList_ConfigurationProperty","value":"Yapılandırma özelliği"},{"id":null,"key":"CS_ContentList_ConfigurationProperty_Help","value":"Yapılandırma verilerinin JSON biçiminde saklanacağı bir özelliğin adı."},{"id":null,"key":"CS_ContentList_ConfigurationValues","value":"Yapılandırma değerleri"},{"id":null,"key":"CS_ContentList_ContentItems","value":"İçerik öğeleri"},{"id":null,"key":"CS_ContentList_ContentItems_Help","value":"Görüntülenecek CSDocument nesnelerinin listesi. Tanıtıcı özelliği, yalnızca belge nesnelerinin gerekli özelliğidir."},{"id":null,"key":"CS_ContentList_ControllerProperty","value":"Controller document property"},{"id":null,"key":"CS_ContentList_ControllerProperty_Help","value":"Name of the object value property in the document class that links to the batch controller."},{"id":null,"key":"CS_ContentList_DisableDnDAdd_Help","value":"Sürükle ve bırak kullanarak belge eklemeyi geçersiz kılmak için bu ayarı işaretleyin."},{"id":null,"key":"CS_ContentList_DisabledValues","value":"Geçersiz kılınan değerler"},{"id":null,"key":"CS_ContentList_DisabledValues_Help","value":"Öğe eylemlerinin geçersiz kılınacağı özellik değerlerini belirtin."},{"id":null,"key":"CS_ContentList_DisplayProgressIndicator","value":"Belge eklerken ilerleme durumu göstergesini görüntüle"},{"id":null,"key":"CS_ContentList_DisplayProgressIndicator_Help","value":"Belge eklerken bir ilerleme durumu göstergesi görüntülemek için bu seçeneği işaretleyin."},{"id":null,"key":"CS_ContentList_EnableSearchFilter","value":"Enable search filter"},{"id":null,"key":"CS_ContentList_EnableSearchFilter_Help","value":"Displays the search filter component for specifying multiple search parameters to query against and display the results in the list view."},{"id":null,"key":"CS_ContentList_Enable_Polling","value":"Belge durumu için yoklama etkinleştiriliyor"},{"id":null,"key":"CS_ContentList_Enable_Polling_Help","value":"Ayarlandığında yoklama, eklenen belgelerin durumunu güncellemek için kullanılır."},{"id":null,"key":"CS_ContentList_ExtraProperties","value":"Extra properties"},{"id":null,"key":"CS_ContentList_ExtraProperties_Help","value":"Specify additional properties that you want returned with the items in the results set."},{"id":null,"key":"CS_ContentList_Folder","value":"Klasör"},{"id":null,"key":"CS_ContentList_FolderId","value":"Klasör Tanıtıcısı"},{"id":null,"key":"CS_ContentList_FolderId_Help","value":"Belirtilen klasör içeriğiyle içerik listesini kullanıma hazırlamak için klasör tanıtıcısını ve yolunu belirleyin. Klasör tanıtıcısının ayarlanması arama ayarlarından öncelikli olacaktır."},{"id":null,"key":"CS_ContentList_Height_Help","value":"The height of the content list view window."},{"id":null,"key":"CS_ContentList_HideAction_Help","value":"Açılır menüden bu işlemi kaldırmak isterseniz işlem ayarını işaretleyin."},{"id":null,"key":"CS_ContentList_HideAddDialog","value":"Belge eklenirken Ekle iletişim kutusunu gizle"},{"id":null,"key":"CS_ContentList_HideAddDialog_Help","value":"Bu seçenek belirlendiğinde ve tek bir belge tipi yapılandırıldığında, belgeler Belge Ekle iletişim kutusu görüntülenmeden eklenir."},{"id":null,"key":"CS_ContentList_HideAddDocument","value":"Belge eklemeyi gizle"},{"id":null,"key":"CS_ContentList_HideAddFolder","value":"Klasör eklemeyi gizle"},{"id":null,"key":"CS_ContentList_HideCancelCheckoutDoc","value":"Dışarı alınan belgenin iptalini gizle"},{"id":null,"key":"CS_ContentList_HideCheckoutDocument","value":"Belgeyi dışarı almayı gizle"},{"id":null,"key":"CS_ContentList_HideCheckoutState","value":"Dışarı alma durumunu gizle"},{"id":null,"key":"CS_ContentList_HideCheckoutState_Help","value":"Görüntülenecek dışarı alma durumu simgesini etkinleştirmek/geçersiz kılmak için bu seçeneği belirleyin."},{"id":null,"key":"CS_ContentList_HideDeleteDocument","value":"Belge silmeyi gizle"},{"id":null,"key":"CS_ContentList_HideDeleteFolder","value":"Klasör silmeyi gizle"},{"id":null,"key":"CS_ContentList_HideDownloadDocument","value":"Belgeyi karşıdan yüklemeyi gizle"},{"id":null,"key":"CS_ContentList_HideEditDocument","value":"Belge düzenlemeyi gizle"},{"id":null,"key":"CS_ContentList_HideEditDocumentProps","value":"Belge özelliklerini düzenlemeyi gizle"},{"id":null,"key":"CS_ContentList_HideEditFolderProps","value":"Klasör özelliklerini düzenlemeyi gizle"},{"id":null,"key":"CS_ContentList_HideRefresh","value":"Hide refresh"},{"id":null,"key":"CS_ContentList_HideRenameFolder","value":"Klasörü yeniden adlandırmayı gizle"},{"id":null,"key":"CS_ContentList_HideSearchField","value":"Arama alanını gizle"},{"id":null,"key":"CS_ContentList_HideSearchField_Help","value":"Arama alanını görüntülemeyin. Arama parametreleri yapılandırma ayarlarında tanımlanır."},{"id":null,"key":"CS_ContentList_HideUploadNewVersionDoc","value":"Yeni sürüm belgesini yüklemeyi gizle"},{"id":null,"key":"CS_ContentList_HideViewDocument","value":"Belge görüntülemeyi gizle"},{"id":null,"key":"CS_ContentList_IncludeTimeInDates","value":"Tarih özelliklerinde saati ekle"},{"id":null,"key":"CS_ContentList_IncludeTimeInDates_Help","value":"Sütun özelliklerinde tarih değerinin saat bölümünü görüntüleyin."},{"id":null,"key":"CS_ContentList_InitialPageSize","value":"Başlangıçtaki sayfa büyüklüğü"},{"id":null,"key":"CS_ContentList_InitialPageSize_Help","value":"İçerik listesinde görüntülenmek üzere döndürülen sonuç kümesi büyüklüğü. Varsayılan sayfa boyutu 20 öğedir."},{"id":null,"key":"CS_ContentList_OnActionMenuOpen","value":"On action menu open"},{"id":null,"key":"CS_ContentList_OnActionMenuOpen_Help","value":"An event that is fired when the action menu is about to be opened. Passes a folder object with properties."},{"id":null,"key":"CS_ContentList_OnAdd","value":"İçerik eklendiğinde"},{"id":null,"key":"CS_ContentList_OnAdd_Help","value":"Bir belge ya da klasör eklendiğinde tetiklenen olay. Bir contentItem nesnesi iletir."},{"id":null,"key":"CS_ContentList_OnContextMenuOpen","value":"Bağlam menüsü açıldığında"},{"id":null,"key":"CS_ContentList_OnContextMenuOpen_Help","value":"Bağlam menüsü açılmak üzere olduğunda tetiklenen bir olay. Özellikler içeren bir içerik nesnesini iletir."},{"id":null,"key":"CS_ContentList_OnError","value":"Hata durumunda"},{"id":null,"key":"CS_ContentList_OnError_Help","value":"Bir hizmet hatası olduğunda gönderilen olay."},{"id":null,"key":"CS_ContentList_OnFileClicked","value":"Dosya tıklatıldığında"},{"id":null,"key":"CS_ContentList_OnFileClicked_Help","value":"Ana sütunda bir belge seçildiğinde tetiklenen olay. Özellikler içeren bir belge nesnesini iletir."},{"id":null,"key":"CS_ContentList_OnFolderClicked","value":"Klasör tıklatıldığında"},{"id":null,"key":"CS_ContentList_OnFolderClicked_Help","value":"Ana sütunda bir klasör seçildiğinde tetiklenen olay. Özellikler içeren bir klasör nesnesini iletir."},{"id":null,"key":"CS_ContentList_OnPollResults","value":"On poll results"},{"id":null,"key":"CS_ContentList_OnPollResults_Help","value":"Fired when a poll result containing document status is received."},{"id":null,"key":"CS_ContentList_OnResults","value":"Sonuçlar yüklendiğinde"},{"id":null,"key":"CS_ContentList_OnResults_Help","value":"Bir hizmetten sonuçlar getirildiğinde gönderilen olay. İçerik listesinde görsel olarak gerçekleştirilen öğelerin bir listesini iletir."},{"id":null,"key":"CS_ContentList_OnRowSelected","value":"Satır seçildiğinde"},{"id":null,"key":"CS_ContentList_OnRowSelected_Help","value":"Bir radyo düğmesi veya onay kutusu kullanılarak bir satır seçildiğinde tetiklenen olay. Ek parametreyi iletir: satır (row.data.contentItem, özellikler içeren belge veya klasör nesnesini tutar)."},{"id":null,"key":"CS_ContentList_Polling_Exit_Values","value":"Yoklama çıkış özelliği değerleri"},{"id":null,"key":"CS_ContentList_Polling_Exit_Values_Help","value":"Yoklama sırasında döndürülen belge özellik değeri, yapılandırılan değerlerden biri olduğunda yoklama sona erecektir."},{"id":null,"key":"CS_ContentList_Polling_Neg_Exit_Values","value":"Yoklama negatif çıkış özelliği değerleri"},{"id":null,"key":"CS_ContentList_Polling_Neg_Exit_Values_Help","value":"Yoklama sırasında döndürülen belge özellik değeri, yapılandırılan değerlerden biri DEĞİLSE yoklama sona erecektir."},{"id":null,"key":"CS_ContentList_Resources","value":"Resources"},{"id":null,"key":"CS_ContentList_Resources_Help","value":"Set to an external resource bundle to pull in localized string resources for the column headers and the property list filter labels."},{"id":null,"key":"CS_ContentList_RootFolderName","value":"Kök klasör adı"},{"id":null,"key":"CS_ContentList_RootFolderName_Help","value":"İçerik Hizmetleri sınıfında klasör adı yerine kullanılacak kök klasör görünen adı."},{"id":null,"key":"CS_ContentList_Search","value":"Arama"},{"id":null,"key":"CS_ContentList_SearchFilterProperties","value":"Search filter properties"},{"id":null,"key":"CS_ContentList_SearchFilterProperties_Help","value":"Specify the set of properties you want to query against to populate the list view."},{"id":null,"key":"CS_ContentList_SearchFolderId","value":"Klasör tanıtıcısında ara"},{"id":null,"key":"CS_ContentList_SearchFolderId_Help","value":"Aramanın başlatılacağı klasörün tanıtıcısı. Bu, aramayı belirtilen klasörle sınırlandıracak isteğe bağlı bir ayardır. Belirlenmezse tüm nesne deposu aranır."},{"id":null,"key":"CS_ContentList_SearchFor","value":"Search for"},{"id":null,"key":"CS_ContentList_SearchFor_Help","value":"Search for document or folder items."},{"id":null,"key":"CS_ContentList_SearchOnlyFolder","value":"Yalnızca bu klasörde ara"},{"id":null,"key":"CS_ContentList_SearchOnlyFolder_Help","value":"Alt klasörleri aramayı dahil etmeyin."},{"id":null,"key":"CS_ContentList_SearchOperator","value":"İşleç"},{"id":null,"key":"CS_ContentList_SearchOperator_Help","value":"Bununla Başlayan, Bununla Biten, Benzer, Benzer Değil, =, <, >, <>, >=, <= gibi, kullanmak isteyeceğiniz sorgu işleci."},{"id":null,"key":"CS_ContentList_SearchProperty","value":"Arama özelliği"},{"id":null,"key":"CS_ContentList_SearchPropertyCardinality","value":"Arama özelliği asallığı"},{"id":null,"key":"CS_ContentList_SearchPropertyCardinality_Help","value":"Arama özelliğinin tek değerli mi, yoksa çok değerli mi olduğunu belirtir."},{"id":null,"key":"CS_ContentList_SearchPropertyType","value":"Özellik tipinde ara"},{"id":null,"key":"CS_ContentList_SearchPropertyType_Help","value":"Belirtilen arama özelliğinin veri tipi."},{"id":null,"key":"CS_ContentList_SearchProperty_Help","value":"Arama yapmak isteyeceğiniz özelliğin sembolik özellik adı."},{"id":null,"key":"CS_ContentList_SearchRootName","value":"Root search name"},{"id":null,"key":"CS_ContentList_SearchRootName_Help","value":"The root search display name to use on the breadcrumb."},{"id":null,"key":"CS_ContentList_SearchTextOptions","value":"Metin seçenekleri"},{"id":null,"key":"CS_ContentList_SearchTextOptions_Help","value":"Belirtilen özellik aramasının yanı sıra aramayı bir içerik tabanı sorgusunu içerecek şekilde yapılandırın."},{"id":null,"key":"CS_ContentList_SearchType","value":"Search type"},{"id":null,"key":"CS_ContentList_SearchType_Help","value":"Search for objects of a particular type."},{"id":null,"key":"CS_ContentList_SearchValue","value":"Varsayılan değer"},{"id":null,"key":"CS_ContentList_SearchValue_Help","value":"Aranacak değer. Boş bırakılırsa kullanıcılar çalıştırma zamanında aramayı çağırmak için bir değer girebilir."},{"id":null,"key":"CS_ContentList_SecondaryProperty","value":"State secondary property"},{"id":null,"key":"CS_ContentList_SecondaryProperty_Help","value":"Select a property to be used as a custom secondary state property."},{"id":null,"key":"CS_ContentList_SelectionMode","value":"Seçim kipi"},{"id":null,"key":"CS_ContentList_SelectionMode_Help","value":"Tekli seçim, çoklu seçim veya hiçbiri."},{"id":null,"key":"CS_ContentList_ShowCustomState","value":"Özel durumu göster"},{"id":null,"key":"CS_ContentList_ShowCustomState_Help","value":"Özel durum simgesi görüntülenmesini etkinleştirmek/geçersiz kılmak için bu seçeneği belirleyin."},{"id":null,"key":"CS_ContentList_SortOrder","value":"Sıralama düzeni"},{"id":null,"key":"CS_ContentList_SortOrder_Help","value":"Varsayılan sıralama yönü; artan ya da azalan."},{"id":null,"key":"CS_ContentList_SortProperty","value":"Özellik temelinde sırala"},{"id":null,"key":"CS_ContentList_SortProperty_Help","value":"Sonuç kümesini sıralamak için kullanılacak özelliği seçin."},{"id":null,"key":"CS_ContentList_StateProperty","value":"Durum özelliği"},{"id":null,"key":"CS_ContentList_StateProperty_Help","value":"Özel durum özelliği olarak kullanılmak üzere bir özellik seçin."},{"id":null,"key":"CS_ContentList_Status_Polling_Interval","value":"Durum yoklama aralığı"},{"id":null,"key":"CS_ContentList_Status_Polling_Interval_Help","value":"Eklenen belgelerin durumu için yoklama istekleri arasındaki süre (saniye)."},{"id":null,"key":"CS_ContentList_Status_Polling_Property","value":"Yoklama durumu özelliği"},{"id":null,"key":"CS_ContentList_Status_Polling_Property_Help","value":"Eklenen belgelerin durumunu almak için yoklanacak özellik."},{"id":null,"key":"CS_ContentList_Status_Polling_Timeout","value":"Polling timeout per document"},{"id":null,"key":"CS_ContentList_Status_Polling_Timeout_Help","value":"Number of seconds per document after which polling stops if an exit condition is not met."},{"id":null,"key":"CS_ContentList_TableRowHeight","value":"Tablo satırı yüksekliği"},{"id":null,"key":"CS_ContentList_TableRowHeight_Help","value":"İçerik listesi tablo satırı yüksekliğini belirtmek için kullanılan ayar."},{"id":null,"key":"CS_ContentList_Width_Help","value":"The width of the content list view window."},{"id":null,"key":"CS_ContentLlist_DisableDnDAdd","value":"Sürükle ve bırak ile eklemeyi devre dışı bırak"},{"id":null,"key":"CS_ContentLlist_Polling_Neg_Exit_Values_Help","value":"Yoklama sırasında döndürülen belge özellik değeri, yapılandırılan değerlerden biri DEĞİLSE yoklama sona erecektir."},{"id":null,"key":"CS_ContentViewer_FitHeight","value":"Yüksekliği sığdır"},{"id":null,"key":"CS_ContentViewer_FitWidth","value":"Genişliği sığdır"},{"id":null,"key":"CS_ContentViewer_Height","value":"Yükseklik"},{"id":null,"key":"CS_ContentViewer_OnLoad","value":"Yüklemede"},{"id":null,"key":"CS_ContentViewer_Width","value":"Genişlik"},{"id":null,"key":"CS_ContestList_MaxAddDocs_Help","value":"Kullanıcıların bir kerede en çok kaç belge ekleyebileceklerini belirtin. Varsayılan üst sınır 10'dur. Ancak, üst sınır değerini 300'e kadar belirtebilirsiniz."},{"id":null,"key":"CS_DepDocPropertiesProperty","value":"Bağımlı belge özelliği"},{"id":null,"key":"CS_DepDocPropertiesProperty_Help","value":"Görüntülenecek JSON değerlerini içeren belgeyi işaret eden nesne değeri özelliğinin simgesel adı."},{"id":null,"key":"CS_DepDocumentProperties_OnError","value":"Hata durumunda"},{"id":null,"key":"CS_DepDocumentProperties_OnError_Help","value":"Özellik değerleri alınırken hata oluştuğunda tetiklenen bir olay."},{"id":null,"key":"CS_Document_Classes","value":"Belge sınıfları"},{"id":null,"key":"CS_Document_Classes_Help","value":"Yeni belgeler eklenirken görüntülenecek belge sınıfları kümesi. Belirlenmediğinde belge sınıfları sunucudan alınır. Burada girilen adlar kullanıcıya gösterilir, değerler her belge sınıfının sembolik adına karşılık gelir."},{"id":null,"key":"CS_FileDropZone_DocumentType","value":"Belge tipi"},{"id":null,"key":"CS_FileDropZone_DocumentType_Help","value":"Belgeler eklenirken kullanılacak belge tipi. Belirlenmezse varsayılan Belge tipi kullanılır."},{"id":null,"key":"CS_FileDropZone_FolderId_Help","value":"Belgelerin ekleneceği klasörün klasör tanıtıcısı. Belirtilmezse belgeler dosyalanmaz."},{"id":null,"key":"CS_FileDropZone_MaxAddDoc","value":"Maximum number of documents to add"},{"id":null,"key":"CS_FileDropZone_MaxAddDoc_Help","value":"Specify the maximum number of documents that users can add at a time. The default maximum is 50."},{"id":null,"key":"CS_Folder_Classes","value":"Klasör sınıfları"},{"id":null,"key":"CS_Folder_Classes_Help","value":"Yeni klasörler eklenirken görüntülenecek klasör sınıfları kümesi. Belirlenmediğinde klasör sınıfları sunucudan alınır. Burada girilen adlar kullanıcıya gösterilir, değerler her klasör sınıfının sembolik adlarına karşılık gelir."},{"id":null,"key":"CS_GetContent_OnContentReceived","value":"İçerik alındığında"},{"id":null,"key":"CS_GetContent_OnContentReceived_Help","value":"Yanıtta belge içeriği döndürüldüğünde tetiklenen bir olay."},{"id":null,"key":"CS_GetContent_OnGetClassAccess","value":"On get class access"},{"id":null,"key":"CS_GetContent_OnGetClassAccess_Help","value":"An event that is fired when the get class access response has returned."},{"id":null,"key":"CS_GetContent_OnPropertiesUpdated","value":"On properties updated"},{"id":null,"key":"CS_GetContent_OnPropertiesUpdated_Help","value":"An event that is fired when the properties have been retrieved and updated in the content item object."},{"id":null,"key":"CS_Height","value":"Yükseklik"},{"id":null,"key":"CS_Include_Time_Picker","value":"Tarih ve saat değerleri için saat seçiciyi dahil et"},{"id":null,"key":"CS_Include_Time_Picker_Help","value":"Belirlendiğinde, tarih ve saat değerlerinin saat kısmını ayarlamak için bir arabirim sağlar."},{"id":null,"key":"CS_ObjectStoreName","value":"Nesne deposu adı"},{"id":null,"key":"CS_ObjectStoreName_Help","value":"Acce yönetim aracındaki nesne deposu adı."},{"id":null,"key":"CS_On_Class_Selected","value":"Sınıf seçildiğinde"},{"id":null,"key":"CS_On_Class_Selected_Help","value":"Kullanıcı bir sınıf seçtiğinde tetiklenen olay."},{"id":null,"key":"CS_ProgressIndicator_OnClose","value":"On close"},{"id":null,"key":"CS_ProgressIndicator_OnClose_Help","value":"Fired when the progress indicator is closed."},{"id":null,"key":"CS_ProgressIndicator_OnFileRemoved","value":"On file removed"},{"id":null,"key":"CS_ProgressIndicator_OnFileRemoved_Help","value":"Fired when a pending file is removed from the progress indicator"},{"id":null,"key":"CS_PropertyList_Display_Edit","value":"Özellik değerlerinin düzenlenmesi için düğmeleri görüntüle"},{"id":null,"key":"CS_PropertyList_Display_Edit_Help","value":"Kullanıcıların özellik değerlerini düzenlemesini sağlayan bir araç çubuğundaki düğmeleri görüntüleyin."},{"id":null,"key":"CS_PropertyPoller_OnError","value":"Hata durumunda"},{"id":null,"key":"CS_PropertyPoller_OnError_Help","value":"Bir özelliğin yoklanması sırasında hata oluştuğunda tetiklenir."},{"id":null,"key":"CS_PropertyPoller_OnResults","value":"On results"},{"id":null,"key":"CS_PropertyPoller_OnResults_Help","value":"Fired when results are received from a poll requests."},{"id":null,"key":"CS_PropertyPoller_OnStatus","value":"Özellik bilgileri döndürüldüğünde"},{"id":null,"key":"CS_PropertyPoller_OnStatus_Help","value":"Özellik bilgileri için sunucunun yoklanması işleminden veri döndürüldüğünde tetiklenir."},{"id":null,"key":"CS_Query_ExecuteOnChange","value":"Run search on change"},{"id":null,"key":"CS_Query_ExecuteOnChange_Help","value":"Runs the configured search when the view change event occurs in the component."},{"id":null,"key":"CS_Query_ExecuteOnView","value":"Execute search on view"},{"id":null,"key":"CS_Query_ExecuteOnView_Help","value":"Runs the configured search when the coach view event occurs in the component."},{"id":null,"key":"CS_Query_MaxResults","value":"Maximum results"},{"id":null,"key":"CS_Query_MaxResults_Help","value":"The maximum number of results to return from the query."},{"id":null,"key":"CS_Query_OnError","value":"On error"},{"id":null,"key":"CS_Query_OnError_Help","value":"Fired when an error occurs."},{"id":null,"key":"CS_Query_OnSearchResults","value":"On search results"},{"id":null,"key":"CS_Query_OnSearchResults_Help","value":"Fired when search results are returned from the server."},{"id":null,"key":"CS_Query_ResultProperties","value":"Result properties"},{"id":null,"key":"CS_Query_ResultProperties_Help","value":"Symbolic names of properties returned in the search results."},{"id":null,"key":"CS_Query_SearchValue","value":"Search values"},{"id":null,"key":"CS_Query_SearchValue_Help","value":"The values to search for."},{"id":null,"key":"CS_RepositoryId","value":"Havuz tanıtıcısı"},{"id":null,"key":"CS_RepositoryId_Help","value":"IBM Navigator'daki havuz tanıtıcısı. Bu değer belge görüntüleyicisi tarafından kullanılır."},{"id":null,"key":"CS_SummaryCard_Details","value":"Details"},{"id":null,"key":"CS_SummaryCard_Details_Help","value":"Displayed in the details section of the summary card."},{"id":null,"key":"CS_SummaryCard_DisplayHelpIcon","value":"Display help icon"},{"id":null,"key":"CS_SummaryCard_DisplayHelpIcon_Help","value":"When checked, displays a help icon in the card."},{"id":null,"key":"CS_SummaryCard_HelpLearnMoreUrl","value":"Help learn more URL"},{"id":null,"key":"CS_SummaryCard_HelpLearnMoreUrl_Help","value":"A link to Learn More information. When set, a button is displayed in the help tooltip that when clicked, displays the page specified in the link."},{"id":null,"key":"CS_SummaryCard_HelpText","value":"Help text"},{"id":null,"key":"CS_SummaryCard_HelpText_Help","value":"Either a message ID or text that is displayed in a tooltip when the user clicks the help icon."},{"id":null,"key":"CS_SummaryCard_OnClick","value":"On click"},{"id":null,"key":"CS_SummaryCard_OnClick_Help","value":"Fired when the summary card is clicked."},{"id":null,"key":"CS_SummaryCard_Title","value":"Title"},{"id":null,"key":"CS_SummaryCard_Title_Help","value":"Displayed as the title of the summary card."},{"id":null,"key":"CS_UploadContent_OnContentAdded","value":"İçerik eklendiğinde"},{"id":null,"key":"CS_UploadContent_OnContentAdded_Help","value":"İçerik başarıyla karşıya yüklendiğinde tetiklenen bir olay."},{"id":null,"key":"CS_UploadContent_OnError","value":"Hata durumunda"},{"id":null,"key":"CS_UploadContent_OnError_Help","value":"İçerik karşıya yüklenirken hata oluştuğunda tetiklenen bir olay."},{"id":null,"key":"CS_Width","value":"Genişlik"}]}