{"id":"50.adeae4bd-e860-48f8-8f12-9436f7840773/2064.da475e61-9610-4fe7-ab04-1910a3fe98fa","localeLanguage":"pt","localeCountry":"BR","localeVariant":"","localeDisplayName":"CSResource","resourceBundleKey":[{"id":null,"key":"CS_BatchContent_OnDocumentCheckedOut","value":"No documento retirado"},{"id":null,"key":"CS_BatchContent_OnDocumentCheckedOut_Help","value":"Um evento que é disparado quando o documento é retirado."},{"id":null,"key":"CS_BatchContent_OnGetProperties","value":"Nas propriedades de obtenção"},{"id":null,"key":"CS_BatchContent_OnGetProperties_Help","value":"Um evento que é disparado quando as propriedades são recuperadas."},{"id":null,"key":"CS_BatchContent_OnRollbackBatch","value":"No lote de retrocesso"},{"id":null,"key":"CS_BatchContent_OnRollbackBatch_Help","value":"Um evento que é disparado quando o lote é recuperado com sucesso."},{"id":null,"key":"CS_BatchContent_OnSaveBatch","value":"No lote de salvamento"},{"id":null,"key":"CS_BatchContent_OnSaveBatch_Help","value":"Um evento que é disparado quando o lote é salvo."},{"id":null,"key":"CS_BatchContent_OnSearchResults","value":"Nos resultados da procura"},{"id":null,"key":"CS_BatchContent_OnSearchResults_Help","value":"Um evento que é disparado quando os resultados da procura retornam com sucesso."},{"id":null,"key":"CS_BatchContent_OnUpdateBatch","value":"No lote de atualização"},{"id":null,"key":"CS_BatchContent_OnUpdateBatch_Help","value":"Um evento que é disparado quando o lote é atualizado."},{"id":null,"key":"CS_BatchContent_OnUpdateProperties","value":"Nas propriedades de atualização"},{"id":null,"key":"CS_BatchContent_OnUpdateProperties_Help","value":"Um evento que é disparado quando as propriedades são atualizadas."},{"id":null,"key":"CS_Class_Selector_Svc_Error","value":"Erro de serviço"},{"id":null,"key":"CS_Class_Selector_Svc_Error_Help","value":"Disparado quando um erro é retornado por meio da chamada de um serviço."},{"id":null,"key":"CS_ContentListFilter_Cancel","value":"Cancel"},{"id":null,"key":"CS_ContentListFilter_Filter","value":"Filtragem"},{"id":null,"key":"CS_ContentListFilter_OnCanceFilter","value":"Mediante cancelamento"},{"id":null,"key":"CS_ContentListFilter_OnCancelFilter_Help","value":"Um evento que é disparado quando o botão Cancelar é clicado."},{"id":null,"key":"CS_ContentListFilter_OnFilter","value":"No filtro"},{"id":null,"key":"CS_ContentListFilter_OnFilter_Help","value":"Um evento que é disparado quando o botão Filtrar é clicado."},{"id":null,"key":"CS_ContentListFilter_TypeName","value":"Nome do tipo"},{"id":null,"key":"CS_ContentListFilter_TypeName_Help","value":"Tipo de objeto de procura."},{"id":null,"key":"CS_ContentList_Actions","value":"Ações"},{"id":null,"key":"CS_ContentList_AddButton","value":"Adicionar"},{"id":null,"key":"CS_ContentList_Advanced","value":"Advanced"},{"id":null,"key":"CS_ContentList_Behavior","value":"Behavior"},{"id":null,"key":"CS_ContentList_Columns","value":"Colunas"},{"id":null,"key":"CS_ContentList_Columns_Help","value":"As colunas para exibir na lista. Configure-as se desejar as suas próprias propriedades da customizadas, caso contrário, um conjunto padrão será usado."},{"id":null,"key":"CS_ContentList_ConfigurationProperty","value":"Propriedade de Configuração"},{"id":null,"key":"CS_ContentList_ConfigurationProperty_Help","value":"Nome de uma propriedade na qual os dados de configuração serão armazenados no formato JSON."},{"id":null,"key":"CS_ContentList_ConfigurationValues","value":"Valores de Configuração"},{"id":null,"key":"CS_ContentList_ContentItems","value":"Itens de conteúdo"},{"id":null,"key":"CS_ContentList_ContentItems_Help","value":"Lista de objetos CSDocument a serem exibidos. A propriedade ID é a única propriedade necessária dos objetos do documento."},{"id":null,"key":"CS_ContentList_ControllerProperty","value":"Propriedade do documento do controlador"},{"id":null,"key":"CS_ContentList_ControllerProperty_Help","value":"Nome da propriedade de valor de objeto na classe de documento que se vincula ao controlador de lote."},{"id":null,"key":"CS_ContentList_DisableDnDAdd_Help","value":"Marque essa configuração para desativar a inclusão de documentos usando arrastar e soltar."},{"id":null,"key":"CS_ContentList_DisabledValues","value":"Valores desativados"},{"id":null,"key":"CS_ContentList_DisabledValues_Help","value":"Especificar os valores da propriedade para os quais as ações de itens serão desativadas."},{"id":null,"key":"CS_ContentList_DisplayProgressIndicator","value":"Exibir indicador de progresso ao incluir documentos."},{"id":null,"key":"CS_ContentList_DisplayProgressIndicator_Help","value":"Marque essa opção para exibir um indicador de progresso ao incluir documentos."},{"id":null,"key":"CS_ContentList_EnableSearchFilter","value":"Ativar filtro de procura"},{"id":null,"key":"CS_ContentList_EnableSearchFilter_Help","value":"Exibe o componente de filtro de procura para especificação de vários parâmetros de procura para consulta e exibição dos resultados na visualização de lista."},{"id":null,"key":"CS_ContentList_Enable_Polling","value":"Ative a pesquisa para o status do documento"},{"id":null,"key":"CS_ContentList_Enable_Polling_Help","value":"Quando configurado, a pesquisa é usada para atualizar o status de documentos incluídos."},{"id":null,"key":"CS_ContentList_ExtraProperties","value":"Propriedades adicionais"},{"id":null,"key":"CS_ContentList_ExtraProperties_Help","value":"Especifique as propriedades adicionais que você deseja que sejam retornadas com os itens no conjunto de resultados."},{"id":null,"key":"CS_ContentList_Folder","value":"Pasta"},{"id":null,"key":"CS_ContentList_FolderId","value":"ID de pasta"},{"id":null,"key":"CS_ContentList_FolderId_Help","value":"Configurar o caminho ou o ID da pasta para inicializar a lista de conteúdos com os conteúdos da pasta especificada. A configuração do ID da pasta tem precedência sobre as configurações de procura."},{"id":null,"key":"CS_ContentList_Height_Help","value":"The height of the content list view window."},{"id":null,"key":"CS_ContentList_HideAction_Help","value":"Verifique a configuração da ação se desejar remover essa ação do menu suspenso."},{"id":null,"key":"CS_ContentList_HideAddDialog","value":"Ocultar o diálogo de inclusão ao incluir documentos"},{"id":null,"key":"CS_ContentList_HideAddDialog_Help","value":"Quando esta opção for selecionada e um único tipo de documento for configurado, os documentos serão incluídos sem exibir o diálogo Incluir documento."},{"id":null,"key":"CS_ContentList_HideAddDocument","value":"Ocultar inclusão de documento"},{"id":null,"key":"CS_ContentList_HideAddFolder","value":"Ocultar inclusão de pasta"},{"id":null,"key":"CS_ContentList_HideCancelCheckoutDoc","value":"Ocultar cancelamento de documento de check-out"},{"id":null,"key":"CS_ContentList_HideCheckoutDocument","value":"Ocultar documento de check-out"},{"id":null,"key":"CS_ContentList_HideCheckoutState","value":"Ocultar estado de check-out"},{"id":null,"key":"CS_ContentList_HideCheckoutState_Help","value":"Selecione esta opção para ativar ou desativar o ícone de estado do check-out a ser exibido."},{"id":null,"key":"CS_ContentList_HideDeleteDocument","value":"Ocultar exclusão de documento"},{"id":null,"key":"CS_ContentList_HideDeleteFolder","value":"Ocultar exclusão de pasta"},{"id":null,"key":"CS_ContentList_HideDownloadDocument","value":"Ocultar documento de download"},{"id":null,"key":"CS_ContentList_HideEditDocument","value":"Ocultar documento de edição"},{"id":null,"key":"CS_ContentList_HideEditDocumentProps","value":"Ocultar as propriedades do documento de edição"},{"id":null,"key":"CS_ContentList_HideEditFolderProps","value":"Ocultar propriedades da pasta de edição"},{"id":null,"key":"CS_ContentList_HideRefresh","value":"Ocultar atualização"},{"id":null,"key":"CS_ContentList_HideRenameFolder","value":"Ocultar renomeação de pasta"},{"id":null,"key":"CS_ContentList_HideSearchField","value":"Ocultar campo de procura"},{"id":null,"key":"CS_ContentList_HideSearchField_Help","value":"Não exibir o campo de procura. Os parâmetros de procura são especificados nas definições de configuração."},{"id":null,"key":"CS_ContentList_HideUploadNewVersionDoc","value":"Ocultar upload de novo documento de versão"},{"id":null,"key":"CS_ContentList_HideViewDocument","value":"Ocultar visualização de documento"},{"id":null,"key":"CS_ContentList_IncludeTimeInDates","value":"Incluir tempo em propriedades de data"},{"id":null,"key":"CS_ContentList_IncludeTimeInDates_Help","value":"Exibir a parte de tempo de valor de data nas propriedades da coluna."},{"id":null,"key":"CS_ContentList_InitialPageSize","value":"Tamanho da página inicial"},{"id":null,"key":"CS_ContentList_InitialPageSize_Help","value":"O tamanho do conjunto de resultados que é retornado para renderização na lista de conteúdos. O tamanho da página padrão é de 20 itens."},{"id":null,"key":"CS_ContentList_OnActionMenuOpen","value":"Na abertura do menu Ação"},{"id":null,"key":"CS_ContentList_OnActionMenuOpen_Help","value":"Um evento que é disparado quando o menu Ação está prestes a ser aberto. Passa um objeto de pasta com propriedades."},{"id":null,"key":"CS_ContentList_OnAdd","value":"Incluído no conteúdo"},{"id":null,"key":"CS_ContentList_OnAdd_Help","value":"O evento que será disparado quando um documento ou pasta for incluído. Passa um objeto contentItem."},{"id":null,"key":"CS_ContentList_OnContextMenuOpen","value":"Aberto no menu de contexto"},{"id":null,"key":"CS_ContentList_OnContextMenuOpen_Help","value":"Um evento que é disparado quando o menu de contexto está prestes a ser aberto. Passa um objeto de conteúdo com propriedades."},{"id":null,"key":"CS_ContentList_OnError","value":"Em erro"},{"id":null,"key":"CS_ContentList_OnError_Help","value":"O evento que é enviado quando ocorre um erro de serviço."},{"id":null,"key":"CS_ContentList_OnFileClicked","value":"No arquivo clicado"},{"id":null,"key":"CS_ContentList_OnFileClicked_Help","value":"O evento que é disparado quando um documento é selecionado na coluna principal. Passa um objeto de documento com propriedades."},{"id":null,"key":"CS_ContentList_OnFolderClicked","value":"No clique de uma pasta"},{"id":null,"key":"CS_ContentList_OnFolderClicked_Help","value":"Um evento que é disparado quando uma pasta é selecionada na coluna principal. Passa um objeto de pasta com propriedades."},{"id":null,"key":"CS_ContentList_OnPollResults","value":"Nos resultados da procura"},{"id":null,"key":"CS_ContentList_OnPollResults_Help","value":"Disparado quando um resultado da pesquisa que contém status do documento é recebido."},{"id":null,"key":"CS_ContentList_OnResults","value":"Em resultados carregados"},{"id":null,"key":"CS_ContentList_OnResults_Help","value":"O evento que é enviado quando os resultados retornam de um serviço. Passa uma lista de itens que foram renderizados na lista de conteúdos."},{"id":null,"key":"CS_ContentList_OnRowSelected","value":"Na seleção de linha"},{"id":null,"key":"CS_ContentList_OnRowSelected_Help","value":"O evento que é disparado quando uma linha é selecionada usando um botão de opções ou uma caixa de seleção. Passa o parâmetro adicional: row (row.data.contentItem retém o objeto de pasta ou documento com propriedades)."},{"id":null,"key":"CS_ContentList_Polling_Exit_Values","value":"Pesquisando valores da propriedade de saída"},{"id":null,"key":"CS_ContentList_Polling_Exit_Values_Help","value":"A pesquisa é interrompida quando o valor da propriedade do documento que é retornado da pesquisa é um dos valores configurados."},{"id":null,"key":"CS_ContentList_Polling_Neg_Exit_Values","value":"Pesquisando valores negativos da propriedade de saída"},{"id":null,"key":"CS_ContentList_Polling_Neg_Exit_Values_Help","value":"A pesquisa é interrompida quando o valor da propriedade do documento que é retornado da pesquisa não é um dos valores configurados."},{"id":null,"key":"CS_ContentList_Resources","value":"Recursos"},{"id":null,"key":"CS_ContentList_Resources_Help","value":"Defina para um pacote configurável de recursos externo para extrair os recursos de sequência localizados para os cabeçalhos da coluna e para os rótulos de filtro de lista de propriedades."},{"id":null,"key":"CS_ContentList_RootFolderName","value":"Nome da pasta raiz"},{"id":null,"key":"CS_ContentList_RootFolderName_Help","value":"O nome de exibição da pasta raiz para usar em vez do nome da pasta no repositório do Content Services."},{"id":null,"key":"CS_ContentList_Search","value":"Pesquisar"},{"id":null,"key":"CS_ContentList_SearchFilterProperties","value":"Propriedades do filtro de procura"},{"id":null,"key":"CS_ContentList_SearchFilterProperties_Help","value":"Especifique o conjunto de propriedades que você deseja consultar para preencher a visualização de lista."},{"id":null,"key":"CS_ContentList_SearchFolderId","value":"Pesquisar no ID da pasta"},{"id":null,"key":"CS_ContentList_SearchFolderId_Help","value":"O ID da pasta na qual iniciar a procura. Esta é uma configuração opcional que restringe a procura na pasta especificada. Se ela não for configurada, o armazenamento de objeto inteiro será procurado."},{"id":null,"key":"CS_ContentList_SearchFor","value":"Pesquisar"},{"id":null,"key":"CS_ContentList_SearchFor_Help","value":"Procurar itens de documento ou de pasta."},{"id":null,"key":"CS_ContentList_SearchOnlyFolder","value":"Procurar apenas nessa pasta"},{"id":null,"key":"CS_ContentList_SearchOnlyFolder_Help","value":"Não incluir sub-pastas de procura."},{"id":null,"key":"CS_ContentList_SearchOperator","value":"Operador"},{"id":null,"key":"CS_ContentList_SearchOperator_Help","value":"O operador de consulta que você deseja usar, como Starts with, Ends with, Like, Not like, \\=, <, >, <>, >\\=, <\\= e assim por diante."},{"id":null,"key":"CS_ContentList_SearchProperty","value":"Propriedade de pesquisa"},{"id":null,"key":"CS_ContentList_SearchPropertyCardinality","value":"Cardinalidade de propriedade de procura"},{"id":null,"key":"CS_ContentList_SearchPropertyCardinality_Help","value":"Especifica se a propriedade de procura é única ou de múltiplos valores."},{"id":null,"key":"CS_ContentList_SearchPropertyType","value":"Tipo de propriedade de procura"},{"id":null,"key":"CS_ContentList_SearchPropertyType_Help","value":"O tipo de dados da propriedade de procura especificada."},{"id":null,"key":"CS_ContentList_SearchProperty_Help","value":"O nome da propriedade simbólica da propriedade na qual você deseja procurar."},{"id":null,"key":"CS_ContentList_SearchRootName","value":"Nome da procura raiz"},{"id":null,"key":"CS_ContentList_SearchRootName_Help","value":"O nome de exibição da procura raiz a ser usado na trilha de navegação."},{"id":null,"key":"CS_ContentList_SearchTextOptions","value":"Opções de texto"},{"id":null,"key":"CS_ContentList_SearchTextOptions_Help","value":"Configurar a procura para incluir uma consulta de base de conteúdo, além da procura de propriedade especificada."},{"id":null,"key":"CS_ContentList_SearchType","value":"Tipo de pesquisa"},{"id":null,"key":"CS_ContentList_SearchType_Help","value":"Procurar objetos de um tipo particular."},{"id":null,"key":"CS_ContentList_SearchValue","value":"Valor Padrão"},{"id":null,"key":"CS_ContentList_SearchValue_Help","value":"O valor a ser procurado. Se deixado em branco, os usuários poderão inserir um valor para chamar a procura no tempo de execução."},{"id":null,"key":"CS_ContentList_SecondaryProperty","value":"State secondary property"},{"id":null,"key":"CS_ContentList_SecondaryProperty_Help","value":"Select a property to be used as a custom secondary state property."},{"id":null,"key":"CS_ContentList_SelectionMode","value":"Modo de seleção"},{"id":null,"key":"CS_ContentList_SelectionMode_Help","value":"Seleção única, multisseleção ou nenhuma."},{"id":null,"key":"CS_ContentList_ShowCustomState","value":"Mostrar estado customizado"},{"id":null,"key":"CS_ContentList_ShowCustomState_Help","value":"Selecione esta opção para ativar ou desativar a exibição do ícone de estado customizado."},{"id":null,"key":"CS_ContentList_SortOrder","value":"Ordenação"},{"id":null,"key":"CS_ContentList_SortOrder_Help","value":"Direção de classificação padrão, crescente ou decrescente."},{"id":null,"key":"CS_ContentList_SortProperty","value":"Classificação na propriedade"},{"id":null,"key":"CS_ContentList_SortProperty_Help","value":"Selecione a propriedade para usar para classificar o conjunto de resultados."},{"id":null,"key":"CS_ContentList_StateProperty","value":"Propriedade State"},{"id":null,"key":"CS_ContentList_StateProperty_Help","value":"Selecione uma propriedade para ser usada como uma propriedade de estado customizada."},{"id":null,"key":"CS_ContentList_Status_Polling_Interval","value":"Intervalo de pesquisa do status"},{"id":null,"key":"CS_ContentList_Status_Polling_Interval_Help","value":"Número de segundos entre solicitações para pesquisar o status de documentos incluídos."},{"id":null,"key":"CS_ContentList_Status_Polling_Property","value":"Pesquisando a propriedade de status"},{"id":null,"key":"CS_ContentList_Status_Polling_Property_Help","value":"Propriedade que é pesquisada para obter o status de documentos incluídos."},{"id":null,"key":"CS_ContentList_Status_Polling_Timeout","value":"Tempo limite de pesquisa por documento"},{"id":null,"key":"CS_ContentList_Status_Polling_Timeout_Help","value":"Número de segundos por documento após o qual a pesquisa é interrompida, caso uma condição de saída não seja atendida."},{"id":null,"key":"CS_ContentList_TableRowHeight","value":"Altura de linha da tabela"},{"id":null,"key":"CS_ContentList_TableRowHeight_Help","value":"Configuração usada para especificar a altura da linha de tabela da lista de conteúdos."},{"id":null,"key":"CS_ContentList_Width_Help","value":"The width of the content list view window."},{"id":null,"key":"CS_ContentLlist_DisableDnDAdd","value":"Desativar a inclusão de arrastar e soltar"},{"id":null,"key":"CS_ContentLlist_Polling_Neg_Exit_Values_Help","value":"A pesquisa é interrompida quando o valor da propriedade do documento que é retornado da pesquisa não é um dos valores configurados."},{"id":null,"key":"CS_ContentViewer_FitHeight","value":"Ajustar à altura"},{"id":null,"key":"CS_ContentViewer_FitWidth","value":"Ajustar à largura"},{"id":null,"key":"CS_ContentViewer_Height","value":"Altura"},{"id":null,"key":"CS_ContentViewer_OnLoad","value":"No carregamento"},{"id":null,"key":"CS_ContentViewer_Width","value":"Largura"},{"id":null,"key":"CS_ContestList_MaxAddDocs_Help","value":"Especifique o número máximo de documentos que os usuários podem incluir por vez. O máximo padrão é 50, mas é possível definir o máximo até 300."},{"id":null,"key":"CS_DepDocPropertiesProperty","value":"Propriedade do documento dependente"},{"id":null,"key":"CS_DepDocPropertiesProperty_Help","value":"O nome simbólico da propriedade de valor de objeto que aponta para o documento contendo valores JSON a serem exibidos."},{"id":null,"key":"CS_DepDocumentProperties_OnError","value":"Em erro"},{"id":null,"key":"CS_DepDocumentProperties_OnError_Help","value":"Um evento que é disparado quando ocorre um erro ao recuperar valores de propriedade."},{"id":null,"key":"CS_Document_Classes","value":"Classes de Documento"},{"id":null,"key":"CS_Document_Classes_Help","value":"Um conjunto das classes de documento que são exibidas ao incluir novos documentos. Quando não configurado, as classes de documento são recuperadas por meio do servidor. Os nomes inseridos aqui são exibidos para o usuário e os valores correspondem ao nome simbólico de cada classe de documento."},{"id":null,"key":"CS_FileDropZone_DocumentType","value":"Tipo de documento"},{"id":null,"key":"CS_FileDropZone_DocumentType_Help","value":"Tipo de documento a ser usado ao incluir documentos. Se não for configurado, o tipo de Documento padrão será usado."},{"id":null,"key":"CS_FileDropZone_FolderId_Help","value":"ID da pasta na qual os documentos serão incluídos. Se não for especificado, os documentos serão desarquivados."},{"id":null,"key":"CS_FileDropZone_MaxAddDoc","value":"Número máximo de documentos a serem incluídos"},{"id":null,"key":"CS_FileDropZone_MaxAddDoc_Help","value":"Especifique o número máximo de documentos que os usuários podem incluir por vez. O máximo padrão é 50."},{"id":null,"key":"CS_Folder_Classes","value":"Classes de pastas"},{"id":null,"key":"CS_Folder_Classes_Help","value":"Um conjunto das classes de pastas que são exibidas ao incluir novas pastas. Quando não configuradas, as classes de pastas são recuperadas por meio do servidor. Os nomes inseridos aqui são exibidos para o usuário e os valores correspondem aos nomes simbólicos de cada classe de pastas."},{"id":null,"key":"CS_GetContent_OnContentReceived","value":"Recebido no conteúdo"},{"id":null,"key":"CS_GetContent_OnContentReceived_Help","value":"Um evento que é disparado quando o conteúdo do documento é retornado na resposta."},{"id":null,"key":"CS_GetContent_OnGetClassAccess","value":"Ao obter acesso de classe"},{"id":null,"key":"CS_GetContent_OnGetClassAccess_Help","value":"Um evento que é disparado quando a resposta de obtenção de acesso de classe é retornada."},{"id":null,"key":"CS_GetContent_OnPropertiesUpdated","value":"Nas propriedades atualizadas"},{"id":null,"key":"CS_GetContent_OnPropertiesUpdated_Help","value":"Um evento que é disparado quando as propriedades são recuperadas e atualizadas no objeto de item de conteúdo."},{"id":null,"key":"CS_Height","value":"Altura"},{"id":null,"key":"CS_Include_Time_Picker","value":"Incluir selecionador de horário para valores de data e hora"},{"id":null,"key":"CS_Include_Time_Picker_Help","value":"Quando configurado, fornece uma interface para configurar a parte de horário dos valores de data e hora."},{"id":null,"key":"CS_ObjectStoreName","value":"Nome do Repositório"},{"id":null,"key":"CS_ObjectStoreName_Help","value":"Nome do armazenamento de objeto no Administration Console for Content Platform Engine para o Content Platform Engine."},{"id":null,"key":"CS_On_Class_Selected","value":"Na classe selecionada"},{"id":null,"key":"CS_On_Class_Selected_Help","value":"O evento que é disparado quando o usuário seleciona uma classe."},{"id":null,"key":"CS_ProgressIndicator_OnClose","value":"No fechamento"},{"id":null,"key":"CS_ProgressIndicator_OnClose_Help","value":"Disparado quando o indicador de progresso está fechado."},{"id":null,"key":"CS_ProgressIndicator_OnFileRemoved","value":"No arquivo removido"},{"id":null,"key":"CS_ProgressIndicator_OnFileRemoved_Help","value":"Disparado quando um arquivo pendente é removido do indicador de progresso"},{"id":null,"key":"CS_PropertyList_Display_Edit","value":"Exibir botões para edição dos valores da propriedade"},{"id":null,"key":"CS_PropertyList_Display_Edit_Help","value":"Exibir botões em uma barra de ferramentas que permitem que os usuários editem valores de propriedade."},{"id":null,"key":"CS_PropertyPoller_OnError","value":"Em erro"},{"id":null,"key":"CS_PropertyPoller_OnError_Help","value":"Disparado quando um erro ocorre ao pesquisar uma propriedade."},{"id":null,"key":"CS_PropertyPoller_OnResults","value":"Nos resultados"},{"id":null,"key":"CS_PropertyPoller_OnResults_Help","value":"Disparado quando os resultados são recebidos de uma solicitação de pesquisa."},{"id":null,"key":"CS_PropertyPoller_OnStatus","value":"Informações sobre propriedade retornadas"},{"id":null,"key":"CS_PropertyPoller_OnStatus_Help","value":"Disparado quando os dados são retornados da pesquisa do servidor para informações de propriedade."},{"id":null,"key":"CS_Query_ExecuteOnChange","value":"Executar procura na mudança"},{"id":null,"key":"CS_Query_ExecuteOnChange_Help","value":"Executa a procura configurada quando o evento de mudança de visualização ocorre no componente."},{"id":null,"key":"CS_Query_ExecuteOnView","value":"Executar procura na visualização"},{"id":null,"key":"CS_Query_ExecuteOnView_Help","value":"Executa a procura configurada quando o evento de visualização de coach ocorre no componente."},{"id":null,"key":"CS_Query_MaxResults","value":"Resultados máximos"},{"id":null,"key":"CS_Query_MaxResults_Help","value":"O número máximo de resultados a serem retornados da consulta."},{"id":null,"key":"CS_Query_OnError","value":"Em erro"},{"id":null,"key":"CS_Query_OnError_Help","value":"Disparado quando ocorre um erro."},{"id":null,"key":"CS_Query_OnSearchResults","value":"Nos resultados da procura"},{"id":null,"key":"CS_Query_OnSearchResults_Help","value":"Disparado quando os resultados da procura são retornados do servidor."},{"id":null,"key":"CS_Query_ResultProperties","value":"Propriedades de resultado"},{"id":null,"key":"CS_Query_ResultProperties_Help","value":"Nomes simbólicos de propriedades retornados nos resultados da procura."},{"id":null,"key":"CS_Query_SearchValue","value":"Valores de procura"},{"id":null,"key":"CS_Query_SearchValue_Help","value":"Os valores a serem procurados."},{"id":null,"key":"CS_RepositoryId","value":"ID do Repositório"},{"id":null,"key":"CS_RepositoryId_Help","value":"O ID do repositório do IBM Navigator. Esse valor é usado pelo visualizador de documento."},{"id":null,"key":"CS_SummaryCard_Details","value":"Detalhes"},{"id":null,"key":"CS_SummaryCard_Details_Help","value":"Exibido na seção de detalhes do cartão de resumo."},{"id":null,"key":"CS_SummaryCard_DisplayHelpIcon","value":"Exibir ícone de ajuda"},{"id":null,"key":"CS_SummaryCard_DisplayHelpIcon_Help","value":"Quando marcado, exibe um ícone de ajuda no cartão."},{"id":null,"key":"CS_SummaryCard_HelpLearnMoreUrl","value":"URL de Saiba mais da Ajuda"},{"id":null,"key":"CS_SummaryCard_HelpLearnMoreUrl_Help","value":"Um link para as informações de Saiba mais. Quando configurado, um botão é exibido na dica de ferramenta de ajuda que, quando clicada, exibe a página especificada no link."},{"id":null,"key":"CS_SummaryCard_HelpText","value":"Texto de ajuda"},{"id":null,"key":"CS_SummaryCard_HelpText_Help","value":"Um ID de mensagem ou texto que é exibido em uma dica de ferramentas quando o usuário clica no ícone de ajuda."},{"id":null,"key":"CS_SummaryCard_OnClick","value":"Ao clicar"},{"id":null,"key":"CS_SummaryCard_OnClick_Help","value":"Disparado quando o cartão de resumo é clicado."},{"id":null,"key":"CS_SummaryCard_Title","value":"Cargo"},{"id":null,"key":"CS_SummaryCard_Title_Help","value":"Exibido como o título do cartão de resumo."},{"id":null,"key":"CS_UploadContent_OnContentAdded","value":"Incluído no conteúdo"},{"id":null,"key":"CS_UploadContent_OnContentAdded_Help","value":"Um evento que é disparado quando o conteúdo é transferido por upload com sucesso."},{"id":null,"key":"CS_UploadContent_OnError","value":"Em erro"},{"id":null,"key":"CS_UploadContent_OnError_Help","value":"Um evento que é disparado quando um erro ocorre ao fazer upload de conteúdo."},{"id":null,"key":"CS_Width","value":"Largura"}]}