<?xml version="1.0" encoding="UTF-8"?>
<teamworks>
    <process id="1.02c4e3f5-9f03-4985-82a1-7b43169436af" name="Deployment Service">
        <lastModified>1399416428115</lastModified>
        <lastModifiedBy>Administrator</lastModifiedBy>
        <tenantId isNull="true" />
        <processId>1.02c4e3f5-9f03-4985-82a1-7b43169436af</processId>
        <image isNull="true" />
        <tabGroup isNull="true" />
        <startingProcessItemId>2025.39db0378-ce86-495a-a329-18c21f03ac08</startingProcessItemId>
        <isRootProcess>false</isRootProcess>
        <processType>5</processType>
        <isErrorHandlerEnabled>false</isErrorHandlerEnabled>
        <errorHandlerItemId isNull="true" />
        <isLoggingVariables>false</isLoggingVariables>
        <isTransactional>false</isTransactional>
        <processTimingLevel isNull="true" />
        <participantRef isNull="true" />
        <exposedType isNull="true" />
        <isTrackingEnabled>true</isTrackingEnabled>
        <xmlData isNull="true" />
        <cachingType>false</cachingType>
        <itemLabel isNull="true" />
        <cacheLength isNull="true" />
        <mobileReady>false</mobileReady>
        <sboSyncEnabled>true</sboSyncEnabled>
        <externalId isNull="true" />
        <isSecured>false</isSecured>
        <isAjaxExposed>false</isAjaxExposed>
        <isInvokedAsynchronously>false</isInvokedAsynchronously>
        <description isNull="true" />
        <guid>guid:f04c2fdfc4c81271:-212d18cf:145d181274b:-75f6</guid>
        <versionId>da8302b4-63a8-4afa-a980-55274e90cd38</versionId>
        <dependencySummary isNull="true" />
        <jsonData isNull="true" />
        <field1 isNull="true" />
        <field2 isNull="true" />
        <field3>0</field3>
        <field4 isNull="true" />
        <field5>false</field5>
        <clobField1 isNull="true" />
        <blobField1 isNull="true" />
        <item>
            <lastModified isNull="true" />
            <lastModifiedBy isNull="true" />
            <tenantId isNull="true" />
            <processItemId>2025.39db0378-ce86-495a-a329-18c21f03ac08</processItemId>
            <processId>1.02c4e3f5-9f03-4985-82a1-7b43169436af</processId>
            <name>End</name>
            <tWComponentName>ExitPoint</tWComponentName>
            <tWComponentId>3008.e1f952a8-285c-4b19-a3a3-a79e5a8c7f2a</tWComponentId>
            <isLogEnabled>false</isLogEnabled>
            <isTraceEnabled>false</isTraceEnabled>
            <traceCategory isNull="true" />
            <traceLevel isNull="true" />
            <traceMessage isNull="true" />
            <traceSymbolTable isNull="true" />
            <isExecutionContextTraced>false</isExecutionContextTraced>
            <saveExecutionContext>true</saveExecutionContext>
            <documentation isNull="true" />
            <isErrorHandlerEnabled>false</isErrorHandlerEnabled>
            <errorHandlerItemId isNull="true" />
            <guid>guid:f04c2fdfc4c81271:-212d18cf:145d181274b:-75f5</guid>
            <versionId>f762ffc2-6505-4ee5-b44a-255dce18f7ac</versionId>
            <externalServiceRef isNull="true" />
            <externalServiceOp isNull="true" />
            <nodeColor isNull="true" />
            <layoutData x="700" y="100">
                <errorLink>
                    <controlPoints />
                    <showEndState>false</showEndState>
                    <showName>false</showName>
                </errorLink>
            </layoutData>
            <TWComponent>
                <lastModified isNull="true" />
                <lastModifiedBy isNull="true" />
                <tenantId isNull="true" />
                <exitPointId>3008.e1f952a8-285c-4b19-a3a3-a79e5a8c7f2a</exitPointId>
                <haltProcess>false</haltProcess>
                <guid>e1451d0d-5c3c-47e7-8688-0d27fefb8531</guid>
                <versionId>0af4621a-7bde-4bd4-ae4f-ce3e7afcbf7c</versionId>
            </TWComponent>
        </item>
        <startingProcessItemId>2025.39db0378-ce86-495a-a329-18c21f03ac08</startingProcessItemId>
        <errorHandlerItemId isNull="true" />
        <layoutData noConversion="true">
            <errorLink>
                <controlPoints />
                <showEndState>false</showEndState>
                <showName>false</showName>
            </errorLink>
        </layoutData>
        <startPoint>
            <layoutData x="20" y="100">
                <errorLink>
                    <controlPoints />
                    <showEndState>false</showEndState>
                    <showName>false</showName>
                </errorLink>
            </layoutData>
        </startPoint>
        <startLink>
            <fromPort locationId="rightCenter" portType="1" />
            <toPort locationId="leftCenter" portType="2" />
            <layoutData>
                <controlPoints />
                <showEndState>false</showEndState>
                <showName>false</showName>
            </layoutData>
        </startLink>
    </process>
</teamworks>

