<?xml version="1.0" encoding="UTF-8"?>
<teamworks>
    <process id="1.04850297-5f08-46aa-a136-6ae9c91c7f4f" name="Default Table Data Service">
        <lastModified>1536179737150</lastModified>
        <lastModifiedBy>tw_admin</lastModifiedBy>
        <tenantId isNull="true" />
        <processId>1.04850297-5f08-46aa-a136-6ae9c91c7f4f</processId>
        <image isNull="true" />
        <tabGroup isNull="true" />
        <startingProcessItemId>2025.847d7da6-ab6c-405d-ab4c-234e3b8c398b</startingProcessItemId>
        <isRootProcess>false</isRootProcess>
        <processType>12</processType>
        <isErrorHandlerEnabled>false</isErrorHandlerEnabled>
        <errorHandlerItemId isNull="true" />
        <isLoggingVariables>false</isLoggingVariables>
        <isTransactional>false</isTransactional>
        <processTimingLevel isNull="true" />
        <participantRef isNull="true" />
        <exposedType>0</exposedType>
        <isTrackingEnabled>true</isTrackingEnabled>
        <xmlData isNull="true" />
        <cachingType>false</cachingType>
        <itemLabel isNull="true" />
        <cacheLength>43200</cacheLength>
        <mobileReady>false</mobileReady>
        <sboSyncEnabled>false</sboSyncEnabled>
        <externalId isNull="true" />
        <isSecured>false</isSecured>
        <isAjaxExposed>true</isAjaxExposed>
        <isInvokedAsynchronously>false</isInvokedAsynchronously>
        <description isNull="true" />
        <guid>46f1b859-7596-427c-81b1-29daaf70d34a</guid>
        <versionId>6c5aa70e-a861-42d5-9843-43cc8f84449e</versionId>
        <dependencySummary>&lt;dependencySummary id="bpdid:daa1490d48ed741c:-252326b8:165ab673b17:-7fac" /&gt;</dependencySummary>
        <jsonData isNull="true" />
        <field1 isNull="true" />
        <field2 isNull="true" />
        <field3>0</field3>
        <field4 isNull="true" />
        <field5>false</field5>
        <clobField1 isNull="true" />
        <blobField1 isNull="true" />
        <processParameter name="data">
            <lastModified isNull="true" />
            <lastModifiedBy isNull="true" />
            <tenantId isNull="true" />
            <processParameterId>2055.c3e2a7b4-27c9-41bb-a3fe-3ccd20d3ab6d</processParameterId>
            <processId>1.04850297-5f08-46aa-a136-6ae9c91c7f4f</processId>
            <parameterType>1</parameterType>
            <isArrayOf>false</isArrayOf>
            <classId>556939fc-1d6d-4204-9546-c095a59cca29/12.c09c9b6e-aabd-4897-bef2-ed61db106297</classId>
            <seq>1</seq>
            <hasDefault>false</hasDefault>
            <defaultValue isNull="true" />
            <isLocked>false</isLocked>
            <description isNull="true" />
            <guid>b05f33f6-1868-4f87-9bec-656e7571e987</guid>
            <versionId>c4d216e3-a189-4dbe-bdd2-734feb7518b6</versionId>
        </processParameter>
        <processParameter name="results">
            <lastModified isNull="true" />
            <lastModifiedBy isNull="true" />
            <tenantId isNull="true" />
            <processParameterId>2055.60ca75ca-1940-41ef-961f-f687562fa95c</processParameterId>
            <processId>1.04850297-5f08-46aa-a136-6ae9c91c7f4f</processId>
            <parameterType>2</parameterType>
            <isArrayOf>true</isArrayOf>
            <classId>556939fc-1d6d-4204-9546-c095a59cca29/12.c09c9b6e-aabd-4897-bef2-ed61db106297</classId>
            <seq>2</seq>
            <hasDefault>false</hasDefault>
            <defaultValue isNull="true" />
            <isLocked>false</isLocked>
            <description isNull="true" />
            <guid>9a453c6f-99cc-4f84-8465-841a1103caeb</guid>
            <versionId>0969df6c-10f8-4dfa-961f-97b028d9fb26</versionId>
        </processParameter>
        <item>
            <lastModified isNull="true" />
            <lastModifiedBy isNull="true" />
            <tenantId isNull="true" />
            <processItemId>2025.847d7da6-ab6c-405d-ab4c-234e3b8c398b</processItemId>
            <processId>1.04850297-5f08-46aa-a136-6ae9c91c7f4f</processId>
            <name>End</name>
            <tWComponentName>ExitPoint</tWComponentName>
            <tWComponentId>3008.76eb908a-07b4-4bcf-be23-896640702949</tWComponentId>
            <isLogEnabled>false</isLogEnabled>
            <isTraceEnabled>false</isTraceEnabled>
            <traceCategory isNull="true" />
            <traceLevel isNull="true" />
            <traceMessage isNull="true" />
            <traceSymbolTable isNull="true" />
            <isExecutionContextTraced>false</isExecutionContextTraced>
            <saveExecutionContext>true</saveExecutionContext>
            <documentation isNull="true" />
            <isErrorHandlerEnabled>false</isErrorHandlerEnabled>
            <errorHandlerItemId isNull="true" />
            <guid>guid:48239dc106dcc492:-b22ea1a:165ab3b2634:-7fa1</guid>
            <versionId>91bb1da0-22b7-48ec-8512-7052faa685b4</versionId>
            <externalServiceRef isNull="true" />
            <externalServiceOp isNull="true" />
            <nodeColor isNull="true" />
            <layoutData x="700" y="99">
                <errorLink>
                    <controlPoints />
                    <showEndState>false</showEndState>
                    <showName>false</showName>
                </errorLink>
            </layoutData>
            <TWComponent>
                <lastModified isNull="true" />
                <lastModifiedBy isNull="true" />
                <tenantId isNull="true" />
                <exitPointId>3008.76eb908a-07b4-4bcf-be23-896640702949</exitPointId>
                <haltProcess>false</haltProcess>
                <guid>561b79fd-c1fa-4be6-b805-27fa6d7400e9</guid>
                <versionId>fbc4c11a-17d6-4186-a665-0d677d2b6fda</versionId>
            </TWComponent>
        </item>
        <startingProcessItemId>2025.847d7da6-ab6c-405d-ab4c-234e3b8c398b</startingProcessItemId>
        <errorHandlerItemId isNull="true" />
        <layoutData noConversion="true">
            <errorLink>
                <controlPoints />
                <showEndState>false</showEndState>
                <showName>false</showName>
            </errorLink>
        </layoutData>
        <startPoint>
            <layoutData x="20" y="100">
                <errorLink>
                    <controlPoints />
                    <showEndState>false</showEndState>
                    <showName>false</showName>
                </errorLink>
            </layoutData>
        </startPoint>
        <startLink>
            <fromPort locationId="rightCenter" portType="1" />
            <toPort locationId="leftCenter" portType="2" />
            <layoutData>
                <controlPoints />
                <showEndState>false</showEndState>
                <showName>false</showName>
            </layoutData>
        </startLink>
        <bpmn2Model>
            <ns17:definitions xmlns:ns17="http://www.omg.org/spec/BPMN/20100524/MODEL" xmlns:ns2="http://www.ibm.com/xmlns/prod/bpm/bpmn/ext/process" xmlns:ns3="http://www.ibm.com/xmlns/prod/bpm/bpmn/ext/process/wle" xmlns:ns4="http://www.ibm.com/xmlns/prod/bpm/bpmn/ext/process/case" xmlns:ns5="http://www.ibm.com/bpm/Extensions" xmlns:ns6="http://www.ibm.com/xmlns/prod/bpm/uca" xmlns:ns7="http://www.ibm.com/xmlns/prod/bpm/bpmn/ext/trackinggroup" xmlns:ns8="http://www.ibm.com/xmlns/prod/bpm/bpmn/ext/team" xmlns:ns9="http://www.ibm.com/xmlns/bpmnx/20100524/v1/BusinessVocabulary" xmlns:ns10="http://www.omg.org/spec/DD/20100524/DI" xmlns:ns11="http://www.omg.org/spec/DD/20100524/DC" xmlns:ns12="http://www.omg.org/spec/BPMN/20100524/BPMNDI" xmlns:ns13="http://www.ibm.com/xmlns/prod/bpm/graph" xmlns:ns14="http://www.ibm.com/xmlns/prod/bpm/bpmn/ext/process/auth" xmlns:ns15="http://www.ibm.com/xmlns/prod/bpm/bpmn/ext/extservice" xmlns:ns16="http://www.ibm.com/xmlns/links" xmlns:ns18="http://www.ibm.com/bpm/CoachDesignerNG" xmlns:ns19="http://www.ibm.com/xmlns/tagging" xmlns:ns20="http://www.ibm.com/bpm/uitheme" xmlns:ns21="http://www.ibm.com/bpm/coachview" id="1.04850297-5f08-46aa-a136-6ae9c91c7f4f" targetNamespace="" expressionLanguage="http://www.ibm.com/xmlns/prod/bpm/expression-lang/javascript">
                
                
                <ns17:process name="Default Table Data Service 2" id="1.04850297-5f08-46aa-a136-6ae9c91c7f4f">
                    
                    
                    <ns17:documentation />
                    
                    
                    <ns17:extensionElements>
                        
                        
                        <ns2:isConvertedServiceFlow>true</ns2:isConvertedServiceFlow>
                        
                        
                        <ns2:isSecured>false</ns2:isSecured>
                        
                        
                        <ns2:isAjaxExposed>true</ns2:isAjaxExposed>
                        
                        
                        <ns3:cacheResults>false</ns3:cacheResults>
                        
                        
                        <ns2:cachingType>false</ns2:cachingType>
                        
                        
                        <ns2:cacheLength>43200</ns2:cacheLength>
                        
                        
                        <ns2:sboSyncEnabled>false</ns2:sboSyncEnabled>
                        
                    
                    </ns17:extensionElements>
                    
                    
                    <ns17:ioSpecification>
                        
                        
                        <ns17:dataInput name="data" itemSubjectRef="itm.12.c09c9b6e-aabd-4897-bef2-ed61db106297" isCollection="false" id="2055.c3e2a7b4-27c9-41bb-a3fe-3ccd20d3ab6d">
                            
                            
                            <ns17:extensionElements>
                                
                                
                                <ns2:defaultValue useDefault="false" />
                                
                            
                            </ns17:extensionElements>
                            
                        
                        </ns17:dataInput>
                        
                        
                        <ns17:dataOutput name="results" itemSubjectRef="itm.12.c09c9b6e-aabd-4897-bef2-ed61db106297" isCollection="true" id="2055.60ca75ca-1940-41ef-961f-f687562fa95c" />
                        
                        
                        <ns17:inputSet>
                            
                            
                            <ns17:dataInputRefs>2055.c3e2a7b4-27c9-41bb-a3fe-3ccd20d3ab6d</ns17:dataInputRefs>
                            
                        
                        </ns17:inputSet>
                        
                        
                        <ns17:outputSet>
                            
                            
                            <ns17:dataOutputRefs>2055.60ca75ca-1940-41ef-961f-f687562fa95c</ns17:dataOutputRefs>
                            
                        
                        </ns17:outputSet>
                        
                    
                    </ns17:ioSpecification>
                    
                    
                    <ns17:laneSet id="c9a0863d-33e7-4220-a62f-034d134e0ae7">
                        
                        
                        <ns17:lane name="System" partitionElementRef="24.6fd38d02-81cf-48ab-bd42-8ff4c0a1628b" id="f8057c2b-34ca-4105-97cd-cac37e928833" ns3:isSystemLane="true">
                            
                            
                            <ns17:extensionElements>
                                
                                
                                <ns13:nodeVisualInfo x="0" y="0" width="3000" height="500" color="#F8F8F8" />
                                
                            
                            </ns17:extensionElements>
                            
                            
                            <ns17:flowNodeRef>Start_1.04850297-5f08-46aa-a136-6ae9c91c7f4f</ns17:flowNodeRef>
                            
                            
                            <ns17:flowNodeRef>2025.847d7da6-ab6c-405d-ab4c-234e3b8c398b</ns17:flowNodeRef>
                            
                        
                        </ns17:lane>
                        
                    
                    </ns17:laneSet>
                    
                    
                    <ns17:startEvent name="Start" id="Start_1.04850297-5f08-46aa-a136-6ae9c91c7f4f">
                        
                        
                        <ns17:extensionElements>
                            
                            
                            <ns13:nodeVisualInfo x="20" y="100" width="24" height="24" />
                            
                        
                        </ns17:extensionElements>
                        
                        
                        <ns17:outgoing>StartLink_1.04850297-5f08-46aa-a136-6ae9c91c7f4f</ns17:outgoing>
                        
                    
                    </ns17:startEvent>
                    
                    
                    <ns17:endEvent name="End" id="2025.847d7da6-ab6c-405d-ab4c-234e3b8c398b">
                        
                        
                        <ns17:documentation />
                        
                        
                        <ns17:extensionElements>
                            
                            
                            <ns2:endStateId>guid:48239dc106dcc492:-b22ea1a:165ab3b2634:-7fa1</ns2:endStateId>
                            
                            
                            <ns3:saveExecutionContext>true</ns3:saveExecutionContext>
                            
                            
                            <ns2:preAssignmentScript xmlns:xsi="http://www.w3.org/2001/XMLSchema-instance" xsi:nil="true" />
                            
                            
                            <ns2:postAssignmentScript xmlns:xsi="http://www.w3.org/2001/XMLSchema-instance" xsi:nil="true" />
                            
                            
                            <ns13:nodeVisualInfo x="700" y="99" width="24" height="24" />
                            
                        
                        </ns17:extensionElements>
                        
                        
                        <ns17:incoming>StartLink_1.04850297-5f08-46aa-a136-6ae9c91c7f4f</ns17:incoming>
                        
                    
                    </ns17:endEvent>
                    
                    
                    <ns17:sequenceFlow sourceRef="Start_1.04850297-5f08-46aa-a136-6ae9c91c7f4f" targetRef="2025.847d7da6-ab6c-405d-ab4c-234e3b8c398b" name="" id="StartLink_1.04850297-5f08-46aa-a136-6ae9c91c7f4f">
                        
                        
                        <ns17:extensionElements>
                            
                            
                            <ns13:linkVisualInfo>
                                
                                
                                <ns13:sourcePortLocation>rightCenter</ns13:sourcePortLocation>
                                
                                
                                <ns13:targetPortLocation>leftCenter</ns13:targetPortLocation>
                                
                                
                                <ns13:showLabel>false</ns13:showLabel>
                                
                                
                                <ns13:showCoachControlLabel>false</ns13:showCoachControlLabel>
                                
                                
                                <ns13:labelPosition>0.0</ns13:labelPosition>
                                
                                
                                <ns13:saveExecutionContext>false</ns13:saveExecutionContext>
                                
                            
                            </ns13:linkVisualInfo>
                            
                        
                        </ns17:extensionElements>
                        
                    
                    </ns17:sequenceFlow>
                    
                
                </ns17:process>
                
            
            </ns17:definitions>
        </bpmn2Model>
    </process>
</teamworks>

