<?xml version="1.0" encoding="UTF-8"?>
<teamworks>
    <process id="1.2d5d3b0b-81d5-48c7-b6d6-2bf49d024004" name="Default Chart Single Data Series Service">
        <lastModified>1536179733768</lastModified>
        <lastModifiedBy>tw_admin</lastModifiedBy>
        <tenantId isNull="true" />
        <processId>1.2d5d3b0b-81d5-48c7-b6d6-2bf49d024004</processId>
        <image isNull="true" />
        <tabGroup isNull="true" />
        <startingProcessItemId>2025.c3e51622-3778-4793-a0d8-d716a0f43590</startingProcessItemId>
        <isRootProcess>false</isRootProcess>
        <processType>12</processType>
        <isErrorHandlerEnabled>false</isErrorHandlerEnabled>
        <errorHandlerItemId isNull="true" />
        <isLoggingVariables>false</isLoggingVariables>
        <isTransactional>false</isTransactional>
        <processTimingLevel isNull="true" />
        <participantRef isNull="true" />
        <exposedType>0</exposedType>
        <isTrackingEnabled>true</isTrackingEnabled>
        <xmlData isNull="true" />
        <cachingType>false</cachingType>
        <itemLabel isNull="true" />
        <cacheLength>43200</cacheLength>
        <mobileReady>false</mobileReady>
        <sboSyncEnabled>false</sboSyncEnabled>
        <externalId isNull="true" />
        <isSecured>false</isSecured>
        <isAjaxExposed>true</isAjaxExposed>
        <isInvokedAsynchronously>false</isInvokedAsynchronously>
        <description isNull="true" />
        <guid>1b4ab615-ff2c-4365-b0e5-6ec5f1b29f82</guid>
        <versionId>7097392c-3aec-4201-ba86-3177b022a45e</versionId>
        <dependencySummary>&lt;dependencySummary id="bpdid:daa1490d48ed741c:-252326b8:165ab673b17:-7fb2" /&gt;</dependencySummary>
        <jsonData isNull="true" />
        <field1 isNull="true" />
        <field2 isNull="true" />
        <field3>0</field3>
        <field4 isNull="true" />
        <field5>false</field5>
        <clobField1 isNull="true" />
        <blobField1 isNull="true" />
        <processParameter name="input">
            <lastModified isNull="true" />
            <lastModifiedBy isNull="true" />
            <tenantId isNull="true" />
            <processParameterId>2055.30330284-43c2-40bc-95bc-363ce77e42ff</processParameterId>
            <processId>1.2d5d3b0b-81d5-48c7-b6d6-2bf49d024004</processId>
            <parameterType>1</parameterType>
            <isArrayOf>false</isArrayOf>
            <classId>556939fc-1d6d-4204-9546-c095a59cca29/12.c09c9b6e-aabd-4897-bef2-ed61db106297</classId>
            <seq>1</seq>
            <hasDefault>true</hasDefault>
            <defaultValue>"RANDOM"</defaultValue>
            <isLocked>false</isLocked>
            <description isNull="true" />
            <guid>384e91c3-e9be-4b6a-af20-7225e100f5f3</guid>
            <versionId>3400feeb-e527-4768-aeca-282e9357311b</versionId>
        </processParameter>
        <processParameter name="drillDownStack">
            <lastModified isNull="true" />
            <lastModifiedBy isNull="true" />
            <tenantId isNull="true" />
            <processParameterId>2055.6013fe94-956b-4199-b393-cddc6c6e1eee</processParameterId>
            <processId>1.2d5d3b0b-81d5-48c7-b6d6-2bf49d024004</processId>
            <parameterType>1</parameterType>
            <isArrayOf>true</isArrayOf>
            <classId>/12.a2c20ada-cdaa-4883-bc96-3ca7a3a27e6b</classId>
            <seq>2</seq>
            <hasDefault>false</hasDefault>
            <defaultValue isNull="true" />
            <isLocked>false</isLocked>
            <description isNull="true" />
            <guid>cad95a64-ea16-4a6b-8a16-fbe9d29ca2aa</guid>
            <versionId>945c667e-114e-4912-a9af-f0c62a6bfcc9</versionId>
        </processParameter>
        <processParameter name="dataSeries">
            <lastModified isNull="true" />
            <lastModifiedBy isNull="true" />
            <tenantId isNull="true" />
            <processParameterId>2055.ede23505-8bd3-46b8-b132-f73ebed32511</processParameterId>
            <processId>1.2d5d3b0b-81d5-48c7-b6d6-2bf49d024004</processId>
            <parameterType>2</parameterType>
            <isArrayOf>false</isArrayOf>
            <classId>/12.63a604e8-e026-4605-aae1-272b67822cc7</classId>
            <seq>3</seq>
            <hasDefault>false</hasDefault>
            <defaultValue isNull="true" />
            <isLocked>false</isLocked>
            <description isNull="true" />
            <guid>abc1c18c-0245-44d7-8c5d-7ab020f02c0f</guid>
            <versionId>e3ee3f8d-8b3c-4f64-904d-6068e222cf47</versionId>
        </processParameter>
        <processParameter name="drillDownStack">
            <lastModified isNull="true" />
            <lastModifiedBy isNull="true" />
            <tenantId isNull="true" />
            <processParameterId>2055.34e8b9d2-b2b5-4446-99eb-c67e9dafe04f</processParameterId>
            <processId>1.2d5d3b0b-81d5-48c7-b6d6-2bf49d024004</processId>
            <parameterType>2</parameterType>
            <isArrayOf>true</isArrayOf>
            <classId>/12.a2c20ada-cdaa-4883-bc96-3ca7a3a27e6b</classId>
            <seq>4</seq>
            <hasDefault>false</hasDefault>
            <defaultValue isNull="true" />
            <isLocked>false</isLocked>
            <description isNull="true" />
            <guid>bcb4cd7f-90bf-47a1-ba6d-523a7760ac16</guid>
            <versionId>4047eff8-e3b9-4a1d-a3fb-9b5582f21e70</versionId>
        </processParameter>
        <processParameter name="availableForDrillDown">
            <lastModified isNull="true" />
            <lastModifiedBy isNull="true" />
            <tenantId isNull="true" />
            <processParameterId>2055.613f312d-ae66-46f7-8bbf-c829e1d05b02</processParameterId>
            <processId>1.2d5d3b0b-81d5-48c7-b6d6-2bf49d024004</processId>
            <parameterType>2</parameterType>
            <isArrayOf>true</isArrayOf>
            <classId>/12.a2c20ada-cdaa-4883-bc96-3ca7a3a27e6b</classId>
            <seq>5</seq>
            <hasDefault>false</hasDefault>
            <defaultValue isNull="true" />
            <isLocked>false</isLocked>
            <description isNull="true" />
            <guid>d81da7d6-b659-42b6-b48e-1738fc8d46b7</guid>
            <versionId>7629de93-9a6a-4352-8576-5e58f0bb91a1</versionId>
        </processParameter>
        <processParameter name="simulatedErrorCode">
            <lastModified isNull="true" />
            <lastModifiedBy isNull="true" />
            <tenantId isNull="true" />
            <processParameterId>2055.11391215-ee87-49c9-8a15-156dbe23ab78</processParameterId>
            <processId>1.2d5d3b0b-81d5-48c7-b6d6-2bf49d024004</processId>
            <parameterType>3</parameterType>
            <isArrayOf>false</isArrayOf>
            <classId>556939fc-1d6d-4204-9546-c095a59cca29/12.db884a3c-c533-44b7-bb2d-47bec8ad4022</classId>
            <seq>6</seq>
            <hasDefault>false</hasDefault>
            <defaultValue isNull="true" />
            <isLocked>false</isLocked>
            <description isNull="true" />
            <guid>b869b920-e43d-4eec-bec2-20fa8c62e1c0</guid>
            <versionId>13f9617f-9506-485f-8aee-5e67f48ae3cb</versionId>
        </processParameter>
        <processVariable name="xml">
            <lastModified isNull="true" />
            <lastModifiedBy isNull="true" />
            <tenantId isNull="true" />
            <processVariableId>2056.32796255-957c-4089-93f7-5953527e52c0</processVariableId>
            <description isNull="true" />
            <processId>1.2d5d3b0b-81d5-48c7-b6d6-2bf49d024004</processId>
            <namespace>2</namespace>
            <seq>1</seq>
            <isArrayOf>false</isArrayOf>
            <isTransient>false</isTransient>
            <classId>556939fc-1d6d-4204-9546-c095a59cca29/12.db884a3c-c533-44b7-bb2d-47bec8ad4022</classId>
            <hasDefault>false</hasDefault>
            <defaultValue isNull="true" />
            <guid>fde00215-986e-41df-8c8d-b2f2031a9dfb</guid>
            <versionId>1c11deb0-b81d-4441-9e7a-8e4ca3b2f3ae</versionId>
        </processVariable>
        <processVariable name="simulatedError">
            <lastModified isNull="true" />
            <lastModifiedBy isNull="true" />
            <tenantId isNull="true" />
            <processVariableId>2056.72c3a705-cd20-41b2-921e-b1ca4c7182d1</processVariableId>
            <description isNull="true" />
            <processId>1.2d5d3b0b-81d5-48c7-b6d6-2bf49d024004</processId>
            <namespace>2</namespace>
            <seq>2</seq>
            <isArrayOf>false</isArrayOf>
            <isTransient>false</isTransient>
            <classId>556939fc-1d6d-4204-9546-c095a59cca29/12.db884a3c-c533-44b7-bb2d-47bec8ad4022</classId>
            <hasDefault>true</hasDefault>
            <defaultValue>"Simulated Error..."</defaultValue>
            <guid>e5bccd37-2183-4141-a79f-be683e05a8d7</guid>
            <versionId>7c10e4dc-4fbe-42b7-840b-979eeda612b5</versionId>
        </processVariable>
        <processVariable name="simulatedErrorCode">
            <lastModified isNull="true" />
            <lastModifiedBy isNull="true" />
            <tenantId isNull="true" />
            <processVariableId>2056.40aafb51-4acd-415f-9230-229616557e10</processVariableId>
            <description isNull="true" />
            <processId>1.2d5d3b0b-81d5-48c7-b6d6-2bf49d024004</processId>
            <namespace>2</namespace>
            <seq>3</seq>
            <isArrayOf>false</isArrayOf>
            <isTransient>false</isTransient>
            <classId>556939fc-1d6d-4204-9546-c095a59cca29/12.db884a3c-c533-44b7-bb2d-47bec8ad4022</classId>
            <hasDefault>true</hasDefault>
            <defaultValue>"999"</defaultValue>
            <guid>81e84e41-c89c-4f22-b290-07c29f6d673b</guid>
            <versionId>4a3797b2-901a-489c-afbe-db0f1c6b60e7</versionId>
        </processVariable>
        <item>
            <lastModified isNull="true" />
            <lastModifiedBy isNull="true" />
            <tenantId isNull="true" />
            <processItemId>2025.d92d7ef8-62ab-4fa5-b0c3-73493f24ddce</processItemId>
            <processId>1.2d5d3b0b-81d5-48c7-b6d6-2bf49d024004</processId>
            <name>Empty Data Logic</name>
            <tWComponentName>Script</tWComponentName>
            <tWComponentId>3011.403f10e1-8c04-4a38-9585-48f8a4dc444d</tWComponentId>
            <isLogEnabled>false</isLogEnabled>
            <isTraceEnabled>false</isTraceEnabled>
            <traceCategory isNull="true" />
            <traceLevel isNull="true" />
            <traceMessage isNull="true" />
            <traceSymbolTable isNull="true" />
            <isExecutionContextTraced>false</isExecutionContextTraced>
            <saveExecutionContext>false</saveExecutionContext>
            <documentation isNull="true" />
            <isErrorHandlerEnabled>false</isErrorHandlerEnabled>
            <errorHandlerItemId isNull="true" />
            <guid>guid:48239dc106dcc492:-b22ea1a:165ab3b2634:-7fb2</guid>
            <versionId>3c1b1efc-e154-4643-8919-7990c46ad5a7</versionId>
            <externalServiceRef isNull="true" />
            <externalServiceOp isNull="true" />
            <nodeColor isNull="true" />
            <layoutData x="385" y="228">
                <errorLink>
                    <controlPoints />
                    <showEndState>false</showEndState>
                    <showName>false</showName>
                </errorLink>
            </layoutData>
            <TWComponent>
                <lastModified isNull="true" />
                <lastModifiedBy isNull="true" />
                <tenantId isNull="true" />
                <scriptId>3011.403f10e1-8c04-4a38-9585-48f8a4dc444d</scriptId>
                <scriptTypeId>2</scriptTypeId>
                <isActive>true</isActive>
                <script>tw.local.dataSeries = new tw.object.DataSeries();</script>
                <isRule>false</isRule>
                <guid>b0ee8c96-7b17-4374-8578-d554419e295d</guid>
                <versionId>c8c54d97-7e12-4ff0-8d83-8595f938adcd</versionId>
            </TWComponent>
        </item>
        <item>
            <lastModified isNull="true" />
            <lastModifiedBy isNull="true" />
            <tenantId isNull="true" />
            <processItemId>2025.172cba34-a8f9-4d2c-86e6-01b65f9e31cf</processItemId>
            <processId>1.2d5d3b0b-81d5-48c7-b6d6-2bf49d024004</processId>
            <name>Error</name>
            <tWComponentName>Exception</tWComponentName>
            <tWComponentId>3007.a138b8eb-a155-4772-875c-7f622deebee7</tWComponentId>
            <isLogEnabled>false</isLogEnabled>
            <isTraceEnabled>false</isTraceEnabled>
            <traceCategory isNull="true" />
            <traceLevel isNull="true" />
            <traceMessage isNull="true" />
            <traceSymbolTable isNull="true" />
            <isExecutionContextTraced>false</isExecutionContextTraced>
            <saveExecutionContext>false</saveExecutionContext>
            <documentation isNull="true" />
            <isErrorHandlerEnabled>false</isErrorHandlerEnabled>
            <errorHandlerItemId isNull="true" />
            <guid>guid:48239dc106dcc492:-b22ea1a:165ab3b2634:-7faf</guid>
            <versionId>0416169e-9498-4f5e-a4ee-f5c19c8e1ca1</versionId>
            <externalServiceRef isNull="true" />
            <externalServiceOp isNull="true" />
            <nodeColor isNull="true" />
            <layoutData x="408" y="32">
                <errorLink>
                    <controlPoints />
                    <showEndState>false</showEndState>
                    <showName>false</showName>
                </errorLink>
            </layoutData>
            <TWComponent>
                <lastModified isNull="true" />
                <lastModifiedBy isNull="true" />
                <tenantId isNull="true" />
                <exceptionId>3007.a138b8eb-a155-4772-875c-7f622deebee7</exceptionId>
                <message></message>
                <faultStyle>1</faultStyle>
                <guid>e6cba761-88c9-424d-9f96-b94a2380aa64</guid>
                <versionId>9a94a360-a011-4fe1-b6ba-1b17c59b7599</versionId>
                <parameterMapping name="simulatedErrorCode">
                    <lastModified isNull="true" />
                    <lastModifiedBy isNull="true" />
                    <tenantId isNull="true" />
                    <parameterMappingId>2054.c03ff246-8bfd-4e83-be41-129e4107b098</parameterMappingId>
                    <processParameterId>2055.11391215-ee87-49c9-8a15-156dbe23ab78</processParameterId>
                    <parameterMappingParentId>3007.a138b8eb-a155-4772-875c-7f622deebee7</parameterMappingParentId>
                    <useDefault>false</useDefault>
                    <value>tw.local.simulatedError</value>
                    <classRef>556939fc-1d6d-4204-9546-c095a59cca29/12.db884a3c-c533-44b7-bb2d-47bec8ad4022</classRef>
                    <isList>false</isList>
                    <isInput>true</isInput>
                    <mappingMode isNull="true" />
                    <sourcePath isNull="true" />
                    <targetPath isNull="true" />
                    <guid>b6b52783-4406-4110-93cc-5571c587494b</guid>
                    <versionId>fc840c7d-fde2-4c08-aed2-abe4df48ec0a</versionId>
                    <description isNull="true" />
                </parameterMapping>
            </TWComponent>
        </item>
        <item>
            <lastModified isNull="true" />
            <lastModifiedBy isNull="true" />
            <tenantId isNull="true" />
            <processItemId>2025.015685ff-f47d-4411-97e4-400aec68b842</processItemId>
            <processId>1.2d5d3b0b-81d5-48c7-b6d6-2bf49d024004</processId>
            <name>End</name>
            <tWComponentName>ExitPoint</tWComponentName>
            <tWComponentId>3008.45518d56-f2fa-477a-b8c6-4ae59f2ef067</tWComponentId>
            <isLogEnabled>false</isLogEnabled>
            <isTraceEnabled>false</isTraceEnabled>
            <traceCategory isNull="true" />
            <traceLevel isNull="true" />
            <traceMessage isNull="true" />
            <traceSymbolTable isNull="true" />
            <isExecutionContextTraced>false</isExecutionContextTraced>
            <saveExecutionContext>true</saveExecutionContext>
            <documentation isNull="true" />
            <isErrorHandlerEnabled>false</isErrorHandlerEnabled>
            <errorHandlerItemId isNull="true" />
            <guid>guid:48239dc106dcc492:-b22ea1a:165ab3b2634:-7fb0</guid>
            <versionId>082b3fc0-ba91-4578-ac7c-7c335c0a919f</versionId>
            <externalServiceRef isNull="true" />
            <externalServiceOp isNull="true" />
            <nodeColor isNull="true" />
            <layoutData x="598" y="243">
                <errorLink>
                    <controlPoints />
                    <showEndState>false</showEndState>
                    <showName>false</showName>
                </errorLink>
            </layoutData>
            <TWComponent>
                <lastModified isNull="true" />
                <lastModifiedBy isNull="true" />
                <tenantId isNull="true" />
                <exitPointId>3008.45518d56-f2fa-477a-b8c6-4ae59f2ef067</exitPointId>
                <haltProcess>false</haltProcess>
                <guid>0df2c1ea-daa9-4fb4-bcf4-b5fc080290ca</guid>
                <versionId>cedee768-447a-49b7-b257-badbd21a71a7</versionId>
            </TWComponent>
        </item>
        <item>
            <lastModified isNull="true" />
            <lastModifiedBy isNull="true" />
            <tenantId isNull="true" />
            <processItemId>2025.03b181a2-5d8e-47aa-acda-90447d52edf8</processItemId>
            <processId>1.2d5d3b0b-81d5-48c7-b6d6-2bf49d024004</processId>
            <name>Random Data Logic</name>
            <tWComponentName>Script</tWComponentName>
            <tWComponentId>3011.218d1555-e257-45cc-b61b-6629eae2c2fa</tWComponentId>
            <isLogEnabled>false</isLogEnabled>
            <isTraceEnabled>false</isTraceEnabled>
            <traceCategory isNull="true" />
            <traceLevel isNull="true" />
            <traceMessage isNull="true" />
            <traceSymbolTable isNull="true" />
            <isExecutionContextTraced>false</isExecutionContextTraced>
            <saveExecutionContext>false</saveExecutionContext>
            <documentation isNull="true" />
            <isErrorHandlerEnabled>false</isErrorHandlerEnabled>
            <errorHandlerItemId isNull="true" />
            <guid>guid:48239dc106dcc492:-b22ea1a:165ab3b2634:-7fb1</guid>
            <versionId>8967f1a4-124e-450d-b2d8-9ee1ea868885</versionId>
            <externalServiceRef isNull="true" />
            <externalServiceOp isNull="true" />
            <nodeColor isNull="true" />
            <layoutData x="386" y="118">
                <errorLink>
                    <controlPoints />
                    <showEndState>false</showEndState>
                    <showName>false</showName>
                </errorLink>
            </layoutData>
            <TWComponent>
                <lastModified isNull="true" />
                <lastModifiedBy isNull="true" />
                <tenantId isNull="true" />
                <scriptId>3011.218d1555-e257-45cc-b61b-6629eae2c2fa</scriptId>
                <scriptTypeId>2</scriptTypeId>
                <isActive>true</isActive>
                <script>//log.error("*** Input: " + tw.local.input);
//java.lang.Thread.sleep(500); //Simulate latency so we have a chance to see the refresh button spin :)

tw.local.dataSeries = new tw.object.DataSeries();

tw.local.dataSeries.seriesName = "Sample";
tw.local.dataSeries.dataPoints = new tw.object.listOf.DataPoint();

var i = 0;

tw.local.dataSeries.dataPoints[i] = new tw.object.DataPoint();
tw.local.dataSeries.dataPoints[i].value = Math.floor(10 * Math.random());
tw.local.dataSeries.dataPoints[i].label = "Category " + i;
i++;
tw.local.dataSeries.dataPoints[i] = new tw.object.DataPoint();
tw.local.dataSeries.dataPoints[i].value = 3;
tw.local.dataSeries.dataPoints[i].label = "Category " + i;
i++;
tw.local.dataSeries.dataPoints[i] = new tw.object.DataPoint();
tw.local.dataSeries.dataPoints[i].value = Math.floor(35 * Math.random());
tw.local.dataSeries.dataPoints[i].label = "Category " + i;
i++;
tw.local.dataSeries.dataPoints[i] = new tw.object.DataPoint();
tw.local.dataSeries.dataPoints[i].value = 23;
tw.local.dataSeries.dataPoints[i].label = "Category " + i;
i++;
tw.local.dataSeries.dataPoints[i] = new tw.object.DataPoint();
tw.local.dataSeries.dataPoints[i].value = 18;
tw.local.dataSeries.dataPoints[i].label = "Category " + i;
i++;
</script>
                <isRule>false</isRule>
                <guid>61174b60-1d59-4ca6-97a7-776a3d43ccce</guid>
                <versionId>c48ed085-a018-448a-9af0-01a84ea39e3d</versionId>
            </TWComponent>
        </item>
        <item>
            <lastModified isNull="true" />
            <lastModifiedBy isNull="true" />
            <tenantId isNull="true" />
            <processItemId>2025.c3e51622-3778-4793-a0d8-d716a0f43590</processItemId>
            <processId>1.2d5d3b0b-81d5-48c7-b6d6-2bf49d024004</processId>
            <name>Behavior</name>
            <tWComponentName>Switch</tWComponentName>
            <tWComponentId>3013.fe1e7d4c-8065-4bb0-b738-1d9ee5f3b057</tWComponentId>
            <isLogEnabled>false</isLogEnabled>
            <isTraceEnabled>false</isTraceEnabled>
            <traceCategory isNull="true" />
            <traceLevel isNull="true" />
            <traceMessage isNull="true" />
            <traceSymbolTable isNull="true" />
            <isExecutionContextTraced>false</isExecutionContextTraced>
            <saveExecutionContext>false</saveExecutionContext>
            <documentation isNull="true" />
            <isErrorHandlerEnabled>false</isErrorHandlerEnabled>
            <errorHandlerItemId isNull="true" />
            <guid>guid:48239dc106dcc492:-b22ea1a:165ab3b2634:-7fb3</guid>
            <versionId>fa8b4c75-3a86-42a5-85be-84e64bbfe787</versionId>
            <externalServiceRef isNull="true" />
            <externalServiceOp isNull="true" />
            <nodeColor isNull="true" />
            <layoutData x="204" y="131">
                <errorLink>
                    <controlPoints />
                    <showEndState>false</showEndState>
                    <showName>false</showName>
                </errorLink>
            </layoutData>
            <TWComponent>
                <lastModified isNull="true" />
                <lastModifiedBy isNull="true" />
                <tenantId isNull="true" />
                <switchId>3013.fe1e7d4c-8065-4bb0-b738-1d9ee5f3b057</switchId>
                <guid>91ffa407-eb99-4a55-9635-91e31ab0bac1</guid>
                <versionId>401eed3e-fdfd-4548-b67a-4aef4b6c807a</versionId>
                <SwitchCondition>
                    <lastModified isNull="true" />
                    <lastModifiedBy isNull="true" />
                    <tenantId isNull="true" />
                    <switchConditionId>3014.dbe356f7-285b-430d-9a47-3f3b4e3b15af</switchConditionId>
                    <switchId>3013.fe1e7d4c-8065-4bb0-b738-1d9ee5f3b057</switchId>
                    <seq>1</seq>
                    <endStateId>guid:daa1490d48ed741c:-252326b8:165ab673b17:-7fb4</endStateId>
                    <condition>tw.local.input == "ERROR"</condition>
                    <guid>7dcf88b1-ba8f-487b-8eb6-9a3696fe9cc4</guid>
                    <versionId>9f9195aa-8a21-40ce-9690-e79f296e0568</versionId>
                </SwitchCondition>
                <SwitchCondition>
                    <lastModified isNull="true" />
                    <lastModifiedBy isNull="true" />
                    <tenantId isNull="true" />
                    <switchConditionId>3014.28a36bae-c4ea-4a01-b422-b069bb3e5369</switchConditionId>
                    <switchId>3013.fe1e7d4c-8065-4bb0-b738-1d9ee5f3b057</switchId>
                    <seq>2</seq>
                    <endStateId>guid:daa1490d48ed741c:-252326b8:165ab673b17:-7fb3</endStateId>
                    <condition>tw.local.input == "EMPTY"</condition>
                    <guid>f4e7907c-10e0-4890-9f80-1c0ed7fb68f7</guid>
                    <versionId>5d3182a4-b71c-4bdb-942e-54f2500b970e</versionId>
                </SwitchCondition>
            </TWComponent>
        </item>
        <startingProcessItemId>2025.c3e51622-3778-4793-a0d8-d716a0f43590</startingProcessItemId>
        <errorHandlerItemId isNull="true" />
        <layoutData noConversion="true">
            <errorLink>
                <controlPoints />
                <showEndState>false</showEndState>
                <showName>false</showName>
            </errorLink>
        </layoutData>
        <startPoint>
            <layoutData x="81" y="134">
                <errorLink>
                    <controlPoints />
                    <showEndState>false</showEndState>
                    <showName>false</showName>
                </errorLink>
            </layoutData>
        </startPoint>
        <startLink>
            <fromPort locationId="rightCenter" portType="1" />
            <toPort locationId="leftCenter" portType="2" />
            <layoutData>
                <controlPoints />
                <showEndState>false</showEndState>
                <showName>false</showName>
            </layoutData>
        </startLink>
        <bpmn2Model>
            <ns17:definitions xmlns:ns17="http://www.omg.org/spec/BPMN/20100524/MODEL" xmlns:ns2="http://www.ibm.com/xmlns/prod/bpm/bpmn/ext/process" xmlns:ns3="http://www.ibm.com/xmlns/prod/bpm/bpmn/ext/process/wle" xmlns:ns4="http://www.ibm.com/xmlns/prod/bpm/bpmn/ext/process/case" xmlns:ns5="http://www.ibm.com/bpm/Extensions" xmlns:ns6="http://www.ibm.com/xmlns/prod/bpm/uca" xmlns:ns7="http://www.ibm.com/xmlns/prod/bpm/bpmn/ext/trackinggroup" xmlns:ns8="http://www.ibm.com/xmlns/prod/bpm/bpmn/ext/team" xmlns:ns9="http://www.ibm.com/xmlns/bpmnx/20100524/v1/BusinessVocabulary" xmlns:ns10="http://www.omg.org/spec/DD/20100524/DI" xmlns:ns11="http://www.omg.org/spec/DD/20100524/DC" xmlns:ns12="http://www.omg.org/spec/BPMN/20100524/BPMNDI" xmlns:ns13="http://www.ibm.com/xmlns/prod/bpm/graph" xmlns:ns14="http://www.ibm.com/xmlns/prod/bpm/bpmn/ext/process/auth" xmlns:ns15="http://www.ibm.com/xmlns/prod/bpm/bpmn/ext/extservice" xmlns:ns16="http://www.ibm.com/xmlns/links" xmlns:ns18="http://www.ibm.com/bpm/CoachDesignerNG" xmlns:ns19="http://www.ibm.com/xmlns/tagging" xmlns:ns20="http://www.ibm.com/bpm/uitheme" xmlns:ns21="http://www.ibm.com/bpm/coachview" id="1.2d5d3b0b-81d5-48c7-b6d6-2bf49d024004" targetNamespace="" expressionLanguage="http://www.ibm.com/xmlns/prod/bpm/expression-lang/javascript">
                
                
                <ns17:process name="Default Chart Single Data Series Service 2" id="1.2d5d3b0b-81d5-48c7-b6d6-2bf49d024004">
                    
                    
                    <ns17:documentation />
                    
                    
                    <ns17:extensionElements>
                        
                        
                        <ns2:isConvertedServiceFlow>true</ns2:isConvertedServiceFlow>
                        
                        
                        <ns2:isSecured>false</ns2:isSecured>
                        
                        
                        <ns2:isAjaxExposed>true</ns2:isAjaxExposed>
                        
                        
                        <ns3:cacheResults>false</ns3:cacheResults>
                        
                        
                        <ns2:cachingType>false</ns2:cachingType>
                        
                        
                        <ns2:cacheLength>43200</ns2:cacheLength>
                        
                        
                        <ns2:sboSyncEnabled>false</ns2:sboSyncEnabled>
                        
                    
                    </ns17:extensionElements>
                    
                    
                    <ns17:ioSpecification>
                        
                        
                        <ns17:extensionElements>
                            
                            
                            <ns17:error name="simulatedErrorCode" errorCode="simulatedErrorCode" structureRef="itm.12.db884a3c-c533-44b7-bb2d-47bec8ad4022" id="2055.11391215-ee87-49c9-8a15-156dbe23ab78" />
                            
                        
                        </ns17:extensionElements>
                        
                        
                        <ns17:dataInput name="input" itemSubjectRef="itm.12.c09c9b6e-aabd-4897-bef2-ed61db106297" isCollection="false" id="2055.30330284-43c2-40bc-95bc-363ce77e42ff">
                            
                            
                            <ns17:extensionElements>
                                
                                
                                <ns2:defaultValue useDefault="true">"RANDOM"</ns2:defaultValue>
                                
                            
                            </ns17:extensionElements>
                            
                        
                        </ns17:dataInput>
                        
                        
                        <ns17:dataInput name="drillDownStack" itemSubjectRef="itm.12.a2c20ada-cdaa-4883-bc96-3ca7a3a27e6b" isCollection="true" id="2055.6013fe94-956b-4199-b393-cddc6c6e1eee">
                            
                            
                            <ns17:extensionElements>
                                
                                
                                <ns2:defaultValue useDefault="false" />
                                
                            
                            </ns17:extensionElements>
                            
                        
                        </ns17:dataInput>
                        
                        
                        <ns17:dataOutput name="dataSeries" itemSubjectRef="itm.12.63a604e8-e026-4605-aae1-272b67822cc7" isCollection="false" id="2055.ede23505-8bd3-46b8-b132-f73ebed32511" />
                        
                        
                        <ns17:dataOutput name="drillDownStack" itemSubjectRef="itm.12.a2c20ada-cdaa-4883-bc96-3ca7a3a27e6b" isCollection="true" id="2055.34e8b9d2-b2b5-4446-99eb-c67e9dafe04f" />
                        
                        
                        <ns17:dataOutput name="availableForDrillDown" itemSubjectRef="itm.12.a2c20ada-cdaa-4883-bc96-3ca7a3a27e6b" isCollection="true" id="2055.613f312d-ae66-46f7-8bbf-c829e1d05b02" />
                        
                        
                        <ns17:inputSet>
                            
                            
                            <ns17:dataInputRefs>2055.30330284-43c2-40bc-95bc-363ce77e42ff</ns17:dataInputRefs>
                            
                            
                            <ns17:dataInputRefs>2055.6013fe94-956b-4199-b393-cddc6c6e1eee</ns17:dataInputRefs>
                            
                        
                        </ns17:inputSet>
                        
                        
                        <ns17:outputSet>
                            
                            
                            <ns17:dataOutputRefs>2055.ede23505-8bd3-46b8-b132-f73ebed32511</ns17:dataOutputRefs>
                            
                            
                            <ns17:dataOutputRefs>2055.34e8b9d2-b2b5-4446-99eb-c67e9dafe04f</ns17:dataOutputRefs>
                            
                            
                            <ns17:dataOutputRefs>2055.613f312d-ae66-46f7-8bbf-c829e1d05b02</ns17:dataOutputRefs>
                            
                        
                        </ns17:outputSet>
                        
                    
                    </ns17:ioSpecification>
                    
                    
                    <ns17:laneSet id="3baec1ab-9123-4004-8862-cda01c9f6f85">
                        
                        
                        <ns17:lane name="System" partitionElementRef="24.6fd38d02-81cf-48ab-bd42-8ff4c0a1628b" id="46836b92-8a37-4399-9e19-c4591c927122" ns3:isSystemLane="true">
                            
                            
                            <ns17:extensionElements>
                                
                                
                                <ns13:nodeVisualInfo x="0" y="0" width="3000" height="500" color="#F8F8F8" />
                                
                            
                            </ns17:extensionElements>
                            
                            
                            <ns17:flowNodeRef>Start_1.2d5d3b0b-81d5-48c7-b6d6-2bf49d024004</ns17:flowNodeRef>
                            
                            
                            <ns17:flowNodeRef>2025.015685ff-f47d-4411-97e4-400aec68b842</ns17:flowNodeRef>
                            
                            
                            <ns17:flowNodeRef>2025.03b181a2-5d8e-47aa-acda-90447d52edf8</ns17:flowNodeRef>
                            
                            
                            <ns17:flowNodeRef>2025.172cba34-a8f9-4d2c-86e6-01b65f9e31cf</ns17:flowNodeRef>
                            
                            
                            <ns17:flowNodeRef>2025.c3e51622-3778-4793-a0d8-d716a0f43590</ns17:flowNodeRef>
                            
                            
                            <ns17:flowNodeRef>2025.d92d7ef8-62ab-4fa5-b0c3-73493f24ddce</ns17:flowNodeRef>
                            
                        
                        </ns17:lane>
                        
                    
                    </ns17:laneSet>
                    
                    
                    <ns17:startEvent name="Start" id="Start_1.2d5d3b0b-81d5-48c7-b6d6-2bf49d024004">
                        
                        
                        <ns17:extensionElements>
                            
                            
                            <ns13:nodeVisualInfo x="81" y="134" width="24" height="24" />
                            
                        
                        </ns17:extensionElements>
                        
                        
                        <ns17:outgoing>StartLink_1.2d5d3b0b-81d5-48c7-b6d6-2bf49d024004</ns17:outgoing>
                        
                    
                    </ns17:startEvent>
                    
                    
                    <ns17:endEvent name="End" id="2025.015685ff-f47d-4411-97e4-400aec68b842">
                        
                        
                        <ns17:documentation />
                        
                        
                        <ns17:extensionElements>
                            
                            
                            <ns2:endStateId>guid:48239dc106dcc492:-b22ea1a:165ab3b2634:-7fb0</ns2:endStateId>
                            
                            
                            <ns3:saveExecutionContext>true</ns3:saveExecutionContext>
                            
                            
                            <ns2:preAssignmentScript xmlns:xsi="http://www.w3.org/2001/XMLSchema-instance" xsi:nil="true" />
                            
                            
                            <ns2:postAssignmentScript xmlns:xsi="http://www.w3.org/2001/XMLSchema-instance" xsi:nil="true" />
                            
                            
                            <ns13:nodeVisualInfo x="598" y="243" width="24" height="24" />
                            
                        
                        </ns17:extensionElements>
                        
                        
                        <ns17:incoming>2027.31e36113-5a82-4df7-bcb7-e1c24fc0cdf5</ns17:incoming>
                        
                        
                        <ns17:incoming>2027.af8b2ab3-dcf6-49d2-aca8-eabb88aba736</ns17:incoming>
                        
                    
                    </ns17:endEvent>
                    
                    
                    <ns17:scriptTask scriptFormat="text/x-javascript" name="Random Data Logic" id="2025.03b181a2-5d8e-47aa-acda-90447d52edf8">
                        
                        
                        <ns17:documentation />
                        
                        
                        <ns17:extensionElements>
                            
                            
                            <ns2:preAssignmentScript xmlns:xsi="http://www.w3.org/2001/XMLSchema-instance" xsi:nil="true" />
                            
                            
                            <ns2:postAssignmentScript xmlns:xsi="http://www.w3.org/2001/XMLSchema-instance" xsi:nil="true" />
                            
                            
                            <ns13:nodeVisualInfo x="386" y="118" width="95" height="70" />
                            
                        
                        </ns17:extensionElements>
                        
                        
                        <ns17:incoming>2027.8ed85f3a-8b9f-47e2-a631-55306fe62e47</ns17:incoming>
                        
                        
                        <ns17:outgoing>2027.31e36113-5a82-4df7-bcb7-e1c24fc0cdf5</ns17:outgoing>
                        
                        
                        <ns17:script>//log.error("*** Input: " + tw.local.input);
//java.lang.Thread.sleep(500); //Simulate latency so we have a chance to see the refresh button spin :)

tw.local.dataSeries = new tw.object.DataSeries();

tw.local.dataSeries.seriesName = "Sample";
tw.local.dataSeries.dataPoints = new tw.object.listOf.DataPoint();

var i = 0;

tw.local.dataSeries.dataPoints[i] = new tw.object.DataPoint();
tw.local.dataSeries.dataPoints[i].value = Math.floor(10 * Math.random());
tw.local.dataSeries.dataPoints[i].label = "Category " + i;
i++;
tw.local.dataSeries.dataPoints[i] = new tw.object.DataPoint();
tw.local.dataSeries.dataPoints[i].value = 3;
tw.local.dataSeries.dataPoints[i].label = "Category " + i;
i++;
tw.local.dataSeries.dataPoints[i] = new tw.object.DataPoint();
tw.local.dataSeries.dataPoints[i].value = Math.floor(35 * Math.random());
tw.local.dataSeries.dataPoints[i].label = "Category " + i;
i++;
tw.local.dataSeries.dataPoints[i] = new tw.object.DataPoint();
tw.local.dataSeries.dataPoints[i].value = 23;
tw.local.dataSeries.dataPoints[i].label = "Category " + i;
i++;
tw.local.dataSeries.dataPoints[i] = new tw.object.DataPoint();
tw.local.dataSeries.dataPoints[i].value = 18;
tw.local.dataSeries.dataPoints[i].label = "Category " + i;
i++;
</ns17:script>
                        
                    
                    </ns17:scriptTask>
                    
                    
                    <ns17:endEvent name="Error" id="2025.172cba34-a8f9-4d2c-86e6-01b65f9e31cf">
                        
                        
                        <ns17:documentation />
                        
                        
                        <ns17:extensionElements>
                            
                            
                            <ns2:preAssignmentScript xmlns:xsi="http://www.w3.org/2001/XMLSchema-instance" xsi:nil="true" />
                            
                            
                            <ns2:postAssignmentScript xmlns:xsi="http://www.w3.org/2001/XMLSchema-instance" xsi:nil="true" />
                            
                            
                            <ns13:nodeVisualInfo x="408" y="32" width="24" height="24" />
                            
                        
                        </ns17:extensionElements>
                        
                        
                        <ns17:incoming>2027.fb047938-7168-4da2-bb23-b08976fe0c64</ns17:incoming>
                        
                        
                        <ns17:dataInputAssociation>
                            
                            
                            <ns17:assignment>
                                
                                
                                <ns17:from xmlns:xsi="http://www.w3.org/2001/XMLSchema-instance" xsi:type="ns17:tFormalExpression" evaluatesToTypeRef="itm.12.db884a3c-c533-44b7-bb2d-47bec8ad4022">tw.local.simulatedError</ns17:from>
                                
                            
                            </ns17:assignment>
                            
                        
                        </ns17:dataInputAssociation>
                        
                        
                        <ns17:errorEventDefinition id="c3f9d889-0720-48df-9cf6-ef3c0bd155b0">
                            
                            
                            <ns17:extensionElements>
                                
                                
                                <ns3:errorEventSettings>
                                    
                                    
                                    <ns3:catchAll>true</ns3:catchAll>
                                    
                                    
                                    <ns3:errorCode>simulatedErrorCode</ns3:errorCode>
                                    
                                
                                </ns3:errorEventSettings>
                                
                            
                            </ns17:extensionElements>
                            
                        
                        </ns17:errorEventDefinition>
                        
                    
                    </ns17:endEvent>
                    
                    
                    <ns17:exclusiveGateway default="2027.8ed85f3a-8b9f-47e2-a631-55306fe62e47" name="Behavior" id="2025.c3e51622-3778-4793-a0d8-d716a0f43590">
                        
                        
                        <ns17:documentation />
                        
                        
                        <ns17:extensionElements>
                            
                            
                            <ns2:preAssignmentScript xmlns:xsi="http://www.w3.org/2001/XMLSchema-instance" xsi:nil="true" />
                            
                            
                            <ns2:postAssignmentScript xmlns:xsi="http://www.w3.org/2001/XMLSchema-instance" xsi:nil="true" />
                            
                            
                            <ns13:nodeVisualInfo x="204" y="131" width="32" height="32" />
                            
                        
                        </ns17:extensionElements>
                        
                        
                        <ns17:incoming>StartLink_1.2d5d3b0b-81d5-48c7-b6d6-2bf49d024004</ns17:incoming>
                        
                        
                        <ns17:outgoing>2027.8ed85f3a-8b9f-47e2-a631-55306fe62e47</ns17:outgoing>
                        
                        
                        <ns17:outgoing>2027.fb047938-7168-4da2-bb23-b08976fe0c64</ns17:outgoing>
                        
                        
                        <ns17:outgoing>2027.dae769c9-5be2-4ec8-9bee-2867ab48caef</ns17:outgoing>
                        
                    
                    </ns17:exclusiveGateway>
                    
                    
                    <ns17:scriptTask scriptFormat="text/x-javascript" name="Empty Data Logic" id="2025.d92d7ef8-62ab-4fa5-b0c3-73493f24ddce">
                        
                        
                        <ns17:documentation />
                        
                        
                        <ns17:extensionElements>
                            
                            
                            <ns2:preAssignmentScript xmlns:xsi="http://www.w3.org/2001/XMLSchema-instance" xsi:nil="true" />
                            
                            
                            <ns2:postAssignmentScript xmlns:xsi="http://www.w3.org/2001/XMLSchema-instance" xsi:nil="true" />
                            
                            
                            <ns13:nodeVisualInfo x="385" y="228" width="95" height="70" />
                            
                        
                        </ns17:extensionElements>
                        
                        
                        <ns17:incoming>2027.dae769c9-5be2-4ec8-9bee-2867ab48caef</ns17:incoming>
                        
                        
                        <ns17:outgoing>2027.af8b2ab3-dcf6-49d2-aca8-eabb88aba736</ns17:outgoing>
                        
                        
                        <ns17:script>tw.local.dataSeries = new tw.object.DataSeries();</ns17:script>
                        
                    
                    </ns17:scriptTask>
                    
                    
                    <ns17:sequenceFlow sourceRef="Start_1.2d5d3b0b-81d5-48c7-b6d6-2bf49d024004" targetRef="2025.c3e51622-3778-4793-a0d8-d716a0f43590" name="" id="StartLink_1.2d5d3b0b-81d5-48c7-b6d6-2bf49d024004">
                        
                        
                        <ns17:extensionElements>
                            
                            
                            <ns13:linkVisualInfo>
                                
                                
                                <ns13:sourcePortLocation>rightCenter</ns13:sourcePortLocation>
                                
                                
                                <ns13:targetPortLocation>leftCenter</ns13:targetPortLocation>
                                
                                
                                <ns13:showLabel>false</ns13:showLabel>
                                
                                
                                <ns13:showCoachControlLabel>false</ns13:showCoachControlLabel>
                                
                                
                                <ns13:labelPosition>0.0</ns13:labelPosition>
                                
                                
                                <ns13:saveExecutionContext>false</ns13:saveExecutionContext>
                                
                            
                            </ns13:linkVisualInfo>
                            
                        
                        </ns17:extensionElements>
                        
                    
                    </ns17:sequenceFlow>
                    
                    
                    <ns17:sequenceFlow sourceRef="2025.03b181a2-5d8e-47aa-acda-90447d52edf8" targetRef="2025.015685ff-f47d-4411-97e4-400aec68b842" name="Untitled" id="2027.31e36113-5a82-4df7-bcb7-e1c24fc0cdf5">
                        
                        
                        <ns17:extensionElements>
                            
                            
                            <ns13:linkVisualInfo>
                                
                                
                                <ns13:sourcePortLocation>rightCenter</ns13:sourcePortLocation>
                                
                                
                                <ns13:targetPortLocation>topCenter</ns13:targetPortLocation>
                                
                                
                                <ns13:showLabel>false</ns13:showLabel>
                                
                                
                                <ns13:showCoachControlLabel>false</ns13:showCoachControlLabel>
                                
                                
                                <ns13:labelPosition>0.0</ns13:labelPosition>
                                
                                
                                <ns13:saveExecutionContext>false</ns13:saveExecutionContext>
                                
                            
                            </ns13:linkVisualInfo>
                            
                        
                        </ns17:extensionElements>
                        
                    
                    </ns17:sequenceFlow>
                    
                    
                    <ns17:sequenceFlow sourceRef="2025.c3e51622-3778-4793-a0d8-d716a0f43590" targetRef="2025.03b181a2-5d8e-47aa-acda-90447d52edf8" name="Random Data" id="2027.8ed85f3a-8b9f-47e2-a631-55306fe62e47">
                        
                        
                        <ns17:extensionElements>
                            
                            
                            <ns13:linkVisualInfo>
                                
                                
                                <ns13:sourcePortLocation>rightCenter</ns13:sourcePortLocation>
                                
                                
                                <ns13:targetPortLocation>leftCenter</ns13:targetPortLocation>
                                
                                
                                <ns13:showLabel>true</ns13:showLabel>
                                
                                
                                <ns13:showCoachControlLabel>false</ns13:showCoachControlLabel>
                                
                                
                                <ns13:labelPosition>0.0</ns13:labelPosition>
                                
                                
                                <ns13:saveExecutionContext>false</ns13:saveExecutionContext>
                                
                            
                            </ns13:linkVisualInfo>
                            
                        
                        </ns17:extensionElements>
                        
                    
                    </ns17:sequenceFlow>
                    
                    
                    <ns17:sequenceFlow sourceRef="2025.d92d7ef8-62ab-4fa5-b0c3-73493f24ddce" targetRef="2025.015685ff-f47d-4411-97e4-400aec68b842" name="Untitled" id="2027.af8b2ab3-dcf6-49d2-aca8-eabb88aba736">
                        
                        
                        <ns17:extensionElements>
                            
                            
                            <ns13:linkVisualInfo>
                                
                                
                                <ns13:sourcePortLocation>rightCenter</ns13:sourcePortLocation>
                                
                                
                                <ns13:targetPortLocation>leftCenter</ns13:targetPortLocation>
                                
                                
                                <ns13:showLabel>false</ns13:showLabel>
                                
                                
                                <ns13:showCoachControlLabel>false</ns13:showCoachControlLabel>
                                
                                
                                <ns13:labelPosition>0.0</ns13:labelPosition>
                                
                                
                                <ns13:saveExecutionContext>false</ns13:saveExecutionContext>
                                
                            
                            </ns13:linkVisualInfo>
                            
                        
                        </ns17:extensionElements>
                        
                    
                    </ns17:sequenceFlow>
                    
                    
                    <ns17:sequenceFlow sourceRef="2025.c3e51622-3778-4793-a0d8-d716a0f43590" targetRef="2025.d92d7ef8-62ab-4fa5-b0c3-73493f24ddce" name="Empty Data" id="2027.dae769c9-5be2-4ec8-9bee-2867ab48caef">
                        
                        
                        <ns17:extensionElements>
                            
                            
                            <ns13:linkVisualInfo>
                                
                                
                                <ns13:sourcePortLocation>bottomCenter</ns13:sourcePortLocation>
                                
                                
                                <ns13:targetPortLocation>leftCenter</ns13:targetPortLocation>
                                
                                
                                <ns13:showLabel>true</ns13:showLabel>
                                
                                
                                <ns13:showCoachControlLabel>false</ns13:showCoachControlLabel>
                                
                                
                                <ns13:labelPosition>0.0</ns13:labelPosition>
                                
                                
                                <ns13:saveExecutionContext>false</ns13:saveExecutionContext>
                                
                            
                            </ns13:linkVisualInfo>
                            
                        
                        </ns17:extensionElements>
                        
                        
                        <ns17:conditionExpression xmlns:xsi="http://www.w3.org/2001/XMLSchema-instance" xsi:type="ns17:tFormalExpression">tw.local.input == "EMPTY"</ns17:conditionExpression>
                        
                    
                    </ns17:sequenceFlow>
                    
                    
                    <ns17:sequenceFlow sourceRef="2025.c3e51622-3778-4793-a0d8-d716a0f43590" targetRef="2025.172cba34-a8f9-4d2c-86e6-01b65f9e31cf" name="Simulate Error" id="2027.fb047938-7168-4da2-bb23-b08976fe0c64">
                        
                        
                        <ns17:extensionElements>
                            
                            
                            <ns13:linkVisualInfo>
                                
                                
                                <ns13:sourcePortLocation>topCenter</ns13:sourcePortLocation>
                                
                                
                                <ns13:targetPortLocation>leftCenter</ns13:targetPortLocation>
                                
                                
                                <ns13:showLabel>true</ns13:showLabel>
                                
                                
                                <ns13:showCoachControlLabel>false</ns13:showCoachControlLabel>
                                
                                
                                <ns13:labelPosition>0.0</ns13:labelPosition>
                                
                                
                                <ns13:saveExecutionContext>false</ns13:saveExecutionContext>
                                
                            
                            </ns13:linkVisualInfo>
                            
                        
                        </ns17:extensionElements>
                        
                        
                        <ns17:conditionExpression xmlns:xsi="http://www.w3.org/2001/XMLSchema-instance" xsi:type="ns17:tFormalExpression">tw.local.input == "ERROR"</ns17:conditionExpression>
                        
                    
                    </ns17:sequenceFlow>
                    
                    
                    <ns17:dataObject itemSubjectRef="itm.12.db884a3c-c533-44b7-bb2d-47bec8ad4022" isCollection="false" name="xml" id="2056.32796255-957c-4089-93f7-5953527e52c0">
                        
                        
                        <ns17:extensionElements>
                            
                            
                            <ns2:defaultValue useDefault="false" />
                            
                        
                        </ns17:extensionElements>
                        
                    
                    </ns17:dataObject>
                    
                    
                    <ns17:dataObject itemSubjectRef="itm.12.db884a3c-c533-44b7-bb2d-47bec8ad4022" isCollection="false" name="simulatedError" id="2056.72c3a705-cd20-41b2-921e-b1ca4c7182d1">
                        
                        
                        <ns17:extensionElements>
                            
                            
                            <ns2:defaultValue useDefault="true">"Simulated Error..."</ns2:defaultValue>
                            
                        
                        </ns17:extensionElements>
                        
                    
                    </ns17:dataObject>
                    
                    
                    <ns17:dataObject itemSubjectRef="itm.12.db884a3c-c533-44b7-bb2d-47bec8ad4022" isCollection="false" name="simulatedErrorCode" id="2056.40aafb51-4acd-415f-9230-229616557e10">
                        
                        
                        <ns17:extensionElements>
                            
                            
                            <ns2:defaultValue useDefault="true">"999"</ns2:defaultValue>
                            
                        
                        </ns17:extensionElements>
                        
                    
                    </ns17:dataObject>
                    
                
                </ns17:process>
                
            
            </ns17:definitions>
        </bpmn2Model>
        <link name="Empty Data">
            <lastModified isNull="true" />
            <lastModifiedBy isNull="true" />
            <tenantId isNull="true" />
            <processLinkId>2027.dae769c9-5be2-4ec8-9bee-2867ab48caef</processLinkId>
            <processId>1.2d5d3b0b-81d5-48c7-b6d6-2bf49d024004</processId>
            <description isNull="true" />
            <fromProcessItemId>2025.c3e51622-3778-4793-a0d8-d716a0f43590</fromProcessItemId>
            <endStateId>guid:daa1490d48ed741c:-252326b8:165ab673b17:-7fb3</endStateId>
            <toProcessItemId>2025.d92d7ef8-62ab-4fa5-b0c3-73493f24ddce</toProcessItemId>
            <guid>39968c9d-4871-48e6-bdbe-d69020b227e4</guid>
            <versionId>937c1ed8-3090-49be-8185-52d3b0430cf9</versionId>
            <layoutData>
                <controlPoints />
                <showEndState>false</showEndState>
                <showName>true</showName>
            </layoutData>
            <fromItemPort locationId="bottomCenter" portType="1" />
            <toItemPort locationId="leftCenter" portType="2" />
            <fromProcessItemId>2025.c3e51622-3778-4793-a0d8-d716a0f43590</fromProcessItemId>
            <toProcessItemId>2025.d92d7ef8-62ab-4fa5-b0c3-73493f24ddce</toProcessItemId>
        </link>
        <link name="Untitled">
            <lastModified isNull="true" />
            <lastModifiedBy isNull="true" />
            <tenantId isNull="true" />
            <processLinkId>2027.af8b2ab3-dcf6-49d2-aca8-eabb88aba736</processLinkId>
            <processId>1.2d5d3b0b-81d5-48c7-b6d6-2bf49d024004</processId>
            <description isNull="true" />
            <fromProcessItemId>2025.d92d7ef8-62ab-4fa5-b0c3-73493f24ddce</fromProcessItemId>
            <endStateId>Out</endStateId>
            <toProcessItemId>2025.015685ff-f47d-4411-97e4-400aec68b842</toProcessItemId>
            <guid>02d9989a-3360-4820-a04b-dfa8d641cd8a</guid>
            <versionId>cb7459aa-0563-49f8-aec4-49dd8cbb85fb</versionId>
            <layoutData>
                <controlPoints />
                <showEndState>false</showEndState>
                <showName>false</showName>
            </layoutData>
            <fromItemPort locationId="rightCenter" portType="1" />
            <toItemPort locationId="leftCenter" portType="2" />
            <fromProcessItemId>2025.d92d7ef8-62ab-4fa5-b0c3-73493f24ddce</fromProcessItemId>
            <toProcessItemId>2025.015685ff-f47d-4411-97e4-400aec68b842</toProcessItemId>
        </link>
        <link name="Simulate Error">
            <lastModified isNull="true" />
            <lastModifiedBy isNull="true" />
            <tenantId isNull="true" />
            <processLinkId>2027.fb047938-7168-4da2-bb23-b08976fe0c64</processLinkId>
            <processId>1.2d5d3b0b-81d5-48c7-b6d6-2bf49d024004</processId>
            <description isNull="true" />
            <fromProcessItemId>2025.c3e51622-3778-4793-a0d8-d716a0f43590</fromProcessItemId>
            <endStateId>guid:daa1490d48ed741c:-252326b8:165ab673b17:-7fb4</endStateId>
            <toProcessItemId>2025.172cba34-a8f9-4d2c-86e6-01b65f9e31cf</toProcessItemId>
            <guid>739f02f2-484a-47a9-a5c9-e08f4ccc32f3</guid>
            <versionId>5e928497-f05d-4120-9fe1-7c33281e8168</versionId>
            <layoutData>
                <controlPoints />
                <showEndState>false</showEndState>
                <showName>true</showName>
            </layoutData>
            <fromItemPort locationId="topCenter" portType="1" />
            <toItemPort locationId="leftCenter" portType="2" />
            <fromProcessItemId>2025.c3e51622-3778-4793-a0d8-d716a0f43590</fromProcessItemId>
            <toProcessItemId>2025.172cba34-a8f9-4d2c-86e6-01b65f9e31cf</toProcessItemId>
        </link>
        <link name="Untitled">
            <lastModified isNull="true" />
            <lastModifiedBy isNull="true" />
            <tenantId isNull="true" />
            <processLinkId>2027.31e36113-5a82-4df7-bcb7-e1c24fc0cdf5</processLinkId>
            <processId>1.2d5d3b0b-81d5-48c7-b6d6-2bf49d024004</processId>
            <description isNull="true" />
            <fromProcessItemId>2025.03b181a2-5d8e-47aa-acda-90447d52edf8</fromProcessItemId>
            <endStateId>Out</endStateId>
            <toProcessItemId>2025.015685ff-f47d-4411-97e4-400aec68b842</toProcessItemId>
            <guid>bbbfa704-7aae-4b02-bf8b-faa79d3dba30</guid>
            <versionId>d208c521-b22e-4e2e-9e9a-e98b6220a696</versionId>
            <layoutData>
                <controlPoints />
                <showEndState>false</showEndState>
                <showName>false</showName>
            </layoutData>
            <fromItemPort locationId="rightCenter" portType="1" />
            <toItemPort locationId="topCenter" portType="2" />
            <fromProcessItemId>2025.03b181a2-5d8e-47aa-acda-90447d52edf8</fromProcessItemId>
            <toProcessItemId>2025.015685ff-f47d-4411-97e4-400aec68b842</toProcessItemId>
        </link>
        <link name="Random Data">
            <lastModified isNull="true" />
            <lastModifiedBy isNull="true" />
            <tenantId isNull="true" />
            <processLinkId>2027.8ed85f3a-8b9f-47e2-a631-55306fe62e47</processLinkId>
            <processId>1.2d5d3b0b-81d5-48c7-b6d6-2bf49d024004</processId>
            <description isNull="true" />
            <fromProcessItemId>2025.c3e51622-3778-4793-a0d8-d716a0f43590</fromProcessItemId>
            <endStateId>DEFAULT</endStateId>
            <toProcessItemId>2025.03b181a2-5d8e-47aa-acda-90447d52edf8</toProcessItemId>
            <guid>ec193836-f1b5-42ea-837b-94bd5e3cefa2</guid>
            <versionId>fea0aa31-6b44-4388-b270-f447353eebf5</versionId>
            <layoutData>
                <controlPoints />
                <showEndState>false</showEndState>
                <showName>true</showName>
            </layoutData>
            <fromItemPort locationId="rightCenter" portType="1" />
            <toItemPort locationId="leftCenter" portType="2" />
            <fromProcessItemId>2025.c3e51622-3778-4793-a0d8-d716a0f43590</fromProcessItemId>
            <toProcessItemId>2025.03b181a2-5d8e-47aa-acda-90447d52edf8</toProcessItemId>
        </link>
    </process>
</teamworks>

