<?xml version="1.0" encoding="UTF-8"?>
<teamworks>
    <process id="1.8d8b02fa-b239-4f3c-9296-20b1546985e5" name="Default I18N Action">
        <lastModified>1535389921606</lastModified>
        <lastModifiedBy>tw_admin</lastModifiedBy>
        <tenantId isNull="true" />
        <processId>1.8d8b02fa-b239-4f3c-9296-20b1546985e5</processId>
        <image isNull="true" />
        <tabGroup isNull="true" />
        <startingProcessItemId>2025.575ff14f-92d2-47e2-8caa-0553994b6ce1</startingProcessItemId>
        <isRootProcess>false</isRootProcess>
        <processType>14</processType>
        <isErrorHandlerEnabled>false</isErrorHandlerEnabled>
        <errorHandlerItemId isNull="true" />
        <isLoggingVariables>false</isLoggingVariables>
        <isTransactional>false</isTransactional>
        <processTimingLevel isNull="true" />
        <participantRef isNull="true" />
        <exposedType>0</exposedType>
        <isTrackingEnabled>true</isTrackingEnabled>
        <xmlData isNull="true" />
        <cachingType>false</cachingType>
        <itemLabel isNull="true" />
        <cacheLength isNull="true" />
        <mobileReady>false</mobileReady>
        <sboSyncEnabled>true</sboSyncEnabled>
        <externalId isNull="true" />
        <isSecured>false</isSecured>
        <isAjaxExposed>false</isAjaxExposed>
        <isInvokedAsynchronously>false</isInvokedAsynchronously>
        <description isNull="true" />
        <guid>guid:31b4ebebabacd2d5:140b1c05:16515335af7:-68f0</guid>
        <versionId>008206d1-a4a9-4d59-9d5f-93c649e314f6</versionId>
        <dependencySummary isNull="true" />
        <jsonData>{"rootElement":[{"extensionElements":{"userTaskImplementation":[{"flowElement":[{"parallelMultiple":false,"outgoing":["2027.750860b4-7b58-4244-880e-296d3c80f997"],"isInterrupting":true,"extensionElements":{"nodeVisualInfo":[{"color":"#F8F8F8","width":24,"x":50,"y":200,"declaredType":"TNodeVisualInfo","height":24}]},"name":"Start","declaredType":"startEvent","id":"b8434a73-c898-4d94-bce3-fc6d3f421440"},{"incoming":["2027.0f28b0ed-c9a1-47f3-8062-c0c36cca1c55"],"extensionElements":{"nodeVisualInfo":[{"color":"#F8F8F8","width":24,"x":700,"y":200,"declaredType":"TNodeVisualInfo","height":24}],"navigationInstructions":[{"targetType":"Default","declaredType":"com.ibm.bpmsdk.model.bpmn20.ibmext.TNavigationInstructions"}]},"name":"End","declaredType":"endEvent","id":"031d65bb-4b7e-4ffb-aa31-1a793fdf7e65"},{"targetRef":"2025.92ca105a-34eb-4d60-8c54-6b6a28b0b289","extensionElements":{"linkVisualInfo":[{"sourcePortLocation":"rightCenter","showCoachControlLabel":false,"labelPosition":0.0,"targetPortLocation":"leftCenter","declaredType":"TLinkVisualInfo","saveExecutionContext":false,"showLabel":false}]},"name":"Start to End","declaredType":"sequenceFlow","id":"2027.750860b4-7b58-4244-880e-296d3c80f997","sourceRef":"b8434a73-c898-4d94-bce3-fc6d3f421440"},{"startQuantity":1,"outgoing":["2027.0f28b0ed-c9a1-47f3-8062-c0c36cca1c55"],"incoming":["2027.750860b4-7b58-4244-880e-296d3c80f997"],"default":"2027.0f28b0ed-c9a1-47f3-8062-c0c36cca1c55","extensionElements":{"nodeVisualInfo":[{"width":95,"x":344,"y":177,"declaredType":"TNodeVisualInfo","height":70}]},"name":"Logic","isForCompensation":false,"completionQuantity":1,"declaredType":"scriptTask","id":"2025.92ca105a-34eb-4d60-8c54-6b6a28b0b289","scriptFormat":"text\/x-javascript","script":{"content":["var res = {};\nres.gregorianCalendar = {};\nres.gregorianCalendar.days = {};\nres.gregorianCalendar.daysMin = {};\nres.gregorianCalendar.daysShort = {};\nres.gregorianCalendar.months = {};\nres.gregorianCalendar.monthsShort = {};\n\nres.gregorianCalendar.days.monday = tw.resource.CONTROLS.gregorianCalendarDayMonday;\nres.gregorianCalendar.days.tuesday = tw.resource.CONTROLS.gregorianCalendarDayTuesday;\nres.gregorianCalendar.days.wednesday = tw.resource.CONTROLS.gregorianCalendarDayWednesday;\nres.gregorianCalendar.days.thursday = tw.resource.CONTROLS.gregorianCalendarDayThursday;\nres.gregorianCalendar.days.friday = tw.resource.CONTROLS.gregorianCalendarDayFriday;\nres.gregorianCalendar.days.saturday = tw.resource.CONTROLS.gregorianCalendarDaySaturday;\nres.gregorianCalendar.days.sunday = tw.resource.CONTROLS.gregorianCalendarDaySunday;\n\nres.gregorianCalendar.daysMin.monday = tw.resource.CONTROLS.gregorianCalendarDaysMinMonday;\nres.gregorianCalendar.daysMin.tuesday = tw.resource.CONTROLS.gregorianCalendarDaysMinTuesday;\nres.gregorianCalendar.daysMin.wednesday = tw.resource.CONTROLS.gregorianCalendarDaysMinWednesday;\nres.gregorianCalendar.daysMin.thursday = tw.resource.CONTROLS.gregorianCalendarDaysMinThursday;\nres.gregorianCalendar.daysMin.friday = tw.resource.CONTROLS.gregorianCalendarDaysMinFriday;\nres.gregorianCalendar.daysMin.saturday = tw.resource.CONTROLS.gregorianCalendarDaysMinSaturday;\nres.gregorianCalendar.daysMin.sunday = tw.resource.CONTROLS.gregorianCalendarDaysMinSunday;\n\nres.gregorianCalendar.daysShort.monday = tw.resource.CONTROLS.gregorianCalendarDaysShortMonday;\nres.gregorianCalendar.daysShort.tuesday = tw.resource.CONTROLS.gregorianCalendarDaysShortTuesday;\nres.gregorianCalendar.daysShort.wednesday = tw.resource.CONTROLS.gregorianCalendarDaysShortWednesday;\nres.gregorianCalendar.daysShort.thursday = tw.resource.CONTROLS.gregorianCalendarDaysShortThursday;\nres.gregorianCalendar.daysShort.friday = tw.resource.CONTROLS.gregorianCalendarDaysShortFriday;\nres.gregorianCalendar.daysShort.saturday = tw.resource.CONTROLS.gregorianCalendarDaysShortSaturday;\nres.gregorianCalendar.daysShort.sunday = tw.resource.CONTROLS.gregorianCalendarDaysShortSunday;\n\nres.gregorianCalendar.months.january = tw.resource.CONTROLS.gregorianCalendarMonthsJanuary;\nres.gregorianCalendar.months.february = tw.resource.CONTROLS.gregorianCalendarMonthsFebruary;\nres.gregorianCalendar.months.march = tw.resource.CONTROLS.gregorianCalendarMonthsMarch;\nres.gregorianCalendar.months.april = tw.resource.CONTROLS.gregorianCalendarMonthsApril;\nres.gregorianCalendar.months.may = tw.resource.CONTROLS.gregorianCalendarMonthsMay;\nres.gregorianCalendar.months.june = tw.resource.CONTROLS.gregorianCalendarMonthsJune;\nres.gregorianCalendar.months.july = tw.resource.CONTROLS.gregorianCalendarMonthsJuly;\nres.gregorianCalendar.months.august = tw.resource.CONTROLS.gregorianCalendarMonthsAugust;\nres.gregorianCalendar.months.september = tw.resource.CONTROLS.gregorianCalendarMonthsSeptember;\nres.gregorianCalendar.months.october = tw.resource.CONTROLS.gregorianCalendarMonthsOctober;\nres.gregorianCalendar.months.november = tw.resource.CONTROLS.gregorianCalendarMonthsNovember;\nres.gregorianCalendar.months.december = tw.resource.CONTROLS.gregorianCalendarMonthsDecember;\n\nres.gregorianCalendar.monthsShort.january = tw.resource.CONTROLS.gregorianCalendarMonthsShortJanuary;\nres.gregorianCalendar.monthsShort.february = tw.resource.CONTROLS.gregorianCalendarMonthsShortFebruary;\nres.gregorianCalendar.monthsShort.march = tw.resource.CONTROLS.gregorianCalendarMonthsShortMarch;\nres.gregorianCalendar.monthsShort.april = tw.resource.CONTROLS.gregorianCalendarMonthsShortApril;\nres.gregorianCalendar.monthsShort.may = tw.resource.CONTROLS.gregorianCalendarMonthsShortMay;\nres.gregorianCalendar.monthsShort.june = tw.resource.CONTROLS.gregorianCalendarMonthsShortJune;\nres.gregorianCalendar.monthsShort.july = tw.resource.CONTROLS.gregorianCalendarMonthsShortJuly;\nres.gregorianCalendar.monthsShort.august = tw.resource.CONTROLS.gregorianCalendarMonthsShortAugust;\nres.gregorianCalendar.monthsShort.september = tw.resource.CONTROLS.gregorianCalendarMonthsShortSeptember;\nres.gregorianCalendar.monthsShort.october = tw.resource.CONTROLS.gregorianCalendarMonthsShortOctober;\nres.gregorianCalendar.monthsShort.november = tw.resource.CONTROLS.gregorianCalendarMonthsShortNovember;\nres.gregorianCalendar.monthsShort.december = tw.resource.CONTROLS.gregorianCalendarMonthsShortDecember;\n\nres.gregorianCalendar.clear = tw.resource.CONTROLS.clear;\nres.gregorianCalendar.today = tw.resource.CONTROLS.today;\n\ntw.local.result = res;"]}},{"targetRef":"031d65bb-4b7e-4ffb-aa31-1a793fdf7e65","extensionElements":{"sequenceFlowImplementation":[{"fireValidation":"Never","sboSyncEnabled":true,"declaredType":"com.ibm.bpmsdk.model.bpmn20.ibmext.TSequenceFlowImplementation"}],"linkVisualInfo":[{"sourcePortLocation":"rightCenter","showCoachControlLabel":false,"labelPosition":0.0,"targetPortLocation":"leftCenter","declaredType":"TLinkVisualInfo","saveExecutionContext":true,"showLabel":false}]},"name":"To End","declaredType":"sequenceFlow","id":"2027.0f28b0ed-c9a1-47f3-8062-c0c36cca1c55","sourceRef":"2025.92ca105a-34eb-4d60-8c54-6b6a28b0b289"}],"isClosed":false,"declaredType":"com.ibm.bpmsdk.model.bpmn20.ibmext.TUserTaskImplementation","id":"abcb0af6-028a-4324-bafe-5b3a4966b03c","processType":"None"}]},"implementation":"##unspecified","documentation":[{"textFormat":"text\/plain"}],"name":"Default I18N Action","declaredType":"globalUserTask","id":"1.8d8b02fa-b239-4f3c-9296-20b1546985e5","ioSpecification":{"dataOutput":[{"itemSubjectRef":"itm.12.26ad4047-b4b2-446a-98c4-c47051be4f41","name":"result","isCollection":false,"id":"2055.a9f3d6d3-fdf9-4205-873e-1becd3a1879d"}],"extensionElements":{"localizationResourceLinks":[{"resourceRef":[{"resourceBundleGroupID":"50.5388176b-d2e0-4850-8e72-5076c31cfef0","declaredType":"com.ibm.bpmsdk.model.bpmn20.ibmext.TLocalizationResourceRef","id":"69.4c10a3b1-3d33-47f2-89dd-b9f4547b08ec"}],"declaredType":"com.ibm.bpmsdk.model.bpmn20.ibmext.TLocalizationResourceLinks"}]},"inputSet":[{"id":"_7384c178-afe9-453a-a6ec-989278ff87be"}],"outputSet":[{"id":"_9a802697-3221-4f43-a8a5-95e79c38fd84"}],"dataInput":[{"itemSubjectRef":"itm.12.db884a3c-c533-44b7-bb2d-47bec8ad4022","name":"locale","isCollection":false,"id":"2055.4384029c-711e-4e77-813d-d6c553e3e39e"}]}}],"targetNamespace":"","typeLanguage":"http:\/\/www.w3.org\/2001\/XMLSchema","expressionLanguage":"http:\/\/www.ibm.com\/xmlns\/prod\/bpm\/expression-lang\/javascript","id":"189e798e-6dcc-43ea-bbca-3c8393ac8836"}</jsonData>
        <field1 isNull="true" />
        <field2 isNull="true" />
        <field3>0</field3>
        <field4 isNull="true" />
        <field5>false</field5>
        <clobField1 isNull="true" />
        <blobField1 isNull="true" />
        <processParameter name="locale">
            <lastModified isNull="true" />
            <lastModifiedBy isNull="true" />
            <tenantId isNull="true" />
            <processParameterId>2055.4384029c-711e-4e77-813d-d6c553e3e39e</processParameterId>
            <processId>1.8d8b02fa-b239-4f3c-9296-20b1546985e5</processId>
            <parameterType>1</parameterType>
            <isArrayOf>false</isArrayOf>
            <classId>556939fc-1d6d-4204-9546-c095a59cca29/12.db884a3c-c533-44b7-bb2d-47bec8ad4022</classId>
            <seq>1</seq>
            <hasDefault>false</hasDefault>
            <defaultValue isNull="true" />
            <isLocked>false</isLocked>
            <description isNull="true" />
            <guid>98d8514a-4c2a-4002-ab8c-0e10dab9d637</guid>
            <versionId>77bf25a3-8876-4a72-ae7f-b319ded76cf4</versionId>
        </processParameter>
        <processParameter name="result">
            <lastModified isNull="true" />
            <lastModifiedBy isNull="true" />
            <tenantId isNull="true" />
            <processParameterId>2055.a9f3d6d3-fdf9-4205-873e-1becd3a1879d</processParameterId>
            <processId>1.8d8b02fa-b239-4f3c-9296-20b1546985e5</processId>
            <parameterType>2</parameterType>
            <isArrayOf>false</isArrayOf>
            <classId>/12.26ad4047-b4b2-446a-98c4-c47051be4f41</classId>
            <seq>2</seq>
            <hasDefault>false</hasDefault>
            <defaultValue isNull="true" />
            <isLocked>false</isLocked>
            <description isNull="true" />
            <guid>a2bac6fb-2d28-4e8e-b851-0b7ebaaa0318</guid>
            <versionId>7a99a60a-8f62-4bdb-b2b5-5836dabcf333</versionId>
        </processParameter>
        <item>
            <lastModified isNull="true" />
            <lastModifiedBy isNull="true" />
            <tenantId isNull="true" />
            <processItemId>2025.ca3da0eb-f7a9-4976-8adb-e3f1e080e039</processItemId>
            <processId>1.8d8b02fa-b239-4f3c-9296-20b1546985e5</processId>
            <name>End</name>
            <tWComponentName>ExitPoint</tWComponentName>
            <tWComponentId>3008.5e656a42-2d10-4136-b35f-7417c86bb384</tWComponentId>
            <isLogEnabled>false</isLogEnabled>
            <isTraceEnabled>false</isTraceEnabled>
            <traceCategory isNull="true" />
            <traceLevel isNull="true" />
            <traceMessage isNull="true" />
            <traceSymbolTable isNull="true" />
            <isExecutionContextTraced>false</isExecutionContextTraced>
            <saveExecutionContext>true</saveExecutionContext>
            <documentation isNull="true" />
            <isErrorHandlerEnabled>false</isErrorHandlerEnabled>
            <errorHandlerItemId isNull="true" />
            <guid>guid:31b4ebebabacd2d5:140b1c05:16515335af7:-68ef</guid>
            <versionId>96317533-da92-4cd3-8f8e-1e2d13d4bae3</versionId>
            <externalServiceRef isNull="true" />
            <externalServiceOp isNull="true" />
            <nodeColor isNull="true" />
            <layoutData x="0" y="0">
                <errorLink>
                    <controlPoints />
                    <showEndState>false</showEndState>
                    <showName>false</showName>
                </errorLink>
            </layoutData>
            <TWComponent>
                <lastModified isNull="true" />
                <lastModifiedBy isNull="true" />
                <tenantId isNull="true" />
                <exitPointId>3008.5e656a42-2d10-4136-b35f-7417c86bb384</exitPointId>
                <haltProcess>false</haltProcess>
                <guid>7c119178-a1c2-46a8-bcaa-a65cd3a797e8</guid>
                <versionId>d628ca56-54db-491f-8921-dcb2084a4818</versionId>
            </TWComponent>
        </item>
        <item>
            <lastModified isNull="true" />
            <lastModifiedBy isNull="true" />
            <tenantId isNull="true" />
            <processItemId>2025.575ff14f-92d2-47e2-8caa-0553994b6ce1</processItemId>
            <processId>1.8d8b02fa-b239-4f3c-9296-20b1546985e5</processId>
            <name>CoachFlowWrapper</name>
            <tWComponentName>CoachFlow</tWComponentName>
            <tWComponentId>3032.a7bc8757-eb85-42b9-980b-7e9eae3a1218</tWComponentId>
            <isLogEnabled>false</isLogEnabled>
            <isTraceEnabled>false</isTraceEnabled>
            <traceCategory isNull="true" />
            <traceLevel isNull="true" />
            <traceMessage isNull="true" />
            <traceSymbolTable isNull="true" />
            <isExecutionContextTraced>false</isExecutionContextTraced>
            <saveExecutionContext>true</saveExecutionContext>
            <documentation isNull="true" />
            <isErrorHandlerEnabled>false</isErrorHandlerEnabled>
            <errorHandlerItemId isNull="true" />
            <guid>guid:31b4ebebabacd2d5:140b1c05:16515335af7:-68ee</guid>
            <versionId>6adcbe5b-f265-4d55-868f-ed3c529d3517</versionId>
            <externalServiceRef isNull="true" />
            <externalServiceOp isNull="true" />
            <nodeColor isNull="true" />
            <layoutData x="0" y="0">
                <errorLink>
                    <controlPoints />
                    <showEndState>false</showEndState>
                    <showName>false</showName>
                </errorLink>
            </layoutData>
            <TWComponent />
        </item>
        <RESOURCE_PROCESS_LINK>
            <lastModified isNull="true" />
            <lastModifiedBy isNull="true" />
            <tenantId isNull="true" />
            <resourceProcessLinkId>2059.6f565aaa-4e59-4dea-9a28-b87b4dde3730</resourceProcessLinkId>
            <resourceBundleGroupId>/50.5388176b-d2e0-4850-8e72-5076c31cfef0</resourceBundleGroupId>
            <processId>1.8d8b02fa-b239-4f3c-9296-20b1546985e5</processId>
            <guid>guid:6f565aaa-4e59-4dea-9a28-b87b4dde3730</guid>
            <versionId>c5f4d08b-4097-4cef-82ea-2458dc99af53</versionId>
        </RESOURCE_PROCESS_LINK>
        <startingProcessItemId>2025.575ff14f-92d2-47e2-8caa-0553994b6ce1</startingProcessItemId>
        <errorHandlerItemId isNull="true" />
        <layoutData noConversion="true">
            <errorLink>
                <controlPoints />
                <showEndState>false</showEndState>
                <showName>false</showName>
            </errorLink>
        </layoutData>
        <startPoint>
            <layoutData x="0" y="0">
                <errorLink>
                    <controlPoints />
                    <showEndState>false</showEndState>
                    <showName>false</showName>
                </errorLink>
            </layoutData>
        </startPoint>
        <startLink>
            <fromPort locationId="rightCenter" portType="1" />
            <toPort locationId="rightCenter" portType="2" />
            <layoutData>
                <controlPoints />
                <showEndState>false</showEndState>
                <showName>false</showName>
            </layoutData>
        </startLink>
        <bpmn2Model>
            <ns17:definitions xmlns:ns17="http://www.omg.org/spec/BPMN/20100524/MODEL" xmlns:ns2="http://www.ibm.com/xmlns/prod/bpm/bpmn/ext/process" xmlns:ns3="http://www.ibm.com/xmlns/prod/bpm/bpmn/ext/process/wle" xmlns:ns4="http://www.ibm.com/xmlns/prod/bpm/bpmn/ext/process/case" xmlns:ns5="http://www.ibm.com/bpm/Extensions" xmlns:ns6="http://www.ibm.com/xmlns/prod/bpm/uca" xmlns:ns7="http://www.ibm.com/xmlns/prod/bpm/bpmn/ext/trackinggroup" xmlns:ns8="http://www.ibm.com/xmlns/prod/bpm/bpmn/ext/team" xmlns:ns9="http://www.ibm.com/xmlns/bpmnx/20100524/v1/BusinessVocabulary" xmlns:ns10="http://www.omg.org/spec/DD/20100524/DI" xmlns:ns11="http://www.omg.org/spec/DD/20100524/DC" xmlns:ns12="http://www.omg.org/spec/BPMN/20100524/BPMNDI" xmlns:ns13="http://www.ibm.com/xmlns/prod/bpm/graph" xmlns:ns14="http://www.ibm.com/xmlns/prod/bpm/bpmn/ext/process/auth" xmlns:ns15="http://www.ibm.com/xmlns/prod/bpm/bpmn/ext/extservice" xmlns:ns16="http://www.ibm.com/xmlns/links" xmlns:ns18="http://www.ibm.com/bpm/CoachDesignerNG" xmlns:ns19="http://www.ibm.com/xmlns/tagging" xmlns:ns20="http://www.ibm.com/bpm/uitheme" xmlns:ns21="http://www.ibm.com/bpm/coachview" id="189e798e-6dcc-43ea-bbca-3c8393ac8836" targetNamespace="" expressionLanguage="http://www.ibm.com/xmlns/prod/bpm/expression-lang/javascript">
                
                
                <ns17:globalUserTask name="Default I18N Action" id="1.8d8b02fa-b239-4f3c-9296-20b1546985e5">
                    
                    
                    <ns17:documentation />
                    
                    
                    <ns17:extensionElements>
                        
                        
                        <ns2:userTaskImplementation id="abcb0af6-028a-4324-bafe-5b3a4966b03c">
                            
                            
                            <ns17:startEvent name="Start" id="b8434a73-c898-4d94-bce3-fc6d3f421440">
                                
                                
                                <ns17:extensionElements>
                                    
                                    
                                    <ns13:nodeVisualInfo x="50" y="200" width="24" height="24" color="#F8F8F8" />
                                    
                                
                                </ns17:extensionElements>
                                
                                
                                <ns17:outgoing>2027.750860b4-7b58-4244-880e-296d3c80f997</ns17:outgoing>
                                
                            
                            </ns17:startEvent>
                            
                            
                            <ns17:endEvent name="End" id="031d65bb-4b7e-4ffb-aa31-1a793fdf7e65">
                                
                                
                                <ns17:extensionElements>
                                    
                                    
                                    <ns13:nodeVisualInfo x="700" y="200" width="24" height="24" color="#F8F8F8" />
                                    
                                    
                                    <ns2:navigationInstructions>
                                        
                                        
                                        <ns2:targetType>Default</ns2:targetType>
                                        
                                    
                                    </ns2:navigationInstructions>
                                    
                                
                                </ns17:extensionElements>
                                
                                
                                <ns17:incoming>2027.0f28b0ed-c9a1-47f3-8062-c0c36cca1c55</ns17:incoming>
                                
                            
                            </ns17:endEvent>
                            
                            
                            <ns17:sequenceFlow sourceRef="b8434a73-c898-4d94-bce3-fc6d3f421440" targetRef="2025.92ca105a-34eb-4d60-8c54-6b6a28b0b289" name="Start to End" id="2027.750860b4-7b58-4244-880e-296d3c80f997">
                                
                                
                                <ns17:extensionElements>
                                    
                                    
                                    <ns13:linkVisualInfo>
                                        
                                        
                                        <ns13:sourcePortLocation>rightCenter</ns13:sourcePortLocation>
                                        
                                        
                                        <ns13:targetPortLocation>leftCenter</ns13:targetPortLocation>
                                        
                                        
                                        <ns13:showLabel>false</ns13:showLabel>
                                        
                                        
                                        <ns13:showCoachControlLabel>false</ns13:showCoachControlLabel>
                                        
                                        
                                        <ns13:labelPosition>0.0</ns13:labelPosition>
                                        
                                        
                                        <ns13:saveExecutionContext>false</ns13:saveExecutionContext>
                                        
                                    
                                    </ns13:linkVisualInfo>
                                    
                                
                                </ns17:extensionElements>
                                
                            
                            </ns17:sequenceFlow>
                            
                            
                            <ns17:scriptTask scriptFormat="text/x-javascript" default="2027.0f28b0ed-c9a1-47f3-8062-c0c36cca1c55" name="Logic" id="2025.92ca105a-34eb-4d60-8c54-6b6a28b0b289">
                                
                                
                                <ns17:extensionElements>
                                    
                                    
                                    <ns13:nodeVisualInfo x="344" y="177" width="95" height="70" />
                                    
                                
                                </ns17:extensionElements>
                                
                                
                                <ns17:incoming>2027.750860b4-7b58-4244-880e-296d3c80f997</ns17:incoming>
                                
                                
                                <ns17:outgoing>2027.0f28b0ed-c9a1-47f3-8062-c0c36cca1c55</ns17:outgoing>
                                
                                
                                <ns17:script>var res = {};
res.gregorianCalendar = {};
res.gregorianCalendar.days = {};
res.gregorianCalendar.daysMin = {};
res.gregorianCalendar.daysShort = {};
res.gregorianCalendar.months = {};
res.gregorianCalendar.monthsShort = {};

res.gregorianCalendar.days.monday = tw.resource.CONTROLS.gregorianCalendarDayMonday;
res.gregorianCalendar.days.tuesday = tw.resource.CONTROLS.gregorianCalendarDayTuesday;
res.gregorianCalendar.days.wednesday = tw.resource.CONTROLS.gregorianCalendarDayWednesday;
res.gregorianCalendar.days.thursday = tw.resource.CONTROLS.gregorianCalendarDayThursday;
res.gregorianCalendar.days.friday = tw.resource.CONTROLS.gregorianCalendarDayFriday;
res.gregorianCalendar.days.saturday = tw.resource.CONTROLS.gregorianCalendarDaySaturday;
res.gregorianCalendar.days.sunday = tw.resource.CONTROLS.gregorianCalendarDaySunday;

res.gregorianCalendar.daysMin.monday = tw.resource.CONTROLS.gregorianCalendarDaysMinMonday;
res.gregorianCalendar.daysMin.tuesday = tw.resource.CONTROLS.gregorianCalendarDaysMinTuesday;
res.gregorianCalendar.daysMin.wednesday = tw.resource.CONTROLS.gregorianCalendarDaysMinWednesday;
res.gregorianCalendar.daysMin.thursday = tw.resource.CONTROLS.gregorianCalendarDaysMinThursday;
res.gregorianCalendar.daysMin.friday = tw.resource.CONTROLS.gregorianCalendarDaysMinFriday;
res.gregorianCalendar.daysMin.saturday = tw.resource.CONTROLS.gregorianCalendarDaysMinSaturday;
res.gregorianCalendar.daysMin.sunday = tw.resource.CONTROLS.gregorianCalendarDaysMinSunday;

res.gregorianCalendar.daysShort.monday = tw.resource.CONTROLS.gregorianCalendarDaysShortMonday;
res.gregorianCalendar.daysShort.tuesday = tw.resource.CONTROLS.gregorianCalendarDaysShortTuesday;
res.gregorianCalendar.daysShort.wednesday = tw.resource.CONTROLS.gregorianCalendarDaysShortWednesday;
res.gregorianCalendar.daysShort.thursday = tw.resource.CONTROLS.gregorianCalendarDaysShortThursday;
res.gregorianCalendar.daysShort.friday = tw.resource.CONTROLS.gregorianCalendarDaysShortFriday;
res.gregorianCalendar.daysShort.saturday = tw.resource.CONTROLS.gregorianCalendarDaysShortSaturday;
res.gregorianCalendar.daysShort.sunday = tw.resource.CONTROLS.gregorianCalendarDaysShortSunday;

res.gregorianCalendar.months.january = tw.resource.CONTROLS.gregorianCalendarMonthsJanuary;
res.gregorianCalendar.months.february = tw.resource.CONTROLS.gregorianCalendarMonthsFebruary;
res.gregorianCalendar.months.march = tw.resource.CONTROLS.gregorianCalendarMonthsMarch;
res.gregorianCalendar.months.april = tw.resource.CONTROLS.gregorianCalendarMonthsApril;
res.gregorianCalendar.months.may = tw.resource.CONTROLS.gregorianCalendarMonthsMay;
res.gregorianCalendar.months.june = tw.resource.CONTROLS.gregorianCalendarMonthsJune;
res.gregorianCalendar.months.july = tw.resource.CONTROLS.gregorianCalendarMonthsJuly;
res.gregorianCalendar.months.august = tw.resource.CONTROLS.gregorianCalendarMonthsAugust;
res.gregorianCalendar.months.september = tw.resource.CONTROLS.gregorianCalendarMonthsSeptember;
res.gregorianCalendar.months.october = tw.resource.CONTROLS.gregorianCalendarMonthsOctober;
res.gregorianCalendar.months.november = tw.resource.CONTROLS.gregorianCalendarMonthsNovember;
res.gregorianCalendar.months.december = tw.resource.CONTROLS.gregorianCalendarMonthsDecember;

res.gregorianCalendar.monthsShort.january = tw.resource.CONTROLS.gregorianCalendarMonthsShortJanuary;
res.gregorianCalendar.monthsShort.february = tw.resource.CONTROLS.gregorianCalendarMonthsShortFebruary;
res.gregorianCalendar.monthsShort.march = tw.resource.CONTROLS.gregorianCalendarMonthsShortMarch;
res.gregorianCalendar.monthsShort.april = tw.resource.CONTROLS.gregorianCalendarMonthsShortApril;
res.gregorianCalendar.monthsShort.may = tw.resource.CONTROLS.gregorianCalendarMonthsShortMay;
res.gregorianCalendar.monthsShort.june = tw.resource.CONTROLS.gregorianCalendarMonthsShortJune;
res.gregorianCalendar.monthsShort.july = tw.resource.CONTROLS.gregorianCalendarMonthsShortJuly;
res.gregorianCalendar.monthsShort.august = tw.resource.CONTROLS.gregorianCalendarMonthsShortAugust;
res.gregorianCalendar.monthsShort.september = tw.resource.CONTROLS.gregorianCalendarMonthsShortSeptember;
res.gregorianCalendar.monthsShort.october = tw.resource.CONTROLS.gregorianCalendarMonthsShortOctober;
res.gregorianCalendar.monthsShort.november = tw.resource.CONTROLS.gregorianCalendarMonthsShortNovember;
res.gregorianCalendar.monthsShort.december = tw.resource.CONTROLS.gregorianCalendarMonthsShortDecember;

res.gregorianCalendar.clear = tw.resource.CONTROLS.clear;
res.gregorianCalendar.today = tw.resource.CONTROLS.today;

tw.local.result = res;</ns17:script>
                                
                            
                            </ns17:scriptTask>
                            
                            
                            <ns17:sequenceFlow sourceRef="2025.92ca105a-34eb-4d60-8c54-6b6a28b0b289" targetRef="031d65bb-4b7e-4ffb-aa31-1a793fdf7e65" name="To End" id="2027.0f28b0ed-c9a1-47f3-8062-c0c36cca1c55">
                                
                                
                                <ns17:extensionElements>
                                    
                                    
                                    <ns2:sequenceFlowImplementation sboSyncEnabled="true" />
                                    
                                    
                                    <ns13:linkVisualInfo>
                                        
                                        
                                        <ns13:sourcePortLocation>rightCenter</ns13:sourcePortLocation>
                                        
                                        
                                        <ns13:targetPortLocation>leftCenter</ns13:targetPortLocation>
                                        
                                        
                                        <ns13:showLabel>false</ns13:showLabel>
                                        
                                        
                                        <ns13:showCoachControlLabel>false</ns13:showCoachControlLabel>
                                        
                                        
                                        <ns13:labelPosition>0.0</ns13:labelPosition>
                                        
                                        
                                        <ns13:saveExecutionContext>true</ns13:saveExecutionContext>
                                        
                                    
                                    </ns13:linkVisualInfo>
                                    
                                
                                </ns17:extensionElements>
                                
                            
                            </ns17:sequenceFlow>
                            
                        
                        </ns2:userTaskImplementation>
                        
                    
                    </ns17:extensionElements>
                    
                    
                    <ns17:ioSpecification>
                        
                        
                        <ns17:extensionElements>
                            
                            
                            <ns2:localizationResourceLinks>
                                
                                
                                <ns2:resourceRef>
                                    
                                    
                                    <ns2:resourceBundleGroupID>50.5388176b-d2e0-4850-8e72-5076c31cfef0</ns2:resourceBundleGroupID>
                                    
                                    
                                    <ns2:id>69.4c10a3b1-3d33-47f2-89dd-b9f4547b08ec</ns2:id>
                                    
                                
                                </ns2:resourceRef>
                                
                            
                            </ns2:localizationResourceLinks>
                            
                        
                        </ns17:extensionElements>
                        
                        
                        <ns17:dataInput name="locale" itemSubjectRef="itm.12.db884a3c-c533-44b7-bb2d-47bec8ad4022" isCollection="false" id="2055.4384029c-711e-4e77-813d-d6c553e3e39e" />
                        
                        
                        <ns17:dataOutput name="result" itemSubjectRef="itm.12.26ad4047-b4b2-446a-98c4-c47051be4f41" isCollection="false" id="2055.a9f3d6d3-fdf9-4205-873e-1becd3a1879d" />
                        
                        
                        <ns17:inputSet id="_7384c178-afe9-453a-a6ec-989278ff87be" />
                        
                        
                        <ns17:outputSet id="_9a802697-3221-4f43-a8a5-95e79c38fd84" />
                        
                    
                    </ns17:ioSpecification>
                    
                
                </ns17:globalUserTask>
                
            
            </ns17:definitions>
        </bpmn2Model>
        <link name="Untitled">
            <lastModified isNull="true" />
            <lastModifiedBy isNull="true" />
            <tenantId isNull="true" />
            <processLinkId>2027.64732033-6af7-4c93-a27c-b5773f35d969</processLinkId>
            <processId>1.8d8b02fa-b239-4f3c-9296-20b1546985e5</processId>
            <description isNull="true" />
            <fromProcessItemId>2025.575ff14f-92d2-47e2-8caa-0553994b6ce1</fromProcessItemId>
            <endStateId>Out</endStateId>
            <toProcessItemId>2025.ca3da0eb-f7a9-4976-8adb-e3f1e080e039</toProcessItemId>
            <guid>726f9d08-5528-4e28-b544-ff09dac9f009</guid>
            <versionId>dab56241-d947-49a1-9d6d-61b7bd985ace</versionId>
            <layoutData>
                <controlPoints />
                <showEndState>false</showEndState>
                <showName>false</showName>
            </layoutData>
            <fromItemPort locationId="rightCenter" portType="1" />
            <toItemPort locationId="rightCenter" portType="2" />
            <fromProcessItemId>2025.575ff14f-92d2-47e2-8caa-0553994b6ce1</fromProcessItemId>
            <toProcessItemId>2025.ca3da0eb-f7a9-4976-8adb-e3f1e080e039</toProcessItemId>
        </link>
    </process>
</teamworks>

