<?xml version="1.0" encoding="UTF-8"?>
<teamworks>
    <twClass id="12.1c06052f-a56b-4c88-8b02-47907baf4da2" name="InputGroupButtonLoc">
        <lastModified>1466517484459</lastModified>
        <lastModifiedBy>John McDonald</lastModifiedBy>
        <tenantId isNull="true" />
        <classId>12.1c06052f-a56b-4c88-8b02-47907baf4da2</classId>
        <type>0</type>
        <isSystem>false</isSystem>
        <shared>false</shared>
        <isShadow>false</isShadow>
        <globalLifetime>false</globalLifetime>
        <internalName isNull="true" />
        <extensionType isNull="true" />
        <saveServiceRef isNull="true" />
        <bpmn2Data isNull="true" />
        <externalId isNull="true" />
        <dependencySummary isNull="true" />
        <jsonData isNull="true" />
        <dataName isNull="true" />
        <description>&lt;HTML&gt;&lt;HEAD&gt;&#xD;
&lt;STYLE type=text/css&gt; p{margin:0px;}&lt;/STYLE&gt;&#xD;
&lt;/HEAD&gt;&#xD;
&lt;BODY style="FONT-SIZE: 10pt; FONT-FAMILY: arial" bgColor=#f5f5f5&gt;Available Input Group button locations&lt;/BODY&gt;&lt;/HTML&gt;</description>
        <guid>guid:34e5133cbd636d62:11dc2314:148129085ba:-7ffd</guid>
        <versionId>76e2cb16-ac9f-4dc1-896a-933751a85002</versionId>
        <definition>
            <validator>
                <className isNull="true" />
                <errorMessage isNull="true" />
                <webWidgetJavaClass isNull="true" />
                <externalType isNull="true" />
                <configData>
                    <schema>
                        <simpleType name="InputGroupButtonLoc">
                            <restriction base="Selection">
                                <option value="L" display="Left" />
                                <option value="R" display="Right" />
                            </restriction>
                        </simpleType>
                    </schema>
                </configData>
            </validator>
            <annotation type="com.lombardisoftware.core.xml.XMLTypeAnnotation" version="2.0">
                <exclude isNull="true" />
                <anonymous isNull="true" />
                <local isNull="true" />
                <name isNull="true" />
                <namespace isNull="true" />
                <elementName isNull="true" />
                <elementNamespace isNull="true" />
                <protoTypeName isNull="true" />
                <baseTypeName isNull="true" />
                <specialType isNull="true" />
                <contentTypeVariety isNull="true" />
                <xscRef isNull="true" />
            </annotation>
        </definition>
    </twClass>
</teamworks>

