<?xml version="1.0" encoding="UTF-8"?>
<teamworks>
    <twClass id="12.26ad1c72-198c-467d-9b6f-01d337e68f79" name="TextSizeStyle">
        <lastModified>1466519840275</lastModified>
        <lastModifiedBy>John McDonald</lastModifiedBy>
        <tenantId isNull="true" />
        <classId>12.26ad1c72-198c-467d-9b6f-01d337e68f79</classId>
        <type>0</type>
        <isSystem>false</isSystem>
        <shared>false</shared>
        <isShadow>false</isShadow>
        <globalLifetime>false</globalLifetime>
        <internalName isNull="true" />
        <extensionType isNull="true" />
        <saveServiceRef isNull="true" />
        <bpmn2Data isNull="true" />
        <externalId isNull="true" />
        <dependencySummary isNull="true" />
        <jsonData isNull="true" />
        <dataName isNull="true" />
        <description>&lt;HTML&gt;&lt;HEAD&gt;&#xD;
&lt;STYLE type=text/css&gt; p{margin:0px;}&lt;/STYLE&gt;&#xD;
&lt;/HEAD&gt;&#xD;
&lt;BODY style="FONT-SIZE: 10pt; FONT-FAMILY: arial" bgColor=#f5f5f5&gt;Available text size styles&lt;/BODY&gt;&lt;/HTML&gt;</description>
        <guid>7fd25dec-8806-4491-a485-e11fcea60ce1</guid>
        <versionId>d5a23a4a-9186-4547-9900-08f78f5574f4</versionId>
        <definition>
            <validator>
                <className isNull="true" />
                <errorMessage isNull="true" />
                <webWidgetJavaClass isNull="true" />
                <externalType isNull="true" />
                <configData>
                    <schema>
                        <simpleType name="TextSizeStyle">
                            <restriction base="Selection">
                                <option value="D" display="Default" />
                                <option value="L" display="Large" />
                                <option value="S" display="Small" />
                            </restriction>
                        </simpleType>
                    </schema>
                </configData>
            </validator>
            <annotation type="com.lombardisoftware.core.xml.XMLTypeAnnotation" version="2.0">
                <exclude isNull="true" />
                <anonymous isNull="true" />
                <local isNull="true" />
                <name isNull="true" />
                <namespace isNull="true" />
                <elementName isNull="true" />
                <elementNamespace isNull="true" />
                <protoTypeName isNull="true" />
                <baseTypeName isNull="true" />
                <specialType isNull="true" />
                <contentTypeVariety isNull="true" />
                <xscRef isNull="true" />
            </annotation>
        </definition>
    </twClass>
</teamworks>

