<?xml version="1.0" encoding="UTF-8"?>
<teamworks>
    <twClass id="12.6fb58e58-203e-451a-955f-ce51123e2cb1" name="SwitchSizeStyle">
        <lastModified>1466518858417</lastModified>
        <lastModifiedBy>John McDonald</lastModifiedBy>
        <tenantId isNull="true" />
        <classId>12.6fb58e58-203e-451a-955f-ce51123e2cb1</classId>
        <type>0</type>
        <isSystem>false</isSystem>
        <shared>false</shared>
        <isShadow>false</isShadow>
        <globalLifetime>false</globalLifetime>
        <internalName isNull="true" />
        <extensionType isNull="true" />
        <saveServiceRef isNull="true" />
        <bpmn2Data isNull="true" />
        <externalId isNull="true" />
        <dependencySummary isNull="true" />
        <jsonData isNull="true" />
        <dataName isNull="true" />
        <description>&lt;HTML&gt;&lt;HEAD&gt;&#xD;
&lt;STYLE type=text/css&gt; p{margin:0px;}&lt;/STYLE&gt;&#xD;
&lt;/HEAD&gt;&#xD;
&lt;BODY style="FONT-SIZE: 10pt; FONT-FAMILY: arial" bgColor=#f5f5f5&gt;Available size styles for Switch control&lt;/BODY&gt;&lt;/HTML&gt;</description>
        <guid>6cc88aa4-546d-463e-b175-077b26bb0ae5</guid>
        <versionId>5a3ff7b6-9575-4def-ba63-b8c3bc5b05b2</versionId>
        <definition>
            <validator>
                <className isNull="true" />
                <errorMessage isNull="true" />
                <webWidgetJavaClass isNull="true" />
                <externalType isNull="true" />
                <configData>
                    <schema>
                        <simpleType name="SwitchSizeStyle">
                            <restriction base="Selection">
                                <option value="D" display="Default" />
                                <option value="L" display="Large" />
                                <option value="S" display="Small" />
                            </restriction>
                        </simpleType>
                    </schema>
                </configData>
            </validator>
            <annotation type="com.lombardisoftware.core.xml.XMLTypeAnnotation" version="2.0">
                <exclude isNull="true" />
                <anonymous isNull="true" />
                <local isNull="true" />
                <name isNull="true" />
                <namespace isNull="true" />
                <elementName isNull="true" />
                <elementNamespace isNull="true" />
                <protoTypeName isNull="true" />
                <baseTypeName isNull="true" />
                <specialType isNull="true" />
                <contentTypeVariety isNull="true" />
                <xscRef isNull="true" />
            </annotation>
        </definition>
    </twClass>
</teamworks>

