<?xml version="1.0" encoding="UTF-8"?>
<teamworks>
    <twClass id="12.62004d18-cbd3-4fcf-8a90-27f7883c506c" name="MapSource">
        <lastModified>1470068831736</lastModified>
        <lastModifiedBy>Erick Quintanilla</lastModifiedBy>
        <tenantId isNull="true" />
        <classId>12.62004d18-cbd3-4fcf-8a90-27f7883c506c</classId>
        <type>0</type>
        <isSystem>false</isSystem>
        <shared>false</shared>
        <isShadow>false</isShadow>
        <globalLifetime>false</globalLifetime>
        <internalName isNull="true" />
        <extensionType isNull="true" />
        <saveServiceRef isNull="true" />
        <bpmn2Data isNull="true" />
        <externalId isNull="true" />
        <dependencySummary isNull="true" />
        <jsonData isNull="true" />
        <dataName isNull="true" />
        <description>&lt;HTML&gt;&lt;HEAD&gt;&#xD;
&lt;STYLE type=text/css&gt; p{margin:0px;}&lt;/STYLE&gt;&#xD;
&lt;/HEAD&gt;&#xD;
&lt;BODY style="FONT-SIZE: 10pt; FONT-FAMILY: arial" bgColor=#f5f5f5&gt;Available map sources&lt;/BODY&gt;&lt;/HTML&gt;</description>
        <guid>guid:6de8b6ee6d29ecb6:-42dd68ee:154c6033a4e:-7ffe</guid>
        <versionId>f55d4d2c-953a-4c5a-8466-1603bd4700b8</versionId>
        <definition>
            <validator>
                <className isNull="true" />
                <errorMessage isNull="true" />
                <webWidgetJavaClass isNull="true" />
                <externalType isNull="true" />
                <configData>
                    <schema>
                        <simpleType name="MapSource">
                            <restriction base="Selection">
                                <option value="osm" display="OpenStreetMap" />
                                <option value="bing" display="Bing Maps" />
                            </restriction>
                        </simpleType>
                    </schema>
                </configData>
            </validator>
            <annotation type="com.lombardisoftware.core.xml.XMLTypeAnnotation" version="2.0">
                <exclude isNull="true" />
                <anonymous isNull="true" />
                <local isNull="true" />
                <name isNull="true" />
                <namespace isNull="true" />
                <elementName isNull="true" />
                <elementNamespace isNull="true" />
                <protoTypeName isNull="true" />
                <baseTypeName isNull="true" />
                <specialType isNull="true" />
                <contentTypeVariety isNull="true" />
                <xscRef isNull="true" />
            </annotation>
        </definition>
    </twClass>
</teamworks>

