<?xml version="1.0" encoding="UTF-8"?>
<teamworks>
    <twClass id="12.7ecaf4f2-7fc8-47d6-8c1b-758dd8f81a2c" name="PageId">
        <lastModified>1616641451475</lastModified>
        <lastModifiedBy>tw_admin</lastModifiedBy>
        <tenantId isNull="true" />
        <classId>12.7ecaf4f2-7fc8-47d6-8c1b-758dd8f81a2c</classId>
        <type>0</type>
        <isSystem>false</isSystem>
        <shared>false</shared>
        <isShadow>false</isShadow>
        <globalLifetime>false</globalLifetime>
        <internalName isNull="true" />
        <extensionType isNull="true" />
        <saveServiceRef isNull="true" />
        <bpmn2Data isNull="true" />
        <externalId>itm.12.7ecaf4f2-7fc8-47d6-8c1b-758dd8f81a2c</externalId>
        <dependencySummary isNull="true" />
        <jsonData>{"simpleType":[{"annotation":{"documentation":[{}],"appinfo":[{"advancedProperties":[{}]}]},"name":"PageId","restriction":{"annotation":{"appinfo":[{"simpleBaseType":["Selection"]}]},"base":"{http:\/\/www.w3.org\/2001\/XMLSchema}string"}}],"attributeFormDefault":"unqualified","elementFormDefault":"unqualified","targetNamespace":"http:\/\/SYSBPMUI","id":"_12.7ecaf4f2-7fc8-47d6-8c1b-758dd8f81a2c"}</jsonData>
        <dataName isNull="true" />
        <description isNull="true" />
        <guid>guid:7ae9754cc6d36c67:4ae9e5d5:1784bd9e016:-7f4c</guid>
        <versionId>1f936c23-3dc1-4ece-a291-0cae51603386</versionId>
        <definition>
            <validator>
                <className isNull="true" />
                <errorMessage isNull="true" />
                <webWidgetJavaClass isNull="true" />
                <externalType isNull="true" />
                <configData>
                    <schema>
                        <simpleType name="PageId">
                            <restriction base="Selection" />
                        </simpleType>
                    </schema>
                </configData>
            </validator>
            <annotation type="com.lombardisoftware.core.xml.XMLTypeAnnotation" version="2.0">
                <exclude isNull="true" />
                <anonymous isNull="true" />
                <local isNull="true" />
                <name isNull="true" />
                <namespace isNull="true" />
                <elementName isNull="true" />
                <elementNamespace isNull="true" />
                <protoTypeName isNull="true" />
                <baseTypeName isNull="true" />
                <specialType isNull="true" />
                <contentTypeVariety isNull="true" />
                <xscRef isNull="true" />
            </annotation>
        </definition>
    </twClass>
</teamworks>

