<?xml version="1.0" encoding="UTF-8"?>
<teamworks>
    <twClass id="12.8f78f7ac-8040-407e-86e3-db418827cf2c" name="GeoMonitoringMode">
        <lastModified>1426541648523</lastModified>
        <lastModifiedBy>admin</lastModifiedBy>
        <tenantId isNull="true" />
        <classId>12.8f78f7ac-8040-407e-86e3-db418827cf2c</classId>
        <type>0</type>
        <isSystem>false</isSystem>
        <shared>false</shared>
        <isShadow>false</isShadow>
        <globalLifetime>false</globalLifetime>
        <internalName isNull="true" />
        <extensionType isNull="true" />
        <saveServiceRef isNull="true" />
        <bpmn2Data isNull="true" />
        <externalId isNull="true" />
        <dependencySummary isNull="true" />
        <jsonData isNull="true" />
        <dataName isNull="true" />
        <description isNull="true" />
        <guid>guid:13ab5d1ca09c4b5e:24efe304:14c2289bd73:-7ff8</guid>
        <versionId>bcb1d2a5-2d13-4e19-b68e-2e4330f4f1fd</versionId>
        <definition>
            <validator>
                <className isNull="true" />
                <errorMessage isNull="true" />
                <webWidgetJavaClass isNull="true" />
                <externalType isNull="true" />
                <configData>
                    <schema>
                        <simpleType name="GeoMonitoringMode">
                            <restriction base="Selection">
                                <option value="L" display="Once on Load" />
                                <option value="C" display="Continuous" />
                                <option value="S" display="Initially Stopped" />
                            </restriction>
                        </simpleType>
                    </schema>
                </configData>
            </validator>
            <annotation type="com.lombardisoftware.core.xml.XMLTypeAnnotation" version="2.0">
                <exclude isNull="true" />
                <anonymous isNull="true" />
                <local isNull="true" />
                <name isNull="true" />
                <namespace isNull="true" />
                <elementName isNull="true" />
                <elementNamespace isNull="true" />
                <protoTypeName isNull="true" />
                <baseTypeName isNull="true" />
                <specialType isNull="true" />
                <contentTypeVariety isNull="true" />
                <xscRef isNull="true" />
            </annotation>
        </definition>
    </twClass>
</teamworks>

