<?xml version="1.0" encoding="UTF-8"?>
<teamworks>
    <twClass id="12.8b039e11-55ae-4b02-a6ab-461c59b35375" name="NavigationBarAlignment">
        <lastModified>1615490869586</lastModified>
        <lastModifiedBy>tw_admin</lastModifiedBy>
        <tenantId isNull="true" />
        <classId>12.8b039e11-55ae-4b02-a6ab-461c59b35375</classId>
        <type>0</type>
        <isSystem>false</isSystem>
        <shared>false</shared>
        <isShadow>false</isShadow>
        <globalLifetime>false</globalLifetime>
        <internalName isNull="true" />
        <extensionType isNull="true" />
        <saveServiceRef isNull="true" />
        <bpmn2Data isNull="true" />
        <externalId>itm.12.8b039e11-55ae-4b02-a6ab-461c59b35375</externalId>
        <dependencySummary isNull="true" />
        <jsonData>{"simpleType":[{"annotation":{"documentation":[{}],"appinfo":[{"advancedProperties":[{}]}]},"name":"NavigationBarAlignment","restriction":{"annotation":{"appinfo":[{"simpleBaseType":["Selection"]}]},"enumeration":[{"annotation":{"appinfo":[{"displayName":["Left"]}]},"value":"left"},{"annotation":{"appinfo":[{"displayName":["Center"]}]},"value":"center"},{"annotation":{"appinfo":[{"displayName":["Right"]}]},"value":"right"}],"base":"{http:\/\/www.w3.org\/2001\/XMLSchema}string"}}],"attributeFormDefault":"unqualified","elementFormDefault":"unqualified","targetNamespace":"http:\/\/SYSBPMUI","id":"_12.8b039e11-55ae-4b02-a6ab-461c59b35375"}</jsonData>
        <dataName isNull="true" />
        <description>&lt;HTML&gt;&lt;HEAD&gt;&#xD;
&lt;STYLE type=text/css&gt; p{margin:0px;}&lt;/STYLE&gt;&#xD;
&lt;/HEAD&gt;&#xD;
&lt;BODY style="FONT-SIZE: 10pt; FONT-FAMILY: arial" bgColor=#f5f5f5&gt;Available navigation alignment styles&lt;/BODY&gt;&lt;/HTML&gt;</description>
        <guid>guid:53bea45622edc2bd:4fe9c6d0:17822bb5dfb:-7fda</guid>
        <versionId>38b0863e-db39-426b-998b-dc1abba40b24</versionId>
        <definition>
            <validator>
                <className isNull="true" />
                <errorMessage isNull="true" />
                <webWidgetJavaClass isNull="true" />
                <externalType isNull="true" />
                <configData>
                    <schema>
                        <simpleType name="NavigationBarAlignment">
                            <restriction base="Selection">
                                <option value="left" display="Left" />
                                <option value="center" display="Center" />
                                <option value="right" display="Right" />
                            </restriction>
                        </simpleType>
                    </schema>
                </configData>
            </validator>
            <annotation type="com.lombardisoftware.core.xml.XMLTypeAnnotation" version="2.0">
                <exclude isNull="true" />
                <anonymous isNull="true" />
                <local isNull="true" />
                <name isNull="true" />
                <namespace isNull="true" />
                <elementName isNull="true" />
                <elementNamespace isNull="true" />
                <protoTypeName isNull="true" />
                <baseTypeName isNull="true" />
                <specialType isNull="true" />
                <contentTypeVariety isNull="true" />
                <xscRef isNull="true" />
            </annotation>
        </definition>
    </twClass>
</teamworks>

