<?xml version="1.0" encoding="UTF-8"?>
<teamworks>
    <twClass id="12.9cf62f5b-22b4-4129-b5c7-8cad808b140f" name="SpinnerSizeStyle">
        <lastModified>1594339998281</lastModified>
        <lastModifiedBy>tw_admin</lastModifiedBy>
        <tenantId isNull="true" />
        <classId>12.9cf62f5b-22b4-4129-b5c7-8cad808b140f</classId>
        <type>0</type>
        <isSystem>false</isSystem>
        <shared>false</shared>
        <isShadow>false</isShadow>
        <globalLifetime>false</globalLifetime>
        <internalName isNull="true" />
        <extensionType isNull="true" />
        <saveServiceRef isNull="true" />
        <bpmn2Data isNull="true" />
        <externalId>itm.12.9cf62f5b-22b4-4129-b5c7-8cad808b140f</externalId>
        <dependencySummary isNull="true" />
        <jsonData>{"simpleType":[{"annotation":{"documentation":[{"content":["Available loading spinner size styles"]}],"appinfo":[{"advancedProperties":[{}]}]},"name":"SpinnerSizeStyle","restriction":{"annotation":{"appinfo":[{"simpleBaseType":["Selection"]}]},"enumeration":[{"annotation":{"appinfo":[{"displayName":["Default"]}]},"value":"D"},{"annotation":{"appinfo":[{"displayName":["Small"]}]},"value":"S"}],"base":"{http:\/\/www.w3.org\/2001\/XMLSchema}string"}}],"attributeFormDefault":"unqualified","elementFormDefault":"unqualified","targetNamespace":"http:\/\/SYSBPMUI","id":"_12.9cf62f5b-22b4-4129-b5c7-8cad808b140f"}</jsonData>
        <dataName isNull="true" />
        <description>Available loading spinner size styles</description>
        <guid>guid:1797a5ddbe4b772c:3b16a953:17334521722:-7827</guid>
        <versionId>a131f008-b84a-4008-a5ff-c9f57b92b208</versionId>
        <definition>
            <validator>
                <className isNull="true" />
                <errorMessage isNull="true" />
                <webWidgetJavaClass isNull="true" />
                <externalType isNull="true" />
                <configData>
                    <schema>
                        <simpleType name="SpinnerSizeStyle">
                            <restriction base="Selection">
                                <option value="D" display="Default" />
                                <option value="S" display="Small" />
                            </restriction>
                        </simpleType>
                    </schema>
                </configData>
            </validator>
            <annotation type="com.lombardisoftware.core.xml.XMLTypeAnnotation" version="2.0">
                <exclude isNull="true" />
                <anonymous isNull="true" />
                <local isNull="true" />
                <name isNull="true" />
                <namespace isNull="true" />
                <elementName isNull="true" />
                <elementNamespace isNull="true" />
                <protoTypeName isNull="true" />
                <baseTypeName isNull="true" />
                <specialType isNull="true" />
                <contentTypeVariety isNull="true" />
                <xscRef isNull="true" />
            </annotation>
        </definition>
    </twClass>
</teamworks>

