<?xml version="1.0" encoding="UTF-8"?>
<teamworks>
    <twClass id="12.92fe7be4-e087-4c49-b977-9b4c77bf25bf" name="BadgeShapeStyle">
        <lastModified>1466514921337</lastModified>
        <lastModifiedBy>John McDonald</lastModifiedBy>
        <tenantId isNull="true" />
        <classId>12.92fe7be4-e087-4c49-b977-9b4c77bf25bf</classId>
        <type>0</type>
        <isSystem>false</isSystem>
        <shared>false</shared>
        <isShadow>false</isShadow>
        <globalLifetime>false</globalLifetime>
        <internalName isNull="true" />
        <extensionType isNull="true" />
        <saveServiceRef isNull="true" />
        <bpmn2Data isNull="true" />
        <externalId isNull="true" />
        <dependencySummary isNull="true" />
        <jsonData isNull="true" />
        <dataName isNull="true" />
        <description>&lt;HTML&gt;&lt;HEAD&gt;&#xD;
&lt;STYLE type=text/css&gt; p{margin:0px;}&lt;/STYLE&gt;&#xD;
&lt;/HEAD&gt;&#xD;
&lt;BODY style="FONT-SIZE: 10pt; FONT-FAMILY: arial" bgColor=#f5f5f5&gt;Available Badge Shape Styles&lt;/BODY&gt;&lt;/HTML&gt;</description>
        <guid>guid:0b4cd377d9cf807f:-4f2bec8e:14a586d4fad:-7ff6</guid>
        <versionId>57d5ecf2-6b0f-4200-95d4-a8c4def41e73</versionId>
        <definition>
            <validator>
                <className isNull="true" />
                <errorMessage isNull="true" />
                <webWidgetJavaClass isNull="true" />
                <externalType isNull="true" />
                <configData>
                    <schema>
                        <simpleType name="BadgeShapeStyle">
                            <restriction base="Selection">
                                <option value="B" display="Badge" />
                                <option value="L" display="Label" />
                                <option value="T" display="Tag" />
                            </restriction>
                        </simpleType>
                    </schema>
                </configData>
            </validator>
            <annotation type="com.lombardisoftware.core.xml.XMLTypeAnnotation" version="2.0">
                <exclude isNull="true" />
                <anonymous isNull="true" />
                <local isNull="true" />
                <name isNull="true" />
                <namespace isNull="true" />
                <elementName isNull="true" />
                <elementNamespace isNull="true" />
                <protoTypeName isNull="true" />
                <baseTypeName isNull="true" />
                <specialType isNull="true" />
                <contentTypeVariety isNull="true" />
                <xscRef isNull="true" />
            </annotation>
        </definition>
    </twClass>
</teamworks>

