<?xml version="1.0" encoding="UTF-8"?>
<teamworks>
    <twClass id="12.b78140ae-8932-4539-96dd-28361a872826" name="NavigationItemType">
        <lastModified>1616179087554</lastModified>
        <lastModifiedBy>tw_admin</lastModifiedBy>
        <tenantId isNull="true" />
        <classId>12.b78140ae-8932-4539-96dd-28361a872826</classId>
        <type>0</type>
        <isSystem>false</isSystem>
        <shared>false</shared>
        <isShadow>false</isShadow>
        <globalLifetime>false</globalLifetime>
        <internalName isNull="true" />
        <extensionType isNull="true" />
        <saveServiceRef isNull="true" />
        <bpmn2Data isNull="true" />
        <externalId>itm.12.b78140ae-8932-4539-96dd-28361a872826</externalId>
        <dependencySummary isNull="true" />
        <jsonData>{"simpleType":[{"annotation":{"documentation":[{}],"appinfo":[{"advancedProperties":[{}]}]},"name":"NavigationItemType","restriction":{"annotation":{"appinfo":[{"simpleBaseType":["Selection"]}]},"enumeration":[{"annotation":{"appinfo":[{"displayName":["Internal app link"]}]},"value":"page"},{"annotation":{"appinfo":[{"displayName":["External URL"]}]},"value":"url"}],"base":"{http:\/\/www.w3.org\/2001\/XMLSchema}string"}}],"attributeFormDefault":"unqualified","elementFormDefault":"unqualified","targetNamespace":"http:\/\/SYSBPMUI","id":"_12.b78140ae-8932-4539-96dd-28361a872826"}</jsonData>
        <dataName isNull="true" />
        <description>&lt;HTML&gt;&lt;HEAD&gt;&#xD;
&lt;STYLE type=text/css&gt; p{margin:0px;}&lt;/STYLE&gt;&#xD;
&lt;/HEAD&gt;&#xD;
&lt;BODY style="FONT-SIZE: 10pt; FONT-FAMILY: arial" bgColor=#f5f5f5&gt;Navigation menu item type&lt;/BODY&gt;&lt;/HTML&gt;</description>
        <guid>guid:53bea45622edc2bd:4fe9c6d0:17822bb5dfb:-7f66</guid>
        <versionId>e24c6f9e-76c9-446b-bb08-755847a73350</versionId>
        <definition>
            <validator>
                <className isNull="true" />
                <errorMessage isNull="true" />
                <webWidgetJavaClass isNull="true" />
                <externalType isNull="true" />
                <configData>
                    <schema>
                        <simpleType name="NavigationItemType">
                            <restriction base="Selection">
                                <option value="page" display="Internal app link" />
                                <option value="url" display="External URL" />
                            </restriction>
                        </simpleType>
                    </schema>
                </configData>
            </validator>
            <annotation type="com.lombardisoftware.core.xml.XMLTypeAnnotation" version="2.0">
                <exclude isNull="true" />
                <anonymous isNull="true" />
                <local isNull="true" />
                <name isNull="true" />
                <namespace isNull="true" />
                <elementName isNull="true" />
                <elementNamespace isNull="true" />
                <protoTypeName isNull="true" />
                <baseTypeName isNull="true" />
                <specialType isNull="true" />
                <contentTypeVariety isNull="true" />
                <xscRef isNull="true" />
            </annotation>
        </definition>
    </twClass>
</teamworks>

