<?xml version="1.0" encoding="UTF-8"?>
<teamworks>
    <twClass id="12.df767017-b5d7-4b1b-9735-ae9a328fd119" name="VerticalAlignment">
        <lastModified>1466520168659</lastModified>
        <lastModifiedBy>John McDonald</lastModifiedBy>
        <tenantId isNull="true" />
        <classId>12.df767017-b5d7-4b1b-9735-ae9a328fd119</classId>
        <type>0</type>
        <isSystem>false</isSystem>
        <shared>false</shared>
        <isShadow>false</isShadow>
        <globalLifetime>false</globalLifetime>
        <internalName isNull="true" />
        <extensionType isNull="true" />
        <saveServiceRef isNull="true" />
        <bpmn2Data isNull="true" />
        <externalId isNull="true" />
        <dependencySummary isNull="true" />
        <jsonData isNull="true" />
        <dataName isNull="true" />
        <description>&lt;HTML&gt;&lt;HEAD&gt;&#xD;
&lt;STYLE type=text/css&gt; p{margin:0px;}&lt;/STYLE&gt;&#xD;
&lt;/HEAD&gt;&#xD;
&lt;BODY style="FONT-SIZE: 10pt; FONT-FAMILY: arial" bgColor=#f5f5f5&gt;Available vertical alignments&lt;/BODY&gt;&lt;/HTML&gt;</description>
        <guid>guid:19d93298483cd548:-36cf8e2b:146f23662f8:-7ffc</guid>
        <versionId>1044b09c-9465-4c44-8bb0-0dfce8be5a94</versionId>
        <definition>
            <validator>
                <className isNull="true" />
                <errorMessage isNull="true" />
                <webWidgetJavaClass isNull="true" />
                <externalType isNull="true" />
                <configData>
                    <schema>
                        <simpleType name="VerticalAlignment">
                            <restriction base="Selection">
                                <option value="T" display="Top" />
                                <option value="M" display="Middle" />
                                <option value="B" display="Bottom" />
                            </restriction>
                        </simpleType>
                    </schema>
                </configData>
            </validator>
            <annotation type="com.lombardisoftware.core.xml.XMLTypeAnnotation" version="2.0">
                <exclude isNull="true" />
                <anonymous isNull="true" />
                <local isNull="true" />
                <name isNull="true" />
                <namespace isNull="true" />
                <elementName isNull="true" />
                <elementNamespace isNull="true" />
                <protoTypeName isNull="true" />
                <baseTypeName isNull="true" />
                <specialType isNull="true" />
                <contentTypeVariety isNull="true" />
                <xscRef isNull="true" />
            </annotation>
        </definition>
    </twClass>
</teamworks>

