<?xml version="1.0" encoding="UTF-8"?>
<teamworks>
    <managedAsset id="61.00a80cff-4a9b-431b-974f-3c1240587515" name="BPMExt-Control-TextEditor.js">
        <lastModified>1495110354573</lastModified>
        <lastModifiedBy>Kirankumar Rana</lastModifiedBy>
        <tenantId isNull="true" />
        <managedAssetId>61.00a80cff-4a9b-431b-974f-3c1240587515</managedAssetId>
        <assetUuid>9766b6f9-0a96-4e6c-8b0b-e094152b2e67</assetUuid>
        <mimeType>application/javascript</mimeType>
        <charEncoding isNull="true" />
        <assetTypeCode>W</assetTypeCode>
        <length>42117</length>
        <localLastModification>1495110058210</localLastModification>
        <description isNull="true" />
        <isDocumentationFile>false</isDocumentationFile>
        <guid>a340ef1a-c623-47a7-971d-2e6806535df5</guid>
        <versionId>eb5bf60b-1220-4a7f-8094-40c3b9f726af</versionId>
    </managedAsset>
</teamworks>

