<?xml version="1.0" encoding="UTF-8"?>
<teamworks>
    <managedAsset id="61.0dab4754-2374-40be-9fa8-d4e73bbe529c" name="BPMExt-Control-StepChart-Palette.png">
        <lastModified>1429666819609</lastModified>
        <lastModifiedBy>admin</lastModifiedBy>
        <tenantId isNull="true" />
        <managedAssetId>61.0dab4754-2374-40be-9fa8-d4e73bbe529c</managedAssetId>
        <assetUuid>f383e938-9d7d-4d13-9f39-b4596f8eb504</assetUuid>
        <mimeType>image/png</mimeType>
        <charEncoding isNull="true" />
        <assetTypeCode>W</assetTypeCode>
        <length>734</length>
        <localLastModification>1423257607558</localLastModification>
        <description isNull="true" />
        <isDocumentationFile>false</isDocumentationFile>
        <guid>14cd2816-f0cc-4f16-b2f2-97707ffb8791</guid>
        <versionId>874f6f40-1182-4275-8762-2187d3ad5dc0</versionId>
    </managedAsset>
</teamworks>

