<?xml version="1.0" encoding="UTF-8"?>
<teamworks>
    <managedAsset id="61.0603c0d2-c929-4689-8d56-67f9c9f57162" name="BPMExt-Control-SiteMenu.js">
        <lastModified>1615491740289</lastModified>
        <lastModifiedBy>tw_admin</lastModifiedBy>
        <tenantId isNull="true" />
        <managedAssetId>61.0603c0d2-c929-4689-8d56-67f9c9f57162</managedAssetId>
        <assetUuid>7840650a-24a4-43ae-99a6-aa6f4cd38b80</assetUuid>
        <mimeType>application/javascript</mimeType>
        <charEncoding isNull="true" />
        <assetTypeCode>W</assetTypeCode>
        <length>28803</length>
        <localLastModification>1615488161616</localLastModification>
        <description isNull="true" />
        <isDocumentationFile>false</isDocumentationFile>
        <guid>1573ca71-4d23-4ddf-83cf-9dc72dccfd62</guid>
        <versionId>ab263c76-aedd-471d-b144-20e598a87eca</versionId>
    </managedAsset>
</teamworks>

