<?xml version="1.0" encoding="UTF-8"?>
<teamworks>
    <managedAsset id="61.05174ad1-1908-4c13-9008-8cd16818b918" name="BPMExt-Control-Timer-Palette.png">
        <lastModified>1429666920587</lastModified>
        <lastModifiedBy>admin</lastModifiedBy>
        <tenantId isNull="true" />
        <managedAssetId>61.05174ad1-1908-4c13-9008-8cd16818b918</managedAssetId>
        <assetUuid>50177bff-baef-4faa-8751-afd2ffee8586</assetUuid>
        <mimeType>image/png</mimeType>
        <charEncoding isNull="true" />
        <assetTypeCode>W</assetTypeCode>
        <length>876</length>
        <localLastModification>1423174298732</localLastModification>
        <description isNull="true" />
        <isDocumentationFile>false</isDocumentationFile>
        <guid>4ab8d17a-b712-4883-96cf-77372452b972</guid>
        <versionId>8f48de64-7403-4e06-9c67-adaedbd842c2</versionId>
    </managedAsset>
</teamworks>

