<?xml version="1.0" encoding="UTF-8"?>
<teamworks>
    <managedAsset id="61.1cd4a3dc-eab9-4f2c-94bd-204732e2f440" name="Error-Graphic.png">
        <lastModified>1624303710391</lastModified>
        <lastModifiedBy>tw_admin</lastModifiedBy>
        <tenantId isNull="true" />
        <managedAssetId>61.1cd4a3dc-eab9-4f2c-94bd-204732e2f440</managedAssetId>
        <assetUuid>3faf9152-d048-4b34-892f-259afce5ad57</assetUuid>
        <mimeType>image/png</mimeType>
        <charEncoding isNull="true" />
        <assetTypeCode>W</assetTypeCode>
        <length>17715</length>
        <localLastModification>1624303627788</localLastModification>
        <description isNull="true" />
        <isDocumentationFile>false</isDocumentationFile>
        <guid>197653b8-5089-4dd7-8dbe-faa04aba258a</guid>
        <versionId>3253df47-3265-4c5c-b1c3-8c282beb65f0</versionId>
    </managedAsset>
</teamworks>

