<?xml version="1.0" encoding="UTF-8"?>
<teamworks>
    <managedAsset id="61.12484d34-a415-4725-aa05-1ad6a27318c5" name="BPMExt-Control-Well-Preview.html">
        <lastModified>1484985607051</lastModified>
        <lastModifiedBy>Kirankumar Rana</lastModifiedBy>
        <tenantId isNull="true" />
        <managedAssetId>61.12484d34-a415-4725-aa05-1ad6a27318c5</managedAssetId>
        <assetUuid>2b6f3fbd-e344-49fc-8b31-c0c91e08f342</assetUuid>
        <mimeType>text/html</mimeType>
        <charEncoding isNull="true" />
        <assetTypeCode>W</assetTypeCode>
        <length>897</length>
        <localLastModification>1484985323660</localLastModification>
        <description isNull="true" />
        <isDocumentationFile>false</isDocumentationFile>
        <guid>124abc60-d062-4491-b610-f468d2232bbe</guid>
        <versionId>73b95d46-c23c-4f43-956c-a91702826235</versionId>
    </managedAsset>
</teamworks>

