<?xml version="1.0" encoding="UTF-8"?>
<teamworks>
    <managedAsset id="61.1eafdab2-3488-4e7b-80a8-5ed4e9ce4604" name="BPMExt-Control-Stack.js">
        <lastModified>1495184460719</lastModified>
        <lastModifiedBy>Kirankumar Rana</lastModifiedBy>
        <tenantId isNull="true" />
        <managedAssetId>61.1eafdab2-3488-4e7b-80a8-5ed4e9ce4604</managedAssetId>
        <assetUuid>8c40c650-1529-4b0e-b6e0-51bd5b80d47f</assetUuid>
        <mimeType>application/javascript</mimeType>
        <charEncoding isNull="true" />
        <assetTypeCode>W</assetTypeCode>
        <length>8042</length>
        <localLastModification>1495183067328</localLastModification>
        <description isNull="true" />
        <isDocumentationFile>false</isDocumentationFile>
        <guid>d0b5b495-c061-4e41-9ea7-a29a24cc03b7</guid>
        <versionId>8b1f6fe8-9b79-4e03-ab5b-382f77ff83a6</versionId>
    </managedAsset>
</teamworks>

