<?xml version="1.0" encoding="UTF-8"?>
<teamworks>
    <managedAsset id="61.113fd719-40bb-43a5-b9df-3b473420bd55" name="BPMExt-Lib-QRCode.zip">
        <lastModified>1460679281538</lastModified>
        <lastModifiedBy>Eric Ducos</lastModifiedBy>
        <tenantId isNull="true" />
        <managedAssetId>61.113fd719-40bb-43a5-b9df-3b473420bd55</managedAssetId>
        <assetUuid>0e39adea-f507-4109-91d7-b185a1a2fb37</assetUuid>
        <mimeType>application/zip</mimeType>
        <charEncoding isNull="true" />
        <assetTypeCode>W</assetTypeCode>
        <length>12720</length>
        <localLastModification>1460679262571</localLastModification>
        <description isNull="true" />
        <isDocumentationFile>false</isDocumentationFile>
        <guid>9aec4734-05d8-48ab-9a70-5ac43efcee08</guid>
        <versionId>30705f11-c816-4c67-b9e3-65a2b64f62f3</versionId>
    </managedAsset>
</teamworks>

