<?xml version="1.0" encoding="UTF-8"?>
<teamworks>
    <managedAsset id="61.1342f329-3bb5-40c3-a41f-787a25dfad3e" name="BPMExt-Control-Switch-Preview.js">
        <lastModified>1480495897765</lastModified>
        <lastModifiedBy>Kirankumar Rana</lastModifiedBy>
        <tenantId isNull="true" />
        <managedAssetId>61.1342f329-3bb5-40c3-a41f-787a25dfad3e</managedAssetId>
        <assetUuid>5b577a42-0f52-4c83-82b3-a4c0fb1605e5</assetUuid>
        <mimeType>application/javascript</mimeType>
        <charEncoding isNull="true" />
        <assetTypeCode>W</assetTypeCode>
        <length>13339</length>
        <localLastModification>1480495853800</localLastModification>
        <description isNull="true" />
        <isDocumentationFile>false</isDocumentationFile>
        <guid>1524743a-61fd-4a21-bd14-c81561da8a36</guid>
        <versionId>633ec72c-2b2e-4e41-a092-9a1eb8fb65be</versionId>
    </managedAsset>
</teamworks>

