<?xml version="1.0" encoding="UTF-8"?>
<teamworks>
    <managedAsset id="61.1006f183-d180-4437-ab4b-4bb92c108640" name="BPMExt-Control-ModalSection-Preview.js">
        <lastModified>1488373700528</lastModified>
        <lastModifiedBy>Kirankumar Rana</lastModifiedBy>
        <tenantId isNull="true" />
        <managedAssetId>61.1006f183-d180-4437-ab4b-4bb92c108640</managedAssetId>
        <assetUuid>39371f5b-e71c-431a-bde4-32b9e565c7b7</assetUuid>
        <mimeType>application/javascript</mimeType>
        <charEncoding isNull="true" />
        <assetTypeCode>W</assetTypeCode>
        <length>11374</length>
        <localLastModification>1488373381544</localLastModification>
        <description isNull="true" />
        <isDocumentationFile>false</isDocumentationFile>
        <guid>af3e86bd-af48-4e99-b024-1be80fb05730</guid>
        <versionId>e35475b4-e01d-43e9-af37-24cc1398ac44</versionId>
    </managedAsset>
</teamworks>

