<?xml version="1.0" encoding="UTF-8"?>
<teamworks>
    <managedAsset id="61.283ca7f0-167d-412e-ac63-7c345a0951ce" name="BPMExt-Control-Badge.css">
        <lastModified>1493812388193</lastModified>
        <lastModifiedBy>Kirankumar Rana</lastModifiedBy>
        <tenantId isNull="true" />
        <managedAssetId>61.283ca7f0-167d-412e-ac63-7c345a0951ce</managedAssetId>
        <assetUuid>8ad9e402-4d38-4c60-9e9b-1d8c942023a1</assetUuid>
        <mimeType>text/css</mimeType>
        <charEncoding isNull="true" />
        <assetTypeCode>W</assetTypeCode>
        <length>34</length>
        <localLastModification>1493811662137</localLastModification>
        <description isNull="true" />
        <isDocumentationFile>false</isDocumentationFile>
        <guid>d5582c02-f7a0-429e-ba2b-bad4024d84bf</guid>
        <versionId>ce3e2b40-d8ef-41d3-9858-2f2ec2f17362</versionId>
    </managedAsset>
</teamworks>

