<?xml version="1.0" encoding="UTF-8"?>
<teamworks>
    <managedAsset id="61.2abeb6bf-a56b-4083-a822-834c60a8d2b2" name="BPMExt-Control-Panel.js">
        <lastModified>1495104637338</lastModified>
        <lastModifiedBy>Kirankumar Rana</lastModifiedBy>
        <tenantId isNull="true" />
        <managedAssetId>61.2abeb6bf-a56b-4083-a822-834c60a8d2b2</managedAssetId>
        <assetUuid>ce20559a-54f2-49c7-84e0-46755108082c</assetUuid>
        <mimeType>application/javascript</mimeType>
        <charEncoding isNull="true" />
        <assetTypeCode>W</assetTypeCode>
        <length>28858</length>
        <localLastModification>1495104006424</localLastModification>
        <description isNull="true" />
        <isDocumentationFile>false</isDocumentationFile>
        <guid>123d7556-0047-44c5-8553-5a9fba7c69ee</guid>
        <versionId>5d0ebecf-11c9-486b-8089-cbfe982f0d5c</versionId>
    </managedAsset>
</teamworks>

