<?xml version="1.0" encoding="UTF-8"?>
<teamworks>
    <managedAsset id="61.3f2c5a51-5bc5-4b55-8a41-7018c843e453" name="BPMExt-Controls.min.js">
        <lastModified>1495102288143</lastModified>
        <lastModifiedBy></lastModifiedBy>
        <tenantId isNull="true" />
        <managedAssetId>61.3f2c5a51-5bc5-4b55-8a41-7018c843e453</managedAssetId>
        <assetUuid>13986f41-c4be-4f3c-a912-e9179f6b54fc</assetUuid>
        <mimeType>application/javascript</mimeType>
        <charEncoding isNull="true" />
        <assetTypeCode>W</assetTypeCode>
        <length>935489</length>
        <localLastModification>1495101827612</localLastModification>
        <description isNull="true" />
        <isDocumentationFile>false</isDocumentationFile>
        <guid>28a3c73a-a219-491b-8e8c-adea4889f4be</guid>
        <versionId>012548b3-0398-4ad5-84ec-a2dc61f71ac0</versionId>
    </managedAsset>
</teamworks>

