<?xml version="1.0" encoding="UTF-8"?>
<teamworks>
    <managedAsset id="61.3eabb79c-03ee-4d2a-a002-0f99b8ba0d4a" name="BPMExt-Control-PieChart-Palette.png">
        <lastModified>1429666831360</lastModified>
        <lastModifiedBy>admin</lastModifiedBy>
        <tenantId isNull="true" />
        <managedAssetId>61.3eabb79c-03ee-4d2a-a002-0f99b8ba0d4a</managedAssetId>
        <assetUuid>75509b08-9bd5-4169-a37a-1d108b7ebb6d</assetUuid>
        <mimeType>image/png</mimeType>
        <charEncoding isNull="true" />
        <assetTypeCode>W</assetTypeCode>
        <length>1587</length>
        <localLastModification>1423258259124</localLastModification>
        <description isNull="true" />
        <isDocumentationFile>false</isDocumentationFile>
        <guid>4791b47c-8fcb-46ab-b355-2352bba36f2b</guid>
        <versionId>addd5a7c-78c8-4004-b20b-cf719313b0a5</versionId>
    </managedAsset>
</teamworks>

