<?xml version="1.0" encoding="UTF-8"?>
<teamworks>
    <managedAsset id="61.36061282-9bd6-47da-8b6d-9531c3f5ea15" name="BPMExt-Lib-Dropzone.zip">
        <lastModified>1494931509423</lastModified>
        <lastModifiedBy>Zubin Shah</lastModifiedBy>
        <tenantId isNull="true" />
        <managedAssetId>61.36061282-9bd6-47da-8b6d-9531c3f5ea15</managedAssetId>
        <assetUuid>8a87708d-1034-4ac8-96bf-9ceae85f2efc</assetUuid>
        <mimeType>application/zip</mimeType>
        <charEncoding isNull="true" />
        <assetTypeCode>W</assetTypeCode>
        <length>67268</length>
        <localLastModification>1494931449602</localLastModification>
        <description isNull="true" />
        <isDocumentationFile>false</isDocumentationFile>
        <guid>daab90f2-b425-4440-bda2-b1d7c65b36dd</guid>
        <versionId>f52d3b34-8baa-4151-9487-7d4ec0fa29a4</versionId>
    </managedAsset>
</teamworks>

