<?xml version="1.0" encoding="UTF-8"?>
<teamworks>
    <managedAsset id="61.3f1a0c1d-5701-4df6-b9bd-a1c259364155" name="BPMExt-Control-Data.js">
        <lastModified>1495182291020</lastModified>
        <lastModifiedBy>Kirankumar Rana</lastModifiedBy>
        <tenantId isNull="true" />
        <managedAssetId>61.3f1a0c1d-5701-4df6-b9bd-a1c259364155</managedAssetId>
        <assetUuid>177e7e72-c194-41f7-8a43-b5f1df590c88</assetUuid>
        <mimeType>application/javascript</mimeType>
        <charEncoding isNull="true" />
        <assetTypeCode>W</assetTypeCode>
        <length>6227</length>
        <localLastModification>1495180671444</localLastModification>
        <description isNull="true" />
        <isDocumentationFile>false</isDocumentationFile>
        <guid>a238d389-e563-42f2-bfed-7c77e5cf4d29</guid>
        <versionId>e3e40eb7-31d0-4797-9679-7c6c286b9ea0</versionId>
    </managedAsset>
</teamworks>

