<?xml version="1.0" encoding="UTF-8"?>
<teamworks>
    <managedAsset id="61.3ee103be-b9b7-4c05-801e-77e43dba6820" name="BPMExt-Control-NavigationEvent.js">
        <lastModified>1466100374363</lastModified>
        <lastModifiedBy>John McDonald</lastModifiedBy>
        <tenantId isNull="true" />
        <managedAssetId>61.3ee103be-b9b7-4c05-801e-77e43dba6820</managedAssetId>
        <assetUuid>c5d65b38-c056-4623-a990-aff91c3c7c97</assetUuid>
        <mimeType>application/javascript</mimeType>
        <charEncoding isNull="true" />
        <assetTypeCode>W</assetTypeCode>
        <length>7111</length>
        <localLastModification>1465839397056</localLastModification>
        <description isNull="true" />
        <isDocumentationFile>false</isDocumentationFile>
        <guid>714591a4-c25c-41d7-bd02-95ec28786fc3</guid>
        <versionId>0b85c034-1a99-4ef4-ba6b-946ad5155de9</versionId>
    </managedAsset>
</teamworks>

