<?xml version="1.0" encoding="UTF-8"?>
<teamworks>
    <managedAsset id="61.3e228201-c2ad-4200-aaea-b8176c11df02" name="BPMExt-Control-ModalSection-Palette.png">
        <lastModified>1429666635931</lastModified>
        <lastModifiedBy>admin</lastModifiedBy>
        <tenantId isNull="true" />
        <managedAssetId>61.3e228201-c2ad-4200-aaea-b8176c11df02</managedAssetId>
        <assetUuid>5447f962-67ff-41b0-b481-43af3db40d3c</assetUuid>
        <mimeType>image/png</mimeType>
        <charEncoding isNull="true" />
        <assetTypeCode>W</assetTypeCode>
        <length>416</length>
        <localLastModification>1423259282475</localLastModification>
        <description isNull="true" />
        <isDocumentationFile>false</isDocumentationFile>
        <guid>2bd8f4ac-7e4a-43ec-9027-addd1a56ea55</guid>
        <versionId>c9f95c7b-425a-466f-9c27-df06be56802a</versionId>
    </managedAsset>
</teamworks>

