<?xml version="1.0" encoding="UTF-8"?>
<teamworks>
    <managedAsset id="61.38ac0980-53ee-4db0-a738-9c955a37e390" name="BPMExt-Control-TextArea-Preview.js">
        <lastModified>1483707130969</lastModified>
        <lastModifiedBy>Kirankumar Rana</lastModifiedBy>
        <tenantId isNull="true" />
        <managedAssetId>61.38ac0980-53ee-4db0-a738-9c955a37e390</managedAssetId>
        <assetUuid>fe47bdd7-dd7c-41b5-9833-7a7d5199e8bb</assetUuid>
        <mimeType>application/javascript</mimeType>
        <charEncoding isNull="true" />
        <assetTypeCode>W</assetTypeCode>
        <length>6908</length>
        <localLastModification>1483704352840</localLastModification>
        <description isNull="true" />
        <isDocumentationFile>false</isDocumentationFile>
        <guid>7ce22d96-7815-4f09-a2f3-51789e359875</guid>
        <versionId>ec6fed8d-5e88-42c9-8760-439f3e70a0b9</versionId>
    </managedAsset>
</teamworks>

