<?xml version="1.0" encoding="UTF-8"?>
<teamworks>
    <managedAsset id="61.3af37a6d-c01a-46a2-983a-789fdc641314" name="BPMExt-Control-Video-Preview.png">
        <lastModified>1429667519615</lastModified>
        <lastModifiedBy>admin</lastModifiedBy>
        <tenantId isNull="true" />
        <managedAssetId>61.3af37a6d-c01a-46a2-983a-789fdc641314</managedAssetId>
        <assetUuid>e78e2171-7990-46df-b227-94e39eaa6ba3</assetUuid>
        <mimeType>image/png</mimeType>
        <charEncoding isNull="true" />
        <assetTypeCode>W</assetTypeCode>
        <length>1954</length>
        <localLastModification>1423610820931</localLastModification>
        <description isNull="true" />
        <isDocumentationFile>false</isDocumentationFile>
        <guid>2502377a-7bc9-4b5a-b9fb-9bc8034a4cd9</guid>
        <versionId>58037880-5813-463c-8cd9-a3cb92a3a872</versionId>
    </managedAsset>
</teamworks>

