<?xml version="1.0" encoding="UTF-8"?>
<teamworks>
    <managedAsset id="61.3394bbc4-348c-4468-8de0-2b6a2b32c72d" name="BPMExt-Control-InputGroup-Preview.png">
        <lastModified>1429645225444</lastModified>
        <lastModifiedBy>admin</lastModifiedBy>
        <tenantId isNull="true" />
        <managedAssetId>61.3394bbc4-348c-4468-8de0-2b6a2b32c72d</managedAssetId>
        <assetUuid>112f749d-843f-4535-9743-da89c6baba21</assetUuid>
        <mimeType>image/png</mimeType>
        <charEncoding isNull="true" />
        <assetTypeCode>W</assetTypeCode>
        <length>839</length>
        <localLastModification>1423592878006</localLastModification>
        <description isNull="true" />
        <isDocumentationFile>false</isDocumentationFile>
        <guid>fbe3158b-5445-4ead-a807-31fb365fec2b</guid>
        <versionId>944c432d-a7c4-4152-a663-855c960582e7</versionId>
    </managedAsset>
</teamworks>

