<?xml version="1.0" encoding="UTF-8"?>
<teamworks>
    <managedAsset id="61.32839e4d-5046-4d6f-8223-c5bcf30cadd3" name="BPMExt-Control-Button-Preview.png">
        <lastModified>1464151811280</lastModified>
        <lastModifiedBy>Erick Quintanilla</lastModifiedBy>
        <tenantId isNull="true" />
        <managedAssetId>61.32839e4d-5046-4d6f-8223-c5bcf30cadd3</managedAssetId>
        <assetUuid>844dd36e-94bc-4bac-bd60-8d7205b9ba4d</assetUuid>
        <mimeType>text/calendar</mimeType>
        <charEncoding isNull="true" />
        <assetTypeCode>W</assetTypeCode>
        <length>726</length>
        <localLastModification>1423513165495</localLastModification>
        <description isNull="true" />
        <isDocumentationFile>false</isDocumentationFile>
        <guid>fa88e178-f26f-4834-80b5-e003f1cc90d2</guid>
        <versionId>aaa15e49-fc0a-4483-82c7-5e39d266d1ed</versionId>
    </managedAsset>
</teamworks>

