<?xml version="1.0" encoding="UTF-8"?>
<teamworks>
    <managedAsset id="61.32b3bbe3-fc82-4fbc-8202-8f9cd22ae032" name="BPMExt-Control-Panel-Preview.js">
        <lastModified>1480495055587</lastModified>
        <lastModifiedBy>Kirankumar Rana</lastModifiedBy>
        <tenantId isNull="true" />
        <managedAssetId>61.32b3bbe3-fc82-4fbc-8202-8f9cd22ae032</managedAssetId>
        <assetUuid>68f38b88-270a-49b9-b752-63ba8f215273</assetUuid>
        <mimeType>application/javascript</mimeType>
        <charEncoding isNull="true" />
        <assetTypeCode>W</assetTypeCode>
        <length>8371</length>
        <localLastModification>1480495001803</localLastModification>
        <description isNull="true" />
        <isDocumentationFile>false</isDocumentationFile>
        <guid>da9d7dc5-dab4-4111-a867-4d761ff9ece9</guid>
        <versionId>c0f21eff-0215-45f6-bdbd-f2b48e3e09e1</versionId>
    </managedAsset>
</teamworks>

