<?xml version="1.0" encoding="UTF-8"?>
<teamworks>
    <managedAsset id="61.42d40ca4-099b-4c1c-8cac-a4d2a6a36d4a" name="BPMExt-Control-QRCode-Palette.png">
        <lastModified>1429666782903</lastModified>
        <lastModifiedBy>admin</lastModifiedBy>
        <tenantId isNull="true" />
        <managedAssetId>61.42d40ca4-099b-4c1c-8cac-a4d2a6a36d4a</managedAssetId>
        <assetUuid>948ffacc-e408-4c13-acdf-7746e6eb5bb7</assetUuid>
        <mimeType>image/png</mimeType>
        <charEncoding isNull="true" />
        <assetTypeCode>W</assetTypeCode>
        <length>441</length>
        <localLastModification>1423241504211</localLastModification>
        <description isNull="true" />
        <isDocumentationFile>false</isDocumentationFile>
        <guid>65c141e9-3cd6-4fc5-869a-2d56162534ae</guid>
        <versionId>3962c902-b934-4dc1-8b62-970e55eaa1a9</versionId>
    </managedAsset>
</teamworks>

