<?xml version="1.0" encoding="UTF-8"?>
<teamworks>
    <managedAsset id="61.47b88d07-fe03-4858-98c9-99a3e264d110" name="BPMExt-Control-LineChartSDS-Preview.png">
        <lastModified>1493727915533</lastModified>
        <lastModifiedBy>Kirankumar Rana</lastModifiedBy>
        <tenantId isNull="true" />
        <managedAssetId>61.47b88d07-fe03-4858-98c9-99a3e264d110</managedAssetId>
        <assetUuid>bff289f5-c50a-495b-adcc-4fd539dc4d34</assetUuid>
        <mimeType>image/png</mimeType>
        <charEncoding isNull="true" />
        <assetTypeCode>W</assetTypeCode>
        <length>5588</length>
        <localLastModification>1493718180534</localLastModification>
        <description isNull="true" />
        <isDocumentationFile>false</isDocumentationFile>
        <guid>f6b549c0-0841-44ca-9170-eed7807fe4aa</guid>
        <versionId>4128f799-1a6b-4511-bdc0-e3a356aa64d8</versionId>
    </managedAsset>
</teamworks>

