<?xml version="1.0" encoding="UTF-8"?>
<teamworks>
    <managedAsset id="61.482465e6-59fb-4752-806a-68845e5657b1" name="BPMExt-Lib-Rave2.zip">
        <lastModified>1489090390620</lastModified>
        <lastModifiedBy>tw_admin</lastModifiedBy>
        <tenantId isNull="true" />
        <managedAssetId>61.482465e6-59fb-4752-806a-68845e5657b1</managedAssetId>
        <assetUuid>96b39056-7529-48ac-a1d9-1628c2a63a83</assetUuid>
        <mimeType>application/zip</mimeType>
        <charEncoding isNull="true" />
        <assetTypeCode>W</assetTypeCode>
        <length>411163</length>
        <localLastModification>1470756622146</localLastModification>
        <description isNull="true" />
        <isDocumentationFile>false</isDocumentationFile>
        <guid>601b01dd-d800-4670-9420-9cf66a0f26bc</guid>
        <versionId>f6789018-f3c3-491a-939d-be47e13f856d</versionId>
    </managedAsset>
</teamworks>

