<?xml version="1.0" encoding="UTF-8"?>
<teamworks>
    <managedAsset id="61.59629440-9fec-49d0-a24d-897c085e387e" name="BPMExt-Control-SiteMenu-Folder-Preview.html">
        <lastModified>1615493450109</lastModified>
        <lastModifiedBy>tw_admin</lastModifiedBy>
        <tenantId isNull="true" />
        <managedAssetId>61.59629440-9fec-49d0-a24d-897c085e387e</managedAssetId>
        <assetUuid>183c6abb-4931-4f62-8368-c33a53eade0d</assetUuid>
        <mimeType>text/html</mimeType>
        <charEncoding isNull="true" />
        <assetTypeCode>W</assetTypeCode>
        <length>1492</length>
        <localLastModification>1615493435314</localLastModification>
        <description isNull="true" />
        <isDocumentationFile>false</isDocumentationFile>
        <guid>7c2c19ae-2fa3-49e4-a939-5322807e145f</guid>
        <versionId>c5f069b8-40af-4515-a29e-d3d808661c67</versionId>
    </managedAsset>
</teamworks>

