<?xml version="1.0" encoding="UTF-8"?>
<teamworks>
    <managedAsset id="61.5129a9fc-c17d-41de-90bd-dc4a606bc886" name="BPMExt-Control-Style.js">
        <lastModified>1466100445010</lastModified>
        <lastModifiedBy>John McDonald</lastModifiedBy>
        <tenantId isNull="true" />
        <managedAssetId>61.5129a9fc-c17d-41de-90bd-dc4a606bc886</managedAssetId>
        <assetUuid>186452b9-f15d-4f66-8839-bea0606d3044</assetUuid>
        <mimeType>application/javascript</mimeType>
        <charEncoding isNull="true" />
        <assetTypeCode>W</assetTypeCode>
        <length>4982</length>
        <localLastModification>1466014428872</localLastModification>
        <description isNull="true" />
        <isDocumentationFile>false</isDocumentationFile>
        <guid>06eca3a9-6562-469f-bd58-296d86646393</guid>
        <versionId>c850b571-6f64-4e49-bf84-214c6fd8caf7</versionId>
    </managedAsset>
</teamworks>

