<?xml version="1.0" encoding="UTF-8"?>
<teamworks>
    <managedAsset id="61.6ce88c42-41fa-4001-84ef-96e33ed0738e" name="BPMExt-Control-Password.js">
        <lastModified>1460667263393</lastModified>
        <lastModifiedBy>Eric Ducos</lastModifiedBy>
        <tenantId isNull="true" />
        <managedAssetId>61.6ce88c42-41fa-4001-84ef-96e33ed0738e</managedAssetId>
        <assetUuid>466c1259-3c31-40d9-9a0a-f12dde9deae1</assetUuid>
        <mimeType>application/javascript</mimeType>
        <charEncoding isNull="true" />
        <assetTypeCode>W</assetTypeCode>
        <length>8860</length>
        <localLastModification>1460667227675</localLastModification>
        <description isNull="true" />
        <isDocumentationFile>false</isDocumentationFile>
        <guid>1d191455-085f-46a4-ad38-ce2631e5bb25</guid>
        <versionId>9102b8a0-805f-4380-bcb9-bc40d1ea2c9d</versionId>
    </managedAsset>
</teamworks>

