<?xml version="1.0" encoding="UTF-8"?>
<teamworks>
    <managedAsset id="61.6d53fb42-ab73-470d-811f-01f4c8827fc1" name="BPMExt-Control-Video-Palette.png">
        <lastModified>1429666952980</lastModified>
        <lastModifiedBy>admin</lastModifiedBy>
        <tenantId isNull="true" />
        <managedAssetId>61.6d53fb42-ab73-470d-811f-01f4c8827fc1</managedAssetId>
        <assetUuid>41540b03-6bbd-4010-9a50-967fee9f80a0</assetUuid>
        <mimeType>image/png</mimeType>
        <charEncoding isNull="true" />
        <assetTypeCode>W</assetTypeCode>
        <length>583</length>
        <localLastModification>1423237681378</localLastModification>
        <description isNull="true" />
        <isDocumentationFile>false</isDocumentationFile>
        <guid>2f293b06-caf8-4bd8-b51d-c749f989c689</guid>
        <versionId>f0000786-fe7b-4b24-b474-a7c808361b32</versionId>
    </managedAsset>
</teamworks>

