<?xml version="1.0" encoding="UTF-8"?>
<teamworks>
    <managedAsset id="61.6e416d7a-4a02-4d90-bf79-70aad430bead" name="BPMExt-Loaders.min.js">
        <lastModified>1495102288143</lastModified>
        <lastModifiedBy></lastModifiedBy>
        <tenantId isNull="true" />
        <managedAssetId>61.6e416d7a-4a02-4d90-bf79-70aad430bead</managedAssetId>
        <assetUuid>f7ff5e2a-604d-405b-b4a6-d3845d7d5101</assetUuid>
        <mimeType>application/javascript</mimeType>
        <charEncoding isNull="true" />
        <assetTypeCode>W</assetTypeCode>
        <length>43622</length>
        <localLastModification>1495101827612</localLastModification>
        <description isNull="true" />
        <isDocumentationFile>false</isDocumentationFile>
        <guid>28a3c73a-a219-491b-8e8c-adea4889f4b1</guid>
        <versionId>107d39ea-fd06-4276-8a54-b134e8e64568</versionId>
    </managedAsset>
</teamworks>

