<?xml version="1.0" encoding="UTF-8"?>
<teamworks>
    <managedAsset id="61.6221df7c-02c2-47a5-a457-b1fb8ee8c3dc" name="BPMExt-Control-Image-Palette.png">
        <lastModified>1429666415760</lastModified>
        <lastModifiedBy>admin</lastModifiedBy>
        <tenantId isNull="true" />
        <managedAssetId>61.6221df7c-02c2-47a5-a457-b1fb8ee8c3dc</managedAssetId>
        <assetUuid>1e125234-4018-4159-9efd-de219019abdc</assetUuid>
        <mimeType>image/png</mimeType>
        <charEncoding isNull="true" />
        <assetTypeCode>W</assetTypeCode>
        <length>578</length>
        <localLastModification>1423183069389</localLastModification>
        <description isNull="true" />
        <isDocumentationFile>false</isDocumentationFile>
        <guid>5cecfce2-a3c6-4004-9b56-659c1a0244f5</guid>
        <versionId>af46e6e5-c01f-4445-8dc8-7b315883039e</versionId>
    </managedAsset>
</teamworks>

