<?xml version="1.0" encoding="UTF-8"?>
<teamworks>
    <managedAsset id="61.73869fba-a724-412b-ad21-9c07df3cf33c" name="BPMExt-Lib-SheetJS.zip">
        <lastModified>1460683045436</lastModified>
        <lastModifiedBy>Eric Ducos</lastModifiedBy>
        <tenantId isNull="true" />
        <managedAssetId>61.73869fba-a724-412b-ad21-9c07df3cf33c</managedAssetId>
        <assetUuid>151f4760-a356-4b92-8bab-768009803635</assetUuid>
        <mimeType>application/zip</mimeType>
        <charEncoding isNull="true" />
        <assetTypeCode>W</assetTypeCode>
        <length>173877</length>
        <localLastModification>1460683038853</localLastModification>
        <description isNull="true" />
        <isDocumentationFile>false</isDocumentationFile>
        <guid>97bd98de-2a1b-447e-bfe5-c1c796c34a39</guid>
        <versionId>e17531e0-e5d5-4041-aee8-0a9cf5a1a168</versionId>
    </managedAsset>
</teamworks>

