<?xml version="1.0" encoding="UTF-8"?>
<teamworks>
    <managedAsset id="61.7f1029f3-a328-4bad-a3db-920462234cf9" name="BPMExt-Control-Badge.js">
        <lastModified>1495188432157</lastModified>
        <lastModifiedBy>Kirankumar Rana</lastModifiedBy>
        <tenantId isNull="true" />
        <managedAssetId>61.7f1029f3-a328-4bad-a3db-920462234cf9</managedAssetId>
        <assetUuid>28a15ce2-bcb7-488b-9bf3-487327650eb3</assetUuid>
        <mimeType>application/javascript</mimeType>
        <charEncoding isNull="true" />
        <assetTypeCode>W</assetTypeCode>
        <length>12447</length>
        <localLastModification>1495186449943</localLastModification>
        <description isNull="true" />
        <isDocumentationFile>false</isDocumentationFile>
        <guid>eb6cd3c0-bd4c-43ac-bf4c-a40e4d88e46f</guid>
        <versionId>0eb6a751-c62e-4d04-9f9c-2fa346e168ee</versionId>
    </managedAsset>
</teamworks>

