<?xml version="1.0" encoding="UTF-8"?>
<teamworks>
    <managedAsset id="61.8bfa7920-e66c-4c7a-83b9-318e229352b4" name="BPMExt-Control-TextReader-Preview.png">
        <lastModified>1434390702492</lastModified>
        <lastModifiedBy>Eric Ducos</lastModifiedBy>
        <tenantId isNull="true" />
        <managedAssetId>61.8bfa7920-e66c-4c7a-83b9-318e229352b4</managedAssetId>
        <assetUuid>48b2557c-8ab6-4331-9766-38db7b1a925d</assetUuid>
        <mimeType>image/png</mimeType>
        <charEncoding isNull="true" />
        <assetTypeCode>W</assetTypeCode>
        <length>6639</length>
        <localLastModification>1434390685411</localLastModification>
        <description isNull="true" />
        <isDocumentationFile>false</isDocumentationFile>
        <guid>0c074906-6e75-4d00-8e61-64d98fbbd8e6</guid>
        <versionId>12e502ab-519a-4c15-a782-0fba7e09d3cb</versionId>
    </managedAsset>
</teamworks>

