<?xml version="1.0" encoding="UTF-8"?>
<teamworks>
    <managedAsset id="61.812d6c9c-34e7-4192-a680-18105e57aecf" name="BPMExt-Control-Map-Preview.png">
        <lastModified>1429667385074</lastModified>
        <lastModifiedBy>admin</lastModifiedBy>
        <tenantId isNull="true" />
        <managedAssetId>61.812d6c9c-34e7-4192-a680-18105e57aecf</managedAssetId>
        <assetUuid>3737e625-9d73-41b1-9ee7-0cf4cde3b44c</assetUuid>
        <mimeType>image/png</mimeType>
        <charEncoding isNull="true" />
        <assetTypeCode>W</assetTypeCode>
        <length>3202</length>
        <localLastModification>1423601110537</localLastModification>
        <description isNull="true" />
        <isDocumentationFile>false</isDocumentationFile>
        <guid>3a352db2-d31c-4713-b3e1-ad70eb3a5234</guid>
        <versionId>3b87b6c3-8c67-4fa2-b846-29c88f8f2efe</versionId>
    </managedAsset>
</teamworks>

