<?xml version="1.0" encoding="UTF-8"?>
<teamworks>
    <managedAsset id="61.8e655870-2de8-4065-b80d-aca5d660e525" name="BPMExt-Control-Button.js">
        <lastModified>1495097020062</lastModified>
        <lastModifiedBy>Kirankumar Rana</lastModifiedBy>
        <tenantId isNull="true" />
        <managedAssetId>61.8e655870-2de8-4065-b80d-aca5d660e525</managedAssetId>
        <assetUuid>0f1d54e4-c4c4-4621-98d4-7247c9b72120</assetUuid>
        <mimeType>application/javascript</mimeType>
        <charEncoding isNull="true" />
        <assetTypeCode>W</assetTypeCode>
        <length>31144</length>
        <localLastModification>1495095716349</localLastModification>
        <description isNull="true" />
        <isDocumentationFile>false</isDocumentationFile>
        <guid>ad3b29ba-4fc3-43a0-a4b0-16c125e369e7</guid>
        <versionId>a9219a44-c33d-4ad1-b004-0b4a42885bd3</versionId>
    </managedAsset>
</teamworks>

