<?xml version="1.0" encoding="UTF-8"?>
<teamworks>
    <managedAsset id="61.843a2575-2100-4b86-aadd-51c7da397059" name="BPMExt-Control-Panel-Preview.html">
        <lastModified>1429719744765</lastModified>
        <lastModifiedBy>admin</lastModifiedBy>
        <tenantId isNull="true" />
        <managedAssetId>61.843a2575-2100-4b86-aadd-51c7da397059</managedAssetId>
        <assetUuid>5121be5e-560c-40c4-bde0-25eed0ae844d</assetUuid>
        <mimeType>text/html</mimeType>
        <charEncoding isNull="true" />
        <assetTypeCode>W</assetTypeCode>
        <length>1039</length>
        <localLastModification>1429719439156</localLastModification>
        <description isNull="true" />
        <isDocumentationFile>false</isDocumentationFile>
        <guid>a62e2d43-9b54-4f05-bf1a-dc93304623f3</guid>
        <versionId>6b052c0f-37c3-4bd9-91f3-f008a6e7f4df</versionId>
    </managedAsset>
</teamworks>

