<?xml version="1.0" encoding="UTF-8"?>
<teamworks>
    <managedAsset id="61.8393a75b-7e13-4f94-b99f-db4b1ed8c214" name="BPMExt-Control-ServiceDataTable.js">
        <lastModified>1460667263621</lastModified>
        <lastModifiedBy>Eric Ducos</lastModifiedBy>
        <tenantId isNull="true" />
        <managedAssetId>61.8393a75b-7e13-4f94-b99f-db4b1ed8c214</managedAssetId>
        <assetUuid>19a139a5-a5d5-4cd0-9aec-fe6d0ef48202</assetUuid>
        <mimeType>application/javascript</mimeType>
        <charEncoding isNull="true" />
        <assetTypeCode>W</assetTypeCode>
        <length>15628</length>
        <localLastModification>1460667227675</localLastModification>
        <description isNull="true" />
        <isDocumentationFile>false</isDocumentationFile>
        <guid>c313d0f5-ed93-48f2-86b0-ab8adf53a1af</guid>
        <versionId>2c1b911d-b8a3-47dc-b806-dfaf3dc9b736</versionId>
    </managedAsset>
</teamworks>

