<?xml version="1.0" encoding="UTF-8"?>
<teamworks>
    <managedAsset id="61.82a329e5-247f-4de3-855f-c5e5528cb376" name="BPMExt-Control-ProgressBar-Preview.js">
        <lastModified>1483706934570</lastModified>
        <lastModifiedBy>Kirankumar Rana</lastModifiedBy>
        <tenantId isNull="true" />
        <managedAssetId>61.82a329e5-247f-4de3-855f-c5e5528cb376</managedAssetId>
        <assetUuid>7bc54635-f693-4531-851d-4da80c93a5d7</assetUuid>
        <mimeType>application/javascript</mimeType>
        <charEncoding isNull="true" />
        <assetTypeCode>W</assetTypeCode>
        <length>6673</length>
        <localLastModification>1483703902340</localLastModification>
        <description isNull="true" />
        <isDocumentationFile>false</isDocumentationFile>
        <guid>4dd7b927-9639-4923-85fc-62583a67b590</guid>
        <versionId>202f8e68-4985-4707-b48a-a8c3da5f423c</versionId>
    </managedAsset>
</teamworks>

