<?xml version="1.0" encoding="UTF-8"?>
<teamworks>
    <managedAsset id="61.8da5d4c5-c996-4463-9aef-b9c747b8d79b" name="BPMExt-Control-TextArea.css">
        <lastModified>1444315991597</lastModified>
        <lastModifiedBy>Lisa Leung</lastModifiedBy>
        <tenantId isNull="true" />
        <managedAssetId>61.8da5d4c5-c996-4463-9aef-b9c747b8d79b</managedAssetId>
        <assetUuid>fad436a5-9c80-450e-9321-682e140e3541</assetUuid>
        <mimeType>text/css</mimeType>
        <charEncoding isNull="true" />
        <assetTypeCode>W</assetTypeCode>
        <length>34</length>
        <localLastModification>1444316004216</localLastModification>
        <description isNull="true" />
        <isDocumentationFile>false</isDocumentationFile>
        <guid>7de4958f-e412-4d31-a247-f464a5f90464</guid>
        <versionId>b1981192-8e27-4292-8110-345951339ad3</versionId>
    </managedAsset>
</teamworks>

