<?xml version="1.0" encoding="UTF-8"?>
<teamworks>
    <managedAsset id="61.83b4d20b-620c-48d3-a80b-dbd0db0752ee" name="BPMExt-Control-ServiceDataTable-Palette.png">
        <lastModified>1429666715225</lastModified>
        <lastModifiedBy>admin</lastModifiedBy>
        <tenantId isNull="true" />
        <managedAssetId>61.83b4d20b-620c-48d3-a80b-dbd0db0752ee</managedAssetId>
        <assetUuid>efba7574-eb0f-47ca-b8e1-339ac505120b</assetUuid>
        <mimeType>image/png</mimeType>
        <charEncoding isNull="true" />
        <assetTypeCode>W</assetTypeCode>
        <length>847</length>
        <localLastModification>1423181591875</localLastModification>
        <description isNull="true" />
        <isDocumentationFile>false</isDocumentationFile>
        <guid>631841be-cd4b-479d-8c67-c889e4a6fc60</guid>
        <versionId>d9f72b40-a951-45ae-8226-b4df16356f92</versionId>
    </managedAsset>
</teamworks>

