<?xml version="1.0" encoding="UTF-8"?>
<teamworks>
    <managedAsset id="61.84d7b3d2-e463-4596-9d75-427be61d437e" name="BPMExt-Controls.preview.js">
        <lastModified>1666193553526</lastModified>
        <lastModifiedBy>tw_admin</lastModifiedBy>
        <tenantId isNull="true" />
        <managedAssetId>61.84d7b3d2-e463-4596-9d75-427be61d437e</managedAssetId>
        <assetUuid>5f838384-ef1d-424c-bbbf-f226790156fa</assetUuid>
        <mimeType>application/javascript</mimeType>
        <charEncoding isNull="true" />
        <assetTypeCode>W</assetTypeCode>
        <length>174366</length>
        <localLastModification>1666193522869</localLastModification>
        <description isNull="true" />
        <isDocumentationFile>false</isDocumentationFile>
        <guid>guid:84d7b3d2-e463-4596-9d75-427be61d437e</guid>
        <versionId>b7ef5b5a-cc06-4557-951d-9b3e45d4472e</versionId>
    </managedAsset>
</teamworks>

