<?xml version="1.0" encoding="UTF-8"?>
<teamworks>
    <managedAsset id="61.9a59b0bb-15eb-4cb4-9248-1f56228b5f4a" name="BPMExt-Control-Checkbox.js">
        <lastModified>1495097460527</lastModified>
        <lastModifiedBy>Kirankumar Rana</lastModifiedBy>
        <tenantId isNull="true" />
        <managedAssetId>61.9a59b0bb-15eb-4cb4-9248-1f56228b5f4a</managedAssetId>
        <assetUuid>4701340c-aa34-4653-a5db-489cb7506601</assetUuid>
        <mimeType>application/javascript</mimeType>
        <charEncoding isNull="true" />
        <assetTypeCode>W</assetTypeCode>
        <length>18302</length>
        <localLastModification>1495096878219</localLastModification>
        <description isNull="true" />
        <isDocumentationFile>false</isDocumentationFile>
        <guid>a2ccb1cb-7a61-43f6-8ecb-af083b7fb91a</guid>
        <versionId>38a2459e-86f4-46c2-9e1c-ab70f76fb07a</versionId>
    </managedAsset>
</teamworks>

