<?xml version="1.0" encoding="UTF-8"?>
<teamworks>
    <managedAsset id="61.9f9f2a03-e85e-4060-b401-4f7d85c09813" name="BPMExt-Control-VerticalLayout-Palette.png">
        <lastModified>1429642875108</lastModified>
        <lastModifiedBy>admin</lastModifiedBy>
        <tenantId isNull="true" />
        <managedAssetId>61.9f9f2a03-e85e-4060-b401-4f7d85c09813</managedAssetId>
        <assetUuid>2f61d446-dfa2-40a1-9719-d1ee1c50bf5f</assetUuid>
        <mimeType>image/png</mimeType>
        <charEncoding isNull="true" />
        <assetTypeCode>W</assetTypeCode>
        <length>224</length>
        <localLastModification>1423250426608</localLastModification>
        <description isNull="true" />
        <isDocumentationFile>false</isDocumentationFile>
        <guid>1f889dc9-fa07-4e20-acf2-56d69d0ae7e0</guid>
        <versionId>d0ea5d3e-adb8-4a7a-89a4-32d242c7bf7b</versionId>
    </managedAsset>
</teamworks>

