<?xml version="1.0" encoding="UTF-8"?>
<teamworks>
    <managedAsset id="61.9a21817b-1130-4973-9819-5b4062ee920a" name="BPMExt-WorkflowDesigner-Launch.svg">
        <lastModified>1635171645406</lastModified>
        <lastModifiedBy>tw_admin</lastModifiedBy>
        <tenantId isNull="true" />
        <managedAssetId>61.9a21817b-1130-4973-9819-5b4062ee920a</managedAssetId>
        <assetUuid>9fd85c88-5dd9-4966-9a45-4b8cb5125317</assetUuid>
        <mimeType>image/svg+xml</mimeType>
        <charEncoding isNull="true" />
        <assetTypeCode>W</assetTypeCode>
        <length>80677</length>
        <localLastModification>1635170264457</localLastModification>
        <description isNull="true" />
        <isDocumentationFile>false</isDocumentationFile>
        <guid>fd898085-eca7-41cc-b563-d3fe0cda6ce6</guid>
        <versionId>8356befb-d394-4f62-bd55-b38134871bba</versionId>
    </managedAsset>
</teamworks>

