<?xml version="1.0" encoding="UTF-8"?>
<teamworks>
    <managedAsset id="61.9daa9807-b042-449a-91b5-1a375fe83b13" name="BPMExt-Control-TableLayoutCell.js">
        <lastModified>1495194750088</lastModified>
        <lastModifiedBy>Kirankumar Rana</lastModifiedBy>
        <tenantId isNull="true" />
        <managedAssetId>61.9daa9807-b042-449a-91b5-1a375fe83b13</managedAssetId>
        <assetUuid>20ec84b6-bae8-42e6-bb56-6c854aa07f20</assetUuid>
        <mimeType>application/javascript</mimeType>
        <charEncoding isNull="true" />
        <assetTypeCode>W</assetTypeCode>
        <length>3995</length>
        <localLastModification>1495193908855</localLastModification>
        <description isNull="true" />
        <isDocumentationFile>false</isDocumentationFile>
        <guid>0e2f8cd1-6a35-4473-a301-b4ee682de5d0</guid>
        <versionId>b7b8f156-447c-4cff-a537-7232e49585d5</versionId>
    </managedAsset>
</teamworks>

