<?xml version="1.0" encoding="UTF-8"?>
<teamworks>
    <managedAsset id="61.a24d403b-5142-4321-b1ee-b3a09ebfd226" name="BPMExt-Control-Spinner-Preview.js">
        <lastModified>1594339403812</lastModified>
        <lastModifiedBy>tw_admin</lastModifiedBy>
        <tenantId isNull="true" />
        <managedAssetId>61.a24d403b-5142-4321-b1ee-b3a09ebfd226</managedAssetId>
        <assetUuid>e458933d-c3c1-47f1-8f8b-ab8caeca23d2</assetUuid>
        <mimeType>application/javascript</mimeType>
        <charEncoding isNull="true" />
        <assetTypeCode>W</assetTypeCode>
        <length>3465</length>
        <localLastModification>1594328098293</localLastModification>
        <description isNull="true" />
        <isDocumentationFile>false</isDocumentationFile>
        <guid>7f392f22-aae2-4dfa-b37e-4bcd6c33cd1e</guid>
        <versionId>84739e54-5865-4716-ab3b-437cf0347347</versionId>
    </managedAsset>
</teamworks>

