<?xml version="1.0" encoding="UTF-8"?>
<teamworks>
    <managedAsset id="61.a7004dba-e6b7-46ae-99da-fe7b2224f9f0" name="BPMExt-Control-TextArea-Preview.png">
        <lastModified>1430421944713</lastModified>
        <lastModifiedBy>admin</lastModifiedBy>
        <tenantId isNull="true" />
        <managedAssetId>61.a7004dba-e6b7-46ae-99da-fe7b2224f9f0</managedAssetId>
        <assetUuid>90f0ea8e-6d79-4108-a474-8d100ececfe4</assetUuid>
        <mimeType>image/png</mimeType>
        <charEncoding isNull="true" />
        <assetTypeCode>W</assetTypeCode>
        <length>1120</length>
        <localLastModification>1423598707479</localLastModification>
        <description isNull="true" />
        <isDocumentationFile>false</isDocumentationFile>
        <guid>97c88821-3bd3-4d9f-b583-bdcaafdc924b</guid>
        <versionId>b5d25ce4-81bd-4741-9976-2e13508353c0</versionId>
    </managedAsset>
</teamworks>

