<?xml version="1.0" encoding="UTF-8"?>
<teamworks>
    <managedAsset id="61.afb480bf-07b1-451c-a283-3f80a102afe6" name="BPMExt-Control-Checkbox-Preview.html">
        <lastModified>1462200824145</lastModified>
        <lastModifiedBy>Eric Ducos</lastModifiedBy>
        <tenantId isNull="true" />
        <managedAssetId>61.afb480bf-07b1-451c-a283-3f80a102afe6</managedAssetId>
        <assetUuid>6db9011d-8603-49b3-90e7-7bdfaab78f8a</assetUuid>
        <mimeType>text/html</mimeType>
        <charEncoding isNull="true" />
        <assetTypeCode>W</assetTypeCode>
        <length>433</length>
        <localLastModification>1462200817154</localLastModification>
        <description isNull="true" />
        <isDocumentationFile>false</isDocumentationFile>
        <guid>9d4d621f-49a2-4df8-95a9-5a1db7e39314</guid>
        <versionId>35c69a7a-bdb3-493e-8d9f-64bff6b47341</versionId>
    </managedAsset>
</teamworks>

