<?xml version="1.0" encoding="UTF-8"?>
<teamworks>
    <managedAsset id="61.a5e539a1-b1c0-4725-ba59-c84996ba30bd" name="BPMExt-Control-MaskedText-Preview.png">
        <lastModified>1430258084276</lastModified>
        <lastModifiedBy>admin</lastModifiedBy>
        <tenantId isNull="true" />
        <managedAssetId>61.a5e539a1-b1c0-4725-ba59-c84996ba30bd</managedAssetId>
        <assetUuid>73c9b4dd-4bee-411e-b81a-9a6352759bc5</assetUuid>
        <mimeType>image/png</mimeType>
        <charEncoding isNull="true" />
        <assetTypeCode>W</assetTypeCode>
        <length>4183</length>
        <localLastModification>1430257990319</localLastModification>
        <description isNull="true" />
        <isDocumentationFile>false</isDocumentationFile>
        <guid>466758f0-bb6c-4635-a976-643a7ac5175a</guid>
        <versionId>020b5dad-1588-45f9-bdee-8168ac7f478d</versionId>
    </managedAsset>
</teamworks>

