<?xml version="1.0" encoding="UTF-8"?>
<teamworks>
    <managedAsset id="61.b8809dec-8f3f-4782-b306-94e20d233005" name="BPMExt-Control-CheckboxGroup.js">
        <lastModified>1495104741185</lastModified>
        <lastModifiedBy>Kirankumar Rana</lastModifiedBy>
        <tenantId isNull="true" />
        <managedAssetId>61.b8809dec-8f3f-4782-b306-94e20d233005</managedAssetId>
        <assetUuid>28d9cd53-d8f0-4dab-9a5f-1f496e7dbf4b</assetUuid>
        <mimeType>application/javascript</mimeType>
        <charEncoding isNull="true" />
        <assetTypeCode>W</assetTypeCode>
        <length>54979</length>
        <localLastModification>1495104361662</localLastModification>
        <description isNull="true" />
        <isDocumentationFile>false</isDocumentationFile>
        <guid>8297ee4d-dfb1-49cb-a577-276266054688</guid>
        <versionId>5080895c-6304-4e19-87a4-a5ec893a6c75</versionId>
    </managedAsset>
</teamworks>

