<?xml version="1.0" encoding="UTF-8"?>
<teamworks>
    <managedAsset id="61.bb53ddaf-e23b-442d-840f-89871ee67190" name="BPMExt-Control-TextReader-Palette.png">
        <lastModified>1434389788593</lastModified>
        <lastModifiedBy>Eric Ducos</lastModifiedBy>
        <tenantId isNull="true" />
        <managedAssetId>61.bb53ddaf-e23b-442d-840f-89871ee67190</managedAssetId>
        <assetUuid>0eb9d29a-e9c0-4a28-9fb4-914ec8bf8737</assetUuid>
        <mimeType>image/png</mimeType>
        <charEncoding isNull="true" />
        <assetTypeCode>W</assetTypeCode>
        <length>469</length>
        <localLastModification>1434389757155</localLastModification>
        <description isNull="true" />
        <isDocumentationFile>false</isDocumentationFile>
        <guid>6f017108-5939-4fe8-81aa-49f09b814101</guid>
        <versionId>d45c0909-6120-47ec-9460-d095357e4040</versionId>
    </managedAsset>
</teamworks>

