<?xml version="1.0" encoding="UTF-8"?>
<teamworks>
    <managedAsset id="61.bf370e47-19dd-4a8f-b47d-8665b3a5d22e" name="BPMExt-Lib-BoxSensor.zip">
        <lastModified>1460679572730</lastModified>
        <lastModifiedBy>Eric Ducos</lastModifiedBy>
        <tenantId isNull="true" />
        <managedAssetId>61.bf370e47-19dd-4a8f-b47d-8665b3a5d22e</managedAssetId>
        <assetUuid>e28ecfb1-de03-421c-8835-16abd5a0b3e4</assetUuid>
        <mimeType>application/zip</mimeType>
        <charEncoding isNull="true" />
        <assetTypeCode>W</assetTypeCode>
        <length>2348</length>
        <localLastModification>1460679565530</localLastModification>
        <description isNull="true" />
        <isDocumentationFile>false</isDocumentationFile>
        <guid>85aa7bd7-671a-481e-b616-836183d9d85d</guid>
        <versionId>a8ec2837-c628-4ff3-af8d-30f9fb03071d</versionId>
    </managedAsset>
</teamworks>

