<?xml version="1.0" encoding="UTF-8"?>
<teamworks>
    <managedAsset id="61.bb4a32df-a904-4625-9ef8-308747f104a4" name="BPMExt-Control-Well-Palette.png">
        <lastModified>1429667025198</lastModified>
        <lastModifiedBy>admin</lastModifiedBy>
        <tenantId isNull="true" />
        <managedAssetId>61.bb4a32df-a904-4625-9ef8-308747f104a4</managedAssetId>
        <assetUuid>61cde3d1-2d19-4a4f-805c-222af3b32ec2</assetUuid>
        <mimeType>image/png</mimeType>
        <charEncoding isNull="true" />
        <assetTypeCode>W</assetTypeCode>
        <length>439</length>
        <localLastModification>1423506710729</localLastModification>
        <description isNull="true" />
        <isDocumentationFile>false</isDocumentationFile>
        <guid>93e0e4fe-c22e-4a88-9e3b-68cedd89c685</guid>
        <versionId>51666a62-e42c-4de4-8fff-dda17cb69d9d</versionId>
    </managedAsset>
</teamworks>

