<?xml version="1.0" encoding="UTF-8"?>
<teamworks>
    <managedAsset id="61.b4646fde-aaad-42ea-adf5-f2046e8fba1f" name="BPMExt-Control-MultiPurposeChart-Preview.js">
        <lastModified>1493728189918</lastModified>
        <lastModifiedBy>Kirankumar Rana</lastModifiedBy>
        <tenantId isNull="true" />
        <managedAssetId>61.b4646fde-aaad-42ea-adf5-f2046e8fba1f</managedAssetId>
        <assetUuid>3bc56820-7933-4548-b626-254458ae50c4</assetUuid>
        <mimeType>application/javascript</mimeType>
        <charEncoding isNull="true" />
        <assetTypeCode>W</assetTypeCode>
        <length>6573</length>
        <localLastModification>1493719070653</localLastModification>
        <description isNull="true" />
        <isDocumentationFile>false</isDocumentationFile>
        <guid>1348abc7-85a1-409c-ab29-4b471ba9d3ae</guid>
        <versionId>b097d75f-9918-48d8-ab2c-5f6d2801ba44</versionId>
    </managedAsset>
</teamworks>

