<?xml version="1.0" encoding="UTF-8"?>
<teamworks>
    <managedAsset id="61.b5b8897b-149d-46d4-bd81-25dfee40fdf2" name="BPMExt-Control-SiteMenu-Preview.js">
        <lastModified>1615494272742</lastModified>
        <lastModifiedBy>tw_admin</lastModifiedBy>
        <tenantId isNull="true" />
        <managedAssetId>61.b5b8897b-149d-46d4-bd81-25dfee40fdf2</managedAssetId>
        <assetUuid>08f299b1-f74f-453a-9cba-e120a520205c</assetUuid>
        <mimeType>application/javascript</mimeType>
        <charEncoding isNull="true" />
        <assetTypeCode>W</assetTypeCode>
        <length>13257</length>
        <localLastModification>1615494157497</localLastModification>
        <description isNull="true" />
        <isDocumentationFile>false</isDocumentationFile>
        <guid>5eb1a2b1-8b1b-481f-846e-578e065d2de4</guid>
        <versionId>3b1917b5-3804-4c5c-b890-1e1c9bee0527</versionId>
    </managedAsset>
</teamworks>

