<?xml version="1.0" encoding="UTF-8"?>
<teamworks>
    <managedAsset id="61.b2276460-6ebf-4df2-955c-17c1555cf9dd" name="BPMExt-Control-LineChart-Palette.png">
        <lastModified>1429666425871</lastModified>
        <lastModifiedBy>admin</lastModifiedBy>
        <tenantId isNull="true" />
        <managedAssetId>61.b2276460-6ebf-4df2-955c-17c1555cf9dd</managedAssetId>
        <assetUuid>2171e180-216f-41ed-ac48-9ab67f50be97</assetUuid>
        <mimeType>image/png</mimeType>
        <charEncoding isNull="true" />
        <assetTypeCode>W</assetTypeCode>
        <length>896</length>
        <localLastModification>1423257100129</localLastModification>
        <description isNull="true" />
        <isDocumentationFile>false</isDocumentationFile>
        <guid>78b4d4ab-84db-4363-b2e2-2f11e5deab75</guid>
        <versionId>50d49912-363c-4fa6-a80f-8bb794efc079</versionId>
    </managedAsset>
</teamworks>

