<?xml version="1.0" encoding="UTF-8"?>
<teamworks>
    <managedAsset id="61.c94a2ad8-aaeb-4e9f-9d8f-64cb9941cdb8" name="BPMExt-Control-Line-Preview.html">
        <lastModified>1430257487506</lastModified>
        <lastModifiedBy>admin</lastModifiedBy>
        <tenantId isNull="true" />
        <managedAssetId>61.c94a2ad8-aaeb-4e9f-9d8f-64cb9941cdb8</managedAssetId>
        <assetUuid>c8bbf911-24dd-4859-9b82-0816ba336c8a</assetUuid>
        <mimeType>text/html</mimeType>
        <charEncoding isNull="true" />
        <assetTypeCode>W</assetTypeCode>
        <length>286</length>
        <localLastModification>1430257473678</localLastModification>
        <description isNull="true" />
        <isDocumentationFile>false</isDocumentationFile>
        <guid>acd4c175-9124-4748-8ea2-c60fc58d0306</guid>
        <versionId>aabd00de-896f-434d-8c40-c3bf2264bf87</versionId>
    </managedAsset>
</teamworks>

