<?xml version="1.0" encoding="UTF-8"?>
<teamworks>
    <managedAsset id="61.c2b695a6-94ab-496e-ae57-4c84d1a61cab" name="BPMExt-Control-ServiceCall-Palette.png">
        <lastModified>1429666841613</lastModified>
        <lastModifiedBy>admin</lastModifiedBy>
        <tenantId isNull="true" />
        <managedAssetId>61.c2b695a6-94ab-496e-ae57-4c84d1a61cab</managedAssetId>
        <assetUuid>73189eac-5844-4b98-bd79-fba7fadb8d5b</assetUuid>
        <mimeType>image/png</mimeType>
        <charEncoding isNull="true" />
        <assetTypeCode>W</assetTypeCode>
        <length>938</length>
        <localLastModification>1423179583152</localLastModification>
        <description isNull="true" />
        <isDocumentationFile>false</isDocumentationFile>
        <guid>3cc98da8-36ee-4ca5-888e-c0f45a87ce88</guid>
        <versionId>84b96fbf-2002-45e2-9186-240095d3773b</versionId>
    </managedAsset>
</teamworks>

