<?xml version="1.0" encoding="UTF-8"?>
<teamworks>
    <managedAsset id="61.ca95a43c-c18a-4798-8eb4-dfe4ad01a458" name="BPMExt-Control-DeviceSensor-Preview.png">
        <lastModified>1434032851273</lastModified>
        <lastModifiedBy>Eric Ducos</lastModifiedBy>
        <tenantId isNull="true" />
        <managedAssetId>61.ca95a43c-c18a-4798-8eb4-dfe4ad01a458</managedAssetId>
        <assetUuid>fb9928e0-c80b-4c46-88b8-c4949120fe1a</assetUuid>
        <mimeType>image/png</mimeType>
        <charEncoding> </charEncoding>
        <assetTypeCode>W</assetTypeCode>
        <length>2437</length>
        <localLastModification>1423602724372</localLastModification>
        <description isNull="true" />
        <isDocumentationFile>false</isDocumentationFile>
        <guid>693eff4e-a986-41c9-868d-b0208e09529a</guid>
        <versionId>c30cfb76-813d-4471-8003-226a1ede1f49</versionId>
    </managedAsset>
</teamworks>

