<?xml version="1.0" encoding="UTF-8"?>
<teamworks>
    <managedAsset id="61.c0b8adb6-fade-4899-be7e-66be8924d8e1" name="BPMExt-Control-Layout-Preview.js">
        <lastModified>1480501650224</lastModified>
        <lastModifiedBy>Kirankumar Rana</lastModifiedBy>
        <tenantId isNull="true" />
        <managedAssetId>61.c0b8adb6-fade-4899-be7e-66be8924d8e1</managedAssetId>
        <assetUuid>dec1cace-8052-45d6-8b11-e4442e6167d5</assetUuid>
        <mimeType>application/javascript</mimeType>
        <charEncoding isNull="true" />
        <assetTypeCode>W</assetTypeCode>
        <length>10119</length>
        <localLastModification>1480501466100</localLastModification>
        <description isNull="true" />
        <isDocumentationFile>false</isDocumentationFile>
        <guid>cfce8d1b-341f-4f0b-82b1-5b9ba1fd7bd6</guid>
        <versionId>559803b0-d5d3-4fb5-8d54-c22f8d64dc8d</versionId>
    </managedAsset>
</teamworks>

