<?xml version="1.0" encoding="UTF-8"?>
<teamworks>
    <managedAsset id="61.c0fcf78c-f5f7-4410-910d-bdf17338e787" name="BPMExt-Control-Text-Palette.png">
        <lastModified>1429637748441</lastModified>
        <lastModifiedBy>admin</lastModifiedBy>
        <tenantId isNull="true" />
        <managedAssetId>61.c0fcf78c-f5f7-4410-910d-bdf17338e787</managedAssetId>
        <assetUuid>df8fb917-77b0-4739-9709-0ca26856b63d</assetUuid>
        <mimeType>image/png</mimeType>
        <charEncoding isNull="true" />
        <assetTypeCode>W</assetTypeCode>
        <length>562</length>
        <localLastModification>1423163773936</localLastModification>
        <description isNull="true" />
        <isDocumentationFile>false</isDocumentationFile>
        <guid>1981536c-46bc-4c41-805f-82a396d4683e</guid>
        <versionId>314ebaba-b58a-4f57-bc33-1677999f7ef7</versionId>
    </managedAsset>
</teamworks>

