<?xml version="1.0" encoding="UTF-8"?>
<teamworks>
    <managedAsset id="61.cb3c2a7a-ba35-4d6c-a972-a2eef6a507d1" name="BPMExt-Control-DeferredSection.css">
        <lastModified>1429884006860</lastModified>
        <lastModifiedBy>admin</lastModifiedBy>
        <tenantId isNull="true" />
        <managedAssetId>61.cb3c2a7a-ba35-4d6c-a972-a2eef6a507d1</managedAssetId>
        <assetUuid>59e8716b-74fc-4890-b2f1-73a5cb185677</assetUuid>
        <mimeType>text/css</mimeType>
        <charEncoding isNull="true" />
        <assetTypeCode>W</assetTypeCode>
        <length>34</length>
        <localLastModification>1429883997251</localLastModification>
        <description isNull="true" />
        <isDocumentationFile>false</isDocumentationFile>
        <guid>15b0f740-a3e2-4503-9f61-a75657130d0c</guid>
        <versionId>ec094119-de37-454a-a810-fd5e6a91a404</versionId>
    </managedAsset>
</teamworks>

