<?xml version="1.0" encoding="UTF-8"?>
<teamworks>
    <managedAsset id="61.d7cb5d83-24eb-414f-be27-6109fad374f2" name="BPMExt-Control-SiteMenu-Item-Preview.js">
        <lastModified>1615494262500</lastModified>
        <lastModifiedBy>tw_admin</lastModifiedBy>
        <tenantId isNull="true" />
        <managedAssetId>61.d7cb5d83-24eb-414f-be27-6109fad374f2</managedAssetId>
        <assetUuid>fe0d45a4-c35a-4cd0-98f0-278f258ecc78</assetUuid>
        <mimeType>application/javascript</mimeType>
        <charEncoding isNull="true" />
        <assetTypeCode>W</assetTypeCode>
        <length>7398</length>
        <localLastModification>1615494195708</localLastModification>
        <description isNull="true" />
        <isDocumentationFile>false</isDocumentationFile>
        <guid>042fb914-253f-474a-9594-4918e106e812</guid>
        <versionId>dd381043-74e8-4ecf-85dd-55fb68d0c753</versionId>
    </managedAsset>
</teamworks>

