<?xml version="1.0" encoding="UTF-8"?>
<teamworks>
    <managedAsset id="61.e326cc8b-2589-4a60-8986-d704e4910c6c" name="BPMExt-Control-PanelFooter-Preview.html">
        <lastModified>1490874799156</lastModified>
        <lastModifiedBy>Kirankumar Rana</lastModifiedBy>
        <tenantId isNull="true" />
        <managedAssetId>61.e326cc8b-2589-4a60-8986-d704e4910c6c</managedAssetId>
        <assetUuid>68b4d4e2-a0ea-4e65-91eb-b026d16172d6</assetUuid>
        <mimeType>text/html</mimeType>
        <charEncoding isNull="true" />
        <assetTypeCode>W</assetTypeCode>
        <length>1032</length>
        <localLastModification>1490873785990</localLastModification>
        <description isNull="true" />
        <isDocumentationFile>false</isDocumentationFile>
        <guid>e4cb86eb-bcfd-490f-bca7-187cce43e3f0</guid>
        <versionId>4c725d50-b773-4a6d-935a-2fdb125abe9c</versionId>
    </managedAsset>
</teamworks>

