<?xml version="1.0" encoding="UTF-8"?>
<teamworks>
    <managedAsset id="61.efdfbee3-a56a-40f0-8ee3-9fc0df4f406f" name="BPMExt-Control-StatusBox-Palette.png">
        <lastModified>1429666747478</lastModified>
        <lastModifiedBy>admin</lastModifiedBy>
        <tenantId isNull="true" />
        <managedAssetId>61.efdfbee3-a56a-40f0-8ee3-9fc0df4f406f</managedAssetId>
        <assetUuid>49206f7d-5ae2-4583-82d2-f7b421725014</assetUuid>
        <mimeType>image/png</mimeType>
        <charEncoding isNull="true" />
        <assetTypeCode>W</assetTypeCode>
        <length>460</length>
        <localLastModification>1423247259369</localLastModification>
        <description isNull="true" />
        <isDocumentationFile>false</isDocumentationFile>
        <guid>87dde7b8-5881-4194-aa64-439c0c7031e9</guid>
        <versionId>2c851bb6-ef7b-413f-9edf-c0abaebbe5e6</versionId>
    </managedAsset>
</teamworks>

