<?xml version="1.0" encoding="UTF-8"?>
<teamworks>
    <managedAsset id="61.efb4d00b-1750-432f-b019-b91975d99dec" name="BPMExt-Control-CollapsiblePanel-Preview.html">
        <lastModified>1493889212051</lastModified>
        <lastModifiedBy>Kirankumar Rana</lastModifiedBy>
        <tenantId isNull="true" />
        <managedAssetId>61.efb4d00b-1750-432f-b019-b91975d99dec</managedAssetId>
        <assetUuid>33cc0204-b7f9-452f-a3b8-fbc78a172b46</assetUuid>
        <mimeType>text/html</mimeType>
        <charEncoding isNull="true" />
        <assetTypeCode>W</assetTypeCode>
        <length>1232</length>
        <localLastModification>1493886181201</localLastModification>
        <description isNull="true" />
        <isDocumentationFile>false</isDocumentationFile>
        <guid>bc63edc4-7cfd-4d9c-87cc-8ed9ef4ea0e3</guid>
        <versionId>5a34acaa-a98b-4141-896b-df8c7b341a08</versionId>
    </managedAsset>
</teamworks>

