<?xml version="1.0" encoding="UTF-8"?>
<teamworks>
    <managedAsset id="61.ede45738-87a5-4413-a057-a68173c913e6" name="BPMExt-Control-ProgressBar.js">
        <lastModified>1495182538697</lastModified>
        <lastModifiedBy>Kirankumar Rana</lastModifiedBy>
        <tenantId isNull="true" />
        <managedAssetId>61.ede45738-87a5-4413-a057-a68173c913e6</managedAssetId>
        <assetUuid>5c3347a0-8447-49a2-803c-5def657c7510</assetUuid>
        <mimeType>application/javascript</mimeType>
        <charEncoding isNull="true" />
        <assetTypeCode>W</assetTypeCode>
        <length>16456</length>
        <localLastModification>1495181124408</localLastModification>
        <description isNull="true" />
        <isDocumentationFile>false</isDocumentationFile>
        <guid>b1d0f985-95f0-49f0-b59e-56fc298e9951</guid>
        <versionId>85b4a45c-12e5-4d00-8716-e4af310b4d99</versionId>
    </managedAsset>
</teamworks>

