<?xml version="1.0" encoding="UTF-8"?>
<teamworks>
    <managedAsset id="61.f3f247be-06f4-45d7-8f8b-13372114c9a3" name="BPMExt-Control-PopupMenu-Preview.html">
        <lastModified>1493028796998</lastModified>
        <lastModifiedBy>Kirankumar Rana</lastModifiedBy>
        <tenantId isNull="true" />
        <managedAssetId>61.f3f247be-06f4-45d7-8f8b-13372114c9a3</managedAssetId>
        <assetUuid>0f78ebae-6cbf-4285-a805-8a04e3b74418</assetUuid>
        <mimeType>text/html</mimeType>
        <charEncoding isNull="true" />
        <assetTypeCode>W</assetTypeCode>
        <length>1227</length>
        <localLastModification>1493022946611</localLastModification>
        <description isNull="true" />
        <isDocumentationFile>false</isDocumentationFile>
        <guid>9fc8d593-1960-4e99-8fbe-d62b9cb6f9e8</guid>
        <versionId>b1e7549f-a3cd-4bef-a3d5-6bbfafe43f32</versionId>
    </managedAsset>
</teamworks>

