<?xml version="1.0" encoding="UTF-8"?>
<teamworks>
    <managedAsset id="61.f0c8fcfb-ecf7-4c06-8747-3201a154765f" name="BPMExt-Control-Notification.js">
        <lastModified>1495194863637</lastModified>
        <lastModifiedBy>Kirankumar Rana</lastModifiedBy>
        <tenantId isNull="true" />
        <managedAssetId>61.f0c8fcfb-ecf7-4c06-8747-3201a154765f</managedAssetId>
        <assetUuid>ff37a632-1244-4f93-9eea-81070483a2f7</assetUuid>
        <mimeType>application/javascript</mimeType>
        <charEncoding isNull="true" />
        <assetTypeCode>W</assetTypeCode>
        <length>14570</length>
        <localLastModification>1495194092311</localLastModification>
        <description isNull="true" />
        <isDocumentationFile>false</isDocumentationFile>
        <guid>e36dea0f-e4cf-47be-afbc-827865800ed1</guid>
        <versionId>e6ed570d-da01-4e91-b3fd-2d2aec3be15b</versionId>
    </managedAsset>
</teamworks>

