{"data":{"metadata":{"paId":"2066.bd3841e7-7c78-4b6b-aa2b-1f9cc91afc9a","paShortName":"SYSCST","snapshotId":"2064.91e0f284-0db5-4f27-994d-d0f601dabca4","snapshotName":"21.0.3.0.211129231416","name":"Content Services"},"defaults":{"entry":[{"type":"S","value":""},{"type":"B","value":false},{"type":"I","value":0},{"type":"D","value":0.0},{"type":"DT","value":null},{"type":"DT","value":null}]},"templates":{"variableTemplates":[{"modelId":"1.abfa24ec-93b0-4c1a-88ec-f39fdbcaddc5","parentId":"1.abfa24ec-93b0-4c1a-88ec-f39fdbcaddc5","variableTemplate":[{"id":"2055.6f3844a5-1a54-45b2-8114-56e8318a4c55","name":"data","boTemplateName":"CSG"},{"id":"2055.0e4afca9-99d0-4e18-8cb8-a616ba01517e","name":"results","boTemplateName":"A"},{"id":"2055.271fa4aa-8d44-4e25-853f-be7e70a9e2d1","name":"error","boTemplateName":"Aja"}]}],"boTemplate":[{"id":"12.0cd6c5b4-011b-4d1c-850b-783418007434","name":"CSG","property":[{"name":"serverAppResource","type":"S","isList":false}]},{"id":"12.5551644c-3dc6-4161-a939-4e7f27f8ce45","name":"Aja","property":[{"name":"errorText","type":"S","isList":false},{"name":"errorCode","type":"S","isList":false},{"name":"serviceInError","type":"S","isList":false}]}]},"model":{"rootElement":[{"extensionElements":{"userTaskImplementation":[{"flowElement":[{"parallelMultiple":false,"outgoing":["2027.8c212a76-79a6-4637-8fcc-9fb4da721718"],"isInterrupting":true,"extensionElements":{"nodeVisualInfo":[{"color":"#F8F8F8","width":24,"x":50,"y":200,"declaredType":"TNodeVisualInfo","height":24}]},"name":"Start","declaredType":"startEvent","id":"87d9b9b3-30ed-4401-8e51-ae922741a1d3"},{"incoming":["2027.0421ac24-6a85-4251-801b-ff5d6570bf9f"],"extensionElements":{"nodeVisualInfo":[{"color":"#F8F8F8","width":24,"x":700,"y":200,"declaredType":"TNodeVisualInfo","height":24}],"navigationInstructions":[{"targetType":"Default","declaredType":"com.ibm.bpmsdk.model.bpmn20.ibmext.TNavigationInstructions"}]},"name":"End","declaredType":"endEvent","id":"75930359-1fe9-489a-8933-d666ee52ed51"},{"targetRef":"2025.6f14de8f-f15e-4912-8aed-cea9b8f9ed06","extensionElements":{"linkVisualInfo":[{"sourcePortLocation":"rightCenter","showCoachControlLabel":false,"labelPosition":0.0,"targetPortLocation":"leftCenter","declaredType":"TLinkVisualInfo","saveExecutionContext":false,"showLabel":false}]},"name":"To Get App Resource Info","declaredType":"sequenceFlow","id":"2027.8c212a76-79a6-4637-8fcc-9fb4da721718","sourceRef":"87d9b9b3-30ed-4401-8e51-ae922741a1d3"},{"startQuantity":1,"outgoing":["2027.0421ac24-6a85-4251-801b-ff5d6570bf9f"],"incoming":["2027.8c212a76-79a6-4637-8fcc-9fb4da721718"],"default":"2027.0421ac24-6a85-4251-801b-ff5d6570bf9f","extensionElements":{"nodeVisualInfo":[{"width":95,"x":265,"y":177,"declaredType":"TNodeVisualInfo","height":70}]},"name":"Get App Resource Info","isForCompensation":false,"completionQuantity":1,"declaredType":"scriptTask","id":"2025.6f14de8f-f15e-4912-8aed-cea9b8f9ed06","scriptFormat":"text/x-javascript","script":{"content":["console.debug(\"****BEGIN Script Get App Resource Info****\");\r\n\r\ntw.system.waitForContinueFlow();\r\n\r\nvar serviceName =\"getAppResourceInfo\";\r\n\r\nvar appServerResource = tw.local.data && tw.local.data.serverAppResource;\r\n\r\ntw.system.lookupDBARegistry(appServerResource, function(response){\r\n\ttw.local.results = response;\r\n}, function(err){\r\n\tconsole.error(\"Error returned from lookupDBARegistry:\", err);\r\n\ttw.local.error = {};\r\n\ttw.local.error.errorCode = err.msg;\r\n\ttw.local.error.errorText = err.msg;\r\n\ttw.local.error.serviceInError = serviceName;\r\n});\r\ntw.system.continueFlow();"]}},{"targetRef":"75930359-1fe9-489a-8933-d666ee52ed51","extensionElements":{"sequenceFlowImplementation":[{"fireValidation":"Never","sboSyncEnabled":true,"declaredType":"com.ibm.bpmsdk.model.bpmn20.ibmext.TSequenceFlowImplementation"}],"linkVisualInfo":[{"sourcePortLocation":"rightCenter","showCoachControlLabel":false,"labelPosition":0.0,"targetPortLocation":"leftCenter","declaredType":"TLinkVisualInfo","saveExecutionContext":true,"showLabel":false}]},"name":"Start to End","declaredType":"sequenceFlow","id":"2027.0421ac24-6a85-4251-801b-ff5d6570bf9f","sourceRef":"2025.6f14de8f-f15e-4912-8aed-cea9b8f9ed06"}],"isClosed":false,"declaredType":"com.ibm.bpmsdk.model.bpmn20.ibmext.TUserTaskImplementation","id":"99301348-6648-43d7-89ca-0c2db7df7870","processType":"None"}]},"implementation":"##unspecified","documentation":[{"textFormat":"text/plain"}],"name":"getAppResourceInfo","declaredType":"globalUserTask","id":"1.abfa24ec-93b0-4c1a-88ec-f39fdbcaddc5","ioSpecification":{"dataOutput":[{"itemSubjectRef":"itm.12.c09c9b6e-aabd-4897-bef2-ed61db106297","name":"results","isCollection":false,"id":"2055.0e4afca9-99d0-4e18-8cb8-a616ba01517e"},{"itemSubjectRef":"itm.12.5551644c-3dc6-4161-a939-4e7f27f8ce45","name":"error","isCollection":false,"id":"2055.271fa4aa-8d44-4e25-853f-be7e70a9e2d1"}],"inputSet":[{}],"outputSet":[{}],"dataInput":[{"itemSubjectRef":"itm.12.0cd6c5b4-011b-4d1c-850b-783418007434","name":"data","isCollection":false,"id":"2055.6f3844a5-1a54-45b2-8114-56e8318a4c55"}]}}],"targetNamespace":"","typeLanguage":"http://www.w3.org/2001/XMLSchema","expressionLanguage":"http://www.ibm.com/xmlns/prod/bpm/expression-lang/javascript","id":"1.abfa24ec-93b0-4c1a-88ec-f39fdbcaddc5"}},"status":"200"}