{"id":"50.adeae4bd-e860-48f8-8f12-9436f7840773/2064.3ef6cc1c-1e67-449f-8ac2-a312aec58d64","localeLanguage":"es","localeCountry":null,"localeVariant":null,"localeDisplayName":"CSResource","resourceBundleKey":[{"id":null,"key":"CS_ActionList_FilterHintText","value":"Texto de sugerencia de filtro"},{"id":null,"key":"CS_ActionList_FilterHintText_Help","value":"Establecer texto de sugerencia que se muestra en el control de filtro de lista de acciones."},{"id":null,"key":"CS_ActionList_HideContextMenu","value":"Ocultar menú contextual"},{"id":null,"key":"CS_ActionList_HideContextMenu_Help","value":"Oculta el menú contextual en la lista de acciones."},{"id":null,"key":"CS_ActionList_HideDocuments","value":"Ocultar documentos"},{"id":null,"key":"CS_ActionList_HideDocuments_Help","value":"Habilita la lista de acciones para mostrar solo las carpetas cuando están en modalidad de navegación de carpetas."},{"id":null,"key":"CS_Add","value":"Añadir"},{"id":null,"key":"CS_AddBatch_OnFilesSelected","value":"En los archivos seleccionados"},{"id":null,"key":"CS_AddBatch_OnFilesSelected_Help","value":"Un suceso que se genera cuando se seleccionan archivos del Diálogo de archivo"},{"id":null,"key":"CS_AddToFolder","value":"Añadir a carpeta"},{"id":null,"key":"CS_AddToFolder_Desc","value":"Puede añadir documentos a más de una carpeta. Si el documento ya está en una carpeta, permanece en esa carpeta y se añade a la carpeta adicional que especifique."},{"id":null,"key":"CS_BatchContent_AutomationDocType","value":"Tipo de documento de automatización"},{"id":null,"key":"CS_BatchContent_AutomationDocType_Help","value":"El tipo de documento que se debe utilizar al añadir o modificar documentos por lotes. Si no se especifica, el valor predeterminado es DbaCaptureBase."},{"id":null,"key":"CS_BatchContent_OnDocumentCheckedOut","value":"Al extraer un documento"},{"id":null,"key":"CS_BatchContent_OnDocumentCheckedOut_Help","value":"Un suceso que se activa cuando se ha extraído el documento."},{"id":null,"key":"CS_BatchContent_OnGetProperties","value":"Al obtener propiedades"},{"id":null,"key":"CS_BatchContent_OnGetProperties_Help","value":"Suceso que se activa una vez que se han recuperado las propiedades."},{"id":null,"key":"CS_BatchContent_OnResubmitBatch","value":"Al reenviar un bote"},{"id":null,"key":"CS_BatchContent_OnResubmitBatch_Help","value":"Suceso que se activa una vez que el lote se ha reenviado correctamente para su proceso."},{"id":null,"key":"CS_BatchContent_OnRollbackBatch","value":"Al retrotraer lote"},{"id":null,"key":"CS_BatchContent_OnRollbackBatch_Help","value":"Suceso que se activa una vez que el lote se ha retrotraído satisfactoriamente."},{"id":null,"key":"CS_BatchContent_OnSaveBatch","value":"Al guardar un lote"},{"id":null,"key":"CS_BatchContent_OnSaveBatch_Help","value":"Suceso que se activa una vez que se ha guardado el lote."},{"id":null,"key":"CS_BatchContent_OnSearchResults","value":"Al obtener resultados de búsqueda"},{"id":null,"key":"CS_BatchContent_OnSearchResults_Help","value":"Suceso que se activa una vez que se han devuelto satisfactoriamente los resultados de búsqueda."},{"id":null,"key":"CS_BatchContent_OnUpdateBatch","value":"Al actualizar un lote"},{"id":null,"key":"CS_BatchContent_OnUpdateBatch_Help","value":"Suceso que se activa una vez que se ha actualizado el lote."},{"id":null,"key":"CS_BatchContent_OnUpdateProperties","value":"Al actualizar propiedades"},{"id":null,"key":"CS_BatchContent_OnUpdateProperties_Help","value":"Suceso que se activa una vez que se han actualizado las propiedades."},{"id":null,"key":"CS_Cancel","value":"Cancelar"},{"id":null,"key":"CS_Class_Selector_Svc_Error","value":"Error de servicio"},{"id":null,"key":"CS_Class_Selector_Svc_Error_Help","value":"Se activa cuando se devuelve un error al llamar a un servicio."},{"id":null,"key":"CS_ContentListFilter_Cancel","value":"Cancelar"},{"id":null,"key":"CS_ContentListFilter_Filter","value":"Filtrar"},{"id":null,"key":"CS_ContentListFilter_GetPropDescs","value":"Obtener descripciones de propiedades"},{"id":null,"key":"CS_ContentListFilter_OnCanceFilter","value":"Al cancelar"},{"id":null,"key":"CS_ContentListFilter_OnCancelFilter_Help","value":"Un suceso que se activa cuando se pulsa el botón Cancelar."},{"id":null,"key":"CS_ContentListFilter_OnFilter","value":"Al filtrar"},{"id":null,"key":"CS_ContentListFilter_OnFilter_Help","value":"Un suceso que se activa cuando se pulsa el botón Filtrar."},{"id":null,"key":"CS_ContentListFilter_TypeName","value":"Nombre de tipo"},{"id":null,"key":"CS_ContentListFilter_TypeName_Help","value":"Buscar en tipo de objeto"},{"id":null,"key":"CS_ContentList_AcceptFileTypes","value":"Tipos de archivo aceptados"},{"id":null,"key":"CS_ContentList_AcceptFileTypes_Help","value":"Especifique las extensiones de tipo de archivo que se permiten al añadir nuevos documentos (por ejemplo, .dotx, .pdf, etc). Si no se especifican, se aceptan todos los tipos de archivo."},{"id":null,"key":"CS_ContentList_Actions","value":"Acciones"},{"id":null,"key":"CS_ContentList_AddButton","value":"Añadir"},{"id":null,"key":"CS_ContentList_AddFolder","value":"Añadir carpeta"},{"id":null,"key":"CS_ContentList_Advanced","value":"Avanzados"},{"id":null,"key":"CS_ContentList_BatchObjects","value":"Obtener documentos por lotes"},{"id":null,"key":"CS_ContentList_Behavior","value":"Comportamiento"},{"id":null,"key":"CS_ContentList_CancelCheckout","value":"Cancelar extracción"},{"id":null,"key":"CS_ContentList_Case_Client_URI","value":"Case client URI"},{"id":null,"key":"CS_ContentList_Case_Client_URI_Help","value":"The URI for the Case client. Required for Case when running in a SaaS environment."},{"id":null,"key":"CS_ContentList_CheckoutDocument","value":"Extraer documento"},{"id":null,"key":"CS_ContentList_Columns","value":"Columnas"},{"id":null,"key":"CS_ContentList_Columns_Help","value":"Las columnas a visualizar en la lista. Defínalas si quiere tener sus propias propiedades personalizadas de columnas, de lo contrario, se utiliza un conjunto predeterminado."},{"id":null,"key":"CS_ContentList_ConfigurationProperty","value":"Propiedad de configuración"},{"id":null,"key":"CS_ContentList_ConfigurationProperty_Help","value":"Nombre de la propiedad donde se guardarán los datos de configuración en formato JSON."},{"id":null,"key":"CS_ContentList_ConfigurationValues","value":"Valores de configuración"},{"id":null,"key":"CS_ContentList_ContentItems","value":"Elementos de contenido"},{"id":null,"key":"CS_ContentList_ContentItems_Help","value":"Lista de objetos CSDocument a visualizar. La propiedad ID es la única propiedad obligatoria de los objetos de documento."},{"id":null,"key":"CS_ContentList_ControllerProperty","value":"Propiedad de documento de controlador"},{"id":null,"key":"CS_ContentList_ControllerProperty_Help","value":"Nombre de la propiedad de valor de objeto de la clase de documento que enlaza con el controlador de proceso por lotes."},{"id":null,"key":"CS_ContentList_DeleteBatchDocument","value":"Suprimir documento por lotes"},{"id":null,"key":"CS_ContentList_DisableDnDAdd_Help","value":"Marque esta opción para inhabilitar la posibilidad de añadir documentos utilizando la función de arrastrar y soltar."},{"id":null,"key":"CS_ContentList_DisableTitleEvent","value":"Inhabilitar evento pulsar del título"},{"id":null,"key":"CS_ContentList_DisableTitleEvent_Help","value":"Inhabilita el evento pulsar del título para que no se active."},{"id":null,"key":"CS_ContentList_DisabledValues","value":"Valores inhabilitados"},{"id":null,"key":"CS_ContentList_DisabledValues_Help","value":"Especifique los valores de propiedades por los que se inhabilitarán las acciones de los elementos."},{"id":null,"key":"CS_ContentList_DisplayProgressIndicator","value":"Mostrar el indicador de progreso al añadir documentos."},{"id":null,"key":"CS_ContentList_DisplayProgressIndicator_Help","value":"Marque esta opción para visualizar un indicador de progreso al añadir documentos."},{"id":null,"key":"CS_ContentList_Documents","value":"Obtener documentos"},{"id":null,"key":"CS_ContentList_DomainName","value":"Domain name"},{"id":null,"key":"CS_ContentList_DomainName_Help","value":"Optional. The domain name to use when making upload and download requests. Set when domain name contains a country extension or more than two parts."},{"id":null,"key":"CS_ContentList_EnableSearchFilter","value":"Habilitar filtro de búsqueda"},{"id":null,"key":"CS_ContentList_EnableSearchFilter_Help","value":"Muestra el componente de filtro de búsqueda para especificar varios parámetros de búsqueda en los que basar la consulta y para mostrar los resultados en la vista de lista."},{"id":null,"key":"CS_ContentList_Enable_Polling","value":"Habilitar el sondeo del estado de documento"},{"id":null,"key":"CS_ContentList_Enable_Polling_Help","value":"Cuando está establecido, se utiliza el sondeo para actualizar el estado de los documentos añadidos."},{"id":null,"key":"CS_ContentList_ExtraProperties","value":"Propiedades adicionales"},{"id":null,"key":"CS_ContentList_ExtraProperties_Help","value":"Especifique las propiedades adicionales que desea que se devuelvan con los elementos en el conjunto de resultados."},{"id":null,"key":"CS_ContentList_Filter_Help","value":"Los valores de propiedad se combinan con un operador AND en el filtro de búsqueda."},{"id":null,"key":"CS_ContentList_Folder","value":"Carpeta"},{"id":null,"key":"CS_ContentList_FolderContainees","value":"Obtener contenidos de carpeta"},{"id":null,"key":"CS_ContentList_FolderId","value":"ID de carpeta"},{"id":null,"key":"CS_ContentList_FolderId_Help","value":"Establezca el ID de carpeta o la vía de acceso para inicializar la lista de contenidos con el contenido especificado de la carpeta. Al establecer el ID de carpeta, tendrá prioridad en los valores de búsqueda."},{"id":null,"key":"CS_ContentList_GetBatchDocumentCount","value":"Obtener recuento de documentos por lotes"},{"id":null,"key":"CS_ContentList_GetClassDetails","value":"Obtener detalles de clase"},{"id":null,"key":"CS_ContentList_GetContentClasses","value":"Obtener clases de contenido"},{"id":null,"key":"CS_ContentList_GetProperties","value":"Obtener propiedades"},{"id":null,"key":"CS_ContentList_GraphqlService","value":"Servicio GraphQL"},{"id":null,"key":"CS_ContentList_GraphqlService_Help","value":"Cuando se ejecute en un entorno BAW, especifique el URL de servicio graphql al que llamarán los servicios del kit de herramientas."},{"id":null,"key":"CS_ContentList_Height_Help","value":"La altura de la ventana de vista de lista de contenidos."},{"id":null,"key":"CS_ContentList_HideAction_Help","value":"Marque el valor de acción si desea eliminar esta acción del menú desplegable."},{"id":null,"key":"CS_ContentList_HideAddDialog","value":"Ocultar el dialogo Añadir al añadir documentos."},{"id":null,"key":"CS_ContentList_HideAddDialog_Help","value":"Cuando esta acción está seleccionada y se ha configurado un solo tipo de documento, se añaden documentos sin visualizar el dialogo Añadir documento."},{"id":null,"key":"CS_ContentList_HideAddDocument","value":"Ocultar Añadir documento"},{"id":null,"key":"CS_ContentList_HideAddFolder","value":"Ocultar Añadir carpeta"},{"id":null,"key":"CS_ContentList_HideCancelCheckoutDoc","value":"Ocultar Cancelar documento de extracción"},{"id":null,"key":"CS_ContentList_HideCheckoutDocument","value":"Ocultar Extraer documento"},{"id":null,"key":"CS_ContentList_HideCheckoutState","value":"Ocultar Estado de extracción"},{"id":null,"key":"CS_ContentList_HideCheckoutState_Help","value":"Seleccione esta opción para habilitar o inhabilitar que se muestre el icono de estado de extracción."},{"id":null,"key":"CS_ContentList_HideDeleteDocument","value":"Ocultar Suprimir documento"},{"id":null,"key":"CS_ContentList_HideDeleteFolder","value":"Ocultar Suprimir carpeta"},{"id":null,"key":"CS_ContentList_HideDownloadDocument","value":"Ocultar Descargar documento"},{"id":null,"key":"CS_ContentList_HideEditDocument","value":"Ocultar Editar documento"},{"id":null,"key":"CS_ContentList_HideEditDocumentProps","value":"Ocultar Editar propiedades de documento"},{"id":null,"key":"CS_ContentList_HideEditFolderProps","value":"Ocultar Editar propiedades de carpeta"},{"id":null,"key":"CS_ContentList_HideRefresh","value":"Ocultar Renovar"},{"id":null,"key":"CS_ContentList_HideRenameFolder","value":"Ocultar Renombrar carpeta"},{"id":null,"key":"CS_ContentList_HideSearchField","value":"Ocultar Campo de búsqueda"},{"id":null,"key":"CS_ContentList_HideSearchField_Help","value":"No visualizar el campo de búsqueda. Los parámetros de búsqueda se definen en los valores de configuración."},{"id":null,"key":"CS_ContentList_HideUploadNewVersionDoc","value":"Ocultar Cargar nueva versión de documento"},{"id":null,"key":"CS_ContentList_HideViewDocument","value":"Ocultar Ver documento"},{"id":null,"key":"CS_ContentList_IncludeTimeInDates","value":"Incluir la hora en las propiedades de fecha"},{"id":null,"key":"CS_ContentList_IncludeTimeInDates_Help","value":"Mostrar la parte de la hora del valor de fecha en las propiedades de columna."},{"id":null,"key":"CS_ContentList_InitialPageSize","value":"Tamaño de página inicial"},{"id":null,"key":"CS_ContentList_InitialPageSize_Help","value":"El tamaño del conjunto de resultados que se devuelve para su representación en la lista de contenidos. El tamaño de página predeterminado es de 20 elementos."},{"id":null,"key":"CS_ContentList_MoreBatchObjects","value":"Obtener más documentos por lotes"},{"id":null,"key":"CS_ContentList_MoreDocuments","value":"Obtener más documentos"},{"id":null,"key":"CS_ContentList_MoreFolderContainees","value":"Obtener más contenidos de carpeta"},{"id":null,"key":"CS_ContentList_MoreSearchREsults","value":"Obtener más resultados de búsqueda"},{"id":null,"key":"CS_ContentList_MoreTextSearchResults","value":"Obtener más resultados de búsqueda de texto"},{"id":null,"key":"CS_ContentList_OnActionMenuOpen","value":"Al abrir el menú de acción"},{"id":null,"key":"CS_ContentList_OnActionMenuOpen_Help","value":"Un suceso que se activa cuando se va a abrir el menú de acción. Se transfiere un objeto de carpeta con propiedades."},{"id":null,"key":"CS_ContentList_OnAdd","value":"Al añadir contenido"},{"id":null,"key":"CS_ContentList_OnAdd_Help","value":"El suceso que se activa cuando se añade un documento o una carpeta. Se transfiere un objeto contentItem."},{"id":null,"key":"CS_ContentList_OnAllRowsSelected","value":"Al seleccionar todas las filas"},{"id":null,"key":"CS_ContentList_OnAllRowsSelected_Help","value":"Se llama a este suceso cuando el usuario pulsa en el recuadro de selección Seleccionar todo y la lista de contenido está en modalidad de selección múltiple. El parámetro pasado \"seleccionado\" indica si se han seleccionado todas las filas o ninguna de ellas."},{"id":null,"key":"CS_ContentList_OnContextMenuOpen","value":"Al abrir el menú contextual"},{"id":null,"key":"CS_ContentList_OnContextMenuOpen_Help","value":"Un suceso que se activa cuando se va a abrir el menú contextual. Se transfiere un objeto de contenido con propiedades."},{"id":null,"key":"CS_ContentList_OnError","value":"En caso de error"},{"id":null,"key":"CS_ContentList_OnError_Help","value":"El suceso que se envía cuando se produce un error de servicio."},{"id":null,"key":"CS_ContentList_OnFileClicked","value":"Al hacer clic en un archivo"},{"id":null,"key":"CS_ContentList_OnFileClicked_Help","value":"El suceso que se activa cuando se selecciona un documento en la columna principal. Se transfiere un objeto de documento con propiedades."},{"id":null,"key":"CS_ContentList_OnFilesSelected","value":"En los archivos seleccionados"},{"id":null,"key":"CS_ContentList_OnFilesSelected_Help","value":"Un suceso que se genera cuando se seleccionan archivos del Diálogo de archivo"},{"id":null,"key":"CS_ContentList_OnFolderClicked","value":"Al pulsar en una carpeta"},{"id":null,"key":"CS_ContentList_OnFolderClicked_Help","value":"Un suceso que se activa cuando se selecciona una carpeta en la columna principal. Se transfiere un objeto de carpeta con propiedades."},{"id":null,"key":"CS_ContentList_OnPollResults","value":"Al obtener resultados de sondeo"},{"id":null,"key":"CS_ContentList_OnPollResults_Help","value":"Se activa cuando se recibe un resultado de sondeo que contiene el estado del documento."},{"id":null,"key":"CS_ContentList_OnResults","value":"Al cargar resultados"},{"id":null,"key":"CS_ContentList_OnResults_Help","value":"El suceso que se envía cuando se devuelven resultados de un servicio. Se transfiere una lista de elementos que se han representado en la lista de contenidos."},{"id":null,"key":"CS_ContentList_OnRowSelected","value":"Al seleccionar una fila"},{"id":null,"key":"CS_ContentList_OnRowSelected_Help","value":"El suceso que se activa cuando se selecciona una fila utilizando un botón o un recuadro de selección. Se transfiere el parámetro adicional: fila (row.data.contentItem aloja el objeto documento o carpeta con las propiedades)."},{"id":null,"key":"CS_ContentList_Polling_Exit_Values","value":"Sondeando valores de propiedad de salida"},{"id":null,"key":"CS_ContentList_Polling_Exit_Values_Help","value":"El sondeo se detiene cuando el valor de propiedad de documento que devuelve el sondeo es uno de los valores configurados."},{"id":null,"key":"CS_ContentList_Polling_Neg_Exit_Values","value":"Sondeando valores de propiedad de salida negativos"},{"id":null,"key":"CS_ContentList_Polling_Neg_Exit_Values_Help","value":"El sondeo se detiene cuando el valor de propiedad de documento devuelto en el sondeo no es uno de los valores configurados."},{"id":null,"key":"CS_ContentList_RemoveFromFolder_Help","value":"Muestra una acción de documento que elimina un documento de una carpeta."},{"id":null,"key":"CS_ContentList_RenameFolder","value":"Renombrar carpeta"},{"id":null,"key":"CS_ContentList_Resources","value":"Recursos"},{"id":null,"key":"CS_ContentList_Resources_Help","value":"Se establece en un paquete de recursos externo para extraer recursos de serie localizados para las cabeceras de columna y las etiquetas de filtro de la lista de propiedades."},{"id":null,"key":"CS_ContentList_RootFolderName","value":"Nombre de la carpeta raíz"},{"id":null,"key":"CS_ContentList_RootFolderName_Help","value":"El nombre de visualización de la carpeta raíz a utilizar en lugar del nombre de carpeta en el repositorio de Content Services."},{"id":null,"key":"CS_ContentList_ScopeFolderActions","value":"Scope folder actions"},{"id":null,"key":"CS_ContentList_ScopeFolderActions_Help","value":"Scopes the Add and Move to folder actions to the root folder specified in the Folder configuration settings."},{"id":null,"key":"CS_ContentList_Search","value":"Buscar"},{"id":null,"key":"CS_ContentList_SearchFilterProperties","value":"Propiedades del filtro de búsqueda"},{"id":null,"key":"CS_ContentList_SearchFilterProperties_Help","value":"Especifique el conjunto de propiedades que desea consultar para rellenar la vista de lista. Los valores de propiedad se combinan con un operador AND en el filtro de búsqueda."},{"id":null,"key":"CS_ContentList_SearchFolderId","value":"Buscar en ID de carpeta"},{"id":null,"key":"CS_ContentList_SearchFolderId_Help","value":"El ID de la carpeta donde se va a iniciar la búsqueda. Es un valor opcional que restringe la búsqueda a la carpeta especificada. Si no está establecido, se buscará en todo el almacén de objetos."},{"id":null,"key":"CS_ContentList_SearchFor","value":"Buscar"},{"id":null,"key":"CS_ContentList_SearchFor_Help","value":"Buscar elementos de documentos o de carpetas."},{"id":null,"key":"CS_ContentList_SearchOnlyFolder","value":"Buscar solamente en esta carpeta"},{"id":null,"key":"CS_ContentList_SearchOnlyFolder_Help","value":"No incluir la búsqueda en subcarpetas."},{"id":null,"key":"CS_ContentList_SearchOperator","value":"Operador"},{"id":null,"key":"CS_ContentList_SearchOperator_Help","value":"El operador de consulta que desea utilizar, como, por ejemplo, Empieza por, Termina en, Igual que, No igual que, \\=, <, >, <>, >\\=, <\\=, etc."},{"id":null,"key":"CS_ContentList_SearchProperty","value":"Propiedad de búsqueda"},{"id":null,"key":"CS_ContentList_SearchPropertyCardinality","value":"Buscar en cardinalidad de propiedades"},{"id":null,"key":"CS_ContentList_SearchPropertyCardinality_Help","value":"Especifica si la propiedad de búsqueda tiene un valor o varios."},{"id":null,"key":"CS_ContentList_SearchPropertyType","value":"Buscar en tipo de propiedad"},{"id":null,"key":"CS_ContentList_SearchPropertyType_Help","value":"El tipo de datos de la propiedad de búsqueda especificada."},{"id":null,"key":"CS_ContentList_SearchProperty_Help","value":"El nombre de propiedad simbólico de la propiedad por la que desea buscar."},{"id":null,"key":"CS_ContentList_SearchResults","value":"Obtener resultados de búsqueda"},{"id":null,"key":"CS_ContentList_SearchRootName","value":"Nombre de búsqueda raíz"},{"id":null,"key":"CS_ContentList_SearchRootName_Help","value":"El nombre de visualización de búsqueda raíz para utilizar en el rastro de navegación."},{"id":null,"key":"CS_ContentList_SearchTextOptions","value":"Opciones de texto"},{"id":null,"key":"CS_ContentList_SearchTextOptions_Help","value":"Configure la búsqueda para incluir una consulta de base de contenido además de la búsqueda de la propiedad especificada."},{"id":null,"key":"CS_ContentList_SearchType","value":"Buscar en tipo"},{"id":null,"key":"CS_ContentList_SearchType_Help","value":"Buscar objetos de un tipo determinado."},{"id":null,"key":"CS_ContentList_SearchValue","value":"Valor predeterminado"},{"id":null,"key":"CS_ContentList_SearchValue_Help","value":"El valor a buscar. Si se deja en blanco, los usuarios pueden escribir un valor para invocar la búsqueda en tiempo de ejecución."},{"id":null,"key":"CS_ContentList_SecondaryProperty","value":"Indique la propiedad secundaria"},{"id":null,"key":"CS_ContentList_SecondaryProperty_Help","value":"Seleccione una propiedad que se utilizará como propiedad de estado secundario personalizado."},{"id":null,"key":"CS_ContentList_SelectionMode","value":"Modalidad de selección"},{"id":null,"key":"CS_ContentList_SelectionMode_Help","value":"Selección única, selección múltiple o ninguna."},{"id":null,"key":"CS_ContentList_Services","value":"Services"},{"id":null,"key":"CS_ContentList_ShowAddToFolder","value":"Mostrar añadir a carpeta"},{"id":null,"key":"CS_ContentList_ShowAddToFolder_Help","value":"Muestra una acción de documento que añade un documento a una carpeta."},{"id":null,"key":"CS_ContentList_ShowCustomState","value":"Mostrar estado personalizado"},{"id":null,"key":"CS_ContentList_ShowCustomState_Help","value":"Seleccione esta opción para habilitar o inhabilitar que se muestre un icono de estado personalizado."},{"id":null,"key":"CS_ContentList_ShowListAnnotations","value":"Mostrar anotaciones de lista"},{"id":null,"key":"CS_ContentList_ShowListAnnotations_Help","value":"Muestra la lista de anotaciones asociadas a un documento."},{"id":null,"key":"CS_ContentList_ShowListVersions","value":"Mostrar versiones de lista"},{"id":null,"key":"CS_ContentList_ShowListVersions_Help","value":"Muestra el historial de versiones de un documento."},{"id":null,"key":"CS_ContentList_ShowMoveToFolder","value":"Mostrar mover a carpeta"},{"id":null,"key":"CS_ContentList_ShowMoveToFolder_Help","value":"Muestra una acción de documento que mueve un documento de una carpeta a otra."},{"id":null,"key":"CS_ContentList_ShowRemoveFromFolder","value":"Mostrar eliminar de carpeta"},{"id":null,"key":"CS_ContentList_SortOrder","value":"Orden de clasificación"},{"id":null,"key":"CS_ContentList_SortOrder_Help","value":"Dirección predeterminada de ordenación, ascendente o descendente."},{"id":null,"key":"CS_ContentList_SortProperty","value":"Ordenar por propiedad"},{"id":null,"key":"CS_ContentList_SortProperty_Help","value":"Seleccione la propiedad a utilizar para ordenar el conjunto de resultados."},{"id":null,"key":"CS_ContentList_StateProperty","value":"Propiedad Estado"},{"id":null,"key":"CS_ContentList_StateProperty_Help","value":"Seleccione una propiedad para utilizar como propiedad de estado personalizado."},{"id":null,"key":"CS_ContentList_Status_Polling_Interval","value":"Intervalo de sondeo de estado"},{"id":null,"key":"CS_ContentList_Status_Polling_Interval_Help","value":"Número de segundos entre las solicitudes de sondeo del estado de los documentos añadidos."},{"id":null,"key":"CS_ContentList_Status_Polling_Property","value":"Sondeando propiedad de estado"},{"id":null,"key":"CS_ContentList_Status_Polling_Property_Help","value":"Propiedad que se sondea para obtener el estado de los documentos añadidos."},{"id":null,"key":"CS_ContentList_Status_Polling_Timeout","value":"Tiempo de espera de sondeo por documento"},{"id":null,"key":"CS_ContentList_Status_Polling_Timeout_Help","value":"Número de segundos por documento pasados los cuales se detiene el sondeo si no se cumple una condición de salida."},{"id":null,"key":"CS_ContentList_TableRowHeight","value":"Altura de fila de tabla"},{"id":null,"key":"CS_ContentList_TableRowHeight_Help","value":"Parámetro utilizado para especificar la altura de fila de la tabla de lista de contenido."},{"id":null,"key":"CS_ContentList_TextSearchResults","value":"Obtener resultados de búsqueda de texto"},{"id":null,"key":"CS_ContentList_UpdateProperties","value":"Actualizar propiedades"},{"id":null,"key":"CS_ContentList_ViewMode","value":"Modalidad de vista"},{"id":null,"key":"CS_ContentList_ViewMode_Help","value":"Especifica la modalidad de vista de la Lista de contenido. Si se establece en una de las dos opciones, se incluirá un botón Valores en la barra de herramientas."},{"id":null,"key":"CS_ContentList_Width_Help","value":"La anchura de la ventana de vista de lista de contenidos."},{"id":null,"key":"CS_ContentLlist_DisableDnDAdd","value":"Inhabilitar añadir mediante arrastrar y soltar"},{"id":null,"key":"CS_ContentLlist_Polling_Neg_Exit_Values_Help","value":"El sondeo se detiene cuando el valor de propiedad de documento devuelto en el sondeo no es uno de los valores configurados."},{"id":null,"key":"CS_ContentViewerHeight_Help","value":"Establece la altura de la ventana del visor. Si no se establece, el valor predeterminado será 480px."},{"id":null,"key":"CS_ContentViewerWidth_Help","value":"Establece el ancho de la ventana del visor. Si no se establece, el valor predeterminado será 600px."},{"id":null,"key":"CS_ContentViewer_FitHeight","value":"Ajustar altura"},{"id":null,"key":"CS_ContentViewer_FitWidth","value":"Ajustar anchura"},{"id":null,"key":"CS_ContentViewer_Height","value":"Altura"},{"id":null,"key":"CS_ContentViewer_OnLoad","value":"Al cargar"},{"id":null,"key":"CS_ContentViewer_Width","value":"Anchura"},{"id":null,"key":"CS_ContestList_MaxAddDocs_Help","value":"Especifique el número máximo de documentos que los usuarios pueden añadir de una vez. El valor máximo predeterminado es 50, pero puede establecer el máximo hasta 300."},{"id":null,"key":"CS_DeleteObject_DeleteObject","value":"Suprimir objeto"},{"id":null,"key":"CS_DeleteObject_OnDeleteObject","value":"Al suprimir el objeto"},{"id":null,"key":"CS_DeleteObject_OnDeleteObjectHelp","value":"Un suceso que se activa cuando se suprime el objeto."},{"id":null,"key":"CS_DepDocPropertiesProperty","value":"Propiedad de documento dependiente"},{"id":null,"key":"CS_DepDocPropertiesProperty_Help","value":"El nombre simbólico de la propiedad de valor de objeto que apunta al documento que contiene valores JSON a visualizar."},{"id":null,"key":"CS_DepDocumentProperties_OnError","value":"En caso de error"},{"id":null,"key":"CS_DepDocumentProperties_OnError_Help","value":"Un suceso que se activa cuando se produce un error al recuperar valores de propiedades."},{"id":null,"key":"CS_DocumentReference_AddDocMode","value":"Modalidad de adición de documento"},{"id":null,"key":"CS_DocumentReference_AddDocMode_Help","value":"Valor que controla el proceso de adición de documentos. Seleccione Ninguno para no añadir soporte, No añadir ninguna interfaz de usuario no mostrará ninguna interfaz de usuario y Añadir con propiedades mostrará el diálogo Añadir documento."},{"id":null,"key":"CS_DocumentReference_AllowsActions","value":"Permite acciones"},{"id":null,"key":"CS_DocumentReference_AllowsActions_Help","value":"Habilita el menú desplegable de contexto de acciones de gestión de contenido en el componente de vista."},{"id":null,"key":"CS_DocumentReference_AllowsRemoveDoc","value":"Permite borrar documento"},{"id":null,"key":"CS_DocumentReference_AllowsRemoveDoc_Help","value":"Habilita la acción de borrar documento en el componente de vista. Esta acción solo borra el documento de la vista y no lo suprime del repositorio."},{"id":null,"key":"CS_DocumentReference_DocumentId","value":"ID de documento"},{"id":null,"key":"CS_DocumentReference_DocumentId_Help","value":"El ID del documento que desea cargar en esta vista."},{"id":null,"key":"CS_DocumentReference_EnableTitleAction","value":"Habilitar acción de menú de pulsación de título"},{"id":null,"key":"CS_DocumentReference_EnableTitleAction_Help","value":"Permite que el texto del título del documento pueda pulsarse y ejecuta la primera acción listada en el menú contextual."},{"id":null,"key":"CS_DocumentReference_EnableTitleEvent","value":"Habilitar suceso de pulsación de título"},{"id":null,"key":"CS_DocumentReference_EnableTitleEvent_Help","value":"Permite que el texto del título del documento se pueda pulsar y activa un suceso de pulsación pasando un parámetro de suceso contentItem."},{"id":null,"key":"CS_DocumentReference_HelperText","value":"Texto de ayuda"},{"id":null,"key":"CS_DocumentReference_HelperText_Help","value":"Texto de ayuda que se muestra debajo del campo de entrada."},{"id":null,"key":"CS_DocumentReference_HintText","value":"Texto de sugerencia"},{"id":null,"key":"CS_DocumentReference_HintText_Help","value":"Texto de sugerencia que se mostrará en el campo cuando no se haya especificado ningún documento."},{"id":null,"key":"CS_DocumentReference_OnClear","value":"Al borrar"},{"id":null,"key":"CS_DocumentReference_OnClear_Help","value":"El suceso que se activa cuando el usuario invoca la acción borrar."},{"id":null,"key":"CS_DocumentReference_OnClick","value":"Al pulsar"},{"id":null,"key":"CS_DocumentReference_OnClick_Help","value":"Suceso que se activa cuando se pulsa el título del documento."},{"id":null,"key":"CS_DocumentReference_ViewMode","value":"Modalidad de vista"},{"id":null,"key":"CS_DocumentReference_ViewMode_Help","value":"Establézcala en Normal para ver el tipo mime y título del documento, o en Thumbnail para ver la miniatura y el título del documento."},{"id":null,"key":"CS_DocumentViewer_Features","value":"Opciones"},{"id":null,"key":"CS_DocumentViewer_IcnRepository","value":"Repositorio de Navigator"},{"id":null,"key":"CS_DocumentViewer_IcnRepository_Help","value":"Nombre del repositorio de Navigator que se debe utilizar al abrir el URL de marcador para ver el documento. Obligatorio si el escritorio de Navigator tiene más de un repositorio asignado."},{"id":null,"key":"CS_DocumentViewer_ShowBanner","value":"Mostrar banner"},{"id":null,"key":"CS_DocumentViewer_ShowBanner_Help","value":"Habilite este valor para mostrar la barra de banner sobre la ventana del visor."},{"id":null,"key":"CS_DocumentViewer_ShowTitleBar","value":"Mostrar barra de título"},{"id":null,"key":"CS_DocumentViewer_ShowTitleBar_Help","value":"Habilite este valor para mostrar la barra de título encima de la ventana del visor."},{"id":null,"key":"CS_DocumentViewer_Viewer","value":"Visor"},{"id":null,"key":"CS_Document_Classes","value":"Clases de documento"},{"id":null,"key":"CS_Document_Classes_Help","value":"Un conjunto de clases de documentos que se visualizan al añadir documentos nuevos. Si no está establecido, las clases de documento se recuperan del servidor. Los nombres especificados aquí se muestran al usuario y los valores corresponden al nombre simbólico de cada clase de documento."},{"id":null,"key":"CS_Done","value":"Terminado"},{"id":null,"key":"CS_Event_OnLoad","value":"Al cargar la vista"},{"id":null,"key":"CS_Event_OnLoad_Help","value":"Un suceso que se activa cuando la vista ha terminado de cargarse."},{"id":null,"key":"CS_ExportClassificationDataOnError","value":"Al producirse un error"},{"id":null,"key":"CS_ExportClassificationDataOnError_Help","value":"Suceso que se activa cuando se produce un error al descargar datos de clasificación."},{"id":null,"key":"CS_ExportClassificationDataOnSuccess","value":"Si es correcto"},{"id":null,"key":"CS_ExportClassificationDataOnSuccess_Help","value":"Suceso que se genera cuando los datos de clasificación se descargan correctamente."},{"id":null,"key":"CS_ExportProcessingData_DownloadTables","value":"Descargar datos de tabla (se descargarán varios archivos)"},{"id":null,"key":"CS_ExportProcessingData_ExportButton","value":"Exportar datos"},{"id":null,"key":"CS_ExportProcessingData_FileName","value":"Nombre de archivo"},{"id":null,"key":"CS_ExportProcessingData_GetAnnotations","value":"Obtener anotaciones de proceso de documentos"},{"id":null,"key":"CS_ExportProcessingData_Help","value":"Asigne un nombre al archivo y seleccione un tipo de archivo para exportar."},{"id":null,"key":"CS_ExportProcessingData_LearnMoreLink","value":"Enlace Más información"},{"id":null,"key":"CS_ExportProcessingData_LearnMoreLinkHelp","value":"Dirección web que apunta a la ayuda para exportar tablas en formato CSV."},{"id":null,"key":"CS_ExportProcessingData_OnExportStart","value":"Al iniciar la exportación"},{"id":null,"key":"CS_ExportProcessingData_OnExportStart_Help","value":"Se activa cuando el usuario pulsa el botón Exportar datos en el diálogo y se inicia la exportación."},{"id":null,"key":"CS_FileDocument_OnFile","value":"En archivo"},{"id":null,"key":"CS_FileDocument_OnFile_Help","value":"Suceso que se activa cuando se archiva un documento en una carpeta."},{"id":null,"key":"CS_FileDocument_Service","value":"Documento de archivo"},{"id":null,"key":"CS_FileDropZone_AcceptFileTypes","value":"Tipos de archivo aceptados"},{"id":null,"key":"CS_FileDropZone_AcceptFileTypes_Help","value":"Especifique los tipos de archivo que aceptará la zona de colocación de archivos. Los tipos de archivos deben especificarse como series de extensión de archivo con punto."},{"id":null,"key":"CS_FileDropZone_DetailMessage","value":"Mensaje detallado"},{"id":null,"key":"CS_FileDropZone_DetailMessage_Help","value":"Serie de mensaje visualizada encima de la zona de colocación de archivos."},{"id":null,"key":"CS_FileDropZone_DocumentType","value":"Tipo de documento"},{"id":null,"key":"CS_FileDropZone_DocumentType_Help","value":"Tipo de documento a utilizar al añadir documentos. Si no está establecido, se utiliza el tipo de documento predeterminado."},{"id":null,"key":"CS_FileDropZone_FolderId_Help","value":"ID de la carpeta donde se van a añadir los documentos. Si no se especifica, no se archivarán los documentos."},{"id":null,"key":"CS_FileDropZone_Height_Help","value":"La altura del área de la zona de colocación de archivos."},{"id":null,"key":"CS_FileDropZone_MaxAddDoc","value":"Número máximo de documentos a añadir"},{"id":null,"key":"CS_FileDropZone_MaxAddDoc_Help","value":"Especifique el número máximo de documentos que los usuarios pueden añadir de una vez. El máximo predeterminado es 50."},{"id":null,"key":"CS_FileDropZone_MaxDocumentSize","value":"Tamaño máximo de documento"},{"id":null,"key":"CS_FileDropZone_MaxDocumentSize_Help","value":"Tamaño máximo de documento en KB que se permite añadir. El tamaño 0 significa ilimitado."},{"id":null,"key":"CS_FileDropZone_Width_Help","value":"La anchura del área de la zona de colocación de archivos."},{"id":null,"key":"CS_Folder_Classes","value":"Clases de carpeta"},{"id":null,"key":"CS_Folder_Classes_Help","value":"Un conjunto de clases de carpeta que se visualizan cuando se añadan carpetas nuevas. Si no está establecido, las clases de carpeta se recuperan del servidor. Los nombres especificados aquí se muestran al usuario y los valores corresponden a los nombres simbólicos de cada clase de carpeta."},{"id":null,"key":"CS_GetContent_GetAnnotation","value":"Obtener anotación"},{"id":null,"key":"CS_GetContent_GetAppResourceInfo","value":"Obtener información de recurso de aplicación"},{"id":null,"key":"CS_GetContent_GetClassAccess","value":"Obtener acceso de clase"},{"id":null,"key":"CS_GetContent_GetVersionSeries","value":"Obtener serie de versión"},{"id":null,"key":"CS_GetContent_OnContentReceived","value":"Al recibir contenido"},{"id":null,"key":"CS_GetContent_OnContentReceived_Help","value":"Un suceso que se activa cuando se ha devuelto el contenido del documento en la respuesta."},{"id":null,"key":"CS_GetContent_OnGetClassAccess","value":"Al obtener acceso de clase"},{"id":null,"key":"CS_GetContent_OnGetClassAccess_Help","value":"Suceso que se activa cuando se ha devuelto la respuesta de obtención de acceso de clase."},{"id":null,"key":"CS_GetContent_OnPropertiesUpdated","value":"Al actualizar propiedades"},{"id":null,"key":"CS_GetContent_OnPropertiesUpdated_Help","value":"Suceso que se activa una vez que se han recuperado y actualizado las propiedades en el objeto de elemento de contenido."},{"id":null,"key":"CS_Height","value":"Altura"},{"id":null,"key":"CS_Hide_Time_Picker","value":"Ocultar el selector de tiempo al editar valores de fecha y hora"},{"id":null,"key":"CS_Hide_Time_Picker_Help","value":"Cuando está establecido, oculta la interfaz para editar la parte de hora de los valores de fecha y hora."},{"id":null,"key":"CS_ListAnnotations_Annotations","value":"Anotaciones"},{"id":null,"key":"CS_ListAnnotations_GetAnnotations","value":"Obtener anotaciones"},{"id":null,"key":"CS_ListAnnotations_OnDone","value":"Si está terminado"},{"id":null,"key":"CS_ListAnnotations_OnDone_Help","value":"Suceso que se activa cuando se cierra el diálogo de anotaciones de lista."},{"id":null,"key":"CS_ListVersions_GetVersions","value":"Obtener versiones"},{"id":null,"key":"CS_ListVersions_Versions","value":"Versiones"},{"id":null,"key":"CS_Modal_OnCancel","value":"Al cancelar"},{"id":null,"key":"CS_Modal_OnCancel_Help","value":"El suceso que se activa cuando el usuario cancela una vista modal."},{"id":null,"key":"CS_Move","value":"Mover"},{"id":null,"key":"CS_MoveDocument","value":"Mover documento"},{"id":null,"key":"CS_MoveDocument_GetFolderRcr","value":"Obtener rcrs de carpeta"},{"id":null,"key":"CS_MoveDocument_MoveFrom","value":"Mover desde"},{"id":null,"key":"CS_MoveDocument_OnMove","value":"Al mover"},{"id":null,"key":"CS_MoveDocument_OnMove_Help","value":"Suceso que se activa cuando se mueve un documento a una carpeta."},{"id":null,"key":"CS_MoveToFolder","value":"Mover a carpeta"},{"id":null,"key":"CS_MoveToFolder_Desc","value":"Puede mover documentos de una carpeta a otra."},{"id":null,"key":"CS_OK","value":"Aceptar"},{"id":null,"key":"CS_ObjectStoreName","value":"Nombre de repositorio"},{"id":null,"key":"CS_ObjectStoreName_Help","value":"Nombre del almacén de objetos de la consola de administración de Content Platform Engine."},{"id":null,"key":"CS_On_Class_Selected","value":"Al seleccionar una clase"},{"id":null,"key":"CS_On_Class_Selected_Help","value":"El suceso que se activa cuando el usuario selecciona una clase."},{"id":null,"key":"CS_ProgressIndicator_OnClose","value":"Al cerrar"},{"id":null,"key":"CS_ProgressIndicator_OnClose_Help","value":"Se activa cuando se cierra el indicador de progreso."},{"id":null,"key":"CS_ProgressIndicator_OnFileRemoved","value":"Al eliminar un archivo"},{"id":null,"key":"CS_ProgressIndicator_OnFileRemoved_Help","value":"Se activa cuando se elimina un archivo pendiente del indicador de progreso"},{"id":null,"key":"CS_PropertyList_Display_Edit","value":"Visualizar los botones para editar los valores de las propiedades"},{"id":null,"key":"CS_PropertyList_Display_Edit_Help","value":"Visualizar los botones en una barra de herramientas que permita a los usuarios editar los valores de las propiedades."},{"id":null,"key":"CS_PropertyPoller_OnError","value":"En caso de error"},{"id":null,"key":"CS_PropertyPoller_OnError_Help","value":"Se activa cuando se produce un error al sondear una propiedad."},{"id":null,"key":"CS_PropertyPoller_OnResults","value":"Al obtener resultados"},{"id":null,"key":"CS_PropertyPoller_OnResults_Help","value":"Se activa cuando se reciben resultados de una solicitud de sondeo."},{"id":null,"key":"CS_PropertyPoller_OnStatus","value":"Al devolver información de propiedades"},{"id":null,"key":"CS_PropertyPoller_OnStatus_Help","value":"Se activa cuando se devuelven datos al sondear al servidor para obtener información de propiedades."},{"id":null,"key":"CS_Query_ExecuteOnChange","value":"Ejecutar búsqueda al cambiar"},{"id":null,"key":"CS_Query_ExecuteOnChange_Help","value":"Ejecuta la búsqueda configurada cuando se produce el suceso de cambio de vista en el componente."},{"id":null,"key":"CS_Query_ExecuteOnView","value":"Ejecutar búsqueda en la vista"},{"id":null,"key":"CS_Query_ExecuteOnView_Help","value":"Ejecuta la búsqueda configurada cuando se produce el suceso de vista de coach en el componente."},{"id":null,"key":"CS_Query_MaxResults","value":"Resultados máximos"},{"id":null,"key":"CS_Query_MaxResults_Help","value":"El número máximo de resultados que devolverá la consulta."},{"id":null,"key":"CS_Query_OnError","value":"En caso de error"},{"id":null,"key":"CS_Query_OnError_Help","value":"Se activa cuando se produce un error."},{"id":null,"key":"CS_Query_OnSearchResults","value":"Al obtener resultados de búsqueda"},{"id":null,"key":"CS_Query_OnSearchResults_Help","value":"Se activa cuando se devuelven resultados de búsqueda del servidor."},{"id":null,"key":"CS_Query_ResultProperties","value":"Propiedades de los resultados"},{"id":null,"key":"CS_Query_ResultProperties_Help","value":"Nombres simbólicos de las propiedades devueltas en los resultados de la búsqueda."},{"id":null,"key":"CS_Query_SearchValue","value":"Valores de búsqueda"},{"id":null,"key":"CS_Query_SearchValue_Help","value":"Los valores a buscar."},{"id":null,"key":"CS_Remove","value":"Eliminar"},{"id":null,"key":"CS_RemoveFromFolder","value":"Eliminar de carpeta"},{"id":null,"key":"CS_RemoveFromFolder_Desc","value":"Puede eliminar documentos de las carpetas. Sin embargo, cuando se elimina un documento de todas las carpetas no se elimina del repositorio. Todavía puede recuperar el documento ejecutando una búsqueda.  En la lista solo las carpetas que tiene privilegios de vista. "},{"id":null,"key":"CS_RemoveFromFolder_FilterHint","value":"Filtrar lista"},{"id":null,"key":"CS_RemoveFromFolder_UnfileDocument","value":"Desarchivar documento"},{"id":null,"key":"CS_Repository","value":"Repositorio"},{"id":null,"key":"CS_RepositoryId","value":"ID de repositorio"},{"id":null,"key":"CS_RepositoryId_Help","value":"El ID de repositorio de IBM Navigator. Este valor lo utiliza el visor de documentos."},{"id":null,"key":"CS_Save","value":"Guardar"},{"id":null,"key":"CS_SearchOperator_OnChange","value":"Al cambiar el operador"},{"id":null,"key":"CS_SearchProperty_AddBlankSelection","value":"Añadir selección en blanco"},{"id":null,"key":"CS_SearchProperty_AddBlankSelection_Help","value":"Incluir una selección en blanco en la lista de propiedades."},{"id":null,"key":"CS_SearchProperty_IncludeHidden","value":"Incluir ocultos"},{"id":null,"key":"CS_SearchProperty_IncludeHidden_Help","value":"Incluir propiedades ocultas en la lista de selección."},{"id":null,"key":"CS_SearchProperty_IsSearchable","value":"Se puede buscar"},{"id":null,"key":"CS_SearchProperty_IsSearchable_Help","value":"Incluir solo las propiedades en las que se pueden realizar búsquedas."},{"id":null,"key":"CS_SearchProperty_OnChangeProperty","value":"Al cambiar la propiedad"},{"id":null,"key":"CS_SearchProperty_OnChangeProperty_Help","value":"Un suceso que se activa cuando se cambia la propiedad seleccionada."},{"id":null,"key":"CS_SearchProperty_OnResult","value":"Al obtener resultados"},{"id":null,"key":"CS_SearchProperty_OnResult_Help","value":"Suceso que se activa cuando finaliza la carga de la lista de selección de propiedades."},{"id":null,"key":"CS_SearchProperty_SearchFor","value":"Buscar"},{"id":null,"key":"CS_SearchProperty_SearchFor_Help","value":"Los tipos de objeto que buscar; Documento o Carpeta."},{"id":null,"key":"CS_SelectFiles","value":"Seleccionar archivos"},{"id":null,"key":"CS_SelectObject_DateValue","value":"Valor de fecha"},{"id":null,"key":"CS_SelectObject_DecimalValue","value":"Valor decimal"},{"id":null,"key":"CS_SelectObject_Desc","value":"Seleccione un objeto de la lista."},{"id":null,"key":"CS_SelectObject_DisplayMode","value":"Modalidad de visualización"},{"id":null,"key":"CS_SelectObject_DisplayMode_Help","value":"Modalidad de visualización que se debe utilizar al rellenar la lista de contenido."},{"id":null,"key":"CS_SelectObject_IntegerValue","value":"Valor entero"},{"id":null,"key":"CS_SelectObject_OnChange","value":"Al cambiar"},{"id":null,"key":"CS_SelectObject_OnSelect","value":"Al seleccionar"},{"id":null,"key":"CS_SelectObject_OnSelect_Help","value":"Suceso que se activa cuando se ha seleccionado un objeto en el diálogo."},{"id":null,"key":"CS_SelectObject_Search","value":"Búsqueda"},{"id":null,"key":"CS_SelectObject_SearchOperator","value":"Operador"},{"id":null,"key":"CS_SelectObject_SearchProperty","value":"Propiedad de búsqueda"},{"id":null,"key":"CS_SelectObject_SearchValue","value":"Valor"},{"id":null,"key":"CS_SelectObject_Select","value":"Select"},{"id":null,"key":"CS_SelectObject_SelectObject","value":"Seleccionar objeto"},{"id":null,"key":"CS_SelectObject_SelectObjectType","value":"Seleccionar tipo de objeto"},{"id":null,"key":"CS_SelectObject_SelectObjectType_Help","value":"Tipo de objeto para permitir la selección; Documento o Carpeta."},{"id":null,"key":"CS_SelectObject_SelectValue","value":"Seleccionar valor"},{"id":null,"key":"CS_SelectObject_StringValue","value":"Valor de serie"},{"id":null,"key":"CS_SetDocClass_AddButton","value":"Añadir"},{"id":null,"key":"CS_SetDocClass_AutoClassifyButton","value":"Clasificación automática"},{"id":null,"key":"CS_SetDocClass_ClassifyButton","value":"Clasificar"},{"id":null,"key":"CS_SetDocClass_Description","value":"Para especificar manualmente el tipo de documento, seleccione primero los archivos de la tabla. Utilice la opción de clasificación para asignar el tipo de documento para los archivos seleccionados. Si un archivo no se clasifica manualmente, el sistema lo clasificará automáticamente."},{"id":null,"key":"CS_SetDocClass_DeselectButton","value":"Deseleccionar"},{"id":null,"key":"CS_SetDocClass_Filter_Placeholder","value":"Filtrar lista"},{"id":null,"key":"CS_SetDocClass_Modal_Heading","value":"Añadir archivos"},{"id":null,"key":"CS_SummaryCard_Details","value":"Detalles"},{"id":null,"key":"CS_SummaryCard_Details_Help","value":"Se visualiza en la sección de detalles de la tarjeta de resumen."},{"id":null,"key":"CS_SummaryCard_DisplayHelpIcon","value":"Icono Visualizar ayuda"},{"id":null,"key":"CS_SummaryCard_DisplayHelpIcon_Help","value":"Cuando se selecciona, muestra un icono de ayuda en la tarjeta."},{"id":null,"key":"CS_SummaryCard_HelpLearnMoreUrl","value":"URL de ayuda Más información"},{"id":null,"key":"CS_SummaryCard_HelpLearnMoreUrl_Help","value":"Un enlace para obtener más información. Cuando está establecido, se visualiza un botón en la ayuda contextual de ayuda que, al pulsarlo, muestra la página especificada en el enlace."},{"id":null,"key":"CS_SummaryCard_HelpText","value":"Texto de ayuda"},{"id":null,"key":"CS_SummaryCard_HelpText_Help","value":"Un ID de mensaje o texto que se visualiza en una ayuda contextual cuando el usuario pulsa el icono de ayuda."},{"id":null,"key":"CS_SummaryCard_OnClick","value":"Al pulsar"},{"id":null,"key":"CS_SummaryCard_OnClick_Help","value":"Se activa cuando se pulsa la tarjeta de resumen."},{"id":null,"key":"CS_SummaryCard_Title","value":"Título"},{"id":null,"key":"CS_SummaryCard_Title_Help","value":"Se visualiza como el título de la tarjeta de resumen."},{"id":null,"key":"CS_Upload","value":"Cargar"},{"id":null,"key":"CS_UploadContent_GetClassDetails","value":"Obtener detalles de clase"},{"id":null,"key":"CS_UploadContent_MaxUploads","value":"Número máximo de cargas simultáneas"},{"id":null,"key":"CS_UploadContent_MaxUploads_Help","value":"El número máximo de cargas que se ejecutarán simultáneamente."},{"id":null,"key":"CS_UploadContent_OnContentAdded","value":"Al añadir contenido"},{"id":null,"key":"CS_UploadContent_OnContentAdded_Help","value":"Un suceso que se activa una vez que se han cargado correctamente los contenidos."},{"id":null,"key":"CS_UploadContent_OnError","value":"En caso de error"},{"id":null,"key":"CS_UploadContent_OnError_Help","value":"Un suceso que se activa cuando se produce un error al cargar contenido."},{"id":null,"key":"CS_UploadVersion_OnUploadVersion","value":"Al cargar la versión"},{"id":null,"key":"CS_UploadVersion_OnUploadVersionHelp","value":"Un suceso que se activa cuando se ha cargado una nueva versión del documento."},{"id":null,"key":"CS_Width","value":"Anchura"},{"id":null,"key":"pathName","value":"Nombre de vía de acceso"}]}