{"data":{"boModels":{"2056.63eb53af-c699-4017-8748-c2447a0dd077":"12.db884a3c-c533-44b7-bb2d-47bec8ad4022","12.db884a3c-c533-44b7-bb2d-47bec8ad4022":"{\"simpleType\":[{\"annotation\":{\"documentation\":[{\"content\":[\"String Type\"]}],\"appinfo\":[{\"simpleErrorMessage\":[\"Please enter a character string\"]}]},\"name\":\"String\",\"restriction\":{\"annotation\":{\"appinfo\":[{\"stringLengthType\":[\"0\"],\"simpleBaseType\":[\"String\"]}]},\"base\":\"{http:\\/\\/www.w3.org\\/2001\\/XMLSchema}string\"}}],\"attributeFormDefault\":\"unqualified\",\"elementFormDefault\":\"unqualified\",\"targetNamespace\":\"http:\\/\\/lombardi.ibm.com\\/schema\\/\",\"id\":\"_12.db884a3c-c533-44b7-bb2d-47bec8ad4022\"}","2056.732b8141-3392-4c1a-930e-15c1466db99e":"12.db884a3c-c533-44b7-bb2d-47bec8ad4022","2056.5c355aae-708c-4a4a-9444-bf9e3feee536":"12.db884a3c-c533-44b7-bb2d-47bec8ad4022","2056.955b9313-21ce-4ce1-82ec-990cefcf1df9":"12.db884a3c-c533-44b7-bb2d-47bec8ad4022"},"metadata":{"paId":"2066.815dd210-9064-45ec-b29f-e734c5552297","paShortName":"COC","snapshotId":"2064.a0a1259c-1138-467c-a1e1-b0779e07a961","snapshotName":"v1.0.4","name":"Client Onboarding Comments"},"defaults":{"entry":[{"type":"S","value":""},{"type":"B","value":false},{"type":"I","value":0},{"type":"D","value":0.0},{"type":"DT","value":null},{"type":"DT","value":null}]},"templates":{"variableTemplates":[{"modelId":"1.5e13e8cf-ae91-4939-8a3c-13e890479725","parentId":"2025.d8d16524-e7e4-46fe-9dc0-95dfad1597aa","variableTemplate":[{"id":"2056.732b8141-3392-4c1a-930e-15c1466db99e","name":"errorCode","boTemplateName":"S"},{"id":"2056.5c355aae-708c-4a4a-9444-bf9e3feee536","name":"errorMessage","boTemplateName":"S"}]},{"modelId":"1.5e13e8cf-ae91-4939-8a3c-13e890479725","parentId":"1.5e13e8cf-ae91-4939-8a3c-13e890479725","variableTemplate":[{"id":"2056.63eb53af-c699-4017-8748-c2447a0dd077","name":"referenceId","boTemplateName":"S"},{"id":"2056.955b9313-21ce-4ce1-82ec-990cefcf1df9","name":"comment","boTemplateName":"S"}]}],"boTemplate":[]},"model":{"rootElement":[{"extensionElements":{"userTaskImplementation":[{"flowElement":[{"parallelMultiple":false,"outgoing":["2027.c300419e-f53e-4916-817a-64050801b789"],"isInterrupting":true,"extensionElements":{"nodeVisualInfo":[{"color":"#F8F8F8","width":24,"x":50,"y":200,"declaredType":"TNodeVisualInfo","height":24}]},"name":"Start","declaredType":"startEvent","id":"cefe5953-9675-4c94-8a8a-81eec46f734a"},{"outgoing":["2027.55402c1f-146e-486f-8a70-f8562e5366a0"],"incoming":["2027.c300419e-f53e-4916-817a-64050801b789"],"extensionElements":{"nodeVisualInfo":[{"width":95,"x":350,"y":177,"declaredType":"TNodeVisualInfo","height":70}]},"declaredType":"com.ibm.bpmsdk.model.bpmn20.ibmext.TFormTask","isHeritageCoach":false,"cachePage":true,"startQuantity":1,"formDefinition":{"coachDefinition":{"layout":{"layoutItem":[{"layoutItemId":"Header1","configData":[{"declaredType":"com.ibm.bpmsdk.model.coach.ConfigData","id":"8015f981-447c-4e08-832a-782ed3932a89","optionName":"@label","value":"Header"},{"declaredType":"com.ibm.bpmsdk.model.coach.ConfigData","id":"7eb0befc-c435-40d2-8242-263146e68a41","optionName":"@helpText","value":""},{"declaredType":"com.ibm.bpmsdk.model.coach.ConfigData","id":"58a1d978-670d-4cf2-82a3-773a05e54780","optionName":"@labelVisibility","value":"SHOW"},{"declaredType":"com.ibm.bpmsdk.model.coach.ConfigData","id":"31b5ba3a-df5a-4e0e-816e-23be0b3d4108","optionName":"clientVisibility","value":"Same as parent"},{"declaredType":"com.ibm.bpmsdk.model.coach.ConfigData","id":"589f302e-ca9b-43f0-898a-dbf0953184e8","optionName":"clientRepVsibility","value":"None"}],"viewUUID":"64.3d58a3eb-c1ca-4434-860b-c81f20004ddc","declaredType":"com.ibm.bpmsdk.model.coach.ViewRef","id":"772dd055-71d9-4777-80ef-df0cc0053c62","version":"8550"},{"layoutItemId":"Output_Text1","configData":[{"declaredType":"com.ibm.bpmsdk.model.coach.ConfigData","id":"8c217ce4-08a2-4e9c-8869-57f9abcb2db6","optionName":"labelWeightNormal","value":"{\"isResponsiveData\":true,\"values\":[{\"deviceConfigID\":\"LargeID\",\"value\":true}]}"},{"declaredType":"com.ibm.bpmsdk.model.coach.ConfigData","id":"e2067063-1b3b-4aa5-8fd0-24cd074fd707","optionName":"@label","value":"Share additional details or feedback about your request below"},{"declaredType":"com.ibm.bpmsdk.model.coach.ConfigData","id":"6e433ded-c7ad-4d5d-89e0-df00bd04faa6","optionName":"@helpText","value":""},{"declaredType":"com.ibm.bpmsdk.model.coach.ConfigData","id":"ecfc2af0-e472-436b-82d6-ac34088cc9fc","optionName":"@labelVisibility","value":"SHOW"},{"declaredType":"com.ibm.bpmsdk.model.coach.ConfigData","id":"97074144-9076-4acb-8634-2022402c2f8c","optionName":"width","value":"{\"isResponsiveData\":true,\"values\":[{\"deviceConfigID\":\"LargeID\",\"value\":\"\"}]}"},{"declaredType":"com.ibm.bpmsdk.model.coach.ConfigData","id":"864ca3a0-796f-457e-8fc3-8ee1d9c1f65e","optionName":"sizeStyle","value":"{\"isResponsiveData\":true,\"values\":[{\"deviceConfigID\":\"LargeID\",\"value\":\"L\"}]}"},{"valueType":"static","declaredType":"com.ibm.bpmsdk.model.coach.ConfigData","id":"7d8b1e57-93c7-4e6f-8f72-35c2ea88c8ec","optionName":"weightStyle","value":"D"},{"valueType":"static","declaredType":"com.ibm.bpmsdk.model.coach.ConfigData","id":"53e9c36c-52fa-47d7-8ead-173fb0eedef9","optionName":"colorStyle"},{"declaredType":"com.ibm.bpmsdk.model.coach.ConfigData","id":"ce5c0015-45f5-4800-8285-b232bcddf6d7","optionName":"@padding","value":"{\"isResponsiveData\":true,\"values\":[{\"deviceConfigID\":\"LargeID\",\"value\":\"20px\"}]}"}],"viewUUID":"64.f634f22e-7800-4bd7-9f1e-87177acfb3bc","declaredType":"com.ibm.bpmsdk.model.coach.ViewRef","id":"b4683692-8899-4627-84c8-ac27cadf6716","version":"8550"},{"layoutItemId":"refIdDisplay","configData":[{"declaredType":"com.ibm.bpmsdk.model.coach.ConfigData","id":"6938b4aa-295c-497b-84d7-2a89f2d9ddbe","optionName":"labelWeightNormal","value":"{\"isResponsiveData\":true,\"values\":[{\"deviceConfigID\":\"LargeID\",\"value\":true}]}"},{"declaredType":"com.ibm.bpmsdk.model.coach.ConfigData","id":"59bceb5f-f209-40b2-800c-4e57482b6c74","optionName":"@label","value":"Reference ID: "},{"declaredType":"com.ibm.bpmsdk.model.coach.ConfigData","id":"b90c08e2-abd9-42b5-8db9-20fec4773004","optionName":"@helpText","value":""},{"declaredType":"com.ibm.bpmsdk.model.coach.ConfigData","id":"6067fb93-564a-49e4-832e-44aad623ebc6","optionName":"@labelVisibility","value":"SHOW"},{"declaredType":"com.ibm.bpmsdk.model.coach.ConfigData","id":"235163ee-ed55-4caf-8209-d5987eecdd23","optionName":"eventON_LOAD","value":"var queryString = window.top.location.search;\nvar urlParams = new URLSearchParams(queryString);\n${ReferenceID}.setData(urlParams.get('ReferenceID'));"},{"declaredType":"com.ibm.bpmsdk.model.coach.ConfigData","id":"e8792ff6-86df-4836-8f79-6edb21121310","optionName":"width","value":"{\"isResponsiveData\":true,\"values\":[{\"deviceConfigID\":\"LargeID\",\"value\":\"\"}]}"},{"declaredType":"com.ibm.bpmsdk.model.coach.ConfigData","id":"23f7ec1b-b965-4377-82f7-295080251417","optionName":"sizeStyle","value":"{\"isResponsiveData\":true,\"values\":[{\"deviceConfigID\":\"LargeID\",\"value\":\"S\"}]}"},{"valueType":"static","declaredType":"com.ibm.bpmsdk.model.coach.ConfigData","id":"7055f585-8b6d-40f6-8d26-cd6caa25b0d8","optionName":"weightStyle","value":"D"},{"valueType":"static","declaredType":"com.ibm.bpmsdk.model.coach.ConfigData","id":"f24aa42a-6ecd-466d-866a-1d956047f4b1","optionName":"colorStyle"},{"declaredType":"com.ibm.bpmsdk.model.coach.ConfigData","id":"a3d9cbd9-87c5-45e8-8234-a26c41689da9","optionName":"labelPlacement","value":"{\"isResponsiveData\":true,\"values\":[{\"deviceConfigID\":\"LargeID\",\"value\":\"L\"}]}"},{"declaredType":"com.ibm.bpmsdk.model.coach.ConfigData","id":"37f89fd4-e96d-4a52-8c9b-0144ef96b6f4","optionName":"@padding","value":"{\"isResponsiveData\":true,\"values\":[{\"deviceConfigID\":\"LargeID\",\"value\":\"\"}]}"},{"declaredType":"com.ibm.bpmsdk.model.coach.ConfigData","id":"26b3eca2-7726-40ed-8d92-64584725409b","optionName":"@margin","value":"{\"isResponsiveData\":true,\"values\":[{\"deviceConfigID\":\"LargeID\",\"value\":\"5px\"}]}"},{"declaredType":"com.ibm.bpmsdk.model.coach.ConfigData","id":"1a0ad0ae-9bca-4720-8bb8-753444b9b789","optionName":"@className","value":""},{"declaredType":"com.ibm.bpmsdk.model.coach.ConfigData","id":"ca02e8e9-5419-4b5a-8ccd-8ae51cb54f48","optionName":"@htmlOverrides","value":"\"style\":\"margin-left:20px\""}],"viewUUID":"64.f634f22e-7800-4bd7-9f1e-87177acfb3bc","binding":"tw.local.referenceId","declaredType":"com.ibm.bpmsdk.model.coach.ViewRef","id":"384b2764-666c-4d51-81b5-cb3ffd9c90b4","version":"8550"},{"layoutItemId":"CommentArea","configData":[{"declaredType":"com.ibm.bpmsdk.model.coach.ConfigData","id":"8c4dcf6a-fd67-49ef-8db7-75b9e8777171","optionName":"@label","value":"Comment"},{"declaredType":"com.ibm.bpmsdk.model.coach.ConfigData","id":"6db32250-c66f-4287-8d0c-8c4d24b7e6df","optionName":"@helpText","value":""},{"valueType":"static","declaredType":"com.ibm.bpmsdk.model.coach.ConfigData","id":"5156e7f1-a09b-41aa-84dc-f40a73ff1e4f","optionName":"@labelVisibility","value":"SHOW"},{"declaredType":"com.ibm.bpmsdk.model.coach.ConfigData","id":"6a65de9a-25a4-48f4-847d-2ef7d302db85","optionName":"@padding","value":"{\"isResponsiveData\":true,\"values\":[{\"deviceConfigID\":\"LargeID\",\"value\":\"20px\"}]}"},{"declaredType":"com.ibm.bpmsdk.model.coach.ConfigData","id":"657ec7b2-189d-45d9-8715-df35a66e20b3","optionName":"width","value":"{\"isResponsiveData\":true,\"values\":[{\"deviceConfigID\":\"LargeID\",\"value\":\"600px\"}]}"},{"declaredType":"com.ibm.bpmsdk.model.coach.ConfigData","id":"8c34f99a-d23b-49f0-8cf8-742f25efd465","optionName":"height","value":"{\"isResponsiveData\":true,\"values\":[{\"deviceConfigID\":\"LargeID\",\"value\":\"150px\"}]}"},{"declaredType":"com.ibm.bpmsdk.model.coach.ConfigData","id":"bbed0a85-d532-4e96-8a44-7fc9fa55c34a","optionName":"labelPlacement","value":"{\"isResponsiveData\":true,\"values\":[{\"deviceConfigID\":\"LargeID\",\"value\":\"T\"}]}"},{"declaredType":"com.ibm.bpmsdk.model.coach.ConfigData","id":"3c9bc099-2a10-4fd9-8358-af4b25a26b79","optionName":"labelWidth","value":"{\"isResponsiveData\":true,\"values\":[{\"deviceConfigID\":\"LargeID\",\"value\":\"\"}]}"},{"valueType":"static","declaredType":"com.ibm.bpmsdk.model.coach.ConfigData","id":"5a567f99-5fcc-4040-8555-6661a9db9786","optionName":"placeHolder","value":""},{"declaredType":"com.ibm.bpmsdk.model.coach.ConfigData","id":"7fd84aad-0cf1-4e62-8c31-ea3e6fb6581e","optionName":"@htmlOverrides","value":"\"maxlength\":\"510\""},{"declaredType":"com.ibm.bpmsdk.model.coach.ConfigData","id":"39d63134-fd1d-4e24-8fb5-e1b43f1f8003","optionName":"eventON_INPUT","value":"return potential.length <= 510;"}],"viewUUID":"64.0e61869e-73fd-4401-b156-8c11adaec3f8","binding":"tw.local.comment","declaredType":"com.ibm.bpmsdk.model.coach.ViewRef","id":"16d3025e-fae9-4793-8fc3-294286b286d7","version":"8550"},{"layoutItemId":"PostComment","configData":[{"declaredType":"com.ibm.bpmsdk.model.coach.ConfigData","id":"dce8dd64-bced-4da1-8dbb-b99bad75bf78","optionName":"@label","value":"Post Comment"},{"declaredType":"com.ibm.bpmsdk.model.coach.ConfigData","id":"148b4028-9b0d-4445-8c3d-e44785b20b65","optionName":"@helpText","value":""},{"declaredType":"com.ibm.bpmsdk.model.coach.ConfigData","id":"6c585c8b-7974-4f21-8474-c902eeafe407","optionName":"@labelVisibility","value":"SHOW"},{"valueType":"static","declaredType":"com.ibm.bpmsdk.model.coach.ConfigData","id":"6e0c769b-ba75-4a60-88b6-c239f4689f0d","optionName":"preventMultipleClicks","value":"false"},{"valueType":"static","declaredType":"com.ibm.bpmsdk.model.coach.ConfigData","id":"ca8eb3ec-9f03-4343-811d-9d160ffcb047","optionName":"colorStyle","value":"P"},{"valueType":"static","declaredType":"com.ibm.bpmsdk.model.coach.ConfigData","id":"161f0c31-92be-4516-8d4f-1ab3b5df15f4","optionName":"shapeStyle","value":"D"},{"declaredType":"com.ibm.bpmsdk.model.coach.ConfigData","id":"c4c76d58-625f-4226-880a-569d1865b924","optionName":"sizeStyle","value":"{\"isResponsiveData\":true,\"values\":[{\"deviceConfigID\":\"LargeID\",\"value\":\"D\"}]}"},{"valueType":"static","declaredType":"com.ibm.bpmsdk.model.coach.ConfigData","id":"a8e140b1-3cf0-4918-8fa0-82d704ada58f","optionName":"outline","value":"false"},{"declaredType":"com.ibm.bpmsdk.model.coach.ConfigData","id":"78ed1707-9865-41c8-8f86-e95e322121cb","optionName":"iconLocation","value":"{\"isResponsiveData\":true,\"values\":[{\"deviceConfigID\":\"LargeID\",\"value\":\"L\"}]}"},{"valueType":"static","declaredType":"com.ibm.bpmsdk.model.coach.ConfigData","id":"d3a0e1f2-8c12-4ac0-85ac-c074df58fc6d","optionName":"eventON_CLICK","value":"var comment = ${Comment}.getData();\n\nif(!comment || comment.length <10) {\n   alert(\"comment length must be greather than 10\");\n   return false;\n}\nconsole.log(\"now submitting...\");\nreturn true;"},{"declaredType":"com.ibm.bpmsdk.model.coach.ConfigData","id":"22972ee6-dcca-4f19-887c-4dcc3e3199f5","optionName":"@padding","value":"{\"isResponsiveData\":true,\"values\":[{\"deviceConfigID\":\"LargeID\",\"value\":\"20px\"}]}"},{"valueType":"static","declaredType":"com.ibm.bpmsdk.model.coach.ConfigData","id":"45b0af30-2d85-4968-8f2b-f16acc2c86b3","optionName":"icon","value":"ci-add-comment"}],"viewUUID":"64.7133c7d4-1a54-45c8-89cd-a8e8fa4a8e36","declaredType":"com.ibm.bpmsdk.model.coach.ViewRef","id":"5cde4e7a-8c44-476b-8e76-9e1db0a2e5c5","version":"8550"},{"layoutItemId":"ReferenceID","configData":[{"valueType":"static","declaredType":"com.ibm.bpmsdk.model.coach.ConfigData","id":"d0843877-88a5-4fb8-85a1-f9bbe7035dd4","optionName":"@label","value":"ReferenceID"},{"declaredType":"com.ibm.bpmsdk.model.coach.ConfigData","id":"55ac306e-da84-44d0-8ea2-31e3bd7c9c32","optionName":"@helpText","value":""},{"valueType":"static","declaredType":"com.ibm.bpmsdk.model.coach.ConfigData","id":"c2672203-8544-43f4-881e-759e4ca3e283","optionName":"@labelVisibility","value":"SHOW"},{"declaredType":"com.ibm.bpmsdk.model.coach.ConfigData","id":"06ea5dab-904a-445b-80e7-5d6c5039bfc1","optionName":"eventON_LOAD","value":"var queryString = window.top.location.search;\nvar urlParams = new URLSearchParams(queryString);\n${ReferenceID}.setData(urlParams.get('ReferenceID'));\nif(!urlParams.get('ReferenceID')) {\n\t${PostComment}.setEnabled(false);\n\talert('Comment can not be posted as reference Id not found');\n}\n"}],"viewUUID":"64.9b679256-e93b-4400-89f2-bd15b0c5578d","binding":"tw.local.referenceId","declaredType":"com.ibm.bpmsdk.model.coach.ViewRef","id":"02f20d80-375b-4622-8f79-3cb5843545b8","version":"8550"},{"layoutItemId":"Comment","configData":[{"valueType":"static","declaredType":"com.ibm.bpmsdk.model.coach.ConfigData","id":"8cf6a2bd-c468-4d51-8415-82994607430c","optionName":"@label","value":"Comment"},{"declaredType":"com.ibm.bpmsdk.model.coach.ConfigData","id":"6e73ce58-dcff-4fe9-8c04-715de3dd9c46","optionName":"@helpText","value":""},{"valueType":"static","declaredType":"com.ibm.bpmsdk.model.coach.ConfigData","id":"3aefb98a-7d6c-4148-8ee4-7f72903f6c27","optionName":"@labelVisibility","value":"SHOW"}],"viewUUID":"64.9b679256-e93b-4400-89f2-bd15b0c5578d","binding":"tw.local.comment","declaredType":"com.ibm.bpmsdk.model.coach.ViewRef","id":"0903384f-2dea-4283-8245-202de06381ff","version":"8550"}]},"declaredType":"com.ibm.bpmsdk.model.coach.TCoachDefinition"}},"commonLayoutArea":0,"name":"Starting page","isForCompensation":false,"completionQuantity":1,"id":"2025.10f36503-8f95-4f68-91dd-f5a6ed9d34db"},{"flowElement":[{"itemSubjectRef":"itm.12.db884a3c-c533-44b7-bb2d-47bec8ad4022","name":"errorCode","isCollection":false,"declaredType":"dataObject","id":"2056.732b8141-3392-4c1a-930e-15c1466db99e"},{"itemSubjectRef":"itm.12.db884a3c-c533-44b7-bb2d-47bec8ad4022","name":"errorMessage","isCollection":false,"declaredType":"dataObject","id":"2056.5c355aae-708c-4a4a-9444-bf9e3feee536"},{"parallelMultiple":false,"outgoing":["2027.63833865-f3a5-4f15-8112-70b36945c7d7"],"isInterrupting":true,"eventDefinition":[{"extensionElements":{"errorEventSettings":[{"catchAll":true,"declaredType":"com.ibm.bpmsdk.model.bpmn20.ibmwleext.TErrorEventSettings"}]},"declaredType":"errorEventDefinition"}],"extensionElements":{"nodeVisualInfo":[{"color":"#F8F8F8","width":24,"x":50,"y":200,"declaredType":"TNodeVisualInfo","height":24}]},"name":"Start","declaredType":"startEvent","id":"56b6d658-96a6-4e24-a9e8-e9b826b2dee5"},{"startQuantity":1,"outgoing":["2027.a321929a-82e3-4615-941f-a3ca9f06eb7f"],"incoming":["2027.63833865-f3a5-4f15-8112-70b36945c7d7"],"extensionElements":{"nodeVisualInfo":[{"width":95,"x":250,"y":177,"declaredType":"TNodeVisualInfo","height":70}]},"name":"init","isForCompensation":false,"completionQuantity":1,"declaredType":"scriptTask","id":"05997676-291f-4482-a627-cb88128056a2","scriptFormat":"text/x-javascript","script":{"content":["tw.local.errorMessage = tw.error.message;\r\ntw.local.errorCode = tw.error.code;"]}},{"outgoing":["2027.a2f2b6cb-ed39-4381-a32f-ec850ea28583"],"incoming":["2027.a321929a-82e3-4615-941f-a3ca9f06eb7f"],"extensionElements":{"nodeVisualInfo":[{"width":95,"x":450,"y":177,"declaredType":"TNodeVisualInfo","height":70}]},"declaredType":"com.ibm.bpmsdk.model.bpmn20.ibmext.TFormTask","isHeritageCoach":false,"cachePage":false,"startQuantity":1,"formDefinition":{"coachDefinition":{"layout":{"layoutItem":[{"contentBoxContrib":[{"contributions":[{"layoutItemId":"error_display_image","configData":[{"declaredType":"com.ibm.bpmsdk.model.coach.ConfigData","id":"d8944a91-095f-46b1-b2af-db0038ad41d4","optionName":"@label","value":"error image"},{"declaredType":"com.ibm.bpmsdk.model.coach.ConfigData","id":"cba6abfd-607f-45fa-9cc3-f05c92957ccb","optionName":"@padding","value":"{\"isResponsiveData\":true,\"values\":[{\"deviceConfigID\":\"LargeID\",\"value\":\"25% 0px 0px 0px\"}]}"},{"declaredType":"com.ibm.bpmsdk.model.coach.ConfigData","id":"8d7cdbef-b425-44f4-aa03-df80d4c00eb6","optionName":"@helpText","value":""}],"viewUUID":"64.49422be7-d203-44dc-951d-7ca4361d7b94","binding":"61.1cd4a3dc-eab9-4f2c-94bd-204732e2f440","declaredType":"com.ibm.bpmsdk.model.coach.ViewRef","id":"691e9006-a742-4441-9079-f6fdff837e38","version":"8550"},{"contentBoxContrib":[{"contributions":[{"layoutItemId":"error_page_header","configData":[{"declaredType":"com.ibm.bpmsdk.model.coach.ConfigData","id":"a41a6cba-6424-4975-84c6-74a3f49a75bb","optionName":"@label","value":"An error in this application needs the author's attention."},{"declaredType":"com.ibm.bpmsdk.model.coach.ConfigData","id":"a691c3ed-cd57-4007-bc48-00f8274e5be2","optionName":"sizeStyle","value":"{\"isResponsiveData\":true,\"values\":[{\"deviceConfigID\":\"LargeID\",\"value\":\"X\"}]}"}],"viewUUID":"64.f634f22e-7800-4bd7-9f1e-87177acfb3bc","declaredType":"com.ibm.bpmsdk.model.coach.ViewRef","id":"d86f76d8-1b87-48de-bf30-3984e472ad9d","version":"8550"},{"layoutItemId":"error_page_subtitle","configData":[{"declaredType":"com.ibm.bpmsdk.model.coach.ConfigData","id":"efbdc3c7-a64b-48e5-991b-6d706497c5ab","optionName":"@label","value":"Although it contains an error, you can still use this application."},{"declaredType":"com.ibm.bpmsdk.model.coach.ConfigData","id":"f1665d76-1047-4bcf-b24b-93c080b31ca9","optionName":"sizeStyle","value":"{\"isResponsiveData\":true,\"values\":[{\"deviceConfigID\":\"LargeID\",\"value\":\"L\"}]}"}],"viewUUID":"64.f634f22e-7800-4bd7-9f1e-87177acfb3bc","declaredType":"com.ibm.bpmsdk.model.coach.ViewRef","id":"a3f2a4ee-313f-4a36-aaf0-a89b3ac4181c","version":"8550"},{"layoutItemId":"error_go_back","configData":[{"declaredType":"com.ibm.bpmsdk.model.coach.ConfigData","id":"c6c910ab-ec88-4cff-9600-93457a8066ef","optionName":"@label","value":"Return"},{"declaredType":"com.ibm.bpmsdk.model.coach.ConfigData","id":"9cb67ee3-6f14-4264-855e-c50b62e1c5e2","optionName":"@padding","value":"{\"isResponsiveData\":true,\"values\":[{\"deviceConfigID\":\"LargeID\",\"value\":\"5% 0px 5% 0px\"}]}"},{"declaredType":"com.ibm.bpmsdk.model.coach.ConfigData","id":"51086fd4-b721-46ab-8f8f-9c390a138b18","optionName":"colorStyle","value":"P"}],"viewUUID":"64.7133c7d4-1a54-45c8-89cd-a8e8fa4a8e36","declaredType":"com.ibm.bpmsdk.model.coach.ViewRef","id":"2144c199-a2fa-473a-b25e-34608d0f694f","version":"8550"},{"contentBoxContrib":[{"contributions":[{"layoutItemId":"error_code","configData":[{"declaredType":"com.ibm.bpmsdk.model.coach.ConfigData","id":"1c9a7149-df48-4212-b3fe-5d396cec996d","optionName":"@label","value":"Error code"},{"declaredType":"com.ibm.bpmsdk.model.coach.ConfigData","id":"5cc791af-e006-4758-b42b-cd2db59ebdc9","optionName":"@helpText","value":""}],"viewUUID":"64.5663dd71-ff18-4d33-bea0-468d0b869816","binding":"tw.local.errorCode","declaredType":"com.ibm.bpmsdk.model.coach.ViewRef","id":"703b1498-a6df-43a3-b5b6-80c8069d3884","version":"8550"},{"layoutItemId":"error_message","configData":[{"declaredType":"com.ibm.bpmsdk.model.coach.ConfigData","id":"052fe3a4-61c8-4c51-af4c-065779c38251","optionName":"@label","value":"Error message"},{"declaredType":"com.ibm.bpmsdk.model.coach.ConfigData","id":"45678917-9ab4-4c0a-b0ce-5db64b26eae1","optionName":"@labelVisibility","value":"HIDE"},{"declaredType":"com.ibm.bpmsdk.model.coach.ConfigData","id":"99efded6-9d78-49bc-a971-4bc63c828895","optionName":"initiallyExpanded","value":"true"},{"declaredType":"com.ibm.bpmsdk.model.coach.ConfigData","id":"a44be0cb-d646-4127-b2ac-c44397d33713","optionName":"@helpText","value":""}],"viewUUID":"64.933fd33b-4cce-4f8d-8219-7bac494f200d","binding":"tw.local.errorMessage","declaredType":"com.ibm.bpmsdk.model.coach.ViewRef","id":"de196c9c-8fe0-4d9e-8c24-f4802028daac","version":"8550"}],"contentBoxId":"ContentBox1","declaredType":"com.ibm.bpmsdk.model.coach.ContentBoxContrib","id":"0eae6726-c5de-4e1c-91eb-3be7e5ebc857"}],"layoutItemId":"error_content","configData":[{"declaredType":"com.ibm.bpmsdk.model.coach.ConfigData","id":"950338cf-bea2-4544-8d42-c3e07b59b823","optionName":"@label","value":"Error message"},{"declaredType":"com.ibm.bpmsdk.model.coach.ConfigData","id":"aca40509-368d-482c-ade1-5d71265826fe","optionName":"initiallyCollapsed","value":"true"},{"declaredType":"com.ibm.bpmsdk.model.coach.ConfigData","id":"47451fa2-507f-42b8-8a2a-8ff68a881fe4","optionName":"width","value":"{\"isResponsiveData\":true,\"values\":[{\"deviceConfigID\":\"LargeID\",\"value\":\"75%\"}]}"},{"declaredType":"com.ibm.bpmsdk.model.coach.ConfigData","id":"3461c788-458b-411d-8628-f83fb2e30c83","optionName":"@helpText","value":""}],"viewUUID":"64.aa70e5b9-aade-4334-b92d-1fb5e61f4b0a","declaredType":"com.ibm.bpmsdk.model.coach.ViewRef","id":"a1b7d086-fe86-4d6a-a46e-b6db3b2df62a","version":"8550"}],"contentBoxId":"ContentBox1","declaredType":"com.ibm.bpmsdk.model.coach.ContentBoxContrib","id":"0fce4fb3-348f-4e76-a133-93e997aa7f5e"}],"layoutItemId":"Error_page_Vertical_Layout","configData":[{"declaredType":"com.ibm.bpmsdk.model.coach.ConfigData","id":"a14586dc-7bd8-4349-bc0c-58d2449b7611","optionName":"@label","value":"Vertical Layout"},{"declaredType":"com.ibm.bpmsdk.model.coach.ConfigData","id":"6f5c670e-a688-4cca-abd0-01cdd64c669e","optionName":"@labelVisibility","value":"SHOW"},{"declaredType":"com.ibm.bpmsdk.model.coach.ConfigData","id":"d7a2818c-e9e4-4c42-a70f-d6630adc8ac9","optionName":"hAlignment","value":"L"},{"declaredType":"com.ibm.bpmsdk.model.coach.ConfigData","id":"2148cfd7-5a49-4f08-bb99-c5daee0bfc9c","optionName":"@padding","value":"{\"isResponsiveData\":true,\"values\":[{\"deviceConfigID\":\"LargeID\",\"value\":\"25% 0px 0px 0px\"}]}"},{"declaredType":"com.ibm.bpmsdk.model.coach.ConfigData","id":"eb8d86a9-61ec-42d4-8e53-0255264967d0","optionName":"@helpText","value":""}],"viewUUID":"64.ef447b87-24a2-42a7-b2b9-cd471e9f7b67","declaredType":"com.ibm.bpmsdk.model.coach.ViewRef","id":"ceacbc83-c08e-42ae-a18b-bc89ca73643c","version":"8550"}],"contentBoxId":"ContentBox1","declaredType":"com.ibm.bpmsdk.model.coach.ContentBoxContrib","id":"af701cfe-c450-4fe5-9b2e-7e8af2c3329e"}],"layoutItemId":"Error_page_Horizontal_Split","configData":[{"declaredType":"com.ibm.bpmsdk.model.coach.ConfigData","id":"e52d7065-63cb-46ed-9ba9-5f1b50410a31","optionName":"@label","value":"Horizontal Split Layout"},{"declaredType":"com.ibm.bpmsdk.model.coach.ConfigData","id":"52a249bb-ee2e-4d40-9739-7852a6c6aa95","optionName":"@labelVisibility","value":"SHOW"},{"declaredType":"com.ibm.bpmsdk.model.coach.ConfigData","id":"59c21ae0-8fd3-4f29-aec9-3475646e5d4a","optionName":"@helpText","value":""}],"viewUUID":"64.5c490b0f-ce12-4f65-a959-6084ee570480","declaredType":"com.ibm.bpmsdk.model.coach.ViewRef","id":"444519fa-ee19-4c0e-8601-447c0a917362","version":"8550"}]},"declaredType":"com.ibm.bpmsdk.model.coach.TCoachDefinition"}},"commonLayoutArea":0,"name":"Error page","isForCompensation":false,"completionQuantity":1,"id":"2025.3b7697cb-5f0b-41fb-a3c1-02fe6099c1de"},{"incoming":["2027.a2f2b6cb-ed39-4381-a32f-ec850ea28583"],"eventDefinition":[{"declaredType":"com.ibm.bpmsdk.model.bpmn20.ibmext.TStayOnPageEventDefinition"}],"extensionElements":{"nodeVisualInfo":[{"color":"#F8F8F8","width":24,"x":700,"y":200,"declaredType":"TNodeVisualInfo","height":24}]},"name":"Stay on page","declaredType":"intermediateThrowEvent","id":"bba78ac9-0bb5-47f9-9add-eb7a8c3243a3"},{"targetRef":"05997676-291f-4482-a627-cb88128056a2","extensionElements":{"linkVisualInfo":[{"sourcePortLocation":"rightCenter","showCoachControlLabel":false,"labelPosition":0.0,"targetPortLocation":"leftCenter","declaredType":"TLinkVisualInfo","saveExecutionContext":false,"showLabel":false}]},"declaredType":"sequenceFlow","id":"2027.63833865-f3a5-4f15-8112-70b36945c7d7","sourceRef":"56b6d658-96a6-4e24-a9e8-e9b826b2dee5"},{"targetRef":"2025.3b7697cb-5f0b-41fb-a3c1-02fe6099c1de","extensionElements":{"linkVisualInfo":[{"sourcePortLocation":"rightCenter","showCoachControlLabel":false,"labelPosition":0.0,"targetPortLocation":"leftCenter","declaredType":"TLinkVisualInfo","saveExecutionContext":false,"showLabel":false}]},"declaredType":"sequenceFlow","id":"2027.a321929a-82e3-4615-941f-a3ca9f06eb7f","sourceRef":"05997676-291f-4482-a627-cb88128056a2"},{"targetRef":"bba78ac9-0bb5-47f9-9add-eb7a8c3243a3","extensionElements":{"coachEventBinding":[{"declaredType":"com.ibm.bpmsdk.model.bpmn20.ibmext.TCoachEventBinding","id":"dfe2d49a-ea7e-4a45-9f4a-618224eeb7a9","coachEventPath":"error_go_back"}],"linkVisualInfo":[{"sourcePortLocation":"rightCenter","showCoachControlLabel":true,"labelPosition":0.0,"targetPortLocation":"leftCenter","declaredType":"TLinkVisualInfo","saveExecutionContext":true,"showLabel":false}]},"name":"To end","declaredType":"sequenceFlow","id":"2027.a2f2b6cb-ed39-4381-a32f-ec850ea28583","sourceRef":"2025.3b7697cb-5f0b-41fb-a3c1-02fe6099c1de"}],"startQuantity":1,"extensionElements":{"nodeVisualInfo":[{"color":"#faf9c4","width":95,"x":50,"y":375,"declaredType":"TNodeVisualInfo","height":70}]},"name":"Error","triggeredByEvent":true,"isForCompensation":false,"completionQuantity":1,"declaredType":"subProcess","id":"2025.d8d16524-e7e4-46fe-9dc0-95dfad1597aa"},{"incoming":["2027.461d8f10-8390-4ffd-8534-241630832191"],"extensionElements":{"nodeVisualInfo":[{"color":"#F8F8F8","width":24,"x":1041,"y":204,"declaredType":"TNodeVisualInfo","height":24}],"navigationInstructions":[{"targetType":"Default","declaredType":"com.ibm.bpmsdk.model.bpmn20.ibmext.TNavigationInstructions"}]},"name":"End","declaredType":"endEvent","id":"326042c3-8b23-4fd0-9237-daa2c63a7063"},{"targetRef":"2025.10f36503-8f95-4f68-91dd-f5a6ed9d34db","extensionElements":{"linkVisualInfo":[{"sourcePortLocation":"rightCenter","showCoachControlLabel":false,"labelPosition":0.0,"targetPortLocation":"leftCenter","declaredType":"TLinkVisualInfo","saveExecutionContext":false,"showLabel":false}]},"name":"To coach","declaredType":"sequenceFlow","id":"2027.c300419e-f53e-4916-817a-64050801b789","sourceRef":"cefe5953-9675-4c94-8a8a-81eec46f734a"},{"extensionElements":{"defaultValue":[{"declaredType":"com.ibm.bpmsdk.model.bpmn20.ibmext.TDefaultValue","useDefault":false,"value":""}]},"itemSubjectRef":"itm.12.db884a3c-c533-44b7-bb2d-47bec8ad4022","name":"referenceId","isCollection":false,"declaredType":"dataObject","id":"2056.63eb53af-c699-4017-8748-c2447a0dd077"},{"extensionElements":{"defaultValue":[{"declaredType":"com.ibm.bpmsdk.model.bpmn20.ibmext.TDefaultValue","useDefault":false,"value":""}]},"itemSubjectRef":"itm.12.db884a3c-c533-44b7-bb2d-47bec8ad4022","name":"comment","isCollection":false,"declaredType":"dataObject","id":"2056.955b9313-21ce-4ce1-82ec-990cefcf1df9"},{"outgoing":["2027.461d8f10-8390-4ffd-8534-241630832191"],"incoming":["2027.5c7bac9d-c691-413d-8cd2-060c5f5edc0a"],"extensionElements":{"nodeVisualInfo":[{"width":95,"x":807,"y":181,"declaredType":"TNodeVisualInfo","height":70}]},"declaredType":"com.ibm.bpmsdk.model.bpmn20.ibmext.TFormTask","isHeritageCoach":false,"cachePage":true,"startQuantity":1,"formDefinition":{"coachDefinition":{"layout":{"layoutItem":[{"layoutItemId":"Header1","configData":[{"declaredType":"com.ibm.bpmsdk.model.coach.ConfigData","id":"0121f1a2-b154-45df-84aa-d5c90a5581df","optionName":"@label","value":"Header"},{"declaredType":"com.ibm.bpmsdk.model.coach.ConfigData","id":"ce3b8b21-f376-446e-8dff-34e1d92956cf","optionName":"@helpText","value":""},{"declaredType":"com.ibm.bpmsdk.model.coach.ConfigData","id":"bf7f0257-8b63-43da-84a3-dfc19e7c0b83","optionName":"@labelVisibility","value":"SHOW"},{"declaredType":"com.ibm.bpmsdk.model.coach.ConfigData","id":"899e65d2-ddf2-4fbb-8ee8-91756c4abdd7","optionName":"clientRepVsibility","value":"None"}],"viewUUID":"64.3d58a3eb-c1ca-4434-860b-c81f20004ddc","declaredType":"com.ibm.bpmsdk.model.coach.ViewRef","id":"f51ab4f6-d61d-4a4c-8fa6-73595f8db40c","version":"8550"},{"layoutItemId":"Output_Text1","configData":[{"declaredType":"com.ibm.bpmsdk.model.coach.ConfigData","id":"c8e45861-aa96-4a56-8a7f-4710f4d5e568","optionName":"labelWeightNormal","value":"{\"isResponsiveData\":true,\"values\":[{\"deviceConfigID\":\"LargeID\",\"value\":true}]}"},{"valueType":"static","declaredType":"com.ibm.bpmsdk.model.coach.ConfigData","id":"ea2ef9e9-e186-41fe-81cd-4ff484035b28","optionName":"@label","value":"Your comment has been submitted successfully. You can either add a new comment or close the page."},{"declaredType":"com.ibm.bpmsdk.model.coach.ConfigData","id":"19da6cd8-6fbd-4de4-8b50-8eba415f680b","optionName":"@helpText","value":""},{"declaredType":"com.ibm.bpmsdk.model.coach.ConfigData","id":"2ce00a8d-a821-418b-8894-3298960395ed","optionName":"@labelVisibility","value":"SHOW"},{"declaredType":"com.ibm.bpmsdk.model.coach.ConfigData","id":"23dae17e-05f3-4f48-861a-c88046cddc4a","optionName":"width","value":"{\"isResponsiveData\":true,\"values\":[{\"deviceConfigID\":\"LargeID\",\"value\":\"\"}]}"},{"declaredType":"com.ibm.bpmsdk.model.coach.ConfigData","id":"59af8cf2-b6cd-4b53-885c-0c0e4573fa37","optionName":"sizeStyle","value":"{\"isResponsiveData\":true,\"values\":[{\"deviceConfigID\":\"LargeID\",\"value\":\"L\"}]}"},{"valueType":"static","declaredType":"com.ibm.bpmsdk.model.coach.ConfigData","id":"a2e81e1f-1bf6-4bf8-85d1-af39639fb2bb","optionName":"weightStyle","value":"D"},{"valueType":"static","declaredType":"com.ibm.bpmsdk.model.coach.ConfigData","id":"0a580898-6233-4017-8dee-c2eb3e392083","optionName":"colorStyle"},{"declaredType":"com.ibm.bpmsdk.model.coach.ConfigData","id":"40e7b2c3-4006-4f44-81b2-6ea27a56e8d7","optionName":"@margin","value":"{\"isResponsiveData\":true,\"values\":[{\"deviceConfigID\":\"LargeID\",\"value\":\"30px\"}]}"},{"declaredType":"com.ibm.bpmsdk.model.coach.ConfigData","id":"6652c501-27e8-4a0d-8265-6667cb0c633d","optionName":"@htmlOverrides","value":"\"style\":\"margin-left:0px\""},{"declaredType":"com.ibm.bpmsdk.model.coach.ConfigData","id":"89bd2cf8-9688-443f-8895-b412d2901896","optionName":"@padding","value":"{\"isResponsiveData\":true,\"values\":[{\"deviceConfigID\":\"LargeID\",\"value\":\"0px 0px 0px 20px\"}]}"}],"viewUUID":"64.f634f22e-7800-4bd7-9f1e-87177acfb3bc","declaredType":"com.ibm.bpmsdk.model.coach.ViewRef","id":"191c2ebf-cd07-4a45-816b-c4ca497ba46a","version":"8550"},{"layoutItemId":"Button3","configData":[{"declaredType":"com.ibm.bpmsdk.model.coach.ConfigData","id":"1ff11241-de2d-48d7-8acf-82ebe8f650af","optionName":"@label","value":"Add New Comment"},{"declaredType":"com.ibm.bpmsdk.model.coach.ConfigData","id":"e8044137-b87b-449f-8474-5676dc9f7928","optionName":"@helpText","value":""},{"declaredType":"com.ibm.bpmsdk.model.coach.ConfigData","id":"b4cd741f-c9fb-4e96-844c-211ffdbeff3a","optionName":"@labelVisibility","value":"SHOW"},{"valueType":"static","declaredType":"com.ibm.bpmsdk.model.coach.ConfigData","id":"06738296-6aea-468b-8d57-f82504e302ef","optionName":"preventMultipleClicks","value":"false"},{"valueType":"static","declaredType":"com.ibm.bpmsdk.model.coach.ConfigData","id":"4d710845-c110-40fe-854a-a7ac3010ec5d","optionName":"colorStyle","value":"P"},{"valueType":"static","declaredType":"com.ibm.bpmsdk.model.coach.ConfigData","id":"a818ce48-bbff-4ab1-846f-9ab7ed8825de","optionName":"shapeStyle","value":"D"},{"declaredType":"com.ibm.bpmsdk.model.coach.ConfigData","id":"bc1ab18a-6779-40bf-8505-a0cddd2dfc27","optionName":"sizeStyle","value":"{\"isResponsiveData\":true,\"values\":[{\"deviceConfigID\":\"LargeID\",\"value\":\"L\"}]}"},{"valueType":"static","declaredType":"com.ibm.bpmsdk.model.coach.ConfigData","id":"4d8cdd5f-79e1-4704-893e-5a7a72eecb12","optionName":"outline","value":"false"},{"declaredType":"com.ibm.bpmsdk.model.coach.ConfigData","id":"ba82685b-a8f3-4543-800b-ff0f56a542d3","optionName":"iconLocation","value":"{\"isResponsiveData\":true,\"values\":[{\"deviceConfigID\":\"LargeID\",\"value\":\"L\"}]}"},{"valueType":"static","declaredType":"com.ibm.bpmsdk.model.coach.ConfigData","id":"6bba0ff9-ff9e-4335-8a15-5849ba9d10e1","optionName":"width","value":"{\"isResponsiveData\":true,\"values\":[{\"deviceConfigID\":\"LargeID\",\"value\":\"\"}]}"},{"valueType":"static","declaredType":"com.ibm.bpmsdk.model.coach.ConfigData","id":"8546d60b-5b71-4d58-8bda-7d1f1e536819","optionName":"icon","value":"ci-add-comment"},{"declaredType":"com.ibm.bpmsdk.model.coach.ConfigData","id":"97c44f4b-60ff-45c1-8015-28e15e56706b","optionName":"@padding","value":"{\"isResponsiveData\":true,\"values\":[{\"deviceConfigID\":\"LargeID\",\"value\":\"0px 0px 0px 20px\"}]}"}],"viewUUID":"64.7133c7d4-1a54-45c8-89cd-a8e8fa4a8e36","declaredType":"com.ibm.bpmsdk.model.coach.ViewRef","id":"3fdd1074-2cc4-4b77-885b-49ebc16a50f9","version":"8550"}]},"declaredType":"com.ibm.bpmsdk.model.coach.TCoachDefinition"}},"commonLayoutArea":0,"name":"Confirmation page","isForCompensation":false,"completionQuantity":1,"id":"2025.a618ad7b-2cde-476f-83ee-17325a42a0ca"},{"outgoing":["2027.5c7bac9d-c691-413d-8cd2-060c5f5edc0a"],"incoming":["2027.55402c1f-146e-486f-8a70-f8562e5366a0"],"extensionElements":{"path":["/postComment"],"swaggerModelId":["2066.815dd210-9064-45ec-b29f-e734c5552297/swagger/6023.ae383e55-6c8c-4122-a2fb-92548cc4195b"],"nodeVisualInfo":[{"width":95,"x":590,"y":181,"declaredType":"TNodeVisualInfo","height":70}],"basePath":["/bas/automationservices/rest/CO/1.0.16/Client_Onboarding_Workflows"],"method":["POST"],"activityType":["ServiceTask"],"externalServiceRefPO":["1.06195bb6-3cd5-4dfd-bb60-45ce482dc08b"],"externalServiceRef":["{http://www.ibm.com/xmlns/prod/bpm/bpmn/ext/externalservice/swagger/d84816be-a4ba-4a9c-a817-60dd8b477bbcService}_0a240f5e-c4ba-4254-a6e6-93850ada390a"]},"operationRef":"{http://www.ibm.com/xmlns/prod/bpm/bpmn/ext/externalservice/swagger/d84816be-a4ba-4a9c-a817-60dd8b477bbcService}_70d39b9d-dace-4f96-832d-9064514570db","implementation":"##WebService","declaredType":"serviceTask","startQuantity":1,"default":"2027.5c7bac9d-c691-413d-8cd2-060c5f5edc0a","name":"Call add comment automation service","dataInputAssociation":[{"targetRef":"_01b939e4-7e55-4c09-9e6d-f86b3b4f3aa9","extensionElements":{"parameterName":["referenceId"]},"assignment":[{"extensionElements":{"mappingMode":["simple"]},"from":{"evaluatesToTypeRef":"itm.12.db884a3c-c533-44b7-bb2d-47bec8ad4022","declaredType":"TFormalExpression","content":["tw.local.referenceId"]},"to":{"declaredType":"TFormalExpression","content":["tw.inputs.referenceId"]}}]},{"targetRef":"_9c4945c5-e325-49b2-bafe-ed414e99a1b1","extensionElements":{"parameterName":["comment"]},"assignment":[{"extensionElements":{"mappingMode":["simple"]},"from":{"evaluatesToTypeRef":"itm.12.db884a3c-c533-44b7-bb2d-47bec8ad4022","declaredType":"TFormalExpression","content":["tw.local.comment"]},"to":{"declaredType":"TFormalExpression","content":["tw.inputs.comment"]}}]}],"isForCompensation":false,"completionQuantity":1,"id":"2025.542249da-b1a0-4435-8358-6f0d0bf655b2"},{"targetRef":"2025.a618ad7b-2cde-476f-83ee-17325a42a0ca","extensionElements":{"linkVisualInfo":[{"sourcePortLocation":"rightCenter","showCoachControlLabel":false,"labelPosition":0.0,"targetPortLocation":"leftCenter","declaredType":"TLinkVisualInfo","saveExecutionContext":false,"showLabel":false}]},"name":"To Confirmation page","declaredType":"sequenceFlow","id":"2027.5c7bac9d-c691-413d-8cd2-060c5f5edc0a","sourceRef":"2025.542249da-b1a0-4435-8358-6f0d0bf655b2"},{"targetRef":"2025.542249da-b1a0-4435-8358-6f0d0bf655b2","extensionElements":{"coachEventBinding":[{"declaredType":"com.ibm.bpmsdk.model.bpmn20.ibmext.TCoachEventBinding","id":"49d3fe1b-a402-4587-85a4-7ab0ee3473ff","coachEventPath":"PostComment"}],"sequenceFlowImplementation":[{"fireValidation":"Never","sboSyncEnabled":false,"declaredType":"com.ibm.bpmsdk.model.bpmn20.ibmext.TSequenceFlowImplementation"}],"linkVisualInfo":[{"sourcePortLocation":"rightCenter","showCoachControlLabel":true,"labelPosition":0.0,"targetPortLocation":"leftCenter","declaredType":"TLinkVisualInfo","saveExecutionContext":false,"showLabel":false}]},"name":"To Call add comment automation service","declaredType":"sequenceFlow","id":"2027.55402c1f-146e-486f-8a70-f8562e5366a0","sourceRef":"2025.10f36503-8f95-4f68-91dd-f5a6ed9d34db"},{"targetRef":"326042c3-8b23-4fd0-9237-daa2c63a7063","extensionElements":{"coachEventBinding":[{"declaredType":"com.ibm.bpmsdk.model.bpmn20.ibmext.TCoachEventBinding","id":"515e9da5-5b90-4c2a-86bc-34b4b6133416","coachEventPath":"Button3"}],"sequenceFlowImplementation":[{"fireValidation":"Never","sboSyncEnabled":true,"declaredType":"com.ibm.bpmsdk.model.bpmn20.ibmext.TSequenceFlowImplementation"}],"linkVisualInfo":[{"sourcePortLocation":"rightCenter","showCoachControlLabel":true,"labelPosition":0.0,"targetPortLocation":"leftCenter","declaredType":"TLinkVisualInfo","saveExecutionContext":true,"showLabel":false}]},"name":"To End","declaredType":"sequenceFlow","id":"2027.461d8f10-8390-4ffd-8534-241630832191","sourceRef":"2025.a618ad7b-2cde-476f-83ee-17325a42a0ca"}],"htmlHeaderTag":[{"declaredType":"com.ibm.bpmsdk.model.bpmn20.ibmext.THtmlHeaderTag","id":"09dc6bb2-d9ec-4288-bbc5-c91d5b526ee4","tagName":"viewport","content":"width=device-width,initial-scale=1.0","enabled":true}],"isClosed":false,"declaredType":"com.ibm.bpmsdk.model.bpmn20.ibmext.TUserTaskImplementation","id":"1302a287-04fe-440d-9433-79a0245677fd","processType":"None"}],"isPublicApp":[true],"exposedAs":["NotExposed"]},"implementation":"##unspecified","documentation":[{"textFormat":"text/plain"}],"name":"Client Onboarding Comments","declaredType":"globalUserTask","id":"1.5e13e8cf-ae91-4939-8a3c-13e890479725","ioSpecification":{"inputSet":[{"id":"_d267250b-3ff3-4c29-b6fc-f5874e312cbd"}],"outputSet":[{"id":"_03eb3fec-6ea8-4297-bf79-69fa4d46758c"}]}}],"targetNamespace":"","typeLanguage":"http://www.w3.org/2001/XMLSchema","expressionLanguage":"http://www.ibm.com/xmlns/prod/bpm/expression-lang/javascript","id":"0036aaef-8e51-445b-9c5e-6d88fa553fec"}},"status":"200"}