{"data":{"metadata":{"paId":"2066.bd3841e7-7c78-4b6b-aa2b-1f9cc91afc9a","paShortName":"SYSCST","snapshotId":"2064.e571369d-4b11-4625-a600-621030240482","snapshotName":"23.0.1.1.230731184525","name":"Content Services"},"defaults":{"entry":[{"type":"S","value":""},{"type":"B","value":false},{"type":"I","value":0},{"type":"D","value":0.0},{"type":"DT","value":null},{"type":"DT","value":null}]},"templates":{"variableTemplates":[{"modelId":"1.20133084-6fef-4f1a-a837-aba957e6c5e1","parentId":"1.20133084-6fef-4f1a-a837-aba957e6c5e1","variableTemplate":[{"id":"2055.5d03465b-40e9-45b9-8482-b5d24042dde8","name":"data","boTemplateName":"CSC"},{"id":"2055.21c7626b-ee0b-41a3-8d1d-d8a5431d8e60","name":"results","boTemplateName":"A"},{"id":"2055.075bfcac-732b-4b26-81b7-7c4ba20a8901","name":"error","boTemplateName":"Aja"}]}],"boTemplate":[{"id":"12.4a6d8270-cb42-4983-97ca-41706411e4ec","name":"CSC","property":[{"name":"serverInfo","type":"S","isList":false},{"name":"appResourceInfo","type":"A","isList":false},{"name":"csrfToken","type":"S","isList":false},{"name":"query","type":"S","isList":false}]},{"id":"12.5551644c-3dc6-4161-a939-4e7f27f8ce45","name":"Aja","property":[{"name":"errorText","type":"S","isList":false},{"name":"errorCode","type":"S","isList":false},{"name":"serviceInError","type":"S","isList":false}]}]},"model":{"rootElement":[{"extensionElements":{"userTaskImplementation":[{"flowElement":[{"parallelMultiple":false,"outgoing":["2027.abc8d9ba-0d9b-4314-8b42-bf5a1c445435"],"isInterrupting":true,"extensionElements":{"nodeVisualInfo":[{"color":"#F8F8F8","width":24,"x":50,"y":200,"declaredType":"TNodeVisualInfo","height":24}]},"name":"Start","declaredType":"startEvent","id":"2fd184a1-49ac-45eb-86fb-3401c9abd3cd"},{"incoming":["2027.9b3be816-10e9-4a87-8b13-0ee118e915e6"],"extensionElements":{"nodeVisualInfo":[{"color":"#F8F8F8","width":24,"x":700,"y":200,"declaredType":"TNodeVisualInfo","height":24}],"navigationInstructions":[{"targetType":"Default","declaredType":"com.ibm.bpmsdk.model.bpmn20.ibmext.TNavigationInstructions"}]},"name":"End","declaredType":"endEvent","id":"9963ac6c-cdf4-433a-8add-d81c2c1fbb76"},{"targetRef":"2025.91ff0f9c-b701-42cb-885f-acfdc82e4e4e","extensionElements":{"linkVisualInfo":[{"sourcePortLocation":"rightCenter","showCoachControlLabel":false,"labelPosition":0.0,"targetPortLocation":"leftCenter","declaredType":"TLinkVisualInfo","saveExecutionContext":false,"showLabel":false}]},"name":"To Save Batch Service","declaredType":"sequenceFlow","id":"2027.abc8d9ba-0d9b-4314-8b42-bf5a1c445435","sourceRef":"2fd184a1-49ac-45eb-86fb-3401c9abd3cd"},{"startQuantity":1,"outgoing":["2027.9b3be816-10e9-4a87-8b13-0ee118e915e6"],"incoming":["2027.abc8d9ba-0d9b-4314-8b42-bf5a1c445435"],"default":"2027.9b3be816-10e9-4a87-8b13-0ee118e915e6","extensionElements":{"nodeVisualInfo":[{"color":"#95D087","width":95,"x":324,"y":177,"declaredType":"TNodeVisualInfo","height":70}]},"name":"Save Batch Service","isForCompensation":false,"completionQuantity":1,"declaredType":"scriptTask","id":"2025.91ff0f9c-b701-42cb-885f-acfdc82e4e4e","scriptFormat":"text/x-javascript","script":{"content":["console.debug(\"****BEGIN Script Save Batch Service ****\");\r\n\r\ntw.system.waitForContinueFlow();\r\n\r\nvar serviceName =\"saveBatchService\";\r\n\r\nvar csrfToken = tw.local.data && tw.local.data.csrfToken;\r\nvar appServerResource = tw.local.data && tw.local.data.serverInfo;\r\nvar appResourceInfo = tw.local.data && tw.local.data.appResourceInfo;\r\nvar query = tw.local.data && tw.local.data.query;\r\n\r\nvar options = {\r\n\tmethod: \"POST\",\r\n\tctxRoot: appResourceInfo.ctxRoot,\r\n\tpath: appResourceInfo.path,\r\n\tpayload: {\r\n\t\tquery: query,\r\n\t\tvariables: null,\r\n\t\toperationName: null\r\n\t},\r\n\theaders: {\r\n\t\t\"ECM-CS-XSRF-Token\": csrfToken,\r\n\t\tCookie: \"ECM-CS-XSRF-Token=\" + csrfToken,\r\n\t\t\"Accept-Language\": tw.system.user.locale\r\n\t}\r\n};\r\n\r\nconsole.debug(\"Options: \", options);\t\r\nconsole.debug(\"****PAYLOAD: \", query);\r\nconsole.debug(\"****CALLING performRequest****\");\r\n\r\ntw.system.performRequest(appServerResource, options, function(response, httpStatus) {\r\n\t\r\n\tconsole.debug(\"performRequest response: \", response);\r\n\tconsole.debug(\"performRequest httpStatus: \", httpStatus);\r\n\r\n\tif (httpStatus.statusCode != 200) {\r\n\t\ttw.local.error = {};\r\n\t\ttw.local.error.errorCode = httpStatus.statusCode;\r\n\t\ttw.local.error.errorText = response;\r\n\t\ttw.local.error.serviceInError = serviceName;\r\n\t} else {\t\r\n\t\tvar resultsJson = JSON.parse(response);\r\n\t\tif (resultsJson.errors) {\r\n\t\t\tvar error = resultsJson.errors[0];\r\n\t\t\ttw.local.error = {};\r\n\t\t\ttw.local.error.errorCode = error.extensions ? error.extensions.errorCode ?  error.extensions.errorCode : error.errorType : error.errorType;\r\n\t\t\ttw.local.error.errorText = error.extensions ? error.extensions.explanation ? error.extensions.explanation : error.message : error.message;\r\n\t\t\ttw.local.error.serviceInError = serviceName;\r\n\t\t} else {\r\n\t\t\ttw.local.results = resultsJson;\t\t\t\t\r\n\t\t}\r\n\t}\r\n\t\r\n\t// Signal to engine that flow can continue past this Script‌\r\n\ttw.system.continueFlow();\r\n\t\r\n}, function (err) {\r\n\tconsole.error(\"performRequest failed: \", err);\r\n\t\r\n\ttw.local.error = {};\r\n\ttw.local.error.errorCode = err.code ? err.code : err.errno ? err.errno : err.name;\r\n\ttw.local.error.errorText = err.message;\r\n\ttw.local.error.serviceInError = serviceName;\r\n\t\r\n\t// Signal to engine that flow can continue past this Script.\r\n\ttw.system.continueFlow();\r\n});\r\n\r\nconsole.debug(\"At the end of the script step pending response from Graphql\");"]}},{"targetRef":"9963ac6c-cdf4-433a-8add-d81c2c1fbb76","extensionElements":{"sequenceFlowImplementation":[{"fireValidation":"Never","sboSyncEnabled":true,"declaredType":"com.ibm.bpmsdk.model.bpmn20.ibmext.TSequenceFlowImplementation"}],"linkVisualInfo":[{"sourcePortLocation":"rightCenter","showCoachControlLabel":false,"labelPosition":0.0,"targetPortLocation":"leftCenter","declaredType":"TLinkVisualInfo","saveExecutionContext":true,"showLabel":false}]},"name":"Start to End","declaredType":"sequenceFlow","id":"2027.9b3be816-10e9-4a87-8b13-0ee118e915e6","sourceRef":"2025.91ff0f9c-b701-42cb-885f-acfdc82e4e4e"}],"isClosed":false,"declaredType":"com.ibm.bpmsdk.model.bpmn20.ibmext.TUserTaskImplementation","id":"03091050-65c6-4b03-8cfe-231493d4dc35","processType":"None"}]},"implementation":"##unspecified","documentation":[{"textFormat":"text/plain"}],"name":"saveBatchService","declaredType":"globalUserTask","id":"1.20133084-6fef-4f1a-a837-aba957e6c5e1","ioSpecification":{"dataOutput":[{"itemSubjectRef":"itm.12.c09c9b6e-aabd-4897-bef2-ed61db106297","name":"results","isCollection":false,"id":"2055.21c7626b-ee0b-41a3-8d1d-d8a5431d8e60"},{"itemSubjectRef":"itm.12.5551644c-3dc6-4161-a939-4e7f27f8ce45","name":"error","isCollection":false,"id":"2055.075bfcac-732b-4b26-81b7-7c4ba20a8901"}],"inputSet":[{}],"outputSet":[{}],"dataInput":[{"itemSubjectRef":"itm.12.4a6d8270-cb42-4983-97ca-41706411e4ec","name":"data","isCollection":false,"id":"2055.5d03465b-40e9-45b9-8482-b5d24042dde8"}]}}],"targetNamespace":"","typeLanguage":"http://www.w3.org/2001/XMLSchema","expressionLanguage":"http://www.ibm.com/xmlns/prod/bpm/expression-lang/javascript","id":"1.20133084-6fef-4f1a-a837-aba957e6c5e1"}},"status":"200"}