{"data":{"metadata":{"paId":"2066.bd3841e7-7c78-4b6b-aa2b-1f9cc91afc9a","paShortName":"SYSCST","snapshotId":"2064.e571369d-4b11-4625-a600-621030240482","snapshotName":"23.0.1.1.230731184525","name":"Content Services"},"defaults":{"entry":[{"type":"S","value":""},{"type":"B","value":false},{"type":"I","value":0},{"type":"D","value":0.0},{"type":"DT","value":null},{"type":"DT","value":null}]},"templates":{"variableTemplates":[{"modelId":"1.28b24b36-3b5e-4549-ac06-07395f15557d","parentId":"1.28b24b36-3b5e-4549-ac06-07395f15557d","variableTemplate":[{"id":"2055.a05c1690-aff6-4e3a-8ddf-8cc436f66be9","name":"data","boTemplateName":"CSC"},{"id":"2055.2c5a454f-1dca-40e1-899c-41b08486ace1","name":"results","boTemplateName":"A"},{"id":"2055.de13d64e-0d94-4a5f-89db-f2b4333bf36e","name":"error","boTemplateName":"Aja"}]}],"boTemplate":[{"id":"12.cbd97436-48f5-4b7b-a64d-47f5b9151234","name":"CSC","property":[{"name":"serverInfo","type":"S","isList":false},{"name":"appResourceInfo","type":"A","isList":false},{"name":"csrfToken","type":"S","isList":false},{"name":"query","type":"S","isList":false},{"name":"querySecondary","type":"S","isList":false}]},{"id":"12.5551644c-3dc6-4161-a939-4e7f27f8ce45","name":"Aja","property":[{"name":"errorText","type":"S","isList":false},{"name":"errorCode","type":"S","isList":false},{"name":"serviceInError","type":"S","isList":false}]}]},"model":{"rootElement":[{"extensionElements":{"userTaskImplementation":[{"flowElement":[{"parallelMultiple":false,"outgoing":["2027.62e50e6c-7d52-430a-811f-e57da3e5a8ff"],"isInterrupting":true,"extensionElements":{"nodeVisualInfo":[{"color":"#F8F8F8","width":24,"x":50,"y":200,"declaredType":"TNodeVisualInfo","height":24}]},"name":"Start","declaredType":"startEvent","id":"82be8ae5-d38a-4ff2-80ea-1bc3f5d7972d"},{"incoming":["2027.d40b4e1b-fcac-4eaf-84e2-4c589f9454cf"],"extensionElements":{"nodeVisualInfo":[{"color":"#F8F8F8","width":24,"x":700,"y":200,"declaredType":"TNodeVisualInfo","height":24}],"navigationInstructions":[{"targetType":"Default","declaredType":"com.ibm.bpmsdk.model.bpmn20.ibmext.TNavigationInstructions"}]},"name":"End","declaredType":"endEvent","id":"c22a8b0e-3969-4a1d-8e15-546a9ab464db"},{"targetRef":"2025.1a3f5239-e73f-4d5e-86a2-0cb77f637a7d","extensionElements":{"linkVisualInfo":[{"sourcePortLocation":"rightCenter","showCoachControlLabel":false,"labelPosition":0.0,"targetPortLocation":"leftCenter","declaredType":"TLinkVisualInfo","saveExecutionContext":false,"showLabel":false}]},"name":"To Cancel Checkout Service","declaredType":"sequenceFlow","id":"2027.62e50e6c-7d52-430a-811f-e57da3e5a8ff","sourceRef":"82be8ae5-d38a-4ff2-80ea-1bc3f5d7972d"},{"startQuantity":1,"outgoing":["2027.d40b4e1b-fcac-4eaf-84e2-4c589f9454cf"],"incoming":["2027.62e50e6c-7d52-430a-811f-e57da3e5a8ff"],"default":"2027.d40b4e1b-fcac-4eaf-84e2-4c589f9454cf","extensionElements":{"nodeVisualInfo":[{"color":"#95D087","width":95,"x":325,"y":177,"declaredType":"TNodeVisualInfo","height":70}]},"name":"Cancel Checkout Service","isForCompensation":false,"completionQuantity":1,"declaredType":"scriptTask","id":"2025.1a3f5239-e73f-4d5e-86a2-0cb77f637a7d","scriptFormat":"text/x-javascript","script":{"content":["console.debug(\"****BEGIN Script Cancel Checkout Service ****\");\r\n\r\ntw.system.waitForContinueFlow();\r\n\r\nvar serviceName =\"cancelCheckoutService\";\r\n\r\nvar csrfToken = tw.local.data && tw.local.data.csrfToken;\r\nvar appServerResource = tw.local.data && tw.local.data.serverInfo;\r\nvar appResourceInfo = tw.local.data && tw.local.data.appResourceInfo;\r\nvar query = tw.local.data && tw.local.data.query;\r\nvar currentVersionQuery = tw.local.data && tw.local.data.querySecondary;\r\n\r\nvar options = {\r\n\tmethod: \"POST\",\r\n\tctxRoot: appResourceInfo.ctxRoot,\r\n\tpath: appResourceInfo.path,\r\n\tpayload: {\r\n\t\tquery: query,\r\n\t\tvariables: null,\r\n\t\toperationName: null\r\n\t},\r\n\theaders: {\r\n\t\t\"ECM-CS-XSRF-Token\": csrfToken,\r\n\t\tCookie: \"ECM-CS-XSRF-Token=\" + csrfToken,\r\n\t\t\"Accept-Language\": tw.system.user.locale\r\n\t}\r\n};\r\n\r\nconsole.debug(\"Options: \", options);\t\r\nconsole.debug(\"****PAYLOAD: \", query);\r\nconsole.debug(\"****CALLING performRequest****\");\r\n\r\ntw.system.performRequest(appServerResource, options, function(response, httpStatus) {\r\n\r\n\tconsole.debug(\"performRequest for cancel checkout completed: \", response);\r\n\tconsole.debug(\"performRequest httpStatus for cancel checkout: \", httpStatus);\r\n\t\r\n\tif (httpStatus.statusCode != 200) {\r\n\t\ttw.local.error = {};\r\n\t\ttw.local.error.errorCode = httpStatus.statusCode;\r\n\t\ttw.local.error.errorText = response;\r\n\t\ttw.local.error.serviceInError = serviceName;\r\n\t\t\r\n\t\t// Signal to engine that flow can continue past this Script‌\r\n\t\ttw.system.continueFlow();\r\n\t} else {\r\n\t\tvar resultsJson = JSON.parse(response);\r\n\t\tif (resultsJson.errors) {\r\n\t\t\tvar error = resultsJson.errors[0];\r\n\t\t\ttw.local.error = {};\r\n\t\t\ttw.local.error.errorCode = error.extensions ? error.extensions.errorCode ?  error.extensions.errorCode : error.errorType : error.errorType;\r\n\t\t\ttw.local.error.errorText = error.extensions ? error.extensions.explanation ? error.extensions.explanation : error.message : error.message;\r\n\t\t\ttw.local.error.serviceInError = serviceName;\r\n\t\t\t\r\n\t\t\t// Signal to engine that flow can continue past this Script‌\r\n\t\t\ttw.system.continueFlow();\r\n\t\t} else {\r\n\t\t\tvar data = resultsJson.data;\r\n\t\t\t\r\n\t\t\tif (data.cancelDocumentCheckout) {\t\r\n\t\t\t\t// Use a second query to get information about the current version.\r\n\t\t\t\toptions.payload.query = currentVersionQuery;\r\n\t\t\t\tconsole.debug(\"****PAYLOAD: \", currentVersionQuery);\r\n\t\t\t\tconsole.debug(\"****CALLING performRequest for currentVersion****\");\r\n\t\t\t\ttw.system.performRequest(appServerResource, options, function(response, httpStatus) {\r\n\r\n\t\t\t\t\tconsole.debug(\"performRequest completed for current version query: \", response);\r\n\t\t\t\t\tconsole.debug(\"performRequest httpStatus for current version query: \", httpStatus);\r\n\t\t\t\t\t\r\n\t\t\t\t\tif (httpStatus.statusCode != 200) {\r\n\t\t\t\t\t\ttw.local.error = {};\r\n\t\t\t\t\t\ttw.local.error.errorCode = httpStatus.statusCode;\r\n\t\t\t\t\t\ttw.local.error.errorText = response;\r\n\t\t\t\t\t\ttw.local.error.serviceInError = serviceName;\r\n\t\t\t\t\t} else {\t\t\t\t\t\r\n\t\t\t\t\t\tvar resultsJson = JSON.parse(response);\r\n\t\t\t\t\t\tif (resultsJson.errors) {\r\n\t\t\t\t\t\t\tvar error = resultsJson.errors[0];\r\n\t\t\t\t\t\t\ttw.local.error = {};\r\n\t\t\t\t\t\t\ttw.local.error.errorCode = error.extensions ? error.extensions.errorCode ?  error.extensions.errorCode : error.errorType : error.errorType;\r\n\t\t\t\t\t\t\ttw.local.error.errorText = error.extensions ? error.extensions.explanation ? error.extensions.explanation : error.message : error.message;\r\n\t\t\t\t\t\t\ttw.local.error.serviceInError = serviceName;\r\n\t\t\t\t\t\t} else {\r\n\t\t\t\t\t\t\ttw.local.results = resultsJson;\r\n\t\t\t\t\t\t}\r\n\t\t\t\t\t}\r\n\t\t\t\t\t\r\n\t\t\t\t\t// Signal to engine that flow can continue past this Script‌\r\n\t\t\t\t\ttw.system.continueFlow();\r\n\t\t\t\t}, function (err) {\r\n\t\t\t\t\tconsole.error(\"performRequest failed for get current version: \", err);\r\n\t\r\n\t\t\t\t\ttw.local.error = {};\r\n\t\t\t\t\ttw.local.error.errorCode = err.code ? err.code : err.errno ? err.errno : err.name;\r\n\t\t\t\t\ttw.local.error.errorText = err.message;\r\n\t\t\t\t\ttw.local.error.serviceInError = serviceName;\r\n\t\r\n\t\t\t\t\t// Signal to engine that flow can continue past this Script?\r\n\t\t\t\t\ttw.system.continueFlow();\r\n\t\t\t\t});\r\n\t\t\t}\r\n\t\t}\r\n\t}\r\n\t\r\n}, function (err) {\r\n\tconsole.error(\"performRequest failed for cancel checkout: \", err);\r\n\t\r\n\ttw.local.error = {};\r\n\ttw.local.error.errorCode = err.code ? err.code : err.errno ? err.errno : err.name;\r\n\ttw.local.error.errorText = err.message;\r\n\ttw.local.error.serviceInError = serviceName;\r\n\t\r\n\t// Signal to engine that flow can continue past this Script?\r\n\ttw.system.continueFlow();\r\n});\r\n"]}},{"targetRef":"c22a8b0e-3969-4a1d-8e15-546a9ab464db","extensionElements":{"sequenceFlowImplementation":[{"fireValidation":"Never","sboSyncEnabled":true,"declaredType":"com.ibm.bpmsdk.model.bpmn20.ibmext.TSequenceFlowImplementation"}],"linkVisualInfo":[{"sourcePortLocation":"rightCenter","showCoachControlLabel":false,"labelPosition":0.0,"targetPortLocation":"leftCenter","declaredType":"TLinkVisualInfo","saveExecutionContext":true,"showLabel":false}]},"name":"Start to End","declaredType":"sequenceFlow","id":"2027.d40b4e1b-fcac-4eaf-84e2-4c589f9454cf","sourceRef":"2025.1a3f5239-e73f-4d5e-86a2-0cb77f637a7d"}],"isClosed":false,"declaredType":"com.ibm.bpmsdk.model.bpmn20.ibmext.TUserTaskImplementation","id":"47435852-ba99-4ab8-881c-bb4ba83b3c95","processType":"None"}]},"implementation":"##unspecified","documentation":[{"textFormat":"text/plain"}],"name":"cancelCheckoutService","declaredType":"globalUserTask","id":"1.28b24b36-3b5e-4549-ac06-07395f15557d","ioSpecification":{"dataOutput":[{"itemSubjectRef":"itm.12.c09c9b6e-aabd-4897-bef2-ed61db106297","name":"results","isCollection":false,"id":"2055.2c5a454f-1dca-40e1-899c-41b08486ace1"},{"itemSubjectRef":"itm.12.5551644c-3dc6-4161-a939-4e7f27f8ce45","name":"error","isCollection":false,"id":"2055.de13d64e-0d94-4a5f-89db-f2b4333bf36e"}],"inputSet":[{}],"outputSet":[{}],"dataInput":[{"itemSubjectRef":"itm.12.cbd97436-48f5-4b7b-a64d-47f5b9151234","name":"data","isCollection":false,"id":"2055.a05c1690-aff6-4e3a-8ddf-8cc436f66be9"}]}}],"targetNamespace":"","typeLanguage":"http://www.w3.org/2001/XMLSchema","expressionLanguage":"http://www.ibm.com/xmlns/prod/bpm/expression-lang/javascript","id":"1.28b24b36-3b5e-4549-ac06-07395f15557d"}},"status":"200"}