{"data":{"metadata":{"paId":"2066.bd3841e7-7c78-4b6b-aa2b-1f9cc91afc9a","paShortName":"SYSCST","snapshotId":"2064.e571369d-4b11-4625-a600-621030240482","snapshotName":"23.0.1.1.230731184525","name":"Content Services"},"defaults":{"entry":[{"type":"S","value":""},{"type":"B","value":false},{"type":"I","value":0},{"type":"D","value":0.0},{"type":"DT","value":null},{"type":"DT","value":null}]},"templates":{"variableTemplates":[{"modelId":"1.2b85c8f7-f655-4e30-a9d7-5dacbf0e95b5","parentId":"1.2b85c8f7-f655-4e30-a9d7-5dacbf0e95b5","variableTemplate":[{"id":"2055.dc4fcb04-dcc1-4c83-84de-09688aac6fc5","name":"data","boTemplateName":"A"},{"id":"2055.98d59675-471f-4a0c-8de5-7284665edb79","name":"results","boTemplateName":"A"},{"id":"2055.8bc1ef73-2f6a-44f4-8a9d-b53cf4445dc3","name":"error","boTemplateName":"Aja"}]}],"boTemplate":[{"id":"12.5551644c-3dc6-4161-a939-4e7f27f8ce45","name":"Aja","property":[{"name":"errorText","type":"S","isList":false},{"name":"errorCode","type":"S","isList":false},{"name":"serviceInError","type":"S","isList":false}]}]},"model":{"rootElement":[{"extensionElements":{"userTaskImplementation":[{"flowElement":[{"parallelMultiple":false,"outgoing":["2027.69d44f3e-a6f1-4aaf-8548-48b4d5fc6bcc"],"isInterrupting":true,"extensionElements":{"nodeVisualInfo":[{"color":"#F8F8F8","width":24,"x":50,"y":200,"declaredType":"TNodeVisualInfo","height":24}]},"name":"Start","declaredType":"startEvent","id":"45c32c8f-5c51-4e6c-8435-bcbb1aeff205"},{"incoming":["2027.96239a4c-2b3e-4ddd-8f18-e8f505b793c3"],"extensionElements":{"nodeVisualInfo":[{"color":"#F8F8F8","width":24,"x":700,"y":200,"declaredType":"TNodeVisualInfo","height":24}],"navigationInstructions":[{"targetType":"Default","declaredType":"com.ibm.bpmsdk.model.bpmn20.ibmext.TNavigationInstructions"}]},"name":"End","declaredType":"endEvent","id":"15d07496-fcc1-442a-8e5b-800998ea5614"},{"targetRef":"2025.10c4de8c-7e15-4291-8f9e-77427ffbc79c","extensionElements":{"linkVisualInfo":[{"sourcePortLocation":"rightCenter","showCoachControlLabel":false,"labelPosition":0.0,"targetPortLocation":"leftCenter","declaredType":"TLinkVisualInfo","saveExecutionContext":false,"showLabel":false}]},"name":"To Get Versions","declaredType":"sequenceFlow","id":"2027.69d44f3e-a6f1-4aaf-8548-48b4d5fc6bcc","sourceRef":"45c32c8f-5c51-4e6c-8435-bcbb1aeff205"},{"startQuantity":1,"outgoing":["2027.96239a4c-2b3e-4ddd-8f18-e8f505b793c3"],"incoming":["2027.69d44f3e-a6f1-4aaf-8548-48b4d5fc6bcc"],"default":"2027.96239a4c-2b3e-4ddd-8f18-e8f505b793c3","extensionElements":{"nodeVisualInfo":[{"width":95,"x":298,"y":177,"declaredType":"TNodeVisualInfo","height":70}]},"name":"Get Versions","isForCompensation":false,"completionQuantity":1,"declaredType":"scriptTask","id":"2025.10c4de8c-7e15-4291-8f9e-77427ffbc79c","scriptFormat":"text/x-javascript","script":{"content":["console.debug(\"****BEGIN Script Get Versions****\");\r\n\r\n//tw.system.disableAutoContinue = true;‌\r\ntw.system.waitForContinueFlow();\r\n\r\nvar serviceName =\"getVersions\";\r\n\r\nvar csrfToken = tw.local.data && tw.local.data.csrfToken;\r\nvar appServerResource = tw.local.data && tw.local.data.serverAppResource;\r\nvar repository = tw.local.data && tw.local.data.repository;\r\nvar id = tw.local.data && tw.local.data.id; \r\nvar properties = tw.local.data && tw.local.data.properties; \r\n\r\nvar QUERY = \"{\" + \"\\n\" +\r\n\t\"document(\" + \"\\n\" +\r\n      \t\"repositoryIdentifier: \\\"\" + repository + \"\\\",\" + \"\\n\" +\r\n\t\t\"identifier: \\\"\" + id + \"\\\"\" + \"\\n\" +\r\n    \t\")\" + \"\\n\" + \r\n\t\"{\" + \"\\n\" +\r\n\t\t\"id\" + \"\\n\" +\r\n\t\t\"className\" + \"\\n\" +\r\n\t\t\"accessAllowed\" + \"\\n\" +\r\n\t\t\"isReserved\" + \"\\n\" +\r\n\t\t\"versions {\" + \"\\n\" +\r\n\t\t\t\"documents {\" + \"\\n\" +\r\n\t\t\t\t\"id\" + \"\\n\" +\r\n\t\t\t\t\"name\" + \"\\n\" +\r\n\t\t\t\t\"className\" + \"\\n\" +\r\n\t\t\t\t\"mimeType\" + \"\\n\" +\r\n\t\t\t\t\"majorVersionNumber\" + \"\\n\" +\r\n\t\t\t\t\"minorVersionNumber\" + \"\\n\" +\r\n\t\t\t\t\"versionStatus\" + \"\\n\" +\r\n\t\t\t\t\"isReserved\" + \"\\n\" +\r\n\t\t\t\t\"accessAllowed\" + \"\\n\" +\r\n\t\t            \"properties(includes: \";\r\n\t\t\r\n\t            \tvar PROPS = \"[\";\r\n\t\t\t\tproperties.forEach(function(property) {\r\n\t\t\t\t\tPROPS += \"\\\"\" + property + \"\\\" \";\r\n\t\t\t\t});\r\n\t\t\t\tQUERY += PROPS += \"]\";\r\n\t           \r\n\t\t\t\tQUERY += \") {\" + \"\\n\" +\r\n\t\t\t\t\t\"id\" + \"\\n\" +\r\n\t\t\t\t\t\"label\" + \"\\n\" +\r\n\t\t\t\t\t\"type\" + \"\\n\" +\r\n\t\t\t\t\t\"cardinality\" + \"\\n\" +\r\n\t\t\t\t\t\"value\" + \"\\n\" +\r\n\t\t\t\t\t\"... on DateTimeProperty {\" + \"\\n\" +\r\n\t\t\t\t\t\t\"isDateOnly\" + \"\\n\" +\r\n\t\t\t\t\t\"}\" + \"\\n\" +\t\r\n\t\t\t\t\t\"... on DateTimeListProperty {\" + \"\\n\" +\r\n\t\t\t\t\t\t\"isDateOnly\" + \"\\n\" +\r\n\t\t\t\t\t\"}\" + \"\\n\" +\t\t\r\n\t\t            \"}\" + \"\\n\" +\r\n\t\t\t\t\"contentElements {\" + \"\\n\" +\r\n\t\t\t\t\t\"...on ContentTransfer {\" + \"\\n\" +\r\n\t                  \t\t\"retrievalName\" + \"\\n\" +\r\n\t\t\t\t\t\t\"downloadUrl\" + \"\\n\" +\r\n\t\t\t\t\t\"}\" + \"\\n\" +\t\r\n\t\t\t\t\"}\" + \"\\n\" +\r\n\t\t\t\"}\" + \"\\n\" +\r\n\t\t\t\"pageInfo {\" + \"\\n\" +\r\n\t\t\t\t\"token\" + \"\\n\" +\r\n\t\t\t\t\"totalCount\" + \"\\n\" +\r\n\t\t\t\"}\" + \"\\n\" +\r\n\t\t\"}\" + \"\\n\" +\r\n\t\"}\" + \"\\n\" +\r\n\"}\";\r\n\r\nconsole.debug(\"Calling lookupDBARegistry\");\r\ntw.system.lookupDBARegistry(appServerResource, function(response) {\r\n\r\n\tvar options = {\r\n\t\tmethod: \"POST\",\r\n\t\tpayload: {\r\n\t\t\tquery: QUERY,\r\n\t\t\tvariables: null,\r\n\t\t\toperationName: null\r\n\t\t},\r\n\t\theaders: {\r\n\t\t\t\"ECM-CS-XSRF-Token\": csrfToken,\r\n\t\t\tCookie: \"ECM-CS-XSRF-Token=\" + csrfToken,\r\n\t\t\t\"Accept-Language\": tw.system.user.locale\r\n\t\t}\r\n\t};\r\n\t\r\n\t// Add the context root and path if they are missing for backward compatibility\r\n\tif (!response.ctxRoot) {\r\n\t\toptions.ctxRoot = \"/content-services-graphql\";\r\n\t}\r\n\tif (!response.path) {\r\n\t\toptions.path = \"/graphql\";\r\n\t}\t\r\n\tconsole.debug(\"Options: \", options);\t\r\n\tconsole.debug(\"****PAYLOAD: \", QUERY);\r\n\tconsole.debug(\"****CALLING performRequest****\");\r\n\t\r\n\ttw.system.performRequest(appServerResource, options, function(response, httpStatus) {\r\n\t\r\n\t\tconsole.debug(\"performRequest response: \", response);\r\n\t\tconsole.debug(\"performRequest httpStatus: \", httpStatus);\r\n\r\n\t\tif (httpStatus.statusCode != 200) {\r\n\t\t\ttw.local.error = {};\r\n\t\t\ttw.local.error.errorCode = httpStatus.statusCode;\r\n\t\t\ttw.local.error.errorText = response;\r\n\t\t\ttw.local.error.serviceInError = serviceName;\r\n\t\t} else {\r\n\t\t\tvar resultsJson = JSON.parse(response);\r\n\t\t\tif (resultsJson.errors) {\r\n\t\t\t\tvar error = resultsJson.errors[0];\r\n\t\t\t\ttw.local.error = {};\r\n\t\t\t\ttw.local.error.errorCode = error.extensions ? error.extensions.errorCode ?  error.extensions.errorCode : error.errorType : error.errorType;\r\n\t\t\t\ttw.local.error.errorText = error.extensions ? error.extensions.explanation ? error.extensions.explanation : error.message : error.message;\r\n\t\t\t\ttw.local.error.serviceInError = serviceName;\r\n\t\t\t} else {\r\n\t\t\t\tvar versions = resultsJson.data.document.versions;\r\n\t\t\t\t\r\n\t\t\t\tvar results = [];\r\n\t\t\t\tversions.documents.forEach(function(version) {\r\n\t\t\t\t\r\n\t\t\t\t\tvar newObject = new Object();\r\n\t\t\t\t\tnewObject.name = version.name;\r\n\t\t\t\t\tnewObject.id = version.id;\r\n\t\t\t\t\tnewObject.className = version.className;\r\n\t\t\t\t\tnewObject.mimeType = version.mimeType;\r\n\t\t\t\t\tnewObject.baseType = \"Document\";\r\n\t\t\t\t\tnewObject.isFolder = false;\r\n\t\t\t\t\tnewObject.isReserved = version.isReserved;\r\n\t\t\t\t\tnewObject.accessAllowed = version.accessAllowed;\r\n\r\n\t\t\t\t\tnewObject.properties = version.properties;\r\n\t\t\t\t\tnewObject.contentElements = version.contentElements;\r\n\t\t\t\t\t\r\n\t\t\t\t\tresults.push(newObject);\r\n\t\t\t\t});\r\n\r\n\t\t\t\tvar resultSet = {};\r\n\t\t\t\tresultSet.items = results;\r\n\t\t\t\t\r\n\t\t\t\tif (versions.pageInfo != null) {\r\n\t\t\t\t\tresultSet.totalCount = versions.pageInfo.totalCount;\r\n\t\t\t\t\tresultSet.token = versions.pageInfo.token;\r\n\t\t\t\t}\t\r\n\t\t\t\t\r\n\t\t\t\ttw.local.results = {\r\n\t\t\t\t\tresults: resultSet\r\n\t\t\t\t};\r\n\t\t\t}\r\n\t\t}\r\n\r\n\t\t// Signal to engine that flow can continue past this Script\r\n\t\ttw.system.continueFlow();\r\n\t\t\r\n\t}, function (err) {\r\n\t\tconsole.error(\"performRequest failed: \", err);\r\n\t\t\r\n\t\ttw.local.error = {};\r\n\t\ttw.local.error.errorCode = err.code ? err.code : err.errno ? err.errno : err.name;\r\n\t\ttw.local.error.errorText = err.message;\r\n\t\ttw.local.error.serviceInError = serviceName;\r\n\t\t\r\n\t\t// Signal to engine that flow can continue past this Script.\r\n\t\ttw.system.continueFlow();\r\n\t});\r\n}, function(err) {\r\n\tconsole.error(\"Error returned from lookupDBARegistry:\", err);\r\n\ttw.local.error = {};\r\n\ttw.local.error.errorCode = err.msg;\r\n\ttw.local.error.errorText = err.msg;\r\n\ttw.local.error.serviceInError = serviceName;\r\n\ttw.system.continueFlow();\r\n});\r\n\t\r\nconsole.debug(\"At the end of the script step pending response from Graphql\");\r\n"]}},{"targetRef":"15d07496-fcc1-442a-8e5b-800998ea5614","extensionElements":{"sequenceFlowImplementation":[{"fireValidation":"Never","sboSyncEnabled":true,"declaredType":"com.ibm.bpmsdk.model.bpmn20.ibmext.TSequenceFlowImplementation"}],"linkVisualInfo":[{"sourcePortLocation":"rightCenter","showCoachControlLabel":false,"labelPosition":0.0,"targetPortLocation":"leftCenter","declaredType":"TLinkVisualInfo","saveExecutionContext":true,"showLabel":false}]},"name":"Start to End","declaredType":"sequenceFlow","id":"2027.96239a4c-2b3e-4ddd-8f18-e8f505b793c3","sourceRef":"2025.10c4de8c-7e15-4291-8f9e-77427ffbc79c"}],"isClosed":false,"declaredType":"com.ibm.bpmsdk.model.bpmn20.ibmext.TUserTaskImplementation","id":"8b50b8b6-9b9b-4c7e-8dc3-087a2fc4f333","processType":"None"}]},"implementation":"##unspecified","documentation":[{"textFormat":"text/plain"}],"name":"getVersions","declaredType":"globalUserTask","id":"1.2b85c8f7-f655-4e30-a9d7-5dacbf0e95b5","ioSpecification":{"dataOutput":[{"itemSubjectRef":"itm.12.c09c9b6e-aabd-4897-bef2-ed61db106297","name":"results","isCollection":false,"id":"2055.98d59675-471f-4a0c-8de5-7284665edb79"},{"itemSubjectRef":"itm.12.5551644c-3dc6-4161-a939-4e7f27f8ce45","name":"error","isCollection":false,"id":"2055.8bc1ef73-2f6a-44f4-8a9d-b53cf4445dc3"}],"inputSet":[{}],"outputSet":[{}],"dataInput":[{"itemSubjectRef":"itm.12.c09c9b6e-aabd-4897-bef2-ed61db106297","name":"data","isCollection":false,"id":"2055.dc4fcb04-dcc1-4c83-84de-09688aac6fc5"}]}}],"targetNamespace":"","typeLanguage":"http://www.w3.org/2001/XMLSchema","expressionLanguage":"http://www.ibm.com/xmlns/prod/bpm/expression-lang/javascript","id":"1.2b85c8f7-f655-4e30-a9d7-5dacbf0e95b5"}},"status":"200"}