{"data":{"metadata":{"paId":"2066.bd3841e7-7c78-4b6b-aa2b-1f9cc91afc9a","paShortName":"SYSCST","snapshotId":"2064.e571369d-4b11-4625-a600-621030240482","snapshotName":"23.0.1.1.230731184525","name":"Content Services"},"defaults":{"entry":[{"type":"S","value":""},{"type":"B","value":false},{"type":"I","value":0},{"type":"D","value":0.0},{"type":"DT","value":null},{"type":"DT","value":null}]},"templates":{"variableTemplates":[{"modelId":"1.346589a0-52c2-409b-8061-f7425e63f984","parentId":"1.346589a0-52c2-409b-8061-f7425e63f984","variableTemplate":[{"id":"2055.70a697f5-e710-4ca6-825d-4bab0317494c","name":"data","boTemplateName":"CSD"},{"id":"2055.c260896b-e986-416d-8f23-33e9208e662c","name":"results","boTemplateName":"A"},{"id":"2055.7e740c8e-8d17-4708-87dc-5d49602e8f75","name":"error","boTemplateName":"Aja"}]}],"boTemplate":[{"id":"12.27375585-e0e4-45f5-9ec8-ea90777515e1","name":"CSD","property":[{"name":"documentId","type":"S","isList":false},{"name":"versionSeriesId","type":"S","isList":false},{"name":"batchId","type":"S","isList":false},{"name":"serverAppResource","type":"S","isList":false},{"name":"repository","type":"S","isList":false},{"name":"csrfToken","type":"S","isList":false}]},{"id":"12.5551644c-3dc6-4161-a939-4e7f27f8ce45","name":"Aja","property":[{"name":"errorText","type":"S","isList":false},{"name":"errorCode","type":"S","isList":false},{"name":"serviceInError","type":"S","isList":false}]}]},"model":{"rootElement":[{"extensionElements":{"userTaskImplementation":[{"flowElement":[{"parallelMultiple":false,"outgoing":["2027.81dcbfa4-e9f6-4a9e-8300-0f16e861c7c5"],"isInterrupting":true,"extensionElements":{"nodeVisualInfo":[{"color":"#F8F8F8","width":24,"x":50,"y":200,"declaredType":"TNodeVisualInfo","height":24}]},"name":"Start","declaredType":"startEvent","id":"388b5a89-2b1b-4af2-88e5-bf16e67568ab"},{"incoming":["2027.fcc82a1b-90b4-4e33-85a7-3ff3bb921f7d"],"extensionElements":{"nodeVisualInfo":[{"color":"#F8F8F8","width":24,"x":700,"y":200,"declaredType":"TNodeVisualInfo","height":24}],"navigationInstructions":[{"targetType":"Default","declaredType":"com.ibm.bpmsdk.model.bpmn20.ibmext.TNavigationInstructions"}]},"name":"End","declaredType":"endEvent","id":"0c6d54e5-6179-4b16-84c9-7433274d6c65"},{"targetRef":"2025.b366dfa3-5e20-4294-8fbf-ad0555393ec9","extensionElements":{"linkVisualInfo":[{"sourcePortLocation":"rightCenter","showCoachControlLabel":false,"labelPosition":0.0,"targetPortLocation":"leftCenter","declaredType":"TLinkVisualInfo","saveExecutionContext":false,"showLabel":false}]},"name":"Start to End","declaredType":"sequenceFlow","id":"2027.81dcbfa4-e9f6-4a9e-8300-0f16e861c7c5","sourceRef":"388b5a89-2b1b-4af2-88e5-bf16e67568ab"},{"startQuantity":1,"outgoing":["2027.fcc82a1b-90b4-4e33-85a7-3ff3bb921f7d"],"incoming":["2027.81dcbfa4-e9f6-4a9e-8300-0f16e861c7c5"],"default":"2027.fcc82a1b-90b4-4e33-85a7-3ff3bb921f7d","extensionElements":{"nodeVisualInfo":[{"width":95,"x":321,"y":177,"declaredType":"TNodeVisualInfo","height":70}]},"name":"Delete Batch Document","isForCompensation":false,"completionQuantity":1,"declaredType":"scriptTask","id":"2025.b366dfa3-5e20-4294-8fbf-ad0555393ec9","scriptFormat":"text/x-javascript","script":{"content":["console.debug(\"****BEGIN Script Delete Batch Document****\");\r\n\r\ntw.system.waitForContinueFlow();\r\n\r\nvar serviceName =\"deleteBatchDocument\";\r\n\r\nvar csrfToken = tw.local.data && tw.local.data.csrfToken;\r\nvar appServerResource = tw.local.data && tw.local.data.serverAppResource;\r\nvar repository = tw.local.data && tw.local.data.repository;\r\nvar documentId = tw.local.data && tw.local.data.documentId; \r\nvar versionSeriesId = tw.local.data && tw.local.data.versionSeriesId; \r\nvar batchId = tw.local.data && tw.local.data.batchId;\r\n\r\nvar registryEntry;\r\n\r\nvar sendRequest = function(query, callback, errback){\r\n\tvar options = {\r\n\t\tmethod: \"POST\",\r\n\t\tpayload: {\r\n\t\t\tquery: query,\r\n\t\t\tvariables: null,\r\n\t\t\toperationName: null\r\n\t\t},\r\n\t\theaders: {\r\n\t\t\t\"ECM-CS-XSRF-Token\": csrfToken,\r\n\t\t\tCookie: \"ECM-CS-XSRF-Token=\" + csrfToken,\r\n\t\t\t\"Accept-Language\": tw.system.user.locale\r\n\t\t}\r\n\t};\r\n\t\r\n\t// Add the context root and path if they are missing for backward compatibility\r\n\tif (!registryEntry.ctxRoot){\r\n\t\toptions.ctxRoot = \"/content-services-graphql\";\r\n\t}\r\n\tif (!registryEntry.path){\r\n\t\toptions.path = \"/graphql\";\r\n\t}\t\r\n\r\n\tconsole.debug(\"****PAYLOAD: \", query);\r\n\tconsole.debug(\"****CALLING performRequest****\");\r\n\ttw.system.performRequest(appServerResource, options, function(response, httpStatus) {\r\n\t\r\n\t\tconsole.debug(\"deleteBatchDocument: sendRequest performRequest : Response: \", response);\r\n\t\tconsole.debug(\"deleteBatchDocument: sendRequest performRequest : httpStatus: \", httpStatus);\t\t\r\n\t\t\r\n\t\tif (httpStatus.statusCode != 200){\r\n\t\t\tvar error = {};\r\n\t\t\terror.code = httpStatus.statusCode;\r\n\t\t\terror.message = response;\r\n\t\t\terrback(error);\r\n\t\t}\r\n\t\telse {\r\n\t\t\tvar resultsJson = JSON.parse(response);\r\n\t\t\tif (resultsJson.errors){\r\n\t\t\t\tvar error = resultsJson.errors[0];\r\n\t\t\t\tconsole.error(\"deleteBatchDocument : sendRequest : Graphql returned error: \", error);\r\n\t\t\t\tvar err = {};\r\n\t\t\t\terr.code = error.extensions ? error.extensions.errorCode ?  error.extensions.errorCode : error.errorType : error.errorType;\r\n\t\t\t\terr.message = error.extensions ? error.extensions.explanation ? error.extensions.explanation : error.message : error.message;\t\r\n\t\t\t\terrback(err);\r\n\t\t\t} else {\r\n\t\t\t\tconsole.debug(\"deleteBatchDocument: sendRequest: performRequest completed: \", response);\r\n\t\t\t\tvar resultsJson = JSON.parse(response);\r\n\t\t\t\ttw.local.results = {\r\n\t\t\t\t\tresults: resultsJson\r\n\t\t\t\t}\r\n\t\t\t\tcallback(resultsJson);\r\n\t\t\t}\r\n\t\t}\r\n\t}, function (err) {\r\n\t\tconsole.error(\"deleteBatchDocument : sendRequest : performRequest failed: \", err);\t\r\n\t\terrback(err);\r\n\t});\r\n};\r\n\r\nvar handleError = function(err) {\r\n\tconsole.error(\"deleteBatchDocument : handleError : \", err);\r\n\t\r\n\ttw.local.error = {};\r\n\ttw.local.error.errorCode = err.code ? err.code : err.errno ? err.errno : err.name;\r\n   \ttw.local.error.errorText = err.message;\r\n  \ttw.local.error.serviceInError = serviceName;\r\n\t\r\n\ttw.system.continueFlow();\r\n};\r\n\r\nvar deleteBatchDocument = function(action, id, documentCount, callback, errback) {\r\n\tconsole.debug(\"deleteBatchDocument : deleteBatchDocument : setting document count to: \", documentCount);\r\n\tvar query = \"mutation {\\n\";\r\n\tquery += \taction + \"(\\n\";\r\n\tquery +=\t\t\"repositoryIdentifier: \\\"\" + repository + \"\\\"\\n\";\r\n\tquery +=\t\t\"identifier: \\\"\" + id + \"\\\"\\n\";\r\n\tquery +=\t\")\\n\";\r\n\tquery += \t\"{\\n\";\r\n\tquery +=\t\t\"id\\n\";\r\n\tquery +=\t\"}\\n\";\r\n\tquery +=\t\"updateCmAbstractPersistable (\\n\";\r\n\tquery +=\t\t\"repositoryIdentifier: \\\"\" + repository + \"\\\"\\n\";\r\n\tquery +=\t\t\"classIdentifier: \\\"DbaClassificationBatch\\\"\\n\";\r\n\tquery +=\t\t\"identifier: \\\"\" + batchId + \"\\\"\\n\";\r\n\tquery +=\t\t\"cmAbstractPersistableProperties: {\\n\";\r\n\tquery +=\t\t\t\"properties: [\\n\";\r\n\tquery +=\t\t\t\t\"{DbaBatchDocumentCount: \" + documentCount + \"}\\n\";\r\n\tquery +=\t\t\t\"]\\n\";\r\n\tquery +=\t\t\"}\\n\";\r\n\tquery +=\t\")\\n\";\r\n\tquery +=\t\"{\\n\";\r\n\tquery +=\t\t\"id\\n\";\r\n\tquery +=\t\"}\\n\";\r\n\tquery +=\"}\\n\";\r\n\t\r\n\tsendRequest(query, function(results) {\r\n\t\tconsole.debug(\"deleteBatchDocument : deleteBatchDocument : sendRequest returned: \", results);\r\n\t\tcallback(results);\r\n\t}, function(error) {\r\n\t\terrback(error);\r\n\t});\r\n};\r\n\r\nvar getDocumentCount = function(callback, errback) {\r\n\r\n\tvar query =  \"{\\n\";\r\n\tquery += \t\"repositoryRows(\\n\";\r\n\tquery += \t\t\"repositoryIdentifier: \\\"\" + repository + \"\\\"\\n\";\r\n\tquery += \t\t\t\"sql: \\\"SELECT DbaBatchDocumentCount FROM DbaClassificationBatch d WHERE Id = \\'\" + batchId + \"\\'\\\"\\n\";\r\n\tquery +=\t\t\t\"pageSize: 10\\n\";\r\n\tquery +=\t\t\")\\n\";\r\n\tquery +=\t\t\"{\\n\";\r\n\tquery +=\t\t\t\"repositoryRows {\\n\";\r\n\tquery +=\t\t\t\t\"properties {\\n\";\r\n\tquery +=\t\t\t\t\t\"label\\n\";\r\n\tquery +=\t\t\t\t\t\"value\\n\";\r\n\tquery +=\t\t\t\t\"}\\n\";\r\n\tquery +=\t\t\t\"}\\n\";\r\n\tquery +=\t\t\"}\\n\";\r\n\tquery +=\t\"}\";\r\n\r\n\tsendRequest(query, function(results) {\r\n\t\tconsole.debug(\"deleteBatchDocument : getDocumentCount : sendRequest returned: \", results);\r\n\t\tvar documentCount = results.data.repositoryRows.repositoryRows[0].properties[0].value;\r\n\t\tconsole.debug(\"deleteBatchDocument : getDocumentCount : Document count: \", documentCount);\r\n\t\tcallback(documentCount);\r\n\t}, function(error) {\r\n\t\terrback(error);\r\n\t});\r\n};\r\n\r\nconsole.debug(\"Calling lookupDBARegistry\");\r\ntw.system.lookupDBARegistry(appServerResource, function(response) {\r\n\tregistryEntry = response;\r\n\tgetDocumentCount(function(documentCount) {\r\n\t\tif (versionSeriesId) {\r\n\t\t\tdeleteBatchDocument(\"deleteVersionSeries\", versionSeriesId, documentCount - 1, function(results) {\r\n\t\t\t\ttw.local.results = results;\r\n\t\t\t\ttw.system.continueFlow();\r\n\t\t\t}, function(error) {\r\n\t\t\t\thandleError(error);\r\n\t\t\t});\r\n\t\t} else {\r\n\t\t\tdeleteBatchDocument(\"deleteDocument\", documentId, documentCount - 1, function(results) {\r\n\t\t\t\ttw.local.results = results;\r\n\t\t\t\ttw.system.continueFlow();\r\n\t\t\t}, function(error) {\r\n\t\t\t\thandleError(error);\r\n\t\t\t});\r\n\t\t}\r\n\t}, function(error) {\r\n\t\thandleError(error);\r\n\t});\r\n}, function(err) {\r\n\tconsole.error(\"Error returned from lookupDBARegistry:\", err);\r\n\ttw.local.error = {};\r\n\ttw.local.error.errorCode = err.msg;\r\n\ttw.local.error.errorText = err.msg;\r\n\ttw.local.error.serviceInError = serviceName;\r\n\ttw.system.continueFlow();\r\n});\r\n\r\n\r\nconsole.debug(\"At the end of the script step pending responses from Graphql\");\r\n"]}},{"targetRef":"0c6d54e5-6179-4b16-84c9-7433274d6c65","extensionElements":{"sequenceFlowImplementation":[{"fireValidation":"Never","sboSyncEnabled":true,"declaredType":"com.ibm.bpmsdk.model.bpmn20.ibmext.TSequenceFlowImplementation"}],"linkVisualInfo":[{"sourcePortLocation":"rightCenter","showCoachControlLabel":false,"labelPosition":0.0,"targetPortLocation":"leftCenter","declaredType":"TLinkVisualInfo","saveExecutionContext":true,"showLabel":false}]},"name":"To End","declaredType":"sequenceFlow","id":"2027.fcc82a1b-90b4-4e33-85a7-3ff3bb921f7d","sourceRef":"2025.b366dfa3-5e20-4294-8fbf-ad0555393ec9"}],"isClosed":false,"declaredType":"com.ibm.bpmsdk.model.bpmn20.ibmext.TUserTaskImplementation","id":"bd71016b-9451-43b2-86b2-2e7f6a99b3d0","processType":"None"}]},"implementation":"##unspecified","documentation":[{"content":["Deletes a document or a version series from a batch."],"textFormat":"text/plain"}],"name":"deleteBatchDocument","declaredType":"globalUserTask","id":"1.346589a0-52c2-409b-8061-f7425e63f984","ioSpecification":{"dataOutput":[{"itemSubjectRef":"itm.12.c09c9b6e-aabd-4897-bef2-ed61db106297","documentation":[{"content":["Set on success. Contains a JSON object containing information about the deleted document and the batch."],"textFormat":"text/plain"}],"name":"results","isCollection":false,"id":"2055.c260896b-e986-416d-8f23-33e9208e662c"},{"itemSubjectRef":"itm.12.5551644c-3dc6-4161-a939-4e7f27f8ce45","documentation":[{"content":["Set on error. Contains information about why the call failed."],"textFormat":"text/plain"}],"name":"error","isCollection":false,"id":"2055.7e740c8e-8d17-4708-87dc-5d49602e8f75"}],"inputSet":[{}],"outputSet":[{}],"dataInput":[{"itemSubjectRef":"itm.12.27375585-e0e4-45f5-9ec8-ea90777515e1","name":"data","isCollection":false,"id":"2055.70a697f5-e710-4ca6-825d-4bab0317494c"}]}}],"targetNamespace":"","typeLanguage":"http://www.w3.org/2001/XMLSchema","expressionLanguage":"http://www.ibm.com/xmlns/prod/bpm/expression-lang/javascript","id":"1.346589a0-52c2-409b-8061-f7425e63f984"}},"status":"200"}