{"data":{"metadata":{"paId":"2066.bd3841e7-7c78-4b6b-aa2b-1f9cc91afc9a","paShortName":"SYSCST","snapshotId":"2064.e571369d-4b11-4625-a600-621030240482","snapshotName":"23.0.1.1.230731184525","name":"Content Services"},"defaults":{"entry":[{"type":"S","value":""},{"type":"B","value":false},{"type":"I","value":0},{"type":"D","value":0.0},{"type":"DT","value":null},{"type":"DT","value":null}]},"templates":{"variableTemplates":[{"modelId":"1.3e287866-2561-4480-bf80-f30e54f77704","parentId":"1.3e287866-2561-4480-bf80-f30e54f77704","variableTemplate":[{"id":"2055.8c7700db-7b12-4711-8d54-50541ae24179","name":"data","boTemplateName":"CSC"},{"id":"2055.3472cf14-2f7d-4bc6-8cc0-b52f9bb95270","name":"results","boTemplateName":"A"},{"id":"2055.c2949e15-a89d-4c78-88c7-07c57ec21abd","name":"error","boTemplateName":"Aja"}]}],"boTemplate":[{"id":"12.4a6d8270-cb42-4983-97ca-41706411e4ec","name":"CSC","property":[{"name":"serverInfo","type":"S","isList":false},{"name":"appResourceInfo","type":"A","isList":false},{"name":"csrfToken","type":"S","isList":false},{"name":"query","type":"S","isList":false}]},{"id":"12.5551644c-3dc6-4161-a939-4e7f27f8ce45","name":"Aja","property":[{"name":"errorText","type":"S","isList":false},{"name":"errorCode","type":"S","isList":false},{"name":"serviceInError","type":"S","isList":false}]}]},"model":{"rootElement":[{"extensionElements":{"userTaskImplementation":[{"flowElement":[{"parallelMultiple":false,"outgoing":["2027.4cfd6ba6-96cb-4e7f-8f03-f38a39e90d60"],"isInterrupting":true,"extensionElements":{"default":["2027.4cfd6ba6-96cb-4e7f-8f03-f38a39e90d60"],"nodeVisualInfo":[{"color":"#F8F8F8","width":24,"x":50,"y":200,"declaredType":"TNodeVisualInfo","height":24}]},"name":"Start","declaredType":"startEvent","id":"a8578c6e-5063-4557-82d9-2895fdbf903e"},{"incoming":["2027.914ee76f-b6cd-423c-8511-9da547f71808"],"extensionElements":{"nodeVisualInfo":[{"color":"#F8F8F8","width":24,"x":700,"y":200,"declaredType":"TNodeVisualInfo","height":24}],"navigationInstructions":[{"targetType":"Default","declaredType":"com.ibm.bpmsdk.model.bpmn20.ibmext.TNavigationInstructions"}]},"name":"End","declaredType":"endEvent","id":"b687f5f3-8fde-4789-8c4e-726a1f52cb39"},{"startQuantity":1,"outgoing":["2027.914ee76f-b6cd-423c-8511-9da547f71808"],"incoming":["2027.4cfd6ba6-96cb-4e7f-8f03-f38a39e90d60"],"default":"2027.914ee76f-b6cd-423c-8511-9da547f71808","extensionElements":{"nodeVisualInfo":[{"color":"#95D087","width":95,"x":338,"y":177,"declaredType":"TNodeVisualInfo","height":70}]},"name":"Delete Batch Document Service","isForCompensation":false,"completionQuantity":1,"declaredType":"scriptTask","id":"2025.84bc0563-f42a-43a7-8b34-2e57f42066b6","scriptFormat":"text/x-javascript","script":{"content":["console.debug(\"****BEGIN Script Delete Batch Document Service****\");\r\n\r\ntw.system.waitForContinueFlow();\r\n\r\nvar serviceName =\"deleteBatchDocumentService\";\r\n\r\nvar csrfToken = tw.local.data && tw.local.data.csrfToken;\r\nvar appServerResource = tw.local.data && tw.local.data.serverInfo;\r\nvar appResourceInfo = tw.local.data && tw.local.data.appResourceInfo;\r\nvar query = tw.local.data && tw.local.data.query;\r\n\r\nvar options = {\r\n\tmethod: \"POST\",\r\n\tctxRoot: appResourceInfo.ctxRoot,\r\n\tpath: appResourceInfo.path,\r\n\tpayload: {\r\n\t\tquery: query,\r\n\t\tvariables: null,\r\n\t\toperationName: null\r\n\t},\r\n\theaders: {\r\n\t\t\"ECM-CS-XSRF-Token\": csrfToken,\r\n\t\tCookie: \"ECM-CS-XSRF-Token=\" + csrfToken,\r\n\t\t\"Accept-Language\": tw.system.user.locale\r\n\t}\r\n};\r\n\r\nconsole.debug(\"Options: \", options);\t\r\nconsole.debug(\"****PAYLOAD: \", query);\r\nconsole.debug(\"****CALLING performRequest****\");\r\n\r\ntw.system.performRequest(appServerResource, options, function(response, httpStatus) {\r\n\r\n\tconsole.debug(\"performRequest response: \", response);\r\n\tconsole.debug(\"performRequest httpStatus: \", httpStatus);\r\n\r\n\tif (httpStatus.statusCode != 200) {\r\n\t\ttw.local.error = {};\r\n\t\ttw.local.error.errorCode = httpStatus.statusCode;\r\n\t\ttw.local.error.errorText = response;\r\n\t\ttw.local.error.serviceInError = serviceName;\r\n\t} else {\r\n\t\tvar resultsJson = JSON.parse(response);\r\n\t\tif (resultsJson.errors) {\r\n\t\t\tvar error = resultsJson.errors[0];\r\n\t\t\ttw.local.error = {};\r\n\t\t\ttw.local.error.errorCode = error.extensions ? error.extensions.errorCode ?  error.extensions.errorCode : error.errorType : error.errorType;\r\n\t\t\ttw.local.error.errorText = error.extensions ? error.extensions.explanation ? error.extensions.explanation : error.message : error.message;\r\n\t\t\ttw.local.error.serviceInError = serviceName;\r\n\t\t} else {\r\n\t\t\ttw.local.results = resultsJson;\r\n\t\t}\r\n\t}\r\n\t\r\n\t// Signal to engine that flow can continue past this Script‌\r\n\ttw.system.continueFlow();\r\n}, function (err) {\r\n\tconsole.error(\"performRequest failed: \", err);\r\n\r\n\ttw.local.error = JSON.stringify(err);\r\n\t\r\n\t// Signal to engine that flow can continue past this Script‌\r\n\ttw.system.continueFlow();\r\n});\r\n\t\r\nconsole.debug(\"At the end of the script step pending response from Graphql\");\r\n\r\n"]}},{"targetRef":"2025.84bc0563-f42a-43a7-8b34-2e57f42066b6","extensionElements":{"linkVisualInfo":[{"sourcePortLocation":"rightCenter","showCoachControlLabel":false,"labelPosition":0.0,"targetPortLocation":"leftCenter","declaredType":"TLinkVisualInfo","saveExecutionContext":false,"showLabel":false}]},"name":"To Delete Batch Document Service","declaredType":"sequenceFlow","id":"2027.4cfd6ba6-96cb-4e7f-8f03-f38a39e90d60","sourceRef":"a8578c6e-5063-4557-82d9-2895fdbf903e"},{"targetRef":"b687f5f3-8fde-4789-8c4e-726a1f52cb39","extensionElements":{"sequenceFlowImplementation":[{"fireValidation":"Never","sboSyncEnabled":true,"declaredType":"com.ibm.bpmsdk.model.bpmn20.ibmext.TSequenceFlowImplementation"}],"linkVisualInfo":[{"sourcePortLocation":"rightCenter","showCoachControlLabel":false,"labelPosition":0.0,"targetPortLocation":"leftCenter","declaredType":"TLinkVisualInfo","saveExecutionContext":true,"showLabel":false}]},"name":"To End","declaredType":"sequenceFlow","id":"2027.914ee76f-b6cd-423c-8511-9da547f71808","sourceRef":"2025.84bc0563-f42a-43a7-8b34-2e57f42066b6"}],"isClosed":false,"declaredType":"com.ibm.bpmsdk.model.bpmn20.ibmext.TUserTaskImplementation","id":"a59c20b7-9a95-4466-8cba-43e753e60c0b","processType":"None"}]},"implementation":"##unspecified","documentation":[{"textFormat":"text/plain"}],"name":"deleteBatchDocumentService","declaredType":"globalUserTask","id":"1.3e287866-2561-4480-bf80-f30e54f77704","ioSpecification":{"dataOutput":[{"itemSubjectRef":"itm.12.c09c9b6e-aabd-4897-bef2-ed61db106297","name":"results","isCollection":false,"id":"2055.3472cf14-2f7d-4bc6-8cc0-b52f9bb95270"},{"itemSubjectRef":"itm.12.5551644c-3dc6-4161-a939-4e7f27f8ce45","name":"error","isCollection":false,"id":"2055.c2949e15-a89d-4c78-88c7-07c57ec21abd"}],"inputSet":[{}],"outputSet":[{}],"dataInput":[{"itemSubjectRef":"itm.12.4a6d8270-cb42-4983-97ca-41706411e4ec","name":"data","isCollection":false,"id":"2055.8c7700db-7b12-4711-8d54-50541ae24179"}]}}],"targetNamespace":"","typeLanguage":"http://www.w3.org/2001/XMLSchema","expressionLanguage":"http://www.ibm.com/xmlns/prod/bpm/expression-lang/javascript","id":"1.3e287866-2561-4480-bf80-f30e54f77704"}},"status":"200"}