{"data":{"metadata":{"paId":"2066.bd3841e7-7c78-4b6b-aa2b-1f9cc91afc9a","paShortName":"SYSCST","snapshotId":"2064.e571369d-4b11-4625-a600-621030240482","snapshotName":"23.0.1.1.230731184525","name":"Content Services"},"defaults":{"entry":[{"type":"S","value":""},{"type":"B","value":false},{"type":"I","value":0},{"type":"D","value":0.0},{"type":"DT","value":null},{"type":"DT","value":null}]},"templates":{"variableTemplates":[{"modelId":"1.54c424c2-6666-49ab-b314-a98d96bcc5ab","parentId":"1.54c424c2-6666-49ab-b314-a98d96bcc5ab","variableTemplate":[{"id":"2055.8382e6fa-1477-40af-83cf-4a68896e287d","name":"data","boTemplateName":"CSG"},{"id":"2055.91514d72-8433-4dad-81a4-a789d0aae70a","name":"results","boTemplateName":"A"},{"id":"2055.7738b35e-c976-4e5f-83d9-9c3baa87db80","name":"error","boTemplateName":"Aja"}]}],"boTemplate":[{"id":"12.b5785486-171d-40f4-a144-c2e225b6f4f6","name":"CSG","property":[{"name":"token","type":"S","isList":false},{"name":"properties","type":"S","isList":true},{"name":"ovpProperties","type":"S","isList":true},{"name":"searchFor","type":"S","isList":false},{"name":"serverAppResource","type":"S","isList":false},{"name":"csrfToken","type":"S","isList":false}]},{"id":"12.5551644c-3dc6-4161-a939-4e7f27f8ce45","name":"Aja","property":[{"name":"errorText","type":"S","isList":false},{"name":"errorCode","type":"S","isList":false},{"name":"serviceInError","type":"S","isList":false}]}]},"model":{"rootElement":[{"extensionElements":{"userTaskImplementation":[{"flowElement":[{"parallelMultiple":false,"outgoing":["2027.427be6e9-fd79-4ee8-86e7-8b53236c4991"],"isInterrupting":true,"extensionElements":{"nodeVisualInfo":[{"color":"#F8F8F8","width":24,"x":50,"y":200,"declaredType":"TNodeVisualInfo","height":24}]},"name":"Start","declaredType":"startEvent","id":"77e02d70-da48-42e7-8387-9cbca75a131d"},{"incoming":["2027.c59cde74-b25f-4fff-8c69-e9774d3ba066"],"extensionElements":{"nodeVisualInfo":[{"color":"#F8F8F8","width":24,"x":700,"y":200,"declaredType":"TNodeVisualInfo","height":24}],"navigationInstructions":[{"targetType":"Default","declaredType":"com.ibm.bpmsdk.model.bpmn20.ibmext.TNavigationInstructions"}]},"name":"End","declaredType":"endEvent","id":"7234a24d-7418-4f42-8dce-eff7cb15e485"},{"targetRef":"2025.e9d46d38-91fc-4d49-89ba-d8c307000d1e","extensionElements":{"linkVisualInfo":[{"sourcePortLocation":"rightCenter","showCoachControlLabel":false,"labelPosition":0.0,"targetPortLocation":"leftCenter","declaredType":"TLinkVisualInfo","saveExecutionContext":false,"showLabel":false}]},"name":"Start to End","declaredType":"sequenceFlow","id":"2027.427be6e9-fd79-4ee8-86e7-8b53236c4991","sourceRef":"77e02d70-da48-42e7-8387-9cbca75a131d"},{"startQuantity":1,"outgoing":["2027.c59cde74-b25f-4fff-8c69-e9774d3ba066"],"incoming":["2027.427be6e9-fd79-4ee8-86e7-8b53236c4991"],"default":"2027.c59cde74-b25f-4fff-8c69-e9774d3ba066","extensionElements":{"nodeVisualInfo":[{"width":95,"x":334,"y":177,"declaredType":"TNodeVisualInfo","height":70}]},"name":"Get More Search Results","isForCompensation":false,"completionQuantity":1,"declaredType":"scriptTask","id":"2025.e9d46d38-91fc-4d49-89ba-d8c307000d1e","scriptFormat":"text/x-javascript","script":{"content":["console.debug(\"****BEGIN Script Get More Search Results****\");\r\n\r\n//tw.system.disableAutoContinue = true;‌\r\ntw.system.waitForContinueFlow();\r\n\r\nvar serviceName =\"getMoreSearchResults\";\r\n\r\nvar csrfToken = tw.local.data && tw.local.data.csrfToken;\r\nvar appServerResource = tw.local.data && tw.local.data.serverAppResource;\r\nvar token = tw.local.data && tw.local.data.token;\r\nvar searchFor = tw.local.data && tw.local.data.searchFor;\r\nvar properties = tw.local.data && tw.local.data.properties;\r\nvar ovpProperties = tw.local.data && tw.local.data.ovpProperties;\r\n\r\nif (searchFor == null) {\r\n    searchFor = \"Document\";\r\n}\r\n\r\nvar QUERY = \"{\" + \"\\n\" +\r\n      \"moreIndependentObjects(\" + \"\\n\" +\r\n\t    \"token: \\\"\" + token + \"\\\"\" + \"\\n\" +\r\n      \")\" + \"\\n\" +\r\n      \"{\" + \"\\n\" +\r\n\t    \"independentObjects {\" + \"\\n\" +\r\n\t        \"className\" + \"\\n\";\r\n\t        if (searchFor == \"Folder\") {\r\n\t        \tQUERY += \"... on Folder {\" + \"\\n\" +\r\n\t\t\t\t\"creator\" + \"\\n\" +\r\n\t\t\t\t\"dateCreated\" + \"\\n\" +\r\n\t\t\t\t\"id\" + \"\\n\" +\r\n\t\t\t\t\"name\" + \"\\n\" +\r\n\t\t\t\t\"pathName\" + \"\\n\" +\r\n\t\t\t\t\"parent {\" + \"\\n\" +\r\n\t       \t\t\t\"id\" + \"\\n\" +\r\n\t\t\t\t\t\"name\" + \"\\n\" +\r\n\t\t\t\t\t\"className\" + \"\\n\" +\r\n\t\t\t\t\t\"accessAllowed\" + \"\\n\" +\r\n\t\t\t\t\"}\" + \"\\n\" +\r\n\t\t\t\t\"accessAllowed\" + \"\\n\" +\r\n\t\t\t  \"}\" + \"\\n\";\r\n\t\t  } else if (searchFor == \"Document\") {\r\n\t        \tQUERY += \"... on Document {\" + \"\\n\" +\r\n\t\t\t\t\"name\" + \"\\n\" +\r\n\t\t\t\t\"id\" + \"\\n\" +\r\n\t\t\t\t\"mimeType\" + \"\\n\" +\r\n\t\t\t\t\"creator\" + \"\\n\" +\r\n\t\t\t      \"dateCreated\" + \"\\n\" +\r\n\t\t\t\t\"isReserved\" + \"\\n\" +\r\n\t\t\t\t\"reservation {\" + \"\\n\" +\r\n\t\t\t\t\t\"id\" + \"\\n\" +\r\n\t\t\t\t\t\"creator\" + \"\\n\" +\r\n\t\t\t\t\"}\" + \"\\n\" +\r\n\t\t\t\t\"accessAllowed\" + \"\\n\" +\r\n\t\t\t\t\"contentElements {\" + \"\\n\" +\r\n\t\t        \t\t\"elementSequenceNumber\" + \"\\n\" +\r\n\t\t      \t\t\t\"... on ContentTransfer {\" + \"\\n\" +\r\n\t\t        \t\t\t\"retrievalName\" + \"\\n\" +\r\n\t\t        \t\t\t\"downloadUrl\" + \"\\n\" +\r\n\t\t      \t\t\"}  \" + \"\\n\" +\r\n\t\t        \t\"}\" + \"\\n\" +\r\n\t\t        \t\"versionSeries {\" + \"\\n\" +\r\n\t\t\t\t\t\"id\" + \"\\n\" +\r\n\t\t\t\t\"}\" + \"\\n\" +\r\n\t\t\t\t\"cmThumbnails {\" + \"\\n\" +  \r\n\t\t\t         \"cmThumbnails {\" + \"\\n\" +  \r\n\t\t\t             \"id\" + \"\\n\" +  \r\n\t\t\t         \"}\" + \"\\n\" +  \r\n\t\t\t      \"}\" + \"\\n\" +  \r\n\t\t\t  \"}\" + \"\\n\";\r\n              } else {\r\n              \tQUERY += \"... on CmAbstractPersistable {\" + \"\\n\" +\r\n\t\t      \t\"name\" + \"\\n\" +\r\n\t\t            \"id\" + \"\\n\" +\r\n\t\t            \"creator\" + \"\\n\" +\r\n\t\t            \"lastModifier\" + \"\\n\" +\r\n\t\t            \"dateLastModified\" + \"\\n\" +\r\n\t\t            \"dateCreated\" + \"\\n\" +\r\n\t\t\t      \"accessAllowed\" + \"\\n\" +\r\n\t           \t\"}\" + \"\\n\";\r\n           \t  }\r\n           \t  \r\n\t        QUERY += \"properties(includes: \";\r\n\r\n\t\t      var PROPS = \"[\";\r\n\t\t\tproperties.forEach(function(property) {\r\n  \t\t\t    PROPS += \"\\\"\" + property + \"\\\" \";\r\n\t\t\t});\r\n\t\t\tQUERY += PROPS += \"]\";\r\n\r\n\t\t\tQUERY += \") {\" + \"\\n\" +\r\n \t \t\t    \"id\" + \"\\n\" +\r\n          \t\t    \"label\" + \"\\n\" +\r\n          \t\t    \"type\" + \"\\n\" +\r\n          \t\t    \"cardinality\" + \"\\n\" +\r\n          \t\t    \"value\" + \"\\n\" +\r\n          \t\t     \"... on DateTimeProperty {\" + \"\\n\" +\r\n\t\t\t\t\t\"isDateOnly\" + \"\\n\" +\r\n\t\t\t     \"}\" + \"\\n\" +\t\r\n\t\t\t     \"... on DateTimeListProperty {\" + \"\\n\" +\r\n\t\t\t\t\t\"isDateOnly\" + \"\\n\" +\r\n\t\t\t     \"}\" + \"\\n\";\r\n\t\t\t     \r\n\t\t\t     if (ovpProperties && ovpProperties.length > 0) {\r\n\t\t\t\t   QUERY += \"... on ObjectProperty {\" + \"\\n\" +\r\n\t\t\t      \t \"objectValue {\" + \"\\n\" +\r\n\t\t\t     \t\t\t\"properties(includes: \";\r\n\t\t\t          \r\n\t\t\t   \t\t\tvar OVPPROPS = \"[\";\r\n\t\t\t\t    \t\tovpProperties.forEach(function(property) {\r\n\t\t\t\t\t \t\tOVPPROPS += \"\\\"\" + property + \"\\\" \";\r\n\t\t\t\t    \t\t});\r\n\t\t\t          \t\tQUERY += OVPPROPS += \"]\";\r\n\t\t\t          \r\n\t\t\t      \t\tQUERY += \") {\" + \"\\n\" +\r\n\t\t\t            \t\t\"id\" + \"\\n\" +\r\n\t\t\t            \t\t\"type\" + \"\\n\" +\r\n\t\t\t            \t\t\"value\" + \"\\n\" +\r\n\t\t\t\t\t\t\t\"... on DateTimeProperty {\" + \"\\n\" +\r\n\t\t\t\t\t\t\t\t\"isDateOnly\" + \"\\n\" +\r\n\t\t\t    \t\t\t\t \"}\" + \"\\n\" +\t\r\n\t\t\t     \t\t\t\t\"... on DateTimeListProperty {\" + \"\\n\" +\r\n\t\t\t\t\t\t\t\t\"isDateOnly\" + \"\\n\" +\r\n\t\t\t     \t\t\t\t\"}\" + \"\\n\" +\t\r\n\t\t\t          \t\t\"}\" + \"\\n\" +\r\n\t\t\t      \t\"}\" + \"\\n\" +\r\n\t\t\t  \t\"}\" + \"\\n\";\r\n\t\t\t   }\r\n\t\t\t   QUERY += \"}\" + \"\\n\" +\r\n\t        \"}\" + \"\\n\" +\r\n\t\t  \"pageInfo {\" + \"\\n\" +\r\n\t\t\t\"token\" + \"\\n\" +\r\n\t\t\t\"totalCount\" + \"\\n\" +\r\n\t\t  \"}\" + \"\\n\" +\r\n\t   \"}\" + \"\\n\" +\r\n    \"}\";\r\n\r\nconsole.debug(\"Calling lookupDBARegistry\");\r\ntw.system.lookupDBARegistry(appServerResource, function(response) {\r\n\r\n\tvar options = {\r\n\t\tmethod: \"POST\",\r\n\t\tpayload: {\r\n\t\t\tquery: QUERY,\r\n\t\t\tvariables: null,\r\n\t\t\toperationName: null\r\n\t\t},\r\n\t\theaders: {\r\n\t\t\t\"ECM-CS-XSRF-Token\": csrfToken,\r\n\t\t\tCookie: \"ECM-CS-XSRF-Token=\" + csrfToken,\r\n\t\t\t\"Accept-Language\": tw.system.user.locale\r\n\t\t}\r\n\t};\r\n\t\r\n\t// Add the context root and path if they are missing for backward compatibility\r\n\tif (!response.ctxRoot) {\r\n\t\toptions.ctxRoot = \"/content-services-graphql\";\r\n\t}\r\n\tif (!response.path) {\r\n\t\toptions.path = \"/graphql\";\r\n\t}\t\r\n\tconsole.debug(\"Options: \", options);\t\r\n\tconsole.debug(\"****PAYLOAD: \", QUERY);\r\n\tconsole.debug(\"****CALLING performRequest****\");\r\n\ttw.system.performRequest(appServerResource, options, function(response, httpStatus) {\r\n\t\r\n\t\tconsole.debug(\"performRequest response: \", response);\r\n\t\tconsole.debug(\"performRequest httpStatus: \", httpStatus);\r\n\r\n\t\tif (httpStatus.statusCode != 200) {\r\n\t\t\ttw.local.error = {};\r\n\t\t\ttw.local.error.errorCode = httpStatus.statusCode;\r\n\t\t\ttw.local.error.errorText = response;\r\n\t\t\ttw.local.error.serviceInError = serviceName;\r\n\t\t} else {\r\n\t\t\tvar resultsJson = JSON.parse(response);\r\n\t\t\tif (resultsJson.errors) {\r\n\t\t\t\tvar error = resultsJson.errors[0];\r\n\t\t\t\ttw.local.error = {};\r\n\t\t\t\ttw.local.error.errorCode = error.extensions ? error.extensions.errorCode ?  error.extensions.errorCode : error.errorType : error.errorType;\r\n\t\t\t\ttw.local.error.errorText = error.extensions ? error.extensions.explanation ? error.extensions.explanation : error.message : error.message;\r\n\t\t\t\ttw.local.error.serviceInError = serviceName;\r\n\t\t\t} else {\r\n\t\t\t\tvar results = [];\t\r\n\t\t\t\tvar moreResults = resultsJson.data.moreIndependentObjects;\r\n\t\t\t\tvar indObjects = moreResults.independentObjects;\r\n\t\t\r\n\t\t\t\tindObjects.forEach(function(indObject) {\r\n\t\t\t\t\tvar newItem = new Object();\r\n\t\t\t\r\n\t\t\t\t\tnewItem.name = indObject.name;\r\n\t\t\t\t\tnewItem.id = indObject.id;\r\n\t\t\t\t\tnewItem.baseType = searchFor;\r\n\t\t\t\t\tnewItem.className = indObject.className;\r\n\t\t\t\t\tnewItem.accessAllowed = indObject.accessAllowed;\r\n\t\t\t\t\tnewItem.properties = indObject.properties;\r\n\t\t\t\t\r\n\t\t\t\t\tif (searchFor == \"Document\") {\r\n\t\t\t\t\t\tnewItem.isFolder = false;\r\n\t\t\t\t\t\tnewItem.mimeType = indObject.mimeType;\r\n\t\t\t\t\t\tnewItem.isReserved = indObject.isReserved;\r\n\t\t\t\t\t\tnewItem.reservation = indObject.reservation;\r\n\t\t\t\t\t\tnewItem.contentElements = indObject.contentElements;\r\n\t\t\t\t\t\tnewItem.versionSeriesId = indObject.versionSeries.id;\r\n\t\t\t\t\t\tnewItem.cmThumbnails = indObject.cmThumbnails;\r\n\t\t\t\t\t} else if (searchFor == \"Folder\") {\r\n\t\t\t\t\t\tnewItem.isFolder = true;\r\n\t\t\t\t\t\tnewItem.pathName = indObject.pathName;\r\n\t\t\t\t\t\tnewItem.parent = indObject.parent;\r\n\t\t\t\t\t} else {\r\n\t\t\t\t\t\t// AbstractPersistable\r\n\t\t\t\t\t\tnewItem.isFolder = false;\r\n\t\t\t\t\t}\r\n\r\n\t\t\t\t\tresults.push(newItem);\r\n\t\t\t\t});\r\n\t\t\t\t\r\n\t\t\t\tvar resultSet = {};\r\n\t\t\t\tresultSet.items = results;\r\n\t\t\t\t\r\n\t\t\t\tif (moreResults.pageInfo != null) {\r\n\t\t\t\t\tresultSet.totalCount = moreResults.pageInfo.totalCount;\r\n\t\t\t\t\tresultSet.token = moreResults.pageInfo.token;\r\n\t\t\t\t}\t\r\n\t\t\t\t\r\n\t\t\t\ttw.local.results = {\r\n\t\t\t\t\tresults: resultSet\r\n\t\t\t\t};\r\n\t\t\t}\r\n\t\t}\r\n\r\n\t\t// Signal to engine that flow can continue past this Script‌\r\n\t\ttw.system.continueFlow();\r\n\t}, function (err) {\r\n\t\tconsole.error(\"performRequest failed: \", err);\r\n\t\t\r\n\t\ttw.local.error = {};\r\n\t\ttw.local.error.errorCode = err.code ? err.code : err.errno ? err.errno : err.name;\r\n\t\ttw.local.error.errorText = err.message;\r\n\t\ttw.local.error.serviceInError = serviceName;\r\n\t\t\r\n\t\t// Signal to engine that flow can continue past this Script.\r\n\t\ttw.system.continueFlow();\r\n\t});\r\n}, function(err) {\r\n\tconsole.error(\"Error returned from lookupDBARegistry:\", err);\r\n\ttw.local.error = {};\r\n\ttw.local.error.errorCode = err.msg;\r\n\ttw.local.error.errorText = err.msg;\r\n\ttw.local.error.serviceInError = serviceName;\r\n\ttw.system.continueFlow();\r\n});\r\n\t\r\nconsole.debug(\"At the end of the script step pending response from Graphql\");\r\n"]}},{"targetRef":"7234a24d-7418-4f42-8dce-eff7cb15e485","extensionElements":{"sequenceFlowImplementation":[{"fireValidation":"Never","sboSyncEnabled":true,"declaredType":"com.ibm.bpmsdk.model.bpmn20.ibmext.TSequenceFlowImplementation"}],"linkVisualInfo":[{"sourcePortLocation":"rightCenter","showCoachControlLabel":false,"labelPosition":0.0,"targetPortLocation":"leftCenter","declaredType":"TLinkVisualInfo","saveExecutionContext":true,"showLabel":false}]},"name":"To End","declaredType":"sequenceFlow","id":"2027.c59cde74-b25f-4fff-8c69-e9774d3ba066","sourceRef":"2025.e9d46d38-91fc-4d49-89ba-d8c307000d1e"}],"isClosed":false,"declaredType":"com.ibm.bpmsdk.model.bpmn20.ibmext.TUserTaskImplementation","id":"14002765-9145-41df-81e9-0729de4ba4bd","processType":"None"}]},"implementation":"##unspecified","documentation":[{"content":["Returns the results of a content-based search. Called for subsequent pages after calling getTextSearchResults."],"textFormat":"text/plain"}],"name":"getMoreSearchResults","declaredType":"globalUserTask","id":"1.54c424c2-6666-49ab-b314-a98d96bcc5ab","ioSpecification":{"dataOutput":[{"itemSubjectRef":"itm.12.c09c9b6e-aabd-4897-bef2-ed61db106297","documentation":[{"content":["<div><div>Set on success. Contains a JSON object with the following properties</div><div>{</div><div><span style=\"white-space:pre\">\t</span>items: The list of partial Content Items representing the search results. See the JavaScript API document for a description of Content Item.</div><div><span style=\"white-space:pre\">\t</span>totalCount: The total number of folder containees including those on other pages.</div><div><span style=\"white-space:pre\">\t</span>token: Paging token when there is more than one page of results.</div><div>}</div></div><div><br /></div>"],"textFormat":"text/plain"}],"name":"results","isCollection":false,"id":"2055.91514d72-8433-4dad-81a4-a789d0aae70a"},{"itemSubjectRef":"itm.12.5551644c-3dc6-4161-a939-4e7f27f8ce45","documentation":[{"content":["Set on error. Contains information about why the call failed."],"textFormat":"text/plain"}],"name":"error","isCollection":false,"id":"2055.7738b35e-c976-4e5f-83d9-9c3baa87db80"}],"inputSet":[{}],"outputSet":[{}],"dataInput":[{"itemSubjectRef":"itm.12.b5785486-171d-40f4-a144-c2e225b6f4f6","name":"data","isCollection":false,"id":"2055.8382e6fa-1477-40af-83cf-4a68896e287d"}]}}],"targetNamespace":"","typeLanguage":"http://www.w3.org/2001/XMLSchema","expressionLanguage":"http://www.ibm.com/xmlns/prod/bpm/expression-lang/javascript","id":"1.54c424c2-6666-49ab-b314-a98d96bcc5ab"}},"status":"200"}