{"data":{"metadata":{"paId":"2066.bd3841e7-7c78-4b6b-aa2b-1f9cc91afc9a","paShortName":"SYSCST","snapshotId":"2064.e571369d-4b11-4625-a600-621030240482","snapshotName":"23.0.1.1.230731184525","name":"Content Services"},"defaults":{"entry":[{"type":"S","value":""},{"type":"B","value":false},{"type":"I","value":0},{"type":"D","value":0.0},{"type":"DT","value":null},{"type":"DT","value":null}]},"templates":{"variableTemplates":[{"modelId":"1.7d95ce98-9162-4254-8b63-5f1b6d1f50b9","parentId":"1.7d95ce98-9162-4254-8b63-5f1b6d1f50b9","variableTemplate":[{"id":"2055.797d24df-ee29-4598-88fb-6a0565fbc9ff","name":"data","boTemplateName":"CSG"},{"id":"2055.427d2aec-8645-42c5-9a4e-11b265791c6e","name":"results","boTemplateName":"A"},{"id":"2055.0bc53e60-6b63-46ff-ace5-4b79d375f526","name":"error","boTemplateName":"Aja"}]}],"boTemplate":[{"id":"12.1ee9a7d0-bd47-4cd4-bf3b-f8365826517f","name":"CSG","property":[{"name":"pageSize","type":"I","isList":false},{"name":"countLimit","type":"I","isList":false},{"name":"searchFolderId","type":"S","isList":false},{"name":"searchOnlyFolder","type":"B","isList":false},{"name":"searchFor","type":"S","isList":false},{"name":"searchType","type":"S","isList":false},{"name":"searchProperty","type":"S","isList":false},{"name":"searchOperator","type":"S","isList":false},{"name":"searchValue","type":"S","isList":false},{"name":"searchPropertyType","type":"S","isList":false},{"name":"orderByProperty","type":"S","isList":false},{"name":"order","type":"S","isList":false},{"name":"properties","type":"S","isList":true},{"name":"ovpProperties","type":"S","isList":true},{"name":"searchProperties","type":"S","isList":true},{"name":"repository","type":"S","isList":false},{"name":"serverAppResource","type":"S","isList":false},{"name":"csrfToken","type":"S","isList":false}]},{"id":"12.5551644c-3dc6-4161-a939-4e7f27f8ce45","name":"Aja","property":[{"name":"errorText","type":"S","isList":false},{"name":"errorCode","type":"S","isList":false},{"name":"serviceInError","type":"S","isList":false}]}]},"model":{"rootElement":[{"extensionElements":{"userTaskImplementation":[{"flowElement":[{"parallelMultiple":false,"outgoing":["2027.97d35a5b-ba3d-458a-b3c4-bd10f838b2ee"],"isInterrupting":true,"extensionElements":{"nodeVisualInfo":[{"color":"#F8F8F8","width":24,"x":50,"y":200,"declaredType":"TNodeVisualInfo","height":24}]},"name":"Start","declaredType":"startEvent","id":"a95554a0-c676-4f40-8528-d5eaf849137e"},{"incoming":["2027.92aad341-0c53-47f6-a514-eba04dbec010"],"extensionElements":{"nodeVisualInfo":[{"color":"#F8F8F8","width":24,"x":700,"y":200,"declaredType":"TNodeVisualInfo","height":24}],"navigationInstructions":[{"targetType":"Default","declaredType":"com.ibm.bpmsdk.model.bpmn20.ibmext.TNavigationInstructions"}]},"name":"End","declaredType":"endEvent","id":"6347ef35-4e3c-4896-b8ea-7b28b63fff45"},{"targetRef":"2025.589fff9d-38f9-4766-8b8f-e2f681fd9040","extensionElements":{"linkVisualInfo":[{"sourcePortLocation":"rightCenter","showCoachControlLabel":false,"labelPosition":0.0,"targetPortLocation":"leftCenter","declaredType":"TLinkVisualInfo","saveExecutionContext":false,"showLabel":false}]},"name":"Start to End","declaredType":"sequenceFlow","id":"2027.97d35a5b-ba3d-458a-b3c4-bd10f838b2ee","sourceRef":"a95554a0-c676-4f40-8528-d5eaf849137e"},{"startQuantity":1,"outgoing":["2027.92aad341-0c53-47f6-a514-eba04dbec010"],"incoming":["2027.97d35a5b-ba3d-458a-b3c4-bd10f838b2ee"],"default":"2027.92aad341-0c53-47f6-a514-eba04dbec010","extensionElements":{"nodeVisualInfo":[{"width":95,"x":322,"y":177,"declaredType":"TNodeVisualInfo","height":70}]},"name":"Get Search Results","isForCompensation":false,"completionQuantity":1,"declaredType":"scriptTask","id":"2025.589fff9d-38f9-4766-8b8f-e2f681fd9040","scriptFormat":"text/x-javascript","script":{"content":["console.debug(\"****BEGIN Script Get Search Results****\");\r\n\r\n//tw.system.disableAutoContinue = true;‌\r\ntw.system.waitForContinueFlow();\r\n\r\nvar serviceName =\"getSearchResults\";\r\n\r\nvar csrfToken = tw.local.data && tw.local.data.csrfToken;\r\nvar appServerResource = tw.local.data && tw.local.data.serverAppResource;\r\nvar repository = tw.local.data && tw.local.data.repository;\r\nvar searchFolderId = tw.local.data && tw.local.data.searchFolderId;\r\nvar searchOnlyFolder = tw.local.data && tw.local.data.searchOnlyFolder;\r\nvar searchFor = tw.local.data && tw.local.data.searchFor;\r\nvar searchType = tw.local.data && tw.local.data.searchType;\r\nvar searchProperties = tw.local.data && tw.local.data.searchProperties;\r\n\r\nif (searchFor == null) {\r\n    searchFor = \"Document\";\r\n}\r\nif (searchType == null) {\r\n    if (searchFor == \"Document\") {\r\n        searchType = \"Document\";\r\n    } else if (searchFor == \"Folder\") {\r\n        searchType = \"Folder\";\r\n    } else {\r\n        searchType = \"CmAbstractPersistable\";\r\n    }\r\n}\r\n\r\nvar andIsCurrentVersion = \"\";\r\nif (searchFor == \"Document\") {\r\n    andIsCurrentVersion = \" AND IsCurrentVersion = true\";\r\n}\r\n\r\nvar searchProperty = tw.local.data && tw.local.data.searchProperty;\r\nif (searchProperty == null) {\r\n    searchProperty = \"DocumentTitle\";\r\n}\r\nvar searchOperator = tw.local.data && tw.local.data.searchOperator;\r\nif (searchOperator == null) {\r\n    searchOperator = \"LIKE\";\r\n}\r\n\r\nvar searchValue = tw.local.data && tw.local.data.searchValue;\r\n\r\nvar searchPropertyType = tw.local.data && tw.local.data.searchPropertyType;\r\nif (searchOperator != \"intersects\" && searchOperator != \"in\") {\r\n    if (searchPropertyType == \"date\") {\r\n        // Remove the extra characters, hack so execute function doesn't modify the ISO date string\r\n        if (searchValue != null && searchValue != \"\") {\r\n        \tsearchValue = searchValue.slice(2);\r\n        }\r\n    }\r\n}\r\n\r\nvar orderBy = tw.local.data && tw.local.data.orderByProperty;\r\nvar order = tw.local.data && tw.local.data.order;\r\nif (order == null) {\r\n    order = \"\";\r\n}\r\nvar countLimit = tw.local.data && tw.local.data.countLimit;\r\nif (countLimit == null) {\r\n    countLimit = \"2000\";\r\n}\r\n\r\nvar pageSize = tw.local.data && tw.local.data.pageSize;\r\nvar properties = tw.local.data && tw.local.data.properties;\r\nvar ovpProperties = tw.local.data && tw.local.data.ovpProperties;\r\n\r\nvar QUERY = \"{\" + \"\\n\" +\r\n      \"repositoryObjectSearches(\" + \"\\n\" +\r\n      \"repositoryIdentifier: \\\"\" + repository + \"\\\",\" + \"\\n\" +\r\n      \"searches: [{\" + \"\\n\" +\r\n          \"from: \\\"\" + searchType + \"\\\"\" + \"\\n\";\r\n \r\n \t    if (searchFolderId == null || searchFolderId == \"\") {\r\n\t\t  if (searchProperties && searchProperties.length > 0) {\r\n\t\t\tQUERY += \"where: \\\"\";\r\n\t\t  \r\n\t\t\tsearchProperties.forEach(function(property, index) {\r\n\t\t\t\tif (property.lparen) {\r\n\t\t   \t\t\tQUERY += \"(\";\r\n\t\t   \t\t}\r\n\t\t   \t\tvar value = property.value;\r\n\t\t\t  \tif (property.dataType == \"date\") {\r\n\t\t\t  \t\tvalue = updateDateValue(value);\r\n\t\t\t  \t}\r\n\t\t      \tQUERY += property.property + \" \" + property.operator + \" \" + value;\r\n\t\t      \tif (property.rparen) {\r\n\t\t   \t\t\tQUERY += \")\";\r\n\t\t   \t\t}\r\n\t\t      \tif (property.logical) {\r\n\t\t      \t\tQUERY += \" \" + property.logical + \" \";\r\n\t\t      \t} else if (index < searchProperties.length - 1) {\r\n\t\t      \t\tQUERY += \" AND \"; // Default to AND if not specified\r\n\t\t      \t}\r\n\t\t\t});\r\n\r\n\t\t\tQUERY += andIsCurrentVersion + \"\\\"\" + \"\\n\";\r\n\t\t  } else {\r\n\t\t\tQUERY += \"where: \\\"\" + searchProperty + \" \" + searchOperator + \" \" + searchValue + andIsCurrentVersion + \"\\\"\" + \"\\n\";\r\n\t\t  }\r\n\t\t} else {\r\n\t\t\tif (searchProperties && searchProperties.length > 0) {\r\n\t\t\t\tif (searchOnlyFolder) {\r\n\t\t\t\t\tQUERY += \"where: \\\"This INFOLDER '\" + searchFolderId + \"' AND \";\r\n\t\t\t\t} else {   \t    \t  \r\n\t\t\t\t\tQUERY += \"where: \\\"This INSUBFOLDER '\" + searchFolderId + \"' AND \";\r\n\t\t\t\t}\r\n\r\n\t\t\t\tsearchProperties.forEach(function(property, index) {\r\n\t\t\t\t\tif (property.lparen) {\r\n\t\t\t\t\t\tQUERY += \"(\";\r\n\t\t\t\t\t}\r\n\t\t\t\t\tvar value = property.value;\r\n\t\t\t\t\tif (property.dataType == \"date\") {\r\n\t\t\t\t\t\tvalue = updateDateValue(value);\r\n\t\t\t\t\t}\r\n\t\t\t\t\tQUERY += property.property + \" \" + property.operator + \" \" + value;\r\n\t\t\t\t\tif (property.rparen) {\r\n\t\t\t\t\t\tQUERY += \")\";\r\n\t\t\t\t\t}\r\n\t\t\t\t\tif (property.logical) {\r\n\t\t\t\t\t\tQUERY += \" \" + property.logical + \" \";\r\n\t\t\t\t\t} else if (index < searchProperties.length - 1) {\r\n\t\t\t\t\t\tQUERY += \" AND \"; // Default to AND if not specified\r\n\t\t\t\t\t}\r\n\t\t\t\t});\r\n\t\r\n\t\t\t\tQUERY += andIsCurrentVersion + \"\\\"\" + \"\\n\"; \r\n\t\t\t} else {\r\n\t\t\t\tif (searchOnlyFolder) {\r\n\t\t\t\t\tQUERY += \"where: \\\"This INFOLDER '\" + searchFolderId + \"' AND \" + searchProperty + \" \" + searchOperator + \" \" + searchValue + andIsCurrentVersion + \"\\\"\" + \"\\n\";\r\n\t\t\t\t} else {   \t    \t  \r\n\t\t\t\t\tQUERY += \"where: \\\"This INSUBFOLDER '\" + searchFolderId + \"' AND \" + searchProperty + \" \" + searchOperator + \" \" + searchValue + andIsCurrentVersion + \"\\\"\" + \"\\n\";\r\n\t\t\t\t}\r\n              }\r\n          }\r\n          \r\n          if (orderBy != null) {\r\n              QUERY += \"orderBy: \\\"\" + orderBy + \" \" + order + \"\\\"\" + \"\\n\";\r\n          }\r\n          QUERY += \"options: \\\"COUNT_LIMIT \" + countLimit + \"\\\"\" + \"\\n\" +\r\n      \"}],\" + \"\\n\" +\r\n      \"pageSize: \" + pageSize + \"\\n\" +\r\n      \")\" + \"\\n\" +\r\n      \"{\" + \"\\n\" +\r\n\t    \"independentObjects {\" + \"\\n\" +\r\n\t        \"className\" + \"\\n\";\r\n\t        if (searchFor == \"Folder\") {\r\n\t        \tQUERY += \"... on Folder {\" + \"\\n\" +\r\n\t\t\t\t\"creator\" + \"\\n\" +\r\n\t\t\t\t\"dateCreated\" + \"\\n\" +\r\n\t\t\t\t\"id\" + \"\\n\" +\r\n\t\t\t\t\"name\" + \"\\n\" +\r\n\t\t\t\t\"pathName\" + \"\\n\" +\r\n\t\t\t\t\"parent {\" + \"\\n\" +\r\n\t       \t\t\t\"id\" + \"\\n\" +\r\n\t\t\t\t\t\"name\" + \"\\n\" +\r\n\t\t\t\t\t\"className\" + \"\\n\" +\r\n\t\t\t\t\t\"accessAllowed\" + \"\\n\" +\r\n\t\t\t\t\"}\" + \"\\n\" +\r\n\t\t\t\t\"accessAllowed\" + \"\\n\" +\r\n\t\t\t  \"}\" + \"\\n\";\r\n\t\t  } else if (searchFor == \"Document\") {\r\n\t        \tQUERY += \"... on Document {\" + \"\\n\" +\r\n\t\t            \"name\" + \"\\n\" +\r\n\t\t\t      \"id\" + \"\\n\" +\r\n\t\t\t      \"mimeType\" + \"\\n\" +\r\n\t\t\t      \"creator\" + \"\\n\" +\r\n\t\t\t      \"dateCreated\" + \"\\n\" +\r\n\t\t\t      \"isReserved\" + \"\\n\" +\r\n\t\t\t\t\"reservation {\" + \"\\n\" +\r\n\t\t\t\t\t\"id\" + \"\\n\" +\r\n\t\t\t\t\t\"creator\" + \"\\n\" +\r\n\t\t\t\t\"}\" + \"\\n\" +\r\n\t\t\t\t\"accessAllowed\" + \"\\n\" +\r\n\t\t\t\t\"contentElements {\" + \"\\n\" +\r\n\t\t        \t\t\"elementSequenceNumber\" + \"\\n\" +\r\n\t\t      \t\t\t\"... on ContentTransfer {\" + \"\\n\" +\r\n\t\t        \t\t\t\"retrievalName\" + \"\\n\" +\r\n\t\t        \t\t\t\"downloadUrl\" + \"\\n\" +\r\n\t\t      \t\t\"}  \" + \"\\n\" +\r\n\t\t        \t\"}\" + \"\\n\" +\r\n\t\t\t\t\"versionSeries {\" + \"\\n\" +\r\n\t\t\t\t\t\"id\" + \"\\n\" +\r\n\t\t\t\t\"}\" + \"\\n\" +\r\n\t\t\t\t\"cmThumbnails {\" + \"\\n\" +  \r\n\t\t\t         \"cmThumbnails {\" + \"\\n\" +  \r\n\t\t\t             \"id\" + \"\\n\" +  \r\n\t\t\t         \"}\" + \"\\n\" +  \r\n\t\t\t      \"}\" + \"\\n\" +  \r\n\t              \"}\" + \"\\n\";\r\n              } else {\r\n              \tQUERY += \"... on CmAbstractPersistable {\" + \"\\n\" +\r\n\t\t        \t  \"name\" + \"\\n\" +\r\n\t\t              \"id\" + \"\\n\" +\r\n\t\t              \"creator\" + \"\\n\" +\r\n\t\t              \"lastModifier\" + \"\\n\" +\r\n\t\t              \"dateLastModified\" + \"\\n\" +\r\n\t\t              \"dateCreated\" + \"\\n\" +\r\n\t\t\t        \"accessAllowed\" + \"\\n\" +\r\n\t           \t\"}\" + \"\\n\";\r\n           \t  }\r\n           \t  \r\n\t        QUERY += \"properties(includes: \";\r\n\t\r\n\t\t  var PROPS = \"[\";\r\n\t\t  properties.forEach(function(property) {\r\n  \t\t\tPROPS += \"\\\"\" + property + \"\\\" \";\r\n\t\t  });\r\n\t\t  QUERY += PROPS += \"]\";\r\n\r\n\t\t  QUERY += \") {\" + \"\\n\" +\r\n \t \t\t\"id\" + \"\\n\" +\r\n       \t\t\"label\" + \"\\n\" +\r\n       \t\t\"type\" + \"\\n\" +\r\n          \t\t\"cardinality\" + \"\\n\" +\r\n        \t\t\"value\" + \"\\n\" + \r\n\t\t\t\t\"... on DateTimeProperty {\" + \"\\n\" +\r\n\t\t\t\t\t\"isDateOnly\" + \"\\n\" +\r\n\t\t\t\t\"}\" + \"\\n\" +\t\r\n\t\t\t\t\"... on DateTimeListProperty {\" + \"\\n\" +\r\n\t\t\t\t\t\"isDateOnly\" + \"\\n\" +\r\n\t\t\t\t\"}\" + \"\\n\";\t\r\n        \t\t\r\n        \t\tif (ovpProperties && ovpProperties.length > 0) {\r\n\t\t\t\t\tQUERY += \"... on ObjectProperty {\" + \"\\n\" +\r\n\t\t\t     \t\t\"objectValue {\" + \"\\n\" +\r\n\t\t\t          \t\t\"properties(includes: \";\r\n\t\t\t         \t\tvar OVPPROPS = \"[\";\r\n\t\t\t\t    \t\tovpProperties.forEach(function(property) {\r\n\t\t\t\t\t\t\t\tOVPPROPS += \"\\\"\" + property + \"\\\" \";\r\n\t\t\t\t    \t\t});\r\n\t\t\t          \t\tQUERY += OVPPROPS += \"]\";\r\n\t\t\t          \r\n\t\t\t          \t\tQUERY += \") {\" + \"\\n\" +\r\n\t\t\t            \t\t\"id\" + \"\\n\" +\r\n\t\t\t            \t\t\"type\" + \"\\n\" +\r\n\t\t\t           \t\t\t\"value\" + \"\\n\" +\r\n\t\t\t\t\t\t\t\t\"... on DateTimeProperty {\" + \"\\n\" +\r\n\t\t\t\t\t\t\t\t\t\"isDateOnly\" + \"\\n\" +\r\n\t\t\t\t\t\t\t\t\"}\" + \"\\n\" +\t\r\n\t\t\t\t\t\t\t\t\"... on DateTimeListProperty {\" + \"\\n\" +\r\n\t\t\t\t\t\t\t\t\t\"isDateOnly\" + \"\\n\" +\r\n\t\t\t\t\t\t\t\t\"}\" + \"\\n\" +\r\n\t\t\t         \t\t \"}\" + \"\\n\" +\r\n\t\t\t\t\t\t\"}\" + \"\\n\" +\r\n\t\t\t\t\t\"}\" + \"\\n\";\r\n\t\t\t\t}\r\n\t\t\t  \r\n        \t\tQUERY += \"}\" + \"\\n\" +\r\n\t\t\t\"}\" + \"\\n\" +\r\n\t\t\t\"pageInfo {\" + \"\\n\" +\r\n\t\t\t\t\"token\" + \"\\n\" +\r\n\t\t\t\t\"totalCount\" + \"\\n\" +\r\n\t\t\t\"}\" + \"\\n\" +\r\n   \"}\" + \"\\n\" +\r\n\"}\";\r\n\r\nconsole.debug(\"Calling lookupDBARegistry\");\r\ntw.system.lookupDBARegistry(appServerResource, function(response) {\r\n\r\n\tvar options = {\r\n\t\tmethod: \"POST\",\r\n\t\tpayload: {\r\n\t\t\tquery: QUERY,\r\n\t\t\tvariables: null,\r\n\t\t\toperationName: null\r\n\t\t},\r\n\t\theaders: {\r\n\t\t\t\"ECM-CS-XSRF-Token\": csrfToken,\r\n\t\t\tCookie: \"ECM-CS-XSRF-Token=\" + csrfToken,\r\n\t\t\t\"Accept-Language\": tw.system.user.locale\r\n\t\t}\r\n\t};\r\n\t\r\n\t// Add the context root and path if they are missing for backward compatibility\r\n\tif (!response.ctxRoot) {\r\n\t\toptions.ctxRoot = \"/content-services-graphql\";\r\n\t}\r\n\tif (!response.path) {\r\n\t\toptions.path = \"/graphql\";\r\n\t}\t\r\n\tconsole.debug(\"Options: \", options);\t\r\n\tconsole.debug(\"****PAYLOAD: \", QUERY);\r\n\tconsole.debug(\"****CALLING performRequest****\");\r\n\ttw.system.performRequest(appServerResource, options, function(response, httpStatus) {\r\n\t\r\n\t\tconsole.debug(\"performRequest response: \", response);\r\n\t\tconsole.debug(\"performRequest httpStatus: \", httpStatus);\r\n\r\n\t\tif (httpStatus.statusCode != 200) {\r\n\t\t\ttw.local.error = {};\r\n\t\t\ttw.local.error.errorCode = httpStatus.statusCode;\r\n\t\t\ttw.local.error.errorText = response;\r\n\t\t\ttw.local.error.serviceInError = serviceName;\r\n\t\t} else {\r\n\t\t\tvar resultsJson = JSON.parse(response);\r\n\t\t\tif (resultsJson.errors) {\r\n\t\t\t\tvar error = resultsJson.errors[0];\r\n\t\t\t\ttw.local.error = {};\r\n\t\t\t\ttw.local.error.errorCode = error.extensions ? error.extensions.errorCode ?  error.extensions.errorCode : error.errorType : error.errorType;\r\n\t\t\t\ttw.local.error.errorText = error.extensions ? error.extensions.explanation ? error.extensions.explanation : error.message : error.message;\r\n\t\t\t\ttw.local.error.serviceInError = serviceName;\r\n\t\t\t} else {\r\n\t\t\t\tvar results = [];\r\n\t\t\t\tvar searchResults = resultsJson.data.repositoryObjectSearches;\r\n\t\t\t\tvar indObjects = searchResults.independentObjects;\r\n\t\t\r\n\t\t\t\tindObjects.forEach(function(indObject) {\r\n\t\t\t\t\tvar newItem = new Object();\r\n\t\t\r\n\t\t\t\t\tnewItem.name = indObject.name;\r\n\t\t\t\t\tnewItem.id = indObject.id;\r\n\t\t\t\t\tnewItem.baseType = searchFor;\r\n\t\t\t\t\tnewItem.className = indObject.className;\r\n\t\t\t\t\tnewItem.accessAllowed = indObject.accessAllowed;\r\n\t\t\t\t\tnewItem.properties = indObject.properties;\r\n\t\t\t\t\r\n\t\t\t\t\tif (searchFor == \"Document\") {\r\n\t\t\t\t\t\tnewItem.isFolder = false;\r\n\t\t\t\t\t\tnewItem.mimeType = indObject.mimeType;\r\n\t\t\t\t\t\tnewItem.isReserved = indObject.isReserved;\r\n\t\t\t\t\t\tnewItem.reservation = indObject.reservation;\r\n\t\t\t\t\t\tnewItem.contentElements = indObject.contentElements;\r\n\t\t\t\t\t\tnewItem.versionSeriesId = indObject.versionSeries.id;\r\n\t\t\t\t\t\tnewItem.cmThumbnails = indObject.cmThumbnails;\r\n\t\t\t\t\t} else if (searchFor == \"Folder\") {\r\n\t\t\t\t\t\tnewItem.isFolder = true;\r\n\t\t\t\t\t\tnewItem.pathName = indObject.pathName;\r\n\t\t\t\t\t\tnewItem.parent = indObject.parent;\r\n\t\t\t\t\t} else {\r\n\t\t\t\t\t\t// AbstractPersistable\r\n\t\t\t\t\t\tnewItem.isFolder = false;\r\n\t\t\t\t\t}\r\n\t\t\t\t\t\r\n\t\t\t\t\tresults.push(newItem);\r\n\t\t\t\t});\r\n\t\t\t\r\n\t\t\t\tvar resultSet = {};\r\n\t\t\t\tresultSet.items = results;\r\n\t\t\t\r\n\t\t\t\tif (searchResults.pageInfo != null) {\r\n\t\t\t\t\tresultSet.totalCount = searchResults.pageInfo.totalCount;\r\n\t\t\t\t\tresultSet.token = searchResults.pageInfo.token;\r\n\t\t\t\t}\t\r\n\t\t\t\r\n\t\t\t\ttw.local.results = {\r\n\t\t\t\t\tresults: resultSet\r\n\t\t\t\t};\r\n\t\t\t}\r\n\t\t}\r\n\t\t\r\n\t\t// Signal to engine that flow can continue past this Script‌\r\n\t\ttw.system.continueFlow();\r\n\t}, function (err) {\r\n\t\tconsole.error(\"performRequest failed: \", err);\r\n\r\n\t\ttw.local.error = JSON.stringify(err);\r\n\t\t\r\n\t\t// Signal to engine that flow can continue past this Script‌\r\n\t\ttw.system.continueFlow();\r\n\t});\r\n}, function(err) {\r\n\tconsole.error(\"Error returned from lookupDBARegistry:\", err);\r\n\ttw.local.error = {};\r\n\ttw.local.error.errorCode = err.msg;\r\n\ttw.local.error.errorText = err.msg;\r\n\ttw.local.error.serviceInError = serviceName;\r\n\ttw.system.continueFlow();\r\n});\r\n\t\t\r\nfunction updateDateValue(value) {\r\n\t// Remove the extra characters, hack so execute function doesn't modify the ISO date string\r\n\tvar dateValue;\r\n\tif (value != null && value != \"\") {\r\n\t\tdateValue = value.slice(2);\r\n\t  }\r\n\treturn dateValue;\r\n};\r\n\r\nconsole.debug(\"At the end of the script step pending response from Graphql\");\r\n"]}},{"targetRef":"6347ef35-4e3c-4896-b8ea-7b28b63fff45","extensionElements":{"sequenceFlowImplementation":[{"fireValidation":"Never","sboSyncEnabled":true,"declaredType":"com.ibm.bpmsdk.model.bpmn20.ibmext.TSequenceFlowImplementation"}],"linkVisualInfo":[{"sourcePortLocation":"rightCenter","showCoachControlLabel":false,"labelPosition":0.0,"targetPortLocation":"leftCenter","declaredType":"TLinkVisualInfo","saveExecutionContext":true,"showLabel":false}]},"name":"To End","declaredType":"sequenceFlow","id":"2027.92aad341-0c53-47f6-a514-eba04dbec010","sourceRef":"2025.589fff9d-38f9-4766-8b8f-e2f681fd9040"}],"isClosed":false,"declaredType":"com.ibm.bpmsdk.model.bpmn20.ibmext.TUserTaskImplementation","id":"b89402c5-a0bf-46c1-af8e-077e10ec6910","processType":"None"}]},"implementation":"##unspecified","documentation":[{"content":["Returns a list of items from the results of a query."],"textFormat":"text/plain"}],"name":"getSearchResults","declaredType":"globalUserTask","id":"1.7d95ce98-9162-4254-8b63-5f1b6d1f50b9","ioSpecification":{"dataOutput":[{"itemSubjectRef":"itm.12.c09c9b6e-aabd-4897-bef2-ed61db106297","documentation":[{"content":["<div>Set on success. Contains the following JSON:</div><div>{</div><div><span style=\"white-space:pre\">\t</span>items: The list of partial Content Items representing the search results. See the JavaScript API document for a description of Content Item.</div><div><span style=\"white-space:pre\">\t</span>totalCount: The total number of search results including those on other pages.</div><div><span style=\"white-space:pre\">\t</span>token: Paging token when there is more than one page of results.</div><div>}</div><div><br /></div>"],"textFormat":"text/plain"}],"name":"results","isCollection":false,"id":"2055.427d2aec-8645-42c5-9a4e-11b265791c6e"},{"itemSubjectRef":"itm.12.5551644c-3dc6-4161-a939-4e7f27f8ce45","documentation":[{"content":["Set on error. Contains information about why the call failed."],"textFormat":"text/plain"}],"name":"error","isCollection":false,"id":"2055.0bc53e60-6b63-46ff-ace5-4b79d375f526"}],"inputSet":[{}],"outputSet":[{}],"dataInput":[{"itemSubjectRef":"itm.12.1ee9a7d0-bd47-4cd4-bf3b-f8365826517f","name":"data","isCollection":false,"id":"2055.797d24df-ee29-4598-88fb-6a0565fbc9ff"}]}}],"targetNamespace":"","typeLanguage":"http://www.w3.org/2001/XMLSchema","expressionLanguage":"http://www.ibm.com/xmlns/prod/bpm/expression-lang/javascript","id":"1.7d95ce98-9162-4254-8b63-5f1b6d1f50b9"}},"status":"200"}