{"data":{"metadata":{"paId":"2066.bd3841e7-7c78-4b6b-aa2b-1f9cc91afc9a","paShortName":"SYSCST","snapshotId":"2064.e571369d-4b11-4625-a600-621030240482","snapshotName":"23.0.1.1.230731184525","name":"Content Services"},"defaults":{"entry":[{"type":"S","value":""},{"type":"B","value":false},{"type":"I","value":0},{"type":"D","value":0.0},{"type":"DT","value":null},{"type":"DT","value":null}]},"templates":{"variableTemplates":[{"modelId":"1.8bb851ab-d149-40f3-8143-98aae3366758","parentId":"1.8bb851ab-d149-40f3-8143-98aae3366758","variableTemplate":[{"id":"2055.2897f27c-9b0f-4db9-814f-f9a5a98d26a7","name":"data","boTemplateName":"CSU"},{"id":"2055.02b17b72-554a-473a-8900-3efdbf4abf86","name":"results","boTemplateName":"A"},{"id":"2055.b8524497-ffc6-4467-8e35-a393ee11bfc7","name":"error","boTemplateName":"Aja"}]}],"boTemplate":[{"id":"12.ce207e65-0568-4686-92c5-54c4335ca792","name":"CSU","property":[{"name":"csrfToken","type":"S","isList":false},{"name":"serverAppResource","type":"S","isList":false},{"name":"repository","type":"S","isList":false},{"name":"batchId","type":"S","isList":false},{"name":"batchClassId","type":"S","isList":false},{"name":"batchDocumentCount","type":"I","isList":false},{"name":"changeSets","type":"S","isList":true}]},{"id":"12.5551644c-3dc6-4161-a939-4e7f27f8ce45","name":"Aja","property":[{"name":"errorText","type":"S","isList":false},{"name":"errorCode","type":"S","isList":false},{"name":"serviceInError","type":"S","isList":false}]}]},"model":{"rootElement":[{"extensionElements":{"userTaskImplementation":[{"flowElement":[{"parallelMultiple":false,"outgoing":["2027.1b4cd986-28bf-4f5d-8ef5-1d1a2707069a"],"isInterrupting":true,"extensionElements":{"nodeVisualInfo":[{"color":"#F8F8F8","width":24,"x":50,"y":200,"declaredType":"TNodeVisualInfo","height":24}]},"name":"Start","declaredType":"startEvent","id":"3e15746d-a0e4-4ba2-883d-d54de4af44f8"},{"incoming":["2027.9d18b98e-8a7c-4ec8-8ba9-7df965ec6208"],"extensionElements":{"nodeVisualInfo":[{"color":"#F8F8F8","width":24,"x":700,"y":200,"declaredType":"TNodeVisualInfo","height":24}],"navigationInstructions":[{"targetType":"Default","declaredType":"com.ibm.bpmsdk.model.bpmn20.ibmext.TNavigationInstructions"}]},"name":"End","declaredType":"endEvent","id":"067515b5-9e16-46f9-851c-cdba9d207e8c"},{"targetRef":"2025.a2b56f7c-118f-427d-8e7f-96dafa5be26b","extensionElements":{"linkVisualInfo":[{"sourcePortLocation":"rightCenter","showCoachControlLabel":false,"labelPosition":0.0,"targetPortLocation":"leftCenter","declaredType":"TLinkVisualInfo","saveExecutionContext":false,"showLabel":false}]},"name":"Start to End","declaredType":"sequenceFlow","id":"2027.1b4cd986-28bf-4f5d-8ef5-1d1a2707069a","sourceRef":"3e15746d-a0e4-4ba2-883d-d54de4af44f8"},{"startQuantity":1,"outgoing":["2027.9d18b98e-8a7c-4ec8-8ba9-7df965ec6208"],"incoming":["2027.1b4cd986-28bf-4f5d-8ef5-1d1a2707069a"],"default":"2027.9d18b98e-8a7c-4ec8-8ba9-7df965ec6208","extensionElements":{"nodeVisualInfo":[{"width":95,"x":320,"y":177,"declaredType":"TNodeVisualInfo","height":70}]},"name":"Update Batch","isForCompensation":false,"completionQuantity":1,"declaredType":"scriptTask","id":"2025.a2b56f7c-118f-427d-8e7f-96dafa5be26b","scriptFormat":"text/x-javascript","script":{"content":["console.debug(\"****BEGIN Script Update Batch****\");\r\n\r\ntw.system.waitForContinueFlow();\r\n\r\nvar csrfToken = tw.local.data && tw.local.data.csrfToken;\r\nvar appServerResource = tw.local.data && tw.local.data.serverAppResource;\r\nvar repository = tw.local.data && tw.local.data.repository;\r\nvar batchClassId = tw.local.data && tw.local.data.batchClassId;\r\nvar batchId = tw.local.data && tw.local.data.batchId;\r\nvar batchDocumentCount = tw.local.data && tw.local.data.batchDocumentCount;\r\nvar changeSets = tw.local.data && tw.local.data.changeSets;\r\n\r\n\r\nvar QUERY = \"mutation {\\n\" +\r\n\t\"updateCmAbstractPersistable(\\n\" +\r\n\t\t\"repositoryIdentifier: \\\"\" + repository + \"\\\",\\n\" +\r\n\t\t\"identifier: \\\"\" + batchId + \"\\\",\\n\" +\r\n\t\t\"classIdentifier: \\\"\" + batchClassId + \"\\\",\\n\" +\r\n\t\t\"cmAbstractPersistableProperties: {\\n\" +\r\n\t\t\t\"properties: [\\n\" +\r\n\t\t\t\t\"{DbaBatchDocumentCount: \" + batchDocumentCount + \"}\\n\" +\r\n                  \"]\\n\" +\r\n\t\t\"}\\n\" +\r\n\t\")\\n\" +\r\n\t\"{\\n\" +\r\n\t\t\"id\\n\" +\r\n\t\"}\\n\";\r\n\r\n\tfor (var i = 0; i < changeSets.length; i++) {\r\n\t\tvar changeSet = changeSets[i];\r\n\t\t\r\n\t\tif (changeSet.action == \"create\") {\r\n\t\t\tvar addDocumentName = getUniqueName(\"createDocument\", changeSet.documentId);\r\n\t\t\tvar addControllerName = getUniqueName(\"createController\", changeSet.controllerId);\r\n\t\t\t\r\n\t\t\tQUERY += addControllerName + \":createCmAbstractPersistable(\\n\" +\r\n\t\t\t\t\"repositoryIdentifier: \\\"\" + repository + \"\\\",\\n\" +\r\n\t\t\t\t\"classIdentifier: \\\"\" + changeSet.controllerClassId + \"\\\",\\n\" +\r\n\t\t\t\t\"id: \\\"\" + changeSet.controllerId + \"\\\",\\n\" +\r\n\t\t\t\t\"cmAbstractPersistableProperties: {\\n\" +\r\n\t\t\t\t\t\"properties: [\\n\";\r\n\t\t\t\t\t\t\t\t\r\n\t\t\tfor (var j = 0; j < changeSet.controllerProperties.length; j++) {\r\n\t\t\t\tvar property = changeSet.controllerProperties[j];\r\n\t\t\t\tif (property.dataType == \"STRING\") {\r\n\t\t\t\t\tQUERY += \"{\" + property.symbolicName + \": \\\"\" + property.value + \"\\\"}\";\r\n\t\t\t\t} else {\r\n\t\t\t\t\tQUERY += \"{\" + property.symbolicName + \": \" + property.value + \"}\";\r\n\t\t\t\t}\r\n\t\t\t\tif (j < changeSet.controllerProperties.length - 1) {\r\n\t\t\t\t\tQUERY += \",\\n\";\r\n\t\t\t\t} else {\r\n\t\t\t\t\tQUERY += \"\\n\";\r\n\t\t\t\t}\r\n\t\t\t}\r\n\t\t\t\r\n\t\t\tQUERY += \t\"]\\n\" +\r\n\t\t\t\t\t\"objectProperties:[{\\n\" +\r\n\t\t\t\t\t\"identifier: \\\"DbaBatchController\\\"\\n\" +\r\n\t\t\t\t\t\t\"objectReferenceValue: {\\n\" +\r\n\t\t\t\t\t\t\t\"identifier: \\\"\" + batchId + \"\\\"\\n\" +\r\n\t\t\t\t\t\t\"}\\n\" +\r\n\t\t\t\t\t\"}]\\n\" +\r\n\t\t\t\t\"}\\n\" +\r\n\t\t\t\")\\n\" +\r\n\t\t\t\"{\\n\" +\r\n\t\t\t\t\"id\\n\" +\r\n\t\t\t\t\"creator\\n\" +\r\n\t\t\t\"}\\n\";\r\n\t\t\t\r\n\t\t\tQUERY += addDocumentName + \":createDocument(\\n\" +\r\n\t\t\t\t\"repositoryIdentifier: \\\"\" + repository + \"\\\",\\n\" +\r\n\t\t\t\t\"classIdentifier:\\\"\" + changeSet.documentClassId + \"\\\",\\n\" +\r\n\t\t\t\t\"id:\\\"\" + changeSet.documentId + \"\\\",\\n\" +\r\n\t\t\t\t\t\"documentProperties: {\\n\" +\r\n\t\t\t\t\t\"properties: [\\n\";\r\n\t\t\t\t\t\r\n\t\t\t\t\t\t\t\t\r\n\t\t\tfor (var j = 0; j < changeSet.documentProperties.length; j++) {\r\n\t\t\t\tvar property = changeSet.documentProperties[j];\r\n\t\t\t\tif (property.dataType == \"STRING\") {\r\n\t\t\t\t\tQUERY += \"{\" + property.symbolicName + \": \\\"\" + property.value + \"\\\"}\";\r\n\t\t\t\t} else {\r\n\t\t\t\t\tQUERY += \"{\" + property.symbolicName + \": \" + property.value + \"}\";\r\n\t\t\t\t}\r\n\t\t\t\tif (j < changeSet.documentProperties.length - 1) {\r\n\t\t\t\t\tQUERY += \",\\n\";\r\n\t\t\t\t} else {\r\n\t\t\t\t\tQUERY += \"\\n\";\r\n\t\t\t\t}\r\n\t\t\t}\r\n\t\t\t\t\t\r\n\t\t\tQUERY += \t\"]\\n\" +\r\n\t\t\t\t\t\"objectProperties: [{\\n\" +\r\n\t\t\t\t\t\t\"identifier: \\\"DbaClassificationController\\\"\\n\" +\r\n\t\t\t\t\t\t\"objectReferenceValue: {\\n\" +\r\n\t\t\t\t\t\t\t\"identifier: \\\"\" + changeSet.controllerId + \"\\\"\\n\" +\r\n\t\t\t\t\t\t\"}\\n\" +\r\n\t\t\t\t\t\"}]\\n\" +\r\n\t\t\t\t\"}\\n\" +\r\n\t\t\t\")\\n\" +\r\n\t\t\t\"{\\n\" +\r\n\t\t\t\t\"id\\n\" +\r\n\t\t\t\t\"creator\\n\" +\r\n\t\t\t\"}\\n\";\r\n\t    } else if (changeSet.action == \"checkout\") {\r\n\t\t\tif (changeSet.documentId) {\r\n\t\t\t\tvar addControllerName = getUniqueName(\"createController\", changeSet.controllerId);\r\n\t\t\t\r\n\t\t\t\tQUERY += addControllerName + \":createCmAbstractPersistable(\\n\" +\r\n\t\t\t\t\t\"repositoryIdentifier: \\\"\" + repository + \"\\\",\\n\" +\r\n\t\t\t\t\t\"classIdentifier: \\\"\" + changeSet.controllerClassId + \"\\\",\\n\" +\r\n\t\t\t\t\t\"id: \\\"\" + changeSet.controllerId + \"\\\",\\n\" +\r\n\t\t\t\t\t\"cmAbstractPersistableProperties: {\\n\" +\r\n\t\t\t\t\t\t\"properties: [\\n\";\r\n\t\t\t\t\t\t\t\t\t\r\n\t\t\t\tfor (var j = 0; j < changeSet.controllerProperties.length; j++) {\r\n\t\t\t\t\tvar property = changeSet.controllerProperties[j];\r\n\t\t\t\t\tif (property.dataType == \"STRING\") {\r\n\t\t\t\t\t\tQUERY += \"{\" + property.symbolicName + \": \\\"\" + property.value + \"\\\"}\";\r\n\t\t\t\t\t} else {\r\n\t\t\t\t\t\tQUERY += \"{\" + property.symbolicName + \": \" + property.value + \"}\";\r\n\t\t\t\t\t}\r\n\t\t\t\t\tif (j < changeSet.controllerProperties.length - 1) {\r\n\t\t\t\t\t\tQUERY += \",\\n\";\r\n\t\t\t\t\t} else {\r\n\t\t\t\t\t\tQUERY += \"\\n\";\r\n\t\t\t\t\t}\r\n\t\t\t\t}\r\n\t\t\t\t\r\n\t\t\t\tQUERY += \t\"]\\n\" +\r\n\t\t\t\t\t\t\"objectProperties:[{\\n\" +\r\n\t\t\t\t\t\t\"identifier: \\\"DbaBatchController\\\"\\n\" +\r\n\t\t\t\t\t\t\t\"objectReferenceValue: {\\n\" +\r\n\t\t\t\t\t\t\t\t\"identifier: \\\"\" + batchId + \"\\\"\\n\" +\r\n\t\t\t\t\t\t\t\"}\\n\" +\r\n\t\t\t\t\t\t\"}]\\n\" +\r\n\t\t\t\t\t\"}\\n\" +\r\n\t\t\t\t\")\\n\" +\r\n\t\t\t\t\"{\\n\" +\r\n\t\t\t\t\t\"id\\n\" +\r\n\t\t\t\t\t\"creator\\n\" +\r\n\t\t\t\t\"}\\n\";\r\n\r\n\t\t\t\tvar checkoutDocumentName = getUniqueName(\"checkoutDocument\", changeSet.documentId);\r\n\r\n\t\t\t\tQUERY += checkoutDocumentName + \":checkoutDocument(\" + \"\\n\" +\r\n\t\t\t\t\t\"repositoryIdentifier: \\\"\" + repository + \"\\\",\" + \"\\n\" +\r\n\t\t\t    \t\t\"identifier: \\\"\" + changeSet.documentId + \"\\\",\" + \"\\n\" +\r\n\t\t\t    \t\t\"checkoutAction: {\" + \"\\n\" + \r\n\t\t\t    \t\t\t\"reservationId: \\\"\" + changeSet.reservationId + \"\\\",\" + \"\\n\" +\r\n\t\t\t      \t\t\"reservationType: EXCLUSIVE\" + \"\\n\" + \r\n\t\t\t\t\t      \"reservationObjectProperties:[{\\n\" +\r\n\t\t\t\t\t           \"identifier: \\\"DbaClassificationController\\\"\\n\" +\r\n\t\t\t\t\t           \"objectReferenceValue: {\\n\" +\r\n\t\t\t\t\t           \t\t\"identifier:\\\"\" + changeSet.controllerId + \"\\\"\\n\" +\r\n\t\t\t\t\t           \"}\\n\" +\r\n\t\t\t\t\t       \"}]\\n\" +\r\n\t\t\t     \t\t\"}\" + \"\\n\" + \r\n\t\t\t    \t\")\" + \"\\n\" + \r\n\t\t\t\t\"{\" + \"\\n\" +\r\n\t\t\t\t\t\"id\" + \"\\n\" +\r\n\t\t\t\t\t\"reservation {\" + \"\\n\" +\r\n\t\t\t\t\t\t\"name\" + \"\\n\" +\r\n\t\t\t\t\t\t\"id\" + \"\\n\" +\r\n\t\t\t\t\t\"}\" + \"\\n\" +\r\n\t\t\t\t\"}\\n\";\r\n\t\t\t}\r\n\t\t}\r\n\t}\r\n\r\nQUERY += \"}\";\r\n\r\nconsole.debug(\"Calling lookupDBARegistry\");\r\ntw.system.lookupDBARegistry(appServerResource, function(response) {\r\n\r\n\tvar options = {\r\n\t\tmethod: \"POST\",\r\n\t\tpayload: {\r\n\t\t\tquery: QUERY,\r\n\t\t\tvariables: null,\r\n\t\t\toperationName: null\r\n\t\t},\r\n\t\theaders: {\r\n\t\t\t\"ECM-CS-XSRF-Token\": csrfToken,\r\n\t\t\tCookie: \"ECM-CS-XSRF-Token=\" + csrfToken,\r\n\t\t\t\"Accept-Language\": tw.system.user.locale\r\n\t\t}\r\n\t};\r\n\t\r\n\t// Add the context root and path if they are missing for backward compatibility\r\n\tif (!response.ctxRoot){\r\n\t\toptions.ctxRoot = \"/content-services-graphql\";\r\n\t}\r\n\tif (!response.path){\r\n\t\toptions.path = \"/graphql\";\r\n\t}\t\r\n\tconsole.debug(\"Options: \", options);\t\r\n\tconsole.debug(\"****PAYLOAD: \", QUERY);\r\n\tconsole.debug(\"****CALLING performRequest****\");\r\n\t\r\n\ttw.system.performRequest(appServerResource, options, function(response, httpStatus) {\r\n\t\r\n\t\tconsole.debug(\"performRequest completed: \", response);\r\n\t\t\r\n\t\tvar resultsJson = JSON.parse(response);\r\n\t\tvar data = resultsJson.data;\r\n\t\t\r\n\t\tif (data) {\r\n\t\t\ttw.local.results = {\r\n\t\t\t\tdata: data,\r\n\t\t\t\tbatchId: batchId\r\n\t\t\t};\r\n\t\t} else {\r\n\t\t\tvar errors = resultsJson.errors;\r\n\t\t\ttw.local.error = errors;\r\n\t\t}\r\n\t\t// Signal to engine that flow can continue past this Script‌\r\n\t\ttw.system.continueFlow();\r\n\t\t\r\n\t}, function (err) {\r\n\t\tconsole.error(\"performRequest failed: \", err);\r\n\r\n\t\ttw.local.error = err;\r\n\t\t\r\n\t\t// Signal to engine that flow can continue past this Script‌\r\n\t\ttw.system.continueFlow();\r\n\t});\r\n}, function(err) {\r\n\tconsole.error(\"Error returned from lookupDBARegistry:\", err);\r\n\ttw.local.error = {};\r\n\ttw.local.error.errorCode = err.msg;\r\n\ttw.local.error.errorText = err.msg;\r\n\ttw.local.error.serviceInError = serviceName;\r\n\ttw.system.continueFlow();\r\n});\r\n\r\nfunction getUniqueName(prefix, id) {\r\n\tvar uniqueName = prefix +  id.replace(/[{}]/g, \"\").replace(/-/g, \"_\");\r\n\treturn uniqueName;\r\n};\r\n\t\r\nconsole.debug(\"At the end of the script step pending response from Graphql\");\r\n"]}},{"targetRef":"067515b5-9e16-46f9-851c-cdba9d207e8c","extensionElements":{"sequenceFlowImplementation":[{"fireValidation":"Never","sboSyncEnabled":true,"declaredType":"com.ibm.bpmsdk.model.bpmn20.ibmext.TSequenceFlowImplementation"}],"linkVisualInfo":[{"sourcePortLocation":"rightCenter","showCoachControlLabel":false,"labelPosition":0.0,"targetPortLocation":"leftCenter","declaredType":"TLinkVisualInfo","saveExecutionContext":true,"showLabel":false}]},"name":"To End","declaredType":"sequenceFlow","id":"2027.9d18b98e-8a7c-4ec8-8ba9-7df965ec6208","sourceRef":"2025.a2b56f7c-118f-427d-8e7f-96dafa5be26b"}],"isClosed":false,"declaredType":"com.ibm.bpmsdk.model.bpmn20.ibmext.TUserTaskImplementation","id":"de117d28-ba0c-46ac-875e-fa464ffd1d65","processType":"None"}]},"implementation":"##unspecified","documentation":[{"content":["Updates the Batch structure and properties based on the information in the change set."],"textFormat":"text/plain"}],"name":"updateBatch","declaredType":"globalUserTask","id":"1.8bb851ab-d149-40f3-8143-98aae3366758","ioSpecification":{"dataOutput":[{"itemSubjectRef":"itm.12.c09c9b6e-aabd-4897-bef2-ed61db106297","documentation":[{"content":["Set on success. Contains a JSON object containing information about the batch."],"textFormat":"text/plain"}],"name":"results","isCollection":false,"id":"2055.02b17b72-554a-473a-8900-3efdbf4abf86"},{"itemSubjectRef":"itm.12.5551644c-3dc6-4161-a939-4e7f27f8ce45","documentation":[{"content":["Set on error. Contains information about why the call failed."],"textFormat":"text/plain"}],"name":"error","isCollection":false,"id":"2055.b8524497-ffc6-4467-8e35-a393ee11bfc7"}],"inputSet":[{}],"outputSet":[{}],"dataInput":[{"itemSubjectRef":"itm.12.ce207e65-0568-4686-92c5-54c4335ca792","name":"data","isCollection":false,"id":"2055.2897f27c-9b0f-4db9-814f-f9a5a98d26a7"}]}}],"targetNamespace":"","typeLanguage":"http://www.w3.org/2001/XMLSchema","expressionLanguage":"http://www.ibm.com/xmlns/prod/bpm/expression-lang/javascript","id":"1.8bb851ab-d149-40f3-8143-98aae3366758"}},"status":"200"}