{"data":{"metadata":{"paId":"2066.bd3841e7-7c78-4b6b-aa2b-1f9cc91afc9a","paShortName":"SYSCST","snapshotId":"2064.e571369d-4b11-4625-a600-621030240482","snapshotName":"23.0.1.1.230731184525","name":"Content Services"},"defaults":{"entry":[{"type":"S","value":""},{"type":"B","value":false},{"type":"I","value":0},{"type":"D","value":0.0},{"type":"DT","value":null},{"type":"DT","value":null}]},"templates":{"variableTemplates":[{"modelId":"1.c4c04bf3-d4fd-42fa-9360-3976c974d757","parentId":"1.c4c04bf3-d4fd-42fa-9360-3976c974d757","variableTemplate":[{"id":"2055.fe6efa62-eca6-4a3e-80ff-bbe40512b012","name":"data","boTemplateName":"CSC"},{"id":"2055.c47d14b4-a3d4-4f60-83d7-abc887b6d94f","name":"results","boTemplateName":"A"},{"id":"2055.b8ad1e65-7372-4354-894f-3ae5f1f1f677","name":"error","boTemplateName":"Aja"}]}],"boTemplate":[{"id":"12.4a6d8270-cb42-4983-97ca-41706411e4ec","name":"CSC","property":[{"name":"serverInfo","type":"S","isList":false},{"name":"appResourceInfo","type":"A","isList":false},{"name":"csrfToken","type":"S","isList":false},{"name":"query","type":"S","isList":false}]},{"id":"12.5551644c-3dc6-4161-a939-4e7f27f8ce45","name":"Aja","property":[{"name":"errorText","type":"S","isList":false},{"name":"errorCode","type":"S","isList":false},{"name":"serviceInError","type":"S","isList":false}]}]},"model":{"rootElement":[{"extensionElements":{"userTaskImplementation":[{"flowElement":[{"parallelMultiple":false,"outgoing":["2027.52ebd135-f40c-4522-834b-a72bc9b76a1d"],"isInterrupting":true,"extensionElements":{"nodeVisualInfo":[{"color":"#F8F8F8","width":24,"x":50,"y":200,"declaredType":"TNodeVisualInfo","height":24}]},"name":"Start","declaredType":"startEvent","id":"a0ed5f79-8568-4cf2-8474-ac830f2bfbdc"},{"incoming":["2027.e93e9465-a0ae-4b87-8ea7-306e95aa3a97"],"extensionElements":{"nodeVisualInfo":[{"color":"#F8F8F8","width":24,"x":700,"y":200,"declaredType":"TNodeVisualInfo","height":24}],"navigationInstructions":[{"targetType":"Default","declaredType":"com.ibm.bpmsdk.model.bpmn20.ibmext.TNavigationInstructions"}]},"name":"End","declaredType":"endEvent","id":"b93ee7a4-dcd2-42d5-8f9a-ff3437ac6029"},{"targetRef":"2025.c92925e0-3bb5-4a82-81eb-4d468a5811c0","extensionElements":{"linkVisualInfo":[{"sourcePortLocation":"rightCenter","showCoachControlLabel":false,"labelPosition":0.0,"targetPortLocation":"leftCenter","declaredType":"TLinkVisualInfo","saveExecutionContext":false,"showLabel":false}]},"name":"To Get Annotation Service","declaredType":"sequenceFlow","id":"2027.52ebd135-f40c-4522-834b-a72bc9b76a1d","sourceRef":"a0ed5f79-8568-4cf2-8474-ac830f2bfbdc"},{"startQuantity":1,"outgoing":["2027.e93e9465-a0ae-4b87-8ea7-306e95aa3a97"],"incoming":["2027.52ebd135-f40c-4522-834b-a72bc9b76a1d"],"default":"2027.e93e9465-a0ae-4b87-8ea7-306e95aa3a97","extensionElements":{"nodeVisualInfo":[{"color":"#95D087","width":95,"x":306,"y":177,"declaredType":"TNodeVisualInfo","height":70}]},"name":"Get Annotation Service","isForCompensation":false,"completionQuantity":1,"declaredType":"scriptTask","id":"2025.c92925e0-3bb5-4a82-81eb-4d468a5811c0","scriptFormat":"text/x-javascript","script":{"content":["console.debug(\"****BEGIN Script Get Annotation Service ****\");\r\n\r\ntw.system.waitForContinueFlow();\r\n\r\nvar serviceName = \"getAnnotationService\";\r\n\r\nvar csrfToken = tw.local.data && tw.local.data.csrfToken;\r\nvar appServerResource = tw.local.data && tw.local.data.serverInfo;\r\nvar appResourceInfo = tw.local.data && tw.local.data.appResourceInfo;\r\nvar query = tw.local.data && tw.local.data.query;\r\n\r\nvar options = {\r\n\tmethod: \"POST\",\r\n\tctxRoot: appResourceInfo.ctxRoot,\r\n\tpath: appResourceInfo.path,\r\n\tpayload: {\r\n\t\tquery: query,\r\n\t\tvariables: null,\r\n\t\toperationName: null\r\n\t},\r\n\theaders: {\r\n\t\t\"ECM-CS-XSRF-Token\": csrfToken,\r\n\t\tCookie: \"ECM-CS-XSRF-Token=\" + csrfToken,\r\n\t\t\"Accept-Language\": tw.system.user.locale\r\n\t}\r\n};\r\n\r\nconsole.debug(\"Options: \", options);\t\r\nconsole.debug(\"****PAYLOAD: \", query);\r\nconsole.debug(\"****CALLING performRequest****\");\r\n\r\ntw.system.performRequest(appServerResource, options, function(response, httpStatus) {\r\n\r\n\tconsole.debug(\"performRequest completed: \", response);\r\n\tconsole.debug(\"performRequest httpStatus: \", httpStatus);\r\n\t\r\n\tif (httpStatus.statusCode != 200) {\r\n\t\ttw.local.error = {};\r\n\t\ttw.local.error.errorCode = httpStatus.statusCode;\r\n\t\ttw.local.error.errorText = response;\r\n\t\ttw.local.error.serviceInError = serviceName;\r\n\t} else {\r\n\t\tvar resultsJson = JSON.parse(response);\r\n\t\tif (resultsJson.errors){\r\n\t\t\tvar error = resultsJson.errors[0];\r\n\t\t\ttw.local.error = {};\r\n\t\t\ttw.local.error.errorCode = error.extensions ? error.extensions.errorCode ?  error.extensions.errorCode : error.errorType : error.errorType;\r\n\t\t\ttw.local.error.errorText = error.extensions ? error.extensions.explanation ? error.extensions.explanation : error.message : error.message;\r\n\t\t\ttw.local.error.serviceInError = serviceName;\r\n\t\t} else {\r\n\t\t\ttw.local.results = resultsJson;\r\n\t\t}\r\n\t}\r\n\r\n\t// Signal to engine that flow can continue past this Script?\r\n\ttw.system.continueFlow();\r\n}, function (err) {\r\n\tconsole.error(\"performRequest failed: \", err);\r\n\t\r\n\ttw.local.error = {};\r\n\ttw.local.error.errorCode = err.code ? err.code : err.errno ? err.errno : err.name;\r\n\ttw.local.error.errorText = err.message;\r\n\ttw.local.error.serviceInError = serviceName;\r\n\t\r\n\t// Signal to engine that flow can continue past this Script?\r\n\ttw.system.continueFlow();\r\n});\r\n\t\r\n\r\nconsole.debug(\"At the end of the script\");\r\n"]}},{"targetRef":"b93ee7a4-dcd2-42d5-8f9a-ff3437ac6029","extensionElements":{"sequenceFlowImplementation":[{"fireValidation":"Never","sboSyncEnabled":true,"declaredType":"com.ibm.bpmsdk.model.bpmn20.ibmext.TSequenceFlowImplementation"}],"linkVisualInfo":[{"sourcePortLocation":"rightCenter","showCoachControlLabel":false,"labelPosition":0.0,"targetPortLocation":"leftCenter","declaredType":"TLinkVisualInfo","saveExecutionContext":true,"showLabel":false}]},"name":"Start to End","declaredType":"sequenceFlow","id":"2027.e93e9465-a0ae-4b87-8ea7-306e95aa3a97","sourceRef":"2025.c92925e0-3bb5-4a82-81eb-4d468a5811c0"}],"isClosed":false,"declaredType":"com.ibm.bpmsdk.model.bpmn20.ibmext.TUserTaskImplementation","id":"a74d20e0-a9e4-4bdb-80e1-129c5ce1476b","processType":"None"}]},"implementation":"##unspecified","documentation":[{"textFormat":"text/plain"}],"name":"getAnnotationService","declaredType":"globalUserTask","id":"1.c4c04bf3-d4fd-42fa-9360-3976c974d757","ioSpecification":{"dataOutput":[{"itemSubjectRef":"itm.12.c09c9b6e-aabd-4897-bef2-ed61db106297","name":"results","isCollection":false,"id":"2055.c47d14b4-a3d4-4f60-83d7-abc887b6d94f"},{"itemSubjectRef":"itm.12.5551644c-3dc6-4161-a939-4e7f27f8ce45","name":"error","isCollection":false,"id":"2055.b8ad1e65-7372-4354-894f-3ae5f1f1f677"}],"inputSet":[{}],"outputSet":[{}],"dataInput":[{"itemSubjectRef":"itm.12.4a6d8270-cb42-4983-97ca-41706411e4ec","name":"data","isCollection":false,"id":"2055.fe6efa62-eca6-4a3e-80ff-bbe40512b012"}]}}],"targetNamespace":"","typeLanguage":"http://www.w3.org/2001/XMLSchema","expressionLanguage":"http://www.ibm.com/xmlns/prod/bpm/expression-lang/javascript","id":"1.c4c04bf3-d4fd-42fa-9360-3976c974d757"}},"status":"200"}