{"data":{"metadata":{"paId":"2066.bd3841e7-7c78-4b6b-aa2b-1f9cc91afc9a","paShortName":"SYSCST","snapshotId":"2064.e571369d-4b11-4625-a600-621030240482","snapshotName":"23.0.1.1.230731184525","name":"Content Services"},"defaults":{"entry":[{"type":"S","value":""},{"type":"B","value":false},{"type":"I","value":0},{"type":"D","value":0.0},{"type":"DT","value":null},{"type":"DT","value":null}]},"templates":{"variableTemplates":[{"modelId":"1.cde85009-e849-4a8a-95c9-55f1718e11e9","parentId":"1.cde85009-e849-4a8a-95c9-55f1718e11e9","variableTemplate":[{"id":"2055.94b8cd2c-dd91-43c4-9998-e6c57c77e732","name":"data","boTemplateName":"CSG"},{"id":"2055.69323373-2177-44e8-b7f9-dfc5f35a6cb4","name":"results","boTemplateName":"A"},{"id":"2055.2e29f819-42c1-4723-8882-c699bb0a3d78","name":"error","boTemplateName":"Aja"}]}],"boTemplate":[{"id":"12.729d7b7a-407f-4bbc-9218-d019b273326e","name":"CSG","property":[{"name":"pageSize","type":"I","isList":false},{"name":"countLimit","type":"I","isList":false},{"name":"folderId","type":"S","isList":false},{"name":"folderOrderBy","type":"S","isList":false},{"name":"documentOrderBy","type":"S","isList":false},{"name":"order","type":"S","isList":false},{"name":"properties","type":"S","isList":true},{"name":"ovpProperties","type":"S","isList":true},{"name":"repository","type":"S","isList":false},{"name":"serverAppResource","type":"S","isList":false},{"name":"csrfToken","type":"S","isList":false}]},{"id":"12.5551644c-3dc6-4161-a939-4e7f27f8ce45","name":"Aja","property":[{"name":"errorText","type":"S","isList":false},{"name":"errorCode","type":"S","isList":false},{"name":"serviceInError","type":"S","isList":false}]}]},"model":{"rootElement":[{"extensionElements":{"userTaskImplementation":[{"flowElement":[{"parallelMultiple":false,"outgoing":["2027.8f9e4115-3c21-4f46-8a23-aa4f04855a33"],"isInterrupting":true,"extensionElements":{"nodeVisualInfo":[{"color":"#F8F8F8","width":24,"x":50,"y":200,"declaredType":"TNodeVisualInfo","height":24}]},"name":"Start","declaredType":"startEvent","id":"966493f8-7ad4-411a-a916-c40c68cf6f08"},{"incoming":["2027.e419635b-9359-4104-aee8-af927dcafc66"],"extensionElements":{"nodeVisualInfo":[{"color":"#F8F8F8","width":24,"x":700,"y":200,"declaredType":"TNodeVisualInfo","height":24}],"navigationInstructions":[{"targetType":"Default","declaredType":"com.ibm.bpmsdk.model.bpmn20.ibmext.TNavigationInstructions"}]},"name":"End","declaredType":"endEvent","id":"c438b29d-1bfb-4d73-8f00-4748d8922ef7"},{"targetRef":"2025.10535dfd-c8a1-4e9f-8b35-3723f5334095","extensionElements":{"linkVisualInfo":[{"sourcePortLocation":"rightCenter","showCoachControlLabel":false,"labelPosition":0.0,"targetPortLocation":"leftCenter","declaredType":"TLinkVisualInfo","saveExecutionContext":false,"showLabel":false}]},"name":"Start to End","declaredType":"sequenceFlow","id":"2027.8f9e4115-3c21-4f46-8a23-aa4f04855a33","sourceRef":"966493f8-7ad4-411a-a916-c40c68cf6f08"},{"startQuantity":1,"outgoing":["2027.e419635b-9359-4104-aee8-af927dcafc66"],"incoming":["2027.8f9e4115-3c21-4f46-8a23-aa4f04855a33"],"default":"2027.e419635b-9359-4104-aee8-af927dcafc66","extensionElements":{"nodeVisualInfo":[{"color":"#FAF9C4","width":95,"x":316,"y":177,"declaredType":"TNodeVisualInfo","height":70}]},"name":"Get Folder Containees","isForCompensation":false,"completionQuantity":1,"declaredType":"scriptTask","id":"2025.10535dfd-c8a1-4e9f-8b35-3723f5334095","scriptFormat":"text/x-javascript","script":{"content":["console.debug(\"****BEGIN Script Get Folder Containees****\");\r\n\r\n//tw.system.disableAutoContinue = true;‌\r\ntw.system.waitForContinueFlow();\r\n\r\nvar serviceName =\"getFolderContainees\";\r\n\r\nvar csrfToken = tw.local.data && tw.local.data.csrfToken;\r\nvar appServerResource = tw.local.data && tw.local.data.serverAppResource;\r\nvar repository = tw.local.data && tw.local.data.repository;\r\nvar folderId = tw.local.data && tw.local.data.folderId; \r\n\r\nvar folderOrderBy = tw.local.data && tw.local.data.folderOrderBy;\r\nif (folderOrderBy == null) {\r\n    folderOrderBy = \"FolderName\";\r\n}\r\n\r\nvar documentOrderBy = tw.local.data && tw.local.data.documentOrderBy;\r\nif (documentOrderBy == null) {\r\n    documentOrderBy = \"DocumentTitle\";\r\n}\r\n\r\nvar order = tw.local.data && tw.local.data.order;\r\nif (order == null) {\r\n    order = \"\";\r\n}\r\n\r\nvar countLimit = tw.local.data && tw.local.data.countLimit;\r\nif (countLimit == null) {\r\n    countLimit = \"2000\";\r\n}\r\n\r\nvar pageSize = tw.local.data && tw.local.data.pageSize;\r\nvar properties = tw.local.data && tw.local.data.properties;\r\nvar ovpProperties = tw.local.data && tw.local.data.ovpProperties;\r\n\r\nvar annotationsRequested = false;\r\nvar annotationsIndex = properties.findIndex(function(propertyName) {\r\n\treturn propertyName.toLowerCase() === \"annotations\";\r\n});\r\nif (annotationsIndex >= 0) {\r\n\tannotationsRequested = true;\r\n\tproperties.splice(annotationsIndex, 1);\r\n}\r\n\r\nvar QUERY = \"{\" + \"\\n\" +\r\n\t\"repositoryObjectSearches(\" + \"\\n\" +\r\n\t\t\"repositoryIdentifier: \\\"\" + repository + \"\\\",\" + \"\\n\" +\r\n\t\t\"searches:[\" + \"\\n\" +\r\n\t\t\t\"{\" + \"\\n\" +\r\n\t\t\t\t\"from: \\\"Folder\\\"\" + \"\\n\" +\r\n\t\t\t\t\"where: \\\"Parent = Object('\" + folderId + \"')\\\"\" + \"\\n\" +\r\n\t\t\t\t\"orderBy: \\\"\" + folderOrderBy + \" \" + order + \"\\\"\" + \"\\n\" +\r\n\t\t\t\t\"options: \\\"COUNT_LIMIT \" + countLimit + \"\\\"\" + \"\\n\" +\r\n\t\t\t\"}\" + \"\\n\" +\r\n\t\t\t\"{\" + \"\\n\" +\r\n\t\t\t\t\"from: \\\"Document\\\"\" + \"\\n\" +\r\n\t\t\t\t\"where: \\\"This INFOLDER '\" + folderId + \"'\\\"\" + \"\\n\" +\r\n\t\t\t\t\"orderBy: \\\"\" + documentOrderBy + \" \" + order + \"\\\"\" + \"\\n\" +\r\n\t\t\t\t\"options: \\\"COUNT_LIMIT \" + countLimit + \"\\\"\" + \"\\n\" +\r\n\t\t\t\"}\" + \"\\n\" +\r\n\t\t\"],\" + \"\\n\" +\r\n\t\t\"pageSize: \" + pageSize + \"\\n\" +\r\n\t\")\" + \"\\n\" +\r\n\t\"{\" + \"\\n\" +\r\n\t\t\"independentObjects {\" + \"\\n\" +\r\n\t\t\t\"className\" + \"\\n\" +\r\n\t\t\t\"... on Folder {\" + \"\\n\" +\r\n\t\t\t\t\"creator\" + \"\\n\" +\r\n\t\t\t\t\"dateCreated\" + \"\\n\" +\r\n\t\t\t\t\"id\" + \"\\n\" +\r\n\t\t\t\t\"name\" + \"\\n\" +\r\n\t\t\t\t\"pathName\" + \"\\n\" +\r\n\t\t\t\t\"parent {\" + \"\\n\" +\r\n     \t\t  \t\t\t\"id\" + \"\\n\" +\r\n\t\t\t\t\t\"name\" + \"\\n\" +\r\n\t\t\t\t\t\"className\" + \"\\n\" +\r\n\t\t\t\t\t\"accessAllowed\" + \"\\n\" +\r\n\t\t\t\t\"}\" + \"\\n\" +\r\n\t\t\t\t\"accessAllowed\" + \"\\n\" +\r\n\t\t\t\"}\" + \"\\n\" +\r\n\t\t\t\"... on Document {\" + \"\\n\" +\r\n\t\t\t\t\"creator\" + \"\\n\" +\r\n\t\t\t\t\"dateCreated\" + \"\\n\" +\r\n\t\t\t\t\"id\" + \"\\n\" +\r\n\t\t\t\t\"name\" + \"\\n\" +\r\n\t\t\t\t\"mimeType\" + \"\\n\" +\r\n\t\t\t\t\"isReserved\" + \"\\n\" +\r\n\t\t\t\t\"reservation {\" + \"\\n\" +\r\n\t\t\t\t\t\"id\" + \"\\n\" +\r\n\t\t\t\t\t\"creator\" + \"\\n\" +\r\n\t\t\t\t\"}\" + \"\\n\" +\r\n\t\t\t\t\"accessAllowed\" + \"\\n\" +\r\n\t\t\t\t\"contentElements {\" + \"\\n\" +\r\n\t\t        \t\t\"elementSequenceNumber\" + \"\\n\" +\r\n\t\t      \t\t\t\"... on ContentTransfer {\" + \"\\n\" +\r\n\t\t        \t\t\t\"retrievalName\" + \"\\n\" +\r\n\t\t        \t\t\t\"downloadUrl\" + \"\\n\" +\r\n\t\t      \t\t\"}\" + \"\\n\" +\r\n\t\t        \t\"}\" + \"\\n\" +\r\n\t\t\t      \"foldersFiledIn {\" + \"\\n\" +\r\n\t\t\t      \t\"folders {\" + \"\\n\" +\r\n\t\t\t          \t\t\"id\" + \"\\n\" +\r\n\t\t\t            \t\"accessAllowed\" + \"\\n\" +\r\n\t\t\t            \t\"name\" + \"\\n\" +\r\n\t\t\t            \t\"className\" + \"\\n\" +\r\n\t\t\t            \t\"pathName\" + \"\\n\" +\r\n\t\t\t      \t\"}\" + \"\\n\" +\r\n\t\t\t\t\"}\" + \"\\n\" +\r\n\t\t\t\t\"versionSeries {\" + \"\\n\" +\r\n\t\t\t\t\t\"id\" + \"\\n\" +\r\n\t\t\t\t\"}\" + \"\\n\" +  \r\n\t\t\t\t\"cmThumbnails {\" + \"\\n\" +  \r\n\t\t\t         \"cmThumbnails {\" + \"\\n\" +  \r\n\t\t\t             \"id\" + \"\\n\" +  \r\n\t\t\t         \"}\" + \"\\n\" +  \r\n\t\t\t      \"}\" + \"\\n\";\r\n\t\t\t\t  \r\n\t\t\t\t// If annotations requested, add them here.\r\n\t\t\t\tif (annotationsRequested) {\r\n\t\t\t\t\tQUERY += \"annotations {\" + \"\\n\" +\r\n\t\t\t\t\t\t\"annotations {\" + \"\\n\" +\r\n\t\t\t\t\t\t\t\"className\" + \"\\n\" +\r\n\t\t\t\t\t\t\t\"dateCreated\" + \"\\n\" +\r\n\t\t\t\t\t\t\t\"contentElements {\" + \"\\n\" +\r\n\t\t\t\t\t        \t\t\"elementSequenceNumber\" + \"\\n\" +\r\n\t\t\t\t\t      \t\t\t\"... on ContentTransfer {\" + \"\\n\" +\r\n\t\t\t\t\t        \t\t\t\t\"retrievalName\" + \"\\n\" +\r\n\t\t\t\t\t        \t\t\t\t\"downloadUrl\" + \"\\n\" +\r\n\t\t\t\t\t      \t\t\"}  \" + \"\\n\" +\r\n\t\t\t\t\t        \t\"}\" + \"\\n\" +\r\n\t\t\t\t\t\t\"}\" + \"\\n\" +\r\n\t\t\t\t\t\"}\" + \"\\n\";\r\n\t\t\t\t}\r\n\t\t\t\t\r\n\t\t\tQUERY += \"}\" + \"\\n\" +\r\n\t\t\t\"properties(includes: \";\r\n\t\r\n\t\t\tvar PROPS = \"[\";\r\n\t\t\tproperties.forEach(function(property) {\r\n\t\t\t\tPROPS += \"\\\"\" + property + \"\\\" \";\r\n\t\t\t});\r\n\t\t\tQUERY += PROPS += \"]\";\r\n\r\n\t\t\tQUERY += \") {\" + \"\\n\" +\r\n\t\t\t \"id\" + \"\\n\" +\r\n\t\t\t \"label\" + \"\\n\" +\r\n\t\t\t \"type\" + \"\\n\" +\r\n\t\t\t \"cardinality\" + \"\\n\" +\r\n\t\t\t \"value\" + \"\\n\" +\r\n\t\t\t \"... on ObjectProperty {\" + \"\\n\" +\r\n\t\t\t     \"objectValue {\" + \"\\n\" +\r\n\t\t\t          \"properties(includes: \";\r\n\t\t\t          \r\n\t\t\t          var OVPPROPS = \"[\";\r\n\t\t\t\t    ovpProperties.forEach(function(property) {\r\n\t\t\t\t\t  OVPPROPS += \"\\\"\" + property + \"\\\" \";\r\n\t\t\t\t    });\r\n\t\t\t          QUERY += OVPPROPS += \"]\";\r\n\t\t\t          \r\n\t\t\t          QUERY += \") {\" + \"\\n\" +\r\n\t\t\t            \"id\" + \"\\n\" +\r\n\t\t\t            \"type\" + \"\\n\" +\r\n\t\t\t            \"value\" + \"\\n\" +\r\n\t\t\t            \"... on DateTimeProperty {\" + \"\\n\" +\r\n\t\t\t\t             \"isDateOnly\" + \"\\n\" +\r\n\t\t\t            \"}\" + \"\\n\" +\t\r\n\t\t\t\t\t    \"... on DateTimeListProperty {\" + \"\\n\" +\r\n\t\t\t\t             \"isDateOnly\" + \"\\n\" +\r\n\t\t\t            \"}\" + \"\\n\" +\t\r\n\t\t\t          \"}\" + \"\\n\" +\r\n\t\t\t        \"}\" + \"\\n\" +\r\n\t\t\t      \"}\" + \"\\n\" +\r\n\t\t\t \"... on DateTimeProperty {\" + \"\\n\" +\r\n\t\t\t\t  \"isDateOnly\" + \"\\n\" +\r\n\t\t\t      \"}\" + \"\\n\" +\t\r\n             \t\"... on DateTimeListProperty {\" + \"\\n\" +\r\n\t\t\t\t  \"isDateOnly\" + \"\\n\" +\r\n\t\t\t      \"}\" + \"\\n\" +\t\t\r\n\t\t\t\"}\" + \"\\n\" +\r\n\t\t\"}\" + \"\\n\" +\r\n\t\t\"pageInfo {\" + \"\\n\" +\r\n\t\t\t\"token\" + \"\\n\" +\r\n\t\t\t\"totalCount\" + \"\\n\" +\r\n\t\t\"}\" + \"\\n\" +\r\n\t\"}\" + \"\\n\" +\r\n\"}\";\r\n\r\nconsole.debug(\"Calling lookupDBARegistry\");\r\ntw.system.lookupDBARegistry(appServerResource, function(response) {\r\n\r\n\tvar options = {\r\n\t\tmethod: \"POST\",\r\n\t\tpayload: {\r\n\t\t\tquery: QUERY,\r\n\t\t\tvariables: null,\r\n\t\t\toperationName: null\r\n\t\t},\r\n\t\theaders: {\r\n\t\t\t\"ECM-CS-XSRF-Token\": csrfToken,\r\n\t\t\tCookie: \"ECM-CS-XSRF-Token=\" + csrfToken,\r\n\t\t\t\"Accept-Language\": tw.system.user.locale\r\n\t\t}\r\n\t};\r\n\t\r\n\t// Add the context root and path if they are missing for backward compatibility\r\n\tif (!response.ctxRoot) {\r\n\t\toptions.ctxRoot = \"/content-services-graphql\";\r\n\t}\r\n\tif (!response.path) {\r\n\t\toptions.path = \"/graphql\";\r\n\t}\t\r\n\tconsole.debug(\"Options: \", options);\t\r\n\tconsole.debug(\"****PAYLOAD: \", QUERY);\r\n\tconsole.debug(\"****CALLING performRequest****\");\r\n\ttw.system.performRequest(appServerResource, options, function(response, httpStatus) {\r\n\t\t\r\n\t\tconsole.debug(\"performRequest response: \", response);\r\n\t\tconsole.debug(\"performRequest httpStatus: \", httpStatus);\r\n\r\n\t\tif (httpStatus.statusCode != 200) {\r\n\t\t\ttw.local.error = {};\r\n\t\t\ttw.local.error.errorCode = httpStatus.statusCode;\r\n\t\t\ttw.local.error.errorText = response;\r\n\t\t\ttw.local.error.serviceInError = serviceName;\r\n\t\t} else {\t\r\n\t\t\tvar resultsJson = JSON.parse(response);\r\n\t\t\tif (resultsJson.errors) {\r\n\t\t\t\tvar error = resultsJson.errors[0];\r\n\t\t\t\ttw.local.error = {};\r\n\t\t\t\ttw.local.error.errorCode = error.extensions ? error.extensions.errorCode ?  error.extensions.errorCode : error.errorType : error.errorType;\r\n\t\t\t\ttw.local.error.errorText = error.extensions ? error.extensions.explanation ? error.extensions.explanation : error.message : error.message;\r\n\t\t\t\ttw.local.error.serviceInError = serviceName;\r\n\t\t\t} else {\r\n\t\t\t\tvar searchResults = resultsJson.data.repositoryObjectSearches;\r\n\t\t\t\tvar indObjects = searchResults.independentObjects;\r\n\t\t\t\t\r\n\t\t\t\tvar results = [];\r\n\t\t\t\tindObjects.forEach(function(indObject) {\r\n\t\t\t\r\n\t\t\t\t\tvar newObject = new Object();\r\n\t\t\t\t\tnewObject.name = indObject.name;\r\n\t\t\t\t\tnewObject.id = indObject.id;\r\n\t\t\t\t\tnewObject.className = indObject.className;\r\n\t\t\t\t\tnewObject.accessAllowed = indObject.accessAllowed;\r\n\t\t\t\t\t\r\n\t\t\t\t\t// Retrieve the ClassDescription property to look at the display name later for the completed document\r\n\t\t\t\t\tvar itemProps = indObject.properties.items ? indObject.properties.items : indObject.properties;\r\n\t\t\t\t\tvar classDesc = itemProps.filter(function(property) {\r\n\t\t\t\t\t\treturn property.id === \"ClassDescription\";\r\n\t\t\t\t\t});\t\r\n\t\t\t\t\t// Remove the ClassDescription property from the property list now that we already retrieved it\r\n\t\t\t\t\tvar filteredProperties = itemProps.filter(function(property) {\r\n\t\t\t\t\t\treturn property.id !== \"ClassDescription\";\r\n\t\t\t\t\t});\r\n\t\t\t\t\tnewObject.properties = filteredProperties;\t\t\t\t\t\r\n\t\t\t\t\r\n\t\t\t\t\tvar pathName = indObject.pathName;\r\n\t\t\t\t\tif (pathName != null) {\r\n\t\t\t\t\t\tnewObject.isFolder = true;\r\n\t\t\t\t\t\tnewObject.baseType = \"Folder\";\r\n\t\t\t\t\t\tnewObject.pathName = indObject.pathName;\r\n\t\t\t\t\t\tnewObject.parent = indObject.parent;\r\n\t\t\t\t\t} else {\r\n\t\t\t\t\t\tnewObject.isFolder = false;\r\n\t\t\t\t\t\tnewObject.baseType = \"Document\";\r\n\t\t\t\t\t\tnewObject.mimeType = indObject.mimeType;\r\n\t\t\t\t\t\tnewObject.isReserved = indObject.isReserved;\r\n\t\t\t\t\t\tnewObject.reservation = indObject.reservation;\r\n\t\t\t\t\t\tnewObject.contentElements = indObject.contentElements;\r\n\t\t\t\t\t\tnewObject.foldersFiledIn = indObject.foldersFiledIn;\r\n\t\t\t\t\t\tnewObject.versionSeriesId = indObject.versionSeries.id;\r\n\t\t\t\t\t\tnewObject.cmThumbnails = indObject.cmThumbnails;\r\n\t\t\t\t\t\t\r\n\t\t\t\t\t\tif (indObject.annotations) {\r\n\t\t\t\t\t\t\tnewObject.annotations = indObject.annotations;\r\n\t\t\t\t\t\t}\r\n\t\t\t\t\t\t\r\n\t\t\t\t\t\t// If className is not \"DbaCaptureBase\", retrieve the class display name to show in Verify Client readonly\r\n\t\t\t\t\t\tif (indObject.className !== \"DbaCaptureBase\" && classDesc) {\t\r\n\t\t\t\t\t\t\tvar classDescProps = classDesc.items ? classDesc.items : classDesc;\r\n\t\t\t\t\t\t\tfor (var i = 0; i < classDescProps.length; i++) {\r\n\t\t\t\t\t\t\t\tvar classDescProp = classDescProps[i];\t\t\t\t\t\t\t\t\t\r\n\t\t\t\t\t\t\t\tif (classDescProp.objectValue) {\r\n\t\t\t\t\t\t\t\t\tvar classDescObjProps = classDescProp.objectValue.properties.items ? classDescProp.objectValue.properties.items : classDescProp.objectValue.properties;\r\n\t\t\t\t\t\t\t\t\tfor (var i = 0; i < classDescObjProps.length; i++) {\r\n\t\t\t\t\t\t\t\t\t\tvar prop = classDescObjProps[i];\r\n\t\t\t\t\t\t\t\t\t\tif (prop.id == \"DisplayName\") {\r\n\t\t\t\t\t\t\t\t\t\t\tnewObject.classDisplayName = prop.value;\t// do not assign to newObject.className because symbolicName is needed for className to display properties\r\n\t\t\t\t\t\t\t\t\t\t\tbreak;\r\n\t\t\t\t\t\t\t\t\t\t}\r\n\t\t\t\t\t\t\t\t\t}\r\n\t\t\t\t\t\t\t\t}\r\n\t\t\t\t\t\t\t}\r\n\t\t\t\t\t\t}\r\n\t\t\t\t\t}\r\n\t\t\t\r\n\t\t\t\t\tresults.push(newObject);\r\n\t\t\t\t});\r\n\t\t\t\r\n\t\t\t\tvar resultSet = {};\r\n\t\t\t\tresultSet.items = results;\r\n\t\t\t\t\r\n\t\t\t\tif (searchResults.pageInfo != null) {\r\n\t\t\t\t\tresultSet.totalCount = searchResults.pageInfo.totalCount;\r\n\t\t\t\t\tresultSet.token = searchResults.pageInfo.token;\r\n\t\t\t\t}\t\r\n\t\t\t\t\r\n\t\t\t\ttw.local.results = {\r\n\t\t\t\t\tresults: resultSet\r\n\t\t\t\t};\r\n\t\t\t}\r\n\t\t}\r\n\t\t\r\n\t\t// Signal to engine that flow can continue past this Script‌\r\n\t\ttw.system.continueFlow();\r\n\t\t\r\n\t}, function (err) {\r\n\t\tconsole.error(\"performRequest failed: \", err);\r\n\t\t\r\n\t\ttw.local.error = {};\r\n\t\ttw.local.error.errorCode = err.code ? err.code : err.errno ? err.errno : err.name;\r\n\t\ttw.local.error.errorText = err.message;\r\n\t\ttw.local.error.serviceInError = serviceName;\r\n\t\t\r\n\t\t// Signal to engine that flow can continue past this Script.\r\n\t\ttw.system.continueFlow();\r\n\t});\r\n}, function(err) {\r\n\tconsole.error(\"Error returned from lookupDBARegistry:\", err);\r\n\ttw.local.error = {};\r\n\ttw.local.error.errorCode = err.msg;\r\n\ttw.local.error.errorText = err.msg;\r\n\ttw.local.error.serviceInError = serviceName;\r\n\ttw.system.continueFlow();\r\n});\r\n\r\nconsole.debug(\"At the end of the script step pending response from Graphql\");\r\n"]}},{"targetRef":"c438b29d-1bfb-4d73-8f00-4748d8922ef7","extensionElements":{"sequenceFlowImplementation":[{"fireValidation":"Never","sboSyncEnabled":true,"declaredType":"com.ibm.bpmsdk.model.bpmn20.ibmext.TSequenceFlowImplementation"}],"linkVisualInfo":[{"sourcePortLocation":"rightCenter","showCoachControlLabel":false,"labelPosition":0.0,"targetPortLocation":"leftCenter","declaredType":"TLinkVisualInfo","saveExecutionContext":true,"showLabel":false}]},"name":"To End","declaredType":"sequenceFlow","id":"2027.e419635b-9359-4104-aee8-af927dcafc66","sourceRef":"2025.10535dfd-c8a1-4e9f-8b35-3723f5334095"}],"isClosed":false,"declaredType":"com.ibm.bpmsdk.model.bpmn20.ibmext.TUserTaskImplementation","id":"e6a8bf45-68bf-4c81-aed9-c423847fd853","processType":"None"}]},"implementation":"##unspecified","documentation":[{"content":["Returns a list of the items contained in a folder."],"textFormat":"text/plain"}],"name":"getFolderContainees","declaredType":"globalUserTask","id":"1.cde85009-e849-4a8a-95c9-55f1718e11e9","ioSpecification":{"dataOutput":[{"itemSubjectRef":"itm.12.c09c9b6e-aabd-4897-bef2-ed61db106297","documentation":[{"content":["<div>Set on success. Contains the following JSON:</div><div>{</div><div><span style=\"white-space:pre\">\t</span>items: The list of partial Content Items representing the folders and documents in the parent folder. See the JavaScript API document for a description of Content Item.</div><div><span style=\"white-space:pre\">\t</span>totalCount: The total number of items including those on subsequent pages.</div><div><span style=\"white-space:pre\">\t</span>token: Paging token when there is more than one page of results</div><div>}</div><div><br /></div>"],"textFormat":"text/plain"}],"name":"results","isCollection":false,"id":"2055.69323373-2177-44e8-b7f9-dfc5f35a6cb4"},{"itemSubjectRef":"itm.12.5551644c-3dc6-4161-a939-4e7f27f8ce45","documentation":[{"content":["Set on error. Contains information about why the call failed."],"textFormat":"text/plain"}],"name":"error","isCollection":false,"id":"2055.2e29f819-42c1-4723-8882-c699bb0a3d78"}],"inputSet":[{}],"outputSet":[{}],"dataInput":[{"itemSubjectRef":"itm.12.729d7b7a-407f-4bbc-9218-d019b273326e","name":"data","isCollection":false,"id":"2055.94b8cd2c-dd91-43c4-9998-e6c57c77e732"}]}}],"targetNamespace":"","typeLanguage":"http://www.w3.org/2001/XMLSchema","expressionLanguage":"http://www.ibm.com/xmlns/prod/bpm/expression-lang/javascript","id":"1.cde85009-e849-4a8a-95c9-55f1718e11e9"}},"status":"200"}