{"data":{"metadata":{"paId":"2066.bd3841e7-7c78-4b6b-aa2b-1f9cc91afc9a","paShortName":"SYSCST","snapshotId":"2064.e571369d-4b11-4625-a600-621030240482","snapshotName":"23.0.1.1.230731184525","name":"Content Services"},"defaults":{"entry":[{"type":"S","value":""},{"type":"B","value":false},{"type":"I","value":0},{"type":"D","value":0.0},{"type":"DT","value":null},{"type":"DT","value":null}]},"templates":{"variableTemplates":[{"modelId":"1.f82f3c0f-50aa-4faf-9e9f-f8e49e110744","parentId":"1.f82f3c0f-50aa-4faf-9e9f-f8e49e110744","variableTemplate":[{"id":"2055.8858c9fc-fa66-467c-89a3-4137eb510df1","name":"data","boTemplateName":"A"},{"id":"2055.eab0ee70-3af8-4c7b-8929-977269933a74","name":"results","boTemplateName":"A"},{"id":"2055.75817429-06dd-4e06-8336-80e03c059873","name":"error","boTemplateName":"Aja"}]}],"boTemplate":[{"id":"12.5551644c-3dc6-4161-a939-4e7f27f8ce45","name":"Aja","property":[{"name":"errorText","type":"S","isList":false},{"name":"errorCode","type":"S","isList":false},{"name":"serviceInError","type":"S","isList":false}]}]},"model":{"rootElement":[{"extensionElements":{"userTaskImplementation":[{"flowElement":[{"parallelMultiple":false,"outgoing":["2027.96a966c7-d2a3-4e09-8394-c96fd500dde8"],"isInterrupting":true,"extensionElements":{"nodeVisualInfo":[{"color":"#F8F8F8","width":24,"x":50,"y":200,"declaredType":"TNodeVisualInfo","height":24}]},"name":"Start","declaredType":"startEvent","id":"50a21ccf-68db-49fa-816b-3f52992086c1"},{"incoming":["2027.2d28fa18-5d0f-47d6-82ff-7e45642596d7"],"extensionElements":{"nodeVisualInfo":[{"color":"#F8F8F8","width":24,"x":700,"y":200,"declaredType":"TNodeVisualInfo","height":24}],"navigationInstructions":[{"targetType":"Default","declaredType":"com.ibm.bpmsdk.model.bpmn20.ibmext.TNavigationInstructions"}]},"name":"End","declaredType":"endEvent","id":"d453f3b8-6725-4254-85c6-040d40ff9324"},{"targetRef":"2025.8f06f316-cee8-48b1-8d2c-1b59d805b3f7","extensionElements":{"linkVisualInfo":[{"sourcePortLocation":"rightCenter","showCoachControlLabel":false,"labelPosition":0.0,"targetPortLocation":"leftCenter","declaredType":"TLinkVisualInfo","saveExecutionContext":false,"showLabel":false}]},"name":"Start to End","declaredType":"sequenceFlow","id":"2027.96a966c7-d2a3-4e09-8394-c96fd500dde8","sourceRef":"50a21ccf-68db-49fa-816b-3f52992086c1"},{"startQuantity":1,"outgoing":["2027.2d28fa18-5d0f-47d6-82ff-7e45642596d7"],"incoming":["2027.96a966c7-d2a3-4e09-8394-c96fd500dde8"],"default":"2027.2d28fa18-5d0f-47d6-82ff-7e45642596d7","extensionElements":{"nodeVisualInfo":[{"width":95,"x":285,"y":177,"declaredType":"TNodeVisualInfo","height":70}]},"name":"Get Annotations","isForCompensation":false,"completionQuantity":1,"declaredType":"scriptTask","id":"2025.8f06f316-cee8-48b1-8d2c-1b59d805b3f7","scriptFormat":"text/x-javascript","script":{"content":["console.debug(\"****BEGIN Script Get Annotations****\");\r\n\r\ntw.system.waitForContinueFlow();\r\n\r\nvar serviceName = \"getAnnotations\";\r\n\r\nvar csrfToken = tw.local.data && tw.local.data.csrfToken;\r\nvar appServerResource = tw.local.data && tw.local.data.serverAppResource;\r\nvar repository = tw.local.data && tw.local.data.repository;\r\nvar id = tw.local.data && tw.local.data.id;\r\nvar orderByProperty = tw.local.data && tw.local.data.orderByProperty;\r\nif (orderByProperty == null) {\r\n    orderByProperty = \"DateCreated\";\r\n}\r\n\r\nvar order = tw.local.data && tw.local.data.order;\r\nif (order == null) {\r\n    order = \"\";\r\n}\r\n\r\nvar properties = tw.local.data && tw.local.data.properties;\r\n\r\nvar QUERY = \"{\" + \"\\n\" +\r\n\t\"repositoryObjects(\\n\" +\r\n\t\t\"repositoryIdentifier: \\\"\" + repository + \"\\\"\" + \"\\n\" +\r\n\t\t\"from: \\\"Annotation\\\"\" + \"\\n\" +\r\n\t\t\"where: \\\"AnnotatedObject = \" + id + \"\\\"\" + \"\\n\" +\r\n\t\t\"orderBy: \\\"\" + orderByProperty + \" \" + order + \"\\\"\" + \"\\n\" +\r\n\t\t\"pageSize: 500\" + \"\\n\" +\r\n\t\")\" + \"\\n\" +\r\n\t\"{\" + \"\\n\" +\t\r\n\t\t\"independentObjects {\" + \"\\n\" +\r\n\t            \"className\" + \"\\n\" +\r\n\t\t\t\"... on Annotation {\" + \"\\n\" +\r\n\t\t\t\t\"id\" + \"\\n\" +\r\n\t\t\t\t\"name\" + \"\\n\" +\r\n\t\t\t\t\"mimeType\" + \"\\n\" +\r\n\t\t\t\t\"accessAllowed\" + \"\\n\" +\r\n\t\t\t\t\"contentElements {\" + \"\\n\" +\r\n\t\t\t\t\t\"...on ContentTransfer {\" + \"\\n\" +\r\n\t                  \t\t\"retrievalName\" + \"\\n\" +\r\n\t\t\t\t\t\t\"downloadUrl\"  + \"\\n\" +\r\n\t\t\t\t\t\"}\" + \"\\n\" +\t\r\n\t\t\t\t\"}\" + \"\\n\" +\r\n\t\t\t\"}\" + \"\\n\" +\r\n\t            \"properties(includes: \";\r\n\t\r\n            \tvar PROPS = \"[\";\r\n\t\t\tproperties.forEach(function(property) {\r\n\t\t\t\tPROPS += \"\\\"\" + property + \"\\\" \";\r\n\t\t\t});\r\n\t\t\tQUERY += PROPS += \"]\";\r\n           \r\n\t\t\tQUERY += \") {\" + \"\\n\" +\r\n\t\t\t\t\"id\" + \"\\n\" +\r\n\t\t\t\t\"label\" + \"\\n\" +\r\n\t\t\t\t\"type\" + \"\\n\" +\r\n\t\t\t\t\"cardinality\" + \"\\n\" +\r\n\t\t\t\t\"value\" + \"\\n\" +\r\n\t\t\t\t\"... on DateTimeProperty {\" + \"\\n\" +\r\n\t\t\t\t\t\"isDateOnly\" + \"\\n\" +\r\n\t\t\t\t\"}\" + \"\\n\" +\t\r\n\t\t\t\t\"... on DateTimeListProperty {\" + \"\\n\" +\r\n\t\t\t\t\t\"isDateOnly\" + \"\\n\" +\r\n\t\t\t\t\"}\" + \"\\n\" +\t\t\r\n\t            \"}\" + \"\\n\" +\r\n\t\t\"}\" + \"\\n\" +\r\n\t\t\"pageInfo {\" + \"\\n\" +\r\n\t\t\t\"token\" + \"\\n\" +\r\n\t\t\t\"totalCount\" + \"\\n\" +\r\n\t\t\"}\" + \"\\n\" +\r\n\t\"}\" + \"\\n\" +\r\n\"}\";\r\n\r\nconsole.debug(\"Calling lookupDBARegistry\");\r\ntw.system.lookupDBARegistry(appServerResource, function(response) {\r\n\r\n\tvar options = {\r\n\t\tmethod: \"POST\",\r\n\t\tpayload: {\r\n\t\t\tquery: QUERY,\r\n\t\t\tvariables: null,\r\n\t\t\toperationName: null\r\n\t\t},\r\n\t\theaders: {\r\n\t\t\t\"ECM-CS-XSRF-Token\": csrfToken,\r\n\t\t\tCookie: \"ECM-CS-XSRF-Token=\" + csrfToken,\r\n\t\t\t\"Accept-Language\": tw.system.user.locale\r\n\t\t}\r\n\t};\r\n\t\r\n\t// Add the context root and path if they are missing for backward compatibility\r\n\tif (!response.ctxRoot) {\r\n\t\toptions.ctxRoot = \"/content-services-graphql\";\r\n\t}\r\n\tif (!response.path) {\r\n\t\toptions.path = \"/graphql\";\r\n\t}\t\r\n\tconsole.debug(\"Options: \", options);\t\r\n\tconsole.debug(\"****PAYLOAD: \", QUERY);\r\n\tconsole.debug(\"****CALLING performRequest****\");\r\n\ttw.system.performRequest(appServerResource, options, function(response, httpStatus) {\r\n\r\n\t\tconsole.debug(\"performRequest completed: \", response);\r\n\t\tconsole.debug(\"performRequest httpStatus: \", httpStatus);\r\n\t\t\r\n\t\tif (httpStatus.statusCode != 200) {\r\n\t\t\ttw.local.error = {};\r\n\t\t\ttw.local.error.errorCode = httpStatus.statusCode;\r\n\t\t\ttw.local.error.errorText = response;\r\n\t\t\ttw.local.error.serviceInError = serviceName;\r\n\t\t} else {\r\n\t\t\tvar resultsJson = JSON.parse(response);\r\n\t\t\tif (resultsJson.errors) {\r\n\t\t\t\tvar error = resultsJson.errors[0];\r\n\t\t\t\ttw.local.error = {};\r\n\t\t\t\ttw.local.error.errorCode = error.extensions ? error.extensions.errorCode ?  error.extensions.errorCode : error.errorType : error.errorType;\r\n\t\t\t\ttw.local.error.errorText = error.extensions ? error.extensions.explanation ? error.extensions.explanation : error.message : error.message;\r\n\t\t\t\ttw.local.error.serviceInError = serviceName;\r\n\t\t\t} else {\r\n\t\t\t\tvar repositoryObjects = resultsJson.data.repositoryObjects;\r\n\t\t\t\tvar indObjects = repositoryObjects.independentObjects;\r\n                \r\n\t\t\t\tvar results = [];\r\n\t\t\t\tindObjects.forEach(function(indObject) {\r\n\t\t\t\r\n\t\t\t\t\tvar newObject = new Object();\r\n\t\t\t\t\tnewObject.name = indObject.name;\r\n\t\t\t\t\tnewObject.id = indObject.id;\r\n\t\t\t\t\tnewObject.baseType = \"Annotation\";\r\n\t\t\t\t\tnewObject.isFolder = false;\r\n\t\t\t\t\tnewObject.className = indObject.className;\r\n\t\t\t\t\tnewObject.accessAllowed = indObject.accessAllowed;\r\n\t\t\t\t\tnewObject.mimeType = indObject.mimeType;\r\n\t\t\t\t\tnewObject.properties = indObject.properties;\r\n\t\t\t\t\tnewObject.contentElements = indObject.contentElements;\r\n\r\n\t\t\t\t\tresults.push(newObject);\r\n\t\t\t\t});\r\n\r\n\t\t\t\tvar resultSet = {};\r\n\t\t\t\tresultSet.items = results;\r\n\r\n\t\t\t\tif (repositoryObjects.pageInfo != null) {\r\n\t\t\t\t\tresultSet.totalCount = repositoryObjects.pageInfo.totalCount;\r\n\t\t\t\t\tresultSet.token = repositoryObjects.pageInfo.token;\r\n\t\t\t\t}\t\r\n\t\t\t\t\t\r\n\t\t\t\ttw.local.results = {\r\n\t\t\t\t\tresults: resultSet\r\n\t\t\t\t};\r\n\t\t\t}\r\n\t\t}\r\n\r\n\t\t// Signal to engine that flow can continue past this Script?\r\n\t\ttw.system.continueFlow();\r\n        \r\n\t}, function (err) {\r\n\t\tconsole.error(\"performRequest failed: \", err);\r\n\t\t\r\n\t\ttw.local.error = {};\r\n\t\ttw.local.error.errorCode = err.code ? err.code : err.errno ? err.errno : err.name;\r\n\t\ttw.local.error.errorText = err.message;\r\n\t\ttw.local.error.serviceInError = serviceName;\r\n\t\t\r\n\t\t// Signal to engine that flow can continue past this Script?\r\n\t\ttw.system.continueFlow();\r\n\t});\r\n}, function(err) {\r\n\tconsole.error(\"Error returned from lookupDBARegistry:\", err);\r\n\ttw.local.error = {};\r\n\ttw.local.error.errorCode = err.msg;\r\n\ttw.local.error.errorText = err.msg;\r\n\ttw.local.error.serviceInError = serviceName;\r\n\ttw.system.continueFlow();\r\n});\t\t\r\n\r\nconsole.debug(\"At the end of the script\");\r\n"]}},{"targetRef":"d453f3b8-6725-4254-85c6-040d40ff9324","extensionElements":{"sequenceFlowImplementation":[{"fireValidation":"Never","sboSyncEnabled":true,"declaredType":"com.ibm.bpmsdk.model.bpmn20.ibmext.TSequenceFlowImplementation"}],"linkVisualInfo":[{"sourcePortLocation":"rightCenter","showCoachControlLabel":false,"labelPosition":0.0,"targetPortLocation":"leftCenter","declaredType":"TLinkVisualInfo","saveExecutionContext":true,"showLabel":false}]},"name":"To End","declaredType":"sequenceFlow","id":"2027.2d28fa18-5d0f-47d6-82ff-7e45642596d7","sourceRef":"2025.8f06f316-cee8-48b1-8d2c-1b59d805b3f7"}],"isClosed":false,"declaredType":"com.ibm.bpmsdk.model.bpmn20.ibmext.TUserTaskImplementation","id":"af82afe6-c068-4e04-8262-813bc51687ee","processType":"None"}]},"implementation":"##unspecified","documentation":[{"textFormat":"text/plain"}],"name":"getAnnotations","declaredType":"globalUserTask","id":"1.f82f3c0f-50aa-4faf-9e9f-f8e49e110744","ioSpecification":{"dataOutput":[{"itemSubjectRef":"itm.12.c09c9b6e-aabd-4897-bef2-ed61db106297","name":"results","isCollection":false,"id":"2055.eab0ee70-3af8-4c7b-8929-977269933a74"},{"itemSubjectRef":"itm.12.5551644c-3dc6-4161-a939-4e7f27f8ce45","name":"error","isCollection":false,"id":"2055.75817429-06dd-4e06-8336-80e03c059873"}],"inputSet":[{}],"outputSet":[{}],"dataInput":[{"itemSubjectRef":"itm.12.c09c9b6e-aabd-4897-bef2-ed61db106297","name":"data","isCollection":false,"id":"2055.8858c9fc-fa66-467c-89a3-4137eb510df1"}]}}],"targetNamespace":"","typeLanguage":"http://www.w3.org/2001/XMLSchema","expressionLanguage":"http://www.ibm.com/xmlns/prod/bpm/expression-lang/javascript","id":"1.f82f3c0f-50aa-4faf-9e9f-f8e49e110744"}},"status":"200"}