<?xml version="1.0" encoding="UTF-8"?>
<teamworks>
    <process id="1.07f3fa3a-6c90-485e-8f19-226c5c4fde3f" name="ECM Rename Reference Service">
        <lastModified>1486979685087</lastModified>
        <lastModifiedBy>celladmin</lastModifiedBy>
        <tenantId isNull="true" />
        <processId>1.07f3fa3a-6c90-485e-8f19-226c5c4fde3f</processId>
        <image isNull="true" />
        <tabGroup isNull="true" />
        <startingProcessItemId>2025.7f6ba448-fbf6-42ec-96d3-85000b437f72</startingProcessItemId>
        <isRootProcess>false</isRootProcess>
        <processType>2</processType>
        <isErrorHandlerEnabled>false</isErrorHandlerEnabled>
        <errorHandlerItemId isNull="true" />
        <isLoggingVariables>false</isLoggingVariables>
        <isTransactional>false</isTransactional>
        <processTimingLevel isNull="true" />
        <participantRef isNull="true" />
        <exposedType isNull="true" />
        <isTrackingEnabled>true</isTrackingEnabled>
        <xmlData isNull="true" />
        <cachingType>false</cachingType>
        <itemLabel isNull="true" />
        <cacheLength>43200</cacheLength>
        <mobileReady>false</mobileReady>
        <sboSyncEnabled>false</sboSyncEnabled>
        <externalId isNull="true" />
        <isSecured>false</isSecured>
        <isAjaxExposed>false</isAjaxExposed>
        <isInvokedAsynchronously>false</isInvokedAsynchronously>
        <description isNull="true" />
        <guid>guid:5aded6565a65c8d9:-7506723d:159b1b6a1b7:-7fff</guid>
        <versionId>b1c31972-d2d7-4dfb-bdf2-79602e4ef0e8</versionId>
        <dependencySummary isNull="true" />
        <jsonData isNull="true" />
        <field1 isNull="true" />
        <field2 isNull="true" />
        <field3>0</field3>
        <field4 isNull="true" />
        <field5>false</field5>
        <clobField1 isNull="true" />
        <blobField1 isNull="true" />
        <processParameter name="data">
            <lastModified isNull="true" />
            <lastModifiedBy isNull="true" />
            <tenantId isNull="true" />
            <processParameterId>2055.a0ae181e-8bc2-4cce-b176-110c5a164538</processParameterId>
            <processId>1.07f3fa3a-6c90-485e-8f19-226c5c4fde3f</processId>
            <parameterType>1</parameterType>
            <isArrayOf>false</isArrayOf>
            <classId>/12.31104ac8-66df-4a69-8bac-ad7c8ca44ee8</classId>
            <seq>1</seq>
            <hasDefault>false</hasDefault>
            <defaultValue isNull="true" />
            <isLocked>false</isLocked>
            <description isNull="true" />
            <guid>ea6f65a3-542d-444c-8d49-22805fe0eafb</guid>
            <versionId>83753cab-7620-4c8d-a592-54f171657a21</versionId>
        </processParameter>
        <processParameter name="results">
            <lastModified isNull="true" />
            <lastModifiedBy isNull="true" />
            <tenantId isNull="true" />
            <processParameterId>2055.52eec0ac-6f07-4fc5-91bf-c2bf4b1c285d</processParameterId>
            <processId>1.07f3fa3a-6c90-485e-8f19-226c5c4fde3f</processId>
            <parameterType>2</parameterType>
            <isArrayOf>false</isArrayOf>
            <classId>f1e96cc6-5fd9-4002-8b04-107d4ddae78a/12.c09c9b6e-aabd-4897-bef2-ed61db106297</classId>
            <seq>2</seq>
            <hasDefault>false</hasDefault>
            <defaultValue isNull="true" />
            <isLocked>false</isLocked>
            <description isNull="true" />
            <guid>8ae2f234-e809-40e2-a7d1-b7a616b3accb</guid>
            <versionId>a9f334f2-ae9e-45e8-9800-dcffdc1062e2</versionId>
        </processParameter>
        <processParameter name="error">
            <lastModified isNull="true" />
            <lastModifiedBy isNull="true" />
            <tenantId isNull="true" />
            <processParameterId>2055.d07ef14f-668d-4f12-ab7a-94bcb8893bbd</processParameterId>
            <processId>1.07f3fa3a-6c90-485e-8f19-226c5c4fde3f</processId>
            <parameterType>2</parameterType>
            <isArrayOf>false</isArrayOf>
            <classId>f496ca18-836b-46b7-8846-85b2ee01f7eb/12.5551644c-3dc6-4161-a939-4e7f27f8ce45</classId>
            <seq>3</seq>
            <hasDefault>false</hasDefault>
            <defaultValue isNull="true" />
            <isLocked>false</isLocked>
            <description isNull="true" />
            <guid>8652fd58-a149-470f-96b8-ef98d5d3523a</guid>
            <versionId>c72a84ae-6974-4fc6-b7da-fcef7bd154a1</versionId>
        </processParameter>
        <processParameter name="ECMError">
            <lastModified isNull="true" />
            <lastModifiedBy isNull="true" />
            <tenantId isNull="true" />
            <processParameterId>2055.04a53f03-0168-44b4-839f-4ada817f4af8</processParameterId>
            <processId>1.07f3fa3a-6c90-485e-8f19-226c5c4fde3f</processId>
            <parameterType>3</parameterType>
            <isArrayOf>false</isArrayOf>
            <classId>/12.bfb48b9b-8247-49fb-8f78-82b738b817a6</classId>
            <seq>4</seq>
            <hasDefault>false</hasDefault>
            <defaultValue>ECMError</defaultValue>
            <isLocked>false</isLocked>
            <description isNull="true" />
            <guid>6d6eaacf-c249-4ffb-83be-c86b5903b3b4</guid>
            <versionId>a6033aca-1e37-43cc-9fab-6648496287cf</versionId>
        </processParameter>
        <item>
            <lastModified isNull="true" />
            <lastModifiedBy isNull="true" />
            <tenantId isNull="true" />
            <processItemId>2025.7f6ba448-fbf6-42ec-96d3-85000b437f72</processItemId>
            <processId>1.07f3fa3a-6c90-485e-8f19-226c5c4fde3f</processId>
            <name>Is File</name>
            <tWComponentName>Switch</tWComponentName>
            <tWComponentId>3013.36e31d12-3933-410a-a817-3b00635fcf67</tWComponentId>
            <isLogEnabled>false</isLogEnabled>
            <isTraceEnabled>false</isTraceEnabled>
            <traceCategory isNull="true" />
            <traceLevel isNull="true" />
            <traceMessage isNull="true" />
            <traceSymbolTable isNull="true" />
            <isExecutionContextTraced>false</isExecutionContextTraced>
            <saveExecutionContext>false</saveExecutionContext>
            <documentation isNull="true" />
            <isErrorHandlerEnabled>false</isErrorHandlerEnabled>
            <errorHandlerItemId isNull="true" />
            <guid>guid:dfa5456f69efbfcb:-7336425d:15a363c456d:-7ffd</guid>
            <versionId>6347165c-95b7-4305-9585-7b15ba21a0ce</versionId>
            <externalServiceRef isNull="true" />
            <externalServiceOp isNull="true" />
            <nodeColor isNull="true" />
            <layoutData x="171" y="105">
                <errorLink>
                    <controlPoints />
                    <showEndState>false</showEndState>
                    <showName>false</showName>
                </errorLink>
            </layoutData>
            <TWComponent>
                <lastModified isNull="true" />
                <lastModifiedBy isNull="true" />
                <tenantId isNull="true" />
                <switchId>3013.36e31d12-3933-410a-a817-3b00635fcf67</switchId>
                <guid>5d6f0a12-eb8b-4a70-acdd-ed20267d2925</guid>
                <versionId>750df231-bd10-44ef-9fbc-ca6ae04318b7</versionId>
                <SwitchCondition>
                    <lastModified isNull="true" />
                    <lastModifiedBy isNull="true" />
                    <tenantId isNull="true" />
                    <switchConditionId>3014.b2c19261-00d6-4ae8-8e34-824bf33a8226</switchConditionId>
                    <switchId>3013.36e31d12-3933-410a-a817-3b00635fcf67</switchId>
                    <seq>1</seq>
                    <endStateId>guid:dfa5456f69efbfcb:-7336425d:15a363c456d:-7ff9</endStateId>
                    <condition>tw.local.data.isFile
==
true
</condition>
                    <guid>7add105c-5f09-4099-b247-4fcc724d5d47</guid>
                    <versionId>0f49c2d1-7343-4ab0-9920-2e3769431361</versionId>
                </SwitchCondition>
            </TWComponent>
        </item>
        <item>
            <lastModified isNull="true" />
            <lastModifiedBy isNull="true" />
            <tenantId isNull="true" />
            <processItemId>2025.80af9eff-3ba5-4297-882c-0ad53b958f97</processItemId>
            <processId>1.07f3fa3a-6c90-485e-8f19-226c5c4fde3f</processId>
            <name>End</name>
            <tWComponentName>ExitPoint</tWComponentName>
            <tWComponentId>3008.dce116cd-70e3-433f-8b15-65e240fa96dd</tWComponentId>
            <isLogEnabled>false</isLogEnabled>
            <isTraceEnabled>false</isTraceEnabled>
            <traceCategory isNull="true" />
            <traceLevel isNull="true" />
            <traceMessage isNull="true" />
            <traceSymbolTable isNull="true" />
            <isExecutionContextTraced>false</isExecutionContextTraced>
            <saveExecutionContext>true</saveExecutionContext>
            <documentation isNull="true" />
            <isErrorHandlerEnabled>false</isErrorHandlerEnabled>
            <errorHandlerItemId isNull="true" />
            <guid>guid:5aded6565a65c8d9:-7506723d:159b1b6a1b7:-7ffe</guid>
            <versionId>bfa050ff-0ef5-4b04-85af-1888642c880c</versionId>
            <externalServiceRef isNull="true" />
            <externalServiceOp isNull="true" />
            <nodeColor isNull="true" />
            <layoutData x="485" y="96">
                <errorLink>
                    <controlPoints />
                    <showEndState>false</showEndState>
                    <showName>false</showName>
                </errorLink>
            </layoutData>
            <TWComponent>
                <lastModified isNull="true" />
                <lastModifiedBy isNull="true" />
                <tenantId isNull="true" />
                <exitPointId>3008.dce116cd-70e3-433f-8b15-65e240fa96dd</exitPointId>
                <haltProcess>false</haltProcess>
                <guid>12bbda92-6bb0-427d-8eed-9b411c02791f</guid>
                <versionId>15d12ddc-922f-4e56-9019-6e1039847f5b</versionId>
            </TWComponent>
        </item>
        <item>
            <lastModified isNull="true" />
            <lastModifiedBy isNull="true" />
            <tenantId isNull="true" />
            <processItemId>2025.6fb40af1-0d12-4888-ada3-39e8716b72e2</processItemId>
            <processId>1.07f3fa3a-6c90-485e-8f19-226c5c4fde3f</processId>
            <name>Rename Document Reference</name>
            <tWComponentName>ECMConnector</tWComponentName>
            <tWComponentId>3030.53eed00f-bf29-4399-b92f-c526f86b7a6d</tWComponentId>
            <isLogEnabled>false</isLogEnabled>
            <isTraceEnabled>false</isTraceEnabled>
            <traceCategory isNull="true" />
            <traceLevel isNull="true" />
            <traceMessage isNull="true" />
            <traceSymbolTable isNull="true" />
            <isExecutionContextTraced>false</isExecutionContextTraced>
            <saveExecutionContext>false</saveExecutionContext>
            <documentation isNull="true" />
            <isErrorHandlerEnabled>false</isErrorHandlerEnabled>
            <errorHandlerItemId isNull="true" />
            <guid>2400fe44-e5f9-4ff7-9e17-4bb38dd0767e</guid>
            <versionId>8a5c8b36-a7f7-4123-b5a4-aaf87599076b</versionId>
            <externalServiceRef isNull="true" />
            <externalServiceOp isNull="true" />
            <nodeColor isNull="true" />
            <layoutData x="315" y="193">
                <errorLink>
                    <controlPoints />
                    <showEndState>false</showEndState>
                    <showName>false</showName>
                </errorLink>
            </layoutData>
            <TWComponent>
                <lastModified isNull="true" />
                <lastModifiedBy isNull="true" />
                <tenantId isNull="true" />
                <ecmConnectorId>3030.53eed00f-bf29-4399-b92f-c526f86b7a6d</ecmConnectorId>
                <definition>&lt;config type="com.lombardisoftware.client.persistence.ECMConnectorConfiguration"&gt;&#xD;
  &lt;inputParameters&gt;&#xD;
    &lt;parameter&gt;&#xD;
      &lt;name&gt;parentFolderId&lt;/name&gt;&#xD;
      &lt;type&gt;ECMID&lt;/type&gt;&#xD;
      &lt;description&gt;Parent folder ID&lt;/description&gt;&#xD;
      &lt;defaultValue /&gt;&#xD;
      &lt;argumentVariable&gt;tw.local.data.parentFolderId&lt;/argumentVariable&gt;&#xD;
      &lt;isArray&gt;&lt;/isArray&gt;&#xD;
      &lt;isList&gt;false&lt;/isList&gt;&#xD;
    &lt;/parameter&gt;&#xD;
    &lt;parameter&gt;&#xD;
      &lt;name&gt;documentId&lt;/name&gt;&#xD;
      &lt;type&gt;ECMID&lt;/type&gt;&#xD;
      &lt;description&gt;Document ID&lt;/description&gt;&#xD;
      &lt;defaultValue /&gt;&#xD;
      &lt;argumentVariable&gt;tw.local.data.id&lt;/argumentVariable&gt;&#xD;
      &lt;isArray&gt;&lt;/isArray&gt;&#xD;
      &lt;isList&gt;false&lt;/isList&gt;&#xD;
    &lt;/parameter&gt;&#xD;
    &lt;parameter&gt;&#xD;
      &lt;name&gt;documentServerName&lt;/name&gt;&#xD;
      &lt;type&gt;String&lt;/type&gt;&#xD;
      &lt;description&gt;Document server name&lt;/description&gt;&#xD;
      &lt;defaultValue /&gt;&#xD;
      &lt;argumentVariable&gt;tw.local.data.folderServerName&lt;/argumentVariable&gt;&#xD;
      &lt;isArray&gt;&lt;/isArray&gt;&#xD;
      &lt;isList&gt;false&lt;/isList&gt;&#xD;
    &lt;/parameter&gt;&#xD;
    &lt;parameter&gt;&#xD;
      &lt;name&gt;referenceName&lt;/name&gt;&#xD;
      &lt;type&gt;String&lt;/type&gt;&#xD;
      &lt;description&gt;Reference name&lt;/description&gt;&#xD;
      &lt;defaultValue /&gt;&#xD;
      &lt;argumentVariable&gt;tw.local.data.referenceName&lt;/argumentVariable&gt;&#xD;
      &lt;isArray&gt;&lt;/isArray&gt;&#xD;
      &lt;isList&gt;false&lt;/isList&gt;&#xD;
    &lt;/parameter&gt;&#xD;
    &lt;parameter&gt;&#xD;
      &lt;name&gt;serverName&lt;/name&gt;&#xD;
      &lt;type&gt;String&lt;/type&gt;&#xD;
      &lt;description&gt;Server name&lt;/description&gt;&#xD;
      &lt;defaultValue /&gt;&#xD;
      &lt;argumentVariable&gt;tw.local.data.serverName&lt;/argumentVariable&gt;&#xD;
      &lt;isArray&gt;&lt;/isArray&gt;&#xD;
      &lt;isList&gt;false&lt;/isList&gt;&#xD;
    &lt;/parameter&gt;&#xD;
  &lt;/inputParameters&gt;&#xD;
  &lt;outputParameters /&gt;&#xD;
  &lt;matchAllSearchCriteria&gt;true&lt;/matchAllSearchCriteria&gt;&#xD;
  &lt;orderOverride&gt;false&lt;/orderOverride&gt;&#xD;
  &lt;orderOverrideValue&gt;&lt;/orderOverrideValue&gt;&#xD;
  &lt;operationType&gt;DOC_OP_RENAME_REFERENCE&lt;/operationType&gt;&#xD;
  &lt;server&gt;useMappingServer&lt;/server&gt;&#xD;
  &lt;objectTypeSelection&gt;DOCUMENT&lt;/objectTypeSelection&gt;&#xD;
  &lt;useMappedVariable&gt;false&lt;/useMappedVariable&gt;&#xD;
  &lt;faultParameterId&gt;2055.04a53f03-0168-44b4-839f-4ada817f4af8&lt;/faultParameterId&gt;&#xD;
&lt;/config&gt;</definition>
                <guid>097a20f3-a5e2-4321-8928-8b4bef2ee99b</guid>
                <versionId>71ec970b-4eaa-40aa-993b-b178339cf186</versionId>
            </TWComponent>
        </item>
        <item>
            <lastModified isNull="true" />
            <lastModifiedBy isNull="true" />
            <tenantId isNull="true" />
            <processItemId>2025.d16fe370-59b5-4253-8ce4-15c5b938cfb4</processItemId>
            <processId>1.07f3fa3a-6c90-485e-8f19-226c5c4fde3f</processId>
            <name>Rename Folder Reference</name>
            <tWComponentName>ECMConnector</tWComponentName>
            <tWComponentId>3030.2dd6defe-3c59-47e1-8a78-b91fca3e19e6</tWComponentId>
            <isLogEnabled>false</isLogEnabled>
            <isTraceEnabled>false</isTraceEnabled>
            <traceCategory isNull="true" />
            <traceLevel isNull="true" />
            <traceMessage isNull="true" />
            <traceSymbolTable isNull="true" />
            <isExecutionContextTraced>false</isExecutionContextTraced>
            <saveExecutionContext>false</saveExecutionContext>
            <documentation isNull="true" />
            <isErrorHandlerEnabled>false</isErrorHandlerEnabled>
            <errorHandlerItemId isNull="true" />
            <guid>guid:5aded6565a65c8d9:-7506723d:159b1b6a1b7:-7ffb</guid>
            <versionId>95712de7-6b93-4807-a65f-3f912ecbd2c3</versionId>
            <externalServiceRef isNull="true" />
            <externalServiceOp isNull="true" />
            <nodeColor isNull="true" />
            <layoutData x="308" y="8">
                <errorLink>
                    <controlPoints />
                    <showEndState>false</showEndState>
                    <showName>false</showName>
                </errorLink>
            </layoutData>
            <TWComponent>
                <lastModified isNull="true" />
                <lastModifiedBy isNull="true" />
                <tenantId isNull="true" />
                <ecmConnectorId>3030.2dd6defe-3c59-47e1-8a78-b91fca3e19e6</ecmConnectorId>
                <definition>&lt;config type="com.lombardisoftware.client.persistence.ECMConnectorConfiguration"&gt;&#xD;
  &lt;inputParameters&gt;&#xD;
    &lt;parameter&gt;&#xD;
      &lt;name&gt;parentFolderId&lt;/name&gt;&#xD;
      &lt;type&gt;ECMID&lt;/type&gt;&#xD;
      &lt;description&gt;Parent folder ID&lt;/description&gt;&#xD;
      &lt;defaultValue&gt;&lt;/defaultValue&gt;&#xD;
      &lt;argumentVariable&gt;tw.local.data.parentFolderId&lt;/argumentVariable&gt;&#xD;
      &lt;isArray&gt;&lt;/isArray&gt;&#xD;
      &lt;isList&gt;false&lt;/isList&gt;&#xD;
    &lt;/parameter&gt;&#xD;
    &lt;parameter&gt;&#xD;
      &lt;name&gt;folderId&lt;/name&gt;&#xD;
      &lt;type&gt;ECMID&lt;/type&gt;&#xD;
      &lt;description&gt;Folder ID&lt;/description&gt;&#xD;
      &lt;defaultValue&gt;&lt;/defaultValue&gt;&#xD;
      &lt;argumentVariable&gt;tw.local.data.id&lt;/argumentVariable&gt;&#xD;
      &lt;isArray&gt;&lt;/isArray&gt;&#xD;
      &lt;isList&gt;false&lt;/isList&gt;&#xD;
    &lt;/parameter&gt;&#xD;
    &lt;parameter&gt;&#xD;
      &lt;name&gt;folderServerName&lt;/name&gt;&#xD;
      &lt;type&gt;String&lt;/type&gt;&#xD;
      &lt;description&gt;Folder server name&lt;/description&gt;&#xD;
      &lt;defaultValue&gt;&lt;/defaultValue&gt;&#xD;
      &lt;argumentVariable&gt;tw.local.data.folderServerName&lt;/argumentVariable&gt;&#xD;
      &lt;isArray&gt;&lt;/isArray&gt;&#xD;
      &lt;isList&gt;false&lt;/isList&gt;&#xD;
    &lt;/parameter&gt;&#xD;
    &lt;parameter&gt;&#xD;
      &lt;name&gt;referenceName&lt;/name&gt;&#xD;
      &lt;type&gt;String&lt;/type&gt;&#xD;
      &lt;description&gt;Reference name&lt;/description&gt;&#xD;
      &lt;defaultValue&gt;&lt;/defaultValue&gt;&#xD;
      &lt;argumentVariable&gt;tw.local.data.referenceName&lt;/argumentVariable&gt;&#xD;
      &lt;isArray&gt;&lt;/isArray&gt;&#xD;
      &lt;isList&gt;false&lt;/isList&gt;&#xD;
    &lt;/parameter&gt;&#xD;
    &lt;parameter&gt;&#xD;
      &lt;name&gt;serverName&lt;/name&gt;&#xD;
      &lt;type&gt;String&lt;/type&gt;&#xD;
      &lt;description&gt;Server name&lt;/description&gt;&#xD;
      &lt;defaultValue&gt;&lt;/defaultValue&gt;&#xD;
      &lt;argumentVariable&gt;tw.local.data.serverName&lt;/argumentVariable&gt;&#xD;
      &lt;isArray&gt;&lt;/isArray&gt;&#xD;
      &lt;isList&gt;false&lt;/isList&gt;&#xD;
    &lt;/parameter&gt;&#xD;
  &lt;/inputParameters&gt;&#xD;
  &lt;outputParameters /&gt;&#xD;
  &lt;matchAllSearchCriteria&gt;true&lt;/matchAllSearchCriteria&gt;&#xD;
  &lt;searchParameters /&gt;&#xD;
  &lt;selectParameters /&gt;&#xD;
  &lt;orderOverride&gt;false&lt;/orderOverride&gt;&#xD;
  &lt;orderOverrideValue&gt;&lt;/orderOverrideValue&gt;&#xD;
  &lt;operationType&gt;FOLDER_OP_RENAME_REFERENCE&lt;/operationType&gt;&#xD;
  &lt;server&gt;useMappingServer&lt;/server&gt;&#xD;
  &lt;objectTypeSelection&gt;DOCUMENT&lt;/objectTypeSelection&gt;&#xD;
  &lt;useMappedVariable&gt;false&lt;/useMappedVariable&gt;&#xD;
  &lt;faultParameterId&gt;2055.8858d68a-fc52-4273-98cb-133214cdc349&lt;/faultParameterId&gt;&#xD;
&lt;/config&gt;</definition>
                <guid>a2c19ca5-e9ea-4846-b23d-a9b18098f568</guid>
                <versionId>674c08d1-b39c-41e5-8df3-f953c9616530</versionId>
            </TWComponent>
        </item>
        <startingProcessItemId>2025.7f6ba448-fbf6-42ec-96d3-85000b437f72</startingProcessItemId>
        <errorHandlerItemId isNull="true" />
        <layoutData noConversion="true">
            <errorLink>
                <controlPoints />
                <showEndState>false</showEndState>
                <showName>false</showName>
            </errorLink>
        </layoutData>
        <startPoint>
            <layoutData x="20" y="101">
                <errorLink>
                    <controlPoints />
                    <showEndState>false</showEndState>
                    <showName>false</showName>
                </errorLink>
            </layoutData>
        </startPoint>
        <startLink>
            <fromPort locationId="rightCenter" portType="1" />
            <toPort locationId="leftCenter" portType="2" />
            <layoutData>
                <controlPoints />
                <showEndState>false</showEndState>
                <showName>false</showName>
            </layoutData>
        </startLink>
        <link name="Untitled">
            <lastModified isNull="true" />
            <lastModifiedBy isNull="true" />
            <tenantId isNull="true" />
            <processLinkId>2027.484d1fcb-6583-4c57-8af3-29c04678d96d</processLinkId>
            <processId>1.07f3fa3a-6c90-485e-8f19-226c5c4fde3f</processId>
            <description isNull="true" />
            <fromProcessItemId>2025.7f6ba448-fbf6-42ec-96d3-85000b437f72</fromProcessItemId>
            <endStateId>guid:dfa5456f69efbfcb:-7336425d:15a363c456d:-7ff9</endStateId>
            <toProcessItemId>2025.6fb40af1-0d12-4888-ada3-39e8716b72e2</toProcessItemId>
            <guid>4b1c0cb4-176c-4f66-af44-f7bd9e66bd73</guid>
            <versionId>c5dcb374-20b8-43fa-b2cc-61fae0d400d9</versionId>
            <layoutData>
                <controlPoints />
                <showEndState>false</showEndState>
                <showName>false</showName>
            </layoutData>
            <fromItemPort locationId="bottomCenter" portType="1" />
            <toItemPort locationId="leftCenter" portType="2" />
            <fromProcessItemId>2025.7f6ba448-fbf6-42ec-96d3-85000b437f72</fromProcessItemId>
            <toProcessItemId>2025.6fb40af1-0d12-4888-ada3-39e8716b72e2</toProcessItemId>
        </link>
        <link name="Untitled">
            <lastModified isNull="true" />
            <lastModifiedBy isNull="true" />
            <tenantId isNull="true" />
            <processLinkId>2027.47512e4c-1295-4f9c-a156-c6f54d2625c8</processLinkId>
            <processId>1.07f3fa3a-6c90-485e-8f19-226c5c4fde3f</processId>
            <description isNull="true" />
            <fromProcessItemId>2025.7f6ba448-fbf6-42ec-96d3-85000b437f72</fromProcessItemId>
            <endStateId>DEFAULT</endStateId>
            <toProcessItemId>2025.d16fe370-59b5-4253-8ce4-15c5b938cfb4</toProcessItemId>
            <guid>d45e0e51-cfb5-41c7-82f8-f4e3eaf42428</guid>
            <versionId>ae17a3ca-1cc3-43f6-9f7a-afb8f2450088</versionId>
            <layoutData>
                <controlPoints />
                <showEndState>false</showEndState>
                <showName>false</showName>
            </layoutData>
            <fromItemPort locationId="topCenter" portType="1" />
            <toItemPort locationId="leftCenter" portType="2" />
            <fromProcessItemId>2025.7f6ba448-fbf6-42ec-96d3-85000b437f72</fromProcessItemId>
            <toProcessItemId>2025.d16fe370-59b5-4253-8ce4-15c5b938cfb4</toProcessItemId>
        </link>
        <link name="Untitled">
            <lastModified isNull="true" />
            <lastModifiedBy isNull="true" />
            <tenantId isNull="true" />
            <processLinkId>2027.34c40dff-5724-46ad-921e-a8ccbce891fc</processLinkId>
            <processId>1.07f3fa3a-6c90-485e-8f19-226c5c4fde3f</processId>
            <description isNull="true" />
            <fromProcessItemId>2025.d16fe370-59b5-4253-8ce4-15c5b938cfb4</fromProcessItemId>
            <endStateId>Out</endStateId>
            <toProcessItemId>2025.80af9eff-3ba5-4297-882c-0ad53b958f97</toProcessItemId>
            <guid>a91bcfcf-b1fd-4b69-b2aa-32ff4b5bbc59</guid>
            <versionId>c5bbafc6-ee93-4bd7-8807-4cf83079ba0f</versionId>
            <layoutData>
                <controlPoints />
                <showEndState>false</showEndState>
                <showName>false</showName>
            </layoutData>
            <fromItemPort locationId="rightCenter" portType="1" />
            <toItemPort locationId="topCenter" portType="2" />
            <fromProcessItemId>2025.d16fe370-59b5-4253-8ce4-15c5b938cfb4</fromProcessItemId>
            <toProcessItemId>2025.80af9eff-3ba5-4297-882c-0ad53b958f97</toProcessItemId>
        </link>
        <link name="Untitled">
            <lastModified isNull="true" />
            <lastModifiedBy isNull="true" />
            <tenantId isNull="true" />
            <processLinkId>2027.a3dcc2a9-0325-453d-99b1-b24e900d0e9a</processLinkId>
            <processId>1.07f3fa3a-6c90-485e-8f19-226c5c4fde3f</processId>
            <description isNull="true" />
            <fromProcessItemId>2025.6fb40af1-0d12-4888-ada3-39e8716b72e2</fromProcessItemId>
            <endStateId>Out</endStateId>
            <toProcessItemId>2025.80af9eff-3ba5-4297-882c-0ad53b958f97</toProcessItemId>
            <guid>523e3a36-5204-45f6-87ac-1b41a5bdb560</guid>
            <versionId>116697e8-4292-498e-b2e4-e51f839c687a</versionId>
            <layoutData>
                <controlPoints />
                <showEndState>false</showEndState>
                <showName>false</showName>
            </layoutData>
            <fromItemPort locationId="rightCenter" portType="1" />
            <toItemPort locationId="bottomCenter" portType="2" />
            <fromProcessItemId>2025.6fb40af1-0d12-4888-ada3-39e8716b72e2</fromProcessItemId>
            <toProcessItemId>2025.80af9eff-3ba5-4297-882c-0ad53b958f97</toProcessItemId>
        </link>
    </process>
</teamworks>

