<?xml version="1.0" encoding="UTF-8"?>
<teamworks>
    <process id="1.145f5ee6-557d-4c8e-88a3-38cb1839d3d0" name="ECM Cancel Checkout Service">
        <lastModified>1485261512710</lastModified>
        <lastModifiedBy>celladmin</lastModifiedBy>
        <tenantId isNull="true" />
        <processId>1.145f5ee6-557d-4c8e-88a3-38cb1839d3d0</processId>
        <image isNull="true" />
        <tabGroup isNull="true" />
        <startingProcessItemId>2025.6746fcff-65a5-4fc0-bccd-3000f5405ea1</startingProcessItemId>
        <isRootProcess>false</isRootProcess>
        <processType>2</processType>
        <isErrorHandlerEnabled>false</isErrorHandlerEnabled>
        <errorHandlerItemId isNull="true" />
        <isLoggingVariables>false</isLoggingVariables>
        <isTransactional>false</isTransactional>
        <processTimingLevel isNull="true" />
        <participantRef isNull="true" />
        <exposedType isNull="true" />
        <isTrackingEnabled>true</isTrackingEnabled>
        <xmlData isNull="true" />
        <cachingType>false</cachingType>
        <itemLabel isNull="true" />
        <cacheLength>43200</cacheLength>
        <mobileReady>false</mobileReady>
        <sboSyncEnabled>false</sboSyncEnabled>
        <externalId isNull="true" />
        <isSecured>false</isSecured>
        <isAjaxExposed>false</isAjaxExposed>
        <isInvokedAsynchronously>false</isInvokedAsynchronously>
        <description isNull="true" />
        <guid>guid:202f03917ad66b6e:7a09a9a:159cf0e4fc4:-7ffa</guid>
        <versionId>3b2e55dc-c3af-45ac-93af-bcd59cb9d05f</versionId>
        <dependencySummary isNull="true" />
        <jsonData isNull="true" />
        <field1 isNull="true" />
        <field2 isNull="true" />
        <field3>0</field3>
        <field4 isNull="true" />
        <field5>false</field5>
        <clobField1 isNull="true" />
        <blobField1 isNull="true" />
        <processParameter name="data">
            <lastModified isNull="true" />
            <lastModifiedBy isNull="true" />
            <tenantId isNull="true" />
            <processParameterId>2055.e5de4d1e-e5df-4ae6-bfc4-fb0267fae2fd</processParameterId>
            <processId>1.145f5ee6-557d-4c8e-88a3-38cb1839d3d0</processId>
            <parameterType>1</parameterType>
            <isArrayOf>false</isArrayOf>
            <classId>/12.cf54c4c5-0fe6-40c1-b8d3-208ca5e60edd</classId>
            <seq>1</seq>
            <hasDefault>false</hasDefault>
            <defaultValue isNull="true" />
            <isLocked>false</isLocked>
            <description isNull="true" />
            <guid>3104346f-46bb-4361-aef3-9324a966a9d0</guid>
            <versionId>6c0cce07-9873-4431-b79a-ebe87750dfbe</versionId>
        </processParameter>
        <processParameter name="results">
            <lastModified isNull="true" />
            <lastModifiedBy isNull="true" />
            <tenantId isNull="true" />
            <processParameterId>2055.85ca6b8f-4f0b-4a92-9f8f-1f52901e8737</processParameterId>
            <processId>1.145f5ee6-557d-4c8e-88a3-38cb1839d3d0</processId>
            <parameterType>2</parameterType>
            <isArrayOf>false</isArrayOf>
            <classId>f1e96cc6-5fd9-4002-8b04-107d4ddae78a/12.c09c9b6e-aabd-4897-bef2-ed61db106297</classId>
            <seq>2</seq>
            <hasDefault>false</hasDefault>
            <defaultValue isNull="true" />
            <isLocked>false</isLocked>
            <description isNull="true" />
            <guid>cc958ef8-937a-47c3-9cfc-c221435de1ce</guid>
            <versionId>06b3eae9-c8b5-4b94-ae56-1e2d12c835f4</versionId>
        </processParameter>
        <processParameter name="error">
            <lastModified isNull="true" />
            <lastModifiedBy isNull="true" />
            <tenantId isNull="true" />
            <processParameterId>2055.664d345e-b6bf-4b67-a04e-f5a14e9f2cb7</processParameterId>
            <processId>1.145f5ee6-557d-4c8e-88a3-38cb1839d3d0</processId>
            <parameterType>2</parameterType>
            <isArrayOf>false</isArrayOf>
            <classId>f496ca18-836b-46b7-8846-85b2ee01f7eb/12.5551644c-3dc6-4161-a939-4e7f27f8ce45</classId>
            <seq>3</seq>
            <hasDefault>false</hasDefault>
            <defaultValue isNull="true" />
            <isLocked>false</isLocked>
            <description isNull="true" />
            <guid>de4825cb-d94f-469d-ae97-c426bf197d1f</guid>
            <versionId>2d07b259-4a90-4cf0-b27f-7eb1ff4e920a</versionId>
        </processParameter>
        <item>
            <lastModified isNull="true" />
            <lastModifiedBy isNull="true" />
            <tenantId isNull="true" />
            <processItemId>2025.6746fcff-65a5-4fc0-bccd-3000f5405ea1</processItemId>
            <processId>1.145f5ee6-557d-4c8e-88a3-38cb1839d3d0</processId>
            <name>Checkout Document</name>
            <tWComponentName>ECMConnector</tWComponentName>
            <tWComponentId>3030.e2763c30-b53a-4b91-ad24-c3591f4b4bd8</tWComponentId>
            <isLogEnabled>false</isLogEnabled>
            <isTraceEnabled>false</isTraceEnabled>
            <traceCategory isNull="true" />
            <traceLevel isNull="true" />
            <traceMessage isNull="true" />
            <traceSymbolTable isNull="true" />
            <isExecutionContextTraced>false</isExecutionContextTraced>
            <saveExecutionContext>false</saveExecutionContext>
            <documentation isNull="true" />
            <isErrorHandlerEnabled>false</isErrorHandlerEnabled>
            <errorHandlerItemId isNull="true" />
            <guid>guid:202f03917ad66b6e:7a09a9a:159cf0e4fc4:-7ff7</guid>
            <versionId>8f92dd8f-1d2b-4d15-87bd-213441eac1da</versionId>
            <externalServiceRef isNull="true" />
            <externalServiceOp isNull="true" />
            <nodeColor isNull="true" />
            <layoutData x="193" y="81">
                <errorLink>
                    <controlPoints />
                    <showEndState>false</showEndState>
                    <showName>false</showName>
                </errorLink>
            </layoutData>
            <TWComponent>
                <lastModified isNull="true" />
                <lastModifiedBy isNull="true" />
                <tenantId isNull="true" />
                <ecmConnectorId>3030.e2763c30-b53a-4b91-ad24-c3591f4b4bd8</ecmConnectorId>
                <definition>&lt;config type="com.lombardisoftware.client.persistence.ECMConnectorConfiguration"&gt;&#xD;
  &lt;inputParameters&gt;&#xD;
    &lt;parameter&gt;&#xD;
      &lt;name&gt;pwcDocumentId&lt;/name&gt;&#xD;
      &lt;type&gt;ECMID&lt;/type&gt;&#xD;
      &lt;description&gt;Private working copy document ID&lt;/description&gt;&#xD;
      &lt;defaultValue&gt;&lt;/defaultValue&gt;&#xD;
      &lt;argumentVariable&gt;tw.local.data.documentId&lt;/argumentVariable&gt;&#xD;
      &lt;isArray&gt;&lt;/isArray&gt;&#xD;
      &lt;isList&gt;false&lt;/isList&gt;&#xD;
    &lt;/parameter&gt;&#xD;
    &lt;parameter&gt;&#xD;
      &lt;name&gt;serverName&lt;/name&gt;&#xD;
      &lt;type&gt;String&lt;/type&gt;&#xD;
      &lt;description&gt;Server name&lt;/description&gt;&#xD;
      &lt;defaultValue&gt;&lt;/defaultValue&gt;&#xD;
      &lt;argumentVariable&gt;tw.local.data.serverName&lt;/argumentVariable&gt;&#xD;
      &lt;isArray&gt;&lt;/isArray&gt;&#xD;
      &lt;isList&gt;false&lt;/isList&gt;&#xD;
    &lt;/parameter&gt;&#xD;
  &lt;/inputParameters&gt;&#xD;
  &lt;outputParameters /&gt;&#xD;
  &lt;matchAllSearchCriteria&gt;true&lt;/matchAllSearchCriteria&gt;&#xD;
  &lt;searchParameters /&gt;&#xD;
  &lt;selectParameters /&gt;&#xD;
  &lt;orderOverride&gt;false&lt;/orderOverride&gt;&#xD;
  &lt;orderOverrideValue&gt;&lt;/orderOverrideValue&gt;&#xD;
  &lt;operationType&gt;DOC_OP_CANCEL_CHECK_OUT_DOCUMENT&lt;/operationType&gt;&#xD;
  &lt;server&gt;useMappingServer&lt;/server&gt;&#xD;
  &lt;objectTypeSelection&gt;DOCUMENT&lt;/objectTypeSelection&gt;&#xD;
  &lt;useMappedVariable&gt;false&lt;/useMappedVariable&gt;&#xD;
  &lt;faultParameterId&gt;2055.c9715fbc-50a7-428c-bc78-eeddf4105290&lt;/faultParameterId&gt;&#xD;
&lt;/config&gt;</definition>
                <guid>1915f49b-763e-4e9c-8598-6c8f061e3411</guid>
                <versionId>1d496f1b-5a54-4a3f-8ac4-50a8334abf28</versionId>
            </TWComponent>
        </item>
        <item>
            <lastModified isNull="true" />
            <lastModifiedBy isNull="true" />
            <tenantId isNull="true" />
            <processItemId>2025.ba49684f-2571-42ca-bb84-2c78901e3ebb</processItemId>
            <processId>1.145f5ee6-557d-4c8e-88a3-38cb1839d3d0</processId>
            <name>End</name>
            <tWComponentName>ExitPoint</tWComponentName>
            <tWComponentId>3008.48c0af22-dabc-4c59-a2f8-c0737ca6125d</tWComponentId>
            <isLogEnabled>false</isLogEnabled>
            <isTraceEnabled>false</isTraceEnabled>
            <traceCategory isNull="true" />
            <traceLevel isNull="true" />
            <traceMessage isNull="true" />
            <traceSymbolTable isNull="true" />
            <isExecutionContextTraced>false</isExecutionContextTraced>
            <saveExecutionContext>true</saveExecutionContext>
            <documentation isNull="true" />
            <isErrorHandlerEnabled>false</isErrorHandlerEnabled>
            <errorHandlerItemId isNull="true" />
            <guid>guid:202f03917ad66b6e:7a09a9a:159cf0e4fc4:-7ff9</guid>
            <versionId>98fe5865-7acb-4081-a289-994409b32002</versionId>
            <externalServiceRef isNull="true" />
            <externalServiceOp isNull="true" />
            <nodeColor isNull="true" />
            <layoutData x="395" y="96">
                <errorLink>
                    <controlPoints />
                    <showEndState>false</showEndState>
                    <showName>false</showName>
                </errorLink>
            </layoutData>
            <TWComponent>
                <lastModified isNull="true" />
                <lastModifiedBy isNull="true" />
                <tenantId isNull="true" />
                <exitPointId>3008.48c0af22-dabc-4c59-a2f8-c0737ca6125d</exitPointId>
                <haltProcess>false</haltProcess>
                <guid>8b016b33-c982-4642-b1d5-15519e8666b1</guid>
                <versionId>9dde146c-28a8-49e2-bf63-4caa1fe4f03d</versionId>
            </TWComponent>
        </item>
        <startingProcessItemId>2025.6746fcff-65a5-4fc0-bccd-3000f5405ea1</startingProcessItemId>
        <errorHandlerItemId isNull="true" />
        <layoutData noConversion="true">
            <errorLink>
                <controlPoints />
                <showEndState>false</showEndState>
                <showName>false</showName>
            </errorLink>
        </layoutData>
        <startPoint>
            <layoutData x="20" y="97">
                <errorLink>
                    <controlPoints />
                    <showEndState>false</showEndState>
                    <showName>false</showName>
                </errorLink>
            </layoutData>
        </startPoint>
        <startLink>
            <fromPort locationId="rightCenter" portType="1" />
            <toPort locationId="leftCenter" portType="2" />
            <layoutData>
                <controlPoints />
                <showEndState>false</showEndState>
                <showName>false</showName>
            </layoutData>
        </startLink>
        <link name="Untitled">
            <lastModified isNull="true" />
            <lastModifiedBy isNull="true" />
            <tenantId isNull="true" />
            <processLinkId>2027.0ee3d8de-e26c-4053-8e92-6537aecca3f7</processLinkId>
            <processId>1.145f5ee6-557d-4c8e-88a3-38cb1839d3d0</processId>
            <description isNull="true" />
            <fromProcessItemId>2025.6746fcff-65a5-4fc0-bccd-3000f5405ea1</fromProcessItemId>
            <endStateId>Out</endStateId>
            <toProcessItemId>2025.ba49684f-2571-42ca-bb84-2c78901e3ebb</toProcessItemId>
            <guid>052dd539-db82-4e91-994f-b284d478ed4a</guid>
            <versionId>0b79b1b5-f278-495f-8fdb-16e70ddaa36f</versionId>
            <layoutData>
                <controlPoints />
                <showEndState>false</showEndState>
                <showName>false</showName>
            </layoutData>
            <fromItemPort locationId="rightCenter" portType="1" />
            <toItemPort locationId="leftCenter" portType="2" />
            <fromProcessItemId>2025.6746fcff-65a5-4fc0-bccd-3000f5405ea1</fromProcessItemId>
            <toProcessItemId>2025.ba49684f-2571-42ca-bb84-2c78901e3ebb</toProcessItemId>
        </link>
    </process>
</teamworks>

