<?xml version="1.0" encoding="UTF-8"?>
<teamworks>
    <process id="1.18e6b447-3293-44d9-8e44-3a983de065f8" name="ECM Get All Document Versions Service">
        <lastModified>1497472580654</lastModified>
        <lastModifiedBy>tw_admin</lastModifiedBy>
        <tenantId isNull="true" />
        <processId>1.18e6b447-3293-44d9-8e44-3a983de065f8</processId>
        <image isNull="true" />
        <tabGroup isNull="true" />
        <startingProcessItemId>2025.ca405c1b-d5b4-4f2f-ae56-66ede455e8cd</startingProcessItemId>
        <isRootProcess>false</isRootProcess>
        <processType>2</processType>
        <isErrorHandlerEnabled>false</isErrorHandlerEnabled>
        <errorHandlerItemId isNull="true" />
        <isLoggingVariables>false</isLoggingVariables>
        <isTransactional>false</isTransactional>
        <processTimingLevel isNull="true" />
        <participantRef isNull="true" />
        <exposedType isNull="true" />
        <isTrackingEnabled>true</isTrackingEnabled>
        <xmlData isNull="true" />
        <cachingType>false</cachingType>
        <itemLabel isNull="true" />
        <cacheLength>43200</cacheLength>
        <mobileReady>false</mobileReady>
        <sboSyncEnabled>false</sboSyncEnabled>
        <externalId isNull="true" />
        <isSecured>false</isSecured>
        <isAjaxExposed>false</isAjaxExposed>
        <isInvokedAsynchronously>false</isInvokedAsynchronously>
        <description isNull="true" />
        <guid>guid:764e9ccda9a03a59:-7f1b3bdd:156e0ba5bfa:-7ffa</guid>
        <versionId>4d1a26af-84b0-4c99-b19c-709cc41bcdd1</versionId>
        <dependencySummary isNull="true" />
        <jsonData isNull="true" />
        <field1 isNull="true" />
        <field2 isNull="true" />
        <field3>0</field3>
        <field4 isNull="true" />
        <field5>false</field5>
        <clobField1 isNull="true" />
        <blobField1 isNull="true" />
        <processParameter name="data">
            <lastModified isNull="true" />
            <lastModifiedBy isNull="true" />
            <tenantId isNull="true" />
            <processParameterId>2055.67620d61-43e0-47fa-9d01-202886622784</processParameterId>
            <processId>1.18e6b447-3293-44d9-8e44-3a983de065f8</processId>
            <parameterType>1</parameterType>
            <isArrayOf>false</isArrayOf>
            <classId>/12.84f1541f-f00a-4d9d-b4fa-91b71099b341</classId>
            <seq>1</seq>
            <hasDefault>false</hasDefault>
            <defaultValue isNull="true" />
            <isLocked>false</isLocked>
            <description isNull="true" />
            <guid>1d6654e6-7c90-43ee-b57b-71816052ca63</guid>
            <versionId>f7aa6d0b-6ffc-4e0b-89bd-9bf7fb26323a</versionId>
        </processParameter>
        <processParameter name="results">
            <lastModified isNull="true" />
            <lastModifiedBy isNull="true" />
            <tenantId isNull="true" />
            <processParameterId>2055.a8f4ebaa-8e15-474c-b7cc-2ba35f377a6e</processParameterId>
            <processId>1.18e6b447-3293-44d9-8e44-3a983de065f8</processId>
            <parameterType>2</parameterType>
            <isArrayOf>false</isArrayOf>
            <classId>f1e96cc6-5fd9-4002-8b04-107d4ddae78a/12.c09c9b6e-aabd-4897-bef2-ed61db106297</classId>
            <seq>2</seq>
            <hasDefault>false</hasDefault>
            <defaultValue isNull="true" />
            <isLocked>false</isLocked>
            <description isNull="true" />
            <guid>3c3b799b-ec3e-4cd9-ae0d-703285de7e95</guid>
            <versionId>097dc886-b918-47f3-bd7b-f55d71dc4c3e</versionId>
        </processParameter>
        <processParameter name="error">
            <lastModified isNull="true" />
            <lastModifiedBy isNull="true" />
            <tenantId isNull="true" />
            <processParameterId>2055.c918c935-63e9-4857-acc3-ae4cf96a98ab</processParameterId>
            <processId>1.18e6b447-3293-44d9-8e44-3a983de065f8</processId>
            <parameterType>2</parameterType>
            <isArrayOf>false</isArrayOf>
            <classId>f496ca18-836b-46b7-8846-85b2ee01f7eb/12.5551644c-3dc6-4161-a939-4e7f27f8ce45</classId>
            <seq>3</seq>
            <hasDefault>false</hasDefault>
            <defaultValue isNull="true" />
            <isLocked>false</isLocked>
            <description isNull="true" />
            <guid>696aead3-8c4f-4d61-ba33-85bbd6470d80</guid>
            <versionId>7b00e48e-d351-45bb-9c6b-613632bf5903</versionId>
        </processParameter>
        <item>
            <lastModified isNull="true" />
            <lastModifiedBy isNull="true" />
            <tenantId isNull="true" />
            <processItemId>2025.ca405c1b-d5b4-4f2f-ae56-66ede455e8cd</processItemId>
            <processId>1.18e6b447-3293-44d9-8e44-3a983de065f8</processId>
            <name>Check Target Server</name>
            <tWComponentName>Script</tWComponentName>
            <tWComponentId>3011.0b5de7ff-2536-4533-b759-b4d9a2bfd7a5</tWComponentId>
            <isLogEnabled>false</isLogEnabled>
            <isTraceEnabled>false</isTraceEnabled>
            <traceCategory isNull="true" />
            <traceLevel isNull="true" />
            <traceMessage isNull="true" />
            <traceSymbolTable isNull="true" />
            <isExecutionContextTraced>false</isExecutionContextTraced>
            <saveExecutionContext>false</saveExecutionContext>
            <documentation isNull="true" />
            <isErrorHandlerEnabled>false</isErrorHandlerEnabled>
            <errorHandlerItemId isNull="true" />
            <guid>guid:c15a7746ca38fa58:-4a4acb0a:15ca6bd5904:-7fef</guid>
            <versionId>c05a6b39-aaf6-4065-a129-21922f8e0c53</versionId>
            <externalServiceRef isNull="true" />
            <externalServiceOp isNull="true" />
            <nodeColor isNull="true" />
            <layoutData x="184" y="84">
                <errorLink>
                    <controlPoints />
                    <showEndState>false</showEndState>
                    <showName>false</showName>
                </errorLink>
            </layoutData>
            <TWComponent>
                <lastModified isNull="true" />
                <lastModifiedBy isNull="true" />
                <tenantId isNull="true" />
                <scriptId>3011.0b5de7ff-2536-4533-b759-b4d9a2bfd7a5</scriptId>
                <scriptTypeId>2</scriptTypeId>
                <isActive>true</isActive>
                <script>if(tw.local.data.serverName == undefined){
    tw.local.data.serverName = ECMServerNames.IBM_BPM_DOCUMENT_STORE;
}</script>
                <isRule>false</isRule>
                <guid>38fc64d1-8449-4261-a2fe-9da46d326210</guid>
                <versionId>39a2d5e4-1b6d-4864-acfe-b0f551e92c9c</versionId>
            </TWComponent>
        </item>
        <item>
            <lastModified isNull="true" />
            <lastModifiedBy isNull="true" />
            <tenantId isNull="true" />
            <processItemId>2025.ab10f0d3-f17e-4509-9a13-37c81301ead9</processItemId>
            <processId>1.18e6b447-3293-44d9-8e44-3a983de065f8</processId>
            <name>End</name>
            <tWComponentName>ExitPoint</tWComponentName>
            <tWComponentId>3008.84ad6251-9ad2-4575-b036-5c1177adcea2</tWComponentId>
            <isLogEnabled>false</isLogEnabled>
            <isTraceEnabled>false</isTraceEnabled>
            <traceCategory isNull="true" />
            <traceLevel isNull="true" />
            <traceMessage isNull="true" />
            <traceSymbolTable isNull="true" />
            <isExecutionContextTraced>false</isExecutionContextTraced>
            <saveExecutionContext>true</saveExecutionContext>
            <documentation isNull="true" />
            <isErrorHandlerEnabled>false</isErrorHandlerEnabled>
            <errorHandlerItemId isNull="true" />
            <guid>guid:764e9ccda9a03a59:-7f1b3bdd:156e0ba5bfa:-7ff9</guid>
            <versionId>6e57215b-d5d3-43cb-bb84-902e16f27992</versionId>
            <externalServiceRef isNull="true" />
            <externalServiceOp isNull="true" />
            <nodeColor isNull="true" />
            <processPrePosts>
                <lastModified isNull="true" />
                <lastModifiedBy isNull="true" />
                <tenantId isNull="true" />
                <processItemPrePostId>2029.0acde1fc-ce5a-4f23-8988-346aaba42769</processItemPrePostId>
                <processItemId>2025.ab10f0d3-f17e-4509-9a13-37c81301ead9</processItemId>
                <location>2</location>
                <script isNull="true" />
                <guid>0d3a2551-ae70-4ae7-b98b-58968da0ac84</guid>
                <versionId>e1cb932e-d238-4aaf-a162-10df5fa917e4</versionId>
            </processPrePosts>
            <processPrePosts>
                <lastModified isNull="true" />
                <lastModifiedBy isNull="true" />
                <tenantId isNull="true" />
                <processItemPrePostId>2029.e1faefd2-c258-4e6a-acd4-53b289bb597c</processItemPrePostId>
                <processItemId>2025.ab10f0d3-f17e-4509-9a13-37c81301ead9</processItemId>
                <location>1</location>
                <script isNull="true" />
                <guid>3c38ef14-e0bf-4cea-b0a9-a156ab0d6db1</guid>
                <versionId>28838d8d-9384-41e0-b3d9-ae0a44701abb</versionId>
            </processPrePosts>
            <layoutData x="667" y="99">
                <errorLink>
                    <controlPoints />
                    <showEndState>false</showEndState>
                    <showName>false</showName>
                </errorLink>
            </layoutData>
            <TWComponent>
                <lastModified isNull="true" />
                <lastModifiedBy isNull="true" />
                <tenantId isNull="true" />
                <exitPointId>3008.84ad6251-9ad2-4575-b036-5c1177adcea2</exitPointId>
                <haltProcess>false</haltProcess>
                <guid>574ddb21-e291-438a-a072-4ab8c38c9bdb</guid>
                <versionId>15ef0414-0408-49d0-9293-02fce0f55081</versionId>
            </TWComponent>
        </item>
        <item>
            <lastModified isNull="true" />
            <lastModifiedBy isNull="true" />
            <tenantId isNull="true" />
            <processItemId>2025.eac41755-69db-4ec1-bb79-2ff2b0237d95</processItemId>
            <processId>1.18e6b447-3293-44d9-8e44-3a983de065f8</processId>
            <name>Get all document versions</name>
            <tWComponentName>ECMConnector</tWComponentName>
            <tWComponentId>3030.41c65ead-ea15-4cbb-af89-e98ce88093dd</tWComponentId>
            <isLogEnabled>false</isLogEnabled>
            <isTraceEnabled>false</isTraceEnabled>
            <traceCategory isNull="true" />
            <traceLevel isNull="true" />
            <traceMessage isNull="true" />
            <traceSymbolTable isNull="true" />
            <isExecutionContextTraced>false</isExecutionContextTraced>
            <saveExecutionContext>false</saveExecutionContext>
            <documentation isNull="true" />
            <isErrorHandlerEnabled>false</isErrorHandlerEnabled>
            <errorHandlerItemId isNull="true" />
            <guid>guid:764e9ccda9a03a59:-7f1b3bdd:156e0ba5bfa:-7ff5</guid>
            <versionId>363981be-915e-4546-a5b9-3424a51efb90</versionId>
            <externalServiceRef isNull="true" />
            <externalServiceOp isNull="true" />
            <nodeColor isNull="true" />
            <layoutData x="331" y="84">
                <errorLink>
                    <controlPoints />
                    <showEndState>false</showEndState>
                    <showName>false</showName>
                </errorLink>
            </layoutData>
            <TWComponent>
                <lastModified isNull="true" />
                <lastModifiedBy isNull="true" />
                <tenantId isNull="true" />
                <ecmConnectorId>3030.41c65ead-ea15-4cbb-af89-e98ce88093dd</ecmConnectorId>
                <definition>&lt;config type="com.lombardisoftware.client.persistence.ECMConnectorConfiguration"&gt;&#xD;
  &lt;inputParameters&gt;&#xD;
    &lt;parameter&gt;&#xD;
      &lt;name&gt;documentId&lt;/name&gt;&#xD;
      &lt;type&gt;ECMID&lt;/type&gt;&#xD;
      &lt;description&gt;Document ID&lt;/description&gt;&#xD;
      &lt;defaultValue&gt;&lt;/defaultValue&gt;&#xD;
      &lt;argumentVariable&gt;tw.local.data.versionSeriesId&lt;/argumentVariable&gt;&#xD;
      &lt;isArray&gt;&lt;/isArray&gt;&#xD;
      &lt;isList&gt;false&lt;/isList&gt;&#xD;
    &lt;/parameter&gt;&#xD;
    &lt;parameter&gt;&#xD;
      &lt;name&gt;serverName&lt;/name&gt;&#xD;
      &lt;type&gt;String&lt;/type&gt;&#xD;
      &lt;description&gt;Server name&lt;/description&gt;&#xD;
      &lt;defaultValue&gt;&lt;/defaultValue&gt;&#xD;
      &lt;argumentVariable&gt;tw.local.data.serverName&lt;/argumentVariable&gt;&#xD;
      &lt;isArray&gt;&lt;/isArray&gt;&#xD;
      &lt;isList&gt;false&lt;/isList&gt;&#xD;
    &lt;/parameter&gt;&#xD;
  &lt;/inputParameters&gt;&#xD;
  &lt;outputParameters&gt;&#xD;
    &lt;parameter&gt;&#xD;
      &lt;name&gt;documents&lt;/name&gt;&#xD;
      &lt;type&gt;ECMDocument&lt;/type&gt;&#xD;
      &lt;description&gt;Documents&lt;/description&gt;&#xD;
      &lt;defaultValue&gt;&lt;/defaultValue&gt;&#xD;
      &lt;argumentVariable&gt;tw.local.results&lt;/argumentVariable&gt;&#xD;
      &lt;isArray&gt;&lt;/isArray&gt;&#xD;
      &lt;isList&gt;true&lt;/isList&gt;&#xD;
    &lt;/parameter&gt;&#xD;
  &lt;/outputParameters&gt;&#xD;
  &lt;matchAllSearchCriteria&gt;true&lt;/matchAllSearchCriteria&gt;&#xD;
  &lt;orderOverride&gt;false&lt;/orderOverride&gt;&#xD;
  &lt;orderOverrideValue&gt;&lt;/orderOverrideValue&gt;&#xD;
  &lt;operationType&gt;DOC_OP_GET_ALL_DOCUMENT_VERSIONS&lt;/operationType&gt;&#xD;
  &lt;server&gt;useMappingServer&lt;/server&gt;&#xD;
  &lt;objectTypeSelection&gt;DOCUMENT&lt;/objectTypeSelection&gt;&#xD;
  &lt;useMappedVariable&gt;false&lt;/useMappedVariable&gt;&#xD;
  &lt;faultParameterId&gt;2055.9d506944-4548-43dd-af73-7602f569bc1c&lt;/faultParameterId&gt;&#xD;
&lt;/config&gt;</definition>
                <guid>fd416708-6cf0-4d18-85f3-e10d1fb115e8</guid>
                <versionId>43a25554-e60b-4137-9b80-ef3b25af12fa</versionId>
            </TWComponent>
        </item>
        <item>
            <lastModified isNull="true" />
            <lastModifiedBy isNull="true" />
            <tenantId isNull="true" />
            <processItemId>2025.f174bd57-3b08-4176-804f-078b1d8bcee1</processItemId>
            <processId>1.18e6b447-3293-44d9-8e44-3a983de065f8</processId>
            <name>Convert User IDs to User Names</name>
            <tWComponentName>Script</tWComponentName>
            <tWComponentId>3011.7c9ace51-ced0-4cac-91f6-74ea5b199e59</tWComponentId>
            <isLogEnabled>false</isLogEnabled>
            <isTraceEnabled>false</isTraceEnabled>
            <traceCategory isNull="true" />
            <traceLevel isNull="true" />
            <traceMessage isNull="true" />
            <traceSymbolTable isNull="true" />
            <isExecutionContextTraced>false</isExecutionContextTraced>
            <saveExecutionContext>false</saveExecutionContext>
            <documentation isNull="true" />
            <isErrorHandlerEnabled>false</isErrorHandlerEnabled>
            <errorHandlerItemId isNull="true" />
            <guid>guid:764e9ccda9a03a59:-7f1b3bdd:156e0ba5bfa:-7ff6</guid>
            <versionId>88d24797-f4b5-4fb6-9b38-ba805f186fa1</versionId>
            <externalServiceRef isNull="true" />
            <externalServiceOp isNull="true" />
            <nodeColor isNull="true" />
            <layoutData x="503" y="84">
                <errorLink>
                    <controlPoints />
                    <showEndState>false</showEndState>
                    <showName>false</showName>
                </errorLink>
            </layoutData>
            <TWComponent>
                <lastModified isNull="true" />
                <lastModifiedBy isNull="true" />
                <tenantId isNull="true" />
                <scriptId>3011.7c9ace51-ced0-4cac-91f6-74ea5b199e59</scriptId>
                <scriptTypeId>2</scriptTypeId>
                <isActive>true</isActive>
                <script>/*
 This server script converts user IDs to user names in the documents list
 for enhanced readability in the Document List coach view 'Modified by' and 
 'Created by' columns
*/

if (tw.local.results.listLength &gt; 0) {
    var userIdMap = new tw.object.Map();
    
    //Update all documents in the list
    for (var i = 0; i &lt; tw.local.results.listLength; i++) {
        var doc = tw.local.results[i];
        
        //We only need to do this for documents in the IBM BPM document store
        if(doc.objectTypeId == 'IBM_BPM_Document') {

            //Iterate through the list of properties to find the UserId property
            for (var j = 0; j &lt; doc.properties.listLength; j++) {
                var property = doc.properties[j];
                
                if(property.objectTypeId == 'IBM_BPM_Document_UserId') {
                    var userId = property.value;
                    
                    //To limit findUserByName requests, previously resolved user names
                    //are cached in a map
                    if (!userIdMap.containsKey(userId)) {
                        var user = tw.system.org.findUserById(userId);
                        var userName = user != null ? user.fullName : userId;
                        userIdMap.put(userId, userName);
                    }
                    
                    //Update the two fields with the resolved full names
                    doc.lastModifiedBy = userIdMap.get(userId);
                    doc.createdBy = userIdMap.get(userId);
                    
                    break;
                }
            }
        }
    }
}</script>
                <isRule>false</isRule>
                <guid>614e55d0-52df-4ef2-b659-43c33bff3b6e</guid>
                <versionId>bef69ecd-5a81-4e8f-a965-aaece506054c</versionId>
            </TWComponent>
        </item>
        <startingProcessItemId>2025.ca405c1b-d5b4-4f2f-ae56-66ede455e8cd</startingProcessItemId>
        <errorHandlerItemId isNull="true" />
        <layoutData noConversion="true">
            <errorLink>
                <controlPoints />
                <showEndState>false</showEndState>
                <showName>false</showName>
            </errorLink>
        </layoutData>
        <startPoint>
            <layoutData x="20" y="100">
                <errorLink>
                    <controlPoints />
                    <showEndState>false</showEndState>
                    <showName>false</showName>
                </errorLink>
            </layoutData>
        </startPoint>
        <startLink>
            <fromPort locationId="rightCenter" portType="1" />
            <toPort locationId="leftCenter" portType="2" />
            <layoutData>
                <controlPoints />
                <showEndState>false</showEndState>
                <showName>false</showName>
            </layoutData>
        </startLink>
        <link name="Untitled">
            <lastModified isNull="true" />
            <lastModifiedBy isNull="true" />
            <tenantId isNull="true" />
            <processLinkId>2027.31db7225-bcc1-4024-bbef-87d7c6cbe674</processLinkId>
            <processId>1.18e6b447-3293-44d9-8e44-3a983de065f8</processId>
            <description isNull="true" />
            <fromProcessItemId>2025.f174bd57-3b08-4176-804f-078b1d8bcee1</fromProcessItemId>
            <endStateId>Out</endStateId>
            <toProcessItemId>2025.ab10f0d3-f17e-4509-9a13-37c81301ead9</toProcessItemId>
            <guid>8cdcc230-0181-44cb-97b2-e0e0a4306e1b</guid>
            <versionId>e9f5c51b-3dde-4a29-ac7a-c1de38915a24</versionId>
            <layoutData>
                <controlPoints />
                <showEndState>false</showEndState>
                <showName>false</showName>
            </layoutData>
            <fromItemPort locationId="rightCenter" portType="1" />
            <toItemPort locationId="leftCenter" portType="2" />
            <fromProcessItemId>2025.f174bd57-3b08-4176-804f-078b1d8bcee1</fromProcessItemId>
            <toProcessItemId>2025.ab10f0d3-f17e-4509-9a13-37c81301ead9</toProcessItemId>
        </link>
        <link name="Untitled">
            <lastModified isNull="true" />
            <lastModifiedBy isNull="true" />
            <tenantId isNull="true" />
            <processLinkId>2027.8469e068-2831-4038-b9b6-4016d6a81ce5</processLinkId>
            <processId>1.18e6b447-3293-44d9-8e44-3a983de065f8</processId>
            <description isNull="true" />
            <fromProcessItemId>2025.ca405c1b-d5b4-4f2f-ae56-66ede455e8cd</fromProcessItemId>
            <endStateId>Out</endStateId>
            <toProcessItemId>2025.eac41755-69db-4ec1-bb79-2ff2b0237d95</toProcessItemId>
            <guid>1f945033-56ff-4977-a8f4-0c1f4f3f4e85</guid>
            <versionId>9e3ebaac-7d8c-46c8-9400-f029b5c2b7c0</versionId>
            <layoutData>
                <controlPoints />
                <showEndState>false</showEndState>
                <showName>false</showName>
            </layoutData>
            <fromItemPort locationId="rightCenter" portType="1" />
            <toItemPort locationId="leftCenter" portType="2" />
            <fromProcessItemId>2025.ca405c1b-d5b4-4f2f-ae56-66ede455e8cd</fromProcessItemId>
            <toProcessItemId>2025.eac41755-69db-4ec1-bb79-2ff2b0237d95</toProcessItemId>
        </link>
        <link name="Untitled">
            <lastModified isNull="true" />
            <lastModifiedBy isNull="true" />
            <tenantId isNull="true" />
            <processLinkId>2027.57f676be-45ee-4ac9-9587-061eb26dcf76</processLinkId>
            <processId>1.18e6b447-3293-44d9-8e44-3a983de065f8</processId>
            <description isNull="true" />
            <fromProcessItemId>2025.eac41755-69db-4ec1-bb79-2ff2b0237d95</fromProcessItemId>
            <endStateId>Out</endStateId>
            <toProcessItemId>2025.f174bd57-3b08-4176-804f-078b1d8bcee1</toProcessItemId>
            <guid>a58e3a3c-997e-4a1d-9e87-b9c5c2c89f18</guid>
            <versionId>b3640338-3926-4c45-b465-df95377b4b18</versionId>
            <layoutData>
                <controlPoints />
                <showEndState>false</showEndState>
                <showName>false</showName>
            </layoutData>
            <fromItemPort locationId="rightCenter" portType="1" />
            <toItemPort locationId="leftCenter" portType="2" />
            <fromProcessItemId>2025.eac41755-69db-4ec1-bb79-2ff2b0237d95</fromProcessItemId>
            <toProcessItemId>2025.f174bd57-3b08-4176-804f-078b1d8bcee1</toProcessItemId>
        </link>
    </process>
</teamworks>

