<?xml version="1.0" encoding="UTF-8"?>
<teamworks>
    <process id="1.f0244f85-e132-400d-9f73-fa4967ff170d" name="ECM Get Document Types Service">
        <lastModified>1504904116262</lastModified>
        <lastModifiedBy>tw_admin</lastModifiedBy>
        <tenantId isNull="true" />
        <processId>1.f0244f85-e132-400d-9f73-fa4967ff170d</processId>
        <image isNull="true" />
        <tabGroup isNull="true" />
        <startingProcessItemId>2025.91b633cd-de18-4272-9ecc-cbb6ac291f3b</startingProcessItemId>
        <isRootProcess>false</isRootProcess>
        <processType>2</processType>
        <isErrorHandlerEnabled>false</isErrorHandlerEnabled>
        <errorHandlerItemId isNull="true" />
        <isLoggingVariables>false</isLoggingVariables>
        <isTransactional>false</isTransactional>
        <processTimingLevel isNull="true" />
        <participantRef isNull="true" />
        <exposedType isNull="true" />
        <isTrackingEnabled>true</isTrackingEnabled>
        <xmlData isNull="true" />
        <cachingType>false</cachingType>
        <itemLabel isNull="true" />
        <cacheLength>43200</cacheLength>
        <mobileReady>false</mobileReady>
        <sboSyncEnabled>false</sboSyncEnabled>
        <externalId isNull="true" />
        <isSecured>false</isSecured>
        <isAjaxExposed>false</isAjaxExposed>
        <isInvokedAsynchronously>false</isInvokedAsynchronously>
        <description isNull="true" />
        <guid>ef17fc73-ba93-4884-a5e0-147df6b7a2b1</guid>
        <versionId>bc089bb2-faaa-4d87-83d2-5d65d0fda934</versionId>
        <dependencySummary isNull="true" />
        <jsonData isNull="true" />
        <field1 isNull="true" />
        <field2 isNull="true" />
        <field3>0</field3>
        <field4 isNull="true" />
        <field5>false</field5>
        <clobField1 isNull="true" />
        <blobField1 isNull="true" />
        <processParameter name="data">
            <lastModified isNull="true" />
            <lastModifiedBy isNull="true" />
            <tenantId isNull="true" />
            <processParameterId>2055.0da0fa61-9aa9-48b4-ba74-c459f25bb52e</processParameterId>
            <processId>1.f0244f85-e132-400d-9f73-fa4967ff170d</processId>
            <parameterType>1</parameterType>
            <isArrayOf>false</isArrayOf>
            <classId>/12.6d282146-7fb3-4734-9448-92c99c18ce34</classId>
            <seq>2</seq>
            <hasDefault>false</hasDefault>
            <defaultValue isNull="true" />
            <isLocked>false</isLocked>
            <description isNull="true" />
            <guid>6e5126c5-5ea5-4d1e-929d-848082a20e59</guid>
            <versionId>6308802f-5c62-403a-bc3d-eba29aa2b1c4</versionId>
        </processParameter>
        <processParameter name="results">
            <lastModified isNull="true" />
            <lastModifiedBy isNull="true" />
            <tenantId isNull="true" />
            <processParameterId>2055.9695b898-c69c-4e2f-a88d-0b6686d23f0b</processParameterId>
            <processId>1.f0244f85-e132-400d-9f73-fa4967ff170d</processId>
            <parameterType>2</parameterType>
            <isArrayOf>true</isArrayOf>
            <classId>/12.d090937d-b509-4407-829c-b74dfb856888</classId>
            <seq>3</seq>
            <hasDefault>false</hasDefault>
            <defaultValue isNull="true" />
            <isLocked>false</isLocked>
            <description isNull="true" />
            <guid>b5b37293-bfc0-4ef6-a646-896fcf65c358</guid>
            <versionId>cc6b8a2a-698b-4fe2-9261-7c4e919a6c26</versionId>
        </processParameter>
        <processParameter name="ECMError">
            <lastModified isNull="true" />
            <lastModifiedBy isNull="true" />
            <tenantId isNull="true" />
            <processParameterId>2055.60cdfe1e-dba1-4e10-ad74-3c439e57bcc5</processParameterId>
            <processId>1.f0244f85-e132-400d-9f73-fa4967ff170d</processId>
            <parameterType>3</parameterType>
            <isArrayOf>false</isArrayOf>
            <classId>/12.bfb48b9b-8247-49fb-8f78-82b738b817a6</classId>
            <seq>4</seq>
            <hasDefault>false</hasDefault>
            <defaultValue>ECMError</defaultValue>
            <isLocked>false</isLocked>
            <description isNull="true" />
            <guid>bf2ae8e5-1600-4599-95c7-fbe8aa7cdc79</guid>
            <versionId>129b4f18-c376-4abb-8227-c7b6e196ec19</versionId>
        </processParameter>
        <processVariable name="results0">
            <lastModified isNull="true" />
            <lastModifiedBy isNull="true" />
            <tenantId isNull="true" />
            <processVariableId>2056.2cb85aa3-c5a3-4bd0-8f43-240fee28ae8b</processVariableId>
            <description isNull="true" />
            <processId>1.f0244f85-e132-400d-9f73-fa4967ff170d</processId>
            <namespace>2</namespace>
            <seq>1</seq>
            <isArrayOf>true</isArrayOf>
            <isTransient>false</isTransient>
            <classId>/12.d090937d-b509-4407-829c-b74dfb856888</classId>
            <hasDefault>false</hasDefault>
            <defaultValue isNull="true" />
            <guid>1024a6ef-727e-4127-832f-ab3e15977fa0</guid>
            <versionId>5f7b34b2-1b88-444b-8a5c-b9ba442e1746</versionId>
        </processVariable>
        <processVariable name="typeDefinition">
            <lastModified isNull="true" />
            <lastModifiedBy isNull="true" />
            <tenantId isNull="true" />
            <processVariableId>2056.f3d46d6c-385f-42aa-8c79-d345de57a8b0</processVariableId>
            <description>Auto generated variable for mapping of Get Doc Type Detail</description>
            <processId>1.f0244f85-e132-400d-9f73-fa4967ff170d</processId>
            <namespace>2</namespace>
            <seq>2</seq>
            <isArrayOf>false</isArrayOf>
            <isTransient>false</isTransient>
            <classId>/12.d090937d-b509-4407-829c-b74dfb856888</classId>
            <hasDefault>false</hasDefault>
            <defaultValue isNull="true" />
            <guid>682d4431-8ca5-455c-8c5f-a2231dfcd45d</guid>
            <versionId>f6571173-8835-44df-880c-250d26f23795</versionId>
        </processVariable>
        <item>
            <lastModified isNull="true" />
            <lastModifiedBy isNull="true" />
            <tenantId isNull="true" />
            <processItemId>2025.d85811e3-4f8b-41e3-80d2-eb41f8ef58aa</processItemId>
            <processId>1.f0244f85-e132-400d-9f73-fa4967ff170d</processId>
            <name>Prepend root doc type</name>
            <tWComponentName>Script</tWComponentName>
            <tWComponentId>3011.c3711bb5-a021-46fa-bec0-fab77336e61d</tWComponentId>
            <isLogEnabled>false</isLogEnabled>
            <isTraceEnabled>false</isTraceEnabled>
            <traceCategory isNull="true" />
            <traceLevel isNull="true" />
            <traceMessage isNull="true" />
            <traceSymbolTable isNull="true" />
            <isExecutionContextTraced>false</isExecutionContextTraced>
            <saveExecutionContext>false</saveExecutionContext>
            <documentation isNull="true" />
            <isErrorHandlerEnabled>false</isErrorHandlerEnabled>
            <errorHandlerItemId isNull="true" />
            <guid>guid:14f51bae59ead233:-253bd9f6:1582a8a3e50:-7ffc</guid>
            <versionId>892770ad-16ea-4579-a878-4df9cfafa1a2</versionId>
            <externalServiceRef isNull="true" />
            <externalServiceOp isNull="true" />
            <nodeColor isNull="true" />
            <layoutData x="447" y="85">
                <errorLink>
                    <controlPoints />
                    <showEndState>false</showEndState>
                    <showName>false</showName>
                </errorLink>
            </layoutData>
            <TWComponent>
                <lastModified isNull="true" />
                <lastModifiedBy isNull="true" />
                <tenantId isNull="true" />
                <scriptId>3011.c3711bb5-a021-46fa-bec0-fab77336e61d</scriptId>
                <scriptTypeId>2</scriptTypeId>
                <isActive>true</isActive>
                <script>tw.local.results = new tw.object.listOf.ECMObjectTypeDefinition();
var rootDef = new tw.object.ECMObjectTypeDefinition();

if(tw.local.data.fromDocTypeId){
    rootDef.objectTypeId = tw.local.data.fromDocTypeId;
    rootDef.displayName = tw.local.typeDefinition.displayName;
} else {
    rootDef.objectTypeId = "cmis:document";
rootDef.displayName = "Document";
}

rootDef.children = tw.local.results0;

tw.local.results[0] = rootDef;</script>
                <isRule>false</isRule>
                <guid>ebb33393-5661-4de0-8bb9-7f02dae1f1cc</guid>
                <versionId>bfd49228-a658-4301-bfce-ab80700038f8</versionId>
            </TWComponent>
        </item>
        <item>
            <lastModified isNull="true" />
            <lastModifiedBy isNull="true" />
            <tenantId isNull="true" />
            <processItemId>2025.a6c8e557-a429-4c91-9aef-3416c9d1a4e9</processItemId>
            <processId>1.f0244f85-e132-400d-9f73-fa4967ff170d</processId>
            <name>End</name>
            <tWComponentName>ExitPoint</tWComponentName>
            <tWComponentId>3008.097d41d5-5053-42da-90e0-9d4a232b9c5f</tWComponentId>
            <isLogEnabled>false</isLogEnabled>
            <isTraceEnabled>false</isTraceEnabled>
            <traceCategory isNull="true" />
            <traceLevel isNull="true" />
            <traceMessage isNull="true" />
            <traceSymbolTable isNull="true" />
            <isExecutionContextTraced>false</isExecutionContextTraced>
            <saveExecutionContext>true</saveExecutionContext>
            <documentation isNull="true" />
            <isErrorHandlerEnabled>false</isErrorHandlerEnabled>
            <errorHandlerItemId isNull="true" />
            <guid>guid:7659e61c53ec3b07:29fb3470:1582a0ec58d:-7840</guid>
            <versionId>a79b98d8-af8c-4b96-be1f-df4464c9d19a</versionId>
            <externalServiceRef isNull="true" />
            <externalServiceOp isNull="true" />
            <nodeColor isNull="true" />
            <processPrePosts>
                <lastModified isNull="true" />
                <lastModifiedBy isNull="true" />
                <tenantId isNull="true" />
                <processItemPrePostId>2029.56616feb-fbdc-44c5-af5b-8dcf89ed2589</processItemPrePostId>
                <processItemId>2025.a6c8e557-a429-4c91-9aef-3416c9d1a4e9</processItemId>
                <location>1</location>
                <script isNull="true" />
                <guid>97d4e114-fce9-47e0-83ac-91ba2c2292fc</guid>
                <versionId>6ecb6f96-ea80-4327-b854-c36e388862c7</versionId>
            </processPrePosts>
            <layoutData x="584" y="100">
                <errorLink>
                    <controlPoints />
                    <showEndState>false</showEndState>
                    <showName>false</showName>
                </errorLink>
            </layoutData>
            <TWComponent>
                <lastModified isNull="true" />
                <lastModifiedBy isNull="true" />
                <tenantId isNull="true" />
                <exitPointId>3008.097d41d5-5053-42da-90e0-9d4a232b9c5f</exitPointId>
                <haltProcess>false</haltProcess>
                <guid>37b4f2b5-6c59-46dc-9fa5-cc20ff30eb91</guid>
                <versionId>dc395b69-fd84-49f1-ad68-97748d4ce148</versionId>
            </TWComponent>
        </item>
        <item>
            <lastModified isNull="true" />
            <lastModifiedBy isNull="true" />
            <tenantId isNull="true" />
            <processItemId>2025.bd8324c1-6816-4d73-b3cb-52098e0b3b89</processItemId>
            <processId>1.f0244f85-e132-400d-9f73-fa4967ff170d</processId>
            <name>Get Doc Type Definition</name>
            <tWComponentName>ECMConnector</tWComponentName>
            <tWComponentId>3030.b1d5599c-ed4f-4eee-af65-65ce52e03602</tWComponentId>
            <isLogEnabled>false</isLogEnabled>
            <isTraceEnabled>false</isTraceEnabled>
            <traceCategory isNull="true" />
            <traceLevel isNull="true" />
            <traceMessage isNull="true" />
            <traceSymbolTable isNull="true" />
            <isExecutionContextTraced>false</isExecutionContextTraced>
            <saveExecutionContext>false</saveExecutionContext>
            <documentation isNull="true" />
            <isErrorHandlerEnabled>false</isErrorHandlerEnabled>
            <errorHandlerItemId isNull="true" />
            <guid>6280420f-748f-43f2-acd9-c9d22146b4f4</guid>
            <versionId>8773952b-8abb-44c8-b57c-b07a9038dc90</versionId>
            <externalServiceRef isNull="true" />
            <externalServiceOp isNull="true" />
            <nodeColor isNull="true" />
            <layoutData x="294" y="85">
                <errorLink>
                    <controlPoints />
                    <showEndState>false</showEndState>
                    <showName>false</showName>
                </errorLink>
            </layoutData>
            <TWComponent>
                <lastModified isNull="true" />
                <lastModifiedBy isNull="true" />
                <tenantId isNull="true" />
                <ecmConnectorId>3030.b1d5599c-ed4f-4eee-af65-65ce52e03602</ecmConnectorId>
                <definition>&lt;config type="com.lombardisoftware.client.persistence.ECMConnectorConfiguration"&gt;&#xD;
  &lt;inputParameters&gt;&#xD;
    &lt;parameter&gt;&#xD;
      &lt;name&gt;objectTypeId&lt;/name&gt;&#xD;
      &lt;type&gt;ECMID&lt;/type&gt;&#xD;
      &lt;description&gt;Object type ID&lt;/description&gt;&#xD;
      &lt;defaultValue /&gt;&#xD;
      &lt;argumentVariable&gt;tw.local.data.fromDocTypeId&lt;/argumentVariable&gt;&#xD;
      &lt;isArray&gt;&lt;/isArray&gt;&#xD;
      &lt;isList&gt;false&lt;/isList&gt;&#xD;
    &lt;/parameter&gt;&#xD;
    &lt;parameter&gt;&#xD;
      &lt;name&gt;serverName&lt;/name&gt;&#xD;
      &lt;type&gt;String&lt;/type&gt;&#xD;
      &lt;description&gt;Server name&lt;/description&gt;&#xD;
      &lt;defaultValue /&gt;&#xD;
      &lt;argumentVariable&gt;tw.local.data.serverName&lt;/argumentVariable&gt;&#xD;
      &lt;isArray&gt;&lt;/isArray&gt;&#xD;
      &lt;isList&gt;false&lt;/isList&gt;&#xD;
    &lt;/parameter&gt;&#xD;
  &lt;/inputParameters&gt;&#xD;
  &lt;outputParameters&gt;&#xD;
    &lt;parameter&gt;&#xD;
      &lt;name&gt;typeDefinition&lt;/name&gt;&#xD;
      &lt;type&gt;ECMObjectTypeDefinition&lt;/type&gt;&#xD;
      &lt;description&gt;Type definition&lt;/description&gt;&#xD;
      &lt;defaultValue /&gt;&#xD;
      &lt;argumentVariable&gt;tw.local.typeDefinition&lt;/argumentVariable&gt;&#xD;
      &lt;isArray&gt;&lt;/isArray&gt;&#xD;
      &lt;isList&gt;false&lt;/isList&gt;&#xD;
    &lt;/parameter&gt;&#xD;
  &lt;/outputParameters&gt;&#xD;
  &lt;matchAllSearchCriteria&gt;true&lt;/matchAllSearchCriteria&gt;&#xD;
  &lt;orderOverride&gt;false&lt;/orderOverride&gt;&#xD;
  &lt;orderOverrideValue&gt;&lt;/orderOverrideValue&gt;&#xD;
  &lt;operationType&gt;SERVER_OP_GET_TYPE_DEFINITION&lt;/operationType&gt;&#xD;
  &lt;server&gt;useMappingServer&lt;/server&gt;&#xD;
  &lt;objectTypeSelection&gt;DOCUMENT&lt;/objectTypeSelection&gt;&#xD;
  &lt;useMappedVariable&gt;false&lt;/useMappedVariable&gt;&#xD;
  &lt;faultParameterId&gt;2055.60cdfe1e-dba1-4e10-ad74-3c439e57bcc5&lt;/faultParameterId&gt;&#xD;
&lt;/config&gt;</definition>
                <guid>e0bfd845-08ac-4cac-ba15-31aef77b539f</guid>
                <versionId>3b397f51-5ca3-45ae-92c4-c0ae83bda539</versionId>
            </TWComponent>
        </item>
        <item>
            <lastModified isNull="true" />
            <lastModifiedBy isNull="true" />
            <tenantId isNull="true" />
            <processItemId>2025.91b633cd-de18-4272-9ecc-cbb6ac291f3b</processItemId>
            <processId>1.f0244f85-e132-400d-9f73-fa4967ff170d</processId>
            <name>Get Doc Type Descendants</name>
            <tWComponentName>ECMConnector</tWComponentName>
            <tWComponentId>3030.5f416588-47af-4767-97dd-2b7a7fc4502b</tWComponentId>
            <isLogEnabled>false</isLogEnabled>
            <isTraceEnabled>false</isTraceEnabled>
            <traceCategory isNull="true" />
            <traceLevel isNull="true" />
            <traceMessage isNull="true" />
            <traceSymbolTable isNull="true" />
            <isExecutionContextTraced>false</isExecutionContextTraced>
            <saveExecutionContext>false</saveExecutionContext>
            <documentation isNull="true" />
            <isErrorHandlerEnabled>false</isErrorHandlerEnabled>
            <errorHandlerItemId isNull="true" />
            <guid>guid:7659e61c53ec3b07:29fb3470:1582a0ec58d:-783f</guid>
            <versionId>dcf7c545-faee-4993-88d1-0e2bfe1f37d1</versionId>
            <externalServiceRef isNull="true" />
            <externalServiceOp isNull="true" />
            <nodeColor isNull="true" />
            <processPrePosts>
                <lastModified isNull="true" />
                <lastModifiedBy isNull="true" />
                <tenantId isNull="true" />
                <processItemPrePostId>2029.9a37cc92-efc9-4c45-b02e-d2d3b95aa28a</processItemPrePostId>
                <processItemId>2025.91b633cd-de18-4272-9ecc-cbb6ac291f3b</processItemId>
                <location>1</location>
                <script>if(tw.local.data == null)
    tw.local.data = new tw.object.GetDocTypesServiceInput();

if(tw.local.data.fromDocTypeId == null)
    tw.local.data.fromDocTypeId = "cmis:document";

if(tw.local.data.includePropDefs == null)
    tw.local.data.includePropDefs = true;

if(tw.local.data.depth == null)
    tw.local.data.depth = 1;</script>
                <guid>fb16091f-4eeb-4bdd-ae14-1fd63e7ddfd0</guid>
                <versionId>c57b6889-872f-4823-a5e4-91006aaca815</versionId>
            </processPrePosts>
            <layoutData x="138" y="85">
                <errorLink>
                    <controlPoints />
                    <showEndState>false</showEndState>
                    <showName>false</showName>
                </errorLink>
            </layoutData>
            <TWComponent>
                <lastModified isNull="true" />
                <lastModifiedBy isNull="true" />
                <tenantId isNull="true" />
                <ecmConnectorId>3030.5f416588-47af-4767-97dd-2b7a7fc4502b</ecmConnectorId>
                <definition>&lt;config type="com.lombardisoftware.client.persistence.ECMConnectorConfiguration"&gt;&#xD;
  &lt;inputParameters&gt;&#xD;
    &lt;parameter&gt;&#xD;
      &lt;name&gt;objectTypeId&lt;/name&gt;&#xD;
      &lt;type&gt;ECMID&lt;/type&gt;&#xD;
      &lt;description&gt;Object type ID&lt;/description&gt;&#xD;
      &lt;defaultValue&gt;&lt;/defaultValue&gt;&#xD;
      &lt;argumentVariable&gt;tw.local.data.fromDocTypeId&lt;/argumentVariable&gt;&#xD;
      &lt;isArray&gt;&lt;/isArray&gt;&#xD;
      &lt;isList&gt;false&lt;/isList&gt;&#xD;
    &lt;/parameter&gt;&#xD;
    &lt;parameter&gt;&#xD;
      &lt;name&gt;depth&lt;/name&gt;&#xD;
      &lt;type&gt;Integer&lt;/type&gt;&#xD;
      &lt;description&gt;Depth&lt;/description&gt;&#xD;
      &lt;defaultValue&gt;&lt;/defaultValue&gt;&#xD;
      &lt;argumentVariable&gt;tw.local.data.depth&lt;/argumentVariable&gt;&#xD;
      &lt;isArray&gt;&lt;/isArray&gt;&#xD;
      &lt;isList&gt;false&lt;/isList&gt;&#xD;
    &lt;/parameter&gt;&#xD;
    &lt;parameter&gt;&#xD;
      &lt;name&gt;includePropertyDefinitions&lt;/name&gt;&#xD;
      &lt;type&gt;Boolean&lt;/type&gt;&#xD;
      &lt;description&gt;Include property definitions&lt;/description&gt;&#xD;
      &lt;defaultValue&gt;&lt;/defaultValue&gt;&#xD;
      &lt;argumentVariable&gt;tw.local.data.includePropDefs&lt;/argumentVariable&gt;&#xD;
      &lt;isArray&gt;&lt;/isArray&gt;&#xD;
      &lt;isList&gt;false&lt;/isList&gt;&#xD;
    &lt;/parameter&gt;&#xD;
    &lt;parameter&gt;&#xD;
      &lt;name&gt;serverName&lt;/name&gt;&#xD;
      &lt;type&gt;String&lt;/type&gt;&#xD;
      &lt;description&gt;Server name&lt;/description&gt;&#xD;
      &lt;defaultValue&gt;&lt;/defaultValue&gt;&#xD;
      &lt;argumentVariable&gt;tw.local.data.serverName&lt;/argumentVariable&gt;&#xD;
      &lt;isArray&gt;&lt;/isArray&gt;&#xD;
      &lt;isList&gt;false&lt;/isList&gt;&#xD;
    &lt;/parameter&gt;&#xD;
  &lt;/inputParameters&gt;&#xD;
  &lt;outputParameters&gt;&#xD;
    &lt;parameter&gt;&#xD;
      &lt;name&gt;typeDefinitions&lt;/name&gt;&#xD;
      &lt;type&gt;ECMObjectTypeDefinition&lt;/type&gt;&#xD;
      &lt;description&gt;Type definitions&lt;/description&gt;&#xD;
      &lt;defaultValue&gt;&lt;/defaultValue&gt;&#xD;
      &lt;argumentVariable&gt;tw.local.results0&lt;/argumentVariable&gt;&#xD;
      &lt;isArray&gt;&lt;/isArray&gt;&#xD;
      &lt;isList&gt;true&lt;/isList&gt;&#xD;
    &lt;/parameter&gt;&#xD;
  &lt;/outputParameters&gt;&#xD;
  &lt;matchAllSearchCriteria&gt;true&lt;/matchAllSearchCriteria&gt;&#xD;
  &lt;searchParameters /&gt;&#xD;
  &lt;selectParameters /&gt;&#xD;
  &lt;orderOverride&gt;false&lt;/orderOverride&gt;&#xD;
  &lt;orderOverrideValue&gt;&lt;/orderOverrideValue&gt;&#xD;
  &lt;operationType&gt;SERVER_OP_GET_TYPE_DESCENDANTS&lt;/operationType&gt;&#xD;
  &lt;server&gt;useMappingServer&lt;/server&gt;&#xD;
  &lt;objectTypeSelection&gt;DOCUMENT&lt;/objectTypeSelection&gt;&#xD;
  &lt;useMappedVariable&gt;false&lt;/useMappedVariable&gt;&#xD;
  &lt;faultParameterId&gt;2055.f6d7a90e-3e7f-4570-b91a-6478c0ed070c&lt;/faultParameterId&gt;&#xD;
&lt;/config&gt;</definition>
                <guid>8c5936ea-96ea-493d-a734-84ff9816fe0a</guid>
                <versionId>464b9db9-0f8a-440c-9a2c-1d5f453ccb24</versionId>
            </TWComponent>
        </item>
        <startingProcessItemId>2025.91b633cd-de18-4272-9ecc-cbb6ac291f3b</startingProcessItemId>
        <errorHandlerItemId isNull="true" />
        <layoutData noConversion="true">
            <errorLink>
                <controlPoints />
                <showEndState>false</showEndState>
                <showName>false</showName>
            </errorLink>
        </layoutData>
        <startPoint>
            <layoutData x="20" y="101">
                <errorLink>
                    <controlPoints />
                    <showEndState>false</showEndState>
                    <showName>false</showName>
                </errorLink>
            </layoutData>
        </startPoint>
        <startLink>
            <fromPort locationId="rightCenter" portType="1" />
            <toPort locationId="leftCenter" portType="2" />
            <layoutData>
                <controlPoints />
                <showEndState>false</showEndState>
                <showName>false</showName>
            </layoutData>
        </startLink>
        <link name="Untitled">
            <lastModified isNull="true" />
            <lastModifiedBy isNull="true" />
            <tenantId isNull="true" />
            <processLinkId>2027.7ec751d5-68b5-4b56-8a5a-93a7cbedda60</processLinkId>
            <processId>1.f0244f85-e132-400d-9f73-fa4967ff170d</processId>
            <description isNull="true" />
            <fromProcessItemId>2025.bd8324c1-6816-4d73-b3cb-52098e0b3b89</fromProcessItemId>
            <endStateId>Out</endStateId>
            <toProcessItemId>2025.d85811e3-4f8b-41e3-80d2-eb41f8ef58aa</toProcessItemId>
            <guid>74fa86a5-9920-4ee9-aee6-d97325f9fda8</guid>
            <versionId>c4275c23-58cf-43bf-8c20-44e87766d290</versionId>
            <layoutData>
                <controlPoints />
                <showEndState>false</showEndState>
                <showName>false</showName>
            </layoutData>
            <fromItemPort locationId="rightCenter" portType="1" />
            <toItemPort locationId="leftCenter" portType="2" />
            <fromProcessItemId>2025.bd8324c1-6816-4d73-b3cb-52098e0b3b89</fromProcessItemId>
            <toProcessItemId>2025.d85811e3-4f8b-41e3-80d2-eb41f8ef58aa</toProcessItemId>
        </link>
        <link name="Untitled">
            <lastModified isNull="true" />
            <lastModifiedBy isNull="true" />
            <tenantId isNull="true" />
            <processLinkId>2027.aa071210-09bf-4072-8843-8cebec6b515f</processLinkId>
            <processId>1.f0244f85-e132-400d-9f73-fa4967ff170d</processId>
            <description isNull="true" />
            <fromProcessItemId>2025.91b633cd-de18-4272-9ecc-cbb6ac291f3b</fromProcessItemId>
            <endStateId>Out</endStateId>
            <toProcessItemId>2025.bd8324c1-6816-4d73-b3cb-52098e0b3b89</toProcessItemId>
            <guid>ac716269-11a0-487a-a1ec-5f59b1522b22</guid>
            <versionId>411a1cac-6ed4-483e-b54f-6e03e20001bb</versionId>
            <layoutData>
                <controlPoints />
                <showEndState>false</showEndState>
                <showName>false</showName>
            </layoutData>
            <fromItemPort locationId="rightCenter" portType="1" />
            <toItemPort locationId="leftCenter" portType="2" />
            <fromProcessItemId>2025.91b633cd-de18-4272-9ecc-cbb6ac291f3b</fromProcessItemId>
            <toProcessItemId>2025.bd8324c1-6816-4d73-b3cb-52098e0b3b89</toProcessItemId>
        </link>
        <link name="Untitled">
            <lastModified isNull="true" />
            <lastModifiedBy isNull="true" />
            <tenantId isNull="true" />
            <processLinkId>2027.028beaef-8965-46de-b799-aff4c3f49b17</processLinkId>
            <processId>1.f0244f85-e132-400d-9f73-fa4967ff170d</processId>
            <description isNull="true" />
            <fromProcessItemId>2025.d85811e3-4f8b-41e3-80d2-eb41f8ef58aa</fromProcessItemId>
            <endStateId>Out</endStateId>
            <toProcessItemId>2025.a6c8e557-a429-4c91-9aef-3416c9d1a4e9</toProcessItemId>
            <guid>142b3600-fe14-443a-98f7-f7d95bfccf4c</guid>
            <versionId>ab0c8598-7369-488b-89d7-0a807b009f41</versionId>
            <layoutData>
                <controlPoints />
                <showEndState>false</showEndState>
                <showName>false</showName>
            </layoutData>
            <fromItemPort locationId="rightCenter" portType="1" />
            <toItemPort locationId="leftCenter" portType="2" />
            <fromProcessItemId>2025.d85811e3-4f8b-41e3-80d2-eb41f8ef58aa</fromProcessItemId>
            <toProcessItemId>2025.a6c8e557-a429-4c91-9aef-3416c9d1a4e9</toProcessItemId>
        </link>
    </process>
</teamworks>

