<?xml version="1.0" encoding="UTF-8"?>
<teamworks>
    <managedAsset id="61.045940af-7937-44ca-9c02-53d4642eb151" name="responsiveDocList.html">
        <lastModified>1474667259468</lastModified>
        <lastModifiedBy>tw_admin</lastModifiedBy>
        <tenantId isNull="true" />
        <managedAssetId>61.045940af-7937-44ca-9c02-53d4642eb151</managedAssetId>
        <assetUuid>0e26fd1d-3e58-4b91-b352-9a493da172f7</assetUuid>
        <mimeType>text/html</mimeType>
        <charEncoding isNull="true" />
        <assetTypeCode>W</assetTypeCode>
        <length>12231</length>
        <localLastModification>1474667259468</localLastModification>
        <description isNull="true" />
        <isDocumentationFile>false</isDocumentationFile>
        <guid>ef9ffd64-a17e-4d2a-99b0-4b7bfbb82bef</guid>
        <versionId>e9645592-ed2e-410f-9a8a-fb9687f956f0</versionId>
    </managedAsset>
</teamworks>

