<?xml version="1.0" encoding="UTF-8"?>
<teamworks>
    <managedAsset id="61.0f9a052e-7bfe-46c8-80ff-457fe290865b" name="BPMExt-Control-BPMFileList.js">
        <lastModified>1495625859189</lastModified>
        <lastModifiedBy>admin</lastModifiedBy>
        <tenantId isNull="true" />
        <managedAssetId>61.0f9a052e-7bfe-46c8-80ff-457fe290865b</managedAssetId>
        <assetUuid>2ccf853c-b0aa-4bd0-b92d-17c7c7b4168f</assetUuid>
        <mimeType>application/javascript</mimeType>
        <charEncoding> </charEncoding>
        <assetTypeCode>W</assetTypeCode>
        <length>54456</length>
        <localLastModification>1495625822660</localLastModification>
        <description isNull="true" />
        <isDocumentationFile>false</isDocumentationFile>
        <guid>2ad5cbff-2abe-4278-b4e5-6e3973a2f025</guid>
        <versionId>d1bb07ab-9379-487e-88bc-dae127f21593</versionId>
    </managedAsset>
</teamworks>

