<?xml version="1.0" encoding="UTF-8"?>
<teamworks>
    <managedAsset id="61.12de09ed-c973-495c-8518-74075cb40975" name="BPMExt-Control-ECMFileList-Palette.png">
        <lastModified>1495129746943</lastModified>
        <lastModifiedBy>Eric Ducos</lastModifiedBy>
        <tenantId isNull="true" />
        <managedAssetId>61.12de09ed-c973-495c-8518-74075cb40975</managedAssetId>
        <assetUuid>424a005f-1356-4c1a-9285-416341d1e055</assetUuid>
        <mimeType>image/png</mimeType>
        <charEncoding isNull="true" />
        <assetTypeCode>W</assetTypeCode>
        <length>567</length>
        <localLastModification>1495125378726</localLastModification>
        <description isNull="true" />
        <isDocumentationFile>false</isDocumentationFile>
        <guid>1319edbf-eb19-4180-9986-cc81bcd2fded</guid>
        <versionId>9bc97d48-94b9-433c-951c-7fde480ba619</versionId>
    </managedAsset>
</teamworks>

