<?xml version="1.0" encoding="UTF-8"?>
<teamworks>
    <managedAsset id="61.1bbb0e42-f4ef-4853-ae8f-a2dd61bf3cfb" name="BPMExt-Control-ECMFileList.js">
        <lastModified>1495625859189</lastModified>
        <lastModifiedBy>admin</lastModifiedBy>
        <tenantId isNull="true" />
        <managedAssetId>61.1bbb0e42-f4ef-4853-ae8f-a2dd61bf3cfb</managedAssetId>
        <assetUuid>d5c75563-a3c1-4743-9a04-f01c283a65ce</assetUuid>
        <mimeType>application/javascript</mimeType>
        <charEncoding isNull="true" />
        <assetTypeCode>W</assetTypeCode>
        <length>69283</length>
        <localLastModification>1495625837430</localLastModification>
        <description isNull="true" />
        <isDocumentationFile>false</isDocumentationFile>
        <guid>0fab564a-d1e0-46f3-9e58-757b6ce1edf6</guid>
        <versionId>af554cde-b03a-4765-bc0c-701900451965</versionId>
    </managedAsset>
</teamworks>

