<?xml version="1.0" encoding="UTF-8"?>
<teamworks>
    <managedAsset id="61.1da7388e-22ac-47ea-80ad-d7e164937240" name="BPMExt-Control-BPMFileDropzone.js">
        <lastModified>1495194985845</lastModified>
        <lastModifiedBy>admin</lastModifiedBy>
        <tenantId isNull="true" />
        <managedAssetId>61.1da7388e-22ac-47ea-80ad-d7e164937240</managedAssetId>
        <assetUuid>3d65ccdd-f66a-4d44-8903-5b35581e4eda</assetUuid>
        <mimeType>application/javascript</mimeType>
        <charEncoding> </charEncoding>
        <assetTypeCode>W</assetTypeCode>
        <length>72572</length>
        <localLastModification>1495194980981</localLastModification>
        <description isNull="true" />
        <isDocumentationFile>false</isDocumentationFile>
        <guid>5cedaf3c-9ac0-410e-92f2-95cef2190711</guid>
        <versionId>2cf313f6-10c2-4b0e-930d-00be6c3bad26</versionId>
    </managedAsset>
</teamworks>

