<?xml version="1.0" encoding="UTF-8"?>
<teamworks>
    <managedAsset id="61.2ece1aae-61ee-494e-a10d-2b930e6e9120" name="BPMExt-Control-FileViewer-Preview.png">
        <lastModified>1495130074506</lastModified>
        <lastModifiedBy>Eric Ducos</lastModifiedBy>
        <tenantId isNull="true" />
        <managedAssetId>61.2ece1aae-61ee-494e-a10d-2b930e6e9120</managedAssetId>
        <assetUuid>7336199d-fdd6-44b2-8ce7-7705e2b70fa6</assetUuid>
        <mimeType>image/png</mimeType>
        <charEncoding isNull="true" />
        <assetTypeCode>W</assetTypeCode>
        <length>4332</length>
        <localLastModification>1495120618698</localLastModification>
        <description isNull="true" />
        <isDocumentationFile>false</isDocumentationFile>
        <guid>f6b3fa08-3d10-44b6-90cc-eaea1e6c4118</guid>
        <versionId>10279cc2-c27e-4b82-959a-6427610abe28</versionId>
    </managedAsset>
</teamworks>

