<?xml version="1.0" encoding="UTF-8"?>
<teamworks>
    <managedAsset id="61.2b8df00f-9e13-4e55-83d5-2433068f2221" name="BPMExt-Control-ECMDocumentProperties.js">
        <lastModified>1495640097605</lastModified>
        <lastModifiedBy>admin</lastModifiedBy>
        <tenantId isNull="true" />
        <managedAssetId>61.2b8df00f-9e13-4e55-83d5-2433068f2221</managedAssetId>
        <assetUuid>2892485c-4977-469f-995d-4bf728a1b8e8</assetUuid>
        <mimeType>application/javascript</mimeType>
        <charEncoding isNull="true" />
        <assetTypeCode>W</assetTypeCode>
        <length>44444</length>
        <localLastModification>1495640075673</localLastModification>
        <description isNull="true" />
        <isDocumentationFile>false</isDocumentationFile>
        <guid>6793022e-757e-4aa5-a173-11b260712000</guid>
        <versionId>4c15e33c-e0bf-4630-80ac-8d9f8e1122ba</versionId>
    </managedAsset>
</teamworks>

