<?xml version="1.0" encoding="UTF-8"?>
<teamworks>
    <managedAsset id="61.43bdafc7-6f9f-4352-9fb0-a3dc40fddea8" name="BPMExt-Control-ECMFolderList.js">
        <lastModified>1495623929009</lastModified>
        <lastModifiedBy>admin</lastModifiedBy>
        <tenantId isNull="true" />
        <managedAssetId>61.43bdafc7-6f9f-4352-9fb0-a3dc40fddea8</managedAssetId>
        <assetUuid>75e5cbac-f31d-4b5f-85e5-b2e36e0aa0de</assetUuid>
        <mimeType>application/javascript</mimeType>
        <charEncoding isNull="true" />
        <assetTypeCode>W</assetTypeCode>
        <length>31660</length>
        <localLastModification>1495623924141</localLastModification>
        <description isNull="true" />
        <isDocumentationFile>false</isDocumentationFile>
        <guid>f08fadc8-e01a-480c-a527-7be0803d3490</guid>
        <versionId>dcb148ed-55c2-427e-9ba0-868351d40947</versionId>
    </managedAsset>
</teamworks>

