<?xml version="1.0" encoding="UTF-8"?>
<teamworks>
    <managedAsset id="61.7074ac40-01fc-4b3a-8bd9-547b89f49943" name="content-controls.min.zip">
        <lastModified>1474667259468</lastModified>
        <lastModifiedBy>tw_admin</lastModifiedBy>
        <tenantId isNull="true" />
        <managedAssetId>61.7074ac40-01fc-4b3a-8bd9-547b89f49943</managedAssetId>
        <assetUuid>a3dd5e1e-c270-44f8-b03a-49610e849f9f</assetUuid>
        <mimeType>application/zip</mimeType>
        <charEncoding isNull="true" />
        <assetTypeCode>W</assetTypeCode>
        <length>25833</length>
        <localLastModification>1474667259468</localLastModification>
        <description isNull="true" />
        <isDocumentationFile>false</isDocumentationFile>
        <guid>2c5880d9-179c-48f8-8a85-3cc21eff0ad8</guid>
        <versionId>3d7f13e2-984e-470f-8c4f-434f34306d19</versionId>
    </managedAsset>
</teamworks>

