<?xml version="1.0" encoding="UTF-8"?>
<teamworks>
    <managedAsset id="61.7074a076-0727-4879-b188-fa0ad6921ca6" name="BPMExt-Control-ECMDocumentList.js">
        <lastModified>1493718952678</lastModified>
        <lastModifiedBy>admin</lastModifiedBy>
        <tenantId isNull="true" />
        <managedAssetId>61.7074a076-0727-4879-b188-fa0ad6921ca6</managedAssetId>
        <assetUuid>6ca7c7fc-e90d-4896-8c76-a8dae4c94c17</assetUuid>
        <mimeType>application/javascript</mimeType>
        <charEncoding isNull="true" />
        <assetTypeCode>W</assetTypeCode>
        <length>18334</length>
        <localLastModification>1493718762204</localLastModification>
        <description isNull="true" />
        <isDocumentationFile>false</isDocumentationFile>
        <guid>c1cd4aa4-e36b-461c-a5d3-02e684a3efc5</guid>
        <versionId>369512c0-034a-4783-b3f0-77f84c6737a2</versionId>
    </managedAsset>
</teamworks>

