<?xml version="1.0" encoding="UTF-8"?>
<teamworks>
    <managedAsset id="61.71805bed-5d18-43fc-887f-a2fc670507ba" name="BPMExt-Control-ECMFileUploader.js">
        <lastModified>1494486917334</lastModified>
        <lastModifiedBy>admin</lastModifiedBy>
        <tenantId isNull="true" />
        <managedAssetId>61.71805bed-5d18-43fc-887f-a2fc670507ba</managedAssetId>
        <assetUuid>f187ce57-5f3a-4c47-acef-c914a6ca462d</assetUuid>
        <mimeType>application/javascript</mimeType>
        <charEncoding isNull="true" />
        <assetTypeCode>W</assetTypeCode>
        <length>9256</length>
        <localLastModification>1494412081367</localLastModification>
        <description isNull="true" />
        <isDocumentationFile>false</isDocumentationFile>
        <guid>63c14f96-7de4-4230-b67e-c343cf9c31df</guid>
        <versionId>59c76055-802e-435d-b6e6-95104bd77113</versionId>
    </managedAsset>
</teamworks>

