<?xml version="1.0" encoding="UTF-8"?>
<teamworks>
    <managedAsset id="61.a102c90c-c48a-4f62-a445-6df9a3a4ee2d" name="BPMExt-Control-BPMDocumentProperties.js">
        <lastModified>1495640097605</lastModified>
        <lastModifiedBy>admin</lastModifiedBy>
        <tenantId isNull="true" />
        <managedAssetId>61.a102c90c-c48a-4f62-a445-6df9a3a4ee2d</managedAssetId>
        <assetUuid>a36c7a00-1493-4a45-aa62-57471a8c5d88</assetUuid>
        <mimeType>application/javascript</mimeType>
        <charEncoding isNull="true" />
        <assetTypeCode>W</assetTypeCode>
        <length>42178</length>
        <localLastModification>1495639993787</localLastModification>
        <description isNull="true" />
        <isDocumentationFile>false</isDocumentationFile>
        <guid>c8bcf818-3a68-47e5-aa3d-b5f93e7b06df</guid>
        <versionId>31febac7-decd-4e17-95ec-1b0d975214db</versionId>
    </managedAsset>
</teamworks>

