<?xml version="1.0" encoding="UTF-8"?>
<teamworks>
    <managedAsset id="61.b4728164-87f1-483f-9362-37efaaf45ced" name="BPMExt-Control-BPMFileUploader-Preview.png">
        <lastModified>1495129946636</lastModified>
        <lastModifiedBy>Eric Ducos</lastModifiedBy>
        <tenantId isNull="true" />
        <managedAssetId>61.b4728164-87f1-483f-9362-37efaaf45ced</managedAssetId>
        <assetUuid>2d395c1a-eb49-41c9-8a86-b43d62701e5e</assetUuid>
        <mimeType>image/png</mimeType>
        <charEncoding isNull="true" />
        <assetTypeCode>W</assetTypeCode>
        <length>2318</length>
        <localLastModification>1495129371128</localLastModification>
        <description isNull="true" />
        <isDocumentationFile>false</isDocumentationFile>
        <guid>c9f64903-0df6-4bd7-8490-b5d1c2f83c6a</guid>
        <versionId>4f3f9d23-a724-4578-a0ea-2cccd88486b0</versionId>
    </managedAsset>
</teamworks>

