<?xml version="1.0" encoding="UTF-8"?>
<teamworks>
    <managedAsset id="61.b70a5fc4-d05b-41f6-9c5e-439e0651792c" name="BPMExt-Control-DocumentReference.js">
        <lastModified>1495115058278</lastModified>
        <lastModifiedBy>admin</lastModifiedBy>
        <tenantId isNull="true" />
        <managedAssetId>61.b70a5fc4-d05b-41f6-9c5e-439e0651792c</managedAssetId>
        <assetUuid>892bdc98-dd46-43e6-92b4-c6a9a5e798bc</assetUuid>
        <mimeType>application/javascript</mimeType>
        <charEncoding isNull="true" />
        <assetTypeCode>W</assetTypeCode>
        <length>26388</length>
        <localLastModification>1494585304324</localLastModification>
        <description isNull="true" />
        <isDocumentationFile>false</isDocumentationFile>
        <guid>3131dbdd-b504-46ca-889d-b43bd1fbb55c</guid>
        <versionId>4d2e6045-b2b7-48f4-8c52-1ad8350d79cc</versionId>
    </managedAsset>
</teamworks>

