<?xml version="1.0" encoding="UTF-8"?>
<teamworks>
    <managedAsset id="61.f9ff62d4-48df-44f5-ab99-f0b79abab6d6" name="BPMExt-Control-ECMFileRevisionsList.js">
        <lastModified>1495111306796</lastModified>
        <lastModifiedBy>admin</lastModifiedBy>
        <tenantId isNull="true" />
        <managedAssetId>61.f9ff62d4-48df-44f5-ab99-f0b79abab6d6</managedAssetId>
        <assetUuid>929ef3b9-78a8-427a-873f-e26e5b532da0</assetUuid>
        <mimeType>application/javascript</mimeType>
        <charEncoding isNull="true" />
        <assetTypeCode>W</assetTypeCode>
        <length>21338</length>
        <localLastModification>1495111283935</localLastModification>
        <description isNull="true" />
        <isDocumentationFile>false</isDocumentationFile>
        <guid>f1dd3b17-1a8f-44b0-a0de-4e13696546f6</guid>
        <versionId>73ff4312-e45c-451f-b01e-2bc434994c26</versionId>
    </managedAsset>
</teamworks>

