<?xml version="1.0" encoding="UTF-8"?>
<teamworks>
    <coachView id="64.e2bd4657-170b-40b3-b1b6-4839c7978b7a" name="ECM Folder List">
        <lastModified>1496085768754</lastModified>
        <lastModifiedBy>tw_admin</lastModifiedBy>
        <tenantId isNull="true" />
        <coachViewId>64.e2bd4657-170b-40b3-b1b6-4839c7978b7a</coachViewId>
        <isTemplate>false</isTemplate>
        <layout>&lt;?xml version="1.0" encoding="UTF-8" standalone="yes"?&gt;&lt;ns2:layout xmlns:ns2="http://www.ibm.com/bpm/CoachDesignerNG" xmlns:ns3="http://www.ibm.com/bpm/coachview"&gt;&lt;ns2:layoutItem xsi:type="ns2:CustomHTML" xmlns:xsi="http://www.w3.org/2001/XMLSchema-instance"&gt;&lt;ns2:id&gt;7ea557f1-7e00-48ae-b613-7b98f4f4774e&lt;/ns2:id&gt;&lt;ns2:layoutItemId&gt;CustomHTML1&lt;/ns2:layoutItemId&gt;&lt;ns2:configData&gt;&lt;ns2:id&gt;178b3b85-c42d-4b73-b962-77b501478d57&lt;/ns2:id&gt;&lt;ns2:optionName&gt;@customHTML.textContent&lt;/ns2:optionName&gt;&lt;ns2:value&gt;&amp;lt;div class="SvcHolder bg-primary"&amp;gt;&lt;/ns2:value&gt;&lt;/ns2:configData&gt;&lt;ns2:configData&gt;&lt;ns2:id&gt;ae2c4b1d-dbe6-4797-8d77-356b9777c815&lt;/ns2:id&gt;&lt;ns2:optionName&gt;@customHTML.contentType&lt;/ns2:optionName&gt;&lt;ns2:value&gt;TEXT&lt;/ns2:value&gt;&lt;/ns2:configData&gt;&lt;ns2:configData&gt;&lt;ns2:id&gt;1336cb19-82a4-437d-b363-88f691aef46c&lt;/ns2:id&gt;&lt;ns2:optionName&gt;@customHTML.variableContent&lt;/ns2:optionName&gt;&lt;/ns2:configData&gt;&lt;ns2:configData&gt;&lt;ns2:id&gt;0823e2c0-1b92-450f-9761-eec0a88c8088&lt;/ns2:id&gt;&lt;ns2:optionName&gt;@customHTML.assetContent&lt;/ns2:optionName&gt;&lt;/ns2:configData&gt;&lt;/ns2:layoutItem&gt;&lt;ns2:layoutItem xsi:type="ns2:ViewRef" version="8560" xmlns:xsi="http://www.w3.org/2001/XMLSchema-instance"&gt;&lt;ns2:id&gt;47441a16-772e-46a5-990b-28ae47da8e10&lt;/ns2:id&gt;&lt;ns2:layoutItemId&gt;CreateFolderSvc&lt;/ns2:layoutItemId&gt;&lt;ns2:configData&gt;&lt;ns2:id&gt;4ff9a973-20fa-4f81-9e83-6e6f774c0b30&lt;/ns2:id&gt;&lt;ns2:optionName&gt;@label&lt;/ns2:optionName&gt;&lt;ns2:value&gt;Create Folder&lt;/ns2:value&gt;&lt;/ns2:configData&gt;&lt;ns2:configData&gt;&lt;ns2:id&gt;81669d77-0018-4a7e-bfc7-958d83982ce2&lt;/ns2:id&gt;&lt;ns2:optionName&gt;@helpText&lt;/ns2:optionName&gt;&lt;ns2:value&gt;&lt;/ns2:value&gt;&lt;ns2:valueType&gt;static&lt;/ns2:valueType&gt;&lt;/ns2:configData&gt;&lt;ns2:configData&gt;&lt;ns2:id&gt;dbb97303-d0e5-4f8e-aa1b-47035977732d&lt;/ns2:id&gt;&lt;ns2:optionName&gt;@visibility&lt;/ns2:optionName&gt;&lt;ns2:value&gt;DEFAULT&lt;/ns2:value&gt;&lt;ns2:valueType&gt;static&lt;/ns2:valueType&gt;&lt;/ns2:configData&gt;&lt;ns2:configData&gt;&lt;ns2:id&gt;ab4e4f79-34ce-47e2-ae98-0c80b351f8a9&lt;/ns2:id&gt;&lt;ns2:optionName&gt;@labelVisibility&lt;/ns2:optionName&gt;&lt;ns2:value&gt;SHOW&lt;/ns2:value&gt;&lt;ns2:valueType&gt;static&lt;/ns2:valueType&gt;&lt;/ns2:configData&gt;&lt;ns2:configData&gt;&lt;ns2:id&gt;e2f02380-d3b9-4ad9-bf01-6a48e11ea925&lt;/ns2:id&gt;&lt;ns2:optionName&gt;@baseTextDirection&lt;/ns2:optionName&gt;&lt;ns2:value&gt;DEFAULT&lt;/ns2:value&gt;&lt;ns2:valueType&gt;static&lt;/ns2:valueType&gt;&lt;/ns2:configData&gt;&lt;ns2:configData&gt;&lt;ns2:id&gt;c2b4ae9d-b0f8-4d3e-8996-5b2964c0f5e3&lt;/ns2:id&gt;&lt;ns2:optionName&gt;attachedService&lt;/ns2:optionName&gt;&lt;ns2:value&gt;1.dd5b6d19-85ea-4976-8a79-1cb696938a82&lt;/ns2:value&gt;&lt;ns2:valueType&gt;static&lt;/ns2:valueType&gt;&lt;/ns2:configData&gt;&lt;ns2:configData&gt;&lt;ns2:id&gt;c03fe2fd-69b4-48f6-a8a8-d3f54eff5e4a&lt;/ns2:id&gt;&lt;ns2:optionName&gt;inputData&lt;/ns2:optionName&gt;&lt;ns2:valueType&gt;dynamic&lt;/ns2:valueType&gt;&lt;/ns2:configData&gt;&lt;ns2:configData&gt;&lt;ns2:id&gt;bfb913cc-416e-45ae-a1eb-76904a2823d4&lt;/ns2:id&gt;&lt;ns2:optionName&gt;autoRun&lt;/ns2:optionName&gt;&lt;ns2:value&gt;false&lt;/ns2:value&gt;&lt;ns2:valueType&gt;static&lt;/ns2:valueType&gt;&lt;/ns2:configData&gt;&lt;ns2:configData&gt;&lt;ns2:id&gt;69b05421-b20e-45fb-ba4f-7ed3d8d918b3&lt;/ns2:id&gt;&lt;ns2:optionName&gt;busyIndicator&lt;/ns2:optionName&gt;&lt;ns2:value&gt;R&lt;/ns2:value&gt;&lt;ns2:valueType&gt;static&lt;/ns2:valueType&gt;&lt;/ns2:configData&gt;&lt;ns2:configData&gt;&lt;ns2:id&gt;5a40685c-75fd-48e6-be6c-33f00393161e&lt;/ns2:id&gt;&lt;ns2:optionName&gt;eventON_LOAD&lt;/ns2:optionName&gt;&lt;ns2:valueType&gt;static&lt;/ns2:valueType&gt;&lt;/ns2:configData&gt;&lt;ns2:configData&gt;&lt;ns2:id&gt;bebd7559-e481-45bb-bb7b-fbd4ccd61549&lt;/ns2:id&gt;&lt;ns2:optionName&gt;eventON_SVCINVOKE&lt;/ns2:optionName&gt;&lt;ns2:value&gt;@_onFolderCreateInvoked&lt;/ns2:value&gt;&lt;ns2:valueType&gt;static&lt;/ns2:valueType&gt;&lt;/ns2:configData&gt;&lt;ns2:configData&gt;&lt;ns2:id&gt;de6afcca-fe1d-43f2-8b77-ffa1c4d3bec2&lt;/ns2:id&gt;&lt;ns2:optionName&gt;eventON_SVCRESULT&lt;/ns2:optionName&gt;&lt;ns2:value&gt;@_onFolderCreateResult&lt;/ns2:value&gt;&lt;ns2:valueType&gt;static&lt;/ns2:valueType&gt;&lt;/ns2:configData&gt;&lt;ns2:configData&gt;&lt;ns2:id&gt;1e04d179-06cd-41ab-b83d-4c098863f5d2&lt;/ns2:id&gt;&lt;ns2:optionName&gt;eventON_SVCERROR&lt;/ns2:optionName&gt;&lt;ns2:value&gt;@_onFolderCreateError&lt;/ns2:value&gt;&lt;ns2:valueType&gt;static&lt;/ns2:valueType&gt;&lt;/ns2:configData&gt;&lt;ns2:configData&gt;&lt;ns2:id&gt;c932a5a6-1a56-418d-8ef8-8d85f9d92935&lt;/ns2:id&gt;&lt;ns2:optionName&gt;@htmlOverrides&lt;/ns2:optionName&gt;&lt;/ns2:configData&gt;&lt;ns2:configData&gt;&lt;ns2:id&gt;fc6c6a9c-e5bd-4549-81a2-5944ac63cd16&lt;/ns2:id&gt;&lt;ns2:optionName&gt;@className&lt;/ns2:optionName&gt;&lt;ns2:value&gt;DocSvc&lt;/ns2:value&gt;&lt;/ns2:configData&gt;&lt;ns2:viewUUID&gt;64.1feaead9-b1d2-4a7e-80a3-22156e6fe8f9&lt;/ns2:viewUUID&gt;&lt;/ns2:layoutItem&gt;&lt;ns2:layoutItem xsi:type="ns2:ViewRef" version="8560" xmlns:xsi="http://www.w3.org/2001/XMLSchema-instance"&gt;&lt;ns2:id&gt;43db7bae-bdfd-4873-8419-a75f283f26ed&lt;/ns2:id&gt;&lt;ns2:layoutItemId&gt;DeleteFolderSvc&lt;/ns2:layoutItemId&gt;&lt;ns2:configData&gt;&lt;ns2:id&gt;3c667673-5f39-41ba-aca6-b49319ef3e8c&lt;/ns2:id&gt;&lt;ns2:optionName&gt;@label&lt;/ns2:optionName&gt;&lt;ns2:value&gt;Delete Folder&lt;/ns2:value&gt;&lt;/ns2:configData&gt;&lt;ns2:configData&gt;&lt;ns2:id&gt;24175690-a9d9-4e7d-8cc9-5e5a4f14dcb0&lt;/ns2:id&gt;&lt;ns2:optionName&gt;@helpText&lt;/ns2:optionName&gt;&lt;ns2:value&gt;&lt;/ns2:value&gt;&lt;ns2:valueType&gt;static&lt;/ns2:valueType&gt;&lt;/ns2:configData&gt;&lt;ns2:configData&gt;&lt;ns2:id&gt;fe1b2475-9416-4f0a-bbcb-75cd2ee49189&lt;/ns2:id&gt;&lt;ns2:optionName&gt;@visibility&lt;/ns2:optionName&gt;&lt;ns2:value&gt;DEFAULT&lt;/ns2:value&gt;&lt;ns2:valueType&gt;static&lt;/ns2:valueType&gt;&lt;/ns2:configData&gt;&lt;ns2:configData&gt;&lt;ns2:id&gt;528ac7e3-2605-487f-a08b-c90b8eff2d67&lt;/ns2:id&gt;&lt;ns2:optionName&gt;@labelVisibility&lt;/ns2:optionName&gt;&lt;ns2:value&gt;SHOW&lt;/ns2:value&gt;&lt;ns2:valueType&gt;static&lt;/ns2:valueType&gt;&lt;/ns2:configData&gt;&lt;ns2:configData&gt;&lt;ns2:id&gt;f8c014f8-36aa-4a98-ba79-2771e4b93ec4&lt;/ns2:id&gt;&lt;ns2:optionName&gt;@baseTextDirection&lt;/ns2:optionName&gt;&lt;ns2:value&gt;DEFAULT&lt;/ns2:value&gt;&lt;ns2:valueType&gt;static&lt;/ns2:valueType&gt;&lt;/ns2:configData&gt;&lt;ns2:configData&gt;&lt;ns2:id&gt;ba7006cb-5351-4ff5-8bd2-86cb1730710f&lt;/ns2:id&gt;&lt;ns2:optionName&gt;attachedService&lt;/ns2:optionName&gt;&lt;ns2:value&gt;1.fa8b2cd2-0828-4559-844e-3001d498d14c&lt;/ns2:value&gt;&lt;ns2:valueType&gt;static&lt;/ns2:valueType&gt;&lt;/ns2:configData&gt;&lt;ns2:configData&gt;&lt;ns2:id&gt;24714948-1e8a-4064-938f-0be49afec861&lt;/ns2:id&gt;&lt;ns2:optionName&gt;inputData&lt;/ns2:optionName&gt;&lt;ns2:valueType&gt;dynamic&lt;/ns2:valueType&gt;&lt;/ns2:configData&gt;&lt;ns2:configData&gt;&lt;ns2:id&gt;c32a4ec4-ebc5-4fb1-a13a-c4a186fe8b5d&lt;/ns2:id&gt;&lt;ns2:optionName&gt;autoRun&lt;/ns2:optionName&gt;&lt;ns2:value&gt;false&lt;/ns2:value&gt;&lt;ns2:valueType&gt;static&lt;/ns2:valueType&gt;&lt;/ns2:configData&gt;&lt;ns2:configData&gt;&lt;ns2:id&gt;3e8654c6-e299-445a-8c57-e860b1166a5d&lt;/ns2:id&gt;&lt;ns2:optionName&gt;busyIndicator&lt;/ns2:optionName&gt;&lt;ns2:value&gt;R&lt;/ns2:value&gt;&lt;ns2:valueType&gt;static&lt;/ns2:valueType&gt;&lt;/ns2:configData&gt;&lt;ns2:configData&gt;&lt;ns2:id&gt;dbbe6952-ff68-4263-b0fa-dc57f99b2c77&lt;/ns2:id&gt;&lt;ns2:optionName&gt;eventON_LOAD&lt;/ns2:optionName&gt;&lt;ns2:valueType&gt;static&lt;/ns2:valueType&gt;&lt;/ns2:configData&gt;&lt;ns2:configData&gt;&lt;ns2:id&gt;b7a3bdbd-a451-4753-87aa-bb4e2579cc9f&lt;/ns2:id&gt;&lt;ns2:optionName&gt;eventON_SVCINVOKE&lt;/ns2:optionName&gt;&lt;ns2:value&gt;@_onFolderDeleteInvoked&lt;/ns2:value&gt;&lt;ns2:valueType&gt;static&lt;/ns2:valueType&gt;&lt;/ns2:configData&gt;&lt;ns2:configData&gt;&lt;ns2:id&gt;444b29f1-2e67-4fbb-a197-be33e228af24&lt;/ns2:id&gt;&lt;ns2:optionName&gt;eventON_SVCRESULT&lt;/ns2:optionName&gt;&lt;ns2:value&gt;@_onFolderDeleteResult&lt;/ns2:value&gt;&lt;ns2:valueType&gt;static&lt;/ns2:valueType&gt;&lt;/ns2:configData&gt;&lt;ns2:configData&gt;&lt;ns2:id&gt;fcf6b988-29e9-4261-9ddd-29f732501aab&lt;/ns2:id&gt;&lt;ns2:optionName&gt;eventON_SVCERROR&lt;/ns2:optionName&gt;&lt;ns2:value&gt;@_onFolderDeleteError&lt;/ns2:value&gt;&lt;ns2:valueType&gt;static&lt;/ns2:valueType&gt;&lt;/ns2:configData&gt;&lt;ns2:configData&gt;&lt;ns2:id&gt;9fe8e406-c742-43cb-9df0-3e3702a12ff7&lt;/ns2:id&gt;&lt;ns2:optionName&gt;@htmlOverrides&lt;/ns2:optionName&gt;&lt;/ns2:configData&gt;&lt;ns2:configData&gt;&lt;ns2:id&gt;e8478597-e3b3-4023-8808-af843f2623de&lt;/ns2:id&gt;&lt;ns2:optionName&gt;@className&lt;/ns2:optionName&gt;&lt;ns2:value&gt;DocSvc&lt;/ns2:value&gt;&lt;/ns2:configData&gt;&lt;ns2:viewUUID&gt;64.1feaead9-b1d2-4a7e-80a3-22156e6fe8f9&lt;/ns2:viewUUID&gt;&lt;/ns2:layoutItem&gt;&lt;ns2:layoutItem xsi:type="ns2:ViewRef" version="8560" xmlns:xsi="http://www.w3.org/2001/XMLSchema-instance"&gt;&lt;ns2:id&gt;2e15dafd-0785-4681-8c09-4c9e4760c0e4&lt;/ns2:id&gt;&lt;ns2:layoutItemId&gt;GetFolderTreeSvc&lt;/ns2:layoutItemId&gt;&lt;ns2:configData&gt;&lt;ns2:id&gt;5c0f62da-8502-4437-930c-e2ef30d3b378&lt;/ns2:id&gt;&lt;ns2:optionName&gt;@label&lt;/ns2:optionName&gt;&lt;ns2:value&gt;Get Folder Tree&lt;/ns2:value&gt;&lt;/ns2:configData&gt;&lt;ns2:configData&gt;&lt;ns2:id&gt;a9980634-e883-4b58-bb62-a1b86aea7eb9&lt;/ns2:id&gt;&lt;ns2:optionName&gt;@helpText&lt;/ns2:optionName&gt;&lt;ns2:value&gt;&lt;/ns2:value&gt;&lt;ns2:valueType&gt;static&lt;/ns2:valueType&gt;&lt;/ns2:configData&gt;&lt;ns2:configData&gt;&lt;ns2:id&gt;c0a001b6-5864-4336-a1b6-a84521ed10e7&lt;/ns2:id&gt;&lt;ns2:optionName&gt;@visibility&lt;/ns2:optionName&gt;&lt;ns2:value&gt;DEFAULT&lt;/ns2:value&gt;&lt;ns2:valueType&gt;static&lt;/ns2:valueType&gt;&lt;/ns2:configData&gt;&lt;ns2:configData&gt;&lt;ns2:id&gt;5f2c22f7-e0a8-423f-a653-5585a7edd779&lt;/ns2:id&gt;&lt;ns2:optionName&gt;@labelVisibility&lt;/ns2:optionName&gt;&lt;ns2:value&gt;SHOW&lt;/ns2:value&gt;&lt;ns2:valueType&gt;static&lt;/ns2:valueType&gt;&lt;/ns2:configData&gt;&lt;ns2:configData&gt;&lt;ns2:id&gt;75c394e7-098c-4188-a2f2-b0cb5e4a61a1&lt;/ns2:id&gt;&lt;ns2:optionName&gt;@baseTextDirection&lt;/ns2:optionName&gt;&lt;ns2:value&gt;DEFAULT&lt;/ns2:value&gt;&lt;ns2:valueType&gt;static&lt;/ns2:valueType&gt;&lt;/ns2:configData&gt;&lt;ns2:configData&gt;&lt;ns2:id&gt;cdde0535-b906-436f-96d3-e430e226b809&lt;/ns2:id&gt;&lt;ns2:optionName&gt;attachedService&lt;/ns2:optionName&gt;&lt;ns2:value&gt;1.d2108594-519f-4438-96bf-6bd1105e8e5d&lt;/ns2:value&gt;&lt;ns2:valueType&gt;static&lt;/ns2:valueType&gt;&lt;/ns2:configData&gt;&lt;ns2:configData&gt;&lt;ns2:id&gt;ad998726-7c54-40a0-9662-3ffc25573ed9&lt;/ns2:id&gt;&lt;ns2:optionName&gt;inputData&lt;/ns2:optionName&gt;&lt;ns2:valueType&gt;dynamic&lt;/ns2:valueType&gt;&lt;/ns2:configData&gt;&lt;ns2:configData&gt;&lt;ns2:id&gt;ecf5fee7-a172-4485-86cd-0ea644e83828&lt;/ns2:id&gt;&lt;ns2:optionName&gt;autoRun&lt;/ns2:optionName&gt;&lt;ns2:value&gt;false&lt;/ns2:value&gt;&lt;ns2:valueType&gt;static&lt;/ns2:valueType&gt;&lt;/ns2:configData&gt;&lt;ns2:configData&gt;&lt;ns2:id&gt;2a4d6add-fb2a-4ba3-9a4b-7059c7700e6a&lt;/ns2:id&gt;&lt;ns2:optionName&gt;busyIndicator&lt;/ns2:optionName&gt;&lt;ns2:value&gt;R&lt;/ns2:value&gt;&lt;ns2:valueType&gt;static&lt;/ns2:valueType&gt;&lt;/ns2:configData&gt;&lt;ns2:configData&gt;&lt;ns2:id&gt;659624db-8d4a-408a-b788-c219581e5ccf&lt;/ns2:id&gt;&lt;ns2:optionName&gt;eventON_LOAD&lt;/ns2:optionName&gt;&lt;ns2:valueType&gt;static&lt;/ns2:valueType&gt;&lt;/ns2:configData&gt;&lt;ns2:configData&gt;&lt;ns2:id&gt;797c8d12-7c12-449e-ad1c-3da06e9937f7&lt;/ns2:id&gt;&lt;ns2:optionName&gt;eventON_SVCINVOKE&lt;/ns2:optionName&gt;&lt;ns2:value&gt;&lt;/ns2:value&gt;&lt;ns2:valueType&gt;static&lt;/ns2:valueType&gt;&lt;/ns2:configData&gt;&lt;ns2:configData&gt;&lt;ns2:id&gt;71fe2895-6e54-44dd-9063-6339e9840b97&lt;/ns2:id&gt;&lt;ns2:optionName&gt;eventON_SVCRESULT&lt;/ns2:optionName&gt;&lt;ns2:value&gt;view._proto._onFolderTreeResult(view, me.getResult());&lt;/ns2:value&gt;&lt;ns2:valueType&gt;static&lt;/ns2:valueType&gt;&lt;/ns2:configData&gt;&lt;ns2:configData&gt;&lt;ns2:id&gt;da013382-3bf5-4de0-8156-b28d744f73a8&lt;/ns2:id&gt;&lt;ns2:optionName&gt;eventON_SVCERROR&lt;/ns2:optionName&gt;&lt;ns2:value&gt;&lt;/ns2:value&gt;&lt;ns2:valueType&gt;static&lt;/ns2:valueType&gt;&lt;/ns2:configData&gt;&lt;ns2:configData&gt;&lt;ns2:id&gt;35d46ac1-d5e1-4039-983b-9534c509d23d&lt;/ns2:id&gt;&lt;ns2:optionName&gt;@htmlOverrides&lt;/ns2:optionName&gt;&lt;/ns2:configData&gt;&lt;ns2:configData&gt;&lt;ns2:id&gt;d706a61d-ac73-4219-80c4-30b7452e3b8f&lt;/ns2:id&gt;&lt;ns2:optionName&gt;@className&lt;/ns2:optionName&gt;&lt;ns2:value&gt;DocSvc&lt;/ns2:value&gt;&lt;/ns2:configData&gt;&lt;ns2:viewUUID&gt;64.1feaead9-b1d2-4a7e-80a3-22156e6fe8f9&lt;/ns2:viewUUID&gt;&lt;/ns2:layoutItem&gt;&lt;ns2:layoutItem xsi:type="ns2:CustomHTML" xmlns:xsi="http://www.w3.org/2001/XMLSchema-instance"&gt;&lt;ns2:id&gt;b5b02baf-2d76-4013-841c-34f2bf3dc840&lt;/ns2:id&gt;&lt;ns2:layoutItemId&gt;CustomHTML2&lt;/ns2:layoutItemId&gt;&lt;ns2:configData&gt;&lt;ns2:id&gt;b478c4a3-7531-4fee-828b-4a3216324ad3&lt;/ns2:id&gt;&lt;ns2:optionName&gt;@customHTML.textContent&lt;/ns2:optionName&gt;&lt;ns2:value&gt;&amp;lt;/div&amp;gt;&lt;/ns2:value&gt;&lt;/ns2:configData&gt;&lt;ns2:configData&gt;&lt;ns2:id&gt;c8c47ca1-338e-4fe0-b3f0-1465198c768c&lt;/ns2:id&gt;&lt;ns2:optionName&gt;@customHTML.contentType&lt;/ns2:optionName&gt;&lt;ns2:value&gt;TEXT&lt;/ns2:value&gt;&lt;/ns2:configData&gt;&lt;ns2:configData&gt;&lt;ns2:id&gt;534d1858-525d-4f5a-b5eb-ded3b6154a58&lt;/ns2:id&gt;&lt;ns2:optionName&gt;@customHTML.variableContent&lt;/ns2:optionName&gt;&lt;/ns2:configData&gt;&lt;ns2:configData&gt;&lt;ns2:id&gt;911d6e8c-5c70-4d18-92d2-224e6cea8ae2&lt;/ns2:id&gt;&lt;ns2:optionName&gt;@customHTML.assetContent&lt;/ns2:optionName&gt;&lt;/ns2:configData&gt;&lt;/ns2:layoutItem&gt;&lt;ns2:layoutItem xsi:type="ns2:ViewRef" version="8560" xmlns:xsi="http://www.w3.org/2001/XMLSchema-instance"&gt;&lt;ns2:id&gt;35beeea7-b991-401c-bd09-59a2dc300a31&lt;/ns2:id&gt;&lt;ns2:layoutItemId&gt;Vertical_Layout1&lt;/ns2:layoutItemId&gt;&lt;ns2:configData&gt;&lt;ns2:id&gt;dcf3c42f-f9c0-40dd-9486-7b96dbd55e60&lt;/ns2:id&gt;&lt;ns2:optionName&gt;@label&lt;/ns2:optionName&gt;&lt;ns2:value&gt;Vertical Layout&lt;/ns2:value&gt;&lt;/ns2:configData&gt;&lt;ns2:configData&gt;&lt;ns2:id&gt;1e6bba81-67cb-4160-b664-903626578ba2&lt;/ns2:id&gt;&lt;ns2:optionName&gt;layoutFlow&lt;/ns2:optionName&gt;&lt;ns2:value&gt;Y&lt;/ns2:value&gt;&lt;ns2:valueType&gt;static&lt;/ns2:valueType&gt;&lt;/ns2:configData&gt;&lt;ns2:configData&gt;&lt;ns2:id&gt;5d4846be-53da-481b-8842-63c556a6ca19&lt;/ns2:id&gt;&lt;ns2:optionName&gt;hAlignment&lt;/ns2:optionName&gt;&lt;ns2:value&gt;J&lt;/ns2:value&gt;&lt;ns2:valueType&gt;static&lt;/ns2:valueType&gt;&lt;/ns2:configData&gt;&lt;ns2:configData&gt;&lt;ns2:id&gt;62204b72-4a30-4461-815e-98e2ab3d2a6e&lt;/ns2:id&gt;&lt;ns2:optionName&gt;vAlignment&lt;/ns2:optionName&gt;&lt;ns2:value&gt;T&lt;/ns2:value&gt;&lt;ns2:valueType&gt;static&lt;/ns2:valueType&gt;&lt;/ns2:configData&gt;&lt;ns2:configData&gt;&lt;ns2:id&gt;86e4ea07-19de-4f26-8e26-2ab1f3958df9&lt;/ns2:id&gt;&lt;ns2:optionName&gt;width&lt;/ns2:optionName&gt;&lt;ns2:valueType&gt;static&lt;/ns2:valueType&gt;&lt;/ns2:configData&gt;&lt;ns2:configData&gt;&lt;ns2:id&gt;87e816b3-b504-46d0-858b-f4efb217045f&lt;/ns2:id&gt;&lt;ns2:optionName&gt;height&lt;/ns2:optionName&gt;&lt;ns2:valueType&gt;static&lt;/ns2:valueType&gt;&lt;/ns2:configData&gt;&lt;ns2:configData&gt;&lt;ns2:id&gt;d1ba15fd-dad9-415c-b0bb-6b2d02de4ff3&lt;/ns2:id&gt;&lt;ns2:optionName&gt;sensor&lt;/ns2:optionName&gt;&lt;ns2:valueType&gt;static&lt;/ns2:valueType&gt;&lt;/ns2:configData&gt;&lt;ns2:configData&gt;&lt;ns2:id&gt;1bdc8d8f-72a4-4641-9345-440f75377f0a&lt;/ns2:id&gt;&lt;ns2:optionName&gt;behaviors&lt;/ns2:optionName&gt;&lt;ns2:valueType&gt;dynamic&lt;/ns2:valueType&gt;&lt;/ns2:configData&gt;&lt;ns2:configData&gt;&lt;ns2:id&gt;f659445b-3121-40e2-87c7-06050eb3b388&lt;/ns2:id&gt;&lt;ns2:optionName&gt;deferLoad&lt;/ns2:optionName&gt;&lt;ns2:value&gt;false&lt;/ns2:value&gt;&lt;ns2:valueType&gt;static&lt;/ns2:valueType&gt;&lt;/ns2:configData&gt;&lt;ns2:configData&gt;&lt;ns2:id&gt;6f043f92-f61c-40ec-9817-c93b97c9a5d9&lt;/ns2:id&gt;&lt;ns2:optionName&gt;loadBatchSize&lt;/ns2:optionName&gt;&lt;ns2:valueType&gt;static&lt;/ns2:valueType&gt;&lt;/ns2:configData&gt;&lt;ns2:configData&gt;&lt;ns2:id&gt;ed9f9cbc-5e96-4a2d-82ef-558c732fbdda&lt;/ns2:id&gt;&lt;ns2:optionName&gt;eventON_LOAD&lt;/ns2:optionName&gt;&lt;ns2:valueType&gt;static&lt;/ns2:valueType&gt;&lt;/ns2:configData&gt;&lt;ns2:configData&gt;&lt;ns2:id&gt;5cad7077-eac7-42b5-a421-46e82a007ba5&lt;/ns2:id&gt;&lt;ns2:optionName&gt;eventON_RESUPD&lt;/ns2:optionName&gt;&lt;ns2:valueType&gt;static&lt;/ns2:valueType&gt;&lt;/ns2:configData&gt;&lt;ns2:configData&gt;&lt;ns2:id&gt;e9f250e3-fd76-4365-bab6-8b6dd7988897&lt;/ns2:id&gt;&lt;ns2:optionName&gt;@helpText&lt;/ns2:optionName&gt;&lt;ns2:value&gt;&lt;/ns2:value&gt;&lt;ns2:valueType&gt;static&lt;/ns2:valueType&gt;&lt;/ns2:configData&gt;&lt;ns2:configData&gt;&lt;ns2:id&gt;5609b647-01cc-4a21-a068-c7f1c14808d7&lt;/ns2:id&gt;&lt;ns2:optionName&gt;@visibility&lt;/ns2:optionName&gt;&lt;ns2:value&gt;DEFAULT&lt;/ns2:value&gt;&lt;ns2:valueType&gt;static&lt;/ns2:valueType&gt;&lt;/ns2:configData&gt;&lt;ns2:configData&gt;&lt;ns2:id&gt;6a5de81c-11cb-44b4-9888-7b9797002d50&lt;/ns2:id&gt;&lt;ns2:optionName&gt;@labelVisibility&lt;/ns2:optionName&gt;&lt;ns2:value&gt;SHOW&lt;/ns2:value&gt;&lt;ns2:valueType&gt;static&lt;/ns2:valueType&gt;&lt;/ns2:configData&gt;&lt;ns2:configData&gt;&lt;ns2:id&gt;0ce9512f-7ad9-4239-b743-82f9618b7993&lt;/ns2:id&gt;&lt;ns2:optionName&gt;@baseTextDirection&lt;/ns2:optionName&gt;&lt;ns2:value&gt;DEFAULT&lt;/ns2:value&gt;&lt;ns2:valueType&gt;static&lt;/ns2:valueType&gt;&lt;/ns2:configData&gt;&lt;ns2:viewUUID&gt;64.ef447b87-24a2-42a7-b2b9-cd471e9f7b67&lt;/ns2:viewUUID&gt;&lt;ns2:contentBoxContrib&gt;&lt;ns2:id&gt;7983c919-fea3-421b-9284-64a5e29e67d0&lt;/ns2:id&gt;&lt;ns2:contentBoxId&gt;ContentBox1&lt;/ns2:contentBoxId&gt;&lt;ns2:contributions xsi:type="ns2:ViewRef" version="8560"&gt;&lt;ns2:id&gt;0f0894b3-5901-4a7b-8a06-af4d94d3d71f&lt;/ns2:id&gt;&lt;ns2:layoutItemId&gt;FolderList&lt;/ns2:layoutItemId&gt;&lt;ns2:configData&gt;&lt;ns2:id&gt;a0b1b3c6-4549-4a6e-bb49-bef970e2bf35&lt;/ns2:id&gt;&lt;ns2:optionName&gt;@label&lt;/ns2:optionName&gt;&lt;ns2:value&gt;tw.options.@label&lt;/ns2:value&gt;&lt;ns2:valueType&gt;dynamic&lt;/ns2:valueType&gt;&lt;/ns2:configData&gt;&lt;ns2:configData&gt;&lt;ns2:id&gt;677643e3-29b4-4860-a706-0f8537e0115b&lt;/ns2:id&gt;&lt;ns2:optionName&gt;@helpText&lt;/ns2:optionName&gt;&lt;ns2:value&gt;&lt;/ns2:value&gt;&lt;ns2:valueType&gt;static&lt;/ns2:valueType&gt;&lt;/ns2:configData&gt;&lt;ns2:configData&gt;&lt;ns2:id&gt;31196036-a1bc-40e5-9bee-e0fa8b3067ab&lt;/ns2:id&gt;&lt;ns2:optionName&gt;@visibility&lt;/ns2:optionName&gt;&lt;ns2:value&gt;DEFAULT&lt;/ns2:value&gt;&lt;ns2:valueType&gt;static&lt;/ns2:valueType&gt;&lt;/ns2:configData&gt;&lt;ns2:configData&gt;&lt;ns2:id&gt;b9834d8a-87b5-4a22-a098-d930534325ab&lt;/ns2:id&gt;&lt;ns2:optionName&gt;@labelVisibility&lt;/ns2:optionName&gt;&lt;ns2:value&gt;tw.options.@labelVisibility&lt;/ns2:value&gt;&lt;ns2:valueType&gt;dynamic&lt;/ns2:valueType&gt;&lt;/ns2:configData&gt;&lt;ns2:configData&gt;&lt;ns2:id&gt;a3364663-796a-42ca-ad20-d10107a73317&lt;/ns2:id&gt;&lt;ns2:optionName&gt;@baseTextDirection&lt;/ns2:optionName&gt;&lt;ns2:value&gt;DEFAULT&lt;/ns2:value&gt;&lt;ns2:valueType&gt;static&lt;/ns2:valueType&gt;&lt;/ns2:configData&gt;&lt;ns2:configData&gt;&lt;ns2:id&gt;42934509-ebe0-4306-aec8-b2a6298a8d49&lt;/ns2:id&gt;&lt;ns2:optionName&gt;dataService&lt;/ns2:optionName&gt;&lt;ns2:valueType&gt;static&lt;/ns2:valueType&gt;&lt;/ns2:configData&gt;&lt;ns2:configData&gt;&lt;ns2:id&gt;ca70c7fa-0274-4054-88cd-32b8f02193e8&lt;/ns2:id&gt;&lt;ns2:optionName&gt;queryData&lt;/ns2:optionName&gt;&lt;ns2:valueType&gt;dynamic&lt;/ns2:valueType&gt;&lt;/ns2:configData&gt;&lt;ns2:configData&gt;&lt;ns2:id&gt;e9aefa20-d99e-42e9-a313-c8f6fa8d33fa&lt;/ns2:id&gt;&lt;ns2:optionName&gt;startEmpty&lt;/ns2:optionName&gt;&lt;ns2:value&gt;true&lt;/ns2:value&gt;&lt;ns2:valueType&gt;static&lt;/ns2:valueType&gt;&lt;/ns2:configData&gt;&lt;ns2:configData&gt;&lt;ns2:id&gt;89347b26-6c49-4dac-9fa2-421152e6f1c0&lt;/ns2:id&gt;&lt;ns2:optionName&gt;selectionMode&lt;/ns2:optionName&gt;&lt;ns2:value&gt;tw.options.selectionMode&lt;/ns2:value&gt;&lt;ns2:valueType&gt;dynamic&lt;/ns2:valueType&gt;&lt;/ns2:configData&gt;&lt;ns2:configData&gt;&lt;ns2:id&gt;0a706af1-4696-4a8a-beca-34b728840ff0&lt;/ns2:id&gt;&lt;ns2:optionName&gt;showFooter&lt;/ns2:optionName&gt;&lt;ns2:value&gt;tw.options.showFooter&lt;/ns2:value&gt;&lt;ns2:valueType&gt;dynamic&lt;/ns2:valueType&gt;&lt;/ns2:configData&gt;&lt;ns2:configData&gt;&lt;ns2:id&gt;d8d22ea4-eb55-4dc2-a165-d206cb437541&lt;/ns2:id&gt;&lt;ns2:optionName&gt;showTableStats&lt;/ns2:optionName&gt;&lt;ns2:value&gt;tw.options.showTableStats&lt;/ns2:value&gt;&lt;ns2:valueType&gt;dynamic&lt;/ns2:valueType&gt;&lt;/ns2:configData&gt;&lt;ns2:configData&gt;&lt;ns2:id&gt;db26f6c7-67cd-4233-b6b6-363f671a12d3&lt;/ns2:id&gt;&lt;ns2:optionName&gt;showPager&lt;/ns2:optionName&gt;&lt;ns2:value&gt;tw.options.showPager&lt;/ns2:value&gt;&lt;ns2:valueType&gt;dynamic&lt;/ns2:valueType&gt;&lt;/ns2:configData&gt;&lt;ns2:configData&gt;&lt;ns2:id&gt;2572b356-2946-46b2-b607-d2168c10ef6b&lt;/ns2:id&gt;&lt;ns2:optionName&gt;showPageSizer&lt;/ns2:optionName&gt;&lt;ns2:value&gt;false&lt;/ns2:value&gt;&lt;ns2:valueType&gt;static&lt;/ns2:valueType&gt;&lt;/ns2:configData&gt;&lt;ns2:configData&gt;&lt;ns2:id&gt;e30db97f-822a-407e-90c5-68f552c3dad7&lt;/ns2:id&gt;&lt;ns2:optionName&gt;pageSize&lt;/ns2:optionName&gt;&lt;ns2:value&gt;tw.options.pageSize&lt;/ns2:value&gt;&lt;ns2:valueType&gt;dynamic&lt;/ns2:valueType&gt;&lt;/ns2:configData&gt;&lt;ns2:configData&gt;&lt;ns2:id&gt;c0715b30-eb45-4577-a822-59bd5fe30646&lt;/ns2:id&gt;&lt;ns2:optionName&gt;columnSpecs&lt;/ns2:optionName&gt;&lt;ns2:value&gt;[]&lt;/ns2:value&gt;&lt;ns2:valueType&gt;static&lt;/ns2:valueType&gt;&lt;/ns2:configData&gt;&lt;ns2:configData&gt;&lt;ns2:id&gt;db9399b6-c64e-49f9-a5cd-e63a78ccf69b&lt;/ns2:id&gt;&lt;ns2:optionName&gt;tableStyle&lt;/ns2:optionName&gt;&lt;ns2:value&gt;tw.options.tableStyle&lt;/ns2:value&gt;&lt;ns2:valueType&gt;dynamic&lt;/ns2:valueType&gt;&lt;/ns2:configData&gt;&lt;ns2:configData&gt;&lt;ns2:id&gt;cd623fe0-3dce-4363-b9f4-eb1b51dfdbad&lt;/ns2:id&gt;&lt;ns2:optionName&gt;colorStyle&lt;/ns2:optionName&gt;&lt;ns2:value&gt;tw.options.colorStyle&lt;/ns2:value&gt;&lt;ns2:valueType&gt;dynamic&lt;/ns2:valueType&gt;&lt;/ns2:configData&gt;&lt;ns2:configData&gt;&lt;ns2:id&gt;0cbed5e5-d462-4625-9798-fe3eab74d890&lt;/ns2:id&gt;&lt;ns2:optionName&gt;width&lt;/ns2:optionName&gt;&lt;ns2:value&gt;&lt;/ns2:value&gt;&lt;ns2:valueType&gt;static&lt;/ns2:valueType&gt;&lt;/ns2:configData&gt;&lt;ns2:configData&gt;&lt;ns2:id&gt;3d92948a-22ba-4bb5-9c6a-09eb1f9921e0&lt;/ns2:id&gt;&lt;ns2:optionName&gt;height&lt;/ns2:optionName&gt;&lt;ns2:value&gt;tw.options.height&lt;/ns2:value&gt;&lt;ns2:valueType&gt;dynamic&lt;/ns2:valueType&gt;&lt;/ns2:configData&gt;&lt;ns2:configData&gt;&lt;ns2:id&gt;758e80c6-156a-4b80-9bd0-dc75c5673942&lt;/ns2:id&gt;&lt;ns2:optionName&gt;deferLoad&lt;/ns2:optionName&gt;&lt;ns2:value&gt;false&lt;/ns2:value&gt;&lt;ns2:valueType&gt;static&lt;/ns2:valueType&gt;&lt;/ns2:configData&gt;&lt;ns2:configData&gt;&lt;ns2:id&gt;5961cd5a-faaf-4a81-8edc-094dea8e0c87&lt;/ns2:id&gt;&lt;ns2:optionName&gt;loadBatchSize&lt;/ns2:optionName&gt;&lt;ns2:valueType&gt;static&lt;/ns2:valueType&gt;&lt;/ns2:configData&gt;&lt;ns2:configData&gt;&lt;ns2:id&gt;683fe4ca-472f-4fb9-aaad-08e834481cd3&lt;/ns2:id&gt;&lt;ns2:optionName&gt;eventON_LOAD&lt;/ns2:optionName&gt;&lt;ns2:valueType&gt;static&lt;/ns2:valueType&gt;&lt;/ns2:configData&gt;&lt;ns2:configData&gt;&lt;ns2:id&gt;9a453c03-080e-4c59-96d6-dcc2c672414e&lt;/ns2:id&gt;&lt;ns2:optionName&gt;eventON_NEWCELL&lt;/ns2:optionName&gt;&lt;ns2:value&gt;@_renderCell&lt;/ns2:value&gt;&lt;ns2:valueType&gt;static&lt;/ns2:valueType&gt;&lt;/ns2:configData&gt;&lt;ns2:configData&gt;&lt;ns2:id&gt;d1f930e9-5020-43fa-8b93-03f869be6c9c&lt;/ns2:id&gt;&lt;ns2:optionName&gt;eventON_ROWSLOADED&lt;/ns2:optionName&gt;&lt;ns2:valueType&gt;static&lt;/ns2:valueType&gt;&lt;/ns2:configData&gt;&lt;ns2:configData&gt;&lt;ns2:id&gt;8824ddd8-17d4-4c58-a965-644ccc3bb71c&lt;/ns2:id&gt;&lt;ns2:optionName&gt;@htmlOverrides&lt;/ns2:optionName&gt;&lt;/ns2:configData&gt;&lt;ns2:configData&gt;&lt;ns2:id&gt;696e99b5-822e-41df-9f05-bf3cd4e8e28c&lt;/ns2:id&gt;&lt;ns2:optionName&gt;@className&lt;/ns2:optionName&gt;&lt;ns2:value&gt;FileTable&lt;/ns2:value&gt;&lt;/ns2:configData&gt;&lt;ns2:configData&gt;&lt;ns2:id&gt;3f450ae8-2006-4e07-8ff8-489ff84e7133&lt;/ns2:id&gt;&lt;ns2:optionName&gt;highlightSel&lt;/ns2:optionName&gt;&lt;ns2:value&gt;false&lt;/ns2:value&gt;&lt;ns2:valueType&gt;static&lt;/ns2:valueType&gt;&lt;/ns2:configData&gt;&lt;ns2:configData&gt;&lt;ns2:id&gt;5a93da4f-1470-4704-a7ec-3bae06de39bb&lt;/ns2:id&gt;&lt;ns2:optionName&gt;eventON_DATALOADED&lt;/ns2:optionName&gt;&lt;ns2:valueType&gt;static&lt;/ns2:valueType&gt;&lt;/ns2:configData&gt;&lt;ns2:configData&gt;&lt;ns2:id&gt;ab05f5bb-0a7b-4fd9-9d7d-0fc580baf3f7&lt;/ns2:id&gt;&lt;ns2:optionName&gt;eventON_DATAERROR&lt;/ns2:optionName&gt;&lt;ns2:valueType&gt;static&lt;/ns2:valueType&gt;&lt;/ns2:configData&gt;&lt;ns2:configData&gt;&lt;ns2:id&gt;9603d459-79f4-418e-9b84-7917767492ea&lt;/ns2:id&gt;&lt;ns2:optionName&gt;eventON_ROWSEL&lt;/ns2:optionName&gt;&lt;ns2:value&gt;return view._onRowSel(row)&lt;/ns2:value&gt;&lt;ns2:valueType&gt;static&lt;/ns2:valueType&gt;&lt;/ns2:configData&gt;&lt;ns2:viewUUID&gt;64.6b29c1bc-c211-43ce-8fbc-904e6e4d57f7&lt;/ns2:viewUUID&gt;&lt;ns2:contentBoxContrib&gt;&lt;ns2:id&gt;d2d5a047-bf40-495b-88c6-6fe338eba695&lt;/ns2:id&gt;&lt;ns2:contentBoxId&gt;ContentBox1&lt;/ns2:contentBoxId&gt;&lt;/ns2:contentBoxContrib&gt;&lt;/ns2:contributions&gt;&lt;/ns2:contentBoxContrib&gt;&lt;/ns2:layoutItem&gt;&lt;/ns2:layout&gt;</layout>
        <paletteIcon>/61.d44b1cd0-1e4f-4063-b86b-270d6b8896c7</paletteIcon>
        <previewImage>/61.09660d9a-9fe0-4484-a951-ecf470960213</previewImage>
        <hasLabel>false</hasLabel>
        <labelPosition>1</labelPosition>
        <nineSliceX1Coord>16</nineSliceX1Coord>
        <nineSliceX2Coord>16</nineSliceX2Coord>
        <nineSliceY1Coord>5</nineSliceY1Coord>
        <nineSliceY2Coord>16</nineSliceY2Coord>
        <emitBoundary>false</emitBoundary>
        <isPrototypeFunc>true</isPrototypeFunc>
        <enableDevMode>false</enableDevMode>
        <isMobileReady>true</isMobileReady>
        <loadJsFunction></loadJsFunction>
        <unloadJsFunction></unloadJsFunction>
        <viewJsFunction isNull="true" />
        <changeJsFunction isNull="true" />
        <collaborationJsFunction isNull="true" />
        <description>&lt;HTML&gt;&lt;HEAD&gt;&#xD;
&lt;STYLE type=text/css&gt; p{margin:0px;}&lt;/STYLE&gt;&#xD;
&lt;/HEAD&gt;&#xD;
&lt;BODY style="FONT-SIZE: 10pt; FONT-FAMILY: arial" bgColor=#f5f5f5&gt;&#xD;
&lt;P&gt;The ECM Folder List control displays (in tabular form) folders from the ECM content store. Events can be fired from user actions on the list, such as clicking on a folder. Folders can also be deleted from the list, if allowed through configuration. &lt;/P&gt;&lt;/BODY&gt;&lt;/HTML&gt;</description>
        <validateJsFunction isNull="true" />
        <previewAdvHtml isNull="true" />
        <previewAdvJs isNull="true" />
        <useUrlBinding>false</useUrlBinding>
        <guid>eadc0e4d-7a07-4c3a-bfdc-044e30d3a34c</guid>
        <versionId>7f56a541-9534-4962-af26-49563066c1c9</versionId>
        <field1 isNull="true" />
        <field2 isNull="true" />
        <field3>0</field3>
        <field4 isNull="true" />
        <field5>false</field5>
        <clobField1 isNull="true" />
        <configOption name="allowDelete">
            <lastModified isNull="true" />
            <lastModifiedBy isNull="true" />
            <tenantId isNull="true" />
            <coachViewConfigOptionId>66.ee58abaf-fd97-448e-b50e-e342405fa9f1</coachViewConfigOptionId>
            <coachViewId>64.e2bd4657-170b-40b3-b1b6-4839c7978b7a</coachViewId>
            <isList>false</isList>
            <propertyType>OBJECT</propertyType>
            <label>tw.resource.DocumentList.BPMDocumentListLBLallowDelete</label>
            <classId>f1e96cc6-5fd9-4002-8b04-107d4ddae78a/12.83ff975e-8dbc-42e5-b738-fa8bc08274a2</classId>
            <processId isNull="true" />
            <actionflowId isNull="true" />
            <isAdaptive>false</isAdaptive>
            <seq>0</seq>
            <description>tw.resource.DocumentList.ECMFileListDOCallowDelete</description>
            <groupName>tw.resource.DocumentList.zCommonGRPContentManagement</groupName>
            <guid>1d197235-af96-4e58-8327-dc338054ee23</guid>
            <versionId>6d251262-5c52-4cd3-b315-4f7158914ba9</versionId>
        </configOption>
        <configOption name="confirmDelete">
            <lastModified isNull="true" />
            <lastModifiedBy isNull="true" />
            <tenantId isNull="true" />
            <coachViewConfigOptionId>66.71212db6-020d-4888-95f3-f2cae1bb59f8</coachViewConfigOptionId>
            <coachViewId>64.e2bd4657-170b-40b3-b1b6-4839c7978b7a</coachViewId>
            <isList>false</isList>
            <propertyType>OBJECT</propertyType>
            <label>tw.resource.DocumentList.ECMFileListLBLconfirmDelete</label>
            <classId>f1e96cc6-5fd9-4002-8b04-107d4ddae78a/12.83ff975e-8dbc-42e5-b738-fa8bc08274a2</classId>
            <processId isNull="true" />
            <actionflowId isNull="true" />
            <isAdaptive>false</isAdaptive>
            <seq>1</seq>
            <description>tw.resource.DocumentList.ECMFileListDOCconfirmDelete</description>
            <groupName>tw.resource.DocumentList.zCommonGRPContentManagement</groupName>
            <guid>41639104-e80b-413f-bb09-91ab71cb5e81</guid>
            <versionId>5f0a78d5-ecfc-4708-9bae-ba5bf80cf542</versionId>
        </configOption>
        <configOption name="ecmServerConfigurationName">
            <lastModified isNull="true" />
            <lastModifiedBy isNull="true" />
            <tenantId isNull="true" />
            <coachViewConfigOptionId>66.3e760873-cc34-431c-9391-744fe6939e78</coachViewConfigOptionId>
            <coachViewId>64.e2bd4657-170b-40b3-b1b6-4839c7978b7a</coachViewId>
            <isList>false</isList>
            <propertyType>OBJECT</propertyType>
            <label>tw.resource.DocumentList.ECMFileListLBLecmServerConfigName</label>
            <classId>f1e96cc6-5fd9-4002-8b04-107d4ddae78a/12.db884a3c-c533-44b7-bb2d-47bec8ad4022</classId>
            <processId isNull="true" />
            <actionflowId isNull="true" />
            <isAdaptive>false</isAdaptive>
            <seq>2</seq>
            <description>tw.resource.DocumentList.ECMFileListDOCecmServerConfigName</description>
            <groupName>tw.resource.DocumentList.ECMFileListGRPContentManagementAdv</groupName>
            <guid>60991eb0-9279-4c9b-9bbb-f31e579d0280</guid>
            <versionId>9ca7c2bc-b6de-4d6f-9dbc-4aa722380130</versionId>
        </configOption>
        <configOption name="folderPath">
            <lastModified isNull="true" />
            <lastModifiedBy isNull="true" />
            <tenantId isNull="true" />
            <coachViewConfigOptionId>66.2960b694-3576-4e43-a54e-b834459819a5</coachViewConfigOptionId>
            <coachViewId>64.e2bd4657-170b-40b3-b1b6-4839c7978b7a</coachViewId>
            <isList>false</isList>
            <propertyType>OBJECT</propertyType>
            <label>tw.resource.DocumentList.ECMFileListLBLfolderPath</label>
            <classId>f1e96cc6-5fd9-4002-8b04-107d4ddae78a/12.db884a3c-c533-44b7-bb2d-47bec8ad4022</classId>
            <processId isNull="true" />
            <actionflowId isNull="true" />
            <isAdaptive>false</isAdaptive>
            <seq>3</seq>
            <description>tw.resource.DocumentList.ECMFileListDOCfolderPath</description>
            <groupName>tw.resource.DocumentList.ECMFileListGRPContentManagementAdv</groupName>
            <guid>fd851589-fab4-47bd-bcf4-bbdec7e1e54f</guid>
            <versionId>1b4ae8b9-2944-4565-b968-0345c8014105</versionId>
        </configOption>
        <configOption name="showFooter">
            <lastModified isNull="true" />
            <lastModifiedBy isNull="true" />
            <tenantId isNull="true" />
            <coachViewConfigOptionId>66.02e76786-fa2c-4fa1-9e99-668227cd28a5</coachViewConfigOptionId>
            <coachViewId>64.e2bd4657-170b-40b3-b1b6-4839c7978b7a</coachViewId>
            <isList>false</isList>
            <propertyType>OBJECT</propertyType>
            <label>tw.resource.DocumentList.BPMDocumentListLBLshowFooter</label>
            <classId>f1e96cc6-5fd9-4002-8b04-107d4ddae78a/12.83ff975e-8dbc-42e5-b738-fa8bc08274a2</classId>
            <processId isNull="true" />
            <actionflowId isNull="true" />
            <isAdaptive>false</isAdaptive>
            <seq>4</seq>
            <description>tw.resource.DocumentList.BPMDocumentListDOCshowFooter</description>
            <groupName>tw.resource.DocumentList.zCommonGRPBehavior</groupName>
            <guid>1413ee59-d7c3-4ba3-a214-b3da4973f8bf</guid>
            <versionId>b54a0a0a-51e5-4209-9213-9d87bb002721</versionId>
        </configOption>
        <configOption name="showTableStats">
            <lastModified isNull="true" />
            <lastModifiedBy isNull="true" />
            <tenantId isNull="true" />
            <coachViewConfigOptionId>66.9e35e0d7-77cd-46ad-b5b8-98cc6333bdd1</coachViewConfigOptionId>
            <coachViewId>64.e2bd4657-170b-40b3-b1b6-4839c7978b7a</coachViewId>
            <isList>false</isList>
            <propertyType>OBJECT</propertyType>
            <label>tw.resource.DocumentList.BPMDocumentListLBLshowTableStats</label>
            <classId>f1e96cc6-5fd9-4002-8b04-107d4ddae78a/12.83ff975e-8dbc-42e5-b738-fa8bc08274a2</classId>
            <processId isNull="true" />
            <actionflowId isNull="true" />
            <isAdaptive>false</isAdaptive>
            <seq>5</seq>
            <description>tw.resource.DocumentList.BPMDocumentListDOCshowTableStats</description>
            <groupName>tw.resource.DocumentList.zCommonGRPBehavior</groupName>
            <guid>b8af6425-e8a5-458d-b2e8-35c59290f143</guid>
            <versionId>fe58d15b-2a6f-4fd8-a248-b877c5368e83</versionId>
        </configOption>
        <configOption name="showPager">
            <lastModified isNull="true" />
            <lastModifiedBy isNull="true" />
            <tenantId isNull="true" />
            <coachViewConfigOptionId>66.ddc73626-bd40-4a98-b5e6-17aff2e30d30</coachViewConfigOptionId>
            <coachViewId>64.e2bd4657-170b-40b3-b1b6-4839c7978b7a</coachViewId>
            <isList>false</isList>
            <propertyType>OBJECT</propertyType>
            <label>tw.resource.DocumentList.BPMDocumentListLBLshowPager</label>
            <classId>f1e96cc6-5fd9-4002-8b04-107d4ddae78a/12.83ff975e-8dbc-42e5-b738-fa8bc08274a2</classId>
            <processId isNull="true" />
            <actionflowId isNull="true" />
            <isAdaptive>false</isAdaptive>
            <seq>6</seq>
            <description>tw.resource.DocumentList.BPMDocumentListDOCshowPager</description>
            <groupName>tw.resource.DocumentList.zCommonGRPBehavior</groupName>
            <guid>cee7ec2b-7f04-418b-8f2c-454f6ef2380c</guid>
            <versionId>0beb7ba4-03f8-4142-a260-aa172823faba</versionId>
        </configOption>
        <configOption name="pageSize">
            <lastModified isNull="true" />
            <lastModifiedBy isNull="true" />
            <tenantId isNull="true" />
            <coachViewConfigOptionId>66.7ed617b1-2f18-48c5-8bbd-6a6da269d041</coachViewConfigOptionId>
            <coachViewId>64.e2bd4657-170b-40b3-b1b6-4839c7978b7a</coachViewId>
            <isList>false</isList>
            <propertyType>OBJECT</propertyType>
            <label>tw.resource.DocumentList.BPMDocumentListLBLpageSize</label>
            <classId>f1e96cc6-5fd9-4002-8b04-107d4ddae78a/12.3fa0d7a0-828a-4d60-99cc-db5ed143fc2d</classId>
            <processId isNull="true" />
            <actionflowId isNull="true" />
            <isAdaptive>false</isAdaptive>
            <seq>7</seq>
            <description>tw.resource.DocumentList.BPMDocumentListDOCpageSize</description>
            <groupName>tw.resource.DocumentList.zCommonGRPBehavior</groupName>
            <guid>04bb6321-ada4-4783-bfe3-2a46fc5d8213</guid>
            <versionId>aa781784-895d-4aa5-8897-849e836749c6</versionId>
        </configOption>
        <configOption name="selectionMode">
            <lastModified isNull="true" />
            <lastModifiedBy isNull="true" />
            <tenantId isNull="true" />
            <coachViewConfigOptionId>66.ead1d8d3-cf10-41b8-9e15-dcea862c4fd2</coachViewConfigOptionId>
            <coachViewId>64.e2bd4657-170b-40b3-b1b6-4839c7978b7a</coachViewId>
            <isList>false</isList>
            <propertyType>OBJECT</propertyType>
            <label>tw.resource.DocumentList.ECMFileListLBLselectionMode</label>
            <classId>f496ca18-836b-46b7-8846-85b2ee01f7eb/12.42390c07-e390-49a8-886b-2f8bd0af1916</classId>
            <processId isNull="true" />
            <actionflowId isNull="true" />
            <isAdaptive>false</isAdaptive>
            <seq>8</seq>
            <description>tw.resource.DocumentList.ECMFileListDOCselectionMode</description>
            <groupName>tw.resource.DocumentList.zCommonGRPBehavior</groupName>
            <guid>guid:3ede9c67df8d4475:-6665c9a9:159ee34d9c1:-7fff</guid>
            <versionId>95c908cf-a4c4-4498-9ab1-a0a2c6c4868d</versionId>
        </configOption>
        <configOption name="hideDrillUp">
            <lastModified isNull="true" />
            <lastModifiedBy isNull="true" />
            <tenantId isNull="true" />
            <coachViewConfigOptionId>66.134c7107-f392-4d46-8b1a-76da3ed28d0f</coachViewConfigOptionId>
            <coachViewId>64.e2bd4657-170b-40b3-b1b6-4839c7978b7a</coachViewId>
            <isList>false</isList>
            <propertyType>OBJECT</propertyType>
            <label>tw.resource.DocumentList.ECMFolderListLBLhideDrillUp</label>
            <classId>f1e96cc6-5fd9-4002-8b04-107d4ddae78a/12.83ff975e-8dbc-42e5-b738-fa8bc08274a2</classId>
            <processId isNull="true" />
            <actionflowId isNull="true" />
            <isAdaptive>false</isAdaptive>
            <seq>9</seq>
            <description>tw.resource.DocumentList.ECMFolderListDOChideDrillUp</description>
            <groupName>tw.resource.DocumentList.zCommonGRPBehavior</groupName>
            <guid>guid:6d99793be5183d16:-7b8b4042:15b1a5dd407:-7fff</guid>
            <versionId>68805d4d-e92a-4db1-b137-94604e890f55</versionId>
        </configOption>
        <configOption name="tableStyle">
            <lastModified isNull="true" />
            <lastModifiedBy isNull="true" />
            <tenantId isNull="true" />
            <coachViewConfigOptionId>66.54ba3756-7320-44f5-a325-2073ad31c9b8</coachViewConfigOptionId>
            <coachViewId>64.e2bd4657-170b-40b3-b1b6-4839c7978b7a</coachViewId>
            <isList>false</isList>
            <propertyType>OBJECT</propertyType>
            <label>tw.resource.DocumentList.ECMFileListLBLtableStyle</label>
            <classId>f496ca18-836b-46b7-8846-85b2ee01f7eb/12.d8e56f3f-d5e3-4e08-b10d-5056cdb2825a</classId>
            <processId isNull="true" />
            <actionflowId isNull="true" />
            <isAdaptive>false</isAdaptive>
            <seq>10</seq>
            <description>tw.resource.DocumentList.ECMFileListDOCtableStyle</description>
            <groupName>tw.resource.DocumentList.zCommonGRPAppearance</groupName>
            <guid>b2e50d91-0513-4147-85cd-a292d7277b40</guid>
            <versionId>59ade27f-ad56-4c1e-9ecd-6985b690deee</versionId>
        </configOption>
        <configOption name="colorStyle">
            <lastModified isNull="true" />
            <lastModifiedBy isNull="true" />
            <tenantId isNull="true" />
            <coachViewConfigOptionId>66.10a6fe8d-877b-4be6-96c3-a27bedde6e16</coachViewConfigOptionId>
            <coachViewId>64.e2bd4657-170b-40b3-b1b6-4839c7978b7a</coachViewId>
            <isList>false</isList>
            <propertyType>OBJECT</propertyType>
            <label>tw.resource.DocumentList.ECMFileListLBLcolorStyle</label>
            <classId>f496ca18-836b-46b7-8846-85b2ee01f7eb/12.dcbfb56a-149b-422d-b72c-38552efd01c6</classId>
            <processId isNull="true" />
            <actionflowId isNull="true" />
            <isAdaptive>false</isAdaptive>
            <seq>11</seq>
            <description>tw.resource.DocumentList.ECMFileListDOCcolorStyle</description>
            <groupName>tw.resource.DocumentList.zCommonGRPAppearance</groupName>
            <guid>e04d53eb-f97c-401b-abe0-2391c5ab8c45</guid>
            <versionId>1393355e-d939-42f7-9541-3c0c72008752</versionId>
        </configOption>
        <configOption name="maxThumbnailSize">
            <lastModified isNull="true" />
            <lastModifiedBy isNull="true" />
            <tenantId isNull="true" />
            <coachViewConfigOptionId>66.14ddf469-cdec-42a6-a6f0-b116b760290a</coachViewConfigOptionId>
            <coachViewId>64.e2bd4657-170b-40b3-b1b6-4839c7978b7a</coachViewId>
            <isList>false</isList>
            <propertyType>OBJECT</propertyType>
            <label>tw.resource.DocumentList.ECMFileListLBLmaxThumbnailSize</label>
            <classId>f1e96cc6-5fd9-4002-8b04-107d4ddae78a/12.3fa0d7a0-828a-4d60-99cc-db5ed143fc2d</classId>
            <processId isNull="true" />
            <actionflowId isNull="true" />
            <isAdaptive>false</isAdaptive>
            <seq>12</seq>
            <description>tw.resource.DocumentList.ECMFileListDOCmaxThumbnailSize</description>
            <groupName>tw.resource.DocumentList.zCommonGRPAppearance</groupName>
            <guid>a7ae6890-4e5b-4804-8f76-f5fdff89081f</guid>
            <versionId>d3219f33-cea9-4674-9358-dbd095ba522e</versionId>
        </configOption>
        <configOption name="width">
            <lastModified isNull="true" />
            <lastModifiedBy isNull="true" />
            <tenantId isNull="true" />
            <coachViewConfigOptionId>66.6a75938b-6e2b-49bc-b394-31e240ed237c</coachViewConfigOptionId>
            <coachViewId>64.e2bd4657-170b-40b3-b1b6-4839c7978b7a</coachViewId>
            <isList>false</isList>
            <propertyType>OBJECT</propertyType>
            <label>tw.resource.DocumentList.ECMFileListLBLwidth</label>
            <classId>f1e96cc6-5fd9-4002-8b04-107d4ddae78a/12.db884a3c-c533-44b7-bb2d-47bec8ad4022</classId>
            <processId isNull="true" />
            <actionflowId isNull="true" />
            <isAdaptive>false</isAdaptive>
            <seq>13</seq>
            <description>tw.resource.DocumentList.ECMFileListDOCwidth</description>
            <groupName>tw.resource.DocumentList.zCommonGRPAppearance</groupName>
            <guid>db438250-c99a-4a0a-b8fe-0d9b6b6122d2</guid>
            <versionId>6ee6d4a5-fb68-4905-ad0b-3f7abdec9ee4</versionId>
        </configOption>
        <configOption name="height">
            <lastModified isNull="true" />
            <lastModifiedBy isNull="true" />
            <tenantId isNull="true" />
            <coachViewConfigOptionId>66.db3986ac-b1bf-4c17-bb72-e4464d020be8</coachViewConfigOptionId>
            <coachViewId>64.e2bd4657-170b-40b3-b1b6-4839c7978b7a</coachViewId>
            <isList>false</isList>
            <propertyType>OBJECT</propertyType>
            <label>tw.resource.DocumentList.ECMFileListLBLheight</label>
            <classId>f1e96cc6-5fd9-4002-8b04-107d4ddae78a/12.db884a3c-c533-44b7-bb2d-47bec8ad4022</classId>
            <processId isNull="true" />
            <actionflowId isNull="true" />
            <isAdaptive>false</isAdaptive>
            <seq>14</seq>
            <description>tw.resource.DocumentList.ECMFileListDOCheight</description>
            <groupName>tw.resource.DocumentList.zCommonGRPAppearance</groupName>
            <guid>e919fc5f-f97c-4e03-aaa8-a6f3752827c3</guid>
            <versionId>c7ddb7cf-7880-4b4b-8b58-97675e8ccfa9</versionId>
        </configOption>
        <configOption name="columns">
            <lastModified isNull="true" />
            <lastModifiedBy isNull="true" />
            <tenantId isNull="true" />
            <coachViewConfigOptionId>66.8b0a7892-1d7d-4382-b191-578d3c0e1ec5</coachViewConfigOptionId>
            <coachViewId>64.e2bd4657-170b-40b3-b1b6-4839c7978b7a</coachViewId>
            <isList>true</isList>
            <propertyType>OBJECT</propertyType>
            <label>tw.resource.DocumentList.ECMFileListLBLcolumns</label>
            <classId>/12.7dc1f7db-fa63-4050-88c0-d6b660150295</classId>
            <processId isNull="true" />
            <actionflowId isNull="true" />
            <isAdaptive>false</isAdaptive>
            <seq>15</seq>
            <description>tw.resource.DocumentList.ECMFileListDOCcolumns</description>
            <groupName>tw.resource.DocumentList.zCommonGRPAppearance</groupName>
            <guid>5c62addb-7074-48b0-8079-9986844b8c36</guid>
            <versionId>c273aaaa-6ee5-4bba-b5ac-e573046bec97</versionId>
        </configOption>
        <configOption name="eventON_LOAD">
            <lastModified isNull="true" />
            <lastModifiedBy isNull="true" />
            <tenantId isNull="true" />
            <coachViewConfigOptionId>66.e817b0df-c0a3-4d32-8f2a-1b0b8078a953</coachViewConfigOptionId>
            <coachViewId>64.e2bd4657-170b-40b3-b1b6-4839c7978b7a</coachViewId>
            <isList>false</isList>
            <propertyType>EVENT</propertyType>
            <label>tw.resource.DocumentList.ECMFolderListLBLeventONLOAD</label>
            <classId>f1e96cc6-5fd9-4002-8b04-107d4ddae78a/12.db884a3c-c533-44b7-bb2d-47bec8ad4022</classId>
            <processId isNull="true" />
            <actionflowId isNull="true" />
            <isAdaptive>false</isAdaptive>
            <seq>16</seq>
            <description>tw.resource.DocumentList.ECMFolderListDOCeventONLOAD</description>
            <groupName>tw.resource.DocumentList.zCommonGRPEvents</groupName>
            <guid>d5ada687-0694-4e0e-b18a-a907066a6e98</guid>
            <versionId>d8270e9e-4251-4390-b8f7-51730eb278d6</versionId>
        </configOption>
        <configOption name="eventON_FOLDERCLICKED">
            <lastModified isNull="true" />
            <lastModifiedBy isNull="true" />
            <tenantId isNull="true" />
            <coachViewConfigOptionId>66.14725510-3e05-4f1b-b008-32d3736e6153</coachViewConfigOptionId>
            <coachViewId>64.e2bd4657-170b-40b3-b1b6-4839c7978b7a</coachViewId>
            <isList>false</isList>
            <propertyType>EVENT</propertyType>
            <label>tw.resource.DocumentList.ECMFolderListLBLeventONFOLDERCLICKED</label>
            <classId>f1e96cc6-5fd9-4002-8b04-107d4ddae78a/12.db884a3c-c533-44b7-bb2d-47bec8ad4022</classId>
            <processId isNull="true" />
            <actionflowId isNull="true" />
            <isAdaptive>false</isAdaptive>
            <seq>17</seq>
            <description>tw.resource.DocumentList.ECMFileListDOCeventONFILECLICKED</description>
            <groupName>tw.resource.DocumentList.zCommonGRPEvents</groupName>
            <guid>69c2826f-7f1b-4d9f-b8b6-93bd2085be6c</guid>
            <versionId>6eb3ef7d-f4fa-45cb-9e62-7d163b5eb16a</versionId>
        </configOption>
        <configOption name="eventON_FOLDERDELETED">
            <lastModified isNull="true" />
            <lastModifiedBy isNull="true" />
            <tenantId isNull="true" />
            <coachViewConfigOptionId>66.0a324022-8357-484c-8cd9-95d561ac9606</coachViewConfigOptionId>
            <coachViewId>64.e2bd4657-170b-40b3-b1b6-4839c7978b7a</coachViewId>
            <isList>false</isList>
            <propertyType>EVENT</propertyType>
            <label>tw.resource.DocumentList.ECMFolderListLBLeventONFOLDERDELETED</label>
            <classId>f1e96cc6-5fd9-4002-8b04-107d4ddae78a/12.db884a3c-c533-44b7-bb2d-47bec8ad4022</classId>
            <processId isNull="true" />
            <actionflowId isNull="true" />
            <isAdaptive>false</isAdaptive>
            <seq>18</seq>
            <description>tw.resource.DocumentList.ECMFolderListDOCeventONFOLDERDELETED</description>
            <groupName>tw.resource.DocumentList.zCommonGRPEvents</groupName>
            <guid>53ad1efc-c919-4adc-8ac1-1954b74a7de7</guid>
            <versionId>2e07717a-a72e-431e-bf4e-6d49faa768ad</versionId>
        </configOption>
        <configOption name="eventON_RESULT">
            <lastModified isNull="true" />
            <lastModifiedBy isNull="true" />
            <tenantId isNull="true" />
            <coachViewConfigOptionId>66.59751351-7c70-4646-a521-5c4bf35ecd35</coachViewConfigOptionId>
            <coachViewId>64.e2bd4657-170b-40b3-b1b6-4839c7978b7a</coachViewId>
            <isList>false</isList>
            <propertyType>EVENT</propertyType>
            <label>tw.resource.DocumentList.ECMFolderListLBLeventONRESULT</label>
            <classId>f1e96cc6-5fd9-4002-8b04-107d4ddae78a/12.db884a3c-c533-44b7-bb2d-47bec8ad4022</classId>
            <processId isNull="true" />
            <actionflowId isNull="true" />
            <isAdaptive>false</isAdaptive>
            <seq>19</seq>
            <description>tw.resource.DocumentList.ECMFolderListDOCeventONRESULT</description>
            <groupName>tw.resource.DocumentList.zCommonGRPEvents</groupName>
            <guid>30f7cc4b-d851-4fd8-8d57-94b4327dd4a5</guid>
            <versionId>7b596bb0-f514-49c2-bc94-a3970e780949</versionId>
        </configOption>
        <configOption name="eventON_ERROR">
            <lastModified isNull="true" />
            <lastModifiedBy isNull="true" />
            <tenantId isNull="true" />
            <coachViewConfigOptionId>66.26637c52-66e5-4705-9915-2f4060be5dc8</coachViewConfigOptionId>
            <coachViewId>64.e2bd4657-170b-40b3-b1b6-4839c7978b7a</coachViewId>
            <isList>false</isList>
            <propertyType>EVENT</propertyType>
            <label>tw.resource.DocumentList.ECMFolderListLBLeventONERROR</label>
            <classId>f1e96cc6-5fd9-4002-8b04-107d4ddae78a/12.db884a3c-c533-44b7-bb2d-47bec8ad4022</classId>
            <processId isNull="true" />
            <actionflowId isNull="true" />
            <isAdaptive>false</isAdaptive>
            <seq>20</seq>
            <description>tw.resource.DocumentList.ECMFolderListDOCeventONERROR</description>
            <groupName>tw.resource.DocumentList.zCommonGRPEvents</groupName>
            <guid>7b3e95ea-e2f7-41e7-ad88-5cdb7db6bf12</guid>
            <versionId>1d9cdfab-ffe8-4d8f-a009-6ff1cd2cde70</versionId>
        </configOption>
        <configOption name="eventON_ROWSEL">
            <lastModified isNull="true" />
            <lastModifiedBy isNull="true" />
            <tenantId isNull="true" />
            <coachViewConfigOptionId>66.36e09810-c6de-4da0-9705-65316bdf73de</coachViewConfigOptionId>
            <coachViewId>64.e2bd4657-170b-40b3-b1b6-4839c7978b7a</coachViewId>
            <isList>false</isList>
            <propertyType>EVENT</propertyType>
            <label>tw.resource.DocumentList.ECMFolderListLBLeventONROWSEL</label>
            <classId>f1e96cc6-5fd9-4002-8b04-107d4ddae78a/12.db884a3c-c533-44b7-bb2d-47bec8ad4022</classId>
            <processId isNull="true" />
            <actionflowId isNull="true" />
            <isAdaptive>false</isAdaptive>
            <seq>21</seq>
            <description>tw.resource.DocumentList.ECMFolderListDOCeventONROWSEL</description>
            <groupName>tw.resource.DocumentList.zCommonGRPEvents</groupName>
            <guid>guid:3ede9c67df8d4475:-6665c9a9:159ee34d9c1:-7ffb</guid>
            <versionId>401dca1e-e937-4163-9d11-1c0bba2a1676</versionId>
        </configOption>
        <dynamicStyle>
            <lastModified isNull="true" />
            <lastModifiedBy isNull="true" />
            <tenantId isNull="true" />
            <coachViewDynamicStyleId>73.4734945c-bd92-4aa0-8adb-fbed7e881b28</coachViewDynamicStyleId>
            <coachViewId>64.e2bd4657-170b-40b3-b1b6-4839c7978b7a</coachViewId>
            <filePath>bpmUI.less</filePath>
            <assetUuid>f496ca18-836b-46b7-8846-85b2ee01f7eb/61.26865295-8511-4538-b8f1-4cb99c203a92</assetUuid>
            <seq>0</seq>
            <guid>81e8dd75-9d36-4d4c-9f31-5b8b41a55912</guid>
            <versionId>2ca05420-effb-4a71-a69b-c152a7d5e891</versionId>
        </dynamicStyle>
        <dynamicStyle>
            <lastModified isNull="true" />
            <lastModifiedBy isNull="true" />
            <tenantId isNull="true" />
            <coachViewDynamicStyleId>73.7732efa8-b094-48d2-b9c2-ef791d69ab1d</coachViewDynamicStyleId>
            <coachViewId>64.e2bd4657-170b-40b3-b1b6-4839c7978b7a</coachViewId>
            <filePath>content.less</filePath>
            <assetUuid>/61.3a7082de-a4f4-44d7-add2-9b71c4b40ebb</assetUuid>
            <seq>1</seq>
            <guid>6cc58074-e176-4d70-9e85-74c4c750af07</guid>
            <versionId>559b8c7b-17c8-44bc-8378-139049516ad0</versionId>
        </dynamicStyle>
        <resource>
            <lastModified isNull="true" />
            <lastModifiedBy isNull="true" />
            <tenantId isNull="true" />
            <coachViewResourceId>67.c3ca6cdc-a030-4f99-8824-35a1c9343d78</coachViewResourceId>
            <coachViewId>64.e2bd4657-170b-40b3-b1b6-4839c7978b7a</coachViewId>
            <filePath>BPMExt-Core.js</filePath>
            <ieCondition isNull="true" />
            <mediaQuery isNull="true" />
            <scriptLoadStyle isNull="true" />
            <assetUuid>f496ca18-836b-46b7-8846-85b2ee01f7eb/61.22dc2e36-11ce-4cd6-a6e8-24201237f10d</assetUuid>
            <seq>3</seq>
            <guid>17b61e61-af71-4417-9855-b90874008bcb</guid>
            <versionId>bdba4c29-c416-4e37-94c2-36b5de29af9a</versionId>
        </resource>
        <resource>
            <lastModified isNull="true" />
            <lastModifiedBy isNull="true" />
            <tenantId isNull="true" />
            <coachViewResourceId>67.77561ff8-c245-4465-9e61-6778257fe0c5</coachViewResourceId>
            <coachViewId>64.e2bd4657-170b-40b3-b1b6-4839c7978b7a</coachViewId>
            <filePath isNull="true" />
            <ieCondition isNull="true" />
            <mediaQuery isNull="true" />
            <scriptLoadStyle isNull="true" />
            <assetUuid>/61.43bdafc7-6f9f-4352-9fb0-a3dc40fddea8</assetUuid>
            <seq>4</seq>
            <guid>8d8629ae-ef32-4b86-872e-2515a01e09a9</guid>
            <versionId>3b268a90-328e-4d5f-b91b-bf7ee40bc141</versionId>
        </resource>
        <inlineScript name="Inline CSS">
            <lastModified isNull="true" />
            <lastModifiedBy isNull="true" />
            <tenantId isNull="true" />
            <coachViewInlineScriptId>68.56743d6b-403f-4348-92e7-54b30ce3a361</coachViewInlineScriptId>
            <coachViewId>64.e2bd4657-170b-40b3-b1b6-4839c7978b7a</coachViewId>
            <scriptType>CSS</scriptType>
            <scriptBlock>.ECM_Folder_List .SvcHolder {
    position: relative;
}

.ECM_Folder_List .SvcHolder &gt; .DocSvc {
    position: absolute;
    z-index: 15;
    color: white !important;
    left: 50%;
    top: 10px;
}

.ECM_Folder_List .LevelUp &gt; div:after {
    content: "..";
    display: inline;
    padding-left: 5px;
}

.ECM_Folder_List .SvcHolder &gt; .Service_Call {
    margin: 0;
}

.ECM_Folder_List .EltType {
    opacity: 0.7;
    top: 50%;
    position: absolute;
    left: 0px;
    right: auto;
    transform: translateY(-50%);
    -webkit-transform: translateY(-50%);
    -moz-transform: translateY(-50%);
    padding-left: 5px;
    padding-right: 0;
}

.CoachViewRTL .ECM_Folder_List .EltType {
    left: auto;
    right: 0px;
    padding-left: 0;
    padding-right: 5px;
}

.ECM_Folder_List .EltLink{
    padding-left: 30px;
}

.CoachViewRTL .ECM_Folder_List .EltLink {
        padding-right: 30px;
}</scriptBlock>
            <seq>0</seq>
            <description isNull="true" />
            <guid>bd027830-80af-4002-bf24-d6ee4baa6912</guid>
            <versionId>a07b52a8-1fd1-4eab-be95-ad041ae6ae1a</versionId>
        </inlineScript>
        <inlineScript name="Inline Javascript">
            <lastModified isNull="true" />
            <lastModifiedBy isNull="true" />
            <tenantId isNull="true" />
            <coachViewInlineScriptId>68.db927e10-fec4-47aa-ab8d-9c3ff37d4475</coachViewInlineScriptId>
            <coachViewId>64.e2bd4657-170b-40b3-b1b6-4839c7978b7a</coachViewId>
            <scriptType>JS</scriptType>
            <scriptBlock>bpmext_control_InitECMFolderList.call(this, utilities, bpmext, domClass, domAttr, domConstruct, Deferred);</scriptBlock>
            <seq>1</seq>
            <description isNull="true" />
            <guid>9a20a198-6bfc-4e32-a603-3683e938e20c</guid>
            <versionId>44072a4a-903d-40bb-a667-5d8df97e6e42</versionId>
        </inlineScript>
        <inlineScript name="Header HTML">
            <lastModified isNull="true" />
            <lastModifiedBy isNull="true" />
            <tenantId isNull="true" />
            <coachViewInlineScriptId>68.aedbe438-cd7f-4799-9650-6014e0c79504</coachViewInlineScriptId>
            <coachViewId>64.e2bd4657-170b-40b3-b1b6-4839c7978b7a</coachViewId>
            <scriptType>HTML</scriptType>
            <scriptBlock isNull="true" />
            <seq>2</seq>
            <description isNull="true" />
            <guid>bdac32ca-23f6-42c1-a466-86ba44603a28</guid>
            <versionId>d08ffa6e-c0f6-4221-91d9-df37e7ec0714</versionId>
        </inlineScript>
        <localization>
            <lastModified isNull="true" />
            <lastModifiedBy isNull="true" />
            <tenantId isNull="true" />
            <coachViewLocalResId>69.ecee9c6e-e54d-41e5-b435-68abab8bc0d5</coachViewLocalResId>
            <coachViewId>64.e2bd4657-170b-40b3-b1b6-4839c7978b7a</coachViewId>
            <resourceBundleGroupId>/50.05a87f6e-92f1-49f0-9cd4-d66479a5ea46</resourceBundleGroupId>
            <seq>0</seq>
            <guid>54c2433b-7207-42f8-9917-fedee22c558b</guid>
            <versionId>f994b10a-80d6-4083-ba3b-349b0188514a</versionId>
        </localization>
        <amdDependency>
            <lastModified isNull="true" />
            <lastModifiedBy isNull="true" />
            <tenantId isNull="true" />
            <coachViewAmdDepId>70.143e939a-4874-468e-80a0-d5cf91c7d601</coachViewAmdDepId>
            <coachViewId>64.e2bd4657-170b-40b3-b1b6-4839c7978b7a</coachViewId>
            <moduleId>dojo/dom-class</moduleId>
            <functionArgument>domClass</functionArgument>
            <seq>0</seq>
            <guid>4a8ff5b4-d620-4ec6-883a-c234457c7514</guid>
            <versionId>1b82e54b-665a-41ef-bb9a-34e183254d21</versionId>
        </amdDependency>
        <amdDependency>
            <lastModified isNull="true" />
            <lastModifiedBy isNull="true" />
            <tenantId isNull="true" />
            <coachViewAmdDepId>70.d9ccf4ea-8d6e-43e4-a59d-3fd400e0e997</coachViewAmdDepId>
            <coachViewId>64.e2bd4657-170b-40b3-b1b6-4839c7978b7a</coachViewId>
            <moduleId>dojo/dom-attr</moduleId>
            <functionArgument>domAttr</functionArgument>
            <seq>1</seq>
            <guid>1bae0de4-bd32-43f7-8479-172786397947</guid>
            <versionId>9dc1dc34-cce0-45e8-a577-28574c9f454a</versionId>
        </amdDependency>
        <amdDependency>
            <lastModified isNull="true" />
            <lastModifiedBy isNull="true" />
            <tenantId isNull="true" />
            <coachViewAmdDepId>70.d9da2d9a-5504-42b0-a652-8912b74755d6</coachViewAmdDepId>
            <coachViewId>64.e2bd4657-170b-40b3-b1b6-4839c7978b7a</coachViewId>
            <moduleId>dojo/dom-construct</moduleId>
            <functionArgument>domConstruct</functionArgument>
            <seq>2</seq>
            <guid>57b525b6-fc6b-4f38-a485-2f3ec3574e8e</guid>
            <versionId>57315f96-f9ca-4840-865e-2e45f86234ad</versionId>
        </amdDependency>
        <amdDependency>
            <lastModified isNull="true" />
            <lastModifiedBy isNull="true" />
            <tenantId isNull="true" />
            <coachViewAmdDepId>70.a32c09aa-8e5b-4035-a538-1573f1dbf6d5</coachViewAmdDepId>
            <coachViewId>64.e2bd4657-170b-40b3-b1b6-4839c7978b7a</coachViewId>
            <moduleId>com.ibm.bpm.coach.utils/utilities</moduleId>
            <functionArgument>utilities</functionArgument>
            <seq>3</seq>
            <guid>22f905a2-ab68-4ce9-acea-36d77805763e</guid>
            <versionId>8d0397fe-6295-4c67-a2cb-f3f53127e900</versionId>
        </amdDependency>
        <amdDependency>
            <lastModified isNull="true" />
            <lastModifiedBy isNull="true" />
            <tenantId isNull="true" />
            <coachViewAmdDepId>70.f8f280f5-97ff-48dc-95ff-f06914f50b1f</coachViewAmdDepId>
            <coachViewId>64.e2bd4657-170b-40b3-b1b6-4839c7978b7a</coachViewId>
            <moduleId>dojo/Deferred</moduleId>
            <functionArgument>Deferred</functionArgument>
            <seq>4</seq>
            <guid>3b2d5e34-96b1-4fec-a409-8370e03633c3</guid>
            <versionId>c03e87b3-25af-492d-90cb-8f4f82eefcc4</versionId>
        </amdDependency>
    </coachView>
</teamworks>

