<?xml version="1.0" encoding="UTF-8"?>
<teamworks>
    <process id="1.2f537c82-b114-4697-aa9b-56d03c308d13" name="Get Case Instance Object Service">
        <lastModified>1668358558591</lastModified>
        <lastModifiedBy>tw_admin</lastModifiedBy>
        <tenantId isNull="true" />
        <processId>1.2f537c82-b114-4697-aa9b-56d03c308d13</processId>
        <image isNull="true" />
        <tabGroup isNull="true" />
        <startingProcessItemId>2025.00d5ae86-55cb-4886-80be-67abf588f641</startingProcessItemId>
        <isRootProcess>false</isRootProcess>
        <processType>12</processType>
        <isErrorHandlerEnabled>false</isErrorHandlerEnabled>
        <errorHandlerItemId isNull="true" />
        <isLoggingVariables>false</isLoggingVariables>
        <isTransactional>false</isTransactional>
        <processTimingLevel isNull="true" />
        <participantRef isNull="true" />
        <exposedType>0</exposedType>
        <isTrackingEnabled>true</isTrackingEnabled>
        <xmlData isNull="true" />
        <cachingType>false</cachingType>
        <itemLabel isNull="true" />
        <cacheLength>0</cacheLength>
        <mobileReady>false</mobileReady>
        <sboSyncEnabled>true</sboSyncEnabled>
        <externalId isNull="true" />
        <isSecured>false</isSecured>
        <isAjaxExposed>true</isAjaxExposed>
        <isInvokedAsynchronously>false</isInvokedAsynchronously>
        <description isNull="true" />
        <guid>guid:20308090a73cc1a2:-7fa488b3:1807fc616a8:-7ec8</guid>
        <versionId>f6e46f82-9aff-4902-8d9e-39382b82ea3e</versionId>
        <dependencySummary>&lt;dependencySummary id="bpdid:95e1b636e56b2350:-5b0757e7:1846feabcac:-7628" /&gt;</dependencySummary>
        <jsonData>{"rootElement":[{"flowElement":[{"parallelMultiple":false,"outgoing":["2027.ff4b546e-41f9-4e7c-8577-45d7a5ef6b62"],"isInterrupting":false,"extensionElements":{"nodeVisualInfo":[{"color":"#F8F8F8","width":24,"x":25,"y":80,"declaredType":"TNodeVisualInfo","height":24}]},"name":"Start","declaredType":"startEvent","id":"407a95dc-8b93-42c6-8068-34377570e65d"},{"incoming":["455cfe60-5ce6-4fd8-8a93-36862384344b"],"extensionElements":{"nodeVisualInfo":[{"color":"#F8F8F8","width":24,"x":650,"y":80,"declaredType":"TNodeVisualInfo","height":24}],"endStateId":["guid:20308090a73cc1a2:-7fa488b3:1807fc616a8:-7ec6"],"saveExecutionContext":[true]},"name":"End","declaredType":"endEvent","id":"1357996c-459c-4247-88e8-383c80c9c91b"},{"targetRef":"00d5ae86-55cb-4886-80be-67abf588f641","extensionElements":{"linkVisualInfo":[{"sourcePortLocation":"rightCenter","showCoachControlLabel":false,"labelPosition":0.0,"targetPortLocation":"leftCenter","declaredType":"TLinkVisualInfo","saveExecutionContext":false,"showLabel":false}]},"name":"To Get Case Instance Object","declaredType":"sequenceFlow","id":"2027.ff4b546e-41f9-4e7c-8577-45d7a5ef6b62","sourceRef":"407a95dc-8b93-42c6-8068-34377570e65d"},{"startQuantity":1,"outgoing":["455cfe60-5ce6-4fd8-8a93-36862384344b"],"incoming":["2027.ff4b546e-41f9-4e7c-8577-45d7a5ef6b62"],"extensionElements":{"nodeVisualInfo":[{"width":95,"x":277,"y":57,"declaredType":"TNodeVisualInfo","height":70}]},"name":"Get Case Instance Object","isForCompensation":false,"completionQuantity":1,"declaredType":"scriptTask","id":"00d5ae86-55cb-4886-80be-67abf588f641","scriptFormat":"text\/x-javascript","script":{"content":["tw.local.result  = new tw.object.CaseObject();\r\nvar t = tw.local.result;\r\ntry{\r\n    var casetypeConfigStr = tw.system.getCaseConfiguration(tw.local.caseId, tw.local.tosName);\r\n    log.info(\"Get Case Object \" +  casetypeConfigStr);\r\n    \r\n    var casetypeConfig = JSON.parse(casetypeConfigStr);\r\n    \r\n    t.caseId = tw.local.caseId;\r\n    \/\/t.caseTypeName = casetypeConfig.CaseType.substring(casetypeConfig.CaseType.indexOf(\"_\") + 1);\r\n    t.caseTypeName = casetypeConfig.DisplayName;\r\n    t.tosName = tw.local.tosName;\r\n    t.isAutoLaunch = casetypeConfig.autoLaunch;\r\n    t.caseClientURI = casetypeConfig.CaseClientURI;\r\n    t.caseTitleProperty = casetypeConfig.CaseIdentifier;\r\n    t.modifiedDate = casetypeConfig.DateLastModified;\r\n    t.caseState = casetypeConfig.CaseState;\r\n    t.healthIndicator = casetypeConfig.HealthIndicator;\r\n    t.icnRepoId = casetypeConfig.icnRepoId;\r\n    t.caseTypeSymbolicName = casetypeConfig.CaseType;\r\n    t.graphQLEndpointUrl = casetypeConfig.GraphQLEndpointURL;\r\n    \/\/t.properties = casetypeConfig.CaseProperties;\r\n}\r\ncatch (e) {\r\n\tlog.error(\"Caught an exception: \" + e.message);\r\n}"]}},{"targetRef":"1357996c-459c-4247-88e8-383c80c9c91b","extensionElements":{"sequenceFlowImplementation":[{"fireValidation":"Never","sboSyncEnabled":true,"declaredType":"com.ibm.bpmsdk.model.bpmn20.ibmext.TSequenceFlowImplementation"}],"linkVisualInfo":[{"sourcePortLocation":"rightCenter","showCoachControlLabel":false,"labelPosition":0.0,"targetPortLocation":"leftCenter","declaredType":"TLinkVisualInfo","saveExecutionContext":true,"showLabel":false}]},"name":"To End","declaredType":"sequenceFlow","id":"455cfe60-5ce6-4fd8-8a93-36862384344b","sourceRef":"00d5ae86-55cb-4886-80be-67abf588f641"}],"laneSet":[{"id":"5513cc4e-6339-42fb-8ecb-0f31155ba3b1","lane":[{"flowNodeRef":["407a95dc-8b93-42c6-8068-34377570e65d","1357996c-459c-4247-88e8-383c80c9c91b","00d5ae86-55cb-4886-80be-67abf588f641"],"extensionElements":{"nodeVisualInfo":[{"color":"#F8F8F8","width":3000,"x":0,"y":0,"declaredType":"TNodeVisualInfo","height":500}]},"name":"System","partitionElementRef":"24.6fd38d02-81cf-48ab-bd42-8ff4c0a1628b","declaredType":"lane","id":"81e50474-9018-4e09-8683-762ea8ab407c","otherAttributes":{"{http:\/\/www.ibm.com\/xmlns\/prod\/bpm\/bpmn\/ext\/process\/wle}isSystemLane":"true"}}]}],"isClosed":false,"extensionElements":{"isSecured":[false],"isAjaxExposed":[true],"sboSyncEnabled":[true]},"documentation":[{"textFormat":"text\/plain"}],"name":"Get Case Instance Object Service","declaredType":"process","id":"1.2f537c82-b114-4697-aa9b-56d03c308d13","processType":"None","otherAttributes":{"{http:\/\/www.ibm.com\/xmlns\/prod\/bpm\/bpmn\/ext\/process}executionMode":"microflow"},"ioSpecification":{"dataOutput":[{"itemSubjectRef":"itm.12.260b373a-d1b2-4297-9dda-6fd159884549","name":"result","isCollection":false,"id":"2055.57df7f15-8d55-4102-887b-4745c994c679"}],"inputSet":[{"dataInputRefs":["2055.50c2b136-1605-46d0-862a-7a61796de832","2055.8c49e999-9dd9-4bd8-8da7-34987f14d37e"]}],"outputSet":[{"dataOutputRefs":["2055.57df7f15-8d55-4102-887b-4745c994c679"]}],"dataInput":[{"itemSubjectRef":"itm.12.db884a3c-c533-44b7-bb2d-47bec8ad4022","name":"caseId","isCollection":false,"id":"2055.50c2b136-1605-46d0-862a-7a61796de832"},{"itemSubjectRef":"itm.12.db884a3c-c533-44b7-bb2d-47bec8ad4022","name":"tosName","isCollection":false,"id":"2055.8c49e999-9dd9-4bd8-8da7-34987f14d37e"}]}}],"targetNamespace":"","typeLanguage":"http:\/\/www.w3.org\/2001\/XMLSchema","expressionLanguage":"http:\/\/www.ibm.com\/xmlns\/prod\/bpm\/expression-lang\/javascript"}</jsonData>
        <field1 isNull="true" />
        <field2 isNull="true" />
        <field3>0</field3>
        <field4 isNull="true" />
        <field5>false</field5>
        <clobField1 isNull="true" />
        <blobField1 isNull="true" />
        <processParameter name="caseId">
            <lastModified isNull="true" />
            <lastModifiedBy isNull="true" />
            <tenantId isNull="true" />
            <processParameterId>2055.50c2b136-1605-46d0-862a-7a61796de832</processParameterId>
            <processId>1.2f537c82-b114-4697-aa9b-56d03c308d13</processId>
            <parameterType>1</parameterType>
            <isArrayOf>false</isArrayOf>
            <classId>56f01b11-2631-47ae-acdd-75a5c2d4e9d2/12.db884a3c-c533-44b7-bb2d-47bec8ad4022</classId>
            <seq>1</seq>
            <hasDefault>false</hasDefault>
            <defaultValue isNull="true" />
            <isLocked>false</isLocked>
            <description isNull="true" />
            <guid>0534eb5b-8cfb-42f5-8d83-d9ab2e8f0fd1</guid>
            <versionId>fb2120a5-9b4e-47c8-8c56-dd07aa9a8e3d</versionId>
        </processParameter>
        <processParameter name="tosName">
            <lastModified isNull="true" />
            <lastModifiedBy isNull="true" />
            <tenantId isNull="true" />
            <processParameterId>2055.8c49e999-9dd9-4bd8-8da7-34987f14d37e</processParameterId>
            <processId>1.2f537c82-b114-4697-aa9b-56d03c308d13</processId>
            <parameterType>1</parameterType>
            <isArrayOf>false</isArrayOf>
            <classId>56f01b11-2631-47ae-acdd-75a5c2d4e9d2/12.db884a3c-c533-44b7-bb2d-47bec8ad4022</classId>
            <seq>2</seq>
            <hasDefault>false</hasDefault>
            <defaultValue isNull="true" />
            <isLocked>false</isLocked>
            <description isNull="true" />
            <guid>e985fb0e-aa98-4869-8aa4-d427f5624eba</guid>
            <versionId>6941a315-0348-4a73-9287-439e4b4707df</versionId>
        </processParameter>
        <processParameter name="result">
            <lastModified isNull="true" />
            <lastModifiedBy isNull="true" />
            <tenantId isNull="true" />
            <processParameterId>2055.57df7f15-8d55-4102-887b-4745c994c679</processParameterId>
            <processId>1.2f537c82-b114-4697-aa9b-56d03c308d13</processId>
            <parameterType>2</parameterType>
            <isArrayOf>false</isArrayOf>
            <classId>/12.260b373a-d1b2-4297-9dda-6fd159884549</classId>
            <seq>3</seq>
            <hasDefault>false</hasDefault>
            <defaultValue isNull="true" />
            <isLocked>false</isLocked>
            <description isNull="true" />
            <guid>737120af-db4d-444b-a536-d729e1cc64b1</guid>
            <versionId>5345464a-21f4-4682-aae2-15d0da70f8c4</versionId>
        </processParameter>
        <item>
            <lastModified isNull="true" />
            <lastModifiedBy isNull="true" />
            <tenantId isNull="true" />
            <processItemId>2025.00d5ae86-55cb-4886-80be-67abf588f641</processItemId>
            <processId>1.2f537c82-b114-4697-aa9b-56d03c308d13</processId>
            <name>Get Case Instance Object</name>
            <tWComponentName>Script</tWComponentName>
            <tWComponentId>3011.924b6b92-8258-40f6-aefe-5f1e4be3533a</tWComponentId>
            <isLogEnabled>false</isLogEnabled>
            <isTraceEnabled>false</isTraceEnabled>
            <traceCategory isNull="true" />
            <traceLevel isNull="true" />
            <traceMessage isNull="true" />
            <traceSymbolTable isNull="true" />
            <isExecutionContextTraced>false</isExecutionContextTraced>
            <saveExecutionContext>false</saveExecutionContext>
            <documentation isNull="true" />
            <isErrorHandlerEnabled>false</isErrorHandlerEnabled>
            <errorHandlerItemId isNull="true" />
            <guid>guid:20308090a73cc1a2:-7fa488b3:1807fc616a8:-7ebc</guid>
            <versionId>e744f5ab-fc12-4afe-9894-3c838ecc0d8f</versionId>
            <externalServiceRef isNull="true" />
            <externalServiceOp isNull="true" />
            <nodeColor isNull="true" />
            <layoutData x="277" y="57">
                <errorLink>
                    <controlPoints />
                    <showEndState>false</showEndState>
                    <showName>false</showName>
                </errorLink>
            </layoutData>
            <TWComponent>
                <lastModified isNull="true" />
                <lastModifiedBy isNull="true" />
                <tenantId isNull="true" />
                <scriptId>3011.924b6b92-8258-40f6-aefe-5f1e4be3533a</scriptId>
                <scriptTypeId>2</scriptTypeId>
                <isActive>true</isActive>
                <script>tw.local.result  = new tw.object.CaseObject();&#xD;
var t = tw.local.result;&#xD;
try{&#xD;
    var casetypeConfigStr = tw.system.getCaseConfiguration(tw.local.caseId, tw.local.tosName);&#xD;
    log.info("Get Case Object " +  casetypeConfigStr);&#xD;
    &#xD;
    var casetypeConfig = JSON.parse(casetypeConfigStr);&#xD;
    &#xD;
    t.caseId = tw.local.caseId;&#xD;
    //t.caseTypeName = casetypeConfig.CaseType.substring(casetypeConfig.CaseType.indexOf("_") + 1);&#xD;
    t.caseTypeName = casetypeConfig.DisplayName;&#xD;
    t.tosName = tw.local.tosName;&#xD;
    t.isAutoLaunch = casetypeConfig.autoLaunch;&#xD;
    t.caseClientURI = casetypeConfig.CaseClientURI;&#xD;
    t.caseTitleProperty = casetypeConfig.CaseIdentifier;&#xD;
    t.modifiedDate = casetypeConfig.DateLastModified;&#xD;
    t.caseState = casetypeConfig.CaseState;&#xD;
    t.healthIndicator = casetypeConfig.HealthIndicator;&#xD;
    t.icnRepoId = casetypeConfig.icnRepoId;&#xD;
    t.caseTypeSymbolicName = casetypeConfig.CaseType;&#xD;
    t.graphQLEndpointUrl = casetypeConfig.GraphQLEndpointURL;&#xD;
    //t.properties = casetypeConfig.CaseProperties;&#xD;
}&#xD;
catch (e) {&#xD;
	log.error("Caught an exception: " + e.message);&#xD;
}</script>
                <isRule>false</isRule>
                <guid>47908d39-c71f-47e5-a619-14c1de41e2b1</guid>
                <versionId>4b6e1215-0680-4f0f-aa98-bceb77e14dc9</versionId>
            </TWComponent>
        </item>
        <item>
            <lastModified isNull="true" />
            <lastModifiedBy isNull="true" />
            <tenantId isNull="true" />
            <processItemId>2025.1357996c-459c-4247-88e8-383c80c9c91b</processItemId>
            <processId>1.2f537c82-b114-4697-aa9b-56d03c308d13</processId>
            <name>End</name>
            <tWComponentName>ExitPoint</tWComponentName>
            <tWComponentId>3008.eab07c33-b0f7-4468-be86-74ec91c43a93</tWComponentId>
            <isLogEnabled>false</isLogEnabled>
            <isTraceEnabled>false</isTraceEnabled>
            <traceCategory isNull="true" />
            <traceLevel isNull="true" />
            <traceMessage isNull="true" />
            <traceSymbolTable isNull="true" />
            <isExecutionContextTraced>false</isExecutionContextTraced>
            <saveExecutionContext>true</saveExecutionContext>
            <documentation isNull="true" />
            <isErrorHandlerEnabled>false</isErrorHandlerEnabled>
            <errorHandlerItemId isNull="true" />
            <guid>guid:20308090a73cc1a2:-7fa488b3:1807fc616a8:-7ec6</guid>
            <versionId>4d3a6848-ecf6-49fb-94ff-4a2ef21a6cea</versionId>
            <externalServiceRef isNull="true" />
            <externalServiceOp isNull="true" />
            <nodeColor isNull="true" />
            <layoutData x="650" y="80">
                <errorLink>
                    <controlPoints />
                    <showEndState>false</showEndState>
                    <showName>false</showName>
                </errorLink>
            </layoutData>
            <TWComponent>
                <lastModified isNull="true" />
                <lastModifiedBy isNull="true" />
                <tenantId isNull="true" />
                <exitPointId>3008.eab07c33-b0f7-4468-be86-74ec91c43a93</exitPointId>
                <haltProcess>false</haltProcess>
                <guid>003e591b-5a07-4de4-a189-6b2f5cee55df</guid>
                <versionId>a2edc57e-397d-46a5-9a13-57ab369fc91a</versionId>
            </TWComponent>
        </item>
        <startingProcessItemId>2025.00d5ae86-55cb-4886-80be-67abf588f641</startingProcessItemId>
        <errorHandlerItemId isNull="true" />
        <layoutData noConversion="true">
            <errorLink>
                <controlPoints />
                <showEndState>false</showEndState>
                <showName>false</showName>
            </errorLink>
        </layoutData>
        <startPoint>
            <layoutData x="25" y="80">
                <errorLink>
                    <controlPoints />
                    <showEndState>false</showEndState>
                    <showName>false</showName>
                </errorLink>
            </layoutData>
        </startPoint>
        <startLink>
            <fromPort locationId="rightCenter" portType="1" />
            <toPort locationId="leftCenter" portType="2" />
            <layoutData>
                <controlPoints />
                <showEndState>false</showEndState>
                <showName>false</showName>
            </layoutData>
        </startLink>
        <bpmn2Model>
            <ns16:definitions xmlns:ns16="http://www.omg.org/spec/BPMN/20100524/MODEL" xmlns:ns2="http://www.ibm.com/xmlns/prod/bpm/bpmn/ext/process" xmlns:ns3="http://www.ibm.com/xmlns/prod/bpm/bpmn/ext/process/wle" xmlns:ns4="http://www.ibm.com/xmlns/prod/bpm/bpmn/ext/process/case" xmlns:ns5="http://www.ibm.com/bpm/Extensions" xmlns:ns6="http://www.ibm.com/xmlns/prod/bpm/uca" xmlns:ns7="http://www.ibm.com/xmlns/prod/bpm/bpmn/ext/trackinggroup" xmlns:ns8="http://www.ibm.com/xmlns/prod/bpm/bpmn/ext/team" xmlns:ns9="http://www.ibm.com/xmlns/bpmnx/20100524/v1/BusinessVocabulary" xmlns:ns10="http://www.omg.org/spec/DD/20100524/DI" xmlns:ns11="http://www.omg.org/spec/DD/20100524/DC" xmlns:ns12="http://www.omg.org/spec/BPMN/20100524/BPMNDI" xmlns:ns13="http://www.ibm.com/xmlns/prod/bpm/graph" xmlns:ns14="http://www.ibm.com/xmlns/prod/bpm/bpmn/ext/process/auth" xmlns:ns15="http://www.ibm.com/xmlns/prod/bpm/bpmn/ext/extservice" xmlns:ns17="http://www.ibm.com/bpm/processappsettings" xmlns:ns18="http://www.ibm.com/xmlns/links" xmlns:ns19="http://www.ibm.com/bpm/CoachDesignerNG" xmlns:ns20="http://www.ibm.com/xmlns/tagging" xmlns:ns21="http://www.ibm.com/bpm/uitheme" xmlns:ns22="http://www.ibm.com/bpm/coachview" targetNamespace="" expressionLanguage="http://www.ibm.com/xmlns/prod/bpm/expression-lang/javascript" typeLanguage="http://www.w3.org/2001/XMLSchema">
                
                
                <ns16:process name="Get Case Instance Object Service" id="1.2f537c82-b114-4697-aa9b-56d03c308d13" ns2:executionMode="microflow">
                    
                    
                    <ns16:documentation textFormat="text/plain" />
                    
                    
                    <ns16:extensionElements>
                        
                        
                        <ns2:sboSyncEnabled>true</ns2:sboSyncEnabled>
                        
                        
                        <ns2:isSecured>false</ns2:isSecured>
                        
                        
                        <ns2:isAjaxExposed>true</ns2:isAjaxExposed>
                        
                    
                    </ns16:extensionElements>
                    
                    
                    <ns16:ioSpecification>
                        
                        
                        <ns16:dataInput name="caseId" itemSubjectRef="itm.12.db884a3c-c533-44b7-bb2d-47bec8ad4022" isCollection="false" id="2055.50c2b136-1605-46d0-862a-7a61796de832" />
                        
                        
                        <ns16:dataInput name="tosName" itemSubjectRef="itm.12.db884a3c-c533-44b7-bb2d-47bec8ad4022" isCollection="false" id="2055.8c49e999-9dd9-4bd8-8da7-34987f14d37e" />
                        
                        
                        <ns16:dataOutput name="result" itemSubjectRef="itm.12.260b373a-d1b2-4297-9dda-6fd159884549" isCollection="false" id="2055.57df7f15-8d55-4102-887b-4745c994c679" />
                        
                        
                        <ns16:inputSet>
                            
                            
                            <ns16:dataInputRefs>2055.50c2b136-1605-46d0-862a-7a61796de832</ns16:dataInputRefs>
                            
                            
                            <ns16:dataInputRefs>2055.8c49e999-9dd9-4bd8-8da7-34987f14d37e</ns16:dataInputRefs>
                            
                        
                        </ns16:inputSet>
                        
                        
                        <ns16:outputSet>
                            
                            
                            <ns16:dataOutputRefs>2055.57df7f15-8d55-4102-887b-4745c994c679</ns16:dataOutputRefs>
                            
                        
                        </ns16:outputSet>
                        
                    
                    </ns16:ioSpecification>
                    
                    
                    <ns16:laneSet id="5513cc4e-6339-42fb-8ecb-0f31155ba3b1">
                        
                        
                        <ns16:lane name="System" partitionElementRef="24.6fd38d02-81cf-48ab-bd42-8ff4c0a1628b" id="81e50474-9018-4e09-8683-762ea8ab407c" ns3:isSystemLane="true">
                            
                            
                            <ns16:extensionElements>
                                
                                
                                <ns13:nodeVisualInfo x="0" y="0" width="3000" height="500" color="#F8F8F8" />
                                
                            
                            </ns16:extensionElements>
                            
                            
                            <ns16:flowNodeRef>407a95dc-8b93-42c6-8068-34377570e65d</ns16:flowNodeRef>
                            
                            
                            <ns16:flowNodeRef>1357996c-459c-4247-88e8-383c80c9c91b</ns16:flowNodeRef>
                            
                            
                            <ns16:flowNodeRef>00d5ae86-55cb-4886-80be-67abf588f641</ns16:flowNodeRef>
                            
                        
                        </ns16:lane>
                        
                    
                    </ns16:laneSet>
                    
                    
                    <ns16:startEvent isInterrupting="false" parallelMultiple="false" name="Start" id="407a95dc-8b93-42c6-8068-34377570e65d">
                        
                        
                        <ns16:extensionElements>
                            
                            
                            <ns13:nodeVisualInfo x="25" y="80" width="24" height="24" color="#F8F8F8" />
                            
                        
                        </ns16:extensionElements>
                        
                        
                        <ns16:outgoing>2027.ff4b546e-41f9-4e7c-8577-45d7a5ef6b62</ns16:outgoing>
                        
                    
                    </ns16:startEvent>
                    
                    
                    <ns16:endEvent name="End" id="1357996c-459c-4247-88e8-383c80c9c91b">
                        
                        
                        <ns16:extensionElements>
                            
                            
                            <ns13:nodeVisualInfo x="650" y="80" width="24" height="24" color="#F8F8F8" />
                            
                            
                            <ns3:saveExecutionContext>true</ns3:saveExecutionContext>
                            
                            
                            <ns2:endStateId>guid:20308090a73cc1a2:-7fa488b3:1807fc616a8:-7ec6</ns2:endStateId>
                            
                        
                        </ns16:extensionElements>
                        
                        
                        <ns16:incoming>455cfe60-5ce6-4fd8-8a93-36862384344b</ns16:incoming>
                        
                    
                    </ns16:endEvent>
                    
                    
                    <ns16:sequenceFlow sourceRef="407a95dc-8b93-42c6-8068-34377570e65d" targetRef="00d5ae86-55cb-4886-80be-67abf588f641" name="To Get Case Instance Object" id="2027.ff4b546e-41f9-4e7c-8577-45d7a5ef6b62">
                        
                        
                        <ns16:extensionElements>
                            
                            
                            <ns13:linkVisualInfo>
                                
                                
                                <ns13:sourcePortLocation>rightCenter</ns13:sourcePortLocation>
                                
                                
                                <ns13:targetPortLocation>leftCenter</ns13:targetPortLocation>
                                
                                
                                <ns13:showLabel>false</ns13:showLabel>
                                
                                
                                <ns13:showCoachControlLabel>false</ns13:showCoachControlLabel>
                                
                                
                                <ns13:labelPosition>0.0</ns13:labelPosition>
                                
                                
                                <ns13:saveExecutionContext>false</ns13:saveExecutionContext>
                                
                            
                            </ns13:linkVisualInfo>
                            
                        
                        </ns16:extensionElements>
                        
                    
                    </ns16:sequenceFlow>
                    
                    
                    <ns16:scriptTask scriptFormat="text/x-javascript" name="Get Case Instance Object" id="00d5ae86-55cb-4886-80be-67abf588f641">
                        
                        
                        <ns16:extensionElements>
                            
                            
                            <ns13:nodeVisualInfo x="277" y="57" width="95" height="70" />
                            
                        
                        </ns16:extensionElements>
                        
                        
                        <ns16:incoming>2027.ff4b546e-41f9-4e7c-8577-45d7a5ef6b62</ns16:incoming>
                        
                        
                        <ns16:outgoing>455cfe60-5ce6-4fd8-8a93-36862384344b</ns16:outgoing>
                        
                        
                        <ns16:script>tw.local.result  = new tw.object.CaseObject();&#xD;
var t = tw.local.result;&#xD;
try{&#xD;
    var casetypeConfigStr = tw.system.getCaseConfiguration(tw.local.caseId, tw.local.tosName);&#xD;
    log.info("Get Case Object " +  casetypeConfigStr);&#xD;
    &#xD;
    var casetypeConfig = JSON.parse(casetypeConfigStr);&#xD;
    &#xD;
    t.caseId = tw.local.caseId;&#xD;
    //t.caseTypeName = casetypeConfig.CaseType.substring(casetypeConfig.CaseType.indexOf("_") + 1);&#xD;
    t.caseTypeName = casetypeConfig.DisplayName;&#xD;
    t.tosName = tw.local.tosName;&#xD;
    t.isAutoLaunch = casetypeConfig.autoLaunch;&#xD;
    t.caseClientURI = casetypeConfig.CaseClientURI;&#xD;
    t.caseTitleProperty = casetypeConfig.CaseIdentifier;&#xD;
    t.modifiedDate = casetypeConfig.DateLastModified;&#xD;
    t.caseState = casetypeConfig.CaseState;&#xD;
    t.healthIndicator = casetypeConfig.HealthIndicator;&#xD;
    t.icnRepoId = casetypeConfig.icnRepoId;&#xD;
    t.caseTypeSymbolicName = casetypeConfig.CaseType;&#xD;
    t.graphQLEndpointUrl = casetypeConfig.GraphQLEndpointURL;&#xD;
    //t.properties = casetypeConfig.CaseProperties;&#xD;
}&#xD;
catch (e) {&#xD;
	log.error("Caught an exception: " + e.message);&#xD;
}</ns16:script>
                        
                    
                    </ns16:scriptTask>
                    
                    
                    <ns16:sequenceFlow sourceRef="00d5ae86-55cb-4886-80be-67abf588f641" targetRef="1357996c-459c-4247-88e8-383c80c9c91b" name="To End" id="455cfe60-5ce6-4fd8-8a93-36862384344b">
                        
                        
                        <ns16:extensionElements>
                            
                            
                            <ns2:sequenceFlowImplementation sboSyncEnabled="true" />
                            
                            
                            <ns13:linkVisualInfo>
                                
                                
                                <ns13:sourcePortLocation>rightCenter</ns13:sourcePortLocation>
                                
                                
                                <ns13:targetPortLocation>leftCenter</ns13:targetPortLocation>
                                
                                
                                <ns13:showLabel>false</ns13:showLabel>
                                
                                
                                <ns13:showCoachControlLabel>false</ns13:showCoachControlLabel>
                                
                                
                                <ns13:labelPosition>0.0</ns13:labelPosition>
                                
                                
                                <ns13:saveExecutionContext>true</ns13:saveExecutionContext>
                                
                            
                            </ns13:linkVisualInfo>
                            
                        
                        </ns16:extensionElements>
                        
                    
                    </ns16:sequenceFlow>
                    
                
                </ns16:process>
                
            
            </ns16:definitions>
        </bpmn2Model>
        <link name="To End">
            <lastModified isNull="true" />
            <lastModifiedBy isNull="true" />
            <tenantId isNull="true" />
            <processLinkId>2027.455cfe60-5ce6-4fd8-8a93-36862384344b</processLinkId>
            <processId>1.2f537c82-b114-4697-aa9b-56d03c308d13</processId>
            <description isNull="true" />
            <fromProcessItemId>2025.00d5ae86-55cb-4886-80be-67abf588f641</fromProcessItemId>
            <endStateId>Out</endStateId>
            <toProcessItemId>2025.1357996c-459c-4247-88e8-383c80c9c91b</toProcessItemId>
            <guid>516a46a1-6d0b-4b3c-ad62-835bb0cc7441</guid>
            <versionId>d65b264e-c15c-4db7-9ef2-f91d3e42682a</versionId>
            <layoutData>
                <controlPoints />
                <showEndState>false</showEndState>
                <showName>false</showName>
            </layoutData>
            <fromItemPort locationId="rightCenter" portType="1" />
            <toItemPort locationId="leftCenter" portType="2" />
            <fromProcessItemId>2025.00d5ae86-55cb-4886-80be-67abf588f641</fromProcessItemId>
            <toProcessItemId>2025.1357996c-459c-4247-88e8-383c80c9c91b</toProcessItemId>
        </link>
    </process>
</teamworks>

