<?xml version="1.0" encoding="UTF-8"?>
<teamworks>
    <process id="1.4c1c4ad0-750b-46fa-8b0a-cd33af2bb7d7" name="Case Calendar subscription Operations">
        <lastModified>1646284494814</lastModified>
        <lastModifiedBy>tw_admin</lastModifiedBy>
        <tenantId isNull="true" />
        <processId>1.4c1c4ad0-750b-46fa-8b0a-cd33af2bb7d7</processId>
        <image isNull="true" />
        <tabGroup isNull="true" />
        <startingProcessItemId>2025.184d3761-cf6f-46ab-89d2-cddd8ee11af0</startingProcessItemId>
        <isRootProcess>false</isRootProcess>
        <processType>12</processType>
        <isErrorHandlerEnabled>false</isErrorHandlerEnabled>
        <errorHandlerItemId isNull="true" />
        <isLoggingVariables>false</isLoggingVariables>
        <isTransactional>false</isTransactional>
        <processTimingLevel isNull="true" />
        <participantRef isNull="true" />
        <exposedType>0</exposedType>
        <isTrackingEnabled>true</isTrackingEnabled>
        <xmlData isNull="true" />
        <cachingType>false</cachingType>
        <itemLabel isNull="true" />
        <cacheLength>0</cacheLength>
        <mobileReady>false</mobileReady>
        <sboSyncEnabled>true</sboSyncEnabled>
        <externalId isNull="true" />
        <isSecured>true</isSecured>
        <isAjaxExposed>true</isAjaxExposed>
        <isInvokedAsynchronously>false</isInvokedAsynchronously>
        <description isNull="true" />
        <guid>guid:7af4972c7779444c:51789d9e:17f321dc729:-4761</guid>
        <versionId>2a6971d3-4a83-42e7-9601-e853958fa2e1</versionId>
        <dependencySummary>&lt;dependencySummary id="bpdid:7af4972c7779444c:51789d9e:17f321dc729:-d4" /&gt;</dependencySummary>
        <jsonData>{"rootElement":[{"flowElement":[{"parallelMultiple":false,"outgoing":["2027.4defdc28-bf71-4e9d-8e98-80b84d4876b9"],"isInterrupting":false,"extensionElements":{"nodeVisualInfo":[{"color":"#F8F8F8","width":24,"x":25,"y":80,"declaredType":"TNodeVisualInfo","height":24}]},"name":"Start","declaredType":"startEvent","id":"d247d931-19c6-4f72-8bb3-06a0811f1e06"},{"incoming":["06fef763-0890-4101-80c2-23fd8961fae2"],"extensionElements":{"nodeVisualInfo":[{"color":"#F8F8F8","width":24,"x":650,"y":80,"declaredType":"TNodeVisualInfo","height":24}],"endStateId":["guid:7af4972c7779444c:51789d9e:17f321dc729:-475f"],"saveExecutionContext":[true]},"name":"End","declaredType":"endEvent","id":"fbd421c2-ae11-43a9-8587-f760bc038fef"},{"targetRef":"184d3761-cf6f-46ab-89d2-cddd8ee11af0","extensionElements":{"linkVisualInfo":[{"sourcePortLocation":"rightCenter","showCoachControlLabel":false,"labelPosition":0.0,"targetPortLocation":"leftCenter","declaredType":"TLinkVisualInfo","saveExecutionContext":false,"showLabel":false}]},"name":"To Case calendar subscription operations","declaredType":"sequenceFlow","id":"2027.4defdc28-bf71-4e9d-8e98-80b84d4876b9","sourceRef":"d247d931-19c6-4f72-8bb3-06a0811f1e06"},{"startQuantity":1,"outgoing":["06fef763-0890-4101-80c2-23fd8961fae2"],"incoming":["2027.4defdc28-bf71-4e9d-8e98-80b84d4876b9"],"extensionElements":{"nodeVisualInfo":[{"width":95,"x":252,"y":57,"declaredType":"TNodeVisualInfo","height":70}]},"name":"Case calendar subscription operations","isForCompensation":false,"completionQuantity":1,"declaredType":"scriptTask","id":"184d3761-cf6f-46ab-89d2-cddd8ee11af0","scriptFormat":"text\/x-javascript","script":{"content":["var inputData = tw.local.data;\r\n\r\nlog.info(\"InputData: \" + inputData);\r\n\r\n\/\/ inputData = {caseId:xxx, objectStoreName:xxx, operation:xxx, subscriptionId:xxx }\r\n\/\/ operations: retrieve\/add\/update\/delete\/refresh\r\n\r\nvar caseId, tosName, operation, result;\r\n\r\ntw.local.results = new tw.object.Record()\r\nresult = tw.local.results;\r\n\r\ntry{\r\n\tinputData = JSON.parse(inputData)\r\n} catch(ex){\r\n\tinputData=null;\r\n\tlog.error(\"Input should be of json objec, should be in format of {caseId:xxx, tosName:xxx}\")\r\n}\r\nif(inputData){\r\n\ttry{\r\n\t\tcaseId = inputData.caseId;\r\n\t\ttosName = inputData.tosName;\r\n\t\tif(!tosName || (tosName &amp;&amp; tosName.trim().length==0)){\r\n\t\t\tif(caseId &amp;&amp; caseId.trim().length&gt;0 &amp;&amp; tw.system.currentProcessInstance){\r\n\t\t\t\ttosName = tw.system.currentProcessInstance.getRepositoryName(caseId);\r\n\t\t\t}\r\n\t\t}\r\n\t}catch(ex){\r\n\t   inputData = null;\r\n\t   log.error(\"Exception occurred while fetching repository name\");\r\n\t}\r\n}\r\noperation = inputData.operation;\r\nif(caseId &amp;&amp; tosName){\r\n\tif(operation &amp;&amp; operation === \"retrieve\"){\r\n\t\tresult.subscriptions = tw.system.getCaseCalendarSubscriptions(caseId, tosName, false);\r\n\t}\r\n\telse if(operation &amp;&amp; operation === \"add\"){\r\n\t\tvar subscription = JSON.stringify(inputData.subscription);\r\n\t\tvar output = tw.system.addCaseCalendarSubscription(caseId, tosName, subscription);\r\n\t\tresult.subscription = JSON.stringify(JSON.parse(output).subscription);\r\n\t}\r\n\telse if(operation &amp;&amp; operation === \"delete\"){\r\n\t\tvar subscriptionId = inputData.subscriptionId;\r\n\t\tresult.subscription = tw.system.removeCaseCalendarSubscription(tosName, subscriptionId);\r\n\t\t\/\/var ouput = tw.system.removeCaseCalendarSubscription(tosName, subscriptionId);\r\n\t\t\/\/result.subscription = JSON.stringify(JSON.parse(output).subscription);\r\n\t}\r\n\telse if(operation &amp;&amp; operation === \"refresh\"){\r\n\t\tvar subscriptionId = inputData.subscriptionId;\r\n\t\tresult.subscription = tw.system.refreshCaseCalendarSubscription(tosName, subscriptionId);\r\n\t}\r\n\telse if(operation &amp;&amp; operation === \"update\"){\r\n\t\tvar subscriptionId = inputData.subscriptionId;\r\n\t\tvar subscription = JSON.stringify(inputData.subscription);\r\n\t\tresult.subscription = tw.system.updateCaseCalendarSubscription(tosName, subscriptionId, subscription);\r\n\t}\r\n}\r\n"]}},{"targetRef":"fbd421c2-ae11-43a9-8587-f760bc038fef","extensionElements":{"sequenceFlowImplementation":[{"fireValidation":"Never","sboSyncEnabled":true,"declaredType":"com.ibm.bpmsdk.model.bpmn20.ibmext.TSequenceFlowImplementation"}],"linkVisualInfo":[{"sourcePortLocation":"rightCenter","showCoachControlLabel":false,"labelPosition":0.0,"targetPortLocation":"leftCenter","declaredType":"TLinkVisualInfo","saveExecutionContext":true,"showLabel":false}]},"name":"To End","declaredType":"sequenceFlow","id":"06fef763-0890-4101-80c2-23fd8961fae2","sourceRef":"184d3761-cf6f-46ab-89d2-cddd8ee11af0"}],"laneSet":[{"id":"d9826f96-30b7-4cba-80b1-ce732369d586","lane":[{"flowNodeRef":["d247d931-19c6-4f72-8bb3-06a0811f1e06","fbd421c2-ae11-43a9-8587-f760bc038fef","184d3761-cf6f-46ab-89d2-cddd8ee11af0"],"extensionElements":{"nodeVisualInfo":[{"color":"#F8F8F8","width":3000,"x":0,"y":0,"declaredType":"TNodeVisualInfo","height":500}]},"name":"System","partitionElementRef":"24.6fd38d02-81cf-48ab-bd42-8ff4c0a1628b","declaredType":"lane","id":"dc22625f-1cf2-41c7-881d-e5f172b666ac","otherAttributes":{"{http:\/\/www.ibm.com\/xmlns\/prod\/bpm\/bpmn\/ext\/process\/wle}isSystemLane":"true"}}]}],"isClosed":false,"extensionElements":{"isSecured":[true],"isAjaxExposed":[true],"sboSyncEnabled":[true]},"documentation":[{"textFormat":"text\/plain"}],"name":"Case Calendar subscription Operations","declaredType":"process","id":"1.4c1c4ad0-750b-46fa-8b0a-cd33af2bb7d7","processType":"None","otherAttributes":{"{http:\/\/www.ibm.com\/xmlns\/prod\/bpm\/bpmn\/ext\/process}executionMode":"microflow"},"ioSpecification":{"dataOutput":[{"itemSubjectRef":"itm.12.c09c9b6e-aabd-4897-bef2-ed61db106297","name":"results","isCollection":false,"id":"2055.29ed190b-f8ab-4413-8906-1c10483bdad3"},{"itemSubjectRef":"itm.12.5551644c-3dc6-4161-a939-4e7f27f8ce45","name":"error","isCollection":false,"id":"2055.0d4c2d8d-6944-42bb-8095-aba9b4edeada"}],"inputSet":[{"dataInputRefs":["2055.8a6a6cdd-cbaa-421a-8883-4012d96020b4"]}],"outputSet":[{"dataOutputRefs":["2055.29ed190b-f8ab-4413-8906-1c10483bdad3","2055.0d4c2d8d-6944-42bb-8095-aba9b4edeada"]}],"dataInput":[{"itemSubjectRef":"itm.12.c09c9b6e-aabd-4897-bef2-ed61db106297","name":"data","isCollection":false,"id":"2055.8a6a6cdd-cbaa-421a-8883-4012d96020b4"}]}}],"targetNamespace":"","typeLanguage":"http:\/\/www.w3.org\/2001\/XMLSchema","expressionLanguage":"http:\/\/www.ibm.com\/xmlns\/prod\/bpm\/expression-lang\/javascript"}</jsonData>
        <field1 isNull="true" />
        <field2 isNull="true" />
        <field3>0</field3>
        <field4 isNull="true" />
        <field5>false</field5>
        <clobField1 isNull="true" />
        <blobField1 isNull="true" />
        <processParameter name="data">
            <lastModified isNull="true" />
            <lastModifiedBy isNull="true" />
            <tenantId isNull="true" />
            <processParameterId>2055.8a6a6cdd-cbaa-421a-8883-4012d96020b4</processParameterId>
            <processId>1.4c1c4ad0-750b-46fa-8b0a-cd33af2bb7d7</processId>
            <parameterType>1</parameterType>
            <isArrayOf>false</isArrayOf>
            <classId>56f01b11-2631-47ae-acdd-75a5c2d4e9d2/12.c09c9b6e-aabd-4897-bef2-ed61db106297</classId>
            <seq>1</seq>
            <hasDefault>false</hasDefault>
            <defaultValue isNull="true" />
            <isLocked>false</isLocked>
            <description isNull="true" />
            <guid>5c970bbf-753c-4983-9eda-183ce222418f</guid>
            <versionId>b4016c87-03f6-4823-87f4-d2dc6173f9cc</versionId>
        </processParameter>
        <processParameter name="results">
            <lastModified isNull="true" />
            <lastModifiedBy isNull="true" />
            <tenantId isNull="true" />
            <processParameterId>2055.29ed190b-f8ab-4413-8906-1c10483bdad3</processParameterId>
            <processId>1.4c1c4ad0-750b-46fa-8b0a-cd33af2bb7d7</processId>
            <parameterType>2</parameterType>
            <isArrayOf>false</isArrayOf>
            <classId>56f01b11-2631-47ae-acdd-75a5c2d4e9d2/12.c09c9b6e-aabd-4897-bef2-ed61db106297</classId>
            <seq>2</seq>
            <hasDefault>false</hasDefault>
            <defaultValue isNull="true" />
            <isLocked>false</isLocked>
            <description isNull="true" />
            <guid>c7f39da1-553d-4d6a-b532-463c0e1a35f0</guid>
            <versionId>88174d78-cce1-45a3-b29b-dc4cf7cefd28</versionId>
        </processParameter>
        <processParameter name="error">
            <lastModified isNull="true" />
            <lastModifiedBy isNull="true" />
            <tenantId isNull="true" />
            <processParameterId>2055.0d4c2d8d-6944-42bb-8095-aba9b4edeada</processParameterId>
            <processId>1.4c1c4ad0-750b-46fa-8b0a-cd33af2bb7d7</processId>
            <parameterType>2</parameterType>
            <isArrayOf>false</isArrayOf>
            <classId>d7d6f0f8-7a7b-4bea-87e7-3bb66a2ad3a3/12.5551644c-3dc6-4161-a939-4e7f27f8ce45</classId>
            <seq>3</seq>
            <hasDefault>false</hasDefault>
            <defaultValue isNull="true" />
            <isLocked>false</isLocked>
            <description isNull="true" />
            <guid>6e9cd086-39cb-42cc-8888-639dfab7b34d</guid>
            <versionId>6ff79302-412e-46c4-b910-8267d7cfdf54</versionId>
        </processParameter>
        <item>
            <lastModified isNull="true" />
            <lastModifiedBy isNull="true" />
            <tenantId isNull="true" />
            <processItemId>2025.184d3761-cf6f-46ab-89d2-cddd8ee11af0</processItemId>
            <processId>1.4c1c4ad0-750b-46fa-8b0a-cd33af2bb7d7</processId>
            <name>Case calendar subscription operations</name>
            <tWComponentName>Script</tWComponentName>
            <tWComponentId>3011.4ff3c0e7-a5ae-4434-a400-e59b6c9c40a0</tWComponentId>
            <isLogEnabled>false</isLogEnabled>
            <isTraceEnabled>false</isTraceEnabled>
            <traceCategory isNull="true" />
            <traceLevel isNull="true" />
            <traceMessage isNull="true" />
            <traceSymbolTable isNull="true" />
            <isExecutionContextTraced>false</isExecutionContextTraced>
            <saveExecutionContext>false</saveExecutionContext>
            <documentation isNull="true" />
            <isErrorHandlerEnabled>false</isErrorHandlerEnabled>
            <errorHandlerItemId isNull="true" />
            <guid>guid:7af4972c7779444c:51789d9e:17f321dc729:-472b</guid>
            <versionId>459aff0c-2272-494c-8039-953e3e6ce246</versionId>
            <externalServiceRef isNull="true" />
            <externalServiceOp isNull="true" />
            <nodeColor isNull="true" />
            <layoutData x="252" y="57">
                <errorLink>
                    <controlPoints />
                    <showEndState>false</showEndState>
                    <showName>false</showName>
                </errorLink>
            </layoutData>
            <TWComponent>
                <lastModified isNull="true" />
                <lastModifiedBy isNull="true" />
                <tenantId isNull="true" />
                <scriptId>3011.4ff3c0e7-a5ae-4434-a400-e59b6c9c40a0</scriptId>
                <scriptTypeId>2</scriptTypeId>
                <isActive>true</isActive>
                <script>var inputData = tw.local.data;&#xD;
&#xD;
log.info("InputData: " + inputData);&#xD;
&#xD;
// inputData = {caseId:xxx, objectStoreName:xxx, operation:xxx, subscriptionId:xxx }&#xD;
// operations: retrieve/add/update/delete/refresh&#xD;
&#xD;
var caseId, tosName, operation, result;&#xD;
&#xD;
tw.local.results = new tw.object.Record()&#xD;
result = tw.local.results;&#xD;
&#xD;
try{&#xD;
	inputData = JSON.parse(inputData)&#xD;
} catch(ex){&#xD;
	inputData=null;&#xD;
	log.error("Input should be of json objec, should be in format of {caseId:xxx, tosName:xxx}")&#xD;
}&#xD;
if(inputData){&#xD;
	try{&#xD;
		caseId = inputData.caseId;&#xD;
		tosName = inputData.tosName;&#xD;
		if(!tosName || (tosName &amp;&amp; tosName.trim().length==0)){&#xD;
			if(caseId &amp;&amp; caseId.trim().length&gt;0 &amp;&amp; tw.system.currentProcessInstance){&#xD;
				tosName = tw.system.currentProcessInstance.getRepositoryName(caseId);&#xD;
			}&#xD;
		}&#xD;
	}catch(ex){&#xD;
	   inputData = null;&#xD;
	   log.error("Exception occurred while fetching repository name");&#xD;
	}&#xD;
}&#xD;
operation = inputData.operation;&#xD;
if(caseId &amp;&amp; tosName){&#xD;
	if(operation &amp;&amp; operation === "retrieve"){&#xD;
		result.subscriptions = tw.system.getCaseCalendarSubscriptions(caseId, tosName, false);&#xD;
	}&#xD;
	else if(operation &amp;&amp; operation === "add"){&#xD;
		var subscription = JSON.stringify(inputData.subscription);&#xD;
		var output = tw.system.addCaseCalendarSubscription(caseId, tosName, subscription);&#xD;
		result.subscription = JSON.stringify(JSON.parse(output).subscription);&#xD;
	}&#xD;
	else if(operation &amp;&amp; operation === "delete"){&#xD;
		var subscriptionId = inputData.subscriptionId;&#xD;
		result.subscription = tw.system.removeCaseCalendarSubscription(tosName, subscriptionId);&#xD;
		//var ouput = tw.system.removeCaseCalendarSubscription(tosName, subscriptionId);&#xD;
		//result.subscription = JSON.stringify(JSON.parse(output).subscription);&#xD;
	}&#xD;
	else if(operation &amp;&amp; operation === "refresh"){&#xD;
		var subscriptionId = inputData.subscriptionId;&#xD;
		result.subscription = tw.system.refreshCaseCalendarSubscription(tosName, subscriptionId);&#xD;
	}&#xD;
	else if(operation &amp;&amp; operation === "update"){&#xD;
		var subscriptionId = inputData.subscriptionId;&#xD;
		var subscription = JSON.stringify(inputData.subscription);&#xD;
		result.subscription = tw.system.updateCaseCalendarSubscription(tosName, subscriptionId, subscription);&#xD;
	}&#xD;
}&#xD;
</script>
                <isRule>false</isRule>
                <guid>75c95159-d176-48a0-a5ba-a0d1e6a827aa</guid>
                <versionId>b0bf64f7-fe88-4150-a253-d80d3dd8ad13</versionId>
            </TWComponent>
        </item>
        <item>
            <lastModified isNull="true" />
            <lastModifiedBy isNull="true" />
            <tenantId isNull="true" />
            <processItemId>2025.fbd421c2-ae11-43a9-8587-f760bc038fef</processItemId>
            <processId>1.4c1c4ad0-750b-46fa-8b0a-cd33af2bb7d7</processId>
            <name>End</name>
            <tWComponentName>ExitPoint</tWComponentName>
            <tWComponentId>3008.f796060c-0b4b-4a28-88ce-a06c3588d4de</tWComponentId>
            <isLogEnabled>false</isLogEnabled>
            <isTraceEnabled>false</isTraceEnabled>
            <traceCategory isNull="true" />
            <traceLevel isNull="true" />
            <traceMessage isNull="true" />
            <traceSymbolTable isNull="true" />
            <isExecutionContextTraced>false</isExecutionContextTraced>
            <saveExecutionContext>true</saveExecutionContext>
            <documentation isNull="true" />
            <isErrorHandlerEnabled>false</isErrorHandlerEnabled>
            <errorHandlerItemId isNull="true" />
            <guid>guid:7af4972c7779444c:51789d9e:17f321dc729:-475f</guid>
            <versionId>02ea5bee-f8c8-4d74-947f-1ebe9cba5d61</versionId>
            <externalServiceRef isNull="true" />
            <externalServiceOp isNull="true" />
            <nodeColor isNull="true" />
            <layoutData x="650" y="80">
                <errorLink>
                    <controlPoints />
                    <showEndState>false</showEndState>
                    <showName>false</showName>
                </errorLink>
            </layoutData>
            <TWComponent>
                <lastModified isNull="true" />
                <lastModifiedBy isNull="true" />
                <tenantId isNull="true" />
                <exitPointId>3008.f796060c-0b4b-4a28-88ce-a06c3588d4de</exitPointId>
                <haltProcess>false</haltProcess>
                <guid>b8f010b3-8909-4e41-879d-46c26813510e</guid>
                <versionId>2bac3f6f-6d8a-4183-b2b1-8289b5999966</versionId>
            </TWComponent>
        </item>
        <startingProcessItemId>2025.184d3761-cf6f-46ab-89d2-cddd8ee11af0</startingProcessItemId>
        <errorHandlerItemId isNull="true" />
        <layoutData noConversion="true">
            <errorLink>
                <controlPoints />
                <showEndState>false</showEndState>
                <showName>false</showName>
            </errorLink>
        </layoutData>
        <startPoint>
            <layoutData x="25" y="80">
                <errorLink>
                    <controlPoints />
                    <showEndState>false</showEndState>
                    <showName>false</showName>
                </errorLink>
            </layoutData>
        </startPoint>
        <startLink>
            <fromPort locationId="rightCenter" portType="1" />
            <toPort locationId="leftCenter" portType="2" />
            <layoutData>
                <controlPoints />
                <showEndState>false</showEndState>
                <showName>false</showName>
            </layoutData>
        </startLink>
        <bpmn2Model>
            <ns16:definitions xmlns:ns16="http://www.omg.org/spec/BPMN/20100524/MODEL" xmlns:ns2="http://www.ibm.com/xmlns/prod/bpm/bpmn/ext/process" xmlns:ns3="http://www.ibm.com/xmlns/prod/bpm/bpmn/ext/process/wle" xmlns:ns4="http://www.ibm.com/xmlns/prod/bpm/bpmn/ext/process/case" xmlns:ns5="http://www.ibm.com/bpm/Extensions" xmlns:ns6="http://www.ibm.com/xmlns/prod/bpm/uca" xmlns:ns7="http://www.ibm.com/xmlns/prod/bpm/bpmn/ext/trackinggroup" xmlns:ns8="http://www.ibm.com/xmlns/prod/bpm/bpmn/ext/team" xmlns:ns9="http://www.ibm.com/xmlns/bpmnx/20100524/v1/BusinessVocabulary" xmlns:ns10="http://www.omg.org/spec/DD/20100524/DI" xmlns:ns11="http://www.omg.org/spec/DD/20100524/DC" xmlns:ns12="http://www.omg.org/spec/BPMN/20100524/BPMNDI" xmlns:ns13="http://www.ibm.com/xmlns/prod/bpm/graph" xmlns:ns14="http://www.ibm.com/xmlns/prod/bpm/bpmn/ext/process/auth" xmlns:ns15="http://www.ibm.com/xmlns/prod/bpm/bpmn/ext/extservice" xmlns:ns17="http://www.ibm.com/bpm/processappsettings" xmlns:ns18="http://www.ibm.com/xmlns/links" xmlns:ns19="http://www.ibm.com/bpm/CoachDesignerNG" xmlns:ns20="http://www.ibm.com/xmlns/tagging" xmlns:ns21="http://www.ibm.com/bpm/uitheme" xmlns:ns22="http://www.ibm.com/bpm/coachview" targetNamespace="" expressionLanguage="http://www.ibm.com/xmlns/prod/bpm/expression-lang/javascript" typeLanguage="http://www.w3.org/2001/XMLSchema">
                
                
                
                
                <ns16:process name="Case Calendar subscription Operations" id="1.4c1c4ad0-750b-46fa-8b0a-cd33af2bb7d7" ns2:executionMode="microflow">
                    
                    
                    
                    
                    <ns16:documentation textFormat="text/plain" />
                    
                    
                    
                    
                    <ns16:extensionElements>
                        
                        
                        
                        
                        <ns2:isSecured>true</ns2:isSecured>
                        
                        
                        
                        
                        <ns2:isAjaxExposed>true</ns2:isAjaxExposed>
                        
                        
                        
                        
                        <ns2:sboSyncEnabled>true</ns2:sboSyncEnabled>
                        
                        
                    
                    
                    </ns16:extensionElements>
                    
                    
                    
                    
                    <ns16:ioSpecification>
                        
                        
                        
                        
                        <ns16:dataInput name="data" itemSubjectRef="itm.12.c09c9b6e-aabd-4897-bef2-ed61db106297" isCollection="false" id="2055.8a6a6cdd-cbaa-421a-8883-4012d96020b4" />
                        
                        
                        
                        
                        <ns16:dataOutput name="results" itemSubjectRef="itm.12.c09c9b6e-aabd-4897-bef2-ed61db106297" isCollection="false" id="2055.29ed190b-f8ab-4413-8906-1c10483bdad3" />
                        
                        
                        
                        
                        <ns16:dataOutput name="error" itemSubjectRef="itm.12.5551644c-3dc6-4161-a939-4e7f27f8ce45" isCollection="false" id="2055.0d4c2d8d-6944-42bb-8095-aba9b4edeada" />
                        
                        
                        
                        
                        <ns16:inputSet>
                            
                            
                            
                            
                            <ns16:dataInputRefs>2055.8a6a6cdd-cbaa-421a-8883-4012d96020b4</ns16:dataInputRefs>
                            
                            
                        
                        
                        </ns16:inputSet>
                        
                        
                        
                        
                        <ns16:outputSet>
                            
                            
                            
                            
                            <ns16:dataOutputRefs>2055.29ed190b-f8ab-4413-8906-1c10483bdad3</ns16:dataOutputRefs>
                            
                            
                            
                            
                            <ns16:dataOutputRefs>2055.0d4c2d8d-6944-42bb-8095-aba9b4edeada</ns16:dataOutputRefs>
                            
                            
                        
                        
                        </ns16:outputSet>
                        
                        
                    
                    
                    </ns16:ioSpecification>
                    
                    
                    
                    
                    <ns16:laneSet id="d9826f96-30b7-4cba-80b1-ce732369d586">
                        
                        
                        
                        
                        <ns16:lane name="System" partitionElementRef="24.6fd38d02-81cf-48ab-bd42-8ff4c0a1628b" id="dc22625f-1cf2-41c7-881d-e5f172b666ac" ns3:isSystemLane="true">
                            
                            
                            
                            
                            <ns16:extensionElements>
                                
                                
                                
                                
                                <ns13:nodeVisualInfo x="0" y="0" width="3000" height="500" color="#F8F8F8" />
                                
                                
                            
                            
                            </ns16:extensionElements>
                            
                            
                            
                            
                            <ns16:flowNodeRef>d247d931-19c6-4f72-8bb3-06a0811f1e06</ns16:flowNodeRef>
                            
                            
                            
                            
                            <ns16:flowNodeRef>fbd421c2-ae11-43a9-8587-f760bc038fef</ns16:flowNodeRef>
                            
                            
                            
                            
                            <ns16:flowNodeRef>184d3761-cf6f-46ab-89d2-cddd8ee11af0</ns16:flowNodeRef>
                            
                            
                        
                        
                        </ns16:lane>
                        
                        
                    
                    
                    </ns16:laneSet>
                    
                    
                    
                    
                    <ns16:startEvent isInterrupting="false" parallelMultiple="false" name="Start" id="d247d931-19c6-4f72-8bb3-06a0811f1e06">
                        
                        
                        
                        
                        <ns16:extensionElements>
                            
                            
                            
                            
                            <ns13:nodeVisualInfo x="25" y="80" width="24" height="24" color="#F8F8F8" />
                            
                            
                        
                        
                        </ns16:extensionElements>
                        
                        
                        
                        
                        <ns16:outgoing>2027.4defdc28-bf71-4e9d-8e98-80b84d4876b9</ns16:outgoing>
                        
                        
                    
                    
                    </ns16:startEvent>
                    
                    
                    
                    
                    <ns16:endEvent name="End" id="fbd421c2-ae11-43a9-8587-f760bc038fef">
                        
                        
                        
                        
                        <ns16:extensionElements>
                            
                            
                            
                            
                            <ns13:nodeVisualInfo x="650" y="80" width="24" height="24" color="#F8F8F8" />
                            
                            
                            
                            
                            <ns3:saveExecutionContext>true</ns3:saveExecutionContext>
                            
                            
                            
                            
                            <ns2:endStateId>guid:7af4972c7779444c:51789d9e:17f321dc729:-475f</ns2:endStateId>
                            
                            
                        
                        
                        </ns16:extensionElements>
                        
                        
                        
                        
                        <ns16:incoming>06fef763-0890-4101-80c2-23fd8961fae2</ns16:incoming>
                        
                        
                    
                    
                    </ns16:endEvent>
                    
                    
                    
                    
                    <ns16:sequenceFlow sourceRef="d247d931-19c6-4f72-8bb3-06a0811f1e06" targetRef="184d3761-cf6f-46ab-89d2-cddd8ee11af0" name="To Case calendar subscription operations" id="2027.4defdc28-bf71-4e9d-8e98-80b84d4876b9">
                        
                        
                        
                        
                        <ns16:extensionElements>
                            
                            
                            
                            
                            <ns13:linkVisualInfo>
                                
                                
                                
                                
                                <ns13:sourcePortLocation>rightCenter</ns13:sourcePortLocation>
                                
                                
                                
                                
                                <ns13:targetPortLocation>leftCenter</ns13:targetPortLocation>
                                
                                
                                
                                
                                <ns13:showLabel>false</ns13:showLabel>
                                
                                
                                
                                
                                <ns13:showCoachControlLabel>false</ns13:showCoachControlLabel>
                                
                                
                                
                                
                                <ns13:labelPosition>0.0</ns13:labelPosition>
                                
                                
                                
                                
                                <ns13:saveExecutionContext>false</ns13:saveExecutionContext>
                                
                                
                            
                            
                            </ns13:linkVisualInfo>
                            
                            
                        
                        
                        </ns16:extensionElements>
                        
                        
                    
                    
                    </ns16:sequenceFlow>
                    
                    
                    
                    
                    <ns16:scriptTask scriptFormat="text/x-javascript" name="Case calendar subscription operations" id="184d3761-cf6f-46ab-89d2-cddd8ee11af0">
                        
                        
                        
                        
                        <ns16:extensionElements>
                            
                            
                            
                            
                            <ns13:nodeVisualInfo x="252" y="57" width="95" height="70" />
                            
                            
                        
                        
                        </ns16:extensionElements>
                        
                        
                        
                        
                        <ns16:incoming>2027.4defdc28-bf71-4e9d-8e98-80b84d4876b9</ns16:incoming>
                        
                        
                        
                        
                        <ns16:outgoing>06fef763-0890-4101-80c2-23fd8961fae2</ns16:outgoing>
                        
                        
                        
                        
                        <ns16:script>var inputData = tw.local.data;&#xD;
&#xD;
log.info("InputData: " + inputData);&#xD;
&#xD;
// inputData = {caseId:xxx, objectStoreName:xxx, operation:xxx, subscriptionId:xxx }&#xD;
// operations: retrieve/add/update/delete/refresh&#xD;
&#xD;
var caseId, tosName, operation, result;&#xD;
&#xD;
tw.local.results = new tw.object.Record()&#xD;
result = tw.local.results;&#xD;
&#xD;
try{&#xD;
	inputData = JSON.parse(inputData)&#xD;
} catch(ex){&#xD;
	inputData=null;&#xD;
	log.error("Input should be of json objec, should be in format of {caseId:xxx, tosName:xxx}")&#xD;
}&#xD;
if(inputData){&#xD;
	try{&#xD;
		caseId = inputData.caseId;&#xD;
		tosName = inputData.tosName;&#xD;
		if(!tosName || (tosName &amp;&amp; tosName.trim().length==0)){&#xD;
			if(caseId &amp;&amp; caseId.trim().length&gt;0 &amp;&amp; tw.system.currentProcessInstance){&#xD;
				tosName = tw.system.currentProcessInstance.getRepositoryName(caseId);&#xD;
			}&#xD;
		}&#xD;
	}catch(ex){&#xD;
	   inputData = null;&#xD;
	   log.error("Exception occurred while fetching repository name");&#xD;
	}&#xD;
}&#xD;
operation = inputData.operation;&#xD;
if(caseId &amp;&amp; tosName){&#xD;
	if(operation &amp;&amp; operation === "retrieve"){&#xD;
		result.subscriptions = tw.system.getCaseCalendarSubscriptions(caseId, tosName, false);&#xD;
	}&#xD;
	else if(operation &amp;&amp; operation === "add"){&#xD;
		var subscription = JSON.stringify(inputData.subscription);&#xD;
		var output = tw.system.addCaseCalendarSubscription(caseId, tosName, subscription);&#xD;
		result.subscription = JSON.stringify(JSON.parse(output).subscription);&#xD;
	}&#xD;
	else if(operation &amp;&amp; operation === "delete"){&#xD;
		var subscriptionId = inputData.subscriptionId;&#xD;
		result.subscription = tw.system.removeCaseCalendarSubscription(tosName, subscriptionId);&#xD;
		//var ouput = tw.system.removeCaseCalendarSubscription(tosName, subscriptionId);&#xD;
		//result.subscription = JSON.stringify(JSON.parse(output).subscription);&#xD;
	}&#xD;
	else if(operation &amp;&amp; operation === "refresh"){&#xD;
		var subscriptionId = inputData.subscriptionId;&#xD;
		result.subscription = tw.system.refreshCaseCalendarSubscription(tosName, subscriptionId);&#xD;
	}&#xD;
	else if(operation &amp;&amp; operation === "update"){&#xD;
		var subscriptionId = inputData.subscriptionId;&#xD;
		var subscription = JSON.stringify(inputData.subscription);&#xD;
		result.subscription = tw.system.updateCaseCalendarSubscription(tosName, subscriptionId, subscription);&#xD;
	}&#xD;
}&#xD;
</ns16:script>
                        
                        
                    
                    
                    </ns16:scriptTask>
                    
                    
                    
                    
                    <ns16:sequenceFlow sourceRef="184d3761-cf6f-46ab-89d2-cddd8ee11af0" targetRef="fbd421c2-ae11-43a9-8587-f760bc038fef" name="To End" id="06fef763-0890-4101-80c2-23fd8961fae2">
                        
                        
                        
                        
                        <ns16:extensionElements>
                            
                            
                            
                            
                            <ns2:sequenceFlowImplementation sboSyncEnabled="true" />
                            
                            
                            
                            
                            <ns13:linkVisualInfo>
                                
                                
                                
                                
                                <ns13:sourcePortLocation>rightCenter</ns13:sourcePortLocation>
                                
                                
                                
                                
                                <ns13:targetPortLocation>leftCenter</ns13:targetPortLocation>
                                
                                
                                
                                
                                <ns13:showLabel>false</ns13:showLabel>
                                
                                
                                
                                
                                <ns13:showCoachControlLabel>false</ns13:showCoachControlLabel>
                                
                                
                                
                                
                                <ns13:labelPosition>0.0</ns13:labelPosition>
                                
                                
                                
                                
                                <ns13:saveExecutionContext>true</ns13:saveExecutionContext>
                                
                                
                            
                            
                            </ns13:linkVisualInfo>
                            
                            
                        
                        
                        </ns16:extensionElements>
                        
                        
                    
                    
                    </ns16:sequenceFlow>
                    
                    
                
                
                </ns16:process>
                
                
            
            
            </ns16:definitions>
        </bpmn2Model>
        <link name="To End">
            <lastModified isNull="true" />
            <lastModifiedBy isNull="true" />
            <tenantId isNull="true" />
            <processLinkId>2027.06fef763-0890-4101-80c2-23fd8961fae2</processLinkId>
            <processId>1.4c1c4ad0-750b-46fa-8b0a-cd33af2bb7d7</processId>
            <description isNull="true" />
            <fromProcessItemId>2025.184d3761-cf6f-46ab-89d2-cddd8ee11af0</fromProcessItemId>
            <endStateId>Out</endStateId>
            <toProcessItemId>2025.fbd421c2-ae11-43a9-8587-f760bc038fef</toProcessItemId>
            <guid>5e2d37c8-b4e5-463b-bd87-40f8bb71349c</guid>
            <versionId>1c797e73-e361-48a0-928f-b26239f9ca69</versionId>
            <layoutData>
                <controlPoints />
                <showEndState>false</showEndState>
                <showName>false</showName>
            </layoutData>
            <fromItemPort locationId="rightCenter" portType="1" />
            <toItemPort locationId="leftCenter" portType="2" />
            <fromProcessItemId>2025.184d3761-cf6f-46ab-89d2-cddd8ee11af0</fromProcessItemId>
            <toProcessItemId>2025.fbd421c2-ae11-43a9-8587-f760bc038fef</toProcessItemId>
        </link>
    </process>
</teamworks>

