<?xml version="1.0" encoding="UTF-8"?>
<teamworks>
    <process id="1.91f23606-61c3-43d7-a664-8f423244449e" name="Get Repository Name Service">
        <lastModified>1621084545364</lastModified>
        <lastModifiedBy>tw_admin</lastModifiedBy>
        <tenantId isNull="true" />
        <processId>1.91f23606-61c3-43d7-a664-8f423244449e</processId>
        <image isNull="true" />
        <tabGroup isNull="true" />
        <startingProcessItemId>2025.d5777cbd-cece-4b14-897a-ebe51708f661</startingProcessItemId>
        <isRootProcess>false</isRootProcess>
        <processType>12</processType>
        <isErrorHandlerEnabled>false</isErrorHandlerEnabled>
        <errorHandlerItemId isNull="true" />
        <isLoggingVariables>false</isLoggingVariables>
        <isTransactional>false</isTransactional>
        <processTimingLevel isNull="true" />
        <participantRef isNull="true" />
        <exposedType>0</exposedType>
        <isTrackingEnabled>true</isTrackingEnabled>
        <xmlData isNull="true" />
        <cachingType>false</cachingType>
        <itemLabel isNull="true" />
        <cacheLength>0</cacheLength>
        <mobileReady>false</mobileReady>
        <sboSyncEnabled>true</sboSyncEnabled>
        <externalId isNull="true" />
        <isSecured>true</isSecured>
        <isAjaxExposed>true</isAjaxExposed>
        <isInvokedAsynchronously>false</isInvokedAsynchronously>
        <description isNull="true" />
        <guid>guid:b48a3e755e5d4d3d:296fcf8e:17960f71888:-7aef</guid>
        <versionId>df9b5fb3-4d33-4520-a8b8-9795fce0b604</versionId>
        <dependencySummary>&lt;dependencySummary id="bpdid:c2736037b9090250:6fc1aaea:179701260df:-7f87" /&gt;</dependencySummary>
        <jsonData>{"rootElement":[{"flowElement":[{"parallelMultiple":false,"outgoing":["2027.d487cce9-715a-4c22-8c42-625322e273bf"],"isInterrupting":false,"extensionElements":{"nodeVisualInfo":[{"color":"#F8F8F8","width":24,"x":25,"y":80,"declaredType":"TNodeVisualInfo","height":24}]},"name":"Start","declaredType":"startEvent","id":"dd136300-44a3-448a-8ba3-54044fc4c321"},{"incoming":["ac4306a4-b920-4e04-89b2-c17946a068ac"],"extensionElements":{"nodeVisualInfo":[{"color":"#F8F8F8","width":24,"x":650,"y":80,"declaredType":"TNodeVisualInfo","height":24}],"endStateId":["guid:b48a3e755e5d4d3d:296fcf8e:17960f71888:-7aed"],"saveExecutionContext":[true]},"name":"End","declaredType":"endEvent","id":"779de747-a2dc-4735-84fa-4d83b4b92805"},{"targetRef":"d5777cbd-cece-4b14-897a-ebe51708f661","extensionElements":{"linkVisualInfo":[{"sourcePortLocation":"rightCenter","showCoachControlLabel":false,"labelPosition":0.0,"targetPortLocation":"leftCenter","declaredType":"TLinkVisualInfo","saveExecutionContext":false,"showLabel":false}]},"name":"To Script Task","declaredType":"sequenceFlow","id":"2027.d487cce9-715a-4c22-8c42-625322e273bf","sourceRef":"dd136300-44a3-448a-8ba3-54044fc4c321"},{"startQuantity":1,"outgoing":["ac4306a4-b920-4e04-89b2-c17946a068ac"],"incoming":["2027.d487cce9-715a-4c22-8c42-625322e273bf"],"extensionElements":{"nodeVisualInfo":[{"width":95,"x":250,"y":57,"declaredType":"TNodeVisualInfo","height":70}]},"name":"Script Task","isForCompensation":false,"completionQuantity":1,"declaredType":"scriptTask","id":"d5777cbd-cece-4b14-897a-ebe51708f661","scriptFormat":"text\/x-javascript","script":{"content":["tw.local.results  = new tw.object.Record();\r\n\r\nvar t = tw.local.results;\r\n\r\nif(tw.system.currentProcessInstance != null) {\r\n    var osName = tw.system.currentProcessInstance.getRepositoryName(tw.local.data);\r\n    log.info(\"Case Server Name: \" + tw.local.data);\r\n    log.info(\"Object Store Name: \" + osName);\r\n    t.objectStoreName = osName;\r\n}"]}},{"targetRef":"779de747-a2dc-4735-84fa-4d83b4b92805","extensionElements":{"sequenceFlowImplementation":[{"fireValidation":"Never","sboSyncEnabled":true,"declaredType":"com.ibm.bpmsdk.model.bpmn20.ibmext.TSequenceFlowImplementation"}],"linkVisualInfo":[{"sourcePortLocation":"rightCenter","showCoachControlLabel":false,"labelPosition":0.0,"targetPortLocation":"leftCenter","declaredType":"TLinkVisualInfo","saveExecutionContext":true,"showLabel":false}]},"name":"To End","declaredType":"sequenceFlow","id":"ac4306a4-b920-4e04-89b2-c17946a068ac","sourceRef":"d5777cbd-cece-4b14-897a-ebe51708f661"}],"laneSet":[{"id":"7ddb7269-3edd-486f-8acc-d99355fb49c3","lane":[{"flowNodeRef":["dd136300-44a3-448a-8ba3-54044fc4c321","779de747-a2dc-4735-84fa-4d83b4b92805","d5777cbd-cece-4b14-897a-ebe51708f661"],"extensionElements":{"nodeVisualInfo":[{"color":"#F8F8F8","width":3000,"x":0,"y":0,"declaredType":"TNodeVisualInfo","height":500}]},"name":"System","partitionElementRef":"24.6fd38d02-81cf-48ab-bd42-8ff4c0a1628b","declaredType":"lane","id":"722c615a-130d-4069-818a-afc1dc9c149c","otherAttributes":{"{http:\/\/www.ibm.com\/xmlns\/prod\/bpm\/bpmn\/ext\/process\/wle}isSystemLane":"true"}}]}],"isClosed":false,"extensionElements":{"isSecured":[true],"isAjaxExposed":[true],"sboSyncEnabled":[true]},"documentation":[{"textFormat":"text\/plain"}],"name":"Get Repository Name Service","declaredType":"process","id":"1.91f23606-61c3-43d7-a664-8f423244449e","processType":"None","otherAttributes":{"{http:\/\/www.ibm.com\/xmlns\/prod\/bpm\/bpmn\/ext\/process}executionMode":"microflow"},"ioSpecification":{"dataOutput":[{"itemSubjectRef":"itm.12.c09c9b6e-aabd-4897-bef2-ed61db106297","name":"results","isCollection":false,"id":"2055.8220d6b1-04c7-4a1d-8afb-75383517bc56"},{"itemSubjectRef":"itm.12.5551644c-3dc6-4161-a939-4e7f27f8ce45","name":"error","isCollection":false,"id":"2055.9a345ce2-008f-4152-8b43-3ce3a94ed285"}],"inputSet":[{"dataInputRefs":["2055.dff5d4b4-24f3-4391-881c-bc068bbd54ae"]}],"outputSet":[{"dataOutputRefs":["2055.8220d6b1-04c7-4a1d-8afb-75383517bc56","2055.9a345ce2-008f-4152-8b43-3ce3a94ed285"]}],"dataInput":[{"itemSubjectRef":"itm.12.c09c9b6e-aabd-4897-bef2-ed61db106297","name":"data","isCollection":false,"id":"2055.dff5d4b4-24f3-4391-881c-bc068bbd54ae"}]}}],"targetNamespace":"","typeLanguage":"http:\/\/www.w3.org\/2001\/XMLSchema","expressionLanguage":"http:\/\/www.ibm.com\/xmlns\/prod\/bpm\/expression-lang\/javascript"}</jsonData>
        <field1 isNull="true" />
        <field2 isNull="true" />
        <field3>0</field3>
        <field4 isNull="true" />
        <field5>false</field5>
        <clobField1 isNull="true" />
        <blobField1 isNull="true" />
        <processParameter name="data">
            <lastModified isNull="true" />
            <lastModifiedBy isNull="true" />
            <tenantId isNull="true" />
            <processParameterId>2055.dff5d4b4-24f3-4391-881c-bc068bbd54ae</processParameterId>
            <processId>1.91f23606-61c3-43d7-a664-8f423244449e</processId>
            <parameterType>1</parameterType>
            <isArrayOf>false</isArrayOf>
            <classId>56f01b11-2631-47ae-acdd-75a5c2d4e9d2/12.c09c9b6e-aabd-4897-bef2-ed61db106297</classId>
            <seq>1</seq>
            <hasDefault>false</hasDefault>
            <defaultValue isNull="true" />
            <isLocked>false</isLocked>
            <description isNull="true" />
            <guid>eb17e923-ff50-480d-a38e-e9bfb7dbd53f</guid>
            <versionId>835933b2-7bd9-457d-9896-8e2fc83e5a0f</versionId>
        </processParameter>
        <processParameter name="results">
            <lastModified isNull="true" />
            <lastModifiedBy isNull="true" />
            <tenantId isNull="true" />
            <processParameterId>2055.8220d6b1-04c7-4a1d-8afb-75383517bc56</processParameterId>
            <processId>1.91f23606-61c3-43d7-a664-8f423244449e</processId>
            <parameterType>2</parameterType>
            <isArrayOf>false</isArrayOf>
            <classId>56f01b11-2631-47ae-acdd-75a5c2d4e9d2/12.c09c9b6e-aabd-4897-bef2-ed61db106297</classId>
            <seq>2</seq>
            <hasDefault>false</hasDefault>
            <defaultValue isNull="true" />
            <isLocked>false</isLocked>
            <description isNull="true" />
            <guid>0328a71e-0562-429d-8e4e-1da3d7543d4a</guid>
            <versionId>d0a47b19-1c46-416f-8e91-507fb7c3d675</versionId>
        </processParameter>
        <processParameter name="error">
            <lastModified isNull="true" />
            <lastModifiedBy isNull="true" />
            <tenantId isNull="true" />
            <processParameterId>2055.9a345ce2-008f-4152-8b43-3ce3a94ed285</processParameterId>
            <processId>1.91f23606-61c3-43d7-a664-8f423244449e</processId>
            <parameterType>2</parameterType>
            <isArrayOf>false</isArrayOf>
            <classId>d7d6f0f8-7a7b-4bea-87e7-3bb66a2ad3a3/12.5551644c-3dc6-4161-a939-4e7f27f8ce45</classId>
            <seq>3</seq>
            <hasDefault>false</hasDefault>
            <defaultValue isNull="true" />
            <isLocked>false</isLocked>
            <description isNull="true" />
            <guid>d2378163-a9be-4ea5-9038-0e15f772a0b4</guid>
            <versionId>fc021f0c-e5f3-4f66-9c8e-7a8c31fedab5</versionId>
        </processParameter>
        <item>
            <lastModified isNull="true" />
            <lastModifiedBy isNull="true" />
            <tenantId isNull="true" />
            <processItemId>2025.d5777cbd-cece-4b14-897a-ebe51708f661</processItemId>
            <processId>1.91f23606-61c3-43d7-a664-8f423244449e</processId>
            <name>Script Task</name>
            <tWComponentName>Script</tWComponentName>
            <tWComponentId>3011.1ddd10ca-21ac-40e8-9aef-0e98bffc5494</tWComponentId>
            <isLogEnabled>false</isLogEnabled>
            <isTraceEnabled>false</isTraceEnabled>
            <traceCategory isNull="true" />
            <traceLevel isNull="true" />
            <traceMessage isNull="true" />
            <traceSymbolTable isNull="true" />
            <isExecutionContextTraced>false</isExecutionContextTraced>
            <saveExecutionContext>false</saveExecutionContext>
            <documentation isNull="true" />
            <isErrorHandlerEnabled>false</isErrorHandlerEnabled>
            <errorHandlerItemId isNull="true" />
            <guid>guid:b48a3e755e5d4d3d:296fcf8e:17960f71888:-7aa2</guid>
            <versionId>30ba4c17-6276-4984-bcfb-9daf07859545</versionId>
            <externalServiceRef isNull="true" />
            <externalServiceOp isNull="true" />
            <nodeColor isNull="true" />
            <layoutData x="250" y="57">
                <errorLink>
                    <controlPoints />
                    <showEndState>false</showEndState>
                    <showName>false</showName>
                </errorLink>
            </layoutData>
            <TWComponent>
                <lastModified isNull="true" />
                <lastModifiedBy isNull="true" />
                <tenantId isNull="true" />
                <scriptId>3011.1ddd10ca-21ac-40e8-9aef-0e98bffc5494</scriptId>
                <scriptTypeId>2</scriptTypeId>
                <isActive>true</isActive>
                <script>tw.local.results  = new tw.object.Record();&#xD;
&#xD;
var t = tw.local.results;&#xD;
&#xD;
if(tw.system.currentProcessInstance != null) {&#xD;
    var osName = tw.system.currentProcessInstance.getRepositoryName(tw.local.data);&#xD;
    log.info("Case Server Name: " + tw.local.data);&#xD;
    log.info("Object Store Name: " + osName);&#xD;
    t.objectStoreName = osName;&#xD;
}</script>
                <isRule>false</isRule>
                <guid>5abfb8c2-ea62-4e1a-b944-7cc813f39af7</guid>
                <versionId>ea69aa3a-ef49-45ef-accf-ceea4216d6b5</versionId>
            </TWComponent>
        </item>
        <item>
            <lastModified isNull="true" />
            <lastModifiedBy isNull="true" />
            <tenantId isNull="true" />
            <processItemId>2025.779de747-a2dc-4735-84fa-4d83b4b92805</processItemId>
            <processId>1.91f23606-61c3-43d7-a664-8f423244449e</processId>
            <name>End</name>
            <tWComponentName>ExitPoint</tWComponentName>
            <tWComponentId>3008.2a041b14-6099-4850-b221-74adade2c803</tWComponentId>
            <isLogEnabled>false</isLogEnabled>
            <isTraceEnabled>false</isTraceEnabled>
            <traceCategory isNull="true" />
            <traceLevel isNull="true" />
            <traceMessage isNull="true" />
            <traceSymbolTable isNull="true" />
            <isExecutionContextTraced>false</isExecutionContextTraced>
            <saveExecutionContext>true</saveExecutionContext>
            <documentation isNull="true" />
            <isErrorHandlerEnabled>false</isErrorHandlerEnabled>
            <errorHandlerItemId isNull="true" />
            <guid>guid:b48a3e755e5d4d3d:296fcf8e:17960f71888:-7aed</guid>
            <versionId>d0079b79-271f-4c9f-bf03-3790b3fd4cf4</versionId>
            <externalServiceRef isNull="true" />
            <externalServiceOp isNull="true" />
            <nodeColor isNull="true" />
            <layoutData x="650" y="80">
                <errorLink>
                    <controlPoints />
                    <showEndState>false</showEndState>
                    <showName>false</showName>
                </errorLink>
            </layoutData>
            <TWComponent>
                <lastModified isNull="true" />
                <lastModifiedBy isNull="true" />
                <tenantId isNull="true" />
                <exitPointId>3008.2a041b14-6099-4850-b221-74adade2c803</exitPointId>
                <haltProcess>false</haltProcess>
                <guid>cd830121-d3ce-45f6-a3d0-6edd5b2a4ecf</guid>
                <versionId>e3c66b43-f05b-48bd-a5cf-4e915e671454</versionId>
            </TWComponent>
        </item>
        <startingProcessItemId>2025.d5777cbd-cece-4b14-897a-ebe51708f661</startingProcessItemId>
        <errorHandlerItemId isNull="true" />
        <layoutData noConversion="true">
            <errorLink>
                <controlPoints />
                <showEndState>false</showEndState>
                <showName>false</showName>
            </errorLink>
        </layoutData>
        <startPoint>
            <layoutData x="25" y="80">
                <errorLink>
                    <controlPoints />
                    <showEndState>false</showEndState>
                    <showName>false</showName>
                </errorLink>
            </layoutData>
        </startPoint>
        <startLink>
            <fromPort locationId="rightCenter" portType="1" />
            <toPort locationId="leftCenter" portType="2" />
            <layoutData>
                <controlPoints />
                <showEndState>false</showEndState>
                <showName>false</showName>
            </layoutData>
        </startLink>
        <bpmn2Model>
            <ns16:definitions xmlns:ns16="http://www.omg.org/spec/BPMN/20100524/MODEL" xmlns:ns2="http://www.ibm.com/xmlns/prod/bpm/bpmn/ext/process" xmlns:ns3="http://www.ibm.com/xmlns/prod/bpm/bpmn/ext/process/wle" xmlns:ns4="http://www.ibm.com/xmlns/prod/bpm/bpmn/ext/process/case" xmlns:ns5="http://www.ibm.com/bpm/Extensions" xmlns:ns6="http://www.ibm.com/xmlns/prod/bpm/uca" xmlns:ns7="http://www.ibm.com/xmlns/prod/bpm/bpmn/ext/trackinggroup" xmlns:ns8="http://www.ibm.com/xmlns/prod/bpm/bpmn/ext/team" xmlns:ns9="http://www.ibm.com/xmlns/bpmnx/20100524/v1/BusinessVocabulary" xmlns:ns10="http://www.omg.org/spec/DD/20100524/DI" xmlns:ns11="http://www.omg.org/spec/DD/20100524/DC" xmlns:ns12="http://www.omg.org/spec/BPMN/20100524/BPMNDI" xmlns:ns13="http://www.ibm.com/xmlns/prod/bpm/graph" xmlns:ns14="http://www.ibm.com/xmlns/prod/bpm/bpmn/ext/process/auth" xmlns:ns15="http://www.ibm.com/xmlns/prod/bpm/bpmn/ext/extservice" xmlns:ns17="http://www.ibm.com/bpm/processappsettings" xmlns:ns18="http://www.ibm.com/xmlns/links" xmlns:ns19="http://www.ibm.com/bpm/CoachDesignerNG" xmlns:ns20="http://www.ibm.com/xmlns/tagging" xmlns:ns21="http://www.ibm.com/bpm/uitheme" xmlns:ns22="http://www.ibm.com/bpm/coachview" targetNamespace="" expressionLanguage="http://www.ibm.com/xmlns/prod/bpm/expression-lang/javascript" typeLanguage="http://www.w3.org/2001/XMLSchema">
                
                
                <ns16:process name="Get Repository Name Service" id="1.91f23606-61c3-43d7-a664-8f423244449e" ns2:executionMode="microflow">
                    
                    
                    <ns16:documentation textFormat="text/plain" />
                    
                    
                    <ns16:extensionElements>
                        
                        
                        <ns2:isSecured>true</ns2:isSecured>
                        
                        
                        <ns2:isAjaxExposed>true</ns2:isAjaxExposed>
                        
                        
                        <ns2:sboSyncEnabled>true</ns2:sboSyncEnabled>
                        
                    
                    </ns16:extensionElements>
                    
                    
                    <ns16:ioSpecification>
                        
                        
                        <ns16:dataInput name="data" itemSubjectRef="itm.12.c09c9b6e-aabd-4897-bef2-ed61db106297" isCollection="false" id="2055.dff5d4b4-24f3-4391-881c-bc068bbd54ae" />
                        
                        
                        <ns16:dataOutput name="results" itemSubjectRef="itm.12.c09c9b6e-aabd-4897-bef2-ed61db106297" isCollection="false" id="2055.8220d6b1-04c7-4a1d-8afb-75383517bc56" />
                        
                        
                        <ns16:dataOutput name="error" itemSubjectRef="itm.12.5551644c-3dc6-4161-a939-4e7f27f8ce45" isCollection="false" id="2055.9a345ce2-008f-4152-8b43-3ce3a94ed285" />
                        
                        
                        <ns16:inputSet>
                            
                            
                            <ns16:dataInputRefs>2055.dff5d4b4-24f3-4391-881c-bc068bbd54ae</ns16:dataInputRefs>
                            
                        
                        </ns16:inputSet>
                        
                        
                        <ns16:outputSet>
                            
                            
                            <ns16:dataOutputRefs>2055.8220d6b1-04c7-4a1d-8afb-75383517bc56</ns16:dataOutputRefs>
                            
                            
                            <ns16:dataOutputRefs>2055.9a345ce2-008f-4152-8b43-3ce3a94ed285</ns16:dataOutputRefs>
                            
                        
                        </ns16:outputSet>
                        
                    
                    </ns16:ioSpecification>
                    
                    
                    <ns16:laneSet id="7ddb7269-3edd-486f-8acc-d99355fb49c3">
                        
                        
                        <ns16:lane name="System" partitionElementRef="24.6fd38d02-81cf-48ab-bd42-8ff4c0a1628b" id="722c615a-130d-4069-818a-afc1dc9c149c" ns3:isSystemLane="true">
                            
                            
                            <ns16:extensionElements>
                                
                                
                                <ns13:nodeVisualInfo x="0" y="0" width="3000" height="500" color="#F8F8F8" />
                                
                            
                            </ns16:extensionElements>
                            
                            
                            <ns16:flowNodeRef>dd136300-44a3-448a-8ba3-54044fc4c321</ns16:flowNodeRef>
                            
                            
                            <ns16:flowNodeRef>779de747-a2dc-4735-84fa-4d83b4b92805</ns16:flowNodeRef>
                            
                            
                            <ns16:flowNodeRef>d5777cbd-cece-4b14-897a-ebe51708f661</ns16:flowNodeRef>
                            
                        
                        </ns16:lane>
                        
                    
                    </ns16:laneSet>
                    
                    
                    <ns16:startEvent isInterrupting="false" parallelMultiple="false" name="Start" id="dd136300-44a3-448a-8ba3-54044fc4c321">
                        
                        
                        <ns16:extensionElements>
                            
                            
                            <ns13:nodeVisualInfo x="25" y="80" width="24" height="24" color="#F8F8F8" />
                            
                        
                        </ns16:extensionElements>
                        
                        
                        <ns16:outgoing>2027.d487cce9-715a-4c22-8c42-625322e273bf</ns16:outgoing>
                        
                    
                    </ns16:startEvent>
                    
                    
                    <ns16:endEvent name="End" id="779de747-a2dc-4735-84fa-4d83b4b92805">
                        
                        
                        <ns16:extensionElements>
                            
                            
                            <ns13:nodeVisualInfo x="650" y="80" width="24" height="24" color="#F8F8F8" />
                            
                            
                            <ns3:saveExecutionContext>true</ns3:saveExecutionContext>
                            
                            
                            <ns2:endStateId>guid:b48a3e755e5d4d3d:296fcf8e:17960f71888:-7aed</ns2:endStateId>
                            
                        
                        </ns16:extensionElements>
                        
                        
                        <ns16:incoming>ac4306a4-b920-4e04-89b2-c17946a068ac</ns16:incoming>
                        
                    
                    </ns16:endEvent>
                    
                    
                    <ns16:sequenceFlow sourceRef="dd136300-44a3-448a-8ba3-54044fc4c321" targetRef="d5777cbd-cece-4b14-897a-ebe51708f661" name="To Script Task" id="2027.d487cce9-715a-4c22-8c42-625322e273bf">
                        
                        
                        <ns16:extensionElements>
                            
                            
                            <ns13:linkVisualInfo>
                                
                                
                                <ns13:sourcePortLocation>rightCenter</ns13:sourcePortLocation>
                                
                                
                                <ns13:targetPortLocation>leftCenter</ns13:targetPortLocation>
                                
                                
                                <ns13:showLabel>false</ns13:showLabel>
                                
                                
                                <ns13:showCoachControlLabel>false</ns13:showCoachControlLabel>
                                
                                
                                <ns13:labelPosition>0.0</ns13:labelPosition>
                                
                                
                                <ns13:saveExecutionContext>false</ns13:saveExecutionContext>
                                
                            
                            </ns13:linkVisualInfo>
                            
                        
                        </ns16:extensionElements>
                        
                    
                    </ns16:sequenceFlow>
                    
                    
                    <ns16:scriptTask scriptFormat="text/x-javascript" name="Script Task" id="d5777cbd-cece-4b14-897a-ebe51708f661">
                        
                        
                        <ns16:extensionElements>
                            
                            
                            <ns13:nodeVisualInfo x="250" y="57" width="95" height="70" />
                            
                        
                        </ns16:extensionElements>
                        
                        
                        <ns16:incoming>2027.d487cce9-715a-4c22-8c42-625322e273bf</ns16:incoming>
                        
                        
                        <ns16:outgoing>ac4306a4-b920-4e04-89b2-c17946a068ac</ns16:outgoing>
                        
                        
                        <ns16:script>tw.local.results  = new tw.object.Record();&#xD;
&#xD;
var t = tw.local.results;&#xD;
&#xD;
if(tw.system.currentProcessInstance != null) {&#xD;
    var osName = tw.system.currentProcessInstance.getRepositoryName(tw.local.data);&#xD;
    log.info("Case Server Name: " + tw.local.data);&#xD;
    log.info("Object Store Name: " + osName);&#xD;
    t.objectStoreName = osName;&#xD;
}</ns16:script>
                        
                    
                    </ns16:scriptTask>
                    
                    
                    <ns16:sequenceFlow sourceRef="d5777cbd-cece-4b14-897a-ebe51708f661" targetRef="779de747-a2dc-4735-84fa-4d83b4b92805" name="To End" id="ac4306a4-b920-4e04-89b2-c17946a068ac">
                        
                        
                        <ns16:extensionElements>
                            
                            
                            <ns2:sequenceFlowImplementation sboSyncEnabled="true" />
                            
                            
                            <ns13:linkVisualInfo>
                                
                                
                                <ns13:sourcePortLocation>rightCenter</ns13:sourcePortLocation>
                                
                                
                                <ns13:targetPortLocation>leftCenter</ns13:targetPortLocation>
                                
                                
                                <ns13:showLabel>false</ns13:showLabel>
                                
                                
                                <ns13:showCoachControlLabel>false</ns13:showCoachControlLabel>
                                
                                
                                <ns13:labelPosition>0.0</ns13:labelPosition>
                                
                                
                                <ns13:saveExecutionContext>true</ns13:saveExecutionContext>
                                
                            
                            </ns13:linkVisualInfo>
                            
                        
                        </ns16:extensionElements>
                        
                    
                    </ns16:sequenceFlow>
                    
                
                </ns16:process>
                
            
            </ns16:definitions>
        </bpmn2Model>
        <link name="To End">
            <lastModified isNull="true" />
            <lastModifiedBy isNull="true" />
            <tenantId isNull="true" />
            <processLinkId>2027.ac4306a4-b920-4e04-89b2-c17946a068ac</processLinkId>
            <processId>1.91f23606-61c3-43d7-a664-8f423244449e</processId>
            <description isNull="true" />
            <fromProcessItemId>2025.d5777cbd-cece-4b14-897a-ebe51708f661</fromProcessItemId>
            <endStateId>Out</endStateId>
            <toProcessItemId>2025.779de747-a2dc-4735-84fa-4d83b4b92805</toProcessItemId>
            <guid>29f2e4c3-8975-45fe-81f5-3c195e6b1ce4</guid>
            <versionId>c7fe9e64-56a0-42c8-b340-3b446f8ec8d2</versionId>
            <layoutData>
                <controlPoints />
                <showEndState>false</showEndState>
                <showName>false</showName>
            </layoutData>
            <fromItemPort locationId="rightCenter" portType="1" />
            <toItemPort locationId="leftCenter" portType="2" />
            <fromProcessItemId>2025.d5777cbd-cece-4b14-897a-ebe51708f661</fromProcessItemId>
            <toProcessItemId>2025.779de747-a2dc-4735-84fa-4d83b4b92805</toProcessItemId>
        </link>
    </process>
</teamworks>

