<?xml version="1.0" encoding="UTF-8"?>
<teamworks>
    <process id="1.ad523495-52db-4aae-b109-ab2c9662682f" name="Create Case Service">
        <lastModified>1669788399220</lastModified>
        <lastModifiedBy>tw_admin</lastModifiedBy>
        <tenantId isNull="true" />
        <processId>1.ad523495-52db-4aae-b109-ab2c9662682f</processId>
        <image isNull="true" />
        <tabGroup isNull="true" />
        <startingProcessItemId>2025.10c41398-87ef-45b1-866e-4c828e1bdbbf</startingProcessItemId>
        <isRootProcess>false</isRootProcess>
        <processType>12</processType>
        <isErrorHandlerEnabled>false</isErrorHandlerEnabled>
        <errorHandlerItemId isNull="true" />
        <isLoggingVariables>false</isLoggingVariables>
        <isTransactional>false</isTransactional>
        <processTimingLevel isNull="true" />
        <participantRef isNull="true" />
        <exposedType>0</exposedType>
        <isTrackingEnabled>true</isTrackingEnabled>
        <xmlData isNull="true" />
        <cachingType>false</cachingType>
        <itemLabel isNull="true" />
        <cacheLength>0</cacheLength>
        <mobileReady>false</mobileReady>
        <sboSyncEnabled>true</sboSyncEnabled>
        <externalId isNull="true" />
        <isSecured>true</isSecured>
        <isAjaxExposed>true</isAjaxExposed>
        <isInvokedAsynchronously>false</isInvokedAsynchronously>
        <description isNull="true" />
        <guid>guid:bb8f5ed4bfdb6941:2dda2fa6:17c6d326f6f:-63cd</guid>
        <versionId>09137345-2939-4417-9ff5-291a872a0999</versionId>
        <dependencySummary>&lt;dependencySummary id="bpdid:5e2c988f66e9311c:665d3a05:184ae8a3aa7:-13f5" /&gt;</dependencySummary>
        <jsonData>{"rootElement":[{"flowElement":[{"parallelMultiple":false,"outgoing":["2027.d9575133-e483-4251-88ec-edaa1aea722d"],"isInterrupting":false,"extensionElements":{"nodeVisualInfo":[{"color":"#F8F8F8","width":24,"x":25,"y":80,"declaredType":"TNodeVisualInfo","height":24}]},"name":"Start","declaredType":"startEvent","id":"52be65ad-6102-466f-823b-55438bdbb6f1"},{"incoming":["5e4be20c-0003-4da0-882e-5c0c8c470da8"],"extensionElements":{"nodeVisualInfo":[{"color":"#F8F8F8","width":24,"x":650,"y":80,"declaredType":"TNodeVisualInfo","height":24}],"endStateId":["guid:bb8f5ed4bfdb6941:2dda2fa6:17c6d326f6f:-63cb"],"saveExecutionContext":[true]},"name":"End","declaredType":"endEvent","id":"5ebff28e-0d21-47b0-8589-7c0c15304e9b"},{"targetRef":"10c41398-87ef-45b1-866e-4c828e1bdbbf","extensionElements":{"linkVisualInfo":[{"sourcePortLocation":"rightCenter","showCoachControlLabel":false,"labelPosition":0.0,"targetPortLocation":"leftCenter","declaredType":"TLinkVisualInfo","saveExecutionContext":false,"showLabel":false}]},"name":"To Create Case","declaredType":"sequenceFlow","id":"2027.d9575133-e483-4251-88ec-edaa1aea722d","sourceRef":"52be65ad-6102-466f-823b-55438bdbb6f1"},{"startQuantity":1,"outgoing":["5e4be20c-0003-4da0-882e-5c0c8c470da8"],"incoming":["2027.d9575133-e483-4251-88ec-edaa1aea722d"],"extensionElements":{"nodeVisualInfo":[{"width":95,"x":272,"y":57,"declaredType":"TNodeVisualInfo","height":70}]},"name":"Create Case","isForCompensation":false,"completionQuantity":1,"declaredType":"scriptTask","id":"10c41398-87ef-45b1-866e-4c828e1bdbbf","scriptFormat":"text\/x-javascript","script":{"content":["tw.local.result  = new tw.object.CaseObject();\r\nvar t = tw.local.result;\r\n\r\nvar newCaseProperties = new tw.object.Record();\r\n\r\nvar propname = \"JSON_PROPS\";\r\nvar propvalue = tw.local.jsonProps;\r\n\r\nnewCaseProperties.setPropertyValue(propname, propvalue);\r\n\r\nvar caseclientURI = tw.local.caseClientURI;\r\nif(caseclientURI != undefined || caseclientURI != null) {\r\n    var paramString = caseclientURI.split('?')[1];\r\n    if(paramString != null) {\r\n    \tvar params_arr = paramString.split('&amp;');\r\n    \tif(params_arr != null) {\r\n    \t\tfor (var i = 0; i &lt; params_arr.length; i++) {\r\n        \t\tvar pair = params_arr[i].split('=');\r\n        \t\tif(pair[0] == \"snapshotID\") {\r\n            \t\tnewCaseProperties.setPropertyValue(\"CmAcmSnapshotId\", pair[1]);\r\n        \t\t}\r\n        \t\telse if(pair[0] == \"snapshotName\") {\r\n            \t\tnewCaseProperties.setPropertyValue(\"CmAcmSnapshotName\", pair[1]);\r\n        \t\t}\r\n     \t\t}\r\n    \t}            \t    \r\n    }    \r\n}\r\n\r\ntry{\r\n    var newCaseID = tw.system.createCase(tw.local.caseType, tw.local.tosName, newCaseProperties);\r\n    var casetypeConfigStr = tw.system.getCaseConfiguration(newCaseID, tw.local.tosName);\r\n    log.info(\"Config \" + casetypeConfigStr);\r\n    \r\n    var casetypeConfig = JSON.parse(casetypeConfigStr);\r\n    \r\n    t.caseId = newCaseID.substring(1,newCaseID.length-1);\r\n    t.caseTypeName = tw.local.caseType;\r\n    t.tosName = tw.local.tosName;\r\n    t.isAutoLaunch = casetypeConfig.autoLaunch;\r\n    if(caseclientURI != undefined || caseclientURI != null) {\r\n    \tt.caseClientURI = caseclientURI;\r\n    }\r\n    else {\r\n    \tt.caseClientURI = casetypeConfig.caseClientURI;\r\n    }\r\n    \r\n    t.caseTitleProperty = casetypeConfig.caseTitleProperty;\r\n    t.modifiedDate = casetypeConfig.modifiedDate;\r\n    t.caseState = casetypeConfig.caseState;\r\n    t.healthIndicator = casetypeConfig.healthIndicator;\r\n    t.icnRepoId = casetypeConfig.icnRepoId;\r\n    t.isPropertiesDirty = casetypeConfig.isPropertiesDirty;\r\n    t.caseTypeSymbolicName = casetypeConfig.caseTypeSymbolicName;\r\n    \r\n    if(casetypeConfig.autoLaunch == true) { \/\/ Open case after case creation\r\n        if(tw.local.caseClientTabID != null) { \/\/ Executing in the context of Navigator\r\n            \/\/ Case Details Configured to CSHS\r\n            \/\/ Case Details Configured to Navigator\r\n            var data = {\r\n\t\t\tname: \"AddCase\",        \t\t\t\t\t\t\r\n\t\t\tcaseAction: \"openNewAddCase\",\r\n\t\t\tcaseId: t.caseId,\r\n\t\t\tcaseClientTabID: tw.local.caseClientTabID\r\n\t\t};\r\n\t\tt.messageString = JSON.stringify(data);\r\n        }\r\n        else { \/\/ Executing in the context of Workplace  \r\n            \/\/ Case Details Configured to CSHS\r\n        \tvar relativeServletURI = \"casedetails?TargetObjectStore=\"+tw.local.tosName+\"&amp;caseId=\"+t.caseId;\r\n        \tvar data = {\r\n\t\t\tname: \"showURL\",\r\n\t\t\tdisplayName: casetypeConfig.CaseIdentifier,\r\n\t\t\trunURL: relativeServletURI,\r\n\t\t\treplaceExistingWindow: false,\r\n\t\t\tclearBreadcrumb: true,\r\n\t\t\tsystemID: casetypeConfig.CASESystemID\r\n\t\t};\r\n\t\t\r\n        \tt.messageString = JSON.stringify(data);\r\n\t\t\r\n\t\t\/\/ Case Details Configured to Navigator\r\n\t\tvar caseDetailsLaunchURL = casetypeConfig.MashupServerURI + \"&amp;feature=Cases&amp;tos=\" + tw.local.tosName;\r\n\t\tcaseDetailsLaunchURL = caseDetailsLaunchURL + \"&amp;solution=\" + casetypeConfig.SolutionPrefix + \"&amp;caseGUID=\" + t.caseId;\r\n\t\t\/\/var w=window.open(caseDetailsLaunchURL, 'CaseDetailsWindow');\r\n        }\r\n    }\r\n    else { \/\/ Do not open case after case creation\r\n        if(tw.local.caseClientTabID != null) { \/\/ Executing in the context of Navigator\r\n            var data = {\r\n\t\t\tname: \"AddCase\",        \t\t\t\t\t\t\r\n\t\t\tcaseAction: \"addCaseCompleted\",\r\n\t\t\tcaseId: t.caseId,\r\n\t\t\tcaseClientTabID: tw.local.caseClientTabID\r\n\t\t};\r\n\t\t\r\n        \tt.messageString = JSON.stringify(data);\r\n        }\r\n        else { \/\/ Executing in the context of Workplace\r\n        }\r\n    }\r\n}\r\ncatch (e) {\r\n\tlog.error(\"Caught an exception: \" + e.message);\r\n\tvar props = null;\r\n\t\r\n\tvar messages = e.message.split(\". \");\n\tvar json_propvalue = JSON.parse(propvalue);\n\tvar items = json_propvalue.items;\r\n\tif(items != undefined) {\r\n\t    if(items.items != null) {\r\n\t        log.info(\"Items: items.items\" );\r\n\t        props = items.items;\r\n\t    }\r\n\t    else {\r\n\t        log.info(\"Items: items\" );\r\n\t        props = items;\r\n\t    }\r\n\t    for(var i = 0;i &lt; props.length;i++) {\r\n\t        var prop = props[i];\r\n\t        var symname = prop.SymbolicName;\r\n\t        var displayName = prop.DisplayName;\r\n\t        log.info(\"Values: \" + symname + \" : \" + displayName);\r\n\t        if(messages[2].indexOf(symname) != -1) {\r\n\t            messages[2] = messages[2].substring(0,messages[2].indexOf(symname))\r\n                \t\t\t\t\t+ \"\\\"\" + displayName + \"\\\" \"\r\n                \t\t\t\t\t+ messages[2].substring(messages[2].indexOf(symname) + symname.length + 1);\r\n                  break;\r\n\t        }   \r\n\t    }\r\n\t}\r\n\t\r\n\tvar error = messages[1].substring(messages[1].indexOf('\\'') +1) \r\n\t\t\t\t+ \". \" \r\n\t\t\t\t+ messages[2].substring(0,messages[2].indexOf('\\''));\r\n\t\r\n      t.errorString = error;\r\n      if(caseclientURI != undefined || caseclientURI != null) {\r\n    \t\tt.caseClientURI = caseclientURI;\r\n    \t}\r\n}"]}},{"targetRef":"5ebff28e-0d21-47b0-8589-7c0c15304e9b","extensionElements":{"sequenceFlowImplementation":[{"fireValidation":"Never","sboSyncEnabled":true,"declaredType":"com.ibm.bpmsdk.model.bpmn20.ibmext.TSequenceFlowImplementation"}],"linkVisualInfo":[{"sourcePortLocation":"rightCenter","showCoachControlLabel":false,"labelPosition":0.0,"targetPortLocation":"leftCenter","declaredType":"TLinkVisualInfo","saveExecutionContext":true,"showLabel":false}]},"name":"To End","declaredType":"sequenceFlow","id":"5e4be20c-0003-4da0-882e-5c0c8c470da8","sourceRef":"10c41398-87ef-45b1-866e-4c828e1bdbbf"},{"parallelMultiple":false,"outgoing":["689eb86c-edcb-4b4a-858f-68e1a2df2d75"],"dataOutput":[{"itemSubjectRef":"itm.19e8dc33-1100-46be-89a6-36c9040f7b3e","name":"error","isCollection":false,"id":"5494b433-5758-4b8c-8b05-3b445e159744"}],"eventDefinition":[{"extensionElements":{"errorEventSettings":[{"catchAll":true,"declaredType":"com.ibm.bpmsdk.model.bpmn20.ibmwleext.TErrorEventSettings"}]},"declaredType":"errorEventDefinition","id":"135c39e0-514d-4a08-86a8-d1098145b02d","otherAttributes":{"eventImplId":"ed24eb55-a100-459a-84d3-f05103e6d78c"}}],"attachedToRef":"10c41398-87ef-45b1-866e-4c828e1bdbbf","extensionElements":{"nodeVisualInfo":[{"width":24,"x":307,"y":115,"declaredType":"TNodeVisualInfo","height":24}]},"cancelActivity":true,"name":"Error","declaredType":"boundaryEvent","id":"cb75a758-c939-4803-88d1-a915c5ee8f08","outputSet":{}},{"incoming":["689eb86c-edcb-4b4a-858f-68e1a2df2d75"],"eventDefinition":[{"extensionElements":{"errorEventSettings":[{"catchAll":true,"errorCode":"","declaredType":"com.ibm.bpmsdk.model.bpmn20.ibmwleext.TErrorEventSettings"}]},"declaredType":"errorEventDefinition","id":"e1e83e7b-b0fa-4105-8059-0042a2784ac5","otherAttributes":{"eventImplId":"6f5af97a-fade-466f-8408-c6c3f7c9c1f2"}}],"extensionElements":{"nodeVisualInfo":[{"width":24,"x":630,"y":155,"declaredType":"TNodeVisualInfo","height":24}]},"name":"Throw Error","declaredType":"endEvent","id":"711630e5-3bbb-4d7a-80a9-cbb4e6040e9a"},{"targetRef":"711630e5-3bbb-4d7a-80a9-cbb4e6040e9a","extensionElements":{"sequenceFlowImplementation":[{"fireValidation":"Never","sboSyncEnabled":true,"declaredType":"com.ibm.bpmsdk.model.bpmn20.ibmext.TSequenceFlowImplementation"}],"linkVisualInfo":[{"sourcePortLocation":"bottomCenter","showCoachControlLabel":false,"labelPosition":0.0,"targetPortLocation":"leftCenter","declaredType":"TLinkVisualInfo","saveExecutionContext":true,"showLabel":false}]},"name":"To Throw Error","declaredType":"sequenceFlow","id":"689eb86c-edcb-4b4a-858f-68e1a2df2d75","sourceRef":"cb75a758-c939-4803-88d1-a915c5ee8f08"}],"laneSet":[{"id":"1907b9f0-12cc-486b-8332-187163419685","lane":[{"flowNodeRef":["52be65ad-6102-466f-823b-55438bdbb6f1","5ebff28e-0d21-47b0-8589-7c0c15304e9b","10c41398-87ef-45b1-866e-4c828e1bdbbf","cb75a758-c939-4803-88d1-a915c5ee8f08","711630e5-3bbb-4d7a-80a9-cbb4e6040e9a"],"extensionElements":{"nodeVisualInfo":[{"color":"#F8F8F8","width":3000,"x":0,"y":0,"declaredType":"TNodeVisualInfo","height":500}]},"name":"System","partitionElementRef":"24.6fd38d02-81cf-48ab-bd42-8ff4c0a1628b","declaredType":"lane","id":"d0f7db01-826e-4e63-805d-15a50413140c","otherAttributes":{"{http:\/\/www.ibm.com\/xmlns\/prod\/bpm\/bpmn\/ext\/process\/wle}isSystemLane":"true"}}]}],"isClosed":false,"extensionElements":{"isSecured":[true],"isAjaxExposed":[true],"sboSyncEnabled":[true]},"documentation":[{"textFormat":"text\/plain"}],"name":"Create Case Service","declaredType":"process","id":"1.ad523495-52db-4aae-b109-ab2c9662682f","processType":"None","otherAttributes":{"{http:\/\/www.ibm.com\/xmlns\/prod\/bpm\/bpmn\/ext\/process}executionMode":"microflow"},"ioSpecification":{"dataOutput":[{"itemSubjectRef":"itm.12.260b373a-d1b2-4297-9dda-6fd159884549","name":"result","isCollection":false,"id":"2055.f6692447-4c45-404e-8999-c8c7c3220ead"}],"inputSet":[{"dataInputRefs":["2055.99da58bc-1454-4333-8987-825b0fdb0bc8","2055.df990b82-c167-4b92-8043-e73de035ad42","2055.df8bddaa-d2e9-4d10-8baa-b8ad860bb01e","2055.ecac139b-b6b6-4e05-8fca-16cbe3ce32d5","2055.80f29f91-a1fa-4b88-8f3a-1a9cdb31482b"]}],"outputSet":[{"dataOutputRefs":["2055.f6692447-4c45-404e-8999-c8c7c3220ead"]}],"dataInput":[{"itemSubjectRef":"itm.12.db884a3c-c533-44b7-bb2d-47bec8ad4022","name":"caseType","isCollection":false,"id":"2055.99da58bc-1454-4333-8987-825b0fdb0bc8"},{"itemSubjectRef":"itm.12.db884a3c-c533-44b7-bb2d-47bec8ad4022","name":"tosName","isCollection":false,"id":"2055.df990b82-c167-4b92-8043-e73de035ad42"},{"itemSubjectRef":"itm.12.db884a3c-c533-44b7-bb2d-47bec8ad4022","name":"jsonProps","isCollection":false,"id":"2055.df8bddaa-d2e9-4d10-8baa-b8ad860bb01e"},{"itemSubjectRef":"itm.12.db884a3c-c533-44b7-bb2d-47bec8ad4022","name":"caseClientTabID","isCollection":false,"id":"2055.ecac139b-b6b6-4e05-8fca-16cbe3ce32d5"},{"itemSubjectRef":"itm.12.db884a3c-c533-44b7-bb2d-47bec8ad4022","name":"caseClientURI","isCollection":false,"id":"2055.80f29f91-a1fa-4b88-8f3a-1a9cdb31482b"}]}}],"targetNamespace":"","typeLanguage":"http:\/\/www.w3.org\/2001\/XMLSchema","expressionLanguage":"http:\/\/www.ibm.com\/xmlns\/prod\/bpm\/expression-lang\/javascript"}</jsonData>
        <field1 isNull="true" />
        <field2 isNull="true" />
        <field3>0</field3>
        <field4 isNull="true" />
        <field5>false</field5>
        <clobField1 isNull="true" />
        <blobField1 isNull="true" />
        <processParameter name="caseType">
            <lastModified isNull="true" />
            <lastModifiedBy isNull="true" />
            <tenantId isNull="true" />
            <processParameterId>2055.99da58bc-1454-4333-8987-825b0fdb0bc8</processParameterId>
            <processId>1.ad523495-52db-4aae-b109-ab2c9662682f</processId>
            <parameterType>1</parameterType>
            <isArrayOf>false</isArrayOf>
            <classId>56f01b11-2631-47ae-acdd-75a5c2d4e9d2/12.db884a3c-c533-44b7-bb2d-47bec8ad4022</classId>
            <seq>1</seq>
            <hasDefault>false</hasDefault>
            <defaultValue isNull="true" />
            <isLocked>false</isLocked>
            <description isNull="true" />
            <guid>9ae08d0e-f995-434a-8293-89f436f2c14c</guid>
            <versionId>a64a0c19-8b18-4d29-9350-41dcb52b6926</versionId>
        </processParameter>
        <processParameter name="tosName">
            <lastModified isNull="true" />
            <lastModifiedBy isNull="true" />
            <tenantId isNull="true" />
            <processParameterId>2055.df990b82-c167-4b92-8043-e73de035ad42</processParameterId>
            <processId>1.ad523495-52db-4aae-b109-ab2c9662682f</processId>
            <parameterType>1</parameterType>
            <isArrayOf>false</isArrayOf>
            <classId>56f01b11-2631-47ae-acdd-75a5c2d4e9d2/12.db884a3c-c533-44b7-bb2d-47bec8ad4022</classId>
            <seq>2</seq>
            <hasDefault>false</hasDefault>
            <defaultValue isNull="true" />
            <isLocked>false</isLocked>
            <description isNull="true" />
            <guid>9167d854-0f92-4e68-9705-69e9b2721b0a</guid>
            <versionId>d033377e-6496-4f39-b563-67651b76b8c2</versionId>
        </processParameter>
        <processParameter name="jsonProps">
            <lastModified isNull="true" />
            <lastModifiedBy isNull="true" />
            <tenantId isNull="true" />
            <processParameterId>2055.df8bddaa-d2e9-4d10-8baa-b8ad860bb01e</processParameterId>
            <processId>1.ad523495-52db-4aae-b109-ab2c9662682f</processId>
            <parameterType>1</parameterType>
            <isArrayOf>false</isArrayOf>
            <classId>56f01b11-2631-47ae-acdd-75a5c2d4e9d2/12.db884a3c-c533-44b7-bb2d-47bec8ad4022</classId>
            <seq>3</seq>
            <hasDefault>false</hasDefault>
            <defaultValue isNull="true" />
            <isLocked>false</isLocked>
            <description isNull="true" />
            <guid>e71cd1d6-871e-40aa-94b2-7d9b1aa4acd3</guid>
            <versionId>11b9676d-dd85-42a2-835e-2e56692eb19b</versionId>
        </processParameter>
        <processParameter name="caseClientTabID">
            <lastModified isNull="true" />
            <lastModifiedBy isNull="true" />
            <tenantId isNull="true" />
            <processParameterId>2055.ecac139b-b6b6-4e05-8fca-16cbe3ce32d5</processParameterId>
            <processId>1.ad523495-52db-4aae-b109-ab2c9662682f</processId>
            <parameterType>1</parameterType>
            <isArrayOf>false</isArrayOf>
            <classId>56f01b11-2631-47ae-acdd-75a5c2d4e9d2/12.db884a3c-c533-44b7-bb2d-47bec8ad4022</classId>
            <seq>4</seq>
            <hasDefault>false</hasDefault>
            <defaultValue isNull="true" />
            <isLocked>false</isLocked>
            <description isNull="true" />
            <guid>9ec55422-0775-4641-8778-6333089d82a7</guid>
            <versionId>5397252e-78ec-4c99-b6ff-04c9a4d7b739</versionId>
        </processParameter>
        <processParameter name="caseClientURI">
            <lastModified isNull="true" />
            <lastModifiedBy isNull="true" />
            <tenantId isNull="true" />
            <processParameterId>2055.80f29f91-a1fa-4b88-8f3a-1a9cdb31482b</processParameterId>
            <processId>1.ad523495-52db-4aae-b109-ab2c9662682f</processId>
            <parameterType>1</parameterType>
            <isArrayOf>false</isArrayOf>
            <classId>56f01b11-2631-47ae-acdd-75a5c2d4e9d2/12.db884a3c-c533-44b7-bb2d-47bec8ad4022</classId>
            <seq>5</seq>
            <hasDefault>false</hasDefault>
            <defaultValue isNull="true" />
            <isLocked>false</isLocked>
            <description isNull="true" />
            <guid>guid:5a83ab1c-6430-4b7e-886f-f6d84d604f16</guid>
            <versionId>b789c12f-4cbb-4ca3-899f-3e208bb557fc</versionId>
        </processParameter>
        <processParameter name="">
            <lastModified isNull="true" />
            <lastModifiedBy isNull="true" />
            <tenantId isNull="true" />
            <processParameterId>2055.a39e6c7d-0b8b-4576-91da-077dbd548f33</processParameterId>
            <processId>1.ad523495-52db-4aae-b109-ab2c9662682f</processId>
            <parameterType>3</parameterType>
            <isArrayOf>false</isArrayOf>
            <classId>/12.46ab33d6-3cf8-4cd3-bb72-8258fbc340c6</classId>
            <seq>5</seq>
            <hasDefault>false</hasDefault>
            <defaultValue isNull="true" />
            <isLocked>false</isLocked>
            <description isNull="true" />
            <guid>89fbcc73-716b-4dcd-a238-77b8d9c7000a</guid>
            <versionId>2ed858e0-2aa5-4d19-883d-ddc996ceeb17</versionId>
        </processParameter>
        <processParameter name="result">
            <lastModified isNull="true" />
            <lastModifiedBy isNull="true" />
            <tenantId isNull="true" />
            <processParameterId>2055.f6692447-4c45-404e-8999-c8c7c3220ead</processParameterId>
            <processId>1.ad523495-52db-4aae-b109-ab2c9662682f</processId>
            <parameterType>2</parameterType>
            <isArrayOf>false</isArrayOf>
            <classId>/12.260b373a-d1b2-4297-9dda-6fd159884549</classId>
            <seq>6</seq>
            <hasDefault>false</hasDefault>
            <defaultValue isNull="true" />
            <isLocked>false</isLocked>
            <description isNull="true" />
            <guid>7f8d1fcd-2fb8-4814-9de6-cdde2ea19b4d</guid>
            <versionId>469083b6-d31b-4c55-8a1d-8a4cb34b02ec</versionId>
        </processParameter>
        <item>
            <lastModified isNull="true" />
            <lastModifiedBy isNull="true" />
            <tenantId isNull="true" />
            <processItemId>2025.5ebff28e-0d21-47b0-8589-7c0c15304e9b</processItemId>
            <processId>1.ad523495-52db-4aae-b109-ab2c9662682f</processId>
            <name>End</name>
            <tWComponentName>ExitPoint</tWComponentName>
            <tWComponentId>3008.67e67983-e6c2-412f-8e53-9303d3d6a090</tWComponentId>
            <isLogEnabled>false</isLogEnabled>
            <isTraceEnabled>false</isTraceEnabled>
            <traceCategory isNull="true" />
            <traceLevel isNull="true" />
            <traceMessage isNull="true" />
            <traceSymbolTable isNull="true" />
            <isExecutionContextTraced>false</isExecutionContextTraced>
            <saveExecutionContext>true</saveExecutionContext>
            <documentation isNull="true" />
            <isErrorHandlerEnabled>false</isErrorHandlerEnabled>
            <errorHandlerItemId isNull="true" />
            <guid>guid:bb8f5ed4bfdb6941:2dda2fa6:17c6d326f6f:-63cb</guid>
            <versionId>5319b7dd-4507-4489-ba62-e38caf3b6791</versionId>
            <externalServiceRef isNull="true" />
            <externalServiceOp isNull="true" />
            <nodeColor isNull="true" />
            <layoutData x="650" y="80">
                <errorLink>
                    <controlPoints />
                    <showEndState>false</showEndState>
                    <showName>false</showName>
                </errorLink>
            </layoutData>
            <TWComponent>
                <lastModified isNull="true" />
                <lastModifiedBy isNull="true" />
                <tenantId isNull="true" />
                <exitPointId>3008.67e67983-e6c2-412f-8e53-9303d3d6a090</exitPointId>
                <haltProcess>false</haltProcess>
                <guid>2c817f73-0f11-4172-b663-ec7b543e9a79</guid>
                <versionId>91a2456d-02dd-4f11-9878-03c7b5fd320c</versionId>
            </TWComponent>
        </item>
        <item>
            <lastModified isNull="true" />
            <lastModifiedBy isNull="true" />
            <tenantId isNull="true" />
            <processItemId>2025.10c41398-87ef-45b1-866e-4c828e1bdbbf</processItemId>
            <processId>1.ad523495-52db-4aae-b109-ab2c9662682f</processId>
            <name>Create Case</name>
            <tWComponentName>Script</tWComponentName>
            <tWComponentId>3011.9c196354-fff4-4b07-8faf-267522843cdb</tWComponentId>
            <isLogEnabled>false</isLogEnabled>
            <isTraceEnabled>false</isTraceEnabled>
            <traceCategory isNull="true" />
            <traceLevel isNull="true" />
            <traceMessage isNull="true" />
            <traceSymbolTable isNull="true" />
            <isExecutionContextTraced>false</isExecutionContextTraced>
            <saveExecutionContext>false</saveExecutionContext>
            <documentation isNull="true" />
            <isErrorHandlerEnabled>true</isErrorHandlerEnabled>
            <errorHandlerItemId>2025.711630e5-3bbb-4d7a-80a9-cbb4e6040e9a</errorHandlerItemId>
            <guid>guid:bb8f5ed4bfdb6941:2dda2fa6:17c6d326f6f:-63c1</guid>
            <versionId>f252a9ac-dade-4757-9f6d-28df066f2796</versionId>
            <externalServiceRef isNull="true" />
            <externalServiceOp isNull="true" />
            <nodeColor isNull="true" />
            <layoutData x="272" y="57">
                <errorLink>
                    <controlPoints />
                    <showEndState>false</showEndState>
                    <showName>false</showName>
                </errorLink>
            </layoutData>
            <errorHandler>
                <name>Error</name>
                <locationId>bottomCenter</locationId>
                <faultStyle>1</faultStyle>
                <isCatchAll>true</isCatchAll>
                <errorHandlerItem>guid:bb8f5ed4bfdb6941:2dda2fa6:17c6d326f6f:-6359</errorHandlerItem>
                <errorHandlerItemId>2025.711630e5-3bbb-4d7a-80a9-cbb4e6040e9a</errorHandlerItemId>
                <errorHandlerLink>
                    <fromPort locationId="bottomCenter" portType="1" />
                    <toPort locationId="leftCenter" portType="2" />
                    <layoutData>
                        <controlPoints />
                        <showEndState>false</showEndState>
                        <showName>false</showName>
                    </layoutData>
                </errorHandlerLink>
            </errorHandler>
            <TWComponent>
                <lastModified isNull="true" />
                <lastModifiedBy isNull="true" />
                <tenantId isNull="true" />
                <scriptId>3011.9c196354-fff4-4b07-8faf-267522843cdb</scriptId>
                <scriptTypeId>2</scriptTypeId>
                <isActive>true</isActive>
                <script>tw.local.result  = new tw.object.CaseObject();&#xD;
var t = tw.local.result;&#xD;
&#xD;
var newCaseProperties = new tw.object.Record();&#xD;
&#xD;
var propname = "JSON_PROPS";&#xD;
var propvalue = tw.local.jsonProps;&#xD;
&#xD;
newCaseProperties.setPropertyValue(propname, propvalue);&#xD;
&#xD;
var caseclientURI = tw.local.caseClientURI;&#xD;
if(caseclientURI != undefined || caseclientURI != null) {&#xD;
    var paramString = caseclientURI.split('?')[1];&#xD;
    if(paramString != null) {&#xD;
    	var params_arr = paramString.split('&amp;');&#xD;
    	if(params_arr != null) {&#xD;
    		for (var i = 0; i &lt; params_arr.length; i++) {&#xD;
        		var pair = params_arr[i].split('=');&#xD;
        		if(pair[0] == "snapshotID") {&#xD;
            		newCaseProperties.setPropertyValue("CmAcmSnapshotId", pair[1]);&#xD;
        		}&#xD;
        		else if(pair[0] == "snapshotName") {&#xD;
            		newCaseProperties.setPropertyValue("CmAcmSnapshotName", pair[1]);&#xD;
        		}&#xD;
     		}&#xD;
    	}            	    &#xD;
    }    &#xD;
}&#xD;
&#xD;
try{&#xD;
    var newCaseID = tw.system.createCase(tw.local.caseType, tw.local.tosName, newCaseProperties);&#xD;
    var casetypeConfigStr = tw.system.getCaseConfiguration(newCaseID, tw.local.tosName);&#xD;
    log.info("Config " + casetypeConfigStr);&#xD;
    &#xD;
    var casetypeConfig = JSON.parse(casetypeConfigStr);&#xD;
    &#xD;
    t.caseId = newCaseID.substring(1,newCaseID.length-1);&#xD;
    t.caseTypeName = tw.local.caseType;&#xD;
    t.tosName = tw.local.tosName;&#xD;
    t.isAutoLaunch = casetypeConfig.autoLaunch;&#xD;
    if(caseclientURI != undefined || caseclientURI != null) {&#xD;
    	t.caseClientURI = caseclientURI;&#xD;
    }&#xD;
    else {&#xD;
    	t.caseClientURI = casetypeConfig.caseClientURI;&#xD;
    }&#xD;
    &#xD;
    t.caseTitleProperty = casetypeConfig.caseTitleProperty;&#xD;
    t.modifiedDate = casetypeConfig.modifiedDate;&#xD;
    t.caseState = casetypeConfig.caseState;&#xD;
    t.healthIndicator = casetypeConfig.healthIndicator;&#xD;
    t.icnRepoId = casetypeConfig.icnRepoId;&#xD;
    t.isPropertiesDirty = casetypeConfig.isPropertiesDirty;&#xD;
    t.caseTypeSymbolicName = casetypeConfig.caseTypeSymbolicName;&#xD;
    &#xD;
    if(casetypeConfig.autoLaunch == true) { // Open case after case creation&#xD;
        if(tw.local.caseClientTabID != null) { // Executing in the context of Navigator&#xD;
            // Case Details Configured to CSHS&#xD;
            // Case Details Configured to Navigator&#xD;
            var data = {&#xD;
			name: "AddCase",        						&#xD;
			caseAction: "openNewAddCase",&#xD;
			caseId: t.caseId,&#xD;
			caseClientTabID: tw.local.caseClientTabID&#xD;
		};&#xD;
		t.messageString = JSON.stringify(data);&#xD;
        }&#xD;
        else { // Executing in the context of Workplace  &#xD;
            // Case Details Configured to CSHS&#xD;
        	var relativeServletURI = "casedetails?TargetObjectStore="+tw.local.tosName+"&amp;caseId="+t.caseId;&#xD;
        	var data = {&#xD;
			name: "showURL",&#xD;
			displayName: casetypeConfig.CaseIdentifier,&#xD;
			runURL: relativeServletURI,&#xD;
			replaceExistingWindow: false,&#xD;
			clearBreadcrumb: true,&#xD;
			systemID: casetypeConfig.CASESystemID&#xD;
		};&#xD;
		&#xD;
        	t.messageString = JSON.stringify(data);&#xD;
		&#xD;
		// Case Details Configured to Navigator&#xD;
		var caseDetailsLaunchURL = casetypeConfig.MashupServerURI + "&amp;feature=Cases&amp;tos=" + tw.local.tosName;&#xD;
		caseDetailsLaunchURL = caseDetailsLaunchURL + "&amp;solution=" + casetypeConfig.SolutionPrefix + "&amp;caseGUID=" + t.caseId;&#xD;
		//var w=window.open(caseDetailsLaunchURL, 'CaseDetailsWindow');&#xD;
        }&#xD;
    }&#xD;
    else { // Do not open case after case creation&#xD;
        if(tw.local.caseClientTabID != null) { // Executing in the context of Navigator&#xD;
            var data = {&#xD;
			name: "AddCase",        						&#xD;
			caseAction: "addCaseCompleted",&#xD;
			caseId: t.caseId,&#xD;
			caseClientTabID: tw.local.caseClientTabID&#xD;
		};&#xD;
		&#xD;
        	t.messageString = JSON.stringify(data);&#xD;
        }&#xD;
        else { // Executing in the context of Workplace&#xD;
        }&#xD;
    }&#xD;
}&#xD;
catch (e) {&#xD;
	log.error("Caught an exception: " + e.message);&#xD;
	var props = null;&#xD;
	&#xD;
	var messages = e.message.split(". ");
	var json_propvalue = JSON.parse(propvalue);
	var items = json_propvalue.items;&#xD;
	if(items != undefined) {&#xD;
	    if(items.items != null) {&#xD;
	        log.info("Items: items.items" );&#xD;
	        props = items.items;&#xD;
	    }&#xD;
	    else {&#xD;
	        log.info("Items: items" );&#xD;
	        props = items;&#xD;
	    }&#xD;
	    for(var i = 0;i &lt; props.length;i++) {&#xD;
	        var prop = props[i];&#xD;
	        var symname = prop.SymbolicName;&#xD;
	        var displayName = prop.DisplayName;&#xD;
	        log.info("Values: " + symname + " : " + displayName);&#xD;
	        if(messages[2].indexOf(symname) != -1) {&#xD;
	            messages[2] = messages[2].substring(0,messages[2].indexOf(symname))&#xD;
                					+ "\"" + displayName + "\" "&#xD;
                					+ messages[2].substring(messages[2].indexOf(symname) + symname.length + 1);&#xD;
                  break;&#xD;
	        }   &#xD;
	    }&#xD;
	}&#xD;
	&#xD;
	var error = messages[1].substring(messages[1].indexOf('\'') +1) &#xD;
				+ ". " &#xD;
				+ messages[2].substring(0,messages[2].indexOf('\''));&#xD;
	&#xD;
      t.errorString = error;&#xD;
      if(caseclientURI != undefined || caseclientURI != null) {&#xD;
    		t.caseClientURI = caseclientURI;&#xD;
    	}&#xD;
}</script>
                <isRule>false</isRule>
                <guid>86a11781-5ce2-4ee1-80d7-671721bcdef2</guid>
                <versionId>c9174bb3-7f14-4345-b3bd-e0f233022aea</versionId>
            </TWComponent>
        </item>
        <item>
            <lastModified isNull="true" />
            <lastModifiedBy isNull="true" />
            <tenantId isNull="true" />
            <processItemId>2025.711630e5-3bbb-4d7a-80a9-cbb4e6040e9a</processItemId>
            <processId>1.ad523495-52db-4aae-b109-ab2c9662682f</processId>
            <name>Throw Error</name>
            <tWComponentName>Exception</tWComponentName>
            <tWComponentId>3007.4ac29085-7456-40f7-921b-a1192e613b6d</tWComponentId>
            <isLogEnabled>false</isLogEnabled>
            <isTraceEnabled>false</isTraceEnabled>
            <traceCategory isNull="true" />
            <traceLevel isNull="true" />
            <traceMessage isNull="true" />
            <traceSymbolTable isNull="true" />
            <isExecutionContextTraced>false</isExecutionContextTraced>
            <saveExecutionContext>false</saveExecutionContext>
            <documentation isNull="true" />
            <isErrorHandlerEnabled>false</isErrorHandlerEnabled>
            <errorHandlerItemId isNull="true" />
            <guid>guid:bb8f5ed4bfdb6941:2dda2fa6:17c6d326f6f:-6359</guid>
            <versionId>b2b8caca-2d14-48ea-9268-903c61dcb312</versionId>
            <externalServiceRef isNull="true" />
            <externalServiceOp isNull="true" />
            <nodeColor isNull="true" />
            <layoutData x="630" y="155">
                <errorLink>
                    <controlPoints />
                    <showEndState>false</showEndState>
                    <showName>false</showName>
                </errorLink>
            </layoutData>
            <TWComponent>
                <lastModified isNull="true" />
                <lastModifiedBy isNull="true" />
                <tenantId isNull="true" />
                <exceptionId>3007.4ac29085-7456-40f7-921b-a1192e613b6d</exceptionId>
                <message></message>
                <faultStyle>1</faultStyle>
                <guid>88607adf-7619-4014-8fca-d1a20bec2493</guid>
                <versionId>cdb74f97-9991-4646-9fac-ffa01aead821</versionId>
                <parameterMapping name="">
                    <lastModified isNull="true" />
                    <lastModifiedBy isNull="true" />
                    <tenantId isNull="true" />
                    <parameterMappingId>2054.319cd832-45b0-421e-abe1-822df17de9d9</parameterMappingId>
                    <processParameterId>2055.a39e6c7d-0b8b-4576-91da-077dbd548f33</processParameterId>
                    <parameterMappingParentId>3007.4ac29085-7456-40f7-921b-a1192e613b6d</parameterMappingParentId>
                    <useDefault>false</useDefault>
                    <value isNull="true" />
                    <classRef>/12.46ab33d6-3cf8-4cd3-bb72-8258fbc340c6</classRef>
                    <isList>false</isList>
                    <isInput>false</isInput>
                    <mappingMode isNull="true" />
                    <sourcePath isNull="true" />
                    <targetPath isNull="true" />
                    <guid>414cc4c8-00d1-41a5-814c-0538b5e0bece</guid>
                    <versionId>3b2d3c0f-a2da-470f-ac21-7289a6cefe46</versionId>
                    <description isNull="true" />
                </parameterMapping>
            </TWComponent>
        </item>
        <startingProcessItemId>2025.10c41398-87ef-45b1-866e-4c828e1bdbbf</startingProcessItemId>
        <errorHandlerItemId isNull="true" />
        <layoutData noConversion="true">
            <errorLink>
                <controlPoints />
                <showEndState>false</showEndState>
                <showName>false</showName>
            </errorLink>
        </layoutData>
        <startPoint>
            <layoutData x="25" y="80">
                <errorLink>
                    <controlPoints />
                    <showEndState>false</showEndState>
                    <showName>false</showName>
                </errorLink>
            </layoutData>
        </startPoint>
        <startLink>
            <fromPort locationId="rightCenter" portType="1" />
            <toPort locationId="leftCenter" portType="2" />
            <layoutData>
                <controlPoints />
                <showEndState>false</showEndState>
                <showName>false</showName>
            </layoutData>
        </startLink>
        <bpmn2Model>
            <ns16:definitions xmlns:ns16="http://www.omg.org/spec/BPMN/20100524/MODEL" xmlns:ns2="http://www.ibm.com/xmlns/prod/bpm/bpmn/ext/process/wle" xmlns:ns3="http://www.ibm.com/xmlns/prod/bpm/bpmn/ext/process" xmlns:ns4="http://www.ibm.com/xmlns/prod/bpm/bpmn/ext/process/case" xmlns:ns5="http://www.ibm.com/bpm/Extensions" xmlns:ns6="http://www.ibm.com/xmlns/prod/bpm/uca" xmlns:ns7="http://www.ibm.com/xmlns/prod/bpm/bpmn/ext/team" xmlns:ns8="http://www.ibm.com/xmlns/prod/bpm/bpmn/ext/trackinggroup" xmlns:ns9="http://www.ibm.com/xmlns/bpmnx/20100524/v1/BusinessVocabulary" xmlns:ns10="http://www.omg.org/spec/DD/20100524/DI" xmlns:ns11="http://www.omg.org/spec/DD/20100524/DC" xmlns:ns12="http://www.omg.org/spec/BPMN/20100524/BPMNDI" xmlns:ns13="http://www.ibm.com/xmlns/prod/bpm/graph" xmlns:ns14="http://www.ibm.com/xmlns/prod/bpm/bpmn/ext/process/auth" xmlns:ns15="http://www.ibm.com/xmlns/prod/bpm/bpmn/ext/extservice" xmlns:ns17="http://www.ibm.com/bpm/processappsettings" xmlns:ns18="http://www.ibm.com/xmlns/links" xmlns:ns19="http://www.ibm.com/bpm/CoachDesignerNG" xmlns:ns20="http://www.ibm.com/xmlns/tagging" xmlns:ns21="http://www.ibm.com/bpm/uitheme" xmlns:ns22="http://www.ibm.com/bpm/coachview" targetNamespace="" expressionLanguage="http://www.ibm.com/xmlns/prod/bpm/expression-lang/javascript" typeLanguage="http://www.w3.org/2001/XMLSchema">
                
                
                <ns16:process name="Create Case Service" id="1.ad523495-52db-4aae-b109-ab2c9662682f" ns3:executionMode="microflow">
                    
                    
                    <ns16:documentation textFormat="text/plain" />
                    
                    
                    <ns16:extensionElements>
                        
                        
                        <ns3:isSecured>true</ns3:isSecured>
                        
                        
                        <ns3:isAjaxExposed>true</ns3:isAjaxExposed>
                        
                        
                        <ns3:sboSyncEnabled>true</ns3:sboSyncEnabled>
                        
                    
                    </ns16:extensionElements>
                    
                    
                    <ns16:ioSpecification>
                        
                        
                        <ns16:dataInput name="caseType" itemSubjectRef="itm.12.db884a3c-c533-44b7-bb2d-47bec8ad4022" isCollection="false" id="2055.99da58bc-1454-4333-8987-825b0fdb0bc8" />
                        
                        
                        <ns16:dataInput name="tosName" itemSubjectRef="itm.12.db884a3c-c533-44b7-bb2d-47bec8ad4022" isCollection="false" id="2055.df990b82-c167-4b92-8043-e73de035ad42" />
                        
                        
                        <ns16:dataInput name="jsonProps" itemSubjectRef="itm.12.db884a3c-c533-44b7-bb2d-47bec8ad4022" isCollection="false" id="2055.df8bddaa-d2e9-4d10-8baa-b8ad860bb01e" />
                        
                        
                        <ns16:dataInput name="caseClientTabID" itemSubjectRef="itm.12.db884a3c-c533-44b7-bb2d-47bec8ad4022" isCollection="false" id="2055.ecac139b-b6b6-4e05-8fca-16cbe3ce32d5" />
                        
                        
                        <ns16:dataInput name="caseClientURI" itemSubjectRef="itm.12.db884a3c-c533-44b7-bb2d-47bec8ad4022" isCollection="false" id="2055.80f29f91-a1fa-4b88-8f3a-1a9cdb31482b" />
                        
                        
                        <ns16:dataOutput name="result" itemSubjectRef="itm.12.260b373a-d1b2-4297-9dda-6fd159884549" isCollection="false" id="2055.f6692447-4c45-404e-8999-c8c7c3220ead" />
                        
                        
                        <ns16:inputSet>
                            
                            
                            <ns16:dataInputRefs>2055.99da58bc-1454-4333-8987-825b0fdb0bc8</ns16:dataInputRefs>
                            
                            
                            <ns16:dataInputRefs>2055.df990b82-c167-4b92-8043-e73de035ad42</ns16:dataInputRefs>
                            
                            
                            <ns16:dataInputRefs>2055.df8bddaa-d2e9-4d10-8baa-b8ad860bb01e</ns16:dataInputRefs>
                            
                            
                            <ns16:dataInputRefs>2055.ecac139b-b6b6-4e05-8fca-16cbe3ce32d5</ns16:dataInputRefs>
                            
                            
                            <ns16:dataInputRefs>2055.80f29f91-a1fa-4b88-8f3a-1a9cdb31482b</ns16:dataInputRefs>
                            
                        
                        </ns16:inputSet>
                        
                        
                        <ns16:outputSet>
                            
                            
                            <ns16:dataOutputRefs>2055.f6692447-4c45-404e-8999-c8c7c3220ead</ns16:dataOutputRefs>
                            
                        
                        </ns16:outputSet>
                        
                    
                    </ns16:ioSpecification>
                    
                    
                    <ns16:laneSet id="1907b9f0-12cc-486b-8332-187163419685">
                        
                        
                        <ns16:lane name="System" partitionElementRef="24.6fd38d02-81cf-48ab-bd42-8ff4c0a1628b" id="d0f7db01-826e-4e63-805d-15a50413140c" ns2:isSystemLane="true">
                            
                            
                            <ns16:extensionElements>
                                
                                
                                <ns13:nodeVisualInfo x="0" y="0" width="3000" height="500" color="#F8F8F8" />
                                
                            
                            </ns16:extensionElements>
                            
                            
                            <ns16:flowNodeRef>52be65ad-6102-466f-823b-55438bdbb6f1</ns16:flowNodeRef>
                            
                            
                            <ns16:flowNodeRef>5ebff28e-0d21-47b0-8589-7c0c15304e9b</ns16:flowNodeRef>
                            
                            
                            <ns16:flowNodeRef>10c41398-87ef-45b1-866e-4c828e1bdbbf</ns16:flowNodeRef>
                            
                            
                            <ns16:flowNodeRef>cb75a758-c939-4803-88d1-a915c5ee8f08</ns16:flowNodeRef>
                            
                            
                            <ns16:flowNodeRef>711630e5-3bbb-4d7a-80a9-cbb4e6040e9a</ns16:flowNodeRef>
                            
                        
                        </ns16:lane>
                        
                    
                    </ns16:laneSet>
                    
                    
                    <ns16:startEvent isInterrupting="false" parallelMultiple="false" name="Start" id="52be65ad-6102-466f-823b-55438bdbb6f1">
                        
                        
                        <ns16:extensionElements>
                            
                            
                            <ns13:nodeVisualInfo x="25" y="80" width="24" height="24" color="#F8F8F8" />
                            
                        
                        </ns16:extensionElements>
                        
                        
                        <ns16:outgoing>2027.d9575133-e483-4251-88ec-edaa1aea722d</ns16:outgoing>
                        
                    
                    </ns16:startEvent>
                    
                    
                    <ns16:endEvent name="End" id="5ebff28e-0d21-47b0-8589-7c0c15304e9b">
                        
                        
                        <ns16:extensionElements>
                            
                            
                            <ns13:nodeVisualInfo x="650" y="80" width="24" height="24" color="#F8F8F8" />
                            
                            
                            <ns2:saveExecutionContext>true</ns2:saveExecutionContext>
                            
                            
                            <ns3:endStateId>guid:bb8f5ed4bfdb6941:2dda2fa6:17c6d326f6f:-63cb</ns3:endStateId>
                            
                        
                        </ns16:extensionElements>
                        
                        
                        <ns16:incoming>5e4be20c-0003-4da0-882e-5c0c8c470da8</ns16:incoming>
                        
                    
                    </ns16:endEvent>
                    
                    
                    <ns16:sequenceFlow sourceRef="52be65ad-6102-466f-823b-55438bdbb6f1" targetRef="10c41398-87ef-45b1-866e-4c828e1bdbbf" name="To Create Case" id="2027.d9575133-e483-4251-88ec-edaa1aea722d">
                        
                        
                        <ns16:extensionElements>
                            
                            
                            <ns13:linkVisualInfo>
                                
                                
                                <ns13:sourcePortLocation>rightCenter</ns13:sourcePortLocation>
                                
                                
                                <ns13:targetPortLocation>leftCenter</ns13:targetPortLocation>
                                
                                
                                <ns13:showLabel>false</ns13:showLabel>
                                
                                
                                <ns13:showCoachControlLabel>false</ns13:showCoachControlLabel>
                                
                                
                                <ns13:labelPosition>0.0</ns13:labelPosition>
                                
                                
                                <ns13:saveExecutionContext>false</ns13:saveExecutionContext>
                                
                            
                            </ns13:linkVisualInfo>
                            
                        
                        </ns16:extensionElements>
                        
                    
                    </ns16:sequenceFlow>
                    
                    
                    <ns16:scriptTask scriptFormat="text/x-javascript" name="Create Case" id="10c41398-87ef-45b1-866e-4c828e1bdbbf">
                        
                        
                        <ns16:extensionElements>
                            
                            
                            <ns13:nodeVisualInfo x="272" y="57" width="95" height="70" />
                            
                        
                        </ns16:extensionElements>
                        
                        
                        <ns16:incoming>2027.d9575133-e483-4251-88ec-edaa1aea722d</ns16:incoming>
                        
                        
                        <ns16:outgoing>5e4be20c-0003-4da0-882e-5c0c8c470da8</ns16:outgoing>
                        
                        
                        <ns16:script>tw.local.result  = new tw.object.CaseObject();&#xD;
var t = tw.local.result;&#xD;
&#xD;
var newCaseProperties = new tw.object.Record();&#xD;
&#xD;
var propname = "JSON_PROPS";&#xD;
var propvalue = tw.local.jsonProps;&#xD;
&#xD;
newCaseProperties.setPropertyValue(propname, propvalue);&#xD;
&#xD;
var caseclientURI = tw.local.caseClientURI;&#xD;
if(caseclientURI != undefined || caseclientURI != null) {&#xD;
    var paramString = caseclientURI.split('?')[1];&#xD;
    if(paramString != null) {&#xD;
    	var params_arr = paramString.split('&amp;');&#xD;
    	if(params_arr != null) {&#xD;
    		for (var i = 0; i &lt; params_arr.length; i++) {&#xD;
        		var pair = params_arr[i].split('=');&#xD;
        		if(pair[0] == "snapshotID") {&#xD;
            		newCaseProperties.setPropertyValue("CmAcmSnapshotId", pair[1]);&#xD;
        		}&#xD;
        		else if(pair[0] == "snapshotName") {&#xD;
            		newCaseProperties.setPropertyValue("CmAcmSnapshotName", pair[1]);&#xD;
        		}&#xD;
     		}&#xD;
    	}            	    &#xD;
    }    &#xD;
}&#xD;
&#xD;
try{&#xD;
    var newCaseID = tw.system.createCase(tw.local.caseType, tw.local.tosName, newCaseProperties);&#xD;
    var casetypeConfigStr = tw.system.getCaseConfiguration(newCaseID, tw.local.tosName);&#xD;
    log.info("Config " + casetypeConfigStr);&#xD;
    &#xD;
    var casetypeConfig = JSON.parse(casetypeConfigStr);&#xD;
    &#xD;
    t.caseId = newCaseID.substring(1,newCaseID.length-1);&#xD;
    t.caseTypeName = tw.local.caseType;&#xD;
    t.tosName = tw.local.tosName;&#xD;
    t.isAutoLaunch = casetypeConfig.autoLaunch;&#xD;
    if(caseclientURI != undefined || caseclientURI != null) {&#xD;
    	t.caseClientURI = caseclientURI;&#xD;
    }&#xD;
    else {&#xD;
    	t.caseClientURI = casetypeConfig.caseClientURI;&#xD;
    }&#xD;
    &#xD;
    t.caseTitleProperty = casetypeConfig.caseTitleProperty;&#xD;
    t.modifiedDate = casetypeConfig.modifiedDate;&#xD;
    t.caseState = casetypeConfig.caseState;&#xD;
    t.healthIndicator = casetypeConfig.healthIndicator;&#xD;
    t.icnRepoId = casetypeConfig.icnRepoId;&#xD;
    t.isPropertiesDirty = casetypeConfig.isPropertiesDirty;&#xD;
    t.caseTypeSymbolicName = casetypeConfig.caseTypeSymbolicName;&#xD;
    &#xD;
    if(casetypeConfig.autoLaunch == true) { // Open case after case creation&#xD;
        if(tw.local.caseClientTabID != null) { // Executing in the context of Navigator&#xD;
            // Case Details Configured to CSHS&#xD;
            // Case Details Configured to Navigator&#xD;
            var data = {&#xD;
			name: "AddCase",        						&#xD;
			caseAction: "openNewAddCase",&#xD;
			caseId: t.caseId,&#xD;
			caseClientTabID: tw.local.caseClientTabID&#xD;
		};&#xD;
		t.messageString = JSON.stringify(data);&#xD;
        }&#xD;
        else { // Executing in the context of Workplace  &#xD;
            // Case Details Configured to CSHS&#xD;
        	var relativeServletURI = "casedetails?TargetObjectStore="+tw.local.tosName+"&amp;caseId="+t.caseId;&#xD;
        	var data = {&#xD;
			name: "showURL",&#xD;
			displayName: casetypeConfig.CaseIdentifier,&#xD;
			runURL: relativeServletURI,&#xD;
			replaceExistingWindow: false,&#xD;
			clearBreadcrumb: true,&#xD;
			systemID: casetypeConfig.CASESystemID&#xD;
		};&#xD;
		&#xD;
        	t.messageString = JSON.stringify(data);&#xD;
		&#xD;
		// Case Details Configured to Navigator&#xD;
		var caseDetailsLaunchURL = casetypeConfig.MashupServerURI + "&amp;feature=Cases&amp;tos=" + tw.local.tosName;&#xD;
		caseDetailsLaunchURL = caseDetailsLaunchURL + "&amp;solution=" + casetypeConfig.SolutionPrefix + "&amp;caseGUID=" + t.caseId;&#xD;
		//var w=window.open(caseDetailsLaunchURL, 'CaseDetailsWindow');&#xD;
        }&#xD;
    }&#xD;
    else { // Do not open case after case creation&#xD;
        if(tw.local.caseClientTabID != null) { // Executing in the context of Navigator&#xD;
            var data = {&#xD;
			name: "AddCase",        						&#xD;
			caseAction: "addCaseCompleted",&#xD;
			caseId: t.caseId,&#xD;
			caseClientTabID: tw.local.caseClientTabID&#xD;
		};&#xD;
		&#xD;
        	t.messageString = JSON.stringify(data);&#xD;
        }&#xD;
        else { // Executing in the context of Workplace&#xD;
        }&#xD;
    }&#xD;
}&#xD;
catch (e) {&#xD;
	log.error("Caught an exception: " + e.message);&#xD;
	var props = null;&#xD;
	&#xD;
	var messages = e.message.split(". ");
	var json_propvalue = JSON.parse(propvalue);
	var items = json_propvalue.items;&#xD;
	if(items != undefined) {&#xD;
	    if(items.items != null) {&#xD;
	        log.info("Items: items.items" );&#xD;
	        props = items.items;&#xD;
	    }&#xD;
	    else {&#xD;
	        log.info("Items: items" );&#xD;
	        props = items;&#xD;
	    }&#xD;
	    for(var i = 0;i &lt; props.length;i++) {&#xD;
	        var prop = props[i];&#xD;
	        var symname = prop.SymbolicName;&#xD;
	        var displayName = prop.DisplayName;&#xD;
	        log.info("Values: " + symname + " : " + displayName);&#xD;
	        if(messages[2].indexOf(symname) != -1) {&#xD;
	            messages[2] = messages[2].substring(0,messages[2].indexOf(symname))&#xD;
                					+ "\"" + displayName + "\" "&#xD;
                					+ messages[2].substring(messages[2].indexOf(symname) + symname.length + 1);&#xD;
                  break;&#xD;
	        }   &#xD;
	    }&#xD;
	}&#xD;
	&#xD;
	var error = messages[1].substring(messages[1].indexOf('\'') +1) &#xD;
				+ ". " &#xD;
				+ messages[2].substring(0,messages[2].indexOf('\''));&#xD;
	&#xD;
      t.errorString = error;&#xD;
      if(caseclientURI != undefined || caseclientURI != null) {&#xD;
    		t.caseClientURI = caseclientURI;&#xD;
    	}&#xD;
}</ns16:script>
                        
                    
                    </ns16:scriptTask>
                    
                    
                    <ns16:sequenceFlow sourceRef="10c41398-87ef-45b1-866e-4c828e1bdbbf" targetRef="5ebff28e-0d21-47b0-8589-7c0c15304e9b" name="To End" id="5e4be20c-0003-4da0-882e-5c0c8c470da8">
                        
                        
                        <ns16:extensionElements>
                            
                            
                            <ns3:sequenceFlowImplementation sboSyncEnabled="true" />
                            
                            
                            <ns13:linkVisualInfo>
                                
                                
                                <ns13:sourcePortLocation>rightCenter</ns13:sourcePortLocation>
                                
                                
                                <ns13:targetPortLocation>leftCenter</ns13:targetPortLocation>
                                
                                
                                <ns13:showLabel>false</ns13:showLabel>
                                
                                
                                <ns13:showCoachControlLabel>false</ns13:showCoachControlLabel>
                                
                                
                                <ns13:labelPosition>0.0</ns13:labelPosition>
                                
                                
                                <ns13:saveExecutionContext>true</ns13:saveExecutionContext>
                                
                            
                            </ns13:linkVisualInfo>
                            
                        
                        </ns16:extensionElements>
                        
                    
                    </ns16:sequenceFlow>
                    
                    
                    <ns16:boundaryEvent cancelActivity="true" attachedToRef="10c41398-87ef-45b1-866e-4c828e1bdbbf" parallelMultiple="false" name="Error" id="cb75a758-c939-4803-88d1-a915c5ee8f08">
                        
                        
                        <ns16:extensionElements>
                            
                            
                            <ns13:nodeVisualInfo x="307" y="115" width="24" height="24" />
                            
                        
                        </ns16:extensionElements>
                        
                        
                        <ns16:outgoing>689eb86c-edcb-4b4a-858f-68e1a2df2d75</ns16:outgoing>
                        
                        
                        <ns16:dataOutput name="error" itemSubjectRef="itm.19e8dc33-1100-46be-89a6-36c9040f7b3e" isCollection="false" id="5494b433-5758-4b8c-8b05-3b445e159744" />
                        
                        
                        <ns16:outputSet />
                        
                        
                        <ns16:errorEventDefinition id="135c39e0-514d-4a08-86a8-d1098145b02d" eventImplId="ed24eb55-a100-459a-84d3-f05103e6d78c">
                            
                            
                            <ns16:extensionElements>
                                
                                
                                <ns2:errorEventSettings>
                                    
                                    
                                    <ns2:catchAll>true</ns2:catchAll>
                                    
                                
                                </ns2:errorEventSettings>
                                
                            
                            </ns16:extensionElements>
                            
                        
                        </ns16:errorEventDefinition>
                        
                    
                    </ns16:boundaryEvent>
                    
                    
                    <ns16:endEvent name="Throw Error" id="711630e5-3bbb-4d7a-80a9-cbb4e6040e9a">
                        
                        
                        <ns16:extensionElements>
                            
                            
                            <ns13:nodeVisualInfo x="630" y="155" width="24" height="24" />
                            
                        
                        </ns16:extensionElements>
                        
                        
                        <ns16:incoming>689eb86c-edcb-4b4a-858f-68e1a2df2d75</ns16:incoming>
                        
                        
                        <ns16:errorEventDefinition id="e1e83e7b-b0fa-4105-8059-0042a2784ac5" eventImplId="6f5af97a-fade-466f-8408-c6c3f7c9c1f2">
                            
                            
                            <ns16:extensionElements>
                                
                                
                                <ns2:errorEventSettings>
                                    
                                    
                                    <ns2:catchAll>true</ns2:catchAll>
                                    
                                    
                                    <ns2:errorCode />
                                    
                                
                                </ns2:errorEventSettings>
                                
                            
                            </ns16:extensionElements>
                            
                        
                        </ns16:errorEventDefinition>
                        
                    
                    </ns16:endEvent>
                    
                    
                    <ns16:sequenceFlow sourceRef="cb75a758-c939-4803-88d1-a915c5ee8f08" targetRef="711630e5-3bbb-4d7a-80a9-cbb4e6040e9a" name="To Throw Error" id="689eb86c-edcb-4b4a-858f-68e1a2df2d75">
                        
                        
                        <ns16:extensionElements>
                            
                            
                            <ns3:sequenceFlowImplementation sboSyncEnabled="true" />
                            
                            
                            <ns13:linkVisualInfo>
                                
                                
                                <ns13:sourcePortLocation>bottomCenter</ns13:sourcePortLocation>
                                
                                
                                <ns13:targetPortLocation>leftCenter</ns13:targetPortLocation>
                                
                                
                                <ns13:showLabel>false</ns13:showLabel>
                                
                                
                                <ns13:showCoachControlLabel>false</ns13:showCoachControlLabel>
                                
                                
                                <ns13:labelPosition>0.0</ns13:labelPosition>
                                
                                
                                <ns13:saveExecutionContext>true</ns13:saveExecutionContext>
                                
                            
                            </ns13:linkVisualInfo>
                            
                        
                        </ns16:extensionElements>
                        
                    
                    </ns16:sequenceFlow>
                    
                
                </ns16:process>
                
            
            </ns16:definitions>
        </bpmn2Model>
        <link name="To End">
            <lastModified isNull="true" />
            <lastModifiedBy isNull="true" />
            <tenantId isNull="true" />
            <processLinkId>2027.5e4be20c-0003-4da0-882e-5c0c8c470da8</processLinkId>
            <processId>1.ad523495-52db-4aae-b109-ab2c9662682f</processId>
            <description isNull="true" />
            <fromProcessItemId>2025.10c41398-87ef-45b1-866e-4c828e1bdbbf</fromProcessItemId>
            <endStateId>Out</endStateId>
            <toProcessItemId>2025.5ebff28e-0d21-47b0-8589-7c0c15304e9b</toProcessItemId>
            <guid>fc62cacf-5ad1-45df-8621-2b0fdc1919fc</guid>
            <versionId>2196fae7-cdc3-4ceb-9a97-8693e8736b60</versionId>
            <layoutData>
                <controlPoints />
                <showEndState>false</showEndState>
                <showName>false</showName>
            </layoutData>
            <fromItemPort locationId="rightCenter" portType="1" />
            <toItemPort locationId="leftCenter" portType="2" />
            <fromProcessItemId>2025.10c41398-87ef-45b1-866e-4c828e1bdbbf</fromProcessItemId>
            <toProcessItemId>2025.5ebff28e-0d21-47b0-8589-7c0c15304e9b</toProcessItemId>
        </link>
    </process>
</teamworks>

