<?xml version="1.0" encoding="UTF-8"?>
<teamworks>
    <process id="1.cd986363-b7b7-4d81-b221-6a3d3c415461" name="Initialize Case Content Objects Service">
        <lastModified>1668398850159</lastModified>
        <lastModifiedBy>tw_admin</lastModifiedBy>
        <tenantId isNull="true" />
        <processId>1.cd986363-b7b7-4d81-b221-6a3d3c415461</processId>
        <image isNull="true" />
        <tabGroup isNull="true" />
        <startingProcessItemId>2025.75d17c28-569e-4e33-8e8b-0cbe3118d35d</startingProcessItemId>
        <isRootProcess>false</isRootProcess>
        <processType>12</processType>
        <isErrorHandlerEnabled>false</isErrorHandlerEnabled>
        <errorHandlerItemId isNull="true" />
        <isLoggingVariables>false</isLoggingVariables>
        <isTransactional>false</isTransactional>
        <processTimingLevel isNull="true" />
        <participantRef isNull="true" />
        <exposedType>0</exposedType>
        <isTrackingEnabled>true</isTrackingEnabled>
        <xmlData isNull="true" />
        <cachingType>false</cachingType>
        <itemLabel isNull="true" />
        <cacheLength>0</cacheLength>
        <mobileReady>false</mobileReady>
        <sboSyncEnabled>true</sboSyncEnabled>
        <externalId isNull="true" />
        <isSecured>true</isSecured>
        <isAjaxExposed>true</isAjaxExposed>
        <isInvokedAsynchronously>false</isInvokedAsynchronously>
        <description isNull="true" />
        <guid>dc89b3cf-c3ff-40f8-9606-4df545b4caa0</guid>
        <versionId>1523d646-2be7-42b8-bf84-8c3755b6aa9f</versionId>
        <dependencySummary>&lt;dependencySummary id="bpdid:1693e95197aa3625:16b4d22d:184722efc62:-7630" /&gt;</dependencySummary>
        <jsonData>{"rootElement":[{"flowElement":[{"parallelMultiple":false,"outgoing":["2027.565c147e-ad1c-4f00-9493-0a58d1ec155b"],"isInterrupting":false,"extensionElements":{"nodeVisualInfo":[{"color":"#F8F8F8","width":24,"x":25,"y":80,"declaredType":"TNodeVisualInfo","height":24}]},"name":"Start","declaredType":"startEvent","id":"03384d5a-a2b5-456c-ba83-bee8a5639e26"},{"incoming":["99cf2753-bcab-4552-872f-5d50169c9edc"],"extensionElements":{"nodeVisualInfo":[{"color":"#F8F8F8","width":24,"x":650,"y":80,"declaredType":"TNodeVisualInfo","height":24}],"endStateId":["guid:a82c8bac0aca8366:1a7ee869:17f085e840f:-55d4"],"saveExecutionContext":[true]},"name":"End","declaredType":"endEvent","id":"da9e2ab2-becd-4120-b597-c987a39623cd"},{"targetRef":"75d17c28-569e-4e33-8e8b-0cbe3118d35d","extensionElements":{"linkVisualInfo":[{"sourcePortLocation":"rightCenter","showCoachControlLabel":false,"labelPosition":0.0,"targetPortLocation":"leftCenter","declaredType":"TLinkVisualInfo","saveExecutionContext":false,"showLabel":false}]},"name":"To Initialize Case Content Objects","declaredType":"sequenceFlow","id":"2027.565c147e-ad1c-4f00-9493-0a58d1ec155b","sourceRef":"03384d5a-a2b5-456c-ba83-bee8a5639e26"},{"startQuantity":1,"outgoing":["99cf2753-bcab-4552-872f-5d50169c9edc"],"incoming":["2027.565c147e-ad1c-4f00-9493-0a58d1ec155b"],"extensionElements":{"nodeVisualInfo":[{"width":95,"x":272,"y":57,"declaredType":"TNodeVisualInfo","height":70}]},"name":"Initialize Case Content Objects","isForCompensation":false,"completionQuantity":1,"declaredType":"scriptTask","id":"75d17c28-569e-4e33-8e8b-0cbe3118d35d","scriptFormat":"text\/x-javascript","script":{"content":["var caseType = tw.local.caseType;\r\nvar objectStoreName = tw.local.tosName;\r\nvar caseId = tw.local.caseId;\r\n\r\ntry{\r\n    var return_val = tw.system.initializeContentObject(caseType, objectStoreName, caseId);\r\n    tw.local.caseProperties = return_val;\r\n    \r\n    \/\/log.info(\"Return val: \" + return_val);\r\n}\r\ncatch (e) {\r\n\tlog.error(\"Caught an exception: \" + e.message);\r\n}"]}},{"targetRef":"da9e2ab2-becd-4120-b597-c987a39623cd","extensionElements":{"sequenceFlowImplementation":[{"fireValidation":"Never","sboSyncEnabled":true,"declaredType":"com.ibm.bpmsdk.model.bpmn20.ibmext.TSequenceFlowImplementation"}],"linkVisualInfo":[{"sourcePortLocation":"rightCenter","showCoachControlLabel":false,"labelPosition":0.0,"targetPortLocation":"leftCenter","declaredType":"TLinkVisualInfo","saveExecutionContext":true,"showLabel":false}]},"name":"To End","declaredType":"sequenceFlow","id":"99cf2753-bcab-4552-872f-5d50169c9edc","sourceRef":"75d17c28-569e-4e33-8e8b-0cbe3118d35d"},{"parallelMultiple":false,"outgoing":["c88b90ef-1f7b-4fa2-843f-103926b9c8db"],"dataOutput":[{"itemSubjectRef":"itm.19e8dc33-1100-46be-89a6-36c9040f7b3e","name":"error","isCollection":false,"id":"633ad75c-ce44-4ead-9a70-c34c2c098182"}],"eventDefinition":[{"extensionElements":{"errorEventSettings":[{"catchAll":true,"declaredType":"com.ibm.bpmsdk.model.bpmn20.ibmwleext.TErrorEventSettings"}]},"declaredType":"errorEventDefinition","id":"f91656e9-7176-448b-bc4c-d07532d78e66","otherAttributes":{"eventImplId":"ed24eb55-a100-459a-84d3-f05103e6d78c"}}],"attachedToRef":"75d17c28-569e-4e33-8e8b-0cbe3118d35d","extensionElements":{"nodeVisualInfo":[{"width":24,"x":307,"y":115,"declaredType":"TNodeVisualInfo","height":24}]},"cancelActivity":true,"name":"Error","declaredType":"boundaryEvent","id":"b44aea7a-35b2-4a5c-9642-81caf78c928a","outputSet":{}},{"incoming":["c88b90ef-1f7b-4fa2-843f-103926b9c8db"],"eventDefinition":[{"extensionElements":{"errorEventSettings":[{"catchAll":true,"errorCode":"","declaredType":"com.ibm.bpmsdk.model.bpmn20.ibmwleext.TErrorEventSettings"}]},"declaredType":"errorEventDefinition","id":"ab365017-3c66-4ae5-bb1d-413ca27d4e15","otherAttributes":{"eventImplId":"6f5af97a-fade-466f-8408-c6c3f7c9c1f2"}}],"extensionElements":{"nodeVisualInfo":[{"width":24,"x":630,"y":155,"declaredType":"TNodeVisualInfo","height":24}]},"name":"Throw Error","declaredType":"endEvent","id":"a2d7c683-e3d9-4edf-911f-a9ab76fc4042"},{"targetRef":"a2d7c683-e3d9-4edf-911f-a9ab76fc4042","extensionElements":{"sequenceFlowImplementation":[{"fireValidation":"Never","sboSyncEnabled":true,"declaredType":"com.ibm.bpmsdk.model.bpmn20.ibmext.TSequenceFlowImplementation"}],"linkVisualInfo":[{"sourcePortLocation":"bottomCenter","showCoachControlLabel":false,"labelPosition":0.0,"targetPortLocation":"leftCenter","declaredType":"TLinkVisualInfo","saveExecutionContext":true,"showLabel":false}]},"name":"To Throw Error","declaredType":"sequenceFlow","id":"c88b90ef-1f7b-4fa2-843f-103926b9c8db","sourceRef":"b44aea7a-35b2-4a5c-9642-81caf78c928a"}],"laneSet":[{"id":"afe7a8a4-4130-43ec-8a9a-12197c35625a","lane":[{"flowNodeRef":["03384d5a-a2b5-456c-ba83-bee8a5639e26","da9e2ab2-becd-4120-b597-c987a39623cd","75d17c28-569e-4e33-8e8b-0cbe3118d35d","b44aea7a-35b2-4a5c-9642-81caf78c928a","a2d7c683-e3d9-4edf-911f-a9ab76fc4042"],"extensionElements":{"nodeVisualInfo":[{"color":"#F8F8F8","width":3000,"x":0,"y":0,"declaredType":"TNodeVisualInfo","height":500}]},"name":"System","partitionElementRef":"24.6fd38d02-81cf-48ab-bd42-8ff4c0a1628b","declaredType":"lane","id":"73d5e440-22cb-4662-91fe-b07b92e9cab3","otherAttributes":{"{http:\/\/www.ibm.com\/xmlns\/prod\/bpm\/bpmn\/ext\/process\/wle}isSystemLane":"true"}}]}],"isClosed":false,"extensionElements":{"isSecured":[true],"isAjaxExposed":[true],"sboSyncEnabled":[true]},"documentation":[{"textFormat":"text\/plain"}],"name":"Initialize Case Content Objects Service","declaredType":"process","id":"1.cd986363-b7b7-4d81-b221-6a3d3c415461","processType":"None","otherAttributes":{"{http:\/\/www.ibm.com\/xmlns\/prod\/bpm\/bpmn\/ext\/process}executionMode":"microflow"},"ioSpecification":{"dataOutput":[{"itemSubjectRef":"itm.12.c09c9b6e-aabd-4897-bef2-ed61db106297","name":"caseProperties","isCollection":false,"id":"2055.87753af5-f66a-4e89-8621-af1ddc484cd8"}],"inputSet":[{"dataInputRefs":["2055.83c7e175-7f1a-45fb-af3d-37d471b816ce","2055.eb4c6632-990f-409a-8e58-533b1fdd2596","2055.33f80999-78f4-4b19-8e63-104a94ac8b04"]}],"outputSet":[{"dataOutputRefs":["2055.87753af5-f66a-4e89-8621-af1ddc484cd8"]}],"dataInput":[{"itemSubjectRef":"itm.12.db884a3c-c533-44b7-bb2d-47bec8ad4022","documentation":[{"content":["The input parameter that is needed in Add Case and Split Case Custom CSHS"],"textFormat":"text\/plain"}],"name":"caseType","isCollection":false,"id":"2055.83c7e175-7f1a-45fb-af3d-37d471b816ce"},{"itemSubjectRef":"itm.12.db884a3c-c533-44b7-bb2d-47bec8ad4022","name":"tosName","isCollection":false,"id":"2055.eb4c6632-990f-409a-8e58-533b1fdd2596"},{"itemSubjectRef":"itm.12.db884a3c-c533-44b7-bb2d-47bec8ad4022","documentation":[{"content":["The input parameter that is needed in Case Details Custom CSHS"],"textFormat":"text\/plain"}],"name":"caseId","isCollection":false,"id":"2055.33f80999-78f4-4b19-8e63-104a94ac8b04"}]}}],"targetNamespace":"","typeLanguage":"http:\/\/www.w3.org\/2001\/XMLSchema","expressionLanguage":"http:\/\/www.ibm.com\/xmlns\/prod\/bpm\/expression-lang\/javascript"}</jsonData>
        <field1 isNull="true" />
        <field2 isNull="true" />
        <field3>0</field3>
        <field4 isNull="true" />
        <field5>false</field5>
        <clobField1 isNull="true" />
        <blobField1 isNull="true" />
        <processParameter name="caseType">
            <lastModified isNull="true" />
            <lastModifiedBy isNull="true" />
            <tenantId isNull="true" />
            <processParameterId>2055.83c7e175-7f1a-45fb-af3d-37d471b816ce</processParameterId>
            <processId>1.cd986363-b7b7-4d81-b221-6a3d3c415461</processId>
            <parameterType>1</parameterType>
            <isArrayOf>false</isArrayOf>
            <classId>56f01b11-2631-47ae-acdd-75a5c2d4e9d2/12.db884a3c-c533-44b7-bb2d-47bec8ad4022</classId>
            <seq>1</seq>
            <hasDefault>false</hasDefault>
            <defaultValue isNull="true" />
            <isLocked>false</isLocked>
            <description>The input parameter that is needed in Add Case and Split Case Custom CSHS</description>
            <guid>d1ff1fd8-a864-4a9d-9bbd-e60ea336f74c</guid>
            <versionId>0c6ce551-cd77-471f-a227-27f7058894d5</versionId>
        </processParameter>
        <processParameter name="tosName">
            <lastModified isNull="true" />
            <lastModifiedBy isNull="true" />
            <tenantId isNull="true" />
            <processParameterId>2055.eb4c6632-990f-409a-8e58-533b1fdd2596</processParameterId>
            <processId>1.cd986363-b7b7-4d81-b221-6a3d3c415461</processId>
            <parameterType>1</parameterType>
            <isArrayOf>false</isArrayOf>
            <classId>56f01b11-2631-47ae-acdd-75a5c2d4e9d2/12.db884a3c-c533-44b7-bb2d-47bec8ad4022</classId>
            <seq>2</seq>
            <hasDefault>false</hasDefault>
            <defaultValue isNull="true" />
            <isLocked>false</isLocked>
            <description isNull="true" />
            <guid>8572b8d2-0a58-4de9-81b9-b84a369e1842</guid>
            <versionId>aa3c53ae-69fc-4399-a4b1-03d019922e95</versionId>
        </processParameter>
        <processParameter name="caseId">
            <lastModified isNull="true" />
            <lastModifiedBy isNull="true" />
            <tenantId isNull="true" />
            <processParameterId>2055.33f80999-78f4-4b19-8e63-104a94ac8b04</processParameterId>
            <processId>1.cd986363-b7b7-4d81-b221-6a3d3c415461</processId>
            <parameterType>1</parameterType>
            <isArrayOf>false</isArrayOf>
            <classId>56f01b11-2631-47ae-acdd-75a5c2d4e9d2/12.db884a3c-c533-44b7-bb2d-47bec8ad4022</classId>
            <seq>3</seq>
            <hasDefault>false</hasDefault>
            <defaultValue isNull="true" />
            <isLocked>false</isLocked>
            <description>The input parameter that is needed in Case Details Custom CSHS</description>
            <guid>b7197632-91f3-4198-b45e-a70cfe253ad4</guid>
            <versionId>e600a0d4-6c4d-4049-8fab-7834db5e2f21</versionId>
        </processParameter>
        <processParameter name="caseProperties">
            <lastModified isNull="true" />
            <lastModifiedBy isNull="true" />
            <tenantId isNull="true" />
            <processParameterId>2055.87753af5-f66a-4e89-8621-af1ddc484cd8</processParameterId>
            <processId>1.cd986363-b7b7-4d81-b221-6a3d3c415461</processId>
            <parameterType>2</parameterType>
            <isArrayOf>false</isArrayOf>
            <classId>56f01b11-2631-47ae-acdd-75a5c2d4e9d2/12.c09c9b6e-aabd-4897-bef2-ed61db106297</classId>
            <seq>4</seq>
            <hasDefault>false</hasDefault>
            <defaultValue isNull="true" />
            <isLocked>false</isLocked>
            <description isNull="true" />
            <guid>837b8ede-73e7-4da4-911a-2bfc949eaa69</guid>
            <versionId>4c3cfdd6-ac3f-4962-b42d-1490a517d4c3</versionId>
        </processParameter>
        <processParameter name="">
            <lastModified isNull="true" />
            <lastModifiedBy isNull="true" />
            <tenantId isNull="true" />
            <processParameterId>2055.f272dd03-fe4d-44f7-a4b9-ff50a777aaea</processParameterId>
            <processId>1.cd986363-b7b7-4d81-b221-6a3d3c415461</processId>
            <parameterType>3</parameterType>
            <isArrayOf>false</isArrayOf>
            <classId>/12.46ab33d6-3cf8-4cd3-bb72-8258fbc340c6</classId>
            <seq>5</seq>
            <hasDefault>false</hasDefault>
            <defaultValue isNull="true" />
            <isLocked>false</isLocked>
            <description isNull="true" />
            <guid>8e6b995e-0b7b-4460-97a7-86499f6e42ef</guid>
            <versionId>1db4784b-aef2-4926-9b48-51f20d244fa8</versionId>
        </processParameter>
        <item>
            <lastModified isNull="true" />
            <lastModifiedBy isNull="true" />
            <tenantId isNull="true" />
            <processItemId>2025.75d17c28-569e-4e33-8e8b-0cbe3118d35d</processItemId>
            <processId>1.cd986363-b7b7-4d81-b221-6a3d3c415461</processId>
            <name>Initialize Case Content Objects</name>
            <tWComponentName>Script</tWComponentName>
            <tWComponentId>3011.73c4311d-7a2c-4fc9-9545-ac3dd3ff3ad6</tWComponentId>
            <isLogEnabled>false</isLogEnabled>
            <isTraceEnabled>false</isTraceEnabled>
            <traceCategory isNull="true" />
            <traceLevel isNull="true" />
            <traceMessage isNull="true" />
            <traceSymbolTable isNull="true" />
            <isExecutionContextTraced>false</isExecutionContextTraced>
            <saveExecutionContext>false</saveExecutionContext>
            <documentation isNull="true" />
            <isErrorHandlerEnabled>true</isErrorHandlerEnabled>
            <errorHandlerItemId>2025.a2d7c683-e3d9-4edf-911f-a9ab76fc4042</errorHandlerItemId>
            <guid>guid:a82c8bac0aca8366:1a7ee869:17f085e840f:-55d3</guid>
            <versionId>e49372dd-9816-4b54-ae7b-a3b095d847bd</versionId>
            <externalServiceRef isNull="true" />
            <externalServiceOp isNull="true" />
            <nodeColor isNull="true" />
            <layoutData x="272" y="57">
                <errorLink>
                    <controlPoints />
                    <showEndState>false</showEndState>
                    <showName>false</showName>
                </errorLink>
            </layoutData>
            <errorHandler>
                <name>Error</name>
                <locationId>bottomCenter</locationId>
                <faultStyle>1</faultStyle>
                <isCatchAll>true</isCatchAll>
                <errorHandlerItem>guid:a82c8bac0aca8366:1a7ee869:17f085e840f:-55d2</errorHandlerItem>
                <errorHandlerItemId>2025.a2d7c683-e3d9-4edf-911f-a9ab76fc4042</errorHandlerItemId>
                <errorHandlerLink>
                    <fromPort locationId="bottomCenter" portType="1" />
                    <toPort locationId="leftCenter" portType="2" />
                    <layoutData>
                        <controlPoints />
                        <showEndState>false</showEndState>
                        <showName>false</showName>
                    </layoutData>
                </errorHandlerLink>
            </errorHandler>
            <TWComponent>
                <lastModified isNull="true" />
                <lastModifiedBy isNull="true" />
                <tenantId isNull="true" />
                <scriptId>3011.73c4311d-7a2c-4fc9-9545-ac3dd3ff3ad6</scriptId>
                <scriptTypeId>2</scriptTypeId>
                <isActive>true</isActive>
                <script>var caseType = tw.local.caseType;&#xD;
var objectStoreName = tw.local.tosName;&#xD;
var caseId = tw.local.caseId;&#xD;
&#xD;
try{&#xD;
    var return_val = tw.system.initializeContentObject(caseType, objectStoreName, caseId);&#xD;
    tw.local.caseProperties = return_val;&#xD;
    &#xD;
    //log.info("Return val: " + return_val);&#xD;
}&#xD;
catch (e) {&#xD;
	log.error("Caught an exception: " + e.message);&#xD;
}</script>
                <isRule>false</isRule>
                <guid>459802ea-f31f-4b27-bf5e-d78986ec9387</guid>
                <versionId>2de595a4-2afa-4f31-b69c-a8fd374ce188</versionId>
            </TWComponent>
        </item>
        <item>
            <lastModified isNull="true" />
            <lastModifiedBy isNull="true" />
            <tenantId isNull="true" />
            <processItemId>2025.a2d7c683-e3d9-4edf-911f-a9ab76fc4042</processItemId>
            <processId>1.cd986363-b7b7-4d81-b221-6a3d3c415461</processId>
            <name>Throw Error</name>
            <tWComponentName>Exception</tWComponentName>
            <tWComponentId>3007.eec96369-0305-45e7-8154-d78d644e9243</tWComponentId>
            <isLogEnabled>false</isLogEnabled>
            <isTraceEnabled>false</isTraceEnabled>
            <traceCategory isNull="true" />
            <traceLevel isNull="true" />
            <traceMessage isNull="true" />
            <traceSymbolTable isNull="true" />
            <isExecutionContextTraced>false</isExecutionContextTraced>
            <saveExecutionContext>false</saveExecutionContext>
            <documentation isNull="true" />
            <isErrorHandlerEnabled>false</isErrorHandlerEnabled>
            <errorHandlerItemId isNull="true" />
            <guid>guid:a82c8bac0aca8366:1a7ee869:17f085e840f:-55d2</guid>
            <versionId>b6eab2b6-3a7c-4313-9184-fcc0dd8f62eb</versionId>
            <externalServiceRef isNull="true" />
            <externalServiceOp isNull="true" />
            <nodeColor isNull="true" />
            <layoutData x="630" y="155">
                <errorLink>
                    <controlPoints />
                    <showEndState>false</showEndState>
                    <showName>false</showName>
                </errorLink>
            </layoutData>
            <TWComponent>
                <lastModified isNull="true" />
                <lastModifiedBy isNull="true" />
                <tenantId isNull="true" />
                <exceptionId>3007.eec96369-0305-45e7-8154-d78d644e9243</exceptionId>
                <message></message>
                <faultStyle>1</faultStyle>
                <guid>18872d97-74bb-4fac-81ef-eab5dc5ea004</guid>
                <versionId>8d84c889-14a6-42a3-971a-e92f1ff305ba</versionId>
                <parameterMapping name="">
                    <lastModified isNull="true" />
                    <lastModifiedBy isNull="true" />
                    <tenantId isNull="true" />
                    <parameterMappingId>2054.b27947f5-a5f9-4952-9091-41b28cb053b9</parameterMappingId>
                    <processParameterId>2055.f272dd03-fe4d-44f7-a4b9-ff50a777aaea</processParameterId>
                    <parameterMappingParentId>3007.eec96369-0305-45e7-8154-d78d644e9243</parameterMappingParentId>
                    <useDefault>false</useDefault>
                    <value isNull="true" />
                    <classRef>/12.46ab33d6-3cf8-4cd3-bb72-8258fbc340c6</classRef>
                    <isList>false</isList>
                    <isInput>false</isInput>
                    <mappingMode isNull="true" />
                    <sourcePath isNull="true" />
                    <targetPath isNull="true" />
                    <guid>d51e1245-ef15-4b72-bb84-60f14304e350</guid>
                    <versionId>81010efa-a2fd-4365-912f-53471f0eaa2e</versionId>
                    <description isNull="true" />
                </parameterMapping>
            </TWComponent>
        </item>
        <item>
            <lastModified isNull="true" />
            <lastModifiedBy isNull="true" />
            <tenantId isNull="true" />
            <processItemId>2025.da9e2ab2-becd-4120-b597-c987a39623cd</processItemId>
            <processId>1.cd986363-b7b7-4d81-b221-6a3d3c415461</processId>
            <name>End</name>
            <tWComponentName>ExitPoint</tWComponentName>
            <tWComponentId>3008.f2e4ef23-8155-422d-bdba-193d40e30522</tWComponentId>
            <isLogEnabled>false</isLogEnabled>
            <isTraceEnabled>false</isTraceEnabled>
            <traceCategory isNull="true" />
            <traceLevel isNull="true" />
            <traceMessage isNull="true" />
            <traceSymbolTable isNull="true" />
            <isExecutionContextTraced>false</isExecutionContextTraced>
            <saveExecutionContext>true</saveExecutionContext>
            <documentation isNull="true" />
            <isErrorHandlerEnabled>false</isErrorHandlerEnabled>
            <errorHandlerItemId isNull="true" />
            <guid>guid:a82c8bac0aca8366:1a7ee869:17f085e840f:-55d4</guid>
            <versionId>20f23714-4c1a-46c9-850f-cb0819006388</versionId>
            <externalServiceRef isNull="true" />
            <externalServiceOp isNull="true" />
            <nodeColor isNull="true" />
            <layoutData x="650" y="80">
                <errorLink>
                    <controlPoints />
                    <showEndState>false</showEndState>
                    <showName>false</showName>
                </errorLink>
            </layoutData>
            <TWComponent>
                <lastModified isNull="true" />
                <lastModifiedBy isNull="true" />
                <tenantId isNull="true" />
                <exitPointId>3008.f2e4ef23-8155-422d-bdba-193d40e30522</exitPointId>
                <haltProcess>false</haltProcess>
                <guid>9b7565c2-0dee-4805-832f-85de8d1e2f02</guid>
                <versionId>60264a0b-157e-41c1-806b-1b2c61614b3b</versionId>
            </TWComponent>
        </item>
        <startingProcessItemId>2025.75d17c28-569e-4e33-8e8b-0cbe3118d35d</startingProcessItemId>
        <errorHandlerItemId isNull="true" />
        <layoutData noConversion="true">
            <errorLink>
                <controlPoints />
                <showEndState>false</showEndState>
                <showName>false</showName>
            </errorLink>
        </layoutData>
        <startPoint>
            <layoutData x="25" y="80">
                <errorLink>
                    <controlPoints />
                    <showEndState>false</showEndState>
                    <showName>false</showName>
                </errorLink>
            </layoutData>
        </startPoint>
        <startLink>
            <fromPort locationId="rightCenter" portType="1" />
            <toPort locationId="leftCenter" portType="2" />
            <layoutData>
                <controlPoints />
                <showEndState>false</showEndState>
                <showName>false</showName>
            </layoutData>
        </startLink>
        <bpmn2Model>
            <ns16:definitions xmlns:ns16="http://www.omg.org/spec/BPMN/20100524/MODEL" xmlns:ns2="http://www.ibm.com/xmlns/prod/bpm/bpmn/ext/process" xmlns:ns3="http://www.ibm.com/xmlns/prod/bpm/bpmn/ext/process/wle" xmlns:ns4="http://www.ibm.com/xmlns/prod/bpm/bpmn/ext/process/case" xmlns:ns5="http://www.ibm.com/bpm/Extensions" xmlns:ns6="http://www.ibm.com/xmlns/prod/bpm/uca" xmlns:ns7="http://www.ibm.com/xmlns/prod/bpm/bpmn/ext/trackinggroup" xmlns:ns8="http://www.ibm.com/xmlns/prod/bpm/bpmn/ext/team" xmlns:ns9="http://www.ibm.com/xmlns/bpmnx/20100524/v1/BusinessVocabulary" xmlns:ns10="http://www.omg.org/spec/DD/20100524/DI" xmlns:ns11="http://www.omg.org/spec/DD/20100524/DC" xmlns:ns12="http://www.omg.org/spec/BPMN/20100524/BPMNDI" xmlns:ns13="http://www.ibm.com/xmlns/prod/bpm/graph" xmlns:ns14="http://www.ibm.com/xmlns/prod/bpm/bpmn/ext/process/auth" xmlns:ns15="http://www.ibm.com/xmlns/prod/bpm/bpmn/ext/extservice" xmlns:ns17="http://www.ibm.com/bpm/processappsettings" xmlns:ns18="http://www.ibm.com/xmlns/links" xmlns:ns19="http://www.ibm.com/bpm/CoachDesignerNG" xmlns:ns20="http://www.ibm.com/xmlns/tagging" xmlns:ns21="http://www.ibm.com/bpm/uitheme" xmlns:ns22="http://www.ibm.com/bpm/coachview" targetNamespace="" expressionLanguage="http://www.ibm.com/xmlns/prod/bpm/expression-lang/javascript" typeLanguage="http://www.w3.org/2001/XMLSchema">
                
                
                <ns16:process name="Initialize Case Content Objects Service" id="1.cd986363-b7b7-4d81-b221-6a3d3c415461" ns2:executionMode="microflow">
                    
                    
                    <ns16:documentation textFormat="text/plain" />
                    
                    
                    <ns16:extensionElements>
                        
                        
                        <ns2:isSecured>true</ns2:isSecured>
                        
                        
                        <ns2:isAjaxExposed>true</ns2:isAjaxExposed>
                        
                        
                        <ns2:sboSyncEnabled>true</ns2:sboSyncEnabled>
                        
                    
                    </ns16:extensionElements>
                    
                    
                    <ns16:ioSpecification>
                        
                        
                        <ns16:dataInput name="caseType" itemSubjectRef="itm.12.db884a3c-c533-44b7-bb2d-47bec8ad4022" isCollection="false" id="2055.83c7e175-7f1a-45fb-af3d-37d471b816ce">
                            
                            
                            <ns16:documentation textFormat="text/plain">The input parameter that is needed in Add Case and Split Case Custom CSHS</ns16:documentation>
                            
                        
                        </ns16:dataInput>
                        
                        
                        <ns16:dataInput name="tosName" itemSubjectRef="itm.12.db884a3c-c533-44b7-bb2d-47bec8ad4022" isCollection="false" id="2055.eb4c6632-990f-409a-8e58-533b1fdd2596" />
                        
                        
                        <ns16:dataInput name="caseId" itemSubjectRef="itm.12.db884a3c-c533-44b7-bb2d-47bec8ad4022" isCollection="false" id="2055.33f80999-78f4-4b19-8e63-104a94ac8b04">
                            
                            
                            <ns16:documentation textFormat="text/plain">The input parameter that is needed in Case Details Custom CSHS</ns16:documentation>
                            
                        
                        </ns16:dataInput>
                        
                        
                        <ns16:dataOutput name="caseProperties" itemSubjectRef="itm.12.c09c9b6e-aabd-4897-bef2-ed61db106297" isCollection="false" id="2055.87753af5-f66a-4e89-8621-af1ddc484cd8" />
                        
                        
                        <ns16:inputSet>
                            
                            
                            <ns16:dataInputRefs>2055.83c7e175-7f1a-45fb-af3d-37d471b816ce</ns16:dataInputRefs>
                            
                            
                            <ns16:dataInputRefs>2055.eb4c6632-990f-409a-8e58-533b1fdd2596</ns16:dataInputRefs>
                            
                            
                            <ns16:dataInputRefs>2055.33f80999-78f4-4b19-8e63-104a94ac8b04</ns16:dataInputRefs>
                            
                        
                        </ns16:inputSet>
                        
                        
                        <ns16:outputSet>
                            
                            
                            <ns16:dataOutputRefs>2055.87753af5-f66a-4e89-8621-af1ddc484cd8</ns16:dataOutputRefs>
                            
                        
                        </ns16:outputSet>
                        
                    
                    </ns16:ioSpecification>
                    
                    
                    <ns16:laneSet id="afe7a8a4-4130-43ec-8a9a-12197c35625a">
                        
                        
                        <ns16:lane name="System" partitionElementRef="24.6fd38d02-81cf-48ab-bd42-8ff4c0a1628b" id="73d5e440-22cb-4662-91fe-b07b92e9cab3" ns3:isSystemLane="true">
                            
                            
                            <ns16:extensionElements>
                                
                                
                                <ns13:nodeVisualInfo x="0" y="0" width="3000" height="500" color="#F8F8F8" />
                                
                            
                            </ns16:extensionElements>
                            
                            
                            <ns16:flowNodeRef>03384d5a-a2b5-456c-ba83-bee8a5639e26</ns16:flowNodeRef>
                            
                            
                            <ns16:flowNodeRef>da9e2ab2-becd-4120-b597-c987a39623cd</ns16:flowNodeRef>
                            
                            
                            <ns16:flowNodeRef>75d17c28-569e-4e33-8e8b-0cbe3118d35d</ns16:flowNodeRef>
                            
                            
                            <ns16:flowNodeRef>b44aea7a-35b2-4a5c-9642-81caf78c928a</ns16:flowNodeRef>
                            
                            
                            <ns16:flowNodeRef>a2d7c683-e3d9-4edf-911f-a9ab76fc4042</ns16:flowNodeRef>
                            
                        
                        </ns16:lane>
                        
                    
                    </ns16:laneSet>
                    
                    
                    <ns16:startEvent isInterrupting="false" parallelMultiple="false" name="Start" id="03384d5a-a2b5-456c-ba83-bee8a5639e26">
                        
                        
                        <ns16:extensionElements>
                            
                            
                            <ns13:nodeVisualInfo x="25" y="80" width="24" height="24" color="#F8F8F8" />
                            
                        
                        </ns16:extensionElements>
                        
                        
                        <ns16:outgoing>2027.565c147e-ad1c-4f00-9493-0a58d1ec155b</ns16:outgoing>
                        
                    
                    </ns16:startEvent>
                    
                    
                    <ns16:endEvent name="End" id="da9e2ab2-becd-4120-b597-c987a39623cd">
                        
                        
                        <ns16:extensionElements>
                            
                            
                            <ns13:nodeVisualInfo x="650" y="80" width="24" height="24" color="#F8F8F8" />
                            
                            
                            <ns3:saveExecutionContext>true</ns3:saveExecutionContext>
                            
                            
                            <ns2:endStateId>guid:a82c8bac0aca8366:1a7ee869:17f085e840f:-55d4</ns2:endStateId>
                            
                        
                        </ns16:extensionElements>
                        
                        
                        <ns16:incoming>99cf2753-bcab-4552-872f-5d50169c9edc</ns16:incoming>
                        
                    
                    </ns16:endEvent>
                    
                    
                    <ns16:sequenceFlow sourceRef="03384d5a-a2b5-456c-ba83-bee8a5639e26" targetRef="75d17c28-569e-4e33-8e8b-0cbe3118d35d" name="To Initialize Case Content Objects" id="2027.565c147e-ad1c-4f00-9493-0a58d1ec155b">
                        
                        
                        <ns16:extensionElements>
                            
                            
                            <ns13:linkVisualInfo>
                                
                                
                                <ns13:sourcePortLocation>rightCenter</ns13:sourcePortLocation>
                                
                                
                                <ns13:targetPortLocation>leftCenter</ns13:targetPortLocation>
                                
                                
                                <ns13:showLabel>false</ns13:showLabel>
                                
                                
                                <ns13:showCoachControlLabel>false</ns13:showCoachControlLabel>
                                
                                
                                <ns13:labelPosition>0.0</ns13:labelPosition>
                                
                                
                                <ns13:saveExecutionContext>false</ns13:saveExecutionContext>
                                
                            
                            </ns13:linkVisualInfo>
                            
                        
                        </ns16:extensionElements>
                        
                    
                    </ns16:sequenceFlow>
                    
                    
                    <ns16:scriptTask scriptFormat="text/x-javascript" name="Initialize Case Content Objects" id="75d17c28-569e-4e33-8e8b-0cbe3118d35d">
                        
                        
                        <ns16:extensionElements>
                            
                            
                            <ns13:nodeVisualInfo x="272" y="57" width="95" height="70" />
                            
                        
                        </ns16:extensionElements>
                        
                        
                        <ns16:incoming>2027.565c147e-ad1c-4f00-9493-0a58d1ec155b</ns16:incoming>
                        
                        
                        <ns16:outgoing>99cf2753-bcab-4552-872f-5d50169c9edc</ns16:outgoing>
                        
                        
                        <ns16:script>var caseType = tw.local.caseType;&#xD;
var objectStoreName = tw.local.tosName;&#xD;
var caseId = tw.local.caseId;&#xD;
&#xD;
try{&#xD;
    var return_val = tw.system.initializeContentObject(caseType, objectStoreName, caseId);&#xD;
    tw.local.caseProperties = return_val;&#xD;
    &#xD;
    //log.info("Return val: " + return_val);&#xD;
}&#xD;
catch (e) {&#xD;
	log.error("Caught an exception: " + e.message);&#xD;
}</ns16:script>
                        
                    
                    </ns16:scriptTask>
                    
                    
                    <ns16:sequenceFlow sourceRef="75d17c28-569e-4e33-8e8b-0cbe3118d35d" targetRef="da9e2ab2-becd-4120-b597-c987a39623cd" name="To End" id="99cf2753-bcab-4552-872f-5d50169c9edc">
                        
                        
                        <ns16:extensionElements>
                            
                            
                            <ns2:sequenceFlowImplementation sboSyncEnabled="true" />
                            
                            
                            <ns13:linkVisualInfo>
                                
                                
                                <ns13:sourcePortLocation>rightCenter</ns13:sourcePortLocation>
                                
                                
                                <ns13:targetPortLocation>leftCenter</ns13:targetPortLocation>
                                
                                
                                <ns13:showLabel>false</ns13:showLabel>
                                
                                
                                <ns13:showCoachControlLabel>false</ns13:showCoachControlLabel>
                                
                                
                                <ns13:labelPosition>0.0</ns13:labelPosition>
                                
                                
                                <ns13:saveExecutionContext>true</ns13:saveExecutionContext>
                                
                            
                            </ns13:linkVisualInfo>
                            
                        
                        </ns16:extensionElements>
                        
                    
                    </ns16:sequenceFlow>
                    
                    
                    <ns16:boundaryEvent cancelActivity="true" attachedToRef="75d17c28-569e-4e33-8e8b-0cbe3118d35d" parallelMultiple="false" name="Error" id="b44aea7a-35b2-4a5c-9642-81caf78c928a">
                        
                        
                        <ns16:extensionElements>
                            
                            
                            <ns13:nodeVisualInfo x="307" y="115" width="24" height="24" />
                            
                        
                        </ns16:extensionElements>
                        
                        
                        <ns16:outgoing>c88b90ef-1f7b-4fa2-843f-103926b9c8db</ns16:outgoing>
                        
                        
                        <ns16:dataOutput name="error" itemSubjectRef="itm.19e8dc33-1100-46be-89a6-36c9040f7b3e" isCollection="false" id="633ad75c-ce44-4ead-9a70-c34c2c098182" />
                        
                        
                        <ns16:outputSet />
                        
                        
                        <ns16:errorEventDefinition id="f91656e9-7176-448b-bc4c-d07532d78e66" eventImplId="ed24eb55-a100-459a-84d3-f05103e6d78c">
                            
                            
                            <ns16:extensionElements>
                                
                                
                                <ns3:errorEventSettings>
                                    
                                    
                                    <ns3:catchAll>true</ns3:catchAll>
                                    
                                
                                </ns3:errorEventSettings>
                                
                            
                            </ns16:extensionElements>
                            
                        
                        </ns16:errorEventDefinition>
                        
                    
                    </ns16:boundaryEvent>
                    
                    
                    <ns16:endEvent name="Throw Error" id="a2d7c683-e3d9-4edf-911f-a9ab76fc4042">
                        
                        
                        <ns16:extensionElements>
                            
                            
                            <ns13:nodeVisualInfo x="630" y="155" width="24" height="24" />
                            
                        
                        </ns16:extensionElements>
                        
                        
                        <ns16:incoming>c88b90ef-1f7b-4fa2-843f-103926b9c8db</ns16:incoming>
                        
                        
                        <ns16:errorEventDefinition id="ab365017-3c66-4ae5-bb1d-413ca27d4e15" eventImplId="6f5af97a-fade-466f-8408-c6c3f7c9c1f2">
                            
                            
                            <ns16:extensionElements>
                                
                                
                                <ns3:errorEventSettings>
                                    
                                    
                                    <ns3:catchAll>true</ns3:catchAll>
                                    
                                    
                                    <ns3:errorCode />
                                    
                                
                                </ns3:errorEventSettings>
                                
                            
                            </ns16:extensionElements>
                            
                        
                        </ns16:errorEventDefinition>
                        
                    
                    </ns16:endEvent>
                    
                    
                    <ns16:sequenceFlow sourceRef="b44aea7a-35b2-4a5c-9642-81caf78c928a" targetRef="a2d7c683-e3d9-4edf-911f-a9ab76fc4042" name="To Throw Error" id="c88b90ef-1f7b-4fa2-843f-103926b9c8db">
                        
                        
                        <ns16:extensionElements>
                            
                            
                            <ns2:sequenceFlowImplementation sboSyncEnabled="true" />
                            
                            
                            <ns13:linkVisualInfo>
                                
                                
                                <ns13:sourcePortLocation>bottomCenter</ns13:sourcePortLocation>
                                
                                
                                <ns13:targetPortLocation>leftCenter</ns13:targetPortLocation>
                                
                                
                                <ns13:showLabel>false</ns13:showLabel>
                                
                                
                                <ns13:showCoachControlLabel>false</ns13:showCoachControlLabel>
                                
                                
                                <ns13:labelPosition>0.0</ns13:labelPosition>
                                
                                
                                <ns13:saveExecutionContext>true</ns13:saveExecutionContext>
                                
                            
                            </ns13:linkVisualInfo>
                            
                        
                        </ns16:extensionElements>
                        
                    
                    </ns16:sequenceFlow>
                    
                
                </ns16:process>
                
            
            </ns16:definitions>
        </bpmn2Model>
        <link name="To End">
            <lastModified isNull="true" />
            <lastModifiedBy isNull="true" />
            <tenantId isNull="true" />
            <processLinkId>2027.99cf2753-bcab-4552-872f-5d50169c9edc</processLinkId>
            <processId>1.cd986363-b7b7-4d81-b221-6a3d3c415461</processId>
            <description isNull="true" />
            <fromProcessItemId>2025.75d17c28-569e-4e33-8e8b-0cbe3118d35d</fromProcessItemId>
            <endStateId>Out</endStateId>
            <toProcessItemId>2025.da9e2ab2-becd-4120-b597-c987a39623cd</toProcessItemId>
            <guid>db5e3083-a951-4e12-9fd0-7e04c3f3bcf4</guid>
            <versionId>1f20831c-883b-460a-8aed-9f959621fafd</versionId>
            <layoutData>
                <controlPoints />
                <showEndState>false</showEndState>
                <showName>false</showName>
            </layoutData>
            <fromItemPort locationId="rightCenter" portType="1" />
            <toItemPort locationId="leftCenter" portType="2" />
            <fromProcessItemId>2025.75d17c28-569e-4e33-8e8b-0cbe3118d35d</fromProcessItemId>
            <toProcessItemId>2025.da9e2ab2-becd-4120-b597-c987a39623cd</toProcessItemId>
        </link>
    </process>
</teamworks>

