<?xml version="1.0" encoding="UTF-8"?>
<teamworks>
    <process id="1.f224d83f-a7fa-4207-9a67-4391a94e4eb5" name="Deployment Service Flow">
        <lastModified>1534450094510</lastModified>
        <lastModifiedBy>tw_admin</lastModifiedBy>
        <tenantId isNull="true" />
        <processId>1.f224d83f-a7fa-4207-9a67-4391a94e4eb5</processId>
        <image isNull="true" />
        <tabGroup isNull="true" />
        <startingProcessItemId>2025.d0a49a80-cf89-4b41-a615-b851da474ef3</startingProcessItemId>
        <isRootProcess>false</isRootProcess>
        <processType>13</processType>
        <isErrorHandlerEnabled>false</isErrorHandlerEnabled>
        <errorHandlerItemId isNull="true" />
        <isLoggingVariables>false</isLoggingVariables>
        <isTransactional>false</isTransactional>
        <processTimingLevel isNull="true" />
        <participantRef isNull="true" />
        <exposedType>0</exposedType>
        <isTrackingEnabled>true</isTrackingEnabled>
        <xmlData isNull="true" />
        <cachingType>false</cachingType>
        <itemLabel isNull="true" />
        <cacheLength>0</cacheLength>
        <mobileReady>false</mobileReady>
        <sboSyncEnabled>true</sboSyncEnabled>
        <externalId isNull="true" />
        <isSecured>true</isSecured>
        <isAjaxExposed>false</isAjaxExposed>
        <isInvokedAsynchronously>false</isInvokedAsynchronously>
        <description isNull="true" />
        <guid>guid:ea3e9ac41fb6c91a:45e9269a:1653e8250ae:-6630</guid>
        <versionId>19a20a2c-e7bf-45ed-a91f-a242d657e5ca</versionId>
        <dependencySummary>&lt;dependencySummary id="bpdid:ea3e9ac41fb6c91a:45e9269a:1653e8250ae:-662d" /&gt;</dependencySummary>
        <jsonData>{"rootElement":[{"flowElement":[{"parallelMultiple":false,"outgoing":["8fd2f55e-4d4d-4ae9-b226-f4baec4bae9a"],"isInterrupting":false,"extensionElements":{"nodeVisualInfo":[{"color":"#F8F8F8","width":24,"x":25,"y":80,"declaredType":"TNodeVisualInfo","height":24}]},"name":"Start","declaredType":"startEvent","id":"071a20b4-f5fa-4484-814c-771ad993d6c7"},{"incoming":["8fd2f55e-4d4d-4ae9-b226-f4baec4bae9a"],"extensionElements":{"nodeVisualInfo":[{"color":"#F8F8F8","width":24,"x":650,"y":80,"declaredType":"TNodeVisualInfo","height":24}],"endStateId":["guid:ea3e9ac41fb6c91a:45e9269a:1653e8250ae:-6631"],"saveExecutionContext":[true]},"name":"End","declaredType":"endEvent","id":"d0a49a80-cf89-4b41-a615-b851da474ef3"},{"targetRef":"d0a49a80-cf89-4b41-a615-b851da474ef3","extensionElements":{"linkVisualInfo":[{"sourcePortLocation":"rightCenter","showCoachControlLabel":false,"labelPosition":0.0,"targetPortLocation":"leftCenter","declaredType":"TLinkVisualInfo","saveExecutionContext":false,"showLabel":false}]},"name":"To End","declaredType":"sequenceFlow","id":"8fd2f55e-4d4d-4ae9-b226-f4baec4bae9a","sourceRef":"071a20b4-f5fa-4484-814c-771ad993d6c7"}],"laneSet":[{"id":"6a73a376-0382-4ef0-b6d4-ba44a75561da","lane":[{"flowNodeRef":["071a20b4-f5fa-4484-814c-771ad993d6c7","d0a49a80-cf89-4b41-a615-b851da474ef3"],"extensionElements":{"nodeVisualInfo":[{"color":"#F8F8F8","width":3000,"x":0,"y":0,"declaredType":"TNodeVisualInfo","height":500}]},"name":"System","partitionElementRef":"24.6fd38d02-81cf-48ab-bd42-8ff4c0a1628b","declaredType":"lane","id":"31963803-465c-4fbf-9a26-176e64dbf812","otherAttributes":{"{http:\/\/www.ibm.com\/xmlns\/prod\/bpm\/bpmn\/ext\/process\/wle}isSystemLane":"true"}}]}],"isClosed":false,"extensionElements":{"isSecured":[true],"isAjaxExposed":[false],"sboSyncEnabled":[true]},"documentation":[{"textFormat":"text\/plain"}],"name":"Deployment Service Flow","declaredType":"process","id":"1.f224d83f-a7fa-4207-9a67-4391a94e4eb5","processType":"None","otherAttributes":{"{http:\/\/www.ibm.com\/xmlns\/prod\/bpm\/bpmn\/ext\/process}executionMode":"microflow"},"ioSpecification":{"inputSet":[{}],"outputSet":[{}]}}],"targetNamespace":"","typeLanguage":"http:\/\/www.w3.org\/2001\/XMLSchema","expressionLanguage":"http:\/\/www.ibm.com\/xmlns\/prod\/bpm\/expression-lang\/javascript","id":"fc8af694-a0cd-4652-930e-5957dd7fa5c2"}</jsonData>
        <field1 isNull="true" />
        <field2 isNull="true" />
        <field3>0</field3>
        <field4 isNull="true" />
        <field5>false</field5>
        <clobField1 isNull="true" />
        <blobField1 isNull="true" />
        <item>
            <lastModified isNull="true" />
            <lastModifiedBy isNull="true" />
            <tenantId isNull="true" />
            <processItemId>2025.d0a49a80-cf89-4b41-a615-b851da474ef3</processItemId>
            <processId>1.f224d83f-a7fa-4207-9a67-4391a94e4eb5</processId>
            <name>End</name>
            <tWComponentName>ExitPoint</tWComponentName>
            <tWComponentId>3008.0d1ed8e5-79b7-4e7e-ac47-3085b3fa7142</tWComponentId>
            <isLogEnabled>false</isLogEnabled>
            <isTraceEnabled>false</isTraceEnabled>
            <traceCategory isNull="true" />
            <traceLevel isNull="true" />
            <traceMessage isNull="true" />
            <traceSymbolTable isNull="true" />
            <isExecutionContextTraced>false</isExecutionContextTraced>
            <saveExecutionContext>true</saveExecutionContext>
            <documentation isNull="true" />
            <isErrorHandlerEnabled>false</isErrorHandlerEnabled>
            <errorHandlerItemId isNull="true" />
            <guid>guid:ea3e9ac41fb6c91a:45e9269a:1653e8250ae:-6631</guid>
            <versionId>de4140ca-24fe-4251-be6f-d1e1ff89990a</versionId>
            <externalServiceRef isNull="true" />
            <externalServiceOp isNull="true" />
            <nodeColor isNull="true" />
            <layoutData x="650" y="80">
                <errorLink>
                    <controlPoints />
                    <showEndState>false</showEndState>
                    <showName>false</showName>
                </errorLink>
            </layoutData>
            <TWComponent>
                <lastModified isNull="true" />
                <lastModifiedBy isNull="true" />
                <tenantId isNull="true" />
                <exitPointId>3008.0d1ed8e5-79b7-4e7e-ac47-3085b3fa7142</exitPointId>
                <haltProcess>false</haltProcess>
                <guid>ba1a4937-f778-4b7e-a6e5-63845d223bdc</guid>
                <versionId>9fc60288-82fa-4a91-912e-b40e286edc7b</versionId>
            </TWComponent>
        </item>
        <startingProcessItemId>2025.d0a49a80-cf89-4b41-a615-b851da474ef3</startingProcessItemId>
        <errorHandlerItemId isNull="true" />
        <layoutData noConversion="true">
            <errorLink>
                <controlPoints />
                <showEndState>false</showEndState>
                <showName>false</showName>
            </errorLink>
        </layoutData>
        <startPoint>
            <layoutData x="25" y="80">
                <errorLink>
                    <controlPoints />
                    <showEndState>false</showEndState>
                    <showName>false</showName>
                </errorLink>
            </layoutData>
        </startPoint>
        <startLink>
            <fromPort locationId="rightCenter" portType="1" />
            <toPort locationId="leftCenter" portType="2" />
            <layoutData>
                <controlPoints />
                <showEndState>false</showEndState>
                <showName>false</showName>
            </layoutData>
        </startLink>
        <bpmn2Model>
            <ns17:definitions xmlns:ns17="http://www.omg.org/spec/BPMN/20100524/MODEL" xmlns:ns2="http://www.ibm.com/xmlns/prod/bpm/bpmn/ext/process" xmlns:ns3="http://www.ibm.com/xmlns/prod/bpm/bpmn/ext/process/wle" xmlns:ns4="http://www.ibm.com/xmlns/prod/bpm/bpmn/ext/process/case" xmlns:ns5="http://www.ibm.com/bpm/Extensions" xmlns:ns6="http://www.ibm.com/xmlns/prod/bpm/uca" xmlns:ns7="http://www.ibm.com/xmlns/prod/bpm/bpmn/ext/trackinggroup" xmlns:ns8="http://www.ibm.com/xmlns/prod/bpm/bpmn/ext/team" xmlns:ns9="http://www.ibm.com/xmlns/bpmnx/20100524/v1/BusinessVocabulary" xmlns:ns10="http://www.omg.org/spec/DD/20100524/DI" xmlns:ns11="http://www.omg.org/spec/DD/20100524/DC" xmlns:ns12="http://www.omg.org/spec/BPMN/20100524/BPMNDI" xmlns:ns13="http://www.ibm.com/xmlns/prod/bpm/graph" xmlns:ns14="http://www.ibm.com/xmlns/prod/bpm/bpmn/ext/process/auth" xmlns:ns15="http://www.ibm.com/xmlns/prod/bpm/bpmn/ext/extservice" xmlns:ns16="http://www.ibm.com/xmlns/links" xmlns:ns18="http://www.ibm.com/bpm/CoachDesignerNG" xmlns:ns19="http://www.ibm.com/xmlns/tagging" xmlns:ns20="http://www.ibm.com/bpm/uitheme" xmlns:ns21="http://www.ibm.com/bpm/coachview" id="fc8af694-a0cd-4652-930e-5957dd7fa5c2" targetNamespace="" expressionLanguage="http://www.ibm.com/xmlns/prod/bpm/expression-lang/javascript" typeLanguage="http://www.w3.org/2001/XMLSchema">
                
                
                <ns17:process name="Deployment Service Flow" id="1.f224d83f-a7fa-4207-9a67-4391a94e4eb5" ns2:executionMode="microflow">
                    
                    
                    <ns17:documentation />
                    
                    
                    <ns17:extensionElements>
                        
                        
                        <ns2:isSecured>true</ns2:isSecured>
                        
                        
                        <ns2:sboSyncEnabled>true</ns2:sboSyncEnabled>
                        
                        
                        <ns2:isAjaxExposed>false</ns2:isAjaxExposed>
                        
                    
                    </ns17:extensionElements>
                    
                    
                    <ns17:ioSpecification>
                        
                        
                        <ns17:inputSet />
                        
                        
                        <ns17:outputSet />
                        
                    
                    </ns17:ioSpecification>
                    
                    
                    <ns17:laneSet id="6a73a376-0382-4ef0-b6d4-ba44a75561da">
                        
                        
                        <ns17:lane name="System" partitionElementRef="24.6fd38d02-81cf-48ab-bd42-8ff4c0a1628b" id="31963803-465c-4fbf-9a26-176e64dbf812" ns3:isSystemLane="true">
                            
                            
                            <ns17:extensionElements>
                                
                                
                                <ns13:nodeVisualInfo x="0" y="0" width="3000" height="500" color="#F8F8F8" />
                                
                            
                            </ns17:extensionElements>
                            
                            
                            <ns17:flowNodeRef>071a20b4-f5fa-4484-814c-771ad993d6c7</ns17:flowNodeRef>
                            
                            
                            <ns17:flowNodeRef>d0a49a80-cf89-4b41-a615-b851da474ef3</ns17:flowNodeRef>
                            
                        
                        </ns17:lane>
                        
                    
                    </ns17:laneSet>
                    
                    
                    <ns17:startEvent isInterrupting="false" parallelMultiple="false" name="Start" id="071a20b4-f5fa-4484-814c-771ad993d6c7">
                        
                        
                        <ns17:extensionElements>
                            
                            
                            <ns13:nodeVisualInfo x="25" y="80" width="24" height="24" color="#F8F8F8" />
                            
                        
                        </ns17:extensionElements>
                        
                        
                        <ns17:outgoing>8fd2f55e-4d4d-4ae9-b226-f4baec4bae9a</ns17:outgoing>
                        
                    
                    </ns17:startEvent>
                    
                    
                    <ns17:endEvent name="End" id="d0a49a80-cf89-4b41-a615-b851da474ef3">
                        
                        
                        <ns17:extensionElements>
                            
                            
                            <ns13:nodeVisualInfo x="650" y="80" width="24" height="24" color="#F8F8F8" />
                            
                            
                            <ns2:endStateId>guid:ea3e9ac41fb6c91a:45e9269a:1653e8250ae:-6631</ns2:endStateId>
                            
                            
                            <ns3:saveExecutionContext>true</ns3:saveExecutionContext>
                            
                        
                        </ns17:extensionElements>
                        
                        
                        <ns17:incoming>8fd2f55e-4d4d-4ae9-b226-f4baec4bae9a</ns17:incoming>
                        
                    
                    </ns17:endEvent>
                    
                    
                    <ns17:sequenceFlow sourceRef="071a20b4-f5fa-4484-814c-771ad993d6c7" targetRef="d0a49a80-cf89-4b41-a615-b851da474ef3" name="To End" id="8fd2f55e-4d4d-4ae9-b226-f4baec4bae9a">
                        
                        
                        <ns17:extensionElements>
                            
                            
                            <ns13:linkVisualInfo>
                                
                                
                                <ns13:sourcePortLocation>rightCenter</ns13:sourcePortLocation>
                                
                                
                                <ns13:targetPortLocation>leftCenter</ns13:targetPortLocation>
                                
                                
                                <ns13:showLabel>false</ns13:showLabel>
                                
                                
                                <ns13:showCoachControlLabel>false</ns13:showCoachControlLabel>
                                
                                
                                <ns13:labelPosition>0.0</ns13:labelPosition>
                                
                                
                                <ns13:saveExecutionContext>false</ns13:saveExecutionContext>
                                
                            
                            </ns13:linkVisualInfo>
                            
                        
                        </ns17:extensionElements>
                        
                    
                    </ns17:sequenceFlow>
                    
                
                </ns17:process>
                
            
            </ns17:definitions>
        </bpmn2Model>
    </process>
</teamworks>

