<?xml version="1.0" encoding="UTF-8"?>
<teamworks>
    <twClass id="12.76c36e9b-604e-492d-9814-f95bbaa4c29c" name="ResponsiveMode">
        <lastModified>1578332252612</lastModified>
        <lastModifiedBy>tw_admin</lastModifiedBy>
        <tenantId isNull="true" />
        <classId>12.76c36e9b-604e-492d-9814-f95bbaa4c29c</classId>
        <type>0</type>
        <isSystem>false</isSystem>
        <shared>false</shared>
        <isShadow>false</isShadow>
        <globalLifetime>false</globalLifetime>
        <internalName isNull="true" />
        <extensionType isNull="true" />
        <saveServiceRef isNull="true" />
        <bpmn2Data isNull="true" />
        <externalId>itm.12.76c36e9b-604e-492d-9814-f95bbaa4c29c</externalId>
        <dependencySummary isNull="true" />
        <jsonData>{"simpleType":[{"annotation":{"documentation":[{}],"appinfo":[{"advancedProperties":[{}]}]},"name":"ResponsiveMode","restriction":{"annotation":{"appinfo":[{"simpleBaseType":["Selection"]}]},"enumeration":[{"annotation":{"appinfo":[{"displayName":["large"]}]},"value":"LARGE"},{"annotation":{"appinfo":[{"displayName":["medium"]}]},"value":"MEDIUM"},{"annotation":{"appinfo":[{"displayName":["small"]}]},"value":"SMALL"}],"base":"{http:\/\/www.w3.org\/2001\/XMLSchema}string"}}],"attributeFormDefault":"unqualified","elementFormDefault":"unqualified","targetNamespace":"http:\/\/SYSCT","id":"_12.76c36e9b-604e-492d-9814-f95bbaa4c29c"}</jsonData>
        <dataName isNull="true" />
        <description isNull="true" />
        <guid>guid:f1038064a70dc74c:-1157288d:16f7bdbe52a:-7fc4</guid>
        <versionId>18ec5c35-dd5d-437a-8685-704aa5029650</versionId>
        <definition>
            <validator>
                <className isNull="true" />
                <errorMessage isNull="true" />
                <webWidgetJavaClass isNull="true" />
                <externalType isNull="true" />
                <configData>
                    <schema>
                        <simpleType name="ResponsiveMode">
                            <restriction base="Selection">
                                <option value="LARGE" display="large" />
                                <option value="MEDIUM" display="medium" />
                                <option value="SMALL" display="small" />
                            </restriction>
                        </simpleType>
                    </schema>
                </configData>
            </validator>
            <annotation type="com.lombardisoftware.core.xml.XMLTypeAnnotation" version="2.0">
                <exclude isNull="true" />
                <anonymous isNull="true" />
                <local isNull="true" />
                <name isNull="true" />
                <namespace isNull="true" />
                <elementName isNull="true" />
                <elementNamespace isNull="true" />
                <protoTypeName isNull="true" />
                <baseTypeName isNull="true" />
                <specialType isNull="true" />
                <contentTypeVariety isNull="true" />
                <xscRef isNull="true" />
            </annotation>
        </definition>
    </twClass>
</teamworks>

