<?xml version="1.0" encoding="UTF-8"?>
<teamworks>
    <twClass id="12.91508b39-7403-40bb-ab3f-f18ad5be13a7" name="CalendarViews">
        <lastModified>1631082937782</lastModified>
        <lastModifiedBy>tw_admin</lastModifiedBy>
        <tenantId isNull="true" />
        <classId>12.91508b39-7403-40bb-ab3f-f18ad5be13a7</classId>
        <type>0</type>
        <isSystem>false</isSystem>
        <shared>false</shared>
        <isShadow>false</isShadow>
        <globalLifetime>false</globalLifetime>
        <internalName isNull="true" />
        <extensionType isNull="true" />
        <saveServiceRef isNull="true" />
        <bpmn2Data isNull="true" />
        <externalId>itm.12.91508b39-7403-40bb-ab3f-f18ad5be13a7</externalId>
        <dependencySummary isNull="true" />
        <jsonData>{"simpleType":[{"annotation":{"documentation":[{}],"appinfo":[{"advancedProperties":[{}]}]},"name":"CalendarViews","restriction":{"annotation":{"appinfo":[{"simpleBaseType":["Selection"]}]},"enumeration":[{"annotation":{"appinfo":[{"displayName":["Month View"]}]},"value":"dayGridMonth"},{"annotation":{"appinfo":[{"displayName":["Week View"]}]},"value":"timeGridWeek"},{"annotation":{"appinfo":[{"displayName":["Day View"]}]},"value":"timeGridDay"}],"base":"{http:\/\/www.w3.org\/2001\/XMLSchema}string"}}],"attributeFormDefault":"unqualified","elementFormDefault":"unqualified","targetNamespace":"http:\/\/SYSCT","id":"_12.91508b39-7403-40bb-ab3f-f18ad5be13a7"}</jsonData>
        <dataName isNull="true" />
        <description isNull="true" />
        <guid>guid:428e940d615b0ab5:3cc8c03e:17bc3f86f60:-7f62</guid>
        <versionId>87a24a15-228a-4f4a-9806-d54ab83099fd</versionId>
        <definition>
            <validator>
                <className isNull="true" />
                <errorMessage isNull="true" />
                <webWidgetJavaClass isNull="true" />
                <externalType isNull="true" />
                <configData>
                    <schema>
                        <simpleType name="CalendarViews">
                            <restriction base="Selection">
                                <option value="dayGridMonth" display="Month View" />
                                <option value="timeGridWeek" display="Week View" />
                                <option value="timeGridDay" display="Day View" />
                            </restriction>
                        </simpleType>
                    </schema>
                </configData>
            </validator>
            <annotation type="com.lombardisoftware.core.xml.XMLTypeAnnotation" version="2.0">
                <exclude isNull="true" />
                <anonymous isNull="true" />
                <local isNull="true" />
                <name isNull="true" />
                <namespace isNull="true" />
                <elementName isNull="true" />
                <elementNamespace isNull="true" />
                <protoTypeName isNull="true" />
                <baseTypeName isNull="true" />
                <specialType isNull="true" />
                <contentTypeVariety isNull="true" />
                <xscRef isNull="true" />
            </annotation>
        </definition>
    </twClass>
</teamworks>

