<?xml version="1.0" encoding="UTF-8"?>
<teamworks>
    <managedAsset id="61.0d213416-86e4-4203-a3dd-96ffddaecbe7" name="Case-Control-CaseHeader-Preview.js">
        <lastModified>1595618314368</lastModified>
        <lastModifiedBy>tw_admin</lastModifiedBy>
        <tenantId isNull="true" />
        <managedAssetId>61.0d213416-86e4-4203-a3dd-96ffddaecbe7</managedAssetId>
        <assetUuid>5a153052-1db4-43c1-a36f-10ad6a0cbfb5</assetUuid>
        <mimeType>application/javascript</mimeType>
        <charEncoding isNull="true" />
        <assetTypeCode>W</assetTypeCode>
        <length>14210</length>
        <localLastModification>1595547583424</localLastModification>
        <description isNull="true" />
        <isDocumentationFile>false</isDocumentationFile>
        <guid>fceed43c-0bbb-4821-bf09-e98917274c84</guid>
        <versionId>8106d063-f154-45ca-a4b1-f77c64b5172d</versionId>
    </managedAsset>
</teamworks>

