<?xml version="1.0" encoding="UTF-8"?>
<teamworks>
    <managedAsset id="61.0421350b-5f71-4347-b9f8-6ba9d4e4733b" name="Case-Control-CaseComments.js">
        <lastModified>1595618314368</lastModified>
        <lastModifiedBy>tw_admin</lastModifiedBy>
        <tenantId isNull="true" />
        <managedAssetId>61.0421350b-5f71-4347-b9f8-6ba9d4e4733b</managedAssetId>
        <assetUuid>e4320346-e8ff-4735-bf66-fa966203fe0c</assetUuid>
        <mimeType>application/javascript</mimeType>
        <charEncoding isNull="true" />
        <assetTypeCode>W</assetTypeCode>
        <length>25816</length>
        <localLastModification>1595547583424</localLastModification>
        <description isNull="true" />
        <isDocumentationFile>false</isDocumentationFile>
        <guid>2cdb0c37-6055-41c1-813d-7940a33e4261</guid>
        <versionId>38c9e767-a968-43ea-baf1-90b419cb6827</versionId>
    </managedAsset>
</teamworks>

