<?xml version="1.0" encoding="UTF-8"?>
<teamworks>
    <managedAsset id="61.1716cd3f-fec5-4603-a835-5d2e9c47c529" name="e_doc_32.png">
        <lastModified>1633589789116</lastModified>
        <lastModifiedBy>tw_admin</lastModifiedBy>
        <tenantId isNull="true" />
        <managedAssetId>61.1716cd3f-fec5-4603-a835-5d2e9c47c529</managedAssetId>
        <assetUuid>5c80ae06-d0d5-4338-89fd-b3326d0bd763</assetUuid>
        <mimeType>image/png</mimeType>
        <charEncoding isNull="true" />
        <assetTypeCode>W</assetTypeCode>
        <length>604</length>
        <localLastModification>1633589789081</localLastModification>
        <description isNull="true" />
        <isDocumentationFile>false</isDocumentationFile>
        <guid>9a2e610c-6071-4ac8-b746-e94864ad3531</guid>
        <versionId>2fe39794-d8e3-44ab-9765-2430c8c72732</versionId>
    </managedAsset>
</teamworks>

