<?xml version="1.0" encoding="UTF-8"?>
<teamworks>
    <managedAsset id="61.13d183f2-4748-4f3d-8ed3-8630afe1de46" name="collapse_hc_16.png">
        <lastModified>1633587825561</lastModified>
        <lastModifiedBy>tw_admin</lastModifiedBy>
        <tenantId isNull="true" />
        <managedAssetId>61.13d183f2-4748-4f3d-8ed3-8630afe1de46</managedAssetId>
        <assetUuid>e999d0b0-809a-4bc9-a3b6-a925227fc973</assetUuid>
        <mimeType>image/png</mimeType>
        <charEncoding isNull="true" />
        <assetTypeCode>W</assetTypeCode>
        <length>174</length>
        <localLastModification>1633587825482</localLastModification>
        <description isNull="true" />
        <isDocumentationFile>false</isDocumentationFile>
        <guid>4bc64706-07cd-470a-82a8-05d8c43eb877</guid>
        <versionId>ec944a53-443a-40e4-a69c-d8fb037631fe</versionId>
    </managedAsset>
</teamworks>

