<?xml version="1.0" encoding="UTF-8"?>
<teamworks>
    <managedAsset id="61.12022532-08b6-4887-a938-0187aad18a21" name="Case-Control-TaskList-Preview.js">
        <lastModified>1595618314368</lastModified>
        <lastModifiedBy>tw_admin</lastModifiedBy>
        <tenantId isNull="true" />
        <managedAssetId>61.12022532-08b6-4887-a938-0187aad18a21</managedAssetId>
        <assetUuid>2186c5c0-ea05-4f7f-b6bf-6f791240c47a</assetUuid>
        <mimeType>application/javascript</mimeType>
        <charEncoding isNull="true" />
        <assetTypeCode>W</assetTypeCode>
        <length>6509</length>
        <localLastModification>1595547583424</localLastModification>
        <description isNull="true" />
        <isDocumentationFile>false</isDocumentationFile>
        <guid>9183834f-8f47-46cd-b90f-b12c8b414be9</guid>
        <versionId>6d2ec978-8661-4162-91d7-45a88ea4e3d6</versionId>
    </managedAsset>
</teamworks>

