<?xml version="1.0" encoding="UTF-8"?>
<teamworks>
    <managedAsset id="61.1d138615-8394-4756-87aa-3948af48a58c" name="completed_activity.png">
        <lastModified>1588265095810</lastModified>
        <lastModifiedBy>tw_admin</lastModifiedBy>
        <tenantId isNull="true" />
        <managedAssetId>61.1d138615-8394-4756-87aa-3948af48a58c</managedAssetId>
        <assetUuid>3308c693-4a59-4074-a1f7-a99bce7d912c</assetUuid>
        <mimeType>image/png</mimeType>
        <charEncoding isNull="true" />
        <assetTypeCode>W</assetTypeCode>
        <length>448</length>
        <localLastModification>1588187186911</localLastModification>
        <description isNull="true" />
        <isDocumentationFile>false</isDocumentationFile>
        <guid>9a282ff1-b2cc-4dfa-9bfd-b947de99ba95</guid>
        <versionId>cd164ab7-df19-4530-87f9-6ad795aed946</versionId>
    </managedAsset>
</teamworks>

