<?xml version="1.0" encoding="UTF-8"?>
<teamworks>
    <managedAsset id="61.25de43eb-218f-4926-815a-699058710c04" name="e_case_32.png">
        <lastModified>1633588021713</lastModified>
        <lastModifiedBy>tw_admin</lastModifiedBy>
        <tenantId isNull="true" />
        <managedAssetId>61.25de43eb-218f-4926-815a-699058710c04</managedAssetId>
        <assetUuid>8954e0d4-29f7-46a4-b704-f33d40904dba</assetUuid>
        <mimeType>image/png</mimeType>
        <charEncoding isNull="true" />
        <assetTypeCode>W</assetTypeCode>
        <length>688</length>
        <localLastModification>1633588021682</localLastModification>
        <description isNull="true" />
        <isDocumentationFile>false</isDocumentationFile>
        <guid>2a64153a-4318-46fb-9137-95dfb98d13e0</guid>
        <versionId>c713adc6-4046-40f6-bdca-bad258e934df</versionId>
    </managedAsset>
</teamworks>

