<?xml version="1.0" encoding="UTF-8"?>
<teamworks>
    <managedAsset id="61.3aa95a4b-2d71-4508-8de7-9228c6014ede" name="Case-Control-CaseProperties.js">
        <lastModified>1595618314368</lastModified>
        <lastModifiedBy>tw_admin</lastModifiedBy>
        <tenantId isNull="true" />
        <managedAssetId>61.3aa95a4b-2d71-4508-8de7-9228c6014ede</managedAssetId>
        <assetUuid>f31d1fab-640e-4043-abec-8328a446e850</assetUuid>
        <mimeType>application/javascript</mimeType>
        <charEncoding isNull="true" />
        <assetTypeCode>W</assetTypeCode>
        <length>121638</length>
        <localLastModification>1595547583424</localLastModification>
        <description isNull="true" />
        <isDocumentationFile>false</isDocumentationFile>
        <guid>f31676d5-8b0d-4abb-bff2-9b41d78f74e3</guid>
        <versionId>f7246246-381c-48ca-af4a-4ed8198d2340</versionId>
    </managedAsset>
</teamworks>

