<?xml version="1.0" encoding="UTF-8"?>
<teamworks>
    <managedAsset id="61.31df77e2-8cc5-4141-9549-4b1d2db47a80" name="Case-Control-Calendar.js">
        <lastModified>1629905141290</lastModified>
        <lastModifiedBy>tw_admin</lastModifiedBy>
        <tenantId isNull="true" />
        <managedAssetId>61.31df77e2-8cc5-4141-9549-4b1d2db47a80</managedAssetId>
        <assetUuid>06b169f3-a56f-4926-b540-7d0feacd6881</assetUuid>
        <mimeType>application/javascript</mimeType>
        <charEncoding isNull="true" />
        <assetTypeCode>W</assetTypeCode>
        <length>13752</length>
        <localLastModification>1627500338000</localLastModification>
        <description isNull="true" />
        <isDocumentationFile>false</isDocumentationFile>
        <guid>ec6e11a4-ab83-408a-aec9-5eb19aebf35b</guid>
        <versionId>c5689a66-233d-4651-85b0-1a28daa3d8c8</versionId>
    </managedAsset>
</teamworks>

