<?xml version="1.0" encoding="UTF-8"?>
<teamworks>
    <managedAsset id="61.37fd62e8-599b-4c0a-9543-a4bc6acc729b" name="disabled_ready_activity_20px_png24.png">
        <lastModified>1600008245121</lastModified>
        <lastModifiedBy>tw_admin</lastModifiedBy>
        <tenantId isNull="true" />
        <managedAssetId>61.37fd62e8-599b-4c0a-9543-a4bc6acc729b</managedAssetId>
        <assetUuid>075d4e50-cb1d-40ad-b53f-b04faf67371f</assetUuid>
        <mimeType>image/png</mimeType>
        <charEncoding isNull="true" />
        <assetTypeCode>W</assetTypeCode>
        <length>481</length>
        <localLastModification>1578558104142</localLastModification>
        <description isNull="true" />
        <isDocumentationFile>false</isDocumentationFile>
        <guid>403c6cd5-12b8-405b-8198-b1fc20d0ccc8</guid>
        <versionId>a2180573-fc6d-4887-b552-6f1020f6c6c3</versionId>
    </managedAsset>
</teamworks>

