<?xml version="1.0" encoding="UTF-8"?>
<teamworks>
    <managedAsset id="61.37d0c7bb-f25f-4a9a-93c3-b5a5bfb572ab" name="case_16.png">
        <lastModified>1600008214157</lastModified>
        <lastModifiedBy>tw_admin</lastModifiedBy>
        <tenantId isNull="true" />
        <managedAssetId>61.37d0c7bb-f25f-4a9a-93c3-b5a5bfb572ab</managedAssetId>
        <assetUuid>0bd39bc9-2fff-4b12-a0bd-1dcc093ea379</assetUuid>
        <mimeType>image/png</mimeType>
        <charEncoding isNull="true" />
        <assetTypeCode>W</assetTypeCode>
        <length>347</length>
        <localLastModification>1578558104126</localLastModification>
        <description isNull="true" />
        <isDocumentationFile>false</isDocumentationFile>
        <guid>44d88c3d-38e4-4ffa-bff2-28bd1e292591</guid>
        <versionId>b2826731-6c31-49bb-9ae0-00cf1ea137c0</versionId>
    </managedAsset>
</teamworks>

