<?xml version="1.0" encoding="UTF-8"?>
<teamworks>
    <managedAsset id="61.31833b6c-2f23-4570-b508-06ea3f13b15d" name="collapse_screen_16.png">
        <lastModified>1600008214157</lastModified>
        <lastModifiedBy>tw_admin</lastModifiedBy>
        <tenantId isNull="true" />
        <managedAssetId>61.31833b6c-2f23-4570-b508-06ea3f13b15d</managedAssetId>
        <assetUuid>2bbd4341-1b6a-4306-8f76-63a87cb90294</assetUuid>
        <mimeType>image/png</mimeType>
        <charEncoding isNull="true" />
        <assetTypeCode>W</assetTypeCode>
        <length>238</length>
        <localLastModification>1578558104126</localLastModification>
        <description isNull="true" />
        <isDocumentationFile>false</isDocumentationFile>
        <guid>c6fa5a9e-39a0-4519-9fbf-7697170545d4</guid>
        <versionId>458a88e7-c010-419c-95a7-0510a3ba9eb4</versionId>
    </managedAsset>
</teamworks>

