<?xml version="1.0" encoding="UTF-8"?>
<teamworks>
    <managedAsset id="61.4b03515f-e701-4aff-85f7-d27a3675d88f" name="working_activity.png">
        <lastModified>1588265095810</lastModified>
        <lastModifiedBy>tw_admin</lastModifiedBy>
        <tenantId isNull="true" />
        <managedAssetId>61.4b03515f-e701-4aff-85f7-d27a3675d88f</managedAssetId>
        <assetUuid>e8d5e9c9-887f-4b18-90e5-c930afa22584</assetUuid>
        <mimeType>image/png</mimeType>
        <charEncoding isNull="true" />
        <assetTypeCode>W</assetTypeCode>
        <length>451</length>
        <localLastModification>1588187186911</localLastModification>
        <description isNull="true" />
        <isDocumentationFile>false</isDocumentationFile>
        <guid>dcbcffd1-9280-432d-ba5e-33536cf2576a</guid>
        <versionId>f074adc1-57ac-4bbc-b82a-b6fa830e738a</versionId>
    </managedAsset>
</teamworks>

