<?xml version="1.0" encoding="UTF-8"?>
<teamworks>
    <managedAsset id="61.4aa18723-48c6-4c05-b5f1-dda1f39beb90" name="e_file_16.png">
        <lastModified>1633589806851</lastModified>
        <lastModifiedBy>tw_admin</lastModifiedBy>
        <tenantId isNull="true" />
        <managedAssetId>61.4aa18723-48c6-4c05-b5f1-dda1f39beb90</managedAssetId>
        <assetUuid>fa3ff249-d38f-4dde-8e2c-78d4d77da013</assetUuid>
        <mimeType>image/png</mimeType>
        <charEncoding isNull="true" />
        <assetTypeCode>W</assetTypeCode>
        <length>305</length>
        <localLastModification>1633589806818</localLastModification>
        <description isNull="true" />
        <isDocumentationFile>false</isDocumentationFile>
        <guid>11a176bf-e234-420d-b656-0ac4708c8481</guid>
        <versionId>772d3c40-396f-4ad9-98b4-4f99d8ced456</versionId>
    </managedAsset>
</teamworks>

