<?xml version="1.0" encoding="UTF-8"?>
<teamworks>
    <managedAsset id="61.58a9c760-e91f-46e3-9634-76a00387a104" name="working_activity_20px_png24.png">
        <lastModified>1600008327202</lastModified>
        <lastModifiedBy>tw_admin</lastModifiedBy>
        <tenantId isNull="true" />
        <managedAssetId>61.58a9c760-e91f-46e3-9634-76a00387a104</managedAssetId>
        <assetUuid>aabfbf11-6be6-4e93-a460-c5513acaea94</assetUuid>
        <mimeType>image/png</mimeType>
        <charEncoding isNull="true" />
        <assetTypeCode>W</assetTypeCode>
        <length>250</length>
        <localLastModification>1578558104173</localLastModification>
        <description isNull="true" />
        <isDocumentationFile>false</isDocumentationFile>
        <guid>f56fe215-84f7-42ac-a65d-0f8eaee31cb4</guid>
        <versionId>e61106d1-f3ba-45b4-b394-94a7bde1f955</versionId>
    </managedAsset>
</teamworks>

