<?xml version="1.0" encoding="UTF-8"?>
<teamworks>
    <managedAsset id="61.518aeba4-36e5-4ddf-8eeb-cbb2e58df770" name="Case-Control-AddQuickTaskModal.js">
        <lastModified>1629905141290</lastModified>
        <lastModifiedBy>tw_admin</lastModifiedBy>
        <tenantId isNull="true" />
        <managedAssetId>61.518aeba4-36e5-4ddf-8eeb-cbb2e58df770</managedAssetId>
        <assetUuid>c6584306-d7d9-4d15-b9a7-2c1fddd5ae06</assetUuid>
        <mimeType>application/javascript</mimeType>
        <charEncoding isNull="true" />
        <assetTypeCode>W</assetTypeCode>
        <length>15641</length>
        <localLastModification>1627500338000</localLastModification>
        <description isNull="true" />
        <isDocumentationFile>false</isDocumentationFile>
        <guid>cad3aa98-3b8c-454c-b415-f80b1c0f4dca</guid>
        <versionId>b729f63c-0bb6-403b-b3a7-3f1e0304d1c4</versionId>
    </managedAsset>
</teamworks>

