<?xml version="1.0" encoding="UTF-8"?>
<teamworks>
    <managedAsset id="61.6d9d4d71-b2eb-413d-bac0-f70a2458f9db" name="disabled_system_activity_20px_png24.png">
        <lastModified>1600008260495</lastModified>
        <lastModifiedBy>tw_admin</lastModifiedBy>
        <tenantId isNull="true" />
        <managedAssetId>61.6d9d4d71-b2eb-413d-bac0-f70a2458f9db</managedAssetId>
        <assetUuid>0c3c32c2-38ee-4df1-a75f-165d8d5f6261</assetUuid>
        <mimeType>image/png</mimeType>
        <charEncoding isNull="true" />
        <assetTypeCode>W</assetTypeCode>
        <length>481</length>
        <localLastModification>1578558104142</localLastModification>
        <description isNull="true" />
        <isDocumentationFile>false</isDocumentationFile>
        <guid>067ade47-790f-4c46-a9fd-df03d1b220ce</guid>
        <versionId>cfbd18c0-38bb-40d0-9923-314605c682b3</versionId>
    </managedAsset>
</teamworks>

