<?xml version="1.0" encoding="UTF-8"?>
<teamworks>
    <managedAsset id="61.7d1df1b3-a660-460e-a938-cdb25c62ed58" name="e_doc_16.png">
        <lastModified>1633589769764</lastModified>
        <lastModifiedBy>tw_admin</lastModifiedBy>
        <tenantId isNull="true" />
        <managedAssetId>61.7d1df1b3-a660-460e-a938-cdb25c62ed58</managedAssetId>
        <assetUuid>c676f363-83f3-42e7-92ec-df5c0c33cd81</assetUuid>
        <mimeType>image/png</mimeType>
        <charEncoding isNull="true" />
        <assetTypeCode>W</assetTypeCode>
        <length>300</length>
        <localLastModification>1633589769743</localLastModification>
        <description isNull="true" />
        <isDocumentationFile>false</isDocumentationFile>
        <guid>8b231c67-c8bb-409d-9d6d-554460ad1e1b</guid>
        <versionId>f0efb808-53b8-4f22-a681-1911c1ac6b34</versionId>
    </managedAsset>
</teamworks>

