<?xml version="1.0" encoding="UTF-8"?>
<teamworks>
    <managedAsset id="61.8c3d4f38-3ad5-4cb5-9d9d-bbdfcbd12e7f" name="Case-Control-CreatePackage.js">
        <lastModified>1618864264696</lastModified>
        <lastModifiedBy>tw_admin</lastModifiedBy>
        <tenantId isNull="true" />
        <managedAssetId>61.8c3d4f38-3ad5-4cb5-9d9d-bbdfcbd12e7f</managedAssetId>
        <assetUuid>c7d4ec24-4d5a-434f-a654-3f04bc2df3e2</assetUuid>
        <mimeType>application/javascript</mimeType>
        <charEncoding isNull="true" />
        <assetTypeCode>W</assetTypeCode>
        <length>12825</length>
        <localLastModification>1595547583424</localLastModification>
        <description isNull="true" />
        <isDocumentationFile>false</isDocumentationFile>
        <guid>4481ae40-f042-4d16-8aaf-8503ce2c5dc1</guid>
        <versionId>a13fee6e-8401-4979-9855-606432d69f3c</versionId>
    </managedAsset>
</teamworks>

