<?xml version="1.0" encoding="UTF-8"?>
<teamworks>
    <managedAsset id="61.95167a75-3b25-4903-bae6-03033467f18a" name="status_atRisk.png">
        <lastModified>1588265095810</lastModified>
        <lastModifiedBy>tw_admin</lastModifiedBy>
        <tenantId isNull="true" />
        <managedAssetId>61.95167a75-3b25-4903-bae6-03033467f18a</managedAssetId>
        <assetUuid>b51e55a9-3cea-4b9b-8cca-c6eedc31777f</assetUuid>
        <mimeType>image/png</mimeType>
        <charEncoding isNull="true" />
        <assetTypeCode>W</assetTypeCode>
        <length>465</length>
        <localLastModification>1588187186911</localLastModification>
        <description isNull="true" />
        <isDocumentationFile>false</isDocumentationFile>
        <guid>872421ee-e51c-4356-ad84-e847157105cc</guid>
        <versionId>9e34c8d0-c382-45e2-b50a-57e4774cae72</versionId>
    </managedAsset>
</teamworks>

