<?xml version="1.0" encoding="UTF-8"?>
<teamworks>
    <managedAsset id="61.940477b6-0af4-47dc-b6de-b5ceaacb2a7d" name="workitem_success_16.png">
        <lastModified>1633590764888</lastModified>
        <lastModifiedBy>tw_admin</lastModifiedBy>
        <tenantId isNull="true" />
        <managedAssetId>61.940477b6-0af4-47dc-b6de-b5ceaacb2a7d</managedAssetId>
        <assetUuid>ada453fd-c2e5-45ff-9f0f-23842e024645</assetUuid>
        <mimeType>image/png</mimeType>
        <charEncoding isNull="true" />
        <assetTypeCode>W</assetTypeCode>
        <length>456</length>
        <localLastModification>1633590764852</localLastModification>
        <description isNull="true" />
        <isDocumentationFile>false</isDocumentationFile>
        <guid>80ad6c4b-dcfb-4eb3-a6c0-58da0ae94a12</guid>
        <versionId>cda202d7-4563-446b-a7fb-18bd1aca891e</versionId>
    </managedAsset>
</teamworks>

