<?xml version="1.0" encoding="UTF-8"?>
<teamworks>
    <managedAsset id="61.aecc1bb2-929d-4898-9210-5a447a7d3859" name="e_task_32.png">
        <lastModified>1633590733935</lastModified>
        <lastModifiedBy>tw_admin</lastModifiedBy>
        <tenantId isNull="true" />
        <managedAssetId>61.aecc1bb2-929d-4898-9210-5a447a7d3859</managedAssetId>
        <assetUuid>3e984b9b-2303-4d35-8721-d05a3c05a849</assetUuid>
        <mimeType>image/png</mimeType>
        <charEncoding isNull="true" />
        <assetTypeCode>W</assetTypeCode>
        <length>1250</length>
        <localLastModification>1633590733910</localLastModification>
        <description isNull="true" />
        <isDocumentationFile>false</isDocumentationFile>
        <guid>09334132-33e3-4888-bc88-f63093ed7508</guid>
        <versionId>8051001a-edf7-4da2-bf25-a252e12441ab</versionId>
    </managedAsset>
</teamworks>

