<?xml version="1.0" encoding="UTF-8"?>
<teamworks>
    <managedAsset id="61.a4b2b2ee-088d-4250-b771-fec20da01d44" name="Case-Control-CaseActivities.js">
        <lastModified>1595618314368</lastModified>
        <lastModifiedBy>tw_admin</lastModifiedBy>
        <tenantId isNull="true" />
        <managedAssetId>61.a4b2b2ee-088d-4250-b771-fec20da01d44</managedAssetId>
        <assetUuid>d4feb238-f617-4767-999d-8428a117b6d0</assetUuid>
        <mimeType>application/javascript</mimeType>
        <charEncoding isNull="true" />
        <assetTypeCode>W</assetTypeCode>
        <length>97573</length>
        <localLastModification>1595547583424</localLastModification>
        <description isNull="true" />
        <isDocumentationFile>false</isDocumentationFile>
        <guid>a713a176-9885-4555-8d7c-44f0932c7357</guid>
        <versionId>fde30a16-933a-48ae-a1db-32c91d262bac</versionId>
    </managedAsset>
</teamworks>

