<?xml version="1.0" encoding="UTF-8"?>
<teamworks>
    <managedAsset id="61.acafc0fd-d6b2-4fc1-9556-4c5ed5b4b070" name="Case-Control-CaseHeader.js">
        <lastModified>1595618314368</lastModified>
        <lastModifiedBy>tw_admin</lastModifiedBy>
        <tenantId isNull="true" />
        <managedAssetId>61.acafc0fd-d6b2-4fc1-9556-4c5ed5b4b070</managedAssetId>
        <assetUuid>1683b309-64fe-489d-9355-a67b014c45d3</assetUuid>
        <mimeType>application/javascript</mimeType>
        <charEncoding isNull="true" />
        <assetTypeCode>W</assetTypeCode>
        <length>29538</length>
        <localLastModification>1595547583424</localLastModification>
        <description isNull="true" />
        <isDocumentationFile>false</isDocumentationFile>
        <guid>a9f0b222-3f03-43fd-800f-32f02fcaa2ab</guid>
        <versionId>a3950178-06f2-45ab-9726-14d4e2bbbb4b</versionId>
    </managedAsset>
</teamworks>

