<?xml version="1.0" encoding="UTF-8"?>
<teamworks>
    <managedAsset id="61.a818aad8-1970-47d1-8cee-f5025ec6eaa7" name="snapshot_hc_16.png">
        <lastModified>1633590426989</lastModified>
        <lastModifiedBy>tw_admin</lastModifiedBy>
        <tenantId isNull="true" />
        <managedAssetId>61.a818aad8-1970-47d1-8cee-f5025ec6eaa7</managedAssetId>
        <assetUuid>4be6b23a-f790-492b-8073-7936c3fef007</assetUuid>
        <mimeType>image/png</mimeType>
        <charEncoding isNull="true" />
        <assetTypeCode>W</assetTypeCode>
        <length>492</length>
        <localLastModification>1633590426935</localLastModification>
        <description isNull="true" />
        <isDocumentationFile>false</isDocumentationFile>
        <guid>9a23ccb0-0161-4c79-80a7-ea778ffe932e</guid>
        <versionId>fe418f73-e960-48cb-9eda-b734749ba0d4</versionId>
    </managedAsset>
</teamworks>

