<?xml version="1.0" encoding="UTF-8"?>
<teamworks>
    <managedAsset id="61.b20c92b7-e2d4-44e8-9d5a-b57f30c66b64" name="help_16.png">
        <lastModified>1600008214157</lastModified>
        <lastModifiedBy>tw_admin</lastModifiedBy>
        <tenantId isNull="true" />
        <managedAssetId>61.b20c92b7-e2d4-44e8-9d5a-b57f30c66b64</managedAssetId>
        <assetUuid>c70c4080-ad29-42ae-8aa4-4acad300e425</assetUuid>
        <mimeType>image/png</mimeType>
        <charEncoding isNull="true" />
        <assetTypeCode>W</assetTypeCode>
        <length>510</length>
        <localLastModification>1578558104126</localLastModification>
        <description isNull="true" />
        <isDocumentationFile>false</isDocumentationFile>
        <guid>ed27e6c8-b9a2-4a87-b372-894d5cb61543</guid>
        <versionId>fd205fd9-cd17-4a5b-8a04-1708843597b7</versionId>
    </managedAsset>
</teamworks>

