<?xml version="1.0" encoding="UTF-8"?>
<teamworks>
    <managedAsset id="61.bca5ff52-f962-4bb5-940e-77b938884057" name="expand_hc_16.png">
        <lastModified>1633590189779</lastModified>
        <lastModifiedBy>tw_admin</lastModifiedBy>
        <tenantId isNull="true" />
        <managedAssetId>61.bca5ff52-f962-4bb5-940e-77b938884057</managedAssetId>
        <assetUuid>75d75936-5faf-411f-b00c-94beeacb42a4</assetUuid>
        <mimeType>image/png</mimeType>
        <charEncoding isNull="true" />
        <assetTypeCode>W</assetTypeCode>
        <length>190</length>
        <localLastModification>1633590189721</localLastModification>
        <description isNull="true" />
        <isDocumentationFile>false</isDocumentationFile>
        <guid>65a52b41-965a-4c05-b258-f81eeb7474a3</guid>
        <versionId>384fb8c3-0bbc-44fc-a129-6944d42d9ca0</versionId>
    </managedAsset>
</teamworks>

