<?xml version="1.0" encoding="UTF-8"?>
<teamworks>
    <managedAsset id="61.ce13e83b-aaa8-4129-b783-2d02de35f985" name="Case-Control-CaseFolder.js">
        <lastModified>1595618314368</lastModified>
        <lastModifiedBy>tw_admin</lastModifiedBy>
        <tenantId isNull="true" />
        <managedAssetId>61.ce13e83b-aaa8-4129-b783-2d02de35f985</managedAssetId>
        <assetUuid>7152add8-8f31-454d-877e-a760ebc3eefb</assetUuid>
        <mimeType>application/javascript</mimeType>
        <charEncoding isNull="true" />
        <assetTypeCode>W</assetTypeCode>
        <length>21406</length>
        <localLastModification>1595547583424</localLastModification>
        <description isNull="true" />
        <isDocumentationFile>false</isDocumentationFile>
        <guid>d8bf7998-ecf5-4563-bd0f-5a212cdee945</guid>
        <versionId>a5741715-b2e1-4bf2-ade9-d625fffb1179</versionId>
    </managedAsset>
</teamworks>

