<?xml version="1.0" encoding="UTF-8"?>
<teamworks>
    <managedAsset id="61.cfb1f9d9-6529-4492-a963-a7bcc9e52714" name="Case-Control-SplitCase.js">
        <lastModified>1595618314368</lastModified>
        <lastModifiedBy>tw_admin</lastModifiedBy>
        <tenantId isNull="true" />
        <managedAssetId>61.cfb1f9d9-6529-4492-a963-a7bcc9e52714</managedAssetId>
        <assetUuid>9de40bdc-8e22-4d5e-be91-7b9b9414b4c3</assetUuid>
        <mimeType>application/javascript</mimeType>
        <charEncoding isNull="true" />
        <assetTypeCode>W</assetTypeCode>
        <length>22157</length>
        <localLastModification>1595547583424</localLastModification>
        <description isNull="true" />
        <isDocumentationFile>false</isDocumentationFile>
        <guid>f8d5fdc0-91fb-498c-a765-26ae80a98694</guid>
        <versionId>21317cff-5c5f-4ac4-9c14-a663020b4297</versionId>
    </managedAsset>
</teamworks>

