<?xml version="1.0" encoding="UTF-8"?>
<teamworks>
    <managedAsset id="61.c1858b3e-9832-4ea9-b1c9-f87f345d3ff3" name="Case-Control-SummaryProperties.js">
        <lastModified>1595618314368</lastModified>
        <lastModifiedBy>tw_admin</lastModifiedBy>
        <tenantId isNull="true" />
        <managedAssetId>61.c1858b3e-9832-4ea9-b1c9-f87f345d3ff3</managedAssetId>
        <assetUuid>27ee8d45-12b5-48a2-a6da-ab7f472a29ff</assetUuid>
        <mimeType>application/javascript</mimeType>
        <charEncoding isNull="true" />
        <assetTypeCode>W</assetTypeCode>
        <length>29576</length>
        <localLastModification>1595547583424</localLastModification>
        <description isNull="true" />
        <isDocumentationFile>false</isDocumentationFile>
        <guid>c1fc2528-c074-4864-83ed-112b3ba0d7f7</guid>
        <versionId>e597fc54-3861-4a00-aacd-846b45a56d7a</versionId>
    </managedAsset>
</teamworks>

