<?xml version="1.0" encoding="UTF-8"?>
<teamworks>
    <managedAsset id="61.c28aed57-caa3-4dec-ab9b-e91e31462494" name="waiting_activity_20px_png24.png">
        <lastModified>1600008314962</lastModified>
        <lastModifiedBy>tw_admin</lastModifiedBy>
        <tenantId isNull="true" />
        <managedAssetId>61.c28aed57-caa3-4dec-ab9b-e91e31462494</managedAssetId>
        <assetUuid>345e5263-34e8-409b-b7a3-16ad89b24cd1</assetUuid>
        <mimeType>image/png</mimeType>
        <charEncoding isNull="true" />
        <assetTypeCode>W</assetTypeCode>
        <length>543</length>
        <localLastModification>1578558104173</localLastModification>
        <description isNull="true" />
        <isDocumentationFile>false</isDocumentationFile>
        <guid>6e3370ff-4ac8-4176-981b-f6013c396a5a</guid>
        <versionId>4af83843-6d15-423c-8421-f8ba6cf6015c</versionId>
    </managedAsset>
</teamworks>

