<?xml version="1.0" encoding="UTF-8"?>
<teamworks>
    <managedAsset id="61.c620a377-f2d7-4410-885c-3d045d873cc4" name="failed_activity_20px_png24.png">
        <lastModified>1600008290833</lastModified>
        <lastModifiedBy>tw_admin</lastModifiedBy>
        <tenantId isNull="true" />
        <managedAssetId>61.c620a377-f2d7-4410-885c-3d045d873cc4</managedAssetId>
        <assetUuid>f4319fd6-20ce-4470-8d98-5d964be0baf1</assetUuid>
        <mimeType>image/png</mimeType>
        <charEncoding isNull="true" />
        <assetTypeCode>W</assetTypeCode>
        <length>550</length>
        <localLastModification>1578558104157</localLastModification>
        <description isNull="true" />
        <isDocumentationFile>false</isDocumentationFile>
        <guid>100a3de7-a48e-4a71-8250-ace91714baa1</guid>
        <versionId>0c40239d-51d0-4dd6-bbcb-083b163debcf</versionId>
    </managedAsset>
</teamworks>

