<?xml version="1.0" encoding="UTF-8"?>
<teamworks>
    <managedAsset id="61.cc620943-02cc-4427-b674-864af201712a" name="workitem_canceled_16.png">
        <lastModified>1633590682829</lastModified>
        <lastModifiedBy>tw_admin</lastModifiedBy>
        <tenantId isNull="true" />
        <managedAssetId>61.cc620943-02cc-4427-b674-864af201712a</managedAssetId>
        <assetUuid>574d4637-0dd2-4f3d-b37d-3047c65809ba</assetUuid>
        <mimeType>image/png</mimeType>
        <charEncoding isNull="true" />
        <assetTypeCode>W</assetTypeCode>
        <length>1498</length>
        <localLastModification>1633590682791</localLastModification>
        <description isNull="true" />
        <isDocumentationFile>false</isDocumentationFile>
        <guid>63cf17db-661a-409b-8bfc-22f0d9417912</guid>
        <versionId>854f4096-0d7a-465a-9c66-284ffdad8fbd</versionId>
    </managedAsset>
</teamworks>

