<?xml version="1.0" encoding="UTF-8"?>
<teamworks>
    <managedAsset id="61.c3798400-ffaf-48dd-ab5d-a61794583a9b" name="status_overdue.png">
        <lastModified>1588265095810</lastModified>
        <lastModifiedBy>tw_admin</lastModifiedBy>
        <tenantId isNull="true" />
        <managedAssetId>61.c3798400-ffaf-48dd-ab5d-a61794583a9b</managedAssetId>
        <assetUuid>b6c51100-3cd0-4144-8bdd-b4287ee24fe0</assetUuid>
        <mimeType>image/png</mimeType>
        <charEncoding isNull="true" />
        <assetTypeCode>W</assetTypeCode>
        <length>340</length>
        <localLastModification>1588187186911</localLastModification>
        <description isNull="true" />
        <isDocumentationFile>false</isDocumentationFile>
        <guid>8443d4d1-1bce-4771-8a54-a557344d9193</guid>
        <versionId>6c9c6235-0c90-4b75-ad16-e36d813798b9</versionId>
    </managedAsset>
</teamworks>

