<?xml version="1.0" encoding="UTF-8"?>
<teamworks>
    <managedAsset id="61.c1484fa4-29d3-4ffc-909c-f4b6413feaeb" name="Case-Control-ModifyTaskModal.js">
        <lastModified>1629905141290</lastModified>
        <lastModifiedBy>tw_admin</lastModifiedBy>
        <tenantId isNull="true" />
        <managedAssetId>61.c1484fa4-29d3-4ffc-909c-f4b6413feaeb</managedAssetId>
        <assetUuid>592556d6-2ec1-491f-9412-bf30f5920836</assetUuid>
        <mimeType>application/javascript</mimeType>
        <charEncoding isNull="true" />
        <assetTypeCode>W</assetTypeCode>
        <length>17602</length>
        <localLastModification>1627500338000</localLastModification>
        <description isNull="true" />
        <isDocumentationFile>false</isDocumentationFile>
        <guid>d4e8dbb2-b694-4299-a33b-b2a794e7f2e3</guid>
        <versionId>46f147de-881a-4a1c-9256-6bc3273688cf</versionId>
    </managedAsset>
</teamworks>

