<?xml version="1.0" encoding="UTF-8"?>
<teamworks>
    <managedAsset id="61.c5fb46af-e348-4afe-b334-5140f84dd33a" name="Case-Control-MoveDocumentModal.js">
        <lastModified>1629905141290</lastModified>
        <lastModifiedBy>tw_admin</lastModifiedBy>
        <tenantId isNull="true" />
        <managedAssetId>61.c5fb46af-e348-4afe-b334-5140f84dd33a</managedAssetId>
        <assetUuid>f780a8dc-c454-4063-8670-c1aaf0af86f7</assetUuid>
        <mimeType>application/javascript</mimeType>
        <charEncoding isNull="true" />
        <assetTypeCode>W</assetTypeCode>
        <length>8461</length>
        <localLastModification>1627500338000</localLastModification>
        <description isNull="true" />
        <isDocumentationFile>false</isDocumentationFile>
        <guid>e49f4f0f-3794-4cc6-819b-369931bcaa84</guid>
        <versionId>e49f4f0f-3794-4cc6-819b-369931bcaa84</versionId>
    </managedAsset>
</teamworks>

