<?xml version="1.0" encoding="UTF-8"?>
<teamworks>
    <managedAsset id="61.db4f68d4-d7f7-4f73-a5b6-08fda4db03a1" name="e_case_16.png">
        <lastModified>1633587997850</lastModified>
        <lastModifiedBy>tw_admin</lastModifiedBy>
        <tenantId isNull="true" />
        <managedAssetId>61.db4f68d4-d7f7-4f73-a5b6-08fda4db03a1</managedAssetId>
        <assetUuid>69d64f22-8f4e-4d3b-bcce-0bfb7dc36091</assetUuid>
        <mimeType>image/png</mimeType>
        <charEncoding isNull="true" />
        <assetTypeCode>W</assetTypeCode>
        <length>302</length>
        <localLastModification>1633587997830</localLastModification>
        <description isNull="true" />
        <isDocumentationFile>false</isDocumentationFile>
        <guid>443208b1-0cbc-48dd-b667-fdbda6181e4c</guid>
        <versionId>230e457e-163f-4c8a-a2f0-ab617e9e4058</versionId>
    </managedAsset>
</teamworks>

