<?xml version="1.0" encoding="UTF-8"?>
<teamworks>
    <managedAsset id="61.d1448895-404e-4b1e-b58a-22db3778606a" name="status_onTrack.png">
        <lastModified>1588265095810</lastModified>
        <lastModifiedBy>tw_admin</lastModifiedBy>
        <tenantId isNull="true" />
        <managedAssetId>61.d1448895-404e-4b1e-b58a-22db3778606a</managedAssetId>
        <assetUuid>69ea8209-ed20-4ad6-adfa-ebb640d1d2eb</assetUuid>
        <mimeType>image/png</mimeType>
        <charEncoding isNull="true" />
        <assetTypeCode>W</assetTypeCode>
        <length>733</length>
        <localLastModification>1588187186911</localLastModification>
        <description isNull="true" />
        <isDocumentationFile>false</isDocumentationFile>
        <guid>ef978bf1-30c4-419a-bc9f-3fdb0b9dc40f</guid>
        <versionId>51f98737-54c9-4e8f-83b3-2480f6b2a9e5</versionId>
    </managedAsset>
</teamworks>

