<?xml version="1.0" encoding="UTF-8"?>
<teamworks>
    <managedAsset id="61.d72d5456-f7e4-4ea7-bbe9-ffce1d651583" name="Case-Control-CaseHistory-Palette.png">
        <lastModified>1595618314368</lastModified>
        <lastModifiedBy>tw_admin</lastModifiedBy>
        <tenantId isNull="true" />
        <managedAssetId>61.d72d5456-f7e4-4ea7-bbe9-ffce1d651583</managedAssetId>
        <assetUuid>686539de-f9db-418c-8bc8-d54c99d80629</assetUuid>
        <mimeType>image/png</mimeType>
        <charEncoding isNull="true" />
        <assetTypeCode>W</assetTypeCode>
        <length>394</length>
        <localLastModification>1595547583424</localLastModification>
        <description isNull="true" />
        <isDocumentationFile>false</isDocumentationFile>
        <guid>3e70df1a-1aa3-4618-bec5-5a3add4195de</guid>
        <versionId>84adf581-1056-4993-98b8-b0dfcec30a33</versionId>
    </managedAsset>
</teamworks>

