<?xml version="1.0" encoding="UTF-8"?>
<teamworks>
    <managedAsset id="61.df70f677-31a6-479d-bdeb-9cacc3593b66" name="Case-Core-Orig.zip">
        <lastModified>1577818439491</lastModified>
        <lastModifiedBy></lastModifiedBy>
        <tenantId isNull="true" />
        <managedAssetId>61.df70f677-31a6-479d-bdeb-9cacc3593b66</managedAssetId>
        <assetUuid>8c13c3d9-2d5e-47fc-99d3-a34200e724c1</assetUuid>
        <mimeType>application/zip</mimeType>
        <charEncoding isNull="true" />
        <assetTypeCode>W</assetTypeCode>
        <length>4100413</length>
        <localLastModification>1495453581571</localLastModification>
        <description isNull="true" />
        <isDocumentationFile>false</isDocumentationFile>
        <guid>c587de2d-1aac-44c1-b094-089a53fc8281</guid>
        <versionId>bab4980a-0015-4553-9d6b-b612c3e34edc</versionId>
    </managedAsset>
</teamworks>

