<?xml version="1.0" encoding="UTF-8"?>
<teamworks>
    <managedAsset id="61.d311c794-91e9-459f-9e4f-83c76fcf03ac" name="Case-Control-CaseFolderBreadcrumb.js">
        <lastModified>1629905141290</lastModified>
        <lastModifiedBy>tw_admin</lastModifiedBy>
        <tenantId isNull="true" />
        <managedAssetId>61.d311c794-91e9-459f-9e4f-83c76fcf03ac</managedAssetId>
        <assetUuid>62d7fe8d-2700-4bbd-9f6c-03ffa2c60a93</assetUuid>
        <mimeType>application/javascript</mimeType>
        <charEncoding isNull="true" />
        <assetTypeCode>W</assetTypeCode>
        <length>11865</length>
        <localLastModification>1627500338000</localLastModification>
        <description isNull="true" />
        <isDocumentationFile>false</isDocumentationFile>
        <guid>a8391bf0-f1eb-4013-812e-84f120b15beb</guid>
        <versionId>f5d39ebf-57ee-42d4-911b-0c9456dea506</versionId>
    </managedAsset>
</teamworks>

