<?xml version="1.0" encoding="UTF-8"?>
<teamworks>
    <managedAsset id="61.d532fc5b-cf3e-4415-9ba2-66df59bd62b9" name="Case-Control-SplitCaseDocuments.js">
        <lastModified>1595618314368</lastModified>
        <lastModifiedBy>tw_admin</lastModifiedBy>
        <tenantId isNull="true" />
        <managedAssetId>61.d532fc5b-cf3e-4415-9ba2-66df59bd62b9</managedAssetId>
        <assetUuid>9302c6eb-1368-460b-b9e5-1697145b342b</assetUuid>
        <mimeType>application/javascript</mimeType>
        <charEncoding isNull="true" />
        <assetTypeCode>W</assetTypeCode>
        <length>11234</length>
        <localLastModification>1595547583424</localLastModification>
        <description isNull="true" />
        <isDocumentationFile>false</isDocumentationFile>
        <guid>56905f80-f91d-4c79-8ee6-3dcb11b9a036</guid>
        <versionId>882ed6d0-2187-4c8f-9b92-99bcaf1f75a7</versionId>
    </managedAsset>
</teamworks>

