<?xml version="1.0" encoding="UTF-8"?>
<teamworks>
    <managedAsset id="61.d85017ec-1628-430f-95ac-8ea15314374b" name="Case-Control-QuickTask.js">
        <lastModified>1588265095810</lastModified>
        <lastModifiedBy>tw_admin</lastModifiedBy>
        <tenantId isNull="true" />
        <managedAssetId>61.d85017ec-1628-430f-95ac-8ea15314374b</managedAssetId>
        <assetUuid>9b5d60dc-53a1-4703-b6ea-109ab65c38a6</assetUuid>
        <mimeType>image/png</mimeType>
        <charEncoding isNull="true" />
        <assetTypeCode>W</assetTypeCode>
        <length>89869</length>
        <localLastModification>1588187186911</localLastModification>
        <description isNull="true" />
        <isDocumentationFile>false</isDocumentationFile>
        <guid>930325e6-28bd-4061-82f4-529346c8fe27</guid>
        <versionId>a782378c-de6e-4341-a3f5-15e07bcd4d19</versionId>
    </managedAsset>
</teamworks>

