<?xml version="1.0" encoding="UTF-8"?>
<teamworks>
    <managedAsset id="61.d7822df5-3f67-4cda-a5b5-86e38206de4f" name="t_rr_16.png">
        <lastModified>1600008214157</lastModified>
        <lastModifiedBy>tw_admin</lastModifiedBy>
        <tenantId isNull="true" />
        <managedAssetId>61.d7822df5-3f67-4cda-a5b5-86e38206de4f</managedAssetId>
        <assetUuid>34c8da8a-2333-4c69-81dd-379219428f26</assetUuid>
        <mimeType>image/png</mimeType>
        <charEncoding isNull="true" />
        <assetTypeCode>W</assetTypeCode>
        <length>181</length>
        <localLastModification>1578558104126</localLastModification>
        <description isNull="true" />
        <isDocumentationFile>false</isDocumentationFile>
        <guid>55eb6e67-0550-4035-95c1-2d1f1cc1a08a</guid>
        <versionId>9c4e7f58-9222-4e39-9efd-3c82cb7ac1c1</versionId>
    </managedAsset>
</teamworks>

