<?xml version="1.0" encoding="UTF-8"?>
<teamworks>
    <managedAsset id="61.efa5c6c6-c0de-4af7-b5ea-439c1b449c58" name="Case-Control-CaseStages.js">
        <lastModified>1595618314368</lastModified>
        <lastModifiedBy>tw_admin</lastModifiedBy>
        <tenantId isNull="true" />
        <managedAssetId>61.efa5c6c6-c0de-4af7-b5ea-439c1b449c58</managedAssetId>
        <assetUuid>666db2b0-c75e-464f-9369-ca6a9d261941</assetUuid>
        <mimeType>application/javascript</mimeType>
        <charEncoding isNull="true" />
        <assetTypeCode>W</assetTypeCode>
        <length>27814</length>
        <localLastModification>1595547583424</localLastModification>
        <description isNull="true" />
        <isDocumentationFile>false</isDocumentationFile>
        <guid>a3d7adf6-43be-4cf7-9e30-357dbe462def</guid>
        <versionId>72fedb9e-73fb-4be2-a4ba-29ef79b3f3a5</versionId>
    </managedAsset>
</teamworks>

