<?xml version="1.0" encoding="UTF-8"?>
<teamworks>
    <managedAsset id="61.e4ef1658-c5e0-4e8a-97c1-2de9959bc2f6" name="spacer.gif">
        <lastModified>1633590448077</lastModified>
        <lastModifiedBy>tw_admin</lastModifiedBy>
        <tenantId isNull="true" />
        <managedAssetId>61.e4ef1658-c5e0-4e8a-97c1-2de9959bc2f6</managedAssetId>
        <assetUuid>c8066244-32f3-40cd-ad24-79f59c7c49fb</assetUuid>
        <mimeType>image/gif</mimeType>
        <charEncoding isNull="true" />
        <assetTypeCode>W</assetTypeCode>
        <length>807</length>
        <localLastModification>1633590448046</localLastModification>
        <description isNull="true" />
        <isDocumentationFile>false</isDocumentationFile>
        <guid>29618b7e-68cf-4017-bf42-b4d51216534a</guid>
        <versionId>05eab40e-39f6-49e2-af9d-3a8fe51b5bec</versionId>
    </managedAsset>
</teamworks>

