<?xml version="1.0" encoding="UTF-8"?>
<teamworks>
    <managedAsset id="61.e499892c-1c44-440a-979e-ef7fbc53ed28" name="refresh_16.png">
        <lastModified>1633590369375</lastModified>
        <lastModifiedBy>tw_admin</lastModifiedBy>
        <tenantId isNull="true" />
        <managedAssetId>61.e499892c-1c44-440a-979e-ef7fbc53ed28</managedAssetId>
        <assetUuid>32aaca2f-48c9-4872-8f50-68fa1474ec45</assetUuid>
        <mimeType>image/png</mimeType>
        <charEncoding isNull="true" />
        <assetTypeCode>W</assetTypeCode>
        <length>535</length>
        <localLastModification>1633590369282</localLastModification>
        <description isNull="true" />
        <isDocumentationFile>false</isDocumentationFile>
        <guid>90ddfbf1-a422-48a9-8b2c-8c533c6362fb</guid>
        <versionId>51e751aa-0db6-4eb0-b6dd-df4ae0230082</versionId>
    </managedAsset>
</teamworks>

