<?xml version="1.0" encoding="UTF-8"?>
<teamworks>
    <managedAsset id="61.e682d799-d703-4230-8181-ec2d325c07c7" name="Case-Control-AddCaseBtn.js">
        <lastModified>1595618314368</lastModified>
        <lastModifiedBy>tw_admin</lastModifiedBy>
        <tenantId isNull="true" />
        <managedAssetId>61.e682d799-d703-4230-8181-ec2d325c07c7</managedAssetId>
        <assetUuid>a3efd26e-30f2-4fc3-89ad-814086e8eb62</assetUuid>
        <mimeType>application/javascript</mimeType>
        <charEncoding isNull="true" />
        <assetTypeCode>W</assetTypeCode>
        <length>33391</length>
        <localLastModification>1595547583424</localLastModification>
        <description isNull="true" />
        <isDocumentationFile>false</isDocumentationFile>
        <guid>2655a2a3-ead2-4548-928f-555dc9ae06ad</guid>
        <versionId>dab774fd-2c53-495d-87ea-f7e2db483162</versionId>
    </managedAsset>
</teamworks>

