<?xml version="1.0" encoding="UTF-8"?>
<teamworks>
    <managedAsset id="61.fccde589-a88b-4f87-a71e-d537d84ff828" name="Case-Control-CaseProperty.js">
        <lastModified>1595618314368</lastModified>
        <lastModifiedBy>tw_admin</lastModifiedBy>
        <tenantId isNull="true" />
        <managedAssetId>61.fccde589-a88b-4f87-a71e-d537d84ff828</managedAssetId>
        <assetUuid>02dba647-36bf-4203-94dc-e414e0497e2d</assetUuid>
        <mimeType>application/javascript</mimeType>
        <charEncoding isNull="true" />
        <assetTypeCode>W</assetTypeCode>
        <length>56960</length>
        <localLastModification>1595547583424</localLastModification>
        <description isNull="true" />
        <isDocumentationFile>false</isDocumentationFile>
        <guid>cf4f6bdc-0af6-4606-bec1-828eba3b81af</guid>
        <versionId>358e2e28-16cf-4f50-b986-1ae250e18d6d</versionId>
    </managedAsset>
</teamworks>

