<?xml version="1.0" encoding="UTF-8"?>
<teamworks>
    <managedAsset id="61.f33da67e-2553-4b82-9074-dfafb89d1b49" name="cancelled_activity_20px_png24.png">
        <lastModified>1600008214157</lastModified>
        <lastModifiedBy>tw_admin</lastModifiedBy>
        <tenantId isNull="true" />
        <managedAssetId>61.f33da67e-2553-4b82-9074-dfafb89d1b49</managedAssetId>
        <assetUuid>f92ec692-3e5a-4d93-9b69-8e8beba7a7be</assetUuid>
        <mimeType>image/png</mimeType>
        <charEncoding isNull="true" />
        <assetTypeCode>W</assetTypeCode>
        <length>349</length>
        <localLastModification>1578558104126</localLastModification>
        <description isNull="true" />
        <isDocumentationFile>false</isDocumentationFile>
        <guid>5e055e38-17ec-4a61-a4c5-280d2684f402</guid>
        <versionId>88ea9400-2b5b-42a4-8089-5934860664b0</versionId>
    </managedAsset>
</teamworks>

