<?xml version="1.0" encoding="UTF-8"?>
<teamworks>
    <managedAsset id="61.f055873e-7bcc-4f1f-891c-ac551a00f13b" name="Case-Control-CaseCalendarSmallView.js">
        <lastModified>1588265095810</lastModified>
        <lastModifiedBy>tw_admin</lastModifiedBy>
        <tenantId isNull="true" />
        <managedAssetId>61.f055873e-7bcc-4f1f-891c-ac551a00f13b</managedAssetId>
        <assetUuid>8c420f27-d765-486a-a013-76d86ec1d63d</assetUuid>
        <mimeType>image/png</mimeType>
        <charEncoding isNull="true" />
        <assetTypeCode>W</assetTypeCode>
        <length>22083</length>
        <localLastModification>1588187186911</localLastModification>
        <description isNull="true" />
        <isDocumentationFile>false</isDocumentationFile>
        <guid>a06f1615-c234-46d1-9ead-e537aad08fde</guid>
        <versionId>c9891a60-2162-4138-aaaf-ebca208839e8</versionId>
    </managedAsset>
</teamworks>

