<?xml version="1.0" encoding="UTF-8"?>
<teamworks>
    <managedAsset id="61.f0eb19e9-e8fc-4d68-b3a6-86f5872349b8" name="t_rr_hc_16.png">
        <lastModified>1633590586936</lastModified>
        <lastModifiedBy>tw_admin</lastModifiedBy>
        <tenantId isNull="true" />
        <managedAssetId>61.f0eb19e9-e8fc-4d68-b3a6-86f5872349b8</managedAssetId>
        <assetUuid>9c791a12-d56f-4003-8331-43589cd01cff</assetUuid>
        <mimeType>image/png</mimeType>
        <charEncoding isNull="true" />
        <assetTypeCode>W</assetTypeCode>
        <length>177</length>
        <localLastModification>1633590586885</localLastModification>
        <description isNull="true" />
        <isDocumentationFile>false</isDocumentationFile>
        <guid>a3c9680e-3192-45c9-a111-ecd71401e991</guid>
        <versionId>7ea74298-3294-4218-b5e7-1841785a83e1</versionId>
    </managedAsset>
</teamworks>

