<?xml version="1.0" encoding="UTF-8"?>
<teamworks>
    <environmentVariableSet id="62.eaf90004-0f7b-4d8e-95f4-0c2a126b93fa" name="Environment Variables">
        <lastModified>1534882101724</lastModified>
        <lastModifiedBy>tw_admin</lastModifiedBy>
        <tenantId isNull="true" />
        <envVarSetId>62.eaf90004-0f7b-4d8e-95f4-0c2a126b93fa</envVarSetId>
        <description isNull="true" />
        <guid>4ad1e3af-d3d1-4fe5-b868-251cc38a3929</guid>
        <versionId>b520fda2-ad33-4d97-9add-ad61d2cb1334</versionId>
    </environmentVariableSet>
</teamworks>

