<?xml version="1.0" encoding="UTF-8"?>
<teamworks>
    <projectDefaults id="63.21398d6c-4678-4345-8c10-cdbbbe604b3c" name="Toolkit Settings">
        <lastModified>1534882101724</lastModified>
        <lastModifiedBy>tw_admin</lastModifiedBy>
        <tenantId isNull="true" />
        <projectDefaultsId>63.21398d6c-4678-4345-8c10-cdbbbe604b3c</projectDefaultsId>
        <description isNull="true" />
        <guid>48188a75-fe5c-4ce0-a14a-212ee48564ee</guid>
        <versionId>8c3ed82f-3636-4e8d-b53d-043b97465196</versionId>
        <participantRef isNull="true" />
        <defaultXslRef isNull="true" />
        <defaultCssRef isNull="true" />
        <defaultTheme>56f01b11-2631-47ae-acdd-75a5c2d4e9d2/72.993e03e9-2574-40fc-807c-65b06be378fd</defaultTheme>
        <themeVersion isNull="true" />
        <defaultJsRefs isNull="true" />
        <isWbmEnabled>false</isWbmEnabled>
        <namespace>http://SYSCT</namespace>
        <isIidOptimized>true</isIidOptimized>
        <isQueueBypass>1</isQueueBypass>
        <templateAcronymReference isNull="true" />
        <templateSnapshotReference isNull="true" />
        <targetEnvironment>BAW</targetEnvironment>
        <subtype isNull="true" />
    </projectDefaults>
</teamworks>

