<?xml version="1.0" encoding="UTF-8"?>
<teamworks>
    <coachView id="64.1e17e368-4f6a-4093-b1f9-c8afd8e1bd08" name="Add Activity">
        <lastModified>1667487117265</lastModified>
        <lastModifiedBy>tw_admin</lastModifiedBy>
        <tenantId isNull="true" />
        <coachViewId>64.1e17e368-4f6a-4093-b1f9-c8afd8e1bd08</coachViewId>
        <isTemplate>false</isTemplate>
        <layout>&lt;?xml version="1.0" encoding="UTF-8" standalone="yes"?&gt;&lt;ns2:layout xmlns:ns2="http://www.ibm.com/bpm/CoachDesignerNG" xmlns:ns3="http://www.ibm.com/bpm/coachview"&gt;&lt;ns2:layoutItem xsi:type="ns2:ViewRef" version="8550" xmlns:xsi="http://www.w3.org/2001/XMLSchema-instance"&gt;&lt;ns2:id&gt;49ce9ecf-b435-4db3-82b9-919ea4c290ed&lt;/ns2:id&gt;&lt;ns2:layoutItemId&gt;AddDiscActivityButton&lt;/ns2:layoutItemId&gt;&lt;ns2:configData&gt;&lt;ns2:id&gt;8e0adc50-d947-4be7-8398-04a9f32c6053&lt;/ns2:id&gt;&lt;ns2:optionName&gt;@label&lt;/ns2:optionName&gt;&lt;ns2:value&gt;Add Activity&lt;/ns2:value&gt;&lt;/ns2:configData&gt;&lt;ns2:configData&gt;&lt;ns2:id&gt;54a4cd48-972a-4661-8aaa-a5929544e211&lt;/ns2:id&gt;&lt;ns2:optionName&gt;@helpText&lt;/ns2:optionName&gt;&lt;ns2:value&gt;&lt;/ns2:value&gt;&lt;/ns2:configData&gt;&lt;ns2:configData&gt;&lt;ns2:id&gt;986b800f-005e-481a-8531-383ad368b8ac&lt;/ns2:id&gt;&lt;ns2:optionName&gt;@labelVisibility&lt;/ns2:optionName&gt;&lt;ns2:value&gt;SHOW&lt;/ns2:value&gt;&lt;/ns2:configData&gt;&lt;ns2:configData&gt;&lt;ns2:id&gt;af551fd6-82cd-4ef2-8cf8-40627ef1adc1&lt;/ns2:id&gt;&lt;ns2:optionName&gt;tabIndex&lt;/ns2:optionName&gt;&lt;ns2:value&gt;0&lt;/ns2:value&gt;&lt;/ns2:configData&gt;&lt;ns2:configData&gt;&lt;ns2:id&gt;1224ace0-f710-4d37-8569-dbf03878f0af&lt;/ns2:id&gt;&lt;ns2:optionName&gt;colorStyle&lt;/ns2:optionName&gt;&lt;ns2:value&gt;tw.options.colorStyle&lt;/ns2:value&gt;&lt;ns2:valueType&gt;dynamic&lt;/ns2:valueType&gt;&lt;/ns2:configData&gt;&lt;ns2:configData&gt;&lt;ns2:id&gt;7f99da25-becb-41f2-8642-006ec611af1d&lt;/ns2:id&gt;&lt;ns2:optionName&gt;shapeStyle&lt;/ns2:optionName&gt;&lt;ns2:value&gt;tw.options.shapeStyle&lt;/ns2:value&gt;&lt;ns2:valueType&gt;dynamic&lt;/ns2:valueType&gt;&lt;/ns2:configData&gt;&lt;ns2:configData&gt;&lt;ns2:id&gt;fe36299c-4789-40ff-81ca-2e70e7e40a43&lt;/ns2:id&gt;&lt;ns2:optionName&gt;sizeStyle&lt;/ns2:optionName&gt;&lt;ns2:value&gt;tw.options.sizeStyle&lt;/ns2:value&gt;&lt;ns2:valueType&gt;dynamic&lt;/ns2:valueType&gt;&lt;/ns2:configData&gt;&lt;ns2:configData&gt;&lt;ns2:id&gt;ee630d10-94ad-453a-8fc6-956a6104cc74&lt;/ns2:id&gt;&lt;ns2:optionName&gt;width&lt;/ns2:optionName&gt;&lt;ns2:value&gt;tw.options.width&lt;/ns2:value&gt;&lt;ns2:valueType&gt;dynamic&lt;/ns2:valueType&gt;&lt;/ns2:configData&gt;&lt;ns2:configData&gt;&lt;ns2:id&gt;7b525fab-ee6c-4fe8-887d-3c3a34ae5ea5&lt;/ns2:id&gt;&lt;ns2:optionName&gt;iconLocation&lt;/ns2:optionName&gt;&lt;ns2:value&gt;tw.options.iconLocation&lt;/ns2:value&gt;&lt;ns2:valueType&gt;dynamic&lt;/ns2:valueType&gt;&lt;/ns2:configData&gt;&lt;ns2:configData&gt;&lt;ns2:id&gt;ed6951b3-b31f-4500-8ac5-1f097cdfde2a&lt;/ns2:id&gt;&lt;ns2:optionName&gt;eventON_CLICK&lt;/ns2:optionName&gt;&lt;ns2:value&gt;@openDiscretionaryActivitiesModal&lt;/ns2:value&gt;&lt;/ns2:configData&gt;&lt;ns2:configData&gt;&lt;ns2:id&gt;22e01938-6cf7-4854-8014-8b1c5a7e4bed&lt;/ns2:id&gt;&lt;ns2:optionName&gt;preventMultipleClicks&lt;/ns2:optionName&gt;&lt;ns2:value&gt;true&lt;/ns2:value&gt;&lt;/ns2:configData&gt;&lt;ns2:configData&gt;&lt;ns2:id&gt;53631392-bb73-4764-8392-73f7439a8fd6&lt;/ns2:id&gt;&lt;ns2:optionName&gt;icon&lt;/ns2:optionName&gt;&lt;ns2:value&gt;tw.options.icon&lt;/ns2:value&gt;&lt;ns2:valueType&gt;dynamic&lt;/ns2:valueType&gt;&lt;/ns2:configData&gt;&lt;ns2:configData&gt;&lt;ns2:id&gt;ac5e5225-2099-4b57-8597-5d32cca6e1f3&lt;/ns2:id&gt;&lt;ns2:optionName&gt;outline&lt;/ns2:optionName&gt;&lt;ns2:value&gt;tw.options.outline&lt;/ns2:value&gt;&lt;ns2:valueType&gt;dynamic&lt;/ns2:valueType&gt;&lt;/ns2:configData&gt;&lt;ns2:configData&gt;&lt;ns2:id&gt;5424fe8a-add0-4841-87bb-16dccdb097ef&lt;/ns2:id&gt;&lt;ns2:optionName&gt;ghostMode&lt;/ns2:optionName&gt;&lt;ns2:value&gt;tw.options.ghostMode&lt;/ns2:value&gt;&lt;ns2:valueType&gt;dynamic&lt;/ns2:valueType&gt;&lt;/ns2:configData&gt;&lt;ns2:viewUUID&gt;64.7133c7d4-1a54-45c8-89cd-a8e8fa4a8e36&lt;/ns2:viewUUID&gt;&lt;/ns2:layoutItem&gt;&lt;ns2:layoutItem xsi:type="ns2:ViewRef" version="8550" xmlns:xsi="http://www.w3.org/2001/XMLSchema-instance"&gt;&lt;ns2:id&gt;5aad0324-5123-4b46-8600-8fbe3f163cc4&lt;/ns2:id&gt;&lt;ns2:layoutItemId&gt;AddDiscretionaryActivityModal&lt;/ns2:layoutItemId&gt;&lt;ns2:configData&gt;&lt;ns2:id&gt;5d5c76ec-ebfa-4527-871d-dc43c55d7b73&lt;/ns2:id&gt;&lt;ns2:optionName&gt;@label&lt;/ns2:optionName&gt;&lt;ns2:value&gt;Add Discretionary Activity&lt;/ns2:value&gt;&lt;/ns2:configData&gt;&lt;ns2:configData&gt;&lt;ns2:id&gt;87aec1ab-6c3f-405d-8965-d105783c2cfa&lt;/ns2:id&gt;&lt;ns2:optionName&gt;@helpText&lt;/ns2:optionName&gt;&lt;ns2:value&gt;&lt;/ns2:value&gt;&lt;/ns2:configData&gt;&lt;ns2:configData&gt;&lt;ns2:id&gt;d8f4b993-3880-4f30-8d5f-f85a0ccb4bf2&lt;/ns2:id&gt;&lt;ns2:optionName&gt;@labelVisibility&lt;/ns2:optionName&gt;&lt;ns2:value&gt;SHOW&lt;/ns2:value&gt;&lt;/ns2:configData&gt;&lt;ns2:configData&gt;&lt;ns2:id&gt;ae661adf-c0d0-48c4-83b0-af5a64ed46cf&lt;/ns2:id&gt;&lt;ns2:optionName&gt;showModalButtonGroup&lt;/ns2:optionName&gt;&lt;ns2:value&gt;true&lt;/ns2:value&gt;&lt;/ns2:configData&gt;&lt;ns2:configData&gt;&lt;ns2:id&gt;f975b0bc-d85e-448b-8dbb-3999af0c2735&lt;/ns2:id&gt;&lt;ns2:optionName&gt;primaryBtnText&lt;/ns2:optionName&gt;&lt;ns2:value&gt;OK&lt;/ns2:value&gt;&lt;/ns2:configData&gt;&lt;ns2:configData&gt;&lt;ns2:id&gt;bb9b51f2-60aa-40e8-8608-945aabdd4e7a&lt;/ns2:id&gt;&lt;ns2:optionName&gt;secondaryBtnText&lt;/ns2:optionName&gt;&lt;ns2:value&gt;Cancel&lt;/ns2:value&gt;&lt;/ns2:configData&gt;&lt;ns2:configData&gt;&lt;ns2:id&gt;686f1c6b-2aad-4dd2-8b2f-7d53aa8622d6&lt;/ns2:id&gt;&lt;ns2:optionName&gt;colorStyle&lt;/ns2:optionName&gt;&lt;ns2:value&gt;P&lt;/ns2:value&gt;&lt;/ns2:configData&gt;&lt;ns2:configData&gt;&lt;ns2:id&gt;3e301aff-2018-4969-8551-b9b6005639ca&lt;/ns2:id&gt;&lt;ns2:optionName&gt;eventSECONDARY_ON_CLICK&lt;/ns2:optionName&gt;&lt;ns2:value&gt;@closeDiscModal&lt;/ns2:value&gt;&lt;/ns2:configData&gt;&lt;ns2:configData&gt;&lt;ns2:id&gt;9d6144b0-14a3-4713-88a3-6ac273b16d1f&lt;/ns2:id&gt;&lt;ns2:optionName&gt;eventPRIMARY_ON_CLICK&lt;/ns2:optionName&gt;&lt;ns2:value&gt;@createSelectedDiscActivity&lt;/ns2:value&gt;&lt;/ns2:configData&gt;&lt;ns2:configData&gt;&lt;ns2:id&gt;10dcb168-6ad2-4b93-8c9c-9d6dd614f0e0&lt;/ns2:id&gt;&lt;ns2:optionName&gt;@visibility&lt;/ns2:optionName&gt;&lt;ns2:value&gt;{"isResponsiveData":true,"values":[{"deviceConfigID":"LargeID","value":"HIDDEN"}]}&lt;/ns2:value&gt;&lt;/ns2:configData&gt;&lt;ns2:viewUUID&gt;64.66286dff-19bf-447a-ad5c-4fc385fea67d&lt;/ns2:viewUUID&gt;&lt;ns2:contentBoxContrib&gt;&lt;ns2:id&gt;0ed6646f-57f7-40cc-82d9-7a979a36b7be&lt;/ns2:id&gt;&lt;ns2:contentBoxId&gt;ContentBox1&lt;/ns2:contentBoxId&gt;&lt;ns2:contributions xsi:type="ns2:ViewRef" version="8550"&gt;&lt;ns2:id&gt;f4f0c126-eb22-4501-8c38-fc27a22eb08a&lt;/ns2:id&gt;&lt;ns2:layoutItemId&gt;Horizontal_Layout1&lt;/ns2:layoutItemId&gt;&lt;ns2:configData&gt;&lt;ns2:id&gt;5e2463e0-426e-4d7c-89ea-952b7342a771&lt;/ns2:id&gt;&lt;ns2:optionName&gt;@label&lt;/ns2:optionName&gt;&lt;ns2:value&gt;Horizontal layout&lt;/ns2:value&gt;&lt;/ns2:configData&gt;&lt;ns2:configData&gt;&lt;ns2:id&gt;e1c1b036-afdd-427a-8c67-da24941b5ccf&lt;/ns2:id&gt;&lt;ns2:optionName&gt;@helpText&lt;/ns2:optionName&gt;&lt;ns2:value&gt;&lt;/ns2:value&gt;&lt;/ns2:configData&gt;&lt;ns2:configData&gt;&lt;ns2:id&gt;6f82074f-2f0c-4ba9-86ad-dd0cbcc244aa&lt;/ns2:id&gt;&lt;ns2:optionName&gt;@labelVisibility&lt;/ns2:optionName&gt;&lt;ns2:value&gt;SHOW&lt;/ns2:value&gt;&lt;/ns2:configData&gt;&lt;ns2:configData&gt;&lt;ns2:id&gt;b1411caa-82da-467e-80cc-9e06924e5240&lt;/ns2:id&gt;&lt;ns2:optionName&gt;layoutFlow&lt;/ns2:optionName&gt;&lt;ns2:value&gt;{"isResponsiveData":true,"values":[{"deviceConfigID":"LargeID","value":"I"}]}&lt;/ns2:value&gt;&lt;/ns2:configData&gt;&lt;ns2:viewUUID&gt;64.44f463cc-615b-43d0-834f-c398a82e0363&lt;/ns2:viewUUID&gt;&lt;ns2:contentBoxContrib&gt;&lt;ns2:id&gt;1f198dcf-efed-4e27-864f-c96db19b4030&lt;/ns2:id&gt;&lt;ns2:contentBoxId&gt;ContentBox1&lt;/ns2:contentBoxId&gt;&lt;ns2:contributions xsi:type="ns2:ViewRef" version="8550"&gt;&lt;ns2:id&gt;bde4dc6a-965e-4d63-86f5-435ad0f39f80&lt;/ns2:id&gt;&lt;ns2:layoutItemId&gt;Disc_Panel1&lt;/ns2:layoutItemId&gt;&lt;ns2:configData&gt;&lt;ns2:id&gt;db0df310-20ab-4e2d-8e31-a381fe160e7d&lt;/ns2:id&gt;&lt;ns2:optionName&gt;@label&lt;/ns2:optionName&gt;&lt;ns2:value&gt;Add&lt;/ns2:value&gt;&lt;ns2:valueType&gt;static&lt;/ns2:valueType&gt;&lt;/ns2:configData&gt;&lt;ns2:configData&gt;&lt;ns2:id&gt;8f7e44be-b900-4d90-8b82-bcfbbbd03092&lt;/ns2:id&gt;&lt;ns2:optionName&gt;@helpText&lt;/ns2:optionName&gt;&lt;ns2:value&gt;&lt;/ns2:value&gt;&lt;/ns2:configData&gt;&lt;ns2:configData&gt;&lt;ns2:id&gt;232e3fa6-0492-4738-8e1c-b6532516e05f&lt;/ns2:id&gt;&lt;ns2:optionName&gt;@labelVisibility&lt;/ns2:optionName&gt;&lt;ns2:value&gt;SHOW&lt;/ns2:value&gt;&lt;/ns2:configData&gt;&lt;ns2:viewUUID&gt;64.455e44ab-b77b-4337-b3f9-435e234fb569&lt;/ns2:viewUUID&gt;&lt;ns2:contentBoxContrib&gt;&lt;ns2:id&gt;c6aa2121-c985-41bf-8c96-eb07a2a9a9cf&lt;/ns2:id&gt;&lt;ns2:contentBoxId&gt;ContentBox1&lt;/ns2:contentBoxId&gt;&lt;ns2:contributions xsi:type="ns2:ViewRef" version="8550"&gt;&lt;ns2:id&gt;5d3d32e6-404b-497f-8fc4-d425d56cfb35&lt;/ns2:id&gt;&lt;ns2:layoutItemId&gt;Disc_Select1&lt;/ns2:layoutItemId&gt;&lt;ns2:configData&gt;&lt;ns2:id&gt;344361dd-98b3-48f3-86d3-0374ff5d5ee2&lt;/ns2:id&gt;&lt;ns2:optionName&gt;@label&lt;/ns2:optionName&gt;&lt;ns2:value&gt;Select an activity:&lt;/ns2:value&gt;&lt;ns2:valueType&gt;static&lt;/ns2:valueType&gt;&lt;/ns2:configData&gt;&lt;ns2:configData&gt;&lt;ns2:id&gt;45273759-58bc-4bc5-8ad5-4d8e905c8c24&lt;/ns2:id&gt;&lt;ns2:optionName&gt;@helpText&lt;/ns2:optionName&gt;&lt;ns2:value&gt;&lt;/ns2:value&gt;&lt;/ns2:configData&gt;&lt;ns2:configData&gt;&lt;ns2:id&gt;fdcf736e-6f8d-4404-87d0-44cbac2ae468&lt;/ns2:id&gt;&lt;ns2:optionName&gt;@labelVisibility&lt;/ns2:optionName&gt;&lt;ns2:value&gt;SHOW&lt;/ns2:value&gt;&lt;/ns2:configData&gt;&lt;ns2:configData&gt;&lt;ns2:id&gt;00a5deb6-8914-4a4b-8cc8-b18a75fe2760&lt;/ns2:id&gt;&lt;ns2:optionName&gt;eventON_CHANGE&lt;/ns2:optionName&gt;&lt;ns2:value&gt;@onDiscActivitySelectChange&lt;/ns2:value&gt;&lt;/ns2:configData&gt;&lt;ns2:viewUUID&gt;64.fd4da558-40d8-47be-92ca-c305708dc7b7&lt;/ns2:viewUUID&gt;&lt;ns2:binding&gt;&lt;/ns2:binding&gt;&lt;/ns2:contributions&gt;&lt;ns2:contributions xsi:type="ns2:ViewRef" version="8550"&gt;&lt;ns2:id&gt;00408a72-ab71-4bbd-83e5-b23180096331&lt;/ns2:id&gt;&lt;ns2:layoutItemId&gt;DiscActTextName&lt;/ns2:layoutItemId&gt;&lt;ns2:configData&gt;&lt;ns2:id&gt;fe8ea19a-b372-439b-8b9e-274cf1f7b752&lt;/ns2:id&gt;&lt;ns2:optionName&gt;@label&lt;/ns2:optionName&gt;&lt;ns2:value&gt;Enter a name:&lt;/ns2:value&gt;&lt;ns2:valueType&gt;static&lt;/ns2:valueType&gt;&lt;/ns2:configData&gt;&lt;ns2:configData&gt;&lt;ns2:id&gt;0706f23a-99d7-44de-83ec-a05acb7d1bc2&lt;/ns2:id&gt;&lt;ns2:optionName&gt;@helpText&lt;/ns2:optionName&gt;&lt;ns2:value&gt;&lt;/ns2:value&gt;&lt;/ns2:configData&gt;&lt;ns2:configData&gt;&lt;ns2:id&gt;ab5a2fa7-24df-4489-8355-5999fc7ea137&lt;/ns2:id&gt;&lt;ns2:optionName&gt;@labelVisibility&lt;/ns2:optionName&gt;&lt;ns2:value&gt;SHOW&lt;/ns2:value&gt;&lt;/ns2:configData&gt;&lt;ns2:configData&gt;&lt;ns2:id&gt;f9a2888d-5572-40a1-8aec-da4c02e961ba&lt;/ns2:id&gt;&lt;ns2:optionName&gt;@padding&lt;/ns2:optionName&gt;&lt;ns2:value&gt;{"isResponsiveData":true,"values":[{"deviceConfigID":"LargeID","value":"0px 0px 20px 0px"}]}&lt;/ns2:value&gt;&lt;/ns2:configData&gt;&lt;ns2:configData&gt;&lt;ns2:id&gt;a0153e50-0f73-435b-8769-7e701baab707&lt;/ns2:id&gt;&lt;ns2:optionName&gt;@margin&lt;/ns2:optionName&gt;&lt;ns2:value&gt;{"isResponsiveData":true,"values":[{"deviceConfigID":"LargeID","value":"0px 0px 0px 0px"}]}&lt;/ns2:value&gt;&lt;/ns2:configData&gt;&lt;ns2:configData&gt;&lt;ns2:id&gt;1969cf2b-3026-4465-8e22-172eed161ac6&lt;/ns2:id&gt;&lt;ns2:optionName&gt;regExp&lt;/ns2:optionName&gt;&lt;ns2:value&gt;^.{1,60}$&lt;/ns2:value&gt;&lt;/ns2:configData&gt;&lt;ns2:viewUUID&gt;64.5663dd71-ff18-4d33-bea0-468d0b869816&lt;/ns2:viewUUID&gt;&lt;/ns2:contributions&gt;&lt;/ns2:contentBoxContrib&gt;&lt;/ns2:contributions&gt;&lt;/ns2:contentBoxContrib&gt;&lt;/ns2:contributions&gt;&lt;/ns2:contentBoxContrib&gt;&lt;/ns2:layoutItem&gt;&lt;ns2:layoutItem xsi:type="ns2:ViewRef" version="8550" xmlns:xsi="http://www.w3.org/2001/XMLSchema-instance"&gt;&lt;ns2:id&gt;07ec697f-aefb-4ddc-8e3d-d40e0d936a1a&lt;/ns2:id&gt;&lt;ns2:layoutItemId&gt;ActivityErrorModal&lt;/ns2:layoutItemId&gt;&lt;ns2:configData&gt;&lt;ns2:id&gt;413f25bb-eba4-4058-8005-9343d3b92df1&lt;/ns2:id&gt;&lt;ns2:optionName&gt;@label&lt;/ns2:optionName&gt;&lt;ns2:value&gt;Modal section&lt;/ns2:value&gt;&lt;/ns2:configData&gt;&lt;ns2:configData&gt;&lt;ns2:id&gt;610a4845-0006-4365-809a-30c38840eb11&lt;/ns2:id&gt;&lt;ns2:optionName&gt;@helpText&lt;/ns2:optionName&gt;&lt;ns2:value&gt;&lt;/ns2:value&gt;&lt;/ns2:configData&gt;&lt;ns2:configData&gt;&lt;ns2:id&gt;8015f611-0302-4416-8570-bc8c8fdd7a93&lt;/ns2:id&gt;&lt;ns2:optionName&gt;@labelVisibility&lt;/ns2:optionName&gt;&lt;ns2:value&gt;SHOW&lt;/ns2:value&gt;&lt;/ns2:configData&gt;&lt;ns2:configData&gt;&lt;ns2:id&gt;04d1789c-ab16-4040-828f-a85a409b84d2&lt;/ns2:id&gt;&lt;ns2:optionName&gt;showModalButtonGroup&lt;/ns2:optionName&gt;&lt;ns2:value&gt;false&lt;/ns2:value&gt;&lt;/ns2:configData&gt;&lt;ns2:configData&gt;&lt;ns2:id&gt;a13de6c6-a063-4683-892e-1990514f5470&lt;/ns2:id&gt;&lt;ns2:optionName&gt;colorStyle&lt;/ns2:optionName&gt;&lt;ns2:value&gt;G&lt;/ns2:value&gt;&lt;/ns2:configData&gt;&lt;ns2:configData&gt;&lt;ns2:id&gt;e94d1ce2-6af0-4fa5-8859-35b7c8a32df4&lt;/ns2:id&gt;&lt;ns2:optionName&gt;closeOnClick&lt;/ns2:optionName&gt;&lt;ns2:value&gt;true&lt;/ns2:value&gt;&lt;/ns2:configData&gt;&lt;ns2:configData&gt;&lt;ns2:id&gt;8542e76e-ce02-44f7-897b-6b44a8d1251f&lt;/ns2:id&gt;&lt;ns2:optionName&gt;@visibility&lt;/ns2:optionName&gt;&lt;ns2:value&gt;{"isResponsiveData":true,"values":[{"deviceConfigID":"LargeID","value":"HIDDEN"}]}&lt;/ns2:value&gt;&lt;/ns2:configData&gt;&lt;ns2:viewUUID&gt;64.66286dff-19bf-447a-ad5c-4fc385fea67d&lt;/ns2:viewUUID&gt;&lt;ns2:contentBoxContrib&gt;&lt;ns2:id&gt;3977e535-155d-4443-8241-d9bc150619e4&lt;/ns2:id&gt;&lt;ns2:contentBoxId&gt;ContentBox1&lt;/ns2:contentBoxId&gt;&lt;ns2:contributions xsi:type="ns2:ViewRef" version="8550"&gt;&lt;ns2:id&gt;f0e6162f-d6bf-4c66-8afa-68599a69908c&lt;/ns2:id&gt;&lt;ns2:layoutItemId&gt;Panel_err&lt;/ns2:layoutItemId&gt;&lt;ns2:configData&gt;&lt;ns2:id&gt;a68af522-b56a-4663-8d9c-a0dc32bb89f4&lt;/ns2:id&gt;&lt;ns2:optionName&gt;@label&lt;/ns2:optionName&gt;&lt;ns2:value&gt;Panel_err&lt;/ns2:value&gt;&lt;ns2:valueType&gt;static&lt;/ns2:valueType&gt;&lt;/ns2:configData&gt;&lt;ns2:configData&gt;&lt;ns2:id&gt;d5020334-3ba2-45b8-89ed-66ce41c371e7&lt;/ns2:id&gt;&lt;ns2:optionName&gt;@helpText&lt;/ns2:optionName&gt;&lt;ns2:value&gt;&lt;/ns2:value&gt;&lt;/ns2:configData&gt;&lt;ns2:configData&gt;&lt;ns2:id&gt;dc768a28-aad7-4e6e-84f7-4ba4455a9896&lt;/ns2:id&gt;&lt;ns2:optionName&gt;@labelVisibility&lt;/ns2:optionName&gt;&lt;ns2:value&gt;SHOW&lt;/ns2:value&gt;&lt;/ns2:configData&gt;&lt;ns2:configData&gt;&lt;ns2:id&gt;5754e36d-139d-4e03-8c70-4911a810aeef&lt;/ns2:id&gt;&lt;ns2:optionName&gt;icon&lt;/ns2:optionName&gt;&lt;ns2:value&gt;ci-close&lt;/ns2:value&gt;&lt;/ns2:configData&gt;&lt;ns2:configData&gt;&lt;ns2:id&gt;f7f77927-69b9-4c6c-8c1f-d0e4ca0d129f&lt;/ns2:id&gt;&lt;ns2:optionName&gt;colorStyle&lt;/ns2:optionName&gt;&lt;ns2:value&gt;G&lt;/ns2:value&gt;&lt;/ns2:configData&gt;&lt;ns2:configData&gt;&lt;ns2:id&gt;9aac8579-a7c3-43ee-8a18-8e4e86f5da76&lt;/ns2:id&gt;&lt;ns2:optionName&gt;eventON_ICONCLICK&lt;/ns2:optionName&gt;&lt;ns2:value&gt;@closeErrorModal&lt;/ns2:value&gt;&lt;/ns2:configData&gt;&lt;ns2:viewUUID&gt;64.455e44ab-b77b-4337-b3f9-435e234fb569&lt;/ns2:viewUUID&gt;&lt;ns2:contentBoxContrib&gt;&lt;ns2:id&gt;43c457a6-0859-47a3-83f5-281081736395&lt;/ns2:id&gt;&lt;ns2:contentBoxId&gt;ContentBox1&lt;/ns2:contentBoxId&gt;&lt;ns2:contributions xsi:type="ns2:ViewRef" version="8550"&gt;&lt;ns2:id&gt;50948b24-9677-4c8f-8775-1ba3348fcd6b&lt;/ns2:id&gt;&lt;ns2:layoutItemId&gt;Err_txt1&lt;/ns2:layoutItemId&gt;&lt;ns2:configData&gt;&lt;ns2:id&gt;a8775517-e02e-4ef9-81c6-4053c3756085&lt;/ns2:id&gt;&lt;ns2:optionName&gt;@label&lt;/ns2:optionName&gt;&lt;ns2:value&gt;Err_txt1&lt;/ns2:value&gt;&lt;ns2:valueType&gt;static&lt;/ns2:valueType&gt;&lt;/ns2:configData&gt;&lt;ns2:configData&gt;&lt;ns2:id&gt;2c05231d-924d-46fa-8c95-9d979385d5e8&lt;/ns2:id&gt;&lt;ns2:optionName&gt;@helpText&lt;/ns2:optionName&gt;&lt;ns2:value&gt;&lt;/ns2:value&gt;&lt;/ns2:configData&gt;&lt;ns2:configData&gt;&lt;ns2:id&gt;dd347a04-f3f9-457a-807c-8d9dcf0ddfb9&lt;/ns2:id&gt;&lt;ns2:optionName&gt;@labelVisibility&lt;/ns2:optionName&gt;&lt;ns2:value&gt;SHOW&lt;/ns2:value&gt;&lt;/ns2:configData&gt;&lt;ns2:viewUUID&gt;64.f634f22e-7800-4bd7-9f1e-87177acfb3bc&lt;/ns2:viewUUID&gt;&lt;/ns2:contributions&gt;&lt;ns2:contributions xsi:type="ns2:ViewRef" version="8550"&gt;&lt;ns2:id&gt;6fd5ee81-d9b7-4af2-8f2e-41926a9b1998&lt;/ns2:id&gt;&lt;ns2:layoutItemId&gt;Err_txt2&lt;/ns2:layoutItemId&gt;&lt;ns2:configData&gt;&lt;ns2:id&gt;1dabfc10-e2ed-4b2b-8cef-20271f666822&lt;/ns2:id&gt;&lt;ns2:optionName&gt;@label&lt;/ns2:optionName&gt;&lt;ns2:value&gt;Err_txt2&lt;/ns2:value&gt;&lt;ns2:valueType&gt;static&lt;/ns2:valueType&gt;&lt;/ns2:configData&gt;&lt;ns2:configData&gt;&lt;ns2:id&gt;000fa1e7-07c9-4a31-8927-0c3df4863fd4&lt;/ns2:id&gt;&lt;ns2:optionName&gt;@helpText&lt;/ns2:optionName&gt;&lt;ns2:value&gt;&lt;/ns2:value&gt;&lt;/ns2:configData&gt;&lt;ns2:configData&gt;&lt;ns2:id&gt;50bad17a-18fc-4d79-83d7-5597227f7572&lt;/ns2:id&gt;&lt;ns2:optionName&gt;@labelVisibility&lt;/ns2:optionName&gt;&lt;ns2:value&gt;SHOW&lt;/ns2:value&gt;&lt;/ns2:configData&gt;&lt;ns2:viewUUID&gt;64.f634f22e-7800-4bd7-9f1e-87177acfb3bc&lt;/ns2:viewUUID&gt;&lt;/ns2:contributions&gt;&lt;ns2:contributions xsi:type="ns2:ViewRef" version="8550"&gt;&lt;ns2:id&gt;03ce5d44-e9dd-4590-83c9-7cb33c2cd6cc&lt;/ns2:id&gt;&lt;ns2:layoutItemId&gt;Err_txt3&lt;/ns2:layoutItemId&gt;&lt;ns2:configData&gt;&lt;ns2:id&gt;abf60448-8fb8-4230-8b03-e59eb1ae11aa&lt;/ns2:id&gt;&lt;ns2:optionName&gt;@label&lt;/ns2:optionName&gt;&lt;ns2:value&gt;Err_txt3&lt;/ns2:value&gt;&lt;ns2:valueType&gt;static&lt;/ns2:valueType&gt;&lt;/ns2:configData&gt;&lt;ns2:configData&gt;&lt;ns2:id&gt;e11c3d77-7565-4c4b-8a0d-fd1c05a6aed5&lt;/ns2:id&gt;&lt;ns2:optionName&gt;@helpText&lt;/ns2:optionName&gt;&lt;ns2:value&gt;&lt;/ns2:value&gt;&lt;/ns2:configData&gt;&lt;ns2:configData&gt;&lt;ns2:id&gt;5299209a-76b9-4443-85c5-36632228e282&lt;/ns2:id&gt;&lt;ns2:optionName&gt;@labelVisibility&lt;/ns2:optionName&gt;&lt;ns2:value&gt;SHOW&lt;/ns2:value&gt;&lt;/ns2:configData&gt;&lt;ns2:viewUUID&gt;64.f634f22e-7800-4bd7-9f1e-87177acfb3bc&lt;/ns2:viewUUID&gt;&lt;/ns2:contributions&gt;&lt;/ns2:contentBoxContrib&gt;&lt;/ns2:contributions&gt;&lt;/ns2:contentBoxContrib&gt;&lt;/ns2:layoutItem&gt;&lt;ns2:layoutItem xsi:type="ns2:ViewRef" version="8550" xmlns:xsi="http://www.w3.org/2001/XMLSchema-instance"&gt;&lt;ns2:id&gt;fe302f1e-96a2-4fec-8a4f-24c5dc6bf481&lt;/ns2:id&gt;&lt;ns2:layoutItemId&gt;ErrorMessage&lt;/ns2:layoutItemId&gt;&lt;ns2:configData&gt;&lt;ns2:id&gt;d33d7c0a-88ed-430f-8c5a-0e0f65344563&lt;/ns2:id&gt;&lt;ns2:optionName&gt;@label&lt;/ns2:optionName&gt;&lt;ns2:value&gt;Error&lt;/ns2:value&gt;&lt;/ns2:configData&gt;&lt;ns2:configData&gt;&lt;ns2:id&gt;b724d11c-52c1-4501-835f-c00d70fbf582&lt;/ns2:id&gt;&lt;ns2:optionName&gt;@helpText&lt;/ns2:optionName&gt;&lt;ns2:value&gt;&lt;/ns2:value&gt;&lt;/ns2:configData&gt;&lt;ns2:configData&gt;&lt;ns2:id&gt;9b5d5c11-dd23-466d-8fbe-acd36ca9e73c&lt;/ns2:id&gt;&lt;ns2:optionName&gt;@labelVisibility&lt;/ns2:optionName&gt;&lt;ns2:value&gt;SHOW&lt;/ns2:value&gt;&lt;/ns2:configData&gt;&lt;ns2:viewUUID&gt;64.f634f22e-7800-4bd7-9f1e-87177acfb3bc&lt;/ns2:viewUUID&gt;&lt;/ns2:layoutItem&gt;&lt;/ns2:layout&gt;</layout>
        <paletteIcon isNull="true" />
        <previewImage isNull="true" />
        <hasLabel>true</hasLabel>
        <labelPosition>0</labelPosition>
        <nineSliceX1Coord>0</nineSliceX1Coord>
        <nineSliceX2Coord>0</nineSliceX2Coord>
        <nineSliceY1Coord>0</nineSliceY1Coord>
        <nineSliceY2Coord>0</nineSliceY2Coord>
        <emitBoundary>false</emitBoundary>
        <isPrototypeFunc>true</isPrototypeFunc>
        <enableDevMode>false</enableDevMode>
        <isMobileReady>true</isMobileReady>
        <loadJsFunction isNull="true" />
        <unloadJsFunction isNull="true" />
        <viewJsFunction isNull="true" />
        <changeJsFunction isNull="true" />
        <collaborationJsFunction isNull="true" />
        <description></description>
        <validateJsFunction isNull="true" />
        <previewAdvHtml>d7d6f0f8-7a7b-4bea-87e7-3bb66a2ad3a3/61.71da8275-e204-4349-b1e4-5376ce9d7d0c</previewAdvHtml>
        <previewAdvJs>d7d6f0f8-7a7b-4bea-87e7-3bb66a2ad3a3/61.abcd6f7a-670c-41dd-bd74-3865ad9e9b10</previewAdvJs>
        <useUrlBinding>false</useUrlBinding>
        <guid>guid:cf5e9b2e2610c5c5:7f1655e6:18379e5e472:-2bc8</guid>
        <versionId>c2557548-420b-41d8-9a48-a6bf068ade7a</versionId>
        <field1 isNull="true" />
        <field2 isNull="true" />
        <field3>0</field3>
        <field4 isNull="true" />
        <field5>false</field5>
        <clobField1 isNull="true" />
        <configOption name="tosName">
            <lastModified isNull="true" />
            <lastModifiedBy isNull="true" />
            <tenantId isNull="true" />
            <coachViewConfigOptionId>66.d4a84b3f-39e1-4d8a-b211-55f3d2b78896</coachViewConfigOptionId>
            <coachViewId>64.1e17e368-4f6a-4093-b1f9-c8afd8e1bd08</coachViewId>
            <isList>false</isList>
            <propertyType>OBJECT</propertyType>
            <label>tw.resource.CAT.tosNameLBL</label>
            <classId>56f01b11-2631-47ae-acdd-75a5c2d4e9d2/12.db884a3c-c533-44b7-bb2d-47bec8ad4022</classId>
            <processId isNull="true" />
            <actionflowId isNull="true" />
            <isAdaptive>false</isAdaptive>
            <seq>0</seq>
            <description>tw.resource.CAT.tosNameDOC</description>
            <groupName></groupName>
            <guid>guid:d4a84b3f-39e1-4d8a-b211-55f3d2b78896</guid>
            <versionId>6d70dbd4-58a2-4e4b-9ce1-8d4602f7aa4b</versionId>
        </configOption>
        <configOption name="caseID">
            <lastModified isNull="true" />
            <lastModifiedBy isNull="true" />
            <tenantId isNull="true" />
            <coachViewConfigOptionId>66.b5eda6e5-f6b2-47a5-9375-aa3ecf2e2348</coachViewConfigOptionId>
            <coachViewId>64.1e17e368-4f6a-4093-b1f9-c8afd8e1bd08</coachViewId>
            <isList>false</isList>
            <propertyType>OBJECT</propertyType>
            <label>tw.resource.CAT.caseIdLBL</label>
            <classId>56f01b11-2631-47ae-acdd-75a5c2d4e9d2/12.db884a3c-c533-44b7-bb2d-47bec8ad4022</classId>
            <processId isNull="true" />
            <actionflowId isNull="true" />
            <isAdaptive>false</isAdaptive>
            <seq>1</seq>
            <description>tw.resource.CAT.caseIdentifierDOC</description>
            <groupName></groupName>
            <guid>guid:b5eda6e5-f6b2-47a5-9375-aa3ecf2e2348</guid>
            <versionId>2f8299b6-32d3-4474-ae1c-d5a3577c0da7</versionId>
        </configOption>
        <configOption name="RepositoryNameService">
            <lastModified isNull="true" />
            <lastModifiedBy isNull="true" />
            <tenantId isNull="true" />
            <coachViewConfigOptionId>66.a0cbc0e4-5799-420e-b183-15ad18907909</coachViewConfigOptionId>
            <coachViewId>64.1e17e368-4f6a-4093-b1f9-c8afd8e1bd08</coachViewId>
            <isList>false</isList>
            <propertyType>SERVICE</propertyType>
            <label>tw.resource.CAT.RepositoryNameService</label>
            <classId>56f01b11-2631-47ae-acdd-75a5c2d4e9d2/12.db884a3c-c533-44b7-bb2d-47bec8ad4022</classId>
            <processId>/1.91f23606-61c3-43d7-a664-8f423244449e</processId>
            <actionflowId isNull="true" />
            <isAdaptive>false</isAdaptive>
            <seq>2</seq>
            <description>tw.resource.CAT.repositoryNameServiceDOC</description>
            <groupName></groupName>
            <guid>guid:a0cbc0e4-5799-420e-b183-15ad18907909</guid>
            <versionId>dc937a0a-07ad-4e3a-847f-63d5405e2d60</versionId>
        </configOption>
        <configOption name="hideActivityButton">
            <lastModified isNull="true" />
            <lastModifiedBy isNull="true" />
            <tenantId isNull="true" />
            <coachViewConfigOptionId>66.fc2b32c8-fda4-4ac3-b2ac-49e78c38c857</coachViewConfigOptionId>
            <coachViewId>64.1e17e368-4f6a-4093-b1f9-c8afd8e1bd08</coachViewId>
            <isList>false</isList>
            <propertyType>OBJECT</propertyType>
            <label>tw.resource.CAT.hideActivityButton</label>
            <classId>56f01b11-2631-47ae-acdd-75a5c2d4e9d2/12.83ff975e-8dbc-42e5-b738-fa8bc08274a2</classId>
            <processId isNull="true" />
            <actionflowId isNull="true" />
            <isAdaptive>false</isAdaptive>
            <seq>3</seq>
            <description>tw.resource.CAT.hideActivityButtonDoc</description>
            <groupName>tw.resource.BPMUI.zCommonGRPAppearance</groupName>
            <guid>guid:fc2b32c8-fda4-4ac3-b2ac-49e78c38c857</guid>
            <versionId>1b082532-19ec-4517-8761-bb4ada2afbed</versionId>
        </configOption>
        <configOption name="colorStyle">
            <lastModified isNull="true" />
            <lastModifiedBy isNull="true" />
            <tenantId isNull="true" />
            <coachViewConfigOptionId>66.dd50e0b6-c9e6-4bbc-b2a1-c0cad4f62139</coachViewConfigOptionId>
            <coachViewId>64.1e17e368-4f6a-4093-b1f9-c8afd8e1bd08</coachViewId>
            <isList>false</isList>
            <propertyType>OBJECT</propertyType>
            <label>tw.resource.BPMUI.ButtonLBLcolorStyle</label>
            <classId>d7d6f0f8-7a7b-4bea-87e7-3bb66a2ad3a3/12.94510c84-2ee1-4487-a1df-006aac6f1918</classId>
            <processId isNull="true" />
            <actionflowId isNull="true" />
            <isAdaptive>false</isAdaptive>
            <seq>4</seq>
            <description>tw.resource.BPMUI.ButtonDOCcolorStyle</description>
            <groupName>tw.resource.BPMUI.zCommonGRPAppearance</groupName>
            <guid>guid:dd50e0b6-c9e6-4bbc-b2a1-c0cad4f62139</guid>
            <versionId>6bc7b2b2-2e4f-4554-b99f-3151799ca34f</versionId>
        </configOption>
        <configOption name="shapeStyle">
            <lastModified isNull="true" />
            <lastModifiedBy isNull="true" />
            <tenantId isNull="true" />
            <coachViewConfigOptionId>66.f72e2a74-870b-40e0-bace-3290c15a2f89</coachViewConfigOptionId>
            <coachViewId>64.1e17e368-4f6a-4093-b1f9-c8afd8e1bd08</coachViewId>
            <isList>false</isList>
            <propertyType>OBJECT</propertyType>
            <label>tw.resource.BPMUI.ButtonLBLshapeStyle</label>
            <classId>d7d6f0f8-7a7b-4bea-87e7-3bb66a2ad3a3/12.203ff638-a153-4d69-8b87-d9ea008a55a3</classId>
            <processId isNull="true" />
            <actionflowId isNull="true" />
            <isAdaptive>false</isAdaptive>
            <seq>5</seq>
            <description>tw.resource.BPMUI.ButtonDOCshapeStyle</description>
            <groupName>tw.resource.BPMUI.zCommonGRPAppearance</groupName>
            <guid>guid:f72e2a74-870b-40e0-bace-3290c15a2f89</guid>
            <versionId>c42e3748-d7da-48db-83f0-43cdcae8112f</versionId>
        </configOption>
        <configOption name="sizeStyle">
            <lastModified isNull="true" />
            <lastModifiedBy isNull="true" />
            <tenantId isNull="true" />
            <coachViewConfigOptionId>66.113f9cc3-f09c-4faf-92cd-e31b8323c644</coachViewConfigOptionId>
            <coachViewId>64.1e17e368-4f6a-4093-b1f9-c8afd8e1bd08</coachViewId>
            <isList>false</isList>
            <propertyType>OBJECT</propertyType>
            <label>tw.resource.BPMUI.ButtonLBLsizeStyle</label>
            <classId>d7d6f0f8-7a7b-4bea-87e7-3bb66a2ad3a3/12.6350f376-b985-4eb6-835e-25b425fc6936</classId>
            <processId isNull="true" />
            <actionflowId isNull="true" />
            <isAdaptive>false</isAdaptive>
            <seq>6</seq>
            <description>tw.resource.BPMUI.ButtonDOCsizeStyle</description>
            <groupName>tw.resource.BPMUI.zCommonGRPAppearance</groupName>
            <guid>guid:113f9cc3-f09c-4faf-92cd-e31b8323c644</guid>
            <versionId>f1345ea8-e5b9-46dc-80f1-9d43680c46db</versionId>
        </configOption>
        <configOption name="outline">
            <lastModified isNull="true" />
            <lastModifiedBy isNull="true" />
            <tenantId isNull="true" />
            <coachViewConfigOptionId>66.c5146d1f-845d-4021-bcba-61426a41e692</coachViewConfigOptionId>
            <coachViewId>64.1e17e368-4f6a-4093-b1f9-c8afd8e1bd08</coachViewId>
            <isList>false</isList>
            <propertyType>OBJECT</propertyType>
            <label>tw.resource.BPMUI.ButtonLBLoutline</label>
            <classId>56f01b11-2631-47ae-acdd-75a5c2d4e9d2/12.83ff975e-8dbc-42e5-b738-fa8bc08274a2</classId>
            <processId isNull="true" />
            <actionflowId isNull="true" />
            <isAdaptive>false</isAdaptive>
            <seq>7</seq>
            <description>tw.resource.BPMUI.ButtonDOCoutline</description>
            <groupName>tw.resource.BPMUI.zCommonGRPAppearance</groupName>
            <guid>guid:c5146d1f-845d-4021-bcba-61426a41e692</guid>
            <versionId>d13ad8a1-d84f-4595-b840-f5eac3daa02d</versionId>
        </configOption>
        <configOption name="icon">
            <lastModified isNull="true" />
            <lastModifiedBy isNull="true" />
            <tenantId isNull="true" />
            <coachViewConfigOptionId>66.70008dff-e99f-44fc-8ca0-a7391c8cccfb</coachViewConfigOptionId>
            <coachViewId>64.1e17e368-4f6a-4093-b1f9-c8afd8e1bd08</coachViewId>
            <isList>false</isList>
            <propertyType>OBJECT</propertyType>
            <label>tw.resource.BPMUI.ButtonLBLicon</label>
            <classId>56f01b11-2631-47ae-acdd-75a5c2d4e9d2/12.db884a3c-c533-44b7-bb2d-47bec8ad4022</classId>
            <processId isNull="true" />
            <actionflowId isNull="true" />
            <isAdaptive>false</isAdaptive>
            <seq>8</seq>
            <description>tw.resource.BPMUI.ButtonDOCicon</description>
            <groupName>tw.resource.BPMUI.zCommonGRPAppearance</groupName>
            <guid>guid:70008dff-e99f-44fc-8ca0-a7391c8cccfb</guid>
            <versionId>6ddc15dc-7f52-456c-a722-2b730a87e9d4</versionId>
        </configOption>
        <configOption name="width">
            <lastModified isNull="true" />
            <lastModifiedBy isNull="true" />
            <tenantId isNull="true" />
            <coachViewConfigOptionId>66.2ee04ff8-7767-42d0-b300-d397d7ccb52a</coachViewConfigOptionId>
            <coachViewId>64.1e17e368-4f6a-4093-b1f9-c8afd8e1bd08</coachViewId>
            <isList>false</isList>
            <propertyType>OBJECT</propertyType>
            <label>tw.resource.BPMUI.ButtonLBLwidth</label>
            <classId>56f01b11-2631-47ae-acdd-75a5c2d4e9d2/12.db884a3c-c533-44b7-bb2d-47bec8ad4022</classId>
            <processId isNull="true" />
            <actionflowId isNull="true" />
            <isAdaptive>false</isAdaptive>
            <seq>9</seq>
            <description>tw.resource.BPMUI.ButtonDOCwidth</description>
            <groupName>tw.resource.BPMUI.zCommonGRPAppearance</groupName>
            <guid>guid:2ee04ff8-7767-42d0-b300-d397d7ccb52a</guid>
            <versionId>3ae605c6-1e22-451f-87cc-d3382bb5e50a</versionId>
        </configOption>
        <configOption name="iconLocation">
            <lastModified isNull="true" />
            <lastModifiedBy isNull="true" />
            <tenantId isNull="true" />
            <coachViewConfigOptionId>66.0842a5e8-8794-4619-927c-88a78a949157</coachViewConfigOptionId>
            <coachViewId>64.1e17e368-4f6a-4093-b1f9-c8afd8e1bd08</coachViewId>
            <isList>false</isList>
            <propertyType>OBJECT</propertyType>
            <label>tw.resource.BPMUI.ButtonLBLiconLocation</label>
            <classId>d7d6f0f8-7a7b-4bea-87e7-3bb66a2ad3a3/12.1c06052f-a56b-4c88-8b02-47907baf4da2</classId>
            <processId isNull="true" />
            <actionflowId isNull="true" />
            <isAdaptive>false</isAdaptive>
            <seq>10</seq>
            <description>tw.resource.BPMUI.ButtonDOCiconLocation</description>
            <groupName>tw.resource.BPMUI.zCommonGRPAppearance</groupName>
            <guid>guid:0842a5e8-8794-4619-927c-88a78a949157</guid>
            <versionId>8c4ac3d4-b307-4aa4-96bd-429b64269e6a</versionId>
        </configOption>
        <configOption name="ghostMode">
            <lastModified isNull="true" />
            <lastModifiedBy isNull="true" />
            <tenantId isNull="true" />
            <coachViewConfigOptionId>66.1fc09eef-ca86-4a05-8787-874382999d8e</coachViewConfigOptionId>
            <coachViewId>64.1e17e368-4f6a-4093-b1f9-c8afd8e1bd08</coachViewId>
            <isList>false</isList>
            <propertyType>OBJECT</propertyType>
            <label>tw.resource.BPMUI.ButtonLBLghostMode</label>
            <classId>56f01b11-2631-47ae-acdd-75a5c2d4e9d2/12.83ff975e-8dbc-42e5-b738-fa8bc08274a2</classId>
            <processId isNull="true" />
            <actionflowId isNull="true" />
            <isAdaptive>false</isAdaptive>
            <seq>11</seq>
            <description>tw.resource.BPMUI.ButtonDOCghostMode</description>
            <groupName>tw.resource.BPMUI.zCommonGRPAppearance</groupName>
            <guid>guid:1fc09eef-ca86-4a05-8787-874382999d8e</guid>
            <versionId>c0197835-e852-4979-8a35-065e397c015d</versionId>
        </configOption>
        <dynamicStyle>
            <lastModified isNull="true" />
            <lastModifiedBy isNull="true" />
            <tenantId isNull="true" />
            <coachViewDynamicStyleId>73.8de2c553-b68a-462b-9d38-1744309e262b</coachViewDynamicStyleId>
            <coachViewId>64.1e17e368-4f6a-4093-b1f9-c8afd8e1bd08</coachViewId>
            <filePath>case.less</filePath>
            <assetUuid>/61.2e649208-11dd-4f58-a4c9-53c91521b179</assetUuid>
            <seq>0</seq>
            <guid>guid:8de2c553-b68a-462b-9d38-1744309e262b</guid>
            <versionId>d6a7df3e-7665-4efe-8990-18667ed95789</versionId>
        </dynamicStyle>
        <dynamicStyle>
            <lastModified isNull="true" />
            <lastModifiedBy isNull="true" />
            <tenantId isNull="true" />
            <coachViewDynamicStyleId>73.ce36cb96-4f9c-438f-b694-f1f31b736c9b</coachViewDynamicStyleId>
            <coachViewId>64.1e17e368-4f6a-4093-b1f9-c8afd8e1bd08</coachViewId>
            <filePath>bpmUI.less</filePath>
            <assetUuid>d7d6f0f8-7a7b-4bea-87e7-3bb66a2ad3a3/61.26865295-8511-4538-b8f1-4cb99c203a92</assetUuid>
            <seq>1</seq>
            <guid>guid:ce36cb96-4f9c-438f-b694-f1f31b736c9b</guid>
            <versionId>180a22ff-40b1-486a-b9c5-e1a1d3bce9b9</versionId>
        </dynamicStyle>
        <resource>
            <lastModified isNull="true" />
            <lastModifiedBy isNull="true" />
            <tenantId isNull="true" />
            <coachViewResourceId>67.0fed56ee-88de-47ee-bc5c-089f6499dd8b</coachViewResourceId>
            <coachViewId>64.1e17e368-4f6a-4093-b1f9-c8afd8e1bd08</coachViewId>
            <filePath>Core.js</filePath>
            <ieCondition></ieCondition>
            <mediaQuery></mediaQuery>
            <scriptLoadStyle isNull="true" />
            <assetUuid>/61.b9f2b5d6-21e2-48a0-a41a-5149ebe9db15</assetUuid>
            <seq>0</seq>
            <guid>guid:0fed56ee-88de-47ee-bc5c-089f6499dd8b</guid>
            <versionId>86cd8c73-7de0-4980-9af4-7e279aa4a634</versionId>
        </resource>
        <inlineScript name="Inline Javascript">
            <lastModified isNull="true" />
            <lastModifiedBy isNull="true" />
            <tenantId isNull="true" />
            <coachViewInlineScriptId>68.146788bc-d447-478a-a74c-cd925ef78368</coachViewInlineScriptId>
            <coachViewId>64.1e17e368-4f6a-4093-b1f9-c8afd8e1bd08</coachViewId>
            <scriptType>JS</scriptType>
            <scriptBlock>var fileName = 'Case-Control-AddActivity.js';&#xD;
var path = (dojoConfig.isDebug === true) ?&#xD;
 	com_ibm_bpm_coach.getManagedAssetUrl(fileName, com_ibm_bpm_coach.assetType_WEB, 'SYSCT', false) :&#xD;
 	com_ibm_bpm_coach.getManagedAssetUrl('Case-Controls.min.js', com_ibm_bpm_coach.assetType_WEB, 'SYSCT', false);&#xD;
&#xD;
 	path = (dojoConfig.isDeveloperMode === true) ? "case/files/" + fileName : path;&#xD;
var _this = this;&#xD;
require({async:false},[path], function() {&#xD;
	case_control_initAddActivity.call(_this, caseUtilities, caseUtils, caseResources, domConstruct, domClass, domStyle, domAttr);&#xD;
});</scriptBlock>
            <seq>0</seq>
            <description></description>
            <guid>guid:146788bc-d447-478a-a74c-cd925ef78368</guid>
            <versionId>22bfc107-9e9a-48bb-9e4e-8835a70f09af</versionId>
        </inlineScript>
        <localization>
            <lastModified isNull="true" />
            <lastModifiedBy isNull="true" />
            <tenantId isNull="true" />
            <coachViewLocalResId>69.5a448824-427c-4f18-a5bb-9fad2f4e3cf0</coachViewLocalResId>
            <coachViewId>64.1e17e368-4f6a-4093-b1f9-c8afd8e1bd08</coachViewId>
            <resourceBundleGroupId>d7d6f0f8-7a7b-4bea-87e7-3bb66a2ad3a3/50.f9a573ef-523f-4f0e-80c8-39285c07ddd4</resourceBundleGroupId>
            <seq>0</seq>
            <guid>guid:5a448824-427c-4f18-a5bb-9fad2f4e3cf0</guid>
            <versionId>75807f6f-6309-44e0-b5b6-83eff1caf8f1</versionId>
        </localization>
        <localization>
            <lastModified isNull="true" />
            <lastModifiedBy isNull="true" />
            <tenantId isNull="true" />
            <coachViewLocalResId>69.576ae053-3111-42ec-b6a8-a076781a77d1</coachViewLocalResId>
            <coachViewId>64.1e17e368-4f6a-4093-b1f9-c8afd8e1bd08</coachViewId>
            <resourceBundleGroupId>/50.c4d6cc83-a000-4ae2-b2f5-d35d89f9c6ba</resourceBundleGroupId>
            <seq>1</seq>
            <guid>guid:576ae053-3111-42ec-b6a8-a076781a77d1</guid>
            <versionId>1242d41a-3d05-4185-83b8-07fde283600c</versionId>
        </localization>
        <amdDependency>
            <lastModified isNull="true" />
            <lastModifiedBy isNull="true" />
            <tenantId isNull="true" />
            <coachViewAmdDepId>70.1e6ef20e-e5a4-4195-aa9e-35ddd32c9b28</coachViewAmdDepId>
            <coachViewId>64.1e17e368-4f6a-4093-b1f9-c8afd8e1bd08</coachViewId>
            <moduleId>com.ibm.bpm.coach.utils/utilities</moduleId>
            <functionArgument>caseUtilities</functionArgument>
            <seq>0</seq>
            <guid>guid:1e6ef20e-e5a4-4195-aa9e-35ddd32c9b28</guid>
            <versionId>980ef118-9b57-440c-8f53-49daf12439f7</versionId>
        </amdDependency>
        <amdDependency>
            <lastModified isNull="true" />
            <lastModifiedBy isNull="true" />
            <tenantId isNull="true" />
            <coachViewAmdDepId>70.89469f6c-4bbd-49be-8979-e4b5cf3eaacc</coachViewAmdDepId>
            <coachViewId>64.1e17e368-4f6a-4093-b1f9-c8afd8e1bd08</coachViewId>
            <moduleId>dojo/_base/array</moduleId>
            <functionArgument>array</functionArgument>
            <seq>1</seq>
            <guid>guid:89469f6c-4bbd-49be-8979-e4b5cf3eaacc</guid>
            <versionId>d898cd2b-26d8-47fa-83a3-a4d4add9bddc</versionId>
        </amdDependency>
        <amdDependency>
            <lastModified isNull="true" />
            <lastModifiedBy isNull="true" />
            <tenantId isNull="true" />
            <coachViewAmdDepId>70.368ccef0-9cbd-4d75-b03e-7b3f6bf54450</coachViewAmdDepId>
            <coachViewId>64.1e17e368-4f6a-4093-b1f9-c8afd8e1bd08</coachViewId>
            <moduleId>com.ibm.bpm.case.core/taskUtils</moduleId>
            <functionArgument>caseUtils</functionArgument>
            <seq>2</seq>
            <guid>guid:368ccef0-9cbd-4d75-b03e-7b3f6bf54450</guid>
            <versionId>cfb6349d-4860-4ead-8c0b-f40b2b13d423</versionId>
        </amdDependency>
        <amdDependency>
            <lastModified isNull="true" />
            <lastModifiedBy isNull="true" />
            <tenantId isNull="true" />
            <coachViewAmdDepId>70.b473ddd0-da27-4280-a1ad-ec6aa409109d</coachViewAmdDepId>
            <coachViewId>64.1e17e368-4f6a-4093-b1f9-c8afd8e1bd08</coachViewId>
            <moduleId>com.ibm.bpm.case.resources</moduleId>
            <functionArgument>caseResources</functionArgument>
            <seq>3</seq>
            <guid>guid:b473ddd0-da27-4280-a1ad-ec6aa409109d</guid>
            <versionId>34dd8594-a22c-4270-bcd4-f433dd7d365e</versionId>
        </amdDependency>
        <amdDependency>
            <lastModified isNull="true" />
            <lastModifiedBy isNull="true" />
            <tenantId isNull="true" />
            <coachViewAmdDepId>70.f5a15434-ea2f-451b-b3c1-4b8a86b760e9</coachViewAmdDepId>
            <coachViewId>64.1e17e368-4f6a-4093-b1f9-c8afd8e1bd08</coachViewId>
            <moduleId>dojo/dom-construct</moduleId>
            <functionArgument>domConstruct</functionArgument>
            <seq>4</seq>
            <guid>guid:f5a15434-ea2f-451b-b3c1-4b8a86b760e9</guid>
            <versionId>4d6b5fbd-9746-44e5-9a1d-4e70e97b205f</versionId>
        </amdDependency>
        <amdDependency>
            <lastModified isNull="true" />
            <lastModifiedBy isNull="true" />
            <tenantId isNull="true" />
            <coachViewAmdDepId>70.7e8e0a57-2784-4c27-82d1-dc5e1eda0237</coachViewAmdDepId>
            <coachViewId>64.1e17e368-4f6a-4093-b1f9-c8afd8e1bd08</coachViewId>
            <moduleId>dojo/dom-class</moduleId>
            <functionArgument>domClass</functionArgument>
            <seq>5</seq>
            <guid>guid:7e8e0a57-2784-4c27-82d1-dc5e1eda0237</guid>
            <versionId>27c0b618-4f14-4159-8196-6ca38d0a2448</versionId>
        </amdDependency>
        <amdDependency>
            <lastModified isNull="true" />
            <lastModifiedBy isNull="true" />
            <tenantId isNull="true" />
            <coachViewAmdDepId>70.c20d42d1-65f4-48b0-b63a-564c415b9cde</coachViewAmdDepId>
            <coachViewId>64.1e17e368-4f6a-4093-b1f9-c8afd8e1bd08</coachViewId>
            <moduleId>dojo/dom-style</moduleId>
            <functionArgument>domStyle</functionArgument>
            <seq>6</seq>
            <guid>guid:c20d42d1-65f4-48b0-b63a-564c415b9cde</guid>
            <versionId>f09c0571-f4c7-4e79-8f56-a91c37311e33</versionId>
        </amdDependency>
        <amdDependency>
            <lastModified isNull="true" />
            <lastModifiedBy isNull="true" />
            <tenantId isNull="true" />
            <coachViewAmdDepId>70.91e4f0a2-4f1a-4b50-a6fb-74950e1f22ec</coachViewAmdDepId>
            <coachViewId>64.1e17e368-4f6a-4093-b1f9-c8afd8e1bd08</coachViewId>
            <moduleId>dojo/dom-attr</moduleId>
            <functionArgument>domAttr</functionArgument>
            <seq>7</seq>
            <guid>guid:91e4f0a2-4f1a-4b50-a6fb-74950e1f22ec</guid>
            <versionId>0c185cb7-ed15-4cf9-98b3-0f5436db935f</versionId>
        </amdDependency>
    </coachView>
</teamworks>

