<?xml version="1.0" encoding="UTF-8"?>
<teamworks>
    <coachView id="64.2e39b7ca-486c-49ca-9d1e-ed4730e59ce9" name="Case BusinessObject Member MultiValue">
        <lastModified>1636711888524</lastModified>
        <lastModifiedBy>tw_admin</lastModifiedBy>
        <tenantId isNull="true" />
        <coachViewId>64.2e39b7ca-486c-49ca-9d1e-ed4730e59ce9</coachViewId>
        <isTemplate>false</isTemplate>
        <layout>&lt;?xml version="1.0" encoding="UTF-8" standalone="yes"?&gt;&lt;ns2:layout xmlns:ns2="http://www.ibm.com/bpm/CoachDesignerNG" xmlns:ns3="http://www.ibm.com/bpm/coachview"&gt;&lt;ns2:layoutItem xsi:type="ns2:ViewRef" version="8550" xmlns:xsi="http://www.w3.org/2001/XMLSchema-instance"&gt;&lt;ns2:id&gt;73dff8e9-47a2-42b9-8aad-2c9d851d8770&lt;/ns2:id&gt;&lt;ns2:layoutItemId&gt;BO_Properties_Table&lt;/ns2:layoutItemId&gt;&lt;ns2:configData&gt;&lt;ns2:id&gt;80315aff-8da9-4311-8273-21ff7b08b409&lt;/ns2:id&gt;&lt;ns2:optionName&gt;@label&lt;/ns2:optionName&gt;&lt;ns2:value&gt;Table&lt;/ns2:value&gt;&lt;/ns2:configData&gt;&lt;ns2:configData&gt;&lt;ns2:id&gt;2c50854a-782f-4e5e-8bd9-911f34631b2f&lt;/ns2:id&gt;&lt;ns2:optionName&gt;@helpText&lt;/ns2:optionName&gt;&lt;ns2:value&gt;&lt;/ns2:value&gt;&lt;/ns2:configData&gt;&lt;ns2:configData&gt;&lt;ns2:id&gt;69ec430c-7d6b-4a41-8e1a-3c754923ba34&lt;/ns2:id&gt;&lt;ns2:optionName&gt;@labelVisibility&lt;/ns2:optionName&gt;&lt;ns2:value&gt;HIDE&lt;/ns2:value&gt;&lt;/ns2:configData&gt;&lt;ns2:configData&gt;&lt;ns2:id&gt;ab795e53-1363-4c20-8590-93bb546fc845&lt;/ns2:id&gt;&lt;ns2:optionName&gt;showDeleteButton&lt;/ns2:optionName&gt;&lt;ns2:value&gt;true&lt;/ns2:value&gt;&lt;/ns2:configData&gt;&lt;ns2:configData&gt;&lt;ns2:id&gt;12874e46-8a71-4199-88a1-b180f954b057&lt;/ns2:id&gt;&lt;ns2:optionName&gt;showAddButton&lt;/ns2:optionName&gt;&lt;ns2:value&gt;true&lt;/ns2:value&gt;&lt;/ns2:configData&gt;&lt;ns2:configData&gt;&lt;ns2:id&gt;dd7a98f9-4b4b-4ade-8a32-c4b84bf0b195&lt;/ns2:id&gt;&lt;ns2:optionName&gt;showPager&lt;/ns2:optionName&gt;&lt;ns2:value&gt;{"isResponsiveData":true,"values":[{"deviceConfigID":"LargeID","value":false}]}&lt;/ns2:value&gt;&lt;/ns2:configData&gt;&lt;ns2:configData&gt;&lt;ns2:id&gt;734e387b-2f0c-48df-8191-d63b9159efff&lt;/ns2:id&gt;&lt;ns2:optionName&gt;eventON_ADDREC&lt;/ns2:optionName&gt;&lt;ns2:value&gt;@addProperty&lt;/ns2:value&gt;&lt;/ns2:configData&gt;&lt;ns2:configData&gt;&lt;ns2:id&gt;ab20f82c-22d2-40ef-8164-c971fde435dc&lt;/ns2:id&gt;&lt;ns2:optionName&gt;width&lt;/ns2:optionName&gt;&lt;ns2:value&gt;{"isResponsiveData":true,"values":[{"deviceConfigID":"LargeID","value":""}]}&lt;/ns2:value&gt;&lt;/ns2:configData&gt;&lt;ns2:configData&gt;&lt;ns2:id&gt;a7674247-57b1-4d59-81cf-e8a200980ded&lt;/ns2:id&gt;&lt;ns2:optionName&gt;eventON_DELREC&lt;/ns2:optionName&gt;&lt;ns2:value&gt;@removePropertyValue&lt;/ns2:value&gt;&lt;/ns2:configData&gt;&lt;ns2:configData&gt;&lt;ns2:id&gt;9cc986b6-9cf9-4733-82d5-60a5374afdf2&lt;/ns2:id&gt;&lt;ns2:optionName&gt;pageSize&lt;/ns2:optionName&gt;&lt;ns2:value&gt;&lt;/ns2:value&gt;&lt;ns2:valueType&gt;static&lt;/ns2:valueType&gt;&lt;/ns2:configData&gt;&lt;ns2:viewUUID&gt;64.f515b79f-fe61-4bd3-8e26-72f00155d139&lt;/ns2:viewUUID&gt;&lt;ns2:binding&gt;&lt;/ns2:binding&gt;&lt;ns2:contentBoxContrib&gt;&lt;ns2:id&gt;014a9662-43d4-440f-8a2f-7af160c5ba32&lt;/ns2:id&gt;&lt;ns2:contentBoxId&gt;ContentBox1&lt;/ns2:contentBoxId&gt;&lt;ns2:contributions xsi:type="ns2:ViewRef" version="8550"&gt;&lt;ns2:id&gt;82509a47-8c3b-470a-828d-cf790f2ed663&lt;/ns2:id&gt;&lt;ns2:layoutItemId&gt;Property_Variant&lt;/ns2:layoutItemId&gt;&lt;ns2:configData&gt;&lt;ns2:id&gt;394f71d9-ec74-4260-8d5c-4590c5a08269&lt;/ns2:id&gt;&lt;ns2:optionName&gt;@label&lt;/ns2:optionName&gt;&lt;ns2:value&gt;Variant&lt;/ns2:value&gt;&lt;/ns2:configData&gt;&lt;ns2:configData&gt;&lt;ns2:id&gt;3bde77c6-acf8-42a5-8158-8e0c3148fc19&lt;/ns2:id&gt;&lt;ns2:optionName&gt;@helpText&lt;/ns2:optionName&gt;&lt;ns2:value&gt;&lt;/ns2:value&gt;&lt;/ns2:configData&gt;&lt;ns2:configData&gt;&lt;ns2:id&gt;0d3e275a-07b9-4477-8c79-9d4d31f15934&lt;/ns2:id&gt;&lt;ns2:optionName&gt;@labelVisibility&lt;/ns2:optionName&gt;&lt;ns2:value&gt;HIDE&lt;/ns2:value&gt;&lt;/ns2:configData&gt;&lt;ns2:configData&gt;&lt;ns2:id&gt;116a6319-9894-4370-8719-4c5d3272681b&lt;/ns2:id&gt;&lt;ns2:optionName&gt;defaultPaneIdx&lt;/ns2:optionName&gt;&lt;ns2:value&gt;-1&lt;/ns2:value&gt;&lt;/ns2:configData&gt;&lt;ns2:configData&gt;&lt;ns2:id&gt;7e6e4298-9295-4ee8-8f9b-35c60a822d2f&lt;/ns2:id&gt;&lt;ns2:optionName&gt;eventON_LOAD&lt;/ns2:optionName&gt;&lt;ns2:value&gt;@onVariantLoad&lt;/ns2:value&gt;&lt;/ns2:configData&gt;&lt;ns2:configData&gt;&lt;ns2:id&gt;717a2679-1238-4e5c-80cd-e4079edf4dd8&lt;/ns2:id&gt;&lt;ns2:optionName&gt;eventON_CHANGE&lt;/ns2:optionName&gt;&lt;ns2:value&gt;@updateValue&lt;/ns2:value&gt;&lt;/ns2:configData&gt;&lt;ns2:viewUUID&gt;64.b9738f74-c1ec-4483-90e0-e2dd133e4608&lt;/ns2:viewUUID&gt;&lt;ns2:binding&gt;&lt;/ns2:binding&gt;&lt;ns2:contentBoxContrib&gt;&lt;ns2:id&gt;0fdfbb64-7c20-48f9-84cc-cd2efb4914c7&lt;/ns2:id&gt;&lt;ns2:contentBoxId&gt;ContentBox1&lt;/ns2:contentBoxId&gt;&lt;ns2:contributions xsi:type="ns2:ViewRef" version="8550"&gt;&lt;ns2:id&gt;fde06bc4-c118-4b8f-8e8d-a4a468765f8f&lt;/ns2:id&gt;&lt;ns2:layoutItemId&gt;Text1&lt;/ns2:layoutItemId&gt;&lt;ns2:configData&gt;&lt;ns2:id&gt;aadddd58-ea35-4051-83ce-4c460b6a9f05&lt;/ns2:id&gt;&lt;ns2:optionName&gt;@label&lt;/ns2:optionName&gt;&lt;ns2:value&gt;Text&lt;/ns2:value&gt;&lt;/ns2:configData&gt;&lt;ns2:configData&gt;&lt;ns2:id&gt;128c96f4-27de-407c-826c-e28e7ef5b256&lt;/ns2:id&gt;&lt;ns2:optionName&gt;@helpText&lt;/ns2:optionName&gt;&lt;ns2:value&gt;&lt;/ns2:value&gt;&lt;/ns2:configData&gt;&lt;ns2:configData&gt;&lt;ns2:id&gt;734b56ff-0cbc-4802-86e5-4f523d687334&lt;/ns2:id&gt;&lt;ns2:optionName&gt;@labelVisibility&lt;/ns2:optionName&gt;&lt;ns2:value&gt;SHOW&lt;/ns2:value&gt;&lt;/ns2:configData&gt;&lt;ns2:configData&gt;&lt;ns2:id&gt;0c3290e1-a54c-4dd1-8d41-bb889b6d4aa6&lt;/ns2:id&gt;&lt;ns2:optionName&gt;eventON_CHANGE&lt;/ns2:optionName&gt;&lt;ns2:value&gt;&lt;/ns2:value&gt;&lt;/ns2:configData&gt;&lt;ns2:viewUUID&gt;64.5663dd71-ff18-4d33-bea0-468d0b869816&lt;/ns2:viewUUID&gt;&lt;ns2:binding&gt;&lt;/ns2:binding&gt;&lt;/ns2:contributions&gt;&lt;ns2:contributions xsi:type="ns2:ViewRef" version="8550"&gt;&lt;ns2:id&gt;5cdc0158-93f5-45e4-82ca-89bb0ed3d11f&lt;/ns2:id&gt;&lt;ns2:layoutItemId&gt;Integer1&lt;/ns2:layoutItemId&gt;&lt;ns2:configData&gt;&lt;ns2:id&gt;8e24b124-fe69-44fd-880f-865096646c60&lt;/ns2:id&gt;&lt;ns2:optionName&gt;@label&lt;/ns2:optionName&gt;&lt;ns2:value&gt;Integer&lt;/ns2:value&gt;&lt;/ns2:configData&gt;&lt;ns2:configData&gt;&lt;ns2:id&gt;bffc3ee3-fc86-47aa-8e1b-1afaa180c8c6&lt;/ns2:id&gt;&lt;ns2:optionName&gt;@helpText&lt;/ns2:optionName&gt;&lt;ns2:value&gt;&lt;/ns2:value&gt;&lt;/ns2:configData&gt;&lt;ns2:configData&gt;&lt;ns2:id&gt;a6a50472-98fe-413f-8d57-9e667f991fd4&lt;/ns2:id&gt;&lt;ns2:optionName&gt;@labelVisibility&lt;/ns2:optionName&gt;&lt;ns2:value&gt;SHOW&lt;/ns2:value&gt;&lt;/ns2:configData&gt;&lt;ns2:configData&gt;&lt;ns2:id&gt;0931daba-c387-4452-8557-31df47200d43&lt;/ns2:id&gt;&lt;ns2:optionName&gt;eventON_CHANGE&lt;/ns2:optionName&gt;&lt;ns2:value&gt;&lt;/ns2:value&gt;&lt;/ns2:configData&gt;&lt;ns2:viewUUID&gt;64.a6946c4c-f73d-4ced-9216-90018985ca96&lt;/ns2:viewUUID&gt;&lt;ns2:binding&gt;&lt;/ns2:binding&gt;&lt;/ns2:contributions&gt;&lt;ns2:contributions xsi:type="ns2:ViewRef" version="8550"&gt;&lt;ns2:id&gt;8fb6a7fa-646e-4728-8e91-8e0a99d5a826&lt;/ns2:id&gt;&lt;ns2:layoutItemId&gt;Decimal1&lt;/ns2:layoutItemId&gt;&lt;ns2:configData&gt;&lt;ns2:id&gt;800c3dee-c740-4bbd-861d-474261c66e81&lt;/ns2:id&gt;&lt;ns2:optionName&gt;@label&lt;/ns2:optionName&gt;&lt;ns2:value&gt;Decimal&lt;/ns2:value&gt;&lt;/ns2:configData&gt;&lt;ns2:configData&gt;&lt;ns2:id&gt;89424a1d-d986-4462-8257-d6c5759f993c&lt;/ns2:id&gt;&lt;ns2:optionName&gt;@helpText&lt;/ns2:optionName&gt;&lt;ns2:value&gt;&lt;/ns2:value&gt;&lt;/ns2:configData&gt;&lt;ns2:configData&gt;&lt;ns2:id&gt;81f6918c-c3a5-4a6f-8772-ee4aaab3221c&lt;/ns2:id&gt;&lt;ns2:optionName&gt;@labelVisibility&lt;/ns2:optionName&gt;&lt;ns2:value&gt;SHOW&lt;/ns2:value&gt;&lt;/ns2:configData&gt;&lt;ns2:configData&gt;&lt;ns2:id&gt;41f72918-1aa3-41e3-8a03-d662bccf5b98&lt;/ns2:id&gt;&lt;ns2:optionName&gt;decimalPlaces&lt;/ns2:optionName&gt;&lt;ns2:value&gt;2&lt;/ns2:value&gt;&lt;/ns2:configData&gt;&lt;ns2:configData&gt;&lt;ns2:id&gt;6993ebdb-b161-445f-85e8-acdaebdf69de&lt;/ns2:id&gt;&lt;ns2:optionName&gt;eventON_CHANGE&lt;/ns2:optionName&gt;&lt;ns2:value&gt;&lt;/ns2:value&gt;&lt;/ns2:configData&gt;&lt;ns2:viewUUID&gt;64.e0ede0f2-f3af-408c-af7b-e7a58eb5e2b4&lt;/ns2:viewUUID&gt;&lt;ns2:binding&gt;&lt;/ns2:binding&gt;&lt;/ns2:contributions&gt;&lt;ns2:contributions xsi:type="ns2:ViewRef" version="8550"&gt;&lt;ns2:id&gt;e3a6466a-8cff-41a7-8592-cff5982dc702&lt;/ns2:id&gt;&lt;ns2:layoutItemId&gt;Date_Time_Picker1&lt;/ns2:layoutItemId&gt;&lt;ns2:configData&gt;&lt;ns2:id&gt;93918f3c-e13b-49d5-8660-3e895848011e&lt;/ns2:id&gt;&lt;ns2:optionName&gt;@label&lt;/ns2:optionName&gt;&lt;ns2:value&gt;Date Time picker&lt;/ns2:value&gt;&lt;/ns2:configData&gt;&lt;ns2:configData&gt;&lt;ns2:id&gt;f608b130-75f7-49b7-842e-800f10001bc3&lt;/ns2:id&gt;&lt;ns2:optionName&gt;@helpText&lt;/ns2:optionName&gt;&lt;ns2:value&gt;&lt;/ns2:value&gt;&lt;/ns2:configData&gt;&lt;ns2:configData&gt;&lt;ns2:id&gt;c6d036a5-be46-42d1-8000-71d14e4f66c0&lt;/ns2:id&gt;&lt;ns2:optionName&gt;@labelVisibility&lt;/ns2:optionName&gt;&lt;ns2:value&gt;SHOW&lt;/ns2:value&gt;&lt;/ns2:configData&gt;&lt;ns2:configData&gt;&lt;ns2:id&gt;81c5a6bf-0358-4999-88b3-17f4c99fe764&lt;/ns2:id&gt;&lt;ns2:optionName&gt;includeTimePicker&lt;/ns2:optionName&gt;&lt;ns2:value&gt;true&lt;/ns2:value&gt;&lt;/ns2:configData&gt;&lt;ns2:configData&gt;&lt;ns2:id&gt;f2e26487-4b29-42e0-83d9-bcf492a91034&lt;/ns2:id&gt;&lt;ns2:optionName&gt;type&lt;/ns2:optionName&gt;&lt;ns2:value&gt;{"isResponsiveData":true,"values":[{"deviceConfigID":"LargeID","value":"TI"}]}&lt;/ns2:value&gt;&lt;/ns2:configData&gt;&lt;ns2:configData&gt;&lt;ns2:id&gt;57c20078-865c-4de1-8bdd-7fb4bcace662&lt;/ns2:id&gt;&lt;ns2:optionName&gt;eventON_CHANGE&lt;/ns2:optionName&gt;&lt;ns2:value&gt;&lt;/ns2:value&gt;&lt;/ns2:configData&gt;&lt;ns2:configData&gt;&lt;ns2:id&gt;1b3ce970-8d8b-41e8-8a5d-f4996046c46f&lt;/ns2:id&gt;&lt;ns2:optionName&gt;highlightToday&lt;/ns2:optionName&gt;&lt;ns2:value&gt;true&lt;/ns2:value&gt;&lt;/ns2:configData&gt;&lt;ns2:viewUUID&gt;64.54643ff2-8363-4976-bb5e-d4eb1094cca3&lt;/ns2:viewUUID&gt;&lt;ns2:binding&gt;&lt;/ns2:binding&gt;&lt;/ns2:contributions&gt;&lt;ns2:contributions xsi:type="ns2:ViewRef" version="8550"&gt;&lt;ns2:id&gt;f5ab1d49-43b7-4e49-85f8-cfc7fc9fe338&lt;/ns2:id&gt;&lt;ns2:layoutItemId&gt;Single_Select1&lt;/ns2:layoutItemId&gt;&lt;ns2:configData&gt;&lt;ns2:id&gt;fe198760-32fd-4060-8c2e-7fa1bd1db727&lt;/ns2:id&gt;&lt;ns2:optionName&gt;@label&lt;/ns2:optionName&gt;&lt;ns2:value&gt;Single select&lt;/ns2:value&gt;&lt;/ns2:configData&gt;&lt;ns2:configData&gt;&lt;ns2:id&gt;70e3a3a3-2e69-4bc7-87a0-28f255edf2b8&lt;/ns2:id&gt;&lt;ns2:optionName&gt;@helpText&lt;/ns2:optionName&gt;&lt;ns2:value&gt;&lt;/ns2:value&gt;&lt;/ns2:configData&gt;&lt;ns2:configData&gt;&lt;ns2:id&gt;8be139f3-74eb-4755-82df-cbdbe7fc2b03&lt;/ns2:id&gt;&lt;ns2:optionName&gt;@labelVisibility&lt;/ns2:optionName&gt;&lt;ns2:value&gt;SHOW&lt;/ns2:value&gt;&lt;/ns2:configData&gt;&lt;ns2:configData&gt;&lt;ns2:id&gt;2746b358-9997-4282-8730-8a53eb123fcb&lt;/ns2:id&gt;&lt;ns2:optionName&gt;eventON_CHANGE&lt;/ns2:optionName&gt;&lt;ns2:value&gt;&lt;/ns2:value&gt;&lt;/ns2:configData&gt;&lt;ns2:viewUUID&gt;64.fd4da558-40d8-47be-92ca-c305708dc7b7&lt;/ns2:viewUUID&gt;&lt;ns2:binding&gt;&lt;/ns2:binding&gt;&lt;/ns2:contributions&gt;&lt;ns2:contributions xsi:type="ns2:ViewRef" version="8550"&gt;&lt;ns2:id&gt;4702dd64-99b3-4c72-8f24-3883bc4a7b75&lt;/ns2:id&gt;&lt;ns2:layoutItemId&gt;Checkbox1&lt;/ns2:layoutItemId&gt;&lt;ns2:configData&gt;&lt;ns2:id&gt;77ab4ca9-2011-45d7-8e47-b5f38825680c&lt;/ns2:id&gt;&lt;ns2:optionName&gt;@label&lt;/ns2:optionName&gt;&lt;ns2:value&gt;Check box&lt;/ns2:value&gt;&lt;/ns2:configData&gt;&lt;ns2:configData&gt;&lt;ns2:id&gt;669bd081-db02-466b-8a1c-872f13b73fc5&lt;/ns2:id&gt;&lt;ns2:optionName&gt;@helpText&lt;/ns2:optionName&gt;&lt;ns2:value&gt;&lt;/ns2:value&gt;&lt;/ns2:configData&gt;&lt;ns2:configData&gt;&lt;ns2:id&gt;292a0421-36b5-4818-890d-1a8d6f09e601&lt;/ns2:id&gt;&lt;ns2:optionName&gt;@labelVisibility&lt;/ns2:optionName&gt;&lt;ns2:value&gt;SHOW&lt;/ns2:value&gt;&lt;/ns2:configData&gt;&lt;ns2:configData&gt;&lt;ns2:id&gt;a6b00546-6c5a-4df7-8502-497fe6f5c9ff&lt;/ns2:id&gt;&lt;ns2:optionName&gt;eventON_CHANGE&lt;/ns2:optionName&gt;&lt;ns2:value&gt;&lt;/ns2:value&gt;&lt;/ns2:configData&gt;&lt;ns2:viewUUID&gt;64.fffd1628-baee-44e8-b7ca-5ae48644b0be&lt;/ns2:viewUUID&gt;&lt;ns2:binding&gt;&lt;/ns2:binding&gt;&lt;/ns2:contributions&gt;&lt;/ns2:contentBoxContrib&gt;&lt;/ns2:contributions&gt;&lt;/ns2:contentBoxContrib&gt;&lt;/ns2:layoutItem&gt;&lt;/ns2:layout&gt;</layout>
        <paletteIcon isNull="true" />
        <previewImage isNull="true" />
        <hasLabel>true</hasLabel>
        <labelPosition>0</labelPosition>
        <nineSliceX1Coord>0</nineSliceX1Coord>
        <nineSliceX2Coord>0</nineSliceX2Coord>
        <nineSliceY1Coord>0</nineSliceY1Coord>
        <nineSliceY2Coord>0</nineSliceY2Coord>
        <emitBoundary>false</emitBoundary>
        <isPrototypeFunc>true</isPrototypeFunc>
        <enableDevMode>false</enableDevMode>
        <isMobileReady>true</isMobileReady>
        <loadJsFunction></loadJsFunction>
        <unloadJsFunction></unloadJsFunction>
        <viewJsFunction isNull="true" />
        <changeJsFunction isNull="true" />
        <collaborationJsFunction isNull="true" />
        <description></description>
        <validateJsFunction isNull="true" />
        <previewAdvHtml>d7d6f0f8-7a7b-4bea-87e7-3bb66a2ad3a3/61.71da8275-e204-4349-b1e4-5376ce9d7d0c</previewAdvHtml>
        <previewAdvJs>d7d6f0f8-7a7b-4bea-87e7-3bb66a2ad3a3/61.abcd6f7a-670c-41dd-bd74-3865ad9e9b10</previewAdvJs>
        <useUrlBinding>false</useUrlBinding>
        <guid>6005a3e9-cc74-41c5-845d-200c7edf2e2a</guid>
        <versionId>8a167afe-dce1-4a89-b6e5-4267e2baf77d</versionId>
        <field1 isNull="true" />
        <field2 isNull="true" />
        <field3>0</field3>
        <field4 isNull="true" />
        <field5>false</field5>
        <clobField1 isNull="true" />
        <bindingType name="property">
            <lastModified isNull="true" />
            <lastModifiedBy isNull="true" />
            <tenantId isNull="true" />
            <coachViewBindingTypeId>65.ba0c11b7-edbe-41b8-80aa-8d5283799d3a</coachViewBindingTypeId>
            <coachViewId>64.2e39b7ca-486c-49ca-9d1e-ed4730e59ce9</coachViewId>
            <isList>false</isList>
            <classId>56f01b11-2631-47ae-acdd-75a5c2d4e9d2/12.c09c9b6e-aabd-4897-bef2-ed61db106297</classId>
            <seq>0</seq>
            <description isNull="true" />
            <guid>f473d991-5147-4fa3-a1aa-a576b33903e5</guid>
            <versionId>446b22d1-6bb9-4a5c-b5ba-9bc9dcac8fca</versionId>
        </bindingType>
        <configOption name="eventON_LOAD">
            <lastModified isNull="true" />
            <lastModifiedBy isNull="true" />
            <tenantId isNull="true" />
            <coachViewConfigOptionId>66.e6acba4a-84bc-48d0-a40b-fd22843ddb04</coachViewConfigOptionId>
            <coachViewId>64.2e39b7ca-486c-49ca-9d1e-ed4730e59ce9</coachViewId>
            <isList>false</isList>
            <propertyType>EVENT</propertyType>
            <label>tw.resource.CAT.eventOnLoadLBL</label>
            <classId>56f01b11-2631-47ae-acdd-75a5c2d4e9d2/12.db884a3c-c533-44b7-bb2d-47bec8ad4022</classId>
            <processId isNull="true" />
            <actionflowId isNull="true" />
            <isAdaptive>false</isAdaptive>
            <seq>0</seq>
            <description></description>
            <groupName></groupName>
            <guid>f6f631c4-4a79-4ba8-9d58-7f9d23f5f01a</guid>
            <versionId>d5a1fc6d-bef5-45a0-81c4-6215bdae181e</versionId>
        </configOption>
        <dynamicStyle>
            <lastModified isNull="true" />
            <lastModifiedBy isNull="true" />
            <tenantId isNull="true" />
            <coachViewDynamicStyleId>73.667d85fa-e389-4a91-9fef-814b993a1f7d</coachViewDynamicStyleId>
            <coachViewId>64.2e39b7ca-486c-49ca-9d1e-ed4730e59ce9</coachViewId>
            <filePath>case.less</filePath>
            <assetUuid>/61.2e649208-11dd-4f58-a4c9-53c91521b179</assetUuid>
            <seq>0</seq>
            <guid>2beb22f6-283c-4cba-9c66-bcfd0fd9fb5e</guid>
            <versionId>8fb853a0-ee02-484a-a02e-7feeaaa0d5c1</versionId>
        </dynamicStyle>
        <dynamicStyle>
            <lastModified isNull="true" />
            <lastModifiedBy isNull="true" />
            <tenantId isNull="true" />
            <coachViewDynamicStyleId>73.00ffd22e-2956-43fb-8b17-d38a6ee106da</coachViewDynamicStyleId>
            <coachViewId>64.2e39b7ca-486c-49ca-9d1e-ed4730e59ce9</coachViewId>
            <filePath>bpmUI.less</filePath>
            <assetUuid>d7d6f0f8-7a7b-4bea-87e7-3bb66a2ad3a3/61.26865295-8511-4538-b8f1-4cb99c203a92</assetUuid>
            <seq>1</seq>
            <guid>5c00d4ac-210b-4775-b3da-859579933933</guid>
            <versionId>98ddc194-99ee-40e6-8687-bf08dc89821d</versionId>
        </dynamicStyle>
        <resource>
            <lastModified isNull="true" />
            <lastModifiedBy isNull="true" />
            <tenantId isNull="true" />
            <coachViewResourceId>67.34603591-4cda-43c7-83df-d5b34380659c</coachViewResourceId>
            <coachViewId>64.2e39b7ca-486c-49ca-9d1e-ed4730e59ce9</coachViewId>
            <filePath>Core.js</filePath>
            <ieCondition isNull="true" />
            <mediaQuery isNull="true" />
            <scriptLoadStyle isNull="true" />
            <assetUuid>/61.b9f2b5d6-21e2-48a0-a41a-5149ebe9db15</assetUuid>
            <seq>0</seq>
            <guid>a04d6269-486b-4389-9ca8-e552c3e9c764</guid>
            <versionId>27358016-11d8-4280-9376-10736e621a58</versionId>
        </resource>
        <inlineScript name="Inline CSS">
            <lastModified isNull="true" />
            <lastModifiedBy isNull="true" />
            <tenantId isNull="true" />
            <coachViewInlineScriptId>68.f90857dc-f73e-4ff9-ad91-c5c92e2629c3</coachViewInlineScriptId>
            <coachViewId>64.2e39b7ca-486c-49ca-9d1e-ed4730e59ce9</coachViewId>
            <scriptType>CSS</scriptType>
            <scriptBlock></scriptBlock>
            <seq>0</seq>
            <description></description>
            <guid>d287bc0a-35c3-467f-9fe2-30d6fe34c191</guid>
            <versionId>7713aea1-7969-4819-8a3d-18f01187df98</versionId>
        </inlineScript>
        <inlineScript name="Inline Javascript">
            <lastModified isNull="true" />
            <lastModifiedBy isNull="true" />
            <tenantId isNull="true" />
            <coachViewInlineScriptId>68.b1aa4d54-d729-430b-a43a-acf00f45a7b0</coachViewInlineScriptId>
            <coachViewId>64.2e39b7ca-486c-49ca-9d1e-ed4730e59ce9</coachViewId>
            <scriptType>JS</scriptType>
            <scriptBlock>var fileName = 'Case-Control-CaseBOMemberMultiProperty.js';&#xD;
var path = (dojoConfig.isDebug === true) ?&#xD;
 	com_ibm_bpm_coach.getManagedAssetUrl(fileName, com_ibm_bpm_coach.assetType_WEB, 'SYSCT', false) :&#xD;
 	com_ibm_bpm_coach.getManagedAssetUrl('Case-Controls.min.js', com_ibm_bpm_coach.assetType_WEB, 'SYSCT', false);&#xD;
&#xD;
 	path = (dojoConfig.isDeveloperMode === true) ? "case/files/" + fileName : path;&#xD;
var _this = this;&#xD;
require({async:false},[path], function() {&#xD;
	case_control_InitCaseBOMemberMultiProperty.call(_this, utilities, taskUtils, wpResources, domAttr, domClass);&#xD;
});&#xD;
</scriptBlock>
            <seq>1</seq>
            <description></description>
            <guid>63d16bad-afcb-4941-8f5c-428d255ca378</guid>
            <versionId>560a969a-c959-49f3-821e-b3da40d05eaf</versionId>
        </inlineScript>
        <localization>
            <lastModified isNull="true" />
            <lastModifiedBy isNull="true" />
            <tenantId isNull="true" />
            <coachViewLocalResId>69.3b1950a1-272a-4fb3-bb75-17645e463d4e</coachViewLocalResId>
            <coachViewId>64.2e39b7ca-486c-49ca-9d1e-ed4730e59ce9</coachViewId>
            <resourceBundleGroupId>d7d6f0f8-7a7b-4bea-87e7-3bb66a2ad3a3/50.f9a573ef-523f-4f0e-80c8-39285c07ddd4</resourceBundleGroupId>
            <seq>0</seq>
            <guid>173181c4-082f-46f7-857e-458b763af7fd</guid>
            <versionId>69c0b015-013d-4725-a8a4-f707c799e012</versionId>
        </localization>
        <localization>
            <lastModified isNull="true" />
            <lastModifiedBy isNull="true" />
            <tenantId isNull="true" />
            <coachViewLocalResId>69.8aa9df9a-8549-4c19-a5c9-6c1d27f35309</coachViewLocalResId>
            <coachViewId>64.2e39b7ca-486c-49ca-9d1e-ed4730e59ce9</coachViewId>
            <resourceBundleGroupId>/50.c4d6cc83-a000-4ae2-b2f5-d35d89f9c6ba</resourceBundleGroupId>
            <seq>1</seq>
            <guid>334575ad-e33a-43ec-a0f7-68b10d3b7ee1</guid>
            <versionId>33277e87-c4b0-47ec-b20f-9d92e97b5cee</versionId>
        </localization>
        <amdDependency>
            <lastModified isNull="true" />
            <lastModifiedBy isNull="true" />
            <tenantId isNull="true" />
            <coachViewAmdDepId>70.169da087-4002-48d2-bbf6-f875ab33e3f5</coachViewAmdDepId>
            <coachViewId>64.2e39b7ca-486c-49ca-9d1e-ed4730e59ce9</coachViewId>
            <moduleId>com.ibm.bpm.coach.utils/utilities</moduleId>
            <functionArgument>utilities</functionArgument>
            <seq>0</seq>
            <guid>ac500375-3bb2-49a7-909e-a59c3401629b</guid>
            <versionId>9f601e42-e660-4dc8-a218-a3374ba7f0a0</versionId>
        </amdDependency>
        <amdDependency>
            <lastModified isNull="true" />
            <lastModifiedBy isNull="true" />
            <tenantId isNull="true" />
            <coachViewAmdDepId>70.e76d3a3f-6f1a-4ff9-adcb-e6dcef03f0f7</coachViewAmdDepId>
            <coachViewId>64.2e39b7ca-486c-49ca-9d1e-ed4730e59ce9</coachViewId>
            <moduleId>dojo/_base/array</moduleId>
            <functionArgument>array</functionArgument>
            <seq>1</seq>
            <guid>ae01b0b1-55e5-4e14-a251-c5bb25b5d8fa</guid>
            <versionId>29489445-80d6-407f-b396-4a89e60b776a</versionId>
        </amdDependency>
        <amdDependency>
            <lastModified isNull="true" />
            <lastModifiedBy isNull="true" />
            <tenantId isNull="true" />
            <coachViewAmdDepId>70.a6885be9-7bb5-41e7-980c-256aa5accb96</coachViewAmdDepId>
            <coachViewId>64.2e39b7ca-486c-49ca-9d1e-ed4730e59ce9</coachViewId>
            <moduleId>com.ibm.bpm.case.core/taskUtils</moduleId>
            <functionArgument>taskUtils</functionArgument>
            <seq>2</seq>
            <guid>603350fb-3a33-4f35-96b9-bce8b8c5b0db</guid>
            <versionId>947a5cc4-9318-434f-8d16-a381f66986bc</versionId>
        </amdDependency>
        <amdDependency>
            <lastModified isNull="true" />
            <lastModifiedBy isNull="true" />
            <tenantId isNull="true" />
            <coachViewAmdDepId>70.23ad6a03-cb34-455c-95fa-34173cc0b9f6</coachViewAmdDepId>
            <coachViewId>64.2e39b7ca-486c-49ca-9d1e-ed4730e59ce9</coachViewId>
            <moduleId>com.ibm.bpm.case.resources</moduleId>
            <functionArgument>wpResources</functionArgument>
            <seq>3</seq>
            <guid>2784334f-69bb-4ace-85f0-bb711bdcd696</guid>
            <versionId>47310a2d-6bb9-4ba2-9cc7-2bfaba3acdd9</versionId>
        </amdDependency>
        <amdDependency>
            <lastModified isNull="true" />
            <lastModifiedBy isNull="true" />
            <tenantId isNull="true" />
            <coachViewAmdDepId>70.e5b5a158-033d-4d46-9fed-ea168a280cd4</coachViewAmdDepId>
            <coachViewId>64.2e39b7ca-486c-49ca-9d1e-ed4730e59ce9</coachViewId>
            <moduleId>dojo/dom-attr</moduleId>
            <functionArgument>domAttr</functionArgument>
            <seq>4</seq>
            <guid>dbbf39fa-3cd0-4536-b508-f68aad37355b</guid>
            <versionId>6a58153e-d5ba-415d-8345-848d1be807fa</versionId>
        </amdDependency>
        <amdDependency>
            <lastModified isNull="true" />
            <lastModifiedBy isNull="true" />
            <tenantId isNull="true" />
            <coachViewAmdDepId>70.4e5fc1da-8f71-4739-9399-52388d21d6cf</coachViewAmdDepId>
            <coachViewId>64.2e39b7ca-486c-49ca-9d1e-ed4730e59ce9</coachViewId>
            <moduleId>dojo/dom-class</moduleId>
            <functionArgument>domClass</functionArgument>
            <seq>5</seq>
            <guid>498dc6d6-a37d-48b8-8edc-a98ca2f9fba4</guid>
            <versionId>986302eb-3aa4-44f5-8918-e922d6969831</versionId>
        </amdDependency>
    </coachView>
</teamworks>

