<?xml version="1.0" encoding="UTF-8"?>
<teamworks>
    <coachView id="64.4fbda6f7-28d4-4d2b-8386-88b23b85d12b" name="Case Header">
        <lastModified>1667905643324</lastModified>
        <lastModifiedBy>tw_admin</lastModifiedBy>
        <tenantId isNull="true" />
        <coachViewId>64.4fbda6f7-28d4-4d2b-8386-88b23b85d12b</coachViewId>
        <isTemplate>false</isTemplate>
        <layout>&lt;?xml version="1.0" encoding="UTF-8" standalone="yes"?&gt;&lt;ns2:layout xmlns:ns2="http://www.ibm.com/bpm/CoachDesignerNG" xmlns:ns3="http://www.ibm.com/bpm/coachview"&gt;&lt;ns2:layoutItem xsi:type="ns2:ViewRef" version="8550" xmlns:xsi="http://www.w3.org/2001/XMLSchema-instance"&gt;&lt;ns2:id&gt;96ff7762-4f2a-424f-8f34-e66a55d2703c&lt;/ns2:id&gt;&lt;ns2:layoutItemId&gt;CaseHeaderDeferredSection&lt;/ns2:layoutItemId&gt;&lt;ns2:configData&gt;&lt;ns2:id&gt;64f57afc-8605-496e-8088-f9e4e94926ff&lt;/ns2:id&gt;&lt;ns2:optionName&gt;@label&lt;/ns2:optionName&gt;&lt;ns2:value&gt;Deferred section&lt;/ns2:value&gt;&lt;/ns2:configData&gt;&lt;ns2:configData&gt;&lt;ns2:id&gt;45c01178-dc67-48e1-8fa5-ecac811c4725&lt;/ns2:id&gt;&lt;ns2:optionName&gt;@helpText&lt;/ns2:optionName&gt;&lt;ns2:value&gt;&lt;/ns2:value&gt;&lt;/ns2:configData&gt;&lt;ns2:configData&gt;&lt;ns2:id&gt;549eea34-1f23-4795-8a0a-8003cfd9b135&lt;/ns2:id&gt;&lt;ns2:optionName&gt;@labelVisibility&lt;/ns2:optionName&gt;&lt;ns2:value&gt;SHOW&lt;/ns2:value&gt;&lt;/ns2:configData&gt;&lt;ns2:configData&gt;&lt;ns2:id&gt;b9080b18-95b6-4208-83b5-3afe3edb8bf1&lt;/ns2:id&gt;&lt;ns2:optionName&gt;autoLoad&lt;/ns2:optionName&gt;&lt;ns2:value&gt;true&lt;/ns2:value&gt;&lt;/ns2:configData&gt;&lt;ns2:configData&gt;&lt;ns2:id&gt;20c72e9b-ce66-4da0-816e-1b3f335d9318&lt;/ns2:id&gt;&lt;ns2:optionName&gt;autoLoadDelay&lt;/ns2:optionName&gt;&lt;ns2:value&gt;0&lt;/ns2:value&gt;&lt;/ns2:configData&gt;&lt;ns2:configData&gt;&lt;ns2:id&gt;b3fa12a5-aa73-43c8-8b17-061f8109e371&lt;/ns2:id&gt;&lt;ns2:optionName&gt;eventON_SECLOAD&lt;/ns2:optionName&gt;&lt;ns2:value&gt;view.initCaseHeader(view);&lt;/ns2:value&gt;&lt;/ns2:configData&gt;&lt;ns2:viewUUID&gt;64.9ee7a0fd-5b25-497d-85fc-1cc09795f524&lt;/ns2:viewUUID&gt;&lt;ns2:contentBoxContrib&gt;&lt;ns2:id&gt;76b1d855-40fb-4d14-8f04-5312112807dd&lt;/ns2:id&gt;&lt;ns2:contentBoxId&gt;ContentBox1&lt;/ns2:contentBoxId&gt;&lt;ns2:contributions xsi:type="ns2:ViewRef" version="8550"&gt;&lt;ns2:id&gt;bc7fae65-5014-439d-896f-1d4a47e13abd&lt;/ns2:id&gt;&lt;ns2:layoutItemId&gt;CaseHeader&lt;/ns2:layoutItemId&gt;&lt;ns2:configData&gt;&lt;ns2:id&gt;e43281d5-2cb5-4d1e-8000-37311101e2db&lt;/ns2:id&gt;&lt;ns2:optionName&gt;@label&lt;/ns2:optionName&gt;&lt;ns2:value&gt;Case Header&lt;/ns2:value&gt;&lt;/ns2:configData&gt;&lt;ns2:configData&gt;&lt;ns2:id&gt;846bab8a-54cb-4f83-8cce-3a38aeea166d&lt;/ns2:id&gt;&lt;ns2:optionName&gt;@helpText&lt;/ns2:optionName&gt;&lt;ns2:value&gt;&lt;/ns2:value&gt;&lt;/ns2:configData&gt;&lt;ns2:configData&gt;&lt;ns2:id&gt;edaa1d1f-1bf8-4cb1-84a0-42f580345571&lt;/ns2:id&gt;&lt;ns2:optionName&gt;@labelVisibility&lt;/ns2:optionName&gt;&lt;ns2:value&gt;SHOW&lt;/ns2:value&gt;&lt;/ns2:configData&gt;&lt;ns2:configData&gt;&lt;ns2:id&gt;9b30282b-c5a0-4b7e-80d9-869c642b6362&lt;/ns2:id&gt;&lt;ns2:optionName&gt;layoutFlow&lt;/ns2:optionName&gt;&lt;ns2:value&gt;{"isResponsiveData":true,"values":[{"deviceConfigID":"LargeID","value":"I"}]}&lt;/ns2:value&gt;&lt;/ns2:configData&gt;&lt;ns2:configData&gt;&lt;ns2:id&gt;3f015641-e707-442b-843d-5e78d3d5c3a1&lt;/ns2:id&gt;&lt;ns2:optionName&gt;vAlignment&lt;/ns2:optionName&gt;&lt;ns2:value&gt;{"isResponsiveData":true,"values":[{"deviceConfigID":"LargeID","value":"M"}]}&lt;/ns2:value&gt;&lt;/ns2:configData&gt;&lt;ns2:configData&gt;&lt;ns2:id&gt;0db160f2-9f06-4668-8459-3aed3e54108a&lt;/ns2:id&gt;&lt;ns2:optionName&gt;hAlignment&lt;/ns2:optionName&gt;&lt;ns2:value&gt;{"isResponsiveData":true,"values":[{"deviceConfigID":"LargeID","value":"J"}]}&lt;/ns2:value&gt;&lt;/ns2:configData&gt;&lt;ns2:viewUUID&gt;64.44f463cc-615b-43d0-834f-c398a82e0363&lt;/ns2:viewUUID&gt;&lt;ns2:contentBoxContrib&gt;&lt;ns2:id&gt;4a0ea90f-8521-4983-8645-b9729e9f1edb&lt;/ns2:id&gt;&lt;ns2:contentBoxId&gt;ContentBox1&lt;/ns2:contentBoxId&gt;&lt;ns2:contributions xsi:type="ns2:ViewRef" version="8550"&gt;&lt;ns2:id&gt;f366f8b3-c24c-47c6-88a3-7a73c425a21d&lt;/ns2:id&gt;&lt;ns2:layoutItemId&gt;CaseTitleLayout&lt;/ns2:layoutItemId&gt;&lt;ns2:configData&gt;&lt;ns2:id&gt;c6032a15-1778-482a-8e04-b97e591d2440&lt;/ns2:id&gt;&lt;ns2:optionName&gt;@label&lt;/ns2:optionName&gt;&lt;ns2:value&gt;Vertical layout&lt;/ns2:value&gt;&lt;/ns2:configData&gt;&lt;ns2:configData&gt;&lt;ns2:id&gt;9266514a-dc66-402e-8f5b-fbe2dd35077c&lt;/ns2:id&gt;&lt;ns2:optionName&gt;@helpText&lt;/ns2:optionName&gt;&lt;ns2:value&gt;&lt;/ns2:value&gt;&lt;/ns2:configData&gt;&lt;ns2:configData&gt;&lt;ns2:id&gt;5337ca62-3618-4b70-8edb-9e57d697a35c&lt;/ns2:id&gt;&lt;ns2:optionName&gt;@labelVisibility&lt;/ns2:optionName&gt;&lt;ns2:value&gt;SHOW&lt;/ns2:value&gt;&lt;/ns2:configData&gt;&lt;ns2:configData&gt;&lt;ns2:id&gt;fd65bf7b-8d3c-4a2b-8172-50739f25ff38&lt;/ns2:id&gt;&lt;ns2:optionName&gt;@visibility&lt;/ns2:optionName&gt;&lt;ns2:value&gt;&lt;/ns2:value&gt;&lt;ns2:valueType&gt;static&lt;/ns2:valueType&gt;&lt;/ns2:configData&gt;&lt;ns2:configData&gt;&lt;ns2:id&gt;eb1339f7-e9f2-424f-8455-570d6320a61d&lt;/ns2:id&gt;&lt;ns2:optionName&gt;layoutFlow&lt;/ns2:optionName&gt;&lt;ns2:value&gt;{"isResponsiveData":true,"values":[{"deviceConfigID":"LargeID","value":"Y"}]}&lt;/ns2:value&gt;&lt;/ns2:configData&gt;&lt;ns2:configData&gt;&lt;ns2:id&gt;bb5352b8-3242-4bd4-8958-f7e0a1f887d5&lt;/ns2:id&gt;&lt;ns2:optionName&gt;hAlignment&lt;/ns2:optionName&gt;&lt;ns2:value&gt;{"isResponsiveData":true,"values":[{"deviceConfigID":"LargeID","value":"L"}]}&lt;/ns2:value&gt;&lt;/ns2:configData&gt;&lt;ns2:configData&gt;&lt;ns2:id&gt;1ad46b84-0657-457a-8d0d-e2e3de83236b&lt;/ns2:id&gt;&lt;ns2:optionName&gt;vAlignment&lt;/ns2:optionName&gt;&lt;ns2:value&gt;{"isResponsiveData":true,"values":[{"deviceConfigID":"LargeID","value":"M"}]}&lt;/ns2:value&gt;&lt;/ns2:configData&gt;&lt;ns2:viewUUID&gt;64.ef447b87-24a2-42a7-b2b9-cd471e9f7b67&lt;/ns2:viewUUID&gt;&lt;ns2:contentBoxContrib&gt;&lt;ns2:id&gt;0fcae2e9-a529-4196-890a-60674e5d36e4&lt;/ns2:id&gt;&lt;ns2:contentBoxId&gt;ContentBox1&lt;/ns2:contentBoxId&gt;&lt;ns2:contributions xsi:type="ns2:ViewRef" version="8550"&gt;&lt;ns2:id&gt;338a11b3-78ba-431b-8211-b192b0800e94&lt;/ns2:id&gt;&lt;ns2:layoutItemId&gt;HorizontalLayoutTitle&lt;/ns2:layoutItemId&gt;&lt;ns2:configData&gt;&lt;ns2:id&gt;5c69b8dd-d45f-4271-83ee-60976dcdeaf4&lt;/ns2:id&gt;&lt;ns2:optionName&gt;@label&lt;/ns2:optionName&gt;&lt;ns2:value&gt;Horizontal layout&lt;/ns2:value&gt;&lt;/ns2:configData&gt;&lt;ns2:configData&gt;&lt;ns2:id&gt;78af67ad-daae-4f9f-8aa0-cd71898e0c93&lt;/ns2:id&gt;&lt;ns2:optionName&gt;@helpText&lt;/ns2:optionName&gt;&lt;ns2:value&gt;&lt;/ns2:value&gt;&lt;/ns2:configData&gt;&lt;ns2:configData&gt;&lt;ns2:id&gt;99e48615-9129-4702-85bd-e71ad11d4d8b&lt;/ns2:id&gt;&lt;ns2:optionName&gt;@labelVisibility&lt;/ns2:optionName&gt;&lt;ns2:value&gt;SHOW&lt;/ns2:value&gt;&lt;/ns2:configData&gt;&lt;ns2:configData&gt;&lt;ns2:id&gt;cc758a69-b7aa-437a-80ae-ffcdaf3e375d&lt;/ns2:id&gt;&lt;ns2:optionName&gt;layoutFlow&lt;/ns2:optionName&gt;&lt;ns2:value&gt;{"isResponsiveData":true,"values":[{"deviceConfigID":"LargeID","value":"I"}]}&lt;/ns2:value&gt;&lt;/ns2:configData&gt;&lt;ns2:configData&gt;&lt;ns2:id&gt;1210a67b-520b-43de-814c-fba2d329aa20&lt;/ns2:id&gt;&lt;ns2:optionName&gt;hAlignment&lt;/ns2:optionName&gt;&lt;ns2:value&gt;{"isResponsiveData":true,"values":[{"deviceConfigID":"LargeID","value":"L"}]}&lt;/ns2:value&gt;&lt;/ns2:configData&gt;&lt;ns2:configData&gt;&lt;ns2:id&gt;c0ff2905-03c9-4a20-8384-8701efc16d5f&lt;/ns2:id&gt;&lt;ns2:optionName&gt;vAlignment&lt;/ns2:optionName&gt;&lt;ns2:value&gt;{"isResponsiveData":true,"values":[{"deviceConfigID":"LargeID","value":"M"}]}&lt;/ns2:value&gt;&lt;/ns2:configData&gt;&lt;ns2:viewUUID&gt;64.44f463cc-615b-43d0-834f-c398a82e0363&lt;/ns2:viewUUID&gt;&lt;ns2:contentBoxContrib&gt;&lt;ns2:id&gt;ad4842bf-5174-4a17-859b-4733bd04af13&lt;/ns2:id&gt;&lt;ns2:contentBoxId&gt;ContentBox1&lt;/ns2:contentBoxId&gt;&lt;ns2:contributions xsi:type="ns2:ViewRef" version="8550"&gt;&lt;ns2:id&gt;336975cc-4fe3-4dde-8080-92987d3eb804&lt;/ns2:id&gt;&lt;ns2:layoutItemId&gt;CaseTitle&lt;/ns2:layoutItemId&gt;&lt;ns2:configData&gt;&lt;ns2:id&gt;8a10a31b-5dea-4efe-b439-ad178b70877e&lt;/ns2:id&gt;&lt;ns2:optionName&gt;showOverflowTooltip&lt;/ns2:optionName&gt;&lt;ns2:value&gt;true&lt;/ns2:value&gt;&lt;/ns2:configData&gt;&lt;ns2:configData&gt;&lt;ns2:id&gt;6ee70046-1293-4802-88d1-a4697bc60843&lt;/ns2:id&gt;&lt;ns2:optionName&gt;@label&lt;/ns2:optionName&gt;&lt;ns2:value&gt;Case Title Property&lt;/ns2:value&gt;&lt;/ns2:configData&gt;&lt;ns2:configData&gt;&lt;ns2:id&gt;01860065-55e1-485f-8f70-ccb6f1a38b56&lt;/ns2:id&gt;&lt;ns2:optionName&gt;@helpText&lt;/ns2:optionName&gt;&lt;ns2:value&gt;&lt;/ns2:value&gt;&lt;/ns2:configData&gt;&lt;ns2:configData&gt;&lt;ns2:id&gt;746858d1-3c5f-4373-884c-93c05aa38f9d&lt;/ns2:id&gt;&lt;ns2:optionName&gt;sizeStyle&lt;/ns2:optionName&gt;&lt;ns2:value&gt;{"isResponsiveData":true,"values":[{"deviceConfigID":"LargeID","value":"L"}]}&lt;/ns2:value&gt;&lt;/ns2:configData&gt;&lt;ns2:configData&gt;&lt;ns2:id&gt;691d10a4-9e3a-4823-8c4e-7b960bbb5553&lt;/ns2:id&gt;&lt;ns2:optionName&gt;@labelVisibility&lt;/ns2:optionName&gt;&lt;ns2:value&gt;HIDE&lt;/ns2:value&gt;&lt;/ns2:configData&gt;&lt;ns2:configData&gt;&lt;ns2:id&gt;306a2414-ba17-4ded-8958-a58656da394b&lt;/ns2:id&gt;&lt;ns2:optionName&gt;@visibility&lt;/ns2:optionName&gt;&lt;ns2:value&gt;&lt;/ns2:value&gt;&lt;ns2:valueType&gt;static&lt;/ns2:valueType&gt;&lt;/ns2:configData&gt;&lt;ns2:configData&gt;&lt;ns2:id&gt;4b11963f-8b9b-40ac-8890-f4107455f26e&lt;/ns2:id&gt;&lt;ns2:optionName&gt;weightStyle&lt;/ns2:optionName&gt;&lt;ns2:value&gt;M&lt;/ns2:value&gt;&lt;/ns2:configData&gt;&lt;ns2:viewUUID&gt;64.f634f22e-7800-4bd7-9f1e-87177acfb3bc&lt;/ns2:viewUUID&gt;&lt;ns2:binding&gt;tw.businessData.caseInstance.caseTitleProperty&lt;/ns2:binding&gt;&lt;/ns2:contributions&gt;&lt;/ns2:contentBoxContrib&gt;&lt;/ns2:contributions&gt;&lt;ns2:contributions xsi:type="ns2:ViewRef" version="8550"&gt;&lt;ns2:id&gt;2c167fa5-e3f0-4cf9-8789-63d09bf2f2bf&lt;/ns2:id&gt;&lt;ns2:layoutItemId&gt;SystemData&lt;/ns2:layoutItemId&gt;&lt;ns2:configData&gt;&lt;ns2:id&gt;c5c444f3-7ac4-4c49-8995-410de2443f42&lt;/ns2:id&gt;&lt;ns2:optionName&gt;@label&lt;/ns2:optionName&gt;&lt;ns2:value&gt;Horizontal layout 3&lt;/ns2:value&gt;&lt;/ns2:configData&gt;&lt;ns2:configData&gt;&lt;ns2:id&gt;c7f8b638-3623-4e27-876e-2ced2e04053e&lt;/ns2:id&gt;&lt;ns2:optionName&gt;@helpText&lt;/ns2:optionName&gt;&lt;ns2:value&gt;&lt;/ns2:value&gt;&lt;/ns2:configData&gt;&lt;ns2:configData&gt;&lt;ns2:id&gt;5415f5fa-0aba-42e1-8b39-c00b5f06aa1d&lt;/ns2:id&gt;&lt;ns2:optionName&gt;@labelVisibility&lt;/ns2:optionName&gt;&lt;ns2:value&gt;SHOW&lt;/ns2:value&gt;&lt;/ns2:configData&gt;&lt;ns2:configData&gt;&lt;ns2:id&gt;4adc3d6b-4869-44f4-89fc-e8d648c65cd2&lt;/ns2:id&gt;&lt;ns2:optionName&gt;layoutFlow&lt;/ns2:optionName&gt;&lt;ns2:value&gt;{"isResponsiveData":true,"values":[{"deviceConfigID":"LargeID","value":"I"}]}&lt;/ns2:value&gt;&lt;/ns2:configData&gt;&lt;ns2:configData&gt;&lt;ns2:id&gt;6cadfe2e-8c81-43a5-8a5c-01f4084f553d&lt;/ns2:id&gt;&lt;ns2:optionName&gt;hAlignment&lt;/ns2:optionName&gt;&lt;ns2:value&gt;{"isResponsiveData":true,"values":[{"deviceConfigID":"LargeID","value":"L"}]}&lt;/ns2:value&gt;&lt;/ns2:configData&gt;&lt;ns2:viewUUID&gt;64.44f463cc-615b-43d0-834f-c398a82e0363&lt;/ns2:viewUUID&gt;&lt;ns2:contentBoxContrib&gt;&lt;ns2:id&gt;aac66e2d-47a2-44e8-874f-d474c4a47ca8&lt;/ns2:id&gt;&lt;ns2:contentBoxId&gt;ContentBox1&lt;/ns2:contentBoxId&gt;&lt;ns2:contributions xsi:type="ns2:ViewRef" version="8550"&gt;&lt;ns2:id&gt;576b566a-ba3a-432a-833a-4c7c97a01ffd&lt;/ns2:id&gt;&lt;ns2:layoutItemId&gt;HealthIndicator&lt;/ns2:layoutItemId&gt;&lt;ns2:configData&gt;&lt;ns2:id&gt;b59f83e2-3dc3-403f-8b43-bbc64ac19e38&lt;/ns2:id&gt;&lt;ns2:optionName&gt;@label&lt;/ns2:optionName&gt;&lt;ns2:value&gt;Health Indicator&lt;/ns2:value&gt;&lt;/ns2:configData&gt;&lt;ns2:configData&gt;&lt;ns2:id&gt;a6c27f0e-00c1-4bd9-8d38-33f6fedc1946&lt;/ns2:id&gt;&lt;ns2:optionName&gt;@helpText&lt;/ns2:optionName&gt;&lt;ns2:value&gt;&lt;/ns2:value&gt;&lt;/ns2:configData&gt;&lt;ns2:configData&gt;&lt;ns2:id&gt;eedcfc9a-e7dc-43ef-8966-fb05a7aa506c&lt;/ns2:id&gt;&lt;ns2:optionName&gt;@labelVisibility&lt;/ns2:optionName&gt;&lt;ns2:value&gt;HIDE&lt;/ns2:value&gt;&lt;/ns2:configData&gt;&lt;ns2:configData&gt;&lt;ns2:id&gt;29da34ea-da72-4658-899f-8d3427206129&lt;/ns2:id&gt;&lt;ns2:optionName&gt;icon&lt;/ns2:optionName&gt;&lt;ns2:valueType&gt;dynamic&lt;/ns2:valueType&gt;&lt;/ns2:configData&gt;&lt;ns2:configData&gt;&lt;ns2:id&gt;ae8a01c0-8e72-494f-86e5-4f8ccbdcad46&lt;/ns2:id&gt;&lt;ns2:optionName&gt;eventON_LOAD&lt;/ns2:optionName&gt;&lt;ns2:value&gt;var binding = view.getData();
var healthindicator = binding.healthIndicator;

var caseState = binding.caseState;
var status = null;
if(caseState === "Completed"){
    status = "completed"
} else{
    status = healthindicator;
}
			
var url = com_ibm_bpm_coach.getManagedAssetUrl("status_" + status + ".png", com_ibm_bpm_coach.assetType_WEB,"SYSCT");
var image =  "&amp;lt;span class='instanceStatusIcon'&amp;gt;&amp;lt;img src='" + url + "'&amp;gt;&amp;lt;/img&amp;gt;&amp;lt;/span&amp;gt;";
			
var stateSpan = document.createElement("span");
if(status != "noInfo") {
    stateSpan.innerHTML=image;
    me.setData(stateSpan.outerHTML);
}
else {
    me.setVisible(false, true);
}&lt;/ns2:value&gt;&lt;/ns2:configData&gt;&lt;ns2:configData&gt;&lt;ns2:id&gt;dfe89e63-cf20-43a2-82de-6e049a1fce8f&lt;/ns2:id&gt;&lt;ns2:optionName&gt;allowHTML&lt;/ns2:optionName&gt;&lt;ns2:value&gt;true&lt;/ns2:value&gt;&lt;/ns2:configData&gt;&lt;ns2:viewUUID&gt;64.f634f22e-7800-4bd7-9f1e-87177acfb3bc&lt;/ns2:viewUUID&gt;&lt;ns2:binding&gt;&lt;/ns2:binding&gt;&lt;/ns2:contributions&gt;&lt;ns2:contributions xsi:type="ns2:ViewRef" version="8550"&gt;&lt;ns2:id&gt;6dc7ba33-a696-4ca7-82a1-645366da1045&lt;/ns2:id&gt;&lt;ns2:layoutItemId&gt;ModifiedDate&lt;/ns2:layoutItemId&gt;&lt;ns2:configData&gt;&lt;ns2:id&gt;31df556b-be41-45d2-8aa3-3d8a846f8ae1&lt;/ns2:id&gt;&lt;ns2:optionName&gt;@label&lt;/ns2:optionName&gt;&lt;ns2:value&gt;Modified Date&lt;/ns2:value&gt;&lt;/ns2:configData&gt;&lt;ns2:configData&gt;&lt;ns2:id&gt;f032487d-3380-428f-80d8-4cc6e4a440ef&lt;/ns2:id&gt;&lt;ns2:optionName&gt;@helpText&lt;/ns2:optionName&gt;&lt;ns2:value&gt;&lt;/ns2:value&gt;&lt;/ns2:configData&gt;&lt;ns2:configData&gt;&lt;ns2:id&gt;fe20cd74-53ae-4492-862d-f9d7a3416f6d&lt;/ns2:id&gt;&lt;ns2:optionName&gt;@labelVisibility&lt;/ns2:optionName&gt;&lt;ns2:value&gt;HIDE&lt;/ns2:value&gt;&lt;/ns2:configData&gt;&lt;ns2:configData&gt;&lt;ns2:id&gt;acec6ffd-dd32-446c-8995-8150dcfec7b0&lt;/ns2:id&gt;&lt;ns2:optionName&gt;eventON_LOAD&lt;/ns2:optionName&gt;&lt;ns2:value&gt;var opts = view.context.options;
var hidecasetype = null;
var hidemoddate = null;

if(opts.hideCaseType) {
    hidecasetype = opts.hideCaseType.get("value");
}
if(opts.hideModifiedDate) {
    hidemoddate = opts.hideModifiedDate.get("value")
}
var message = null;

var binding = view.getData();
var modifiedDate = binding.modifiedDate;
var localeDate = new Date(modifiedDate).toLocaleString(dojo.locale,{dateStyle: "medium", timeStyle: "short"});
if(hidecasetype != null &amp;amp;&amp;amp; hidecasetype == true) {
    message = " " + bpmext.localization.formatMsg("caseHeader", "dateModified") + " " + localeDate;
}
else if(hidemoddate != null &amp;amp;&amp;amp; hidemoddate == true) {
    message = " " + binding.caseTypeName;
}
else if((hidecasetype != null &amp;amp;&amp;amp; hidecasetype == true) &amp;amp;&amp;amp; (hidemoddate != null &amp;amp;&amp;amp; hidemoddate == true)) {
    message = " ";
}
else {
    message = " " + binding.caseTypeName + " | " + bpmext.localization.formatMsg("caseHeader", "dateModified") + " " + localeDate;
}
console.log("message " + message);
me.setData(message);&lt;/ns2:value&gt;&lt;/ns2:configData&gt;&lt;ns2:configData&gt;&lt;ns2:id&gt;0280208f-7745-44b7-8247-06cfc6ea9347&lt;/ns2:id&gt;&lt;ns2:optionName&gt;colorStyle&lt;/ns2:optionName&gt;&lt;ns2:value&gt;M&lt;/ns2:value&gt;&lt;/ns2:configData&gt;&lt;ns2:viewUUID&gt;64.f634f22e-7800-4bd7-9f1e-87177acfb3bc&lt;/ns2:viewUUID&gt;&lt;ns2:binding&gt;&lt;/ns2:binding&gt;&lt;/ns2:contributions&gt;&lt;/ns2:contentBoxContrib&gt;&lt;/ns2:contributions&gt;&lt;/ns2:contentBoxContrib&gt;&lt;/ns2:contributions&gt;&lt;ns2:contributions xsi:type="ns2:ViewRef" version="8550"&gt;&lt;ns2:id&gt;c573c548-395d-4e42-8bdb-934fed449f1f&lt;/ns2:id&gt;&lt;ns2:layoutItemId&gt;ActionArea&lt;/ns2:layoutItemId&gt;&lt;ns2:configData&gt;&lt;ns2:id&gt;197b1ebf-49b2-4758-878a-b20e2a839869&lt;/ns2:id&gt;&lt;ns2:optionName&gt;@label&lt;/ns2:optionName&gt;&lt;ns2:value&gt;Action Area&lt;/ns2:value&gt;&lt;/ns2:configData&gt;&lt;ns2:configData&gt;&lt;ns2:id&gt;60f3bc3b-1577-40be-8cef-1ff2f07580d3&lt;/ns2:id&gt;&lt;ns2:optionName&gt;@helpText&lt;/ns2:optionName&gt;&lt;ns2:value&gt;&lt;/ns2:value&gt;&lt;/ns2:configData&gt;&lt;ns2:configData&gt;&lt;ns2:id&gt;b1bd0f9a-903a-43a3-84d2-6bcaef4c0f77&lt;/ns2:id&gt;&lt;ns2:optionName&gt;@labelVisibility&lt;/ns2:optionName&gt;&lt;ns2:value&gt;SHOW&lt;/ns2:value&gt;&lt;/ns2:configData&gt;&lt;ns2:configData&gt;&lt;ns2:id&gt;7e9d18aa-9a8f-4216-8aaf-00ddf90fa1d2&lt;/ns2:id&gt;&lt;ns2:optionName&gt;layoutFlow&lt;/ns2:optionName&gt;&lt;ns2:value&gt;{"isResponsiveData":true,"values":[{"deviceConfigID":"LargeID","value":"I"}]}&lt;/ns2:value&gt;&lt;/ns2:configData&gt;&lt;ns2:configData&gt;&lt;ns2:id&gt;89e317f4-756c-440b-88d2-db08671a5ed5&lt;/ns2:id&gt;&lt;ns2:optionName&gt;hAlignment&lt;/ns2:optionName&gt;&lt;ns2:value&gt;{"isResponsiveData":true,"values":[{"deviceConfigID":"LargeID","value":"R"}]}&lt;/ns2:value&gt;&lt;/ns2:configData&gt;&lt;ns2:configData&gt;&lt;ns2:id&gt;31a5785c-c467-4125-87eb-a1441124ef05&lt;/ns2:id&gt;&lt;ns2:optionName&gt;vAlignment&lt;/ns2:optionName&gt;&lt;ns2:value&gt;{"isResponsiveData":true,"values":[{"deviceConfigID":"LargeID","value":"M"}]}&lt;/ns2:value&gt;&lt;/ns2:configData&gt;&lt;ns2:configData&gt;&lt;ns2:id&gt;55761c27-128b-42ad-84e8-69a642c03589&lt;/ns2:id&gt;&lt;ns2:optionName&gt;width&lt;/ns2:optionName&gt;&lt;ns2:value&gt;{"isResponsiveData":true,"values":[{"deviceConfigID":"LargeID","value":""}]}&lt;/ns2:value&gt;&lt;/ns2:configData&gt;&lt;ns2:viewUUID&gt;64.44f463cc-615b-43d0-834f-c398a82e0363&lt;/ns2:viewUUID&gt;&lt;ns2:contentBoxContrib&gt;&lt;ns2:id&gt;ca4058f9-168b-4663-89a9-a16aaca51fa7&lt;/ns2:id&gt;&lt;ns2:contentBoxId&gt;ContentBox1&lt;/ns2:contentBoxId&gt;&lt;ns2:contributions xsi:type="ns2:ContentBox" version="8550"&gt;&lt;ns2:id&gt;783924b8-6a52-459a-89a6-84f711595425&lt;/ns2:id&gt;&lt;ns2:layoutItemId&gt;ContentBox3&lt;/ns2:layoutItemId&gt;&lt;ns2:configData&gt;&lt;ns2:id&gt;8aea3c35-04b5-4554-864b-839075ebe26e&lt;/ns2:id&gt;&lt;ns2:optionName&gt;@contentBox.layoutPreview&lt;/ns2:optionName&gt;&lt;ns2:value&gt;HORIZONTAL&lt;/ns2:value&gt;&lt;/ns2:configData&gt;&lt;/ns2:contributions&gt;&lt;ns2:contributions xsi:type="ns2:ViewRef" version="8550"&gt;&lt;ns2:id&gt;41cbc3c9-ed9d-4250-8261-815cb4c5e6b6&lt;/ns2:id&gt;&lt;ns2:layoutItemId&gt;SplitCaseView&lt;/ns2:layoutItemId&gt;&lt;ns2:configData&gt;&lt;ns2:id&gt;79a0e19e-2553-43d0-8991-98aa7995eeaa&lt;/ns2:id&gt;&lt;ns2:optionName&gt;@label&lt;/ns2:optionName&gt;&lt;ns2:value&gt;Split Case&lt;/ns2:value&gt;&lt;/ns2:configData&gt;&lt;ns2:configData&gt;&lt;ns2:id&gt;822243e4-0ad0-4be2-84e3-ce52d0bc5521&lt;/ns2:id&gt;&lt;ns2:optionName&gt;@helpText&lt;/ns2:optionName&gt;&lt;ns2:value&gt;&lt;/ns2:value&gt;&lt;/ns2:configData&gt;&lt;ns2:configData&gt;&lt;ns2:id&gt;f9de261b-c852-45c2-8920-8fd16cd3b2fb&lt;/ns2:id&gt;&lt;ns2:optionName&gt;@labelVisibility&lt;/ns2:optionName&gt;&lt;ns2:value&gt;SHOW&lt;/ns2:value&gt;&lt;/ns2:configData&gt;&lt;ns2:configData&gt;&lt;ns2:id&gt;2029672b-1e13-46a5-8138-449e3bf78ea9&lt;/ns2:id&gt;&lt;ns2:optionName&gt;caseID&lt;/ns2:optionName&gt;&lt;ns2:value&gt;tw.options.caseID&lt;/ns2:value&gt;&lt;ns2:valueType&gt;dynamic&lt;/ns2:valueType&gt;&lt;/ns2:configData&gt;&lt;ns2:configData&gt;&lt;ns2:id&gt;51574837-691f-4007-876e-2f3e50f82f3d&lt;/ns2:id&gt;&lt;ns2:optionName&gt;tosName&lt;/ns2:optionName&gt;&lt;ns2:value&gt;tw.options.tosName&lt;/ns2:value&gt;&lt;ns2:valueType&gt;dynamic&lt;/ns2:valueType&gt;&lt;/ns2:configData&gt;&lt;ns2:configData&gt;&lt;ns2:id&gt;734a9509-4e6b-4cdb-83f6-677d9fb3b4a4&lt;/ns2:id&gt;&lt;ns2:optionName&gt;showSplitCaseButton&lt;/ns2:optionName&gt;&lt;ns2:value&gt;tw.options.showSplitCaseButton&lt;/ns2:value&gt;&lt;ns2:valueType&gt;dynamic&lt;/ns2:valueType&gt;&lt;/ns2:configData&gt;&lt;ns2:configData&gt;&lt;ns2:id&gt;c60dc5b4-f3f3-4b54-8ab9-217e7c85ea0b&lt;/ns2:id&gt;&lt;ns2:optionName&gt;isCaseClient&lt;/ns2:optionName&gt;&lt;ns2:value&gt;tw.options.isCaseClient&lt;/ns2:value&gt;&lt;ns2:valueType&gt;dynamic&lt;/ns2:valueType&gt;&lt;/ns2:configData&gt;&lt;ns2:configData&gt;&lt;ns2:id&gt;1c0519d4-a31f-4387-86d4-319310ae118a&lt;/ns2:id&gt;&lt;ns2:optionName&gt;@visibility&lt;/ns2:optionName&gt;&lt;ns2:value&gt;{"isResponsiveData":true,"values":[{"deviceConfigID":"LargeID","value":"DEFAULT"}]}&lt;/ns2:value&gt;&lt;/ns2:configData&gt;&lt;ns2:configData&gt;&lt;ns2:id&gt;af4ac72b-8c80-4afa-849e-6550b9019eb2&lt;/ns2:id&gt;&lt;ns2:optionName&gt;hideSplitCaseButton&lt;/ns2:optionName&gt;&lt;ns2:value&gt;tw.options.hideSplitCaseButton&lt;/ns2:value&gt;&lt;ns2:valueType&gt;dynamic&lt;/ns2:valueType&gt;&lt;/ns2:configData&gt;&lt;ns2:configData&gt;&lt;ns2:id&gt;ee35a733-adf1-4c45-83c4-c4c0a4952455&lt;/ns2:id&gt;&lt;ns2:optionName&gt;colorStyle&lt;/ns2:optionName&gt;&lt;ns2:value&gt;tw.options.colorStyle&lt;/ns2:value&gt;&lt;ns2:valueType&gt;dynamic&lt;/ns2:valueType&gt;&lt;/ns2:configData&gt;&lt;ns2:configData&gt;&lt;ns2:id&gt;87ee47cf-c1ff-4196-8eeb-82d1c340fa58&lt;/ns2:id&gt;&lt;ns2:optionName&gt;shapeStyle&lt;/ns2:optionName&gt;&lt;ns2:value&gt;tw.options.shapeStyle&lt;/ns2:value&gt;&lt;ns2:valueType&gt;dynamic&lt;/ns2:valueType&gt;&lt;/ns2:configData&gt;&lt;ns2:configData&gt;&lt;ns2:id&gt;fce7243d-ea52-466c-8152-0e0f022e15f2&lt;/ns2:id&gt;&lt;ns2:optionName&gt;sizeStyle&lt;/ns2:optionName&gt;&lt;ns2:value&gt;tw.options.sizeStyle&lt;/ns2:value&gt;&lt;ns2:valueType&gt;dynamic&lt;/ns2:valueType&gt;&lt;/ns2:configData&gt;&lt;ns2:configData&gt;&lt;ns2:id&gt;aad645e3-bdce-48a1-8dcd-be35b5a9700b&lt;/ns2:id&gt;&lt;ns2:optionName&gt;outline&lt;/ns2:optionName&gt;&lt;ns2:value&gt;tw.options.outline&lt;/ns2:value&gt;&lt;ns2:valueType&gt;dynamic&lt;/ns2:valueType&gt;&lt;/ns2:configData&gt;&lt;ns2:configData&gt;&lt;ns2:id&gt;776d67a7-d066-4ff5-8e3d-1e129b70d9ca&lt;/ns2:id&gt;&lt;ns2:optionName&gt;icon&lt;/ns2:optionName&gt;&lt;ns2:value&gt;tw.options.icon&lt;/ns2:value&gt;&lt;ns2:valueType&gt;dynamic&lt;/ns2:valueType&gt;&lt;/ns2:configData&gt;&lt;ns2:configData&gt;&lt;ns2:id&gt;6079e859-44f7-40e8-8cd9-9230886d03e0&lt;/ns2:id&gt;&lt;ns2:optionName&gt;width&lt;/ns2:optionName&gt;&lt;ns2:value&gt;tw.options.width&lt;/ns2:value&gt;&lt;ns2:valueType&gt;dynamic&lt;/ns2:valueType&gt;&lt;/ns2:configData&gt;&lt;ns2:configData&gt;&lt;ns2:id&gt;bb22472a-ec75-400f-8145-af0ce2e9a5bf&lt;/ns2:id&gt;&lt;ns2:optionName&gt;iconLocation&lt;/ns2:optionName&gt;&lt;ns2:value&gt;R&lt;/ns2:value&gt;&lt;ns2:valueType&gt;static&lt;/ns2:valueType&gt;&lt;/ns2:configData&gt;&lt;ns2:configData&gt;&lt;ns2:id&gt;84d1ad66-3263-42d1-8d7c-c217610d5ddc&lt;/ns2:id&gt;&lt;ns2:optionName&gt;ghostMode&lt;/ns2:optionName&gt;&lt;ns2:value&gt;tw.options.ghostMode&lt;/ns2:value&gt;&lt;ns2:valueType&gt;dynamic&lt;/ns2:valueType&gt;&lt;/ns2:configData&gt;&lt;ns2:viewUUID&gt;64.3d6fdb22-e53e-4143-95c0-d9127793af54&lt;/ns2:viewUUID&gt;&lt;/ns2:contributions&gt;&lt;ns2:contributions xsi:type="ns2:ViewRef" version="8550"&gt;&lt;ns2:id&gt;61c3a40f-e156-4d20-82d3-18a428824236&lt;/ns2:id&gt;&lt;ns2:layoutItemId&gt;RolePickerView&lt;/ns2:layoutItemId&gt;&lt;ns2:configData&gt;&lt;ns2:id&gt;d9d8bc47-dcd3-4e5b-8a57-ef9edf1c5d93&lt;/ns2:id&gt;&lt;ns2:optionName&gt;@label&lt;/ns2:optionName&gt;&lt;ns2:value&gt;Role Picker&lt;/ns2:value&gt;&lt;/ns2:configData&gt;&lt;ns2:configData&gt;&lt;ns2:id&gt;7af7fcdf-e96b-4699-8d0a-129d67cf78a7&lt;/ns2:id&gt;&lt;ns2:optionName&gt;@helpText&lt;/ns2:optionName&gt;&lt;ns2:value&gt;&lt;/ns2:value&gt;&lt;/ns2:configData&gt;&lt;ns2:configData&gt;&lt;ns2:id&gt;76f79f98-d753-4d8c-81a1-1d603d1e09f7&lt;/ns2:id&gt;&lt;ns2:optionName&gt;@labelVisibility&lt;/ns2:optionName&gt;&lt;ns2:value&gt;SHOW&lt;/ns2:value&gt;&lt;/ns2:configData&gt;&lt;ns2:configData&gt;&lt;ns2:id&gt;c85197c9-1410-43c2-8a95-d98d1049b03d&lt;/ns2:id&gt;&lt;ns2:optionName&gt;caseID&lt;/ns2:optionName&gt;&lt;ns2:value&gt;tw.options.caseID&lt;/ns2:value&gt;&lt;ns2:valueType&gt;dynamic&lt;/ns2:valueType&gt;&lt;/ns2:configData&gt;&lt;ns2:configData&gt;&lt;ns2:id&gt;6c6762cd-2e46-4ca4-8481-bc0dba3ed7a1&lt;/ns2:id&gt;&lt;ns2:optionName&gt;tosName&lt;/ns2:optionName&gt;&lt;ns2:value&gt;tw.options.tosName&lt;/ns2:value&gt;&lt;ns2:valueType&gt;dynamic&lt;/ns2:valueType&gt;&lt;/ns2:configData&gt;&lt;ns2:configData&gt;&lt;ns2:id&gt;de005841-7d7d-4a32-83a5-f761dbe3e96a&lt;/ns2:id&gt;&lt;ns2:optionName&gt;showRolePickerButton&lt;/ns2:optionName&gt;&lt;ns2:value&gt;tw.options.showRolePickerButton&lt;/ns2:value&gt;&lt;ns2:valueType&gt;dynamic&lt;/ns2:valueType&gt;&lt;/ns2:configData&gt;&lt;ns2:configData&gt;&lt;ns2:id&gt;60869751-2107-4b34-8e61-bb5f5a55372a&lt;/ns2:id&gt;&lt;ns2:optionName&gt;isCaseClient&lt;/ns2:optionName&gt;&lt;ns2:value&gt;tw.options.isCaseClient&lt;/ns2:value&gt;&lt;ns2:valueType&gt;dynamic&lt;/ns2:valueType&gt;&lt;/ns2:configData&gt;&lt;ns2:configData&gt;&lt;ns2:id&gt;4cccc9f1-60f4-42ec-8e53-ede41b77a14b&lt;/ns2:id&gt;&lt;ns2:optionName&gt;@visibility&lt;/ns2:optionName&gt;&lt;ns2:value&gt;{"isResponsiveData":true,"values":[{"deviceConfigID":"LargeID","value":"DEFAULT"}]}&lt;/ns2:value&gt;&lt;/ns2:configData&gt;&lt;ns2:viewUUID&gt;64.8b1326fe-f030-4d19-91e2-7587f6400869&lt;/ns2:viewUUID&gt;&lt;/ns2:contributions&gt;&lt;ns2:contributions xsi:type="ns2:ContentBox" version="8550"&gt;&lt;ns2:id&gt;6004a862-75e0-4fb3-849f-9cc2aed8335f&lt;/ns2:id&gt;&lt;ns2:layoutItemId&gt;ContentBox2&lt;/ns2:layoutItemId&gt;&lt;ns2:configData&gt;&lt;ns2:id&gt;c20bcf8b-bdaa-404d-8b50-2d09df464933&lt;/ns2:id&gt;&lt;ns2:optionName&gt;@contentBox.layoutPreview&lt;/ns2:optionName&gt;&lt;ns2:value&gt;HORIZONTAL&lt;/ns2:value&gt;&lt;/ns2:configData&gt;&lt;ns2:configData&gt;&lt;ns2:id&gt;0c9dcb04-1249-45c7-823e-edb9c8876631&lt;/ns2:id&gt;&lt;ns2:optionName&gt;@contentBox.repeatingContentManagedByView&lt;/ns2:optionName&gt;&lt;ns2:value&gt;false&lt;/ns2:value&gt;&lt;/ns2:configData&gt;&lt;/ns2:contributions&gt;&lt;ns2:contributions xsi:type="ns2:ViewRef" version="8550"&gt;&lt;ns2:id&gt;61403e11-d743-4fd7-88eb-d75da45406d7&lt;/ns2:id&gt;&lt;ns2:layoutItemId&gt;CaseActionsIcon&lt;/ns2:layoutItemId&gt;&lt;ns2:configData&gt;&lt;ns2:id&gt;a0b2b438-aa08-495d-889a-a98441433447&lt;/ns2:id&gt;&lt;ns2:optionName&gt;@label&lt;/ns2:optionName&gt;&lt;ns2:value&gt;Icon&lt;/ns2:value&gt;&lt;/ns2:configData&gt;&lt;ns2:configData&gt;&lt;ns2:id&gt;806f0413-ca7d-4016-8474-8b7c886f6b6c&lt;/ns2:id&gt;&lt;ns2:optionName&gt;@helpText&lt;/ns2:optionName&gt;&lt;ns2:value&gt;&lt;/ns2:value&gt;&lt;/ns2:configData&gt;&lt;ns2:configData&gt;&lt;ns2:id&gt;955ce9d2-b220-495e-836e-1d083f84525d&lt;/ns2:id&gt;&lt;ns2:optionName&gt;@labelVisibility&lt;/ns2:optionName&gt;&lt;ns2:value&gt;SHOW&lt;/ns2:value&gt;&lt;/ns2:configData&gt;&lt;ns2:configData&gt;&lt;ns2:id&gt;8d9ce022-d185-4cc7-8c71-d880ad1f0ac1&lt;/ns2:id&gt;&lt;ns2:optionName&gt;iconSize&lt;/ns2:optionName&gt;&lt;ns2:value&gt;{"isResponsiveData":true,"values":[{"deviceConfigID":"LargeID","value":"16px"}]}&lt;/ns2:value&gt;&lt;/ns2:configData&gt;&lt;ns2:configData&gt;&lt;ns2:id&gt;c033bee2-47e2-4855-8ab6-013a8cb6e9a3&lt;/ns2:id&gt;&lt;ns2:optionName&gt;icon&lt;/ns2:optionName&gt;&lt;ns2:value&gt;ci-overflow-menu-vertical&lt;/ns2:value&gt;&lt;/ns2:configData&gt;&lt;ns2:configData&gt;&lt;ns2:id&gt;95a4aa07-cbe8-4fa5-8a69-35c8fcf6eb1a&lt;/ns2:id&gt;&lt;ns2:optionName&gt;eventON_CLICK&lt;/ns2:optionName&gt;&lt;ns2:value&gt;@openActionsMenu&lt;/ns2:value&gt;&lt;/ns2:configData&gt;&lt;ns2:viewUUID&gt;64.1b440a6c-8508-4f95-bc28-728a58f2353c&lt;/ns2:viewUUID&gt;&lt;/ns2:contributions&gt;&lt;/ns2:contentBoxContrib&gt;&lt;/ns2:contributions&gt;&lt;/ns2:contentBoxContrib&gt;&lt;/ns2:contributions&gt;&lt;ns2:contributions xsi:type="ns2:ViewRef" version="8550"&gt;&lt;ns2:id&gt;384e96b7-9c3b-40e2-8f9d-1057797cfcd5&lt;/ns2:id&gt;&lt;ns2:layoutItemId&gt;Case_Actions_Menu&lt;/ns2:layoutItemId&gt;&lt;ns2:configData&gt;&lt;ns2:id&gt;9477c2c5-c1d2-4c59-8b05-25bd633eb653&lt;/ns2:id&gt;&lt;ns2:optionName&gt;@label&lt;/ns2:optionName&gt;&lt;ns2:value&gt;Case Actions Menu&lt;/ns2:value&gt;&lt;/ns2:configData&gt;&lt;ns2:configData&gt;&lt;ns2:id&gt;939b30f7-36bf-418c-88f3-c4bb671ab952&lt;/ns2:id&gt;&lt;ns2:optionName&gt;@helpText&lt;/ns2:optionName&gt;&lt;ns2:value&gt;&lt;/ns2:value&gt;&lt;/ns2:configData&gt;&lt;ns2:configData&gt;&lt;ns2:id&gt;9278981b-ac49-4eb2-87a0-b793ecd4236e&lt;/ns2:id&gt;&lt;ns2:optionName&gt;@labelVisibility&lt;/ns2:optionName&gt;&lt;ns2:value&gt;SHOW&lt;/ns2:value&gt;&lt;/ns2:configData&gt;&lt;ns2:configData&gt;&lt;ns2:id&gt;d0418b96-abe0-432e-8259-9cd3581855c3&lt;/ns2:id&gt;&lt;ns2:optionName&gt;hideSplitCase&lt;/ns2:optionName&gt;&lt;ns2:value&gt;tw.options.hideSplitCaseActionsMenu&lt;/ns2:value&gt;&lt;ns2:valueType&gt;dynamic&lt;/ns2:valueType&gt;&lt;/ns2:configData&gt;&lt;ns2:configData&gt;&lt;ns2:id&gt;76859079-314e-403f-86af-4ce76ca03784&lt;/ns2:id&gt;&lt;ns2:optionName&gt;hideSwitchRoles&lt;/ns2:optionName&gt;&lt;ns2:value&gt;tw.options.hideRolePickerActionMenu&lt;/ns2:value&gt;&lt;ns2:valueType&gt;dynamic&lt;/ns2:valueType&gt;&lt;/ns2:configData&gt;&lt;ns2:configData&gt;&lt;ns2:id&gt;2c68f1cc-be8b-49fc-8f17-c5bb39400191&lt;/ns2:id&gt;&lt;ns2:optionName&gt;caseCustomActions&lt;/ns2:optionName&gt;&lt;ns2:value&gt;tw.options.caseCustomActions[]&lt;/ns2:value&gt;&lt;ns2:valueType&gt;dynamic&lt;/ns2:valueType&gt;&lt;/ns2:configData&gt;&lt;ns2:viewUUID&gt;64.f98f47ca-b641-480f-8659-b6fc30942a5b&lt;/ns2:viewUUID&gt;&lt;/ns2:contributions&gt;&lt;/ns2:contentBoxContrib&gt;&lt;/ns2:layoutItem&gt;&lt;/ns2:layout&gt;</layout>
        <paletteIcon isNull="true" />
        <previewImage isNull="true" />
        <hasLabel>false</hasLabel>
        <labelPosition>0</labelPosition>
        <nineSliceX1Coord>0</nineSliceX1Coord>
        <nineSliceX2Coord>0</nineSliceX2Coord>
        <nineSliceY1Coord>0</nineSliceY1Coord>
        <nineSliceY2Coord>0</nineSliceY2Coord>
        <emitBoundary>false</emitBoundary>
        <isPrototypeFunc>false</isPrototypeFunc>
        <enableDevMode>false</enableDevMode>
        <isMobileReady>false</isMobileReady>
        <loadJsFunction isNull="true" />
        <unloadJsFunction isNull="true" />
        <viewJsFunction isNull="true" />
        <changeJsFunction isNull="true" />
        <collaborationJsFunction isNull="true" />
        <description></description>
        <validateJsFunction isNull="true" />
        <previewAdvHtml>/61.81b70ed2-7004-47e7-9cf9-b677b9f64fe3</previewAdvHtml>
        <previewAdvJs>/61.0d213416-86e4-4203-a3dd-96ffddaecbe7</previewAdvJs>
        <useUrlBinding>false</useUrlBinding>
        <guid>guid:27a73e0235397e8a:-d06ef0c:1806134773d:-7efb</guid>
        <versionId>e1a9d8ee-87ba-4053-9f02-dbd345c71ae4</versionId>
        <field1 isNull="true" />
        <field2 isNull="true" />
        <field3>0</field3>
        <field4 isNull="true" />
        <field5>false</field5>
        <clobField1 isNull="true" />
        <bindingType name="caseInstance">
            <lastModified isNull="true" />
            <lastModifiedBy isNull="true" />
            <tenantId isNull="true" />
            <coachViewBindingTypeId>65.21fe36c0-c16b-43d9-b07b-25223f40c9c1</coachViewBindingTypeId>
            <coachViewId>64.4fbda6f7-28d4-4d2b-8386-88b23b85d12b</coachViewId>
            <isList>false</isList>
            <classId>/12.260b373a-d1b2-4297-9dda-6fd159884549</classId>
            <seq>0</seq>
            <description isNull="true" />
            <guid>c8f49b38-947a-41c8-a22e-1925be2a5f95</guid>
            <versionId>e4d70857-94f3-4d59-ad01-3bc3143ae8ef</versionId>
        </bindingType>
        <configOption name="caseID">
            <lastModified isNull="true" />
            <lastModifiedBy isNull="true" />
            <tenantId isNull="true" />
            <coachViewConfigOptionId>66.ff168802-2bdc-496f-949c-6612c48e5603</coachViewConfigOptionId>
            <coachViewId>64.4fbda6f7-28d4-4d2b-8386-88b23b85d12b</coachViewId>
            <isList>false</isList>
            <propertyType>OBJECT</propertyType>
            <label>tw.resource.CAT.caseIdLBL</label>
            <classId>56f01b11-2631-47ae-acdd-75a5c2d4e9d2/12.db884a3c-c533-44b7-bb2d-47bec8ad4022</classId>
            <processId isNull="true" />
            <actionflowId isNull="true" />
            <isAdaptive>false</isAdaptive>
            <seq>0</seq>
            <description>tw.resource.CAT.caseIdentifierDOC</description>
            <groupName></groupName>
            <guid>901dbd99-e974-456b-8ed2-608657b40a23</guid>
            <versionId>c862d57a-60a6-446a-ba90-9bfdada496ce</versionId>
        </configOption>
        <configOption name="tosName">
            <lastModified isNull="true" />
            <lastModifiedBy isNull="true" />
            <tenantId isNull="true" />
            <coachViewConfigOptionId>66.45f99f93-b778-4de6-8c1a-17005ea690cc</coachViewConfigOptionId>
            <coachViewId>64.4fbda6f7-28d4-4d2b-8386-88b23b85d12b</coachViewId>
            <isList>false</isList>
            <propertyType>OBJECT</propertyType>
            <label>tw.resource.CAT.tosNameLBL</label>
            <classId>56f01b11-2631-47ae-acdd-75a5c2d4e9d2/12.db884a3c-c533-44b7-bb2d-47bec8ad4022</classId>
            <processId isNull="true" />
            <actionflowId isNull="true" />
            <isAdaptive>false</isAdaptive>
            <seq>1</seq>
            <description>tw.resource.CAT.tosNameDOC</description>
            <groupName></groupName>
            <guid>b5874ac8-c7c7-4fb1-8010-7bff039a5345</guid>
            <versionId>e8646173-71e5-4795-a36b-3ca31af17aff</versionId>
        </configOption>
        <configOption name="isCaseClient">
            <lastModified isNull="true" />
            <lastModifiedBy isNull="true" />
            <tenantId isNull="true" />
            <coachViewConfigOptionId>66.855c6c0e-484f-4ae5-83f2-29eb5774c221</coachViewConfigOptionId>
            <coachViewId>64.4fbda6f7-28d4-4d2b-8386-88b23b85d12b</coachViewId>
            <isList>false</isList>
            <propertyType>OBJECT</propertyType>
            <label>tw.resource.CAT.isCaseClientLBL</label>
            <classId>56f01b11-2631-47ae-acdd-75a5c2d4e9d2/12.83ff975e-8dbc-42e5-b738-fa8bc08274a2</classId>
            <processId isNull="true" />
            <actionflowId isNull="true" />
            <isAdaptive>false</isAdaptive>
            <seq>2</seq>
            <description>tw.resource.CAT.isCaseClientDOC</description>
            <groupName></groupName>
            <guid>4fa6f0bd-4c2e-48b2-9e60-fe4979cd4c9d</guid>
            <versionId>a1e2a18d-b45f-46ad-8226-87abb43c1d25</versionId>
        </configOption>
        <configOption name="hideCaseTitle">
            <lastModified isNull="true" />
            <lastModifiedBy isNull="true" />
            <tenantId isNull="true" />
            <coachViewConfigOptionId>66.abc485d7-4208-482b-b700-394ba5c2a29d</coachViewConfigOptionId>
            <coachViewId>64.4fbda6f7-28d4-4d2b-8386-88b23b85d12b</coachViewId>
            <isList>false</isList>
            <propertyType>OBJECT</propertyType>
            <label>tw.resource.CAT.headerHideTitle</label>
            <classId>56f01b11-2631-47ae-acdd-75a5c2d4e9d2/12.83ff975e-8dbc-42e5-b738-fa8bc08274a2</classId>
            <processId isNull="true" />
            <actionflowId isNull="true" />
            <isAdaptive>false</isAdaptive>
            <seq>3</seq>
            <description>tw.resource.CAT.headerHideTitleDOC</description>
            <groupName></groupName>
            <guid>d3a30a0b-5b0f-46be-9ea6-5875be3bf3ec</guid>
            <versionId>baa0b249-c28e-44f2-9015-4de4f37cdcc2</versionId>
        </configOption>
        <configOption name="hideModifiedDate">
            <lastModified isNull="true" />
            <lastModifiedBy isNull="true" />
            <tenantId isNull="true" />
            <coachViewConfigOptionId>66.6ff12d42-aee0-4940-98e4-ce8bafc1d057</coachViewConfigOptionId>
            <coachViewId>64.4fbda6f7-28d4-4d2b-8386-88b23b85d12b</coachViewId>
            <isList>false</isList>
            <propertyType>OBJECT</propertyType>
            <label>tw.resource.CAT.headerHideModifiedDate</label>
            <classId>56f01b11-2631-47ae-acdd-75a5c2d4e9d2/12.83ff975e-8dbc-42e5-b738-fa8bc08274a2</classId>
            <processId isNull="true" />
            <actionflowId isNull="true" />
            <isAdaptive>false</isAdaptive>
            <seq>4</seq>
            <description>tw.resource.CAT.headerHideModifiedDateDOC</description>
            <groupName></groupName>
            <guid>5001b33f-a691-4eba-9b3b-4c1c8622198e</guid>
            <versionId>1368d97d-e062-4136-bd62-3b11644a490e</versionId>
        </configOption>
        <configOption name="hideCaseType">
            <lastModified isNull="true" />
            <lastModifiedBy isNull="true" />
            <tenantId isNull="true" />
            <coachViewConfigOptionId>66.c082045d-642b-4413-bf59-31b1b71eb51f</coachViewConfigOptionId>
            <coachViewId>64.4fbda6f7-28d4-4d2b-8386-88b23b85d12b</coachViewId>
            <isList>false</isList>
            <propertyType>OBJECT</propertyType>
            <label>tw.resource.CAT.headerHideCaseTypeName</label>
            <classId>56f01b11-2631-47ae-acdd-75a5c2d4e9d2/12.83ff975e-8dbc-42e5-b738-fa8bc08274a2</classId>
            <processId isNull="true" />
            <actionflowId isNull="true" />
            <isAdaptive>false</isAdaptive>
            <seq>5</seq>
            <description>tw.resource.CAT.headerHideCaseTypeNameDOC</description>
            <groupName></groupName>
            <guid>6c306d64-a8fc-4864-b1d7-516036034c61</guid>
            <versionId>7d380b77-33e2-46c7-8090-0c1e82585b77</versionId>
        </configOption>
        <configOption name="hideCaseHealth">
            <lastModified isNull="true" />
            <lastModifiedBy isNull="true" />
            <tenantId isNull="true" />
            <coachViewConfigOptionId>66.239f5655-fca5-44b7-a5eb-7d7b65d81cd9</coachViewConfigOptionId>
            <coachViewId>64.4fbda6f7-28d4-4d2b-8386-88b23b85d12b</coachViewId>
            <isList>false</isList>
            <propertyType>OBJECT</propertyType>
            <label>tw.resource.CAT.headerHideHealthIndicator</label>
            <classId>56f01b11-2631-47ae-acdd-75a5c2d4e9d2/12.83ff975e-8dbc-42e5-b738-fa8bc08274a2</classId>
            <processId isNull="true" />
            <actionflowId isNull="true" />
            <isAdaptive>false</isAdaptive>
            <seq>6</seq>
            <description>tw.resource.CAT.headerHideHealthIndicatorDOC</description>
            <groupName></groupName>
            <guid>96d273d6-5483-48a5-b946-ae8c9249576e</guid>
            <versionId>5b8fb018-5a17-4768-8ac6-9245cf949ad0</versionId>
        </configOption>
        <configOption name="showRolePickerButton">
            <lastModified isNull="true" />
            <lastModifiedBy isNull="true" />
            <tenantId isNull="true" />
            <coachViewConfigOptionId>66.c1c0c599-0715-4292-86e7-905791249a3c</coachViewConfigOptionId>
            <coachViewId>64.4fbda6f7-28d4-4d2b-8386-88b23b85d12b</coachViewId>
            <isList>false</isList>
            <propertyType>OBJECT</propertyType>
            <label>tw.resource.CAT.showRolePickerLBL</label>
            <classId>56f01b11-2631-47ae-acdd-75a5c2d4e9d2/12.83ff975e-8dbc-42e5-b738-fa8bc08274a2</classId>
            <processId isNull="true" />
            <actionflowId isNull="true" />
            <isAdaptive>false</isAdaptive>
            <seq>7</seq>
            <description>tw.resource.CAT.showRolePickerDOC</description>
            <groupName></groupName>
            <guid>a3dd5937-9ad4-467e-baba-0f60c5b70359</guid>
            <versionId>63b640dd-92b8-456e-888a-e7fe1731560f</versionId>
        </configOption>
        <configOption name="hideSplitCaseButton">
            <lastModified isNull="true" />
            <lastModifiedBy isNull="true" />
            <tenantId isNull="true" />
            <coachViewConfigOptionId>66.3b1c0f7c-3d6a-4001-902e-e3293f2497ab</coachViewConfigOptionId>
            <coachViewId>64.4fbda6f7-28d4-4d2b-8386-88b23b85d12b</coachViewId>
            <isList>false</isList>
            <propertyType>OBJECT</propertyType>
            <label>tw.resource.CAT.hideSplitCaseButtonLBL</label>
            <classId>56f01b11-2631-47ae-acdd-75a5c2d4e9d2/12.83ff975e-8dbc-42e5-b738-fa8bc08274a2</classId>
            <processId isNull="true" />
            <actionflowId isNull="true" />
            <isAdaptive>false</isAdaptive>
            <seq>8</seq>
            <description>tw.resource.CAT.hideSplitCaseButtonDOC</description>
            <groupName>tw.resource.CAT.commonSplitCaseGroupAppearance</groupName>
            <guid>guid:3b1c0f7c-3d6a-4001-902e-e3293f2497ab</guid>
            <versionId>46c315cc-e685-439f-8cd4-8869166abaf7</versionId>
        </configOption>
        <configOption name="colorStyle">
            <lastModified isNull="true" />
            <lastModifiedBy isNull="true" />
            <tenantId isNull="true" />
            <coachViewConfigOptionId>66.36d286bf-67b4-4588-a1eb-0b7bb2be703d</coachViewConfigOptionId>
            <coachViewId>64.4fbda6f7-28d4-4d2b-8386-88b23b85d12b</coachViewId>
            <isList>false</isList>
            <propertyType>OBJECT</propertyType>
            <label>tw.resource.BPMUI.ButtonLBLcolorStyle</label>
            <classId>d7d6f0f8-7a7b-4bea-87e7-3bb66a2ad3a3/12.94510c84-2ee1-4487-a1df-006aac6f1918</classId>
            <processId isNull="true" />
            <actionflowId isNull="true" />
            <isAdaptive>false</isAdaptive>
            <seq>9</seq>
            <description>tw.resource.BPMUI.ButtonDOCcolorStyle</description>
            <groupName>tw.resource.CAT.commonSplitCaseGroupAppearance</groupName>
            <guid>guid:36d286bf-67b4-4588-a1eb-0b7bb2be703d</guid>
            <versionId>8f312f89-039f-4a49-bd18-ebe8d6f4a437</versionId>
        </configOption>
        <configOption name="shapeStyle">
            <lastModified isNull="true" />
            <lastModifiedBy isNull="true" />
            <tenantId isNull="true" />
            <coachViewConfigOptionId>66.f7661727-2fe7-4543-8a85-8ca56f6748e0</coachViewConfigOptionId>
            <coachViewId>64.4fbda6f7-28d4-4d2b-8386-88b23b85d12b</coachViewId>
            <isList>false</isList>
            <propertyType>OBJECT</propertyType>
            <label>tw.resource.BPMUI.ButtonLBLshapeStyle</label>
            <classId>d7d6f0f8-7a7b-4bea-87e7-3bb66a2ad3a3/12.203ff638-a153-4d69-8b87-d9ea008a55a3</classId>
            <processId isNull="true" />
            <actionflowId isNull="true" />
            <isAdaptive>false</isAdaptive>
            <seq>10</seq>
            <description>tw.resource.BPMUI.ButtonDOCshapeStyle</description>
            <groupName>tw.resource.CAT.commonSplitCaseGroupAppearance</groupName>
            <guid>guid:f7661727-2fe7-4543-8a85-8ca56f6748e0</guid>
            <versionId>5a88e30c-4775-4ec3-8fd2-1bab886c12ce</versionId>
        </configOption>
        <configOption name="sizeStyle">
            <lastModified isNull="true" />
            <lastModifiedBy isNull="true" />
            <tenantId isNull="true" />
            <coachViewConfigOptionId>66.fd3357fa-f472-459a-8bb7-2849f44a72f3</coachViewConfigOptionId>
            <coachViewId>64.4fbda6f7-28d4-4d2b-8386-88b23b85d12b</coachViewId>
            <isList>false</isList>
            <propertyType>OBJECT</propertyType>
            <label>tw.resource.BPMUI.ButtonLBLsizeStyle</label>
            <classId>d7d6f0f8-7a7b-4bea-87e7-3bb66a2ad3a3/12.6350f376-b985-4eb6-835e-25b425fc6936</classId>
            <processId isNull="true" />
            <actionflowId isNull="true" />
            <isAdaptive>false</isAdaptive>
            <seq>11</seq>
            <description>tw.resource.BPMUI.ButtonDOCsizeStyle</description>
            <groupName>tw.resource.CAT.commonSplitCaseGroupAppearance</groupName>
            <guid>guid:fd3357fa-f472-459a-8bb7-2849f44a72f3</guid>
            <versionId>a3897952-777b-43c4-b884-2f51444648c3</versionId>
        </configOption>
        <configOption name="outline">
            <lastModified isNull="true" />
            <lastModifiedBy isNull="true" />
            <tenantId isNull="true" />
            <coachViewConfigOptionId>66.18f8f33f-b9ec-4f8d-8192-8236f9d8b76e</coachViewConfigOptionId>
            <coachViewId>64.4fbda6f7-28d4-4d2b-8386-88b23b85d12b</coachViewId>
            <isList>false</isList>
            <propertyType>OBJECT</propertyType>
            <label>tw.resource.BPMUI.ButtonLBLoutline</label>
            <classId>56f01b11-2631-47ae-acdd-75a5c2d4e9d2/12.83ff975e-8dbc-42e5-b738-fa8bc08274a2</classId>
            <processId isNull="true" />
            <actionflowId isNull="true" />
            <isAdaptive>false</isAdaptive>
            <seq>12</seq>
            <description>tw.resource.BPMUI.ButtonDOCoutline</description>
            <groupName>tw.resource.CAT.commonSplitCaseGroupAppearance</groupName>
            <guid>guid:18f8f33f-b9ec-4f8d-8192-8236f9d8b76e</guid>
            <versionId>f4cd4c62-ac47-46ab-962d-3b2599cffe37</versionId>
        </configOption>
        <configOption name="icon">
            <lastModified isNull="true" />
            <lastModifiedBy isNull="true" />
            <tenantId isNull="true" />
            <coachViewConfigOptionId>66.8316f16d-b0b6-4b66-b02e-8ff04e4f72fa</coachViewConfigOptionId>
            <coachViewId>64.4fbda6f7-28d4-4d2b-8386-88b23b85d12b</coachViewId>
            <isList>false</isList>
            <propertyType>OBJECT</propertyType>
            <label>tw.resource.BPMUI.ButtonLBLicon</label>
            <classId>56f01b11-2631-47ae-acdd-75a5c2d4e9d2/12.db884a3c-c533-44b7-bb2d-47bec8ad4022</classId>
            <processId isNull="true" />
            <actionflowId isNull="true" />
            <isAdaptive>false</isAdaptive>
            <seq>13</seq>
            <description>tw.resource.BPMUI.ButtonDOCicon</description>
            <groupName>tw.resource.CAT.commonSplitCaseGroupAppearance</groupName>
            <guid>guid:8316f16d-b0b6-4b66-b02e-8ff04e4f72fa</guid>
            <versionId>60e51c34-d3af-4f3d-b51d-b42c5d03e1a6</versionId>
        </configOption>
        <configOption name="width">
            <lastModified isNull="true" />
            <lastModifiedBy isNull="true" />
            <tenantId isNull="true" />
            <coachViewConfigOptionId>66.63de6100-e308-49d4-acd7-7b9fcd25a2b9</coachViewConfigOptionId>
            <coachViewId>64.4fbda6f7-28d4-4d2b-8386-88b23b85d12b</coachViewId>
            <isList>false</isList>
            <propertyType>OBJECT</propertyType>
            <label>tw.resource.BPMUI.ButtonLBLwidth</label>
            <classId>56f01b11-2631-47ae-acdd-75a5c2d4e9d2/12.db884a3c-c533-44b7-bb2d-47bec8ad4022</classId>
            <processId isNull="true" />
            <actionflowId isNull="true" />
            <isAdaptive>false</isAdaptive>
            <seq>14</seq>
            <description>tw.resource.BPMUI.ButtonDOCwidth</description>
            <groupName>tw.resource.CAT.commonSplitCaseGroupAppearance</groupName>
            <guid>guid:63de6100-e308-49d4-acd7-7b9fcd25a2b9</guid>
            <versionId>60fd8ccb-2836-4bba-989b-916fda161994</versionId>
        </configOption>
        <configOption name="ghostMode">
            <lastModified isNull="true" />
            <lastModifiedBy isNull="true" />
            <tenantId isNull="true" />
            <coachViewConfigOptionId>66.2be3c59b-a52d-40c4-8d60-62638664d874</coachViewConfigOptionId>
            <coachViewId>64.4fbda6f7-28d4-4d2b-8386-88b23b85d12b</coachViewId>
            <isList>false</isList>
            <propertyType>OBJECT</propertyType>
            <label>tw.resource.BPMUI.ButtonLBLghostMode</label>
            <classId>56f01b11-2631-47ae-acdd-75a5c2d4e9d2/12.83ff975e-8dbc-42e5-b738-fa8bc08274a2</classId>
            <processId isNull="true" />
            <actionflowId isNull="true" />
            <isAdaptive>false</isAdaptive>
            <seq>15</seq>
            <description>tw.resource.BPMUI.ButtonDOCghostMode</description>
            <groupName>tw.resource.CAT.commonSplitCaseGroupAppearance</groupName>
            <guid>guid:2be3c59b-a52d-40c4-8d60-62638664d874</guid>
            <versionId>4090d1eb-ca29-4e55-99fd-997adb88a930</versionId>
        </configOption>
        <configOption name="hideActionsMenu">
            <lastModified isNull="true" />
            <lastModifiedBy isNull="true" />
            <tenantId isNull="true" />
            <coachViewConfigOptionId>66.a717805a-92cb-4cef-b846-ab5bc08007e7</coachViewConfigOptionId>
            <coachViewId>64.4fbda6f7-28d4-4d2b-8386-88b23b85d12b</coachViewId>
            <isList>false</isList>
            <propertyType>OBJECT</propertyType>
            <label>tw.resource.CAT.hideCaseActionsMenu</label>
            <classId>56f01b11-2631-47ae-acdd-75a5c2d4e9d2/12.83ff975e-8dbc-42e5-b738-fa8bc08274a2</classId>
            <processId isNull="true" />
            <actionflowId isNull="true" />
            <isAdaptive>false</isAdaptive>
            <seq>16</seq>
            <description>tw.resource.CAT.hideCaseActionsMenuDOC</description>
            <groupName>tw.resource.CAT.commonOverflowMenuAppearance</groupName>
            <guid>3599c460-6eb9-4280-939d-92721f8d6fd3</guid>
            <versionId>a66c11b2-f121-4128-9bd7-c893f1ce906f</versionId>
        </configOption>
        <configOption name="hideRolePickerActionMenu">
            <lastModified isNull="true" />
            <lastModifiedBy isNull="true" />
            <tenantId isNull="true" />
            <coachViewConfigOptionId>66.ecc8370a-6951-4b25-a414-57787671eda5</coachViewConfigOptionId>
            <coachViewId>64.4fbda6f7-28d4-4d2b-8386-88b23b85d12b</coachViewId>
            <isList>false</isList>
            <propertyType>OBJECT</propertyType>
            <label>tw.resource.CAT.hideSwitchRolesLBL</label>
            <classId>56f01b11-2631-47ae-acdd-75a5c2d4e9d2/12.83ff975e-8dbc-42e5-b738-fa8bc08274a2</classId>
            <processId isNull="true" />
            <actionflowId isNull="true" />
            <isAdaptive>false</isAdaptive>
            <seq>17</seq>
            <description>tw.resource.CAT.hideSwitchRolesDOC</description>
            <groupName>tw.resource.CAT.commonOverflowMenuAppearance</groupName>
            <guid>7655e089-9029-4c14-93b4-7f38e4f35391</guid>
            <versionId>34779272-e6bf-466b-b545-0e431bdcaeac</versionId>
        </configOption>
        <configOption name="hideSplitCaseActionsMenu">
            <lastModified isNull="true" />
            <lastModifiedBy isNull="true" />
            <tenantId isNull="true" />
            <coachViewConfigOptionId>66.6b6f634b-d76d-4bfd-ad56-40620dcf654e</coachViewConfigOptionId>
            <coachViewId>64.4fbda6f7-28d4-4d2b-8386-88b23b85d12b</coachViewId>
            <isList>false</isList>
            <propertyType>OBJECT</propertyType>
            <label>tw.resource.CAT.hideSplitCaseLBL</label>
            <classId>56f01b11-2631-47ae-acdd-75a5c2d4e9d2/12.83ff975e-8dbc-42e5-b738-fa8bc08274a2</classId>
            <processId isNull="true" />
            <actionflowId isNull="true" />
            <isAdaptive>false</isAdaptive>
            <seq>18</seq>
            <description>tw.resource.CAT.hideSplitCaseDOC</description>
            <groupName>tw.resource.CAT.commonOverflowMenuAppearance</groupName>
            <guid>c139cad6-2dcd-4be5-978b-398ab99ca32b</guid>
            <versionId>57f2dadc-dcf2-44f0-a47d-d13b225d0582</versionId>
        </configOption>
        <configOption name="caseCustomActions">
            <lastModified isNull="true" />
            <lastModifiedBy isNull="true" />
            <tenantId isNull="true" />
            <coachViewConfigOptionId>66.7bf224c0-20b7-4e7a-8670-facd55ccaa21</coachViewConfigOptionId>
            <coachViewId>64.4fbda6f7-28d4-4d2b-8386-88b23b85d12b</coachViewId>
            <isList>true</isList>
            <propertyType>OBJECT</propertyType>
            <label>tw.resource.CAT.customCaseActionsLBL</label>
            <classId>/12.f5400a5b-de85-4318-bc87-ba6d199d6b2f</classId>
            <processId isNull="true" />
            <actionflowId isNull="true" />
            <isAdaptive>false</isAdaptive>
            <seq>19</seq>
            <description>tw.resource.CAT.customCaseActionsDOC</description>
            <groupName></groupName>
            <guid>6374ac35-719e-487a-8cdb-f41c5b067f0d</guid>
            <versionId>5e32536f-382f-4e7c-84f1-2d05256b59f6</versionId>
        </configOption>
        <dynamicStyle>
            <lastModified isNull="true" />
            <lastModifiedBy isNull="true" />
            <tenantId isNull="true" />
            <coachViewDynamicStyleId>73.36301abc-b267-4eb4-a9f8-d488e168fd71</coachViewDynamicStyleId>
            <coachViewId>64.4fbda6f7-28d4-4d2b-8386-88b23b85d12b</coachViewId>
            <filePath>case.less</filePath>
            <assetUuid>/61.2e649208-11dd-4f58-a4c9-53c91521b179</assetUuid>
            <seq>0</seq>
            <guid>f8a2bd90-1cba-4243-b630-9ae60a882e6d</guid>
            <versionId>b44dda91-d674-4b2d-b040-30da1e150d9f</versionId>
        </dynamicStyle>
        <dynamicStyle>
            <lastModified isNull="true" />
            <lastModifiedBy isNull="true" />
            <tenantId isNull="true" />
            <coachViewDynamicStyleId>73.67b6d2d5-8b91-455f-872b-da6fc0cc09c1</coachViewDynamicStyleId>
            <coachViewId>64.4fbda6f7-28d4-4d2b-8386-88b23b85d12b</coachViewId>
            <filePath>bpmUI.less</filePath>
            <assetUuid>d7d6f0f8-7a7b-4bea-87e7-3bb66a2ad3a3/61.26865295-8511-4538-b8f1-4cb99c203a92</assetUuid>
            <seq>1</seq>
            <guid>0ebed450-8f97-4ac2-9582-a5f573c57e2f</guid>
            <versionId>411d2ad2-9d67-44c2-855c-5d335fcbc432</versionId>
        </dynamicStyle>
        <resource>
            <lastModified isNull="true" />
            <lastModifiedBy isNull="true" />
            <tenantId isNull="true" />
            <coachViewResourceId>67.b99040c0-8786-430a-9b14-ae66cfc644c6</coachViewResourceId>
            <coachViewId>64.4fbda6f7-28d4-4d2b-8386-88b23b85d12b</coachViewId>
            <filePath>Core.js</filePath>
            <ieCondition></ieCondition>
            <mediaQuery></mediaQuery>
            <scriptLoadStyle isNull="true" />
            <assetUuid>/61.b9f2b5d6-21e2-48a0-a41a-5149ebe9db15</assetUuid>
            <seq>0</seq>
            <guid>35252006-d031-4d8f-a352-efd7aab0149c</guid>
            <versionId>6493084b-5297-44f9-9ef5-8a8cd885ae2e</versionId>
        </resource>
        <inlineScript name="Inline Javascript">
            <lastModified isNull="true" />
            <lastModifiedBy isNull="true" />
            <tenantId isNull="true" />
            <coachViewInlineScriptId>68.1f6c1688-2050-476f-b295-2c3a6c0f600b</coachViewInlineScriptId>
            <coachViewId>64.4fbda6f7-28d4-4d2b-8386-88b23b85d12b</coachViewId>
            <scriptType>JS</scriptType>
            <scriptBlock>var fileName = 'Case-Control-CaseHeader.js';&#xD;
var path = (dojoConfig.isDebug === true) ?&#xD;
 	com_ibm_bpm_coach.getManagedAssetUrl(fileName, com_ibm_bpm_coach.assetType_WEB, 'SYSCT', false) :&#xD;
 	com_ibm_bpm_coach.getManagedAssetUrl('Case-Controls.min.js', com_ibm_bpm_coach.assetType_WEB, 'SYSCT', false);&#xD;
&#xD;
 	path = (dojoConfig.isDeveloperMode === true) ? "case/files/" + fileName : path;&#xD;
var _this = this;&#xD;
require({async:false},[path], function() {&#xD;
	case_control_InitCaseHeader.call(_this, utilities, taskUtils, wpResources, domConstruct, domClass);&#xD;
});</scriptBlock>
            <seq>0</seq>
            <description></description>
            <guid>ad02ef85-68dd-4bcb-964f-64716ca8c706</guid>
            <versionId>f0a0289e-143b-4ff6-b84a-8e354cf17699</versionId>
        </inlineScript>
        <localization>
            <lastModified isNull="true" />
            <lastModifiedBy isNull="true" />
            <tenantId isNull="true" />
            <coachViewLocalResId>69.cc69cd68-7ec0-4931-b58a-7e9105844f8e</coachViewLocalResId>
            <coachViewId>64.4fbda6f7-28d4-4d2b-8386-88b23b85d12b</coachViewId>
            <resourceBundleGroupId>/50.c4d6cc83-a000-4ae2-b2f5-d35d89f9c6ba</resourceBundleGroupId>
            <seq>0</seq>
            <guid>e4825b60-12fb-4297-98dc-88e8b19190c7</guid>
            <versionId>cf771abd-7172-48e3-8746-fa641a5bbdb7</versionId>
        </localization>
        <localization>
            <lastModified isNull="true" />
            <lastModifiedBy isNull="true" />
            <tenantId isNull="true" />
            <coachViewLocalResId>69.bc976154-fc3c-4c4c-960d-0353eef915a1</coachViewLocalResId>
            <coachViewId>64.4fbda6f7-28d4-4d2b-8386-88b23b85d12b</coachViewId>
            <resourceBundleGroupId>d7d6f0f8-7a7b-4bea-87e7-3bb66a2ad3a3/50.f9a573ef-523f-4f0e-80c8-39285c07ddd4</resourceBundleGroupId>
            <seq>1</seq>
            <guid>guid:bc976154-fc3c-4c4c-960d-0353eef915a1</guid>
            <versionId>d5c05cb0-9446-4688-94cb-d8cac27fc8e3</versionId>
        </localization>
        <amdDependency>
            <lastModified isNull="true" />
            <lastModifiedBy isNull="true" />
            <tenantId isNull="true" />
            <coachViewAmdDepId>70.378efac6-c1c0-49f2-be7f-035981cacb5f</coachViewAmdDepId>
            <coachViewId>64.4fbda6f7-28d4-4d2b-8386-88b23b85d12b</coachViewId>
            <moduleId>com.ibm.bpm.coach.utils/utilities</moduleId>
            <functionArgument>utilities</functionArgument>
            <seq>0</seq>
            <guid>0a436e12-dd0e-4ddf-bcf2-5e20ebba6121</guid>
            <versionId>8fbae66e-5471-48b5-b820-9029fbb21977</versionId>
        </amdDependency>
        <amdDependency>
            <lastModified isNull="true" />
            <lastModifiedBy isNull="true" />
            <tenantId isNull="true" />
            <coachViewAmdDepId>70.47faa6d6-a1df-4e47-a297-a6a9e256a6bb</coachViewAmdDepId>
            <coachViewId>64.4fbda6f7-28d4-4d2b-8386-88b23b85d12b</coachViewId>
            <moduleId>dojo/_base/array</moduleId>
            <functionArgument>array</functionArgument>
            <seq>1</seq>
            <guid>03a4f493-8ac7-4a8b-980d-2eb41615b71a</guid>
            <versionId>befc8707-28e7-48ac-b333-86162b83d99d</versionId>
        </amdDependency>
        <amdDependency>
            <lastModified isNull="true" />
            <lastModifiedBy isNull="true" />
            <tenantId isNull="true" />
            <coachViewAmdDepId>70.72ba4a76-819d-4021-9483-fe6f5ff64f4a</coachViewAmdDepId>
            <coachViewId>64.4fbda6f7-28d4-4d2b-8386-88b23b85d12b</coachViewId>
            <moduleId>com.ibm.bpm.case.core/taskUtils</moduleId>
            <functionArgument>taskUtils</functionArgument>
            <seq>2</seq>
            <guid>c8f48178-3702-4cb7-9a29-40887eaa6142</guid>
            <versionId>fa5eb9c7-c53f-4b16-ac6b-de1387e4251a</versionId>
        </amdDependency>
        <amdDependency>
            <lastModified isNull="true" />
            <lastModifiedBy isNull="true" />
            <tenantId isNull="true" />
            <coachViewAmdDepId>70.3682294f-3cc1-4871-9841-1c53c46476b4</coachViewAmdDepId>
            <coachViewId>64.4fbda6f7-28d4-4d2b-8386-88b23b85d12b</coachViewId>
            <moduleId>com.ibm.bpm.case.resources</moduleId>
            <functionArgument>wpResources</functionArgument>
            <seq>3</seq>
            <guid>4772a043-0ee5-4143-9bd6-5eeffde221c6</guid>
            <versionId>4431f861-a380-4eef-8f4f-179edc92ec85</versionId>
        </amdDependency>
        <amdDependency>
            <lastModified isNull="true" />
            <lastModifiedBy isNull="true" />
            <tenantId isNull="true" />
            <coachViewAmdDepId>70.79c0cdc4-4b62-43c2-8b51-31be7951df45</coachViewAmdDepId>
            <coachViewId>64.4fbda6f7-28d4-4d2b-8386-88b23b85d12b</coachViewId>
            <moduleId>dojo/dom-construct</moduleId>
            <functionArgument>domConstruct</functionArgument>
            <seq>4</seq>
            <guid>8896c7b3-2033-474c-980c-a2b354eddcb2</guid>
            <versionId>78e722fa-1da0-4674-ace1-aec80fbf8b85</versionId>
        </amdDependency>
        <amdDependency>
            <lastModified isNull="true" />
            <lastModifiedBy isNull="true" />
            <tenantId isNull="true" />
            <coachViewAmdDepId>70.0079bcdf-0c4d-4e65-a6f0-04990d2fcfb8</coachViewAmdDepId>
            <coachViewId>64.4fbda6f7-28d4-4d2b-8386-88b23b85d12b</coachViewId>
            <moduleId>dojo/dom-class</moduleId>
            <functionArgument>domClass</functionArgument>
            <seq>5</seq>
            <guid>6a2dc60b-ee7b-4d45-a409-1045b628f437</guid>
            <versionId>85c4555e-dff1-488a-aa1c-4f65d61215bf</versionId>
        </amdDependency>
    </coachView>
</teamworks>

