<?xml version="1.0" encoding="UTF-8"?>
<teamworks>
    <coachView id="64.41e08fc8-a2ce-4e1d-a9f9-9dd767eff7de" name="Case Information">
        <lastModified>1667458436490</lastModified>
        <lastModifiedBy>tw_admin</lastModifiedBy>
        <tenantId isNull="true" />
        <coachViewId>64.41e08fc8-a2ce-4e1d-a9f9-9dd767eff7de</coachViewId>
        <isTemplate>false</isTemplate>
        <layout>&lt;?xml version="1.0" encoding="UTF-8" standalone="yes"?&gt;&lt;ns2:layout xmlns:ns2="http://www.ibm.com/bpm/CoachDesignerNG" xmlns:ns3="http://www.ibm.com/bpm/coachview"&gt;&lt;ns2:layoutItem xsi:type="ns2:ViewRef" version="8550" xmlns:xsi="http://www.w3.org/2001/XMLSchema-instance"&gt;&lt;ns2:id&gt;0709c300-21b4-45d6-81a0-b3ee4a80a975&lt;/ns2:id&gt;&lt;ns2:layoutItemId&gt;CaseInformationDeferredSection&lt;/ns2:layoutItemId&gt;&lt;ns2:configData&gt;&lt;ns2:id&gt;3d67054c-f421-4307-8525-e57811071120&lt;/ns2:id&gt;&lt;ns2:optionName&gt;@label&lt;/ns2:optionName&gt;&lt;ns2:value&gt;Deferred Section&lt;/ns2:value&gt;&lt;/ns2:configData&gt;&lt;ns2:configData&gt;&lt;ns2:id&gt;da56477c-e34e-4ef0-8204-d6e61f49bbfc&lt;/ns2:id&gt;&lt;ns2:optionName&gt;@helpText&lt;/ns2:optionName&gt;&lt;ns2:value&gt;&lt;/ns2:value&gt;&lt;/ns2:configData&gt;&lt;ns2:configData&gt;&lt;ns2:id&gt;899c6f29-e598-4ae6-8e36-ae44545615ff&lt;/ns2:id&gt;&lt;ns2:optionName&gt;@labelVisibility&lt;/ns2:optionName&gt;&lt;ns2:value&gt;SHOW&lt;/ns2:value&gt;&lt;/ns2:configData&gt;&lt;ns2:configData&gt;&lt;ns2:id&gt;a3a1449d-112e-4f1e-8665-77a9ca9a297b&lt;/ns2:id&gt;&lt;ns2:optionName&gt;eventON_SECLOAD&lt;/ns2:optionName&gt;&lt;ns2:value&gt;view.initCaseInformation(view);&lt;/ns2:value&gt;&lt;/ns2:configData&gt;&lt;ns2:configData&gt;&lt;ns2:id&gt;05b82040-39d3-4f76-8253-c43cef95bfe8&lt;/ns2:id&gt;&lt;ns2:optionName&gt;autoLoad&lt;/ns2:optionName&gt;&lt;ns2:value&gt;true&lt;/ns2:value&gt;&lt;/ns2:configData&gt;&lt;ns2:configData&gt;&lt;ns2:id&gt;3b4aac27-1f97-4955-834d-a10f01561d7b&lt;/ns2:id&gt;&lt;ns2:optionName&gt;autoLoadDelay&lt;/ns2:optionName&gt;&lt;ns2:value&gt;0&lt;/ns2:value&gt;&lt;/ns2:configData&gt;&lt;ns2:viewUUID&gt;64.9ee7a0fd-5b25-497d-85fc-1cc09795f524&lt;/ns2:viewUUID&gt;&lt;ns2:contentBoxContrib&gt;&lt;ns2:id&gt;6aeeb65d-02be-45d3-8ef8-b54df85efa68&lt;/ns2:id&gt;&lt;ns2:contentBoxId&gt;ContentBox1&lt;/ns2:contentBoxId&gt;&lt;ns2:contributions xsi:type="ns2:ViewRef" version="8550"&gt;&lt;ns2:id&gt;e66a2a3c-8cf2-4a86-8d20-4f6f0de6aeb8&lt;/ns2:id&gt;&lt;ns2:layoutItemId&gt;CaseHeader&lt;/ns2:layoutItemId&gt;&lt;ns2:configData&gt;&lt;ns2:id&gt;9eaa289c-35f7-414d-8ee1-e70b9c29b30e&lt;/ns2:id&gt;&lt;ns2:optionName&gt;@label&lt;/ns2:optionName&gt;&lt;ns2:value&gt;Horizontal layout&lt;/ns2:value&gt;&lt;/ns2:configData&gt;&lt;ns2:configData&gt;&lt;ns2:id&gt;3897e914-2115-4b0b-8d21-870977989797&lt;/ns2:id&gt;&lt;ns2:optionName&gt;@helpText&lt;/ns2:optionName&gt;&lt;ns2:value&gt;&lt;/ns2:value&gt;&lt;/ns2:configData&gt;&lt;ns2:configData&gt;&lt;ns2:id&gt;aec12c88-bc35-48ca-8556-d7cfcb0720bb&lt;/ns2:id&gt;&lt;ns2:optionName&gt;@labelVisibility&lt;/ns2:optionName&gt;&lt;ns2:value&gt;SHOW&lt;/ns2:value&gt;&lt;/ns2:configData&gt;&lt;ns2:viewUUID&gt;64.44f463cc-615b-43d0-834f-c398a82e0363&lt;/ns2:viewUUID&gt;&lt;ns2:contentBoxContrib&gt;&lt;ns2:id&gt;4e74083d-153b-4d24-8059-45d640de59cb&lt;/ns2:id&gt;&lt;ns2:contentBoxId&gt;ContentBox1&lt;/ns2:contentBoxId&gt;&lt;ns2:contributions xsi:type="ns2:ViewRef" version="8550"&gt;&lt;ns2:id&gt;4a6b134a-37d6-4a60-87b9-f4d435d08e2b&lt;/ns2:id&gt;&lt;ns2:layoutItemId&gt;SystemData&lt;/ns2:layoutItemId&gt;&lt;ns2:configData&gt;&lt;ns2:id&gt;357df82e-d9ad-4db2-8489-7af0c0c6011b&lt;/ns2:id&gt;&lt;ns2:optionName&gt;@label&lt;/ns2:optionName&gt;&lt;ns2:value&gt;Horizontal layout 3&lt;/ns2:value&gt;&lt;/ns2:configData&gt;&lt;ns2:configData&gt;&lt;ns2:id&gt;c8274738-691e-44c3-8bd8-d2f5cffd7afa&lt;/ns2:id&gt;&lt;ns2:optionName&gt;@helpText&lt;/ns2:optionName&gt;&lt;ns2:value&gt;&lt;/ns2:value&gt;&lt;/ns2:configData&gt;&lt;ns2:configData&gt;&lt;ns2:id&gt;7767b2c6-9632-4c5d-8398-0e65c9458b33&lt;/ns2:id&gt;&lt;ns2:optionName&gt;@labelVisibility&lt;/ns2:optionName&gt;&lt;ns2:value&gt;SHOW&lt;/ns2:value&gt;&lt;/ns2:configData&gt;&lt;ns2:configData&gt;&lt;ns2:id&gt;b7b65064-cde9-4d0e-894d-31e682798ff1&lt;/ns2:id&gt;&lt;ns2:optionName&gt;width&lt;/ns2:optionName&gt;&lt;ns2:value&gt;{"isResponsiveData":true,"values":[{"deviceConfigID":"LargeID","value":"50%"}]}&lt;/ns2:value&gt;&lt;/ns2:configData&gt;&lt;ns2:viewUUID&gt;64.44f463cc-615b-43d0-834f-c398a82e0363&lt;/ns2:viewUUID&gt;&lt;ns2:contentBoxContrib&gt;&lt;ns2:id&gt;b4491369-c6ac-4508-853b-dfcfd4bd230e&lt;/ns2:id&gt;&lt;ns2:contentBoxId&gt;ContentBox1&lt;/ns2:contentBoxId&gt;&lt;ns2:contributions xsi:type="ns2:ViewRef" version="8550"&gt;&lt;ns2:id&gt;c3796274-8cc8-4aa9-85c1-b974c770457c&lt;/ns2:id&gt;&lt;ns2:layoutItemId&gt;Vertical_Layout1&lt;/ns2:layoutItemId&gt;&lt;ns2:configData&gt;&lt;ns2:id&gt;d72e49cb-23dc-4067-89d9-b2da88dd8a65&lt;/ns2:id&gt;&lt;ns2:optionName&gt;@label&lt;/ns2:optionName&gt;&lt;ns2:value&gt;Vertical layout&lt;/ns2:value&gt;&lt;/ns2:configData&gt;&lt;ns2:configData&gt;&lt;ns2:id&gt;3c5f625a-5c12-45d1-81d8-9463b433a173&lt;/ns2:id&gt;&lt;ns2:optionName&gt;@helpText&lt;/ns2:optionName&gt;&lt;ns2:value&gt;&lt;/ns2:value&gt;&lt;/ns2:configData&gt;&lt;ns2:configData&gt;&lt;ns2:id&gt;ecd8b412-9cde-4188-8882-f571f6bcb671&lt;/ns2:id&gt;&lt;ns2:optionName&gt;@labelVisibility&lt;/ns2:optionName&gt;&lt;ns2:value&gt;SHOW&lt;/ns2:value&gt;&lt;/ns2:configData&gt;&lt;ns2:configData&gt;&lt;ns2:id&gt;9d2e0ead-8afe-4d5e-830e-efe97ec9d22e&lt;/ns2:id&gt;&lt;ns2:optionName&gt;width&lt;/ns2:optionName&gt;&lt;ns2:value&gt;{"isResponsiveData":true,"values":[{"deviceConfigID":"LargeID","value":""}]}&lt;/ns2:value&gt;&lt;/ns2:configData&gt;&lt;ns2:configData&gt;&lt;ns2:id&gt;4a2da9ce-4c5d-44b8-89ac-73dfa085bc0a&lt;/ns2:id&gt;&lt;ns2:optionName&gt;hAlignment&lt;/ns2:optionName&gt;&lt;ns2:value&gt;{"isResponsiveData":true,"values":[{"deviceConfigID":"LargeID","value":"J"}]}&lt;/ns2:value&gt;&lt;/ns2:configData&gt;&lt;ns2:viewUUID&gt;64.44f463cc-615b-43d0-834f-c398a82e0363&lt;/ns2:viewUUID&gt;&lt;ns2:contentBoxContrib&gt;&lt;ns2:id&gt;ae4af698-e128-4989-8605-34524ad6719b&lt;/ns2:id&gt;&lt;ns2:contentBoxId&gt;ContentBox1&lt;/ns2:contentBoxId&gt;&lt;ns2:contributions xsi:type="ns2:ViewRef" version="8550"&gt;&lt;ns2:id&gt;47c1a7cc-f0b5-45a4-8c10-7af6095f2e6b&lt;/ns2:id&gt;&lt;ns2:layoutItemId&gt;status_icon&lt;/ns2:layoutItemId&gt;&lt;ns2:configData&gt;&lt;ns2:id&gt;019dd189-cc69-4989-8efd-f0265f25869b&lt;/ns2:id&gt;&lt;ns2:optionName&gt;@label&lt;/ns2:optionName&gt;&lt;ns2:value&gt;Status Icon&lt;/ns2:value&gt;&lt;/ns2:configData&gt;&lt;ns2:configData&gt;&lt;ns2:id&gt;4c5baf9b-fab1-41d3-87ac-6742401c395a&lt;/ns2:id&gt;&lt;ns2:optionName&gt;@helpText&lt;/ns2:optionName&gt;&lt;ns2:value&gt;&lt;/ns2:value&gt;&lt;/ns2:configData&gt;&lt;ns2:configData&gt;&lt;ns2:id&gt;bcc33dd6-69bb-4f2a-8a0c-c8decc4e823f&lt;/ns2:id&gt;&lt;ns2:optionName&gt;@labelVisibility&lt;/ns2:optionName&gt;&lt;ns2:value&gt;HIDE&lt;/ns2:value&gt;&lt;/ns2:configData&gt;&lt;ns2:configData&gt;&lt;ns2:id&gt;0041da15-899c-48b5-8a89-bc065ab26cb3&lt;/ns2:id&gt;&lt;ns2:optionName&gt;icon&lt;/ns2:optionName&gt;&lt;ns2:value&gt;ci-radio-button&lt;/ns2:value&gt;&lt;/ns2:configData&gt;&lt;ns2:configData&gt;&lt;ns2:id&gt;77d1a94f-2dc8-4a01-870f-0bfa30e92574&lt;/ns2:id&gt;&lt;ns2:optionName&gt;showAsIcon&lt;/ns2:optionName&gt;&lt;ns2:value&gt;true&lt;/ns2:value&gt;&lt;/ns2:configData&gt;&lt;ns2:configData&gt;&lt;ns2:id&gt;81fce57d-7ac5-45a0-83f8-ed11bc663f6a&lt;/ns2:id&gt;&lt;ns2:optionName&gt;size&lt;/ns2:optionName&gt;&lt;ns2:value&gt;{"isResponsiveData":true,"values":[{"deviceConfigID":"LargeID","value":"16px"}]}&lt;/ns2:value&gt;&lt;/ns2:configData&gt;&lt;ns2:configData&gt;&lt;ns2:id&gt;91936502-4202-44bb-8b32-9d718c106b4a&lt;/ns2:id&gt;&lt;ns2:optionName&gt;allowHTML&lt;/ns2:optionName&gt;&lt;ns2:value&gt;true&lt;/ns2:value&gt;&lt;/ns2:configData&gt;&lt;ns2:configData&gt;&lt;ns2:id&gt;364c19a2-b266-4410-8739-9226e5c6bf81&lt;/ns2:id&gt;&lt;ns2:optionName&gt;labelPlacement&lt;/ns2:optionName&gt;&lt;ns2:value&gt;{"isResponsiveData":true,"values":[{"deviceConfigID":"LargeID","value":"L"}]}&lt;/ns2:value&gt;&lt;/ns2:configData&gt;&lt;ns2:viewUUID&gt;64.f634f22e-7800-4bd7-9f1e-87177acfb3bc&lt;/ns2:viewUUID&gt;&lt;/ns2:contributions&gt;&lt;ns2:contributions xsi:type="ns2:ViewRef" version="8550"&gt;&lt;ns2:id&gt;3d7cb7b5-05b0-497c-89f8-7bc248f0ed29&lt;/ns2:id&gt;&lt;ns2:layoutItemId&gt;CaseType&lt;/ns2:layoutItemId&gt;&lt;ns2:configData&gt;&lt;ns2:id&gt;a0a8f463-0164-4bd2-869a-3b6e9b1dff19&lt;/ns2:id&gt;&lt;ns2:optionName&gt;@label&lt;/ns2:optionName&gt;&lt;ns2:value&gt;Type&lt;/ns2:value&gt;&lt;/ns2:configData&gt;&lt;ns2:configData&gt;&lt;ns2:id&gt;4ba6098c-d1a3-4602-8e54-0788e8dbc2ce&lt;/ns2:id&gt;&lt;ns2:optionName&gt;@helpText&lt;/ns2:optionName&gt;&lt;ns2:value&gt;&lt;/ns2:value&gt;&lt;/ns2:configData&gt;&lt;ns2:configData&gt;&lt;ns2:id&gt;2bd4e93a-8f23-4a98-80e9-47e8beb3ecc2&lt;/ns2:id&gt;&lt;ns2:optionName&gt;@labelVisibility&lt;/ns2:optionName&gt;&lt;ns2:value&gt;HIDE&lt;/ns2:value&gt;&lt;/ns2:configData&gt;&lt;ns2:configData&gt;&lt;ns2:id&gt;d290f3fa-b503-4f42-81f6-912cbf764dc7&lt;/ns2:id&gt;&lt;ns2:optionName&gt;labelPlacement&lt;/ns2:optionName&gt;&lt;ns2:value&gt;{"isResponsiveData":true,"values":[{"deviceConfigID":"LargeID","value":"L"}]}&lt;/ns2:value&gt;&lt;/ns2:configData&gt;&lt;ns2:configData&gt;&lt;ns2:id&gt;d101211d-d103-44ec-8098-0be16a251497&lt;/ns2:id&gt;&lt;ns2:optionName&gt;allowHTML&lt;/ns2:optionName&gt;&lt;ns2:value&gt;true&lt;/ns2:value&gt;&lt;/ns2:configData&gt;&lt;ns2:configData&gt;&lt;ns2:id&gt;baa3ef4a-d8b1-4e55-88ed-e4b5071611ce&lt;/ns2:id&gt;&lt;ns2:optionName&gt;weightStyle&lt;/ns2:optionName&gt;&lt;ns2:value&gt;D&lt;/ns2:value&gt;&lt;/ns2:configData&gt;&lt;ns2:configData&gt;&lt;ns2:id&gt;6c1c2cdf-1097-4856-84a1-a630a359afae&lt;/ns2:id&gt;&lt;ns2:optionName&gt;sizeStyle&lt;/ns2:optionName&gt;&lt;ns2:value&gt;{"isResponsiveData":true,"values":[{"deviceConfigID":"LargeID","value":"L"}]}&lt;/ns2:value&gt;&lt;/ns2:configData&gt;&lt;ns2:configData&gt;&lt;ns2:id&gt;1b015cef-99fe-45bf-88a2-ac544af638f7&lt;/ns2:id&gt;&lt;ns2:optionName&gt;@visibility&lt;/ns2:optionName&gt;&lt;ns2:value&gt;{"isResponsiveData":true,"values":[{"deviceConfigID":"LargeID","value":"DEFAULT"}]}&lt;/ns2:value&gt;&lt;/ns2:configData&gt;&lt;ns2:viewUUID&gt;64.f634f22e-7800-4bd7-9f1e-87177acfb3bc&lt;/ns2:viewUUID&gt;&lt;/ns2:contributions&gt;&lt;/ns2:contentBoxContrib&gt;&lt;/ns2:contributions&gt;&lt;/ns2:contentBoxContrib&gt;&lt;/ns2:contributions&gt;&lt;ns2:contributions xsi:type="ns2:ViewRef" version="8550"&gt;&lt;ns2:id&gt;3110a6bb-e906-424a-88a3-928115b38ec8&lt;/ns2:id&gt;&lt;ns2:layoutItemId&gt;ActionArea&lt;/ns2:layoutItemId&gt;&lt;ns2:configData&gt;&lt;ns2:id&gt;d837a6aa-69e5-4548-8bc8-b674cf23605a&lt;/ns2:id&gt;&lt;ns2:optionName&gt;@label&lt;/ns2:optionName&gt;&lt;ns2:value&gt;Horizontal layout 4&lt;/ns2:value&gt;&lt;/ns2:configData&gt;&lt;ns2:configData&gt;&lt;ns2:id&gt;ed83ad52-0a10-4a51-8a30-aebb88c04071&lt;/ns2:id&gt;&lt;ns2:optionName&gt;@helpText&lt;/ns2:optionName&gt;&lt;ns2:value&gt;&lt;/ns2:value&gt;&lt;/ns2:configData&gt;&lt;ns2:configData&gt;&lt;ns2:id&gt;8f469d7b-c00c-418f-8580-d4959c853ab2&lt;/ns2:id&gt;&lt;ns2:optionName&gt;@labelVisibility&lt;/ns2:optionName&gt;&lt;ns2:value&gt;SHOW&lt;/ns2:value&gt;&lt;/ns2:configData&gt;&lt;ns2:configData&gt;&lt;ns2:id&gt;2052028d-e284-4915-8129-cd075e1e15fb&lt;/ns2:id&gt;&lt;ns2:optionName&gt;layoutFlow&lt;/ns2:optionName&gt;&lt;ns2:value&gt;{"isResponsiveData":true,"values":[{"deviceConfigID":"LargeID","value":"P"}]}&lt;/ns2:value&gt;&lt;/ns2:configData&gt;&lt;ns2:configData&gt;&lt;ns2:id&gt;17956e11-d7da-413c-892f-bf92456cfd37&lt;/ns2:id&gt;&lt;ns2:optionName&gt;hAlignment&lt;/ns2:optionName&gt;&lt;ns2:value&gt;{"isResponsiveData":true,"values":[{"deviceConfigID":"LargeID","value":"R"}]}&lt;/ns2:value&gt;&lt;/ns2:configData&gt;&lt;ns2:configData&gt;&lt;ns2:id&gt;b619f3c2-26d8-4d99-8bba-3416d8eba8cb&lt;/ns2:id&gt;&lt;ns2:optionName&gt;vAlignment&lt;/ns2:optionName&gt;&lt;ns2:value&gt;{"isResponsiveData":true,"values":[{"deviceConfigID":"LargeID","value":"M"}]}&lt;/ns2:value&gt;&lt;/ns2:configData&gt;&lt;ns2:configData&gt;&lt;ns2:id&gt;68a80711-33e9-4cf7-8090-39971216d962&lt;/ns2:id&gt;&lt;ns2:optionName&gt;width&lt;/ns2:optionName&gt;&lt;ns2:value&gt;{"isResponsiveData":true,"values":[{"deviceConfigID":"LargeID","value":""}]}&lt;/ns2:value&gt;&lt;/ns2:configData&gt;&lt;ns2:viewUUID&gt;64.44f463cc-615b-43d0-834f-c398a82e0363&lt;/ns2:viewUUID&gt;&lt;ns2:contentBoxContrib&gt;&lt;ns2:id&gt;6300789c-eae2-4eab-8e21-618f517fa7eb&lt;/ns2:id&gt;&lt;ns2:contentBoxId&gt;ContentBox1&lt;/ns2:contentBoxId&gt;&lt;ns2:contributions xsi:type="ns2:ViewRef" version="8550"&gt;&lt;ns2:id&gt;b100ebec-a0b4-4596-8d1e-7c59ee1390e7&lt;/ns2:id&gt;&lt;ns2:layoutItemId&gt;Horizontal_Layout1&lt;/ns2:layoutItemId&gt;&lt;ns2:configData&gt;&lt;ns2:id&gt;a10ecae4-8848-458e-8613-8a7e8835ce2c&lt;/ns2:id&gt;&lt;ns2:optionName&gt;@label&lt;/ns2:optionName&gt;&lt;ns2:value&gt;Horizontal layout 2&lt;/ns2:value&gt;&lt;/ns2:configData&gt;&lt;ns2:configData&gt;&lt;ns2:id&gt;127b7518-77dc-4ddb-8ce3-8d728a9ad843&lt;/ns2:id&gt;&lt;ns2:optionName&gt;@helpText&lt;/ns2:optionName&gt;&lt;ns2:value&gt;&lt;/ns2:value&gt;&lt;/ns2:configData&gt;&lt;ns2:configData&gt;&lt;ns2:id&gt;205e24ec-6e8b-4b88-8164-1c9fb726adb1&lt;/ns2:id&gt;&lt;ns2:optionName&gt;@labelVisibility&lt;/ns2:optionName&gt;&lt;ns2:value&gt;SHOW&lt;/ns2:value&gt;&lt;/ns2:configData&gt;&lt;ns2:configData&gt;&lt;ns2:id&gt;f8b745d1-1ba6-4500-8936-4bb488adb554&lt;/ns2:id&gt;&lt;ns2:optionName&gt;width&lt;/ns2:optionName&gt;&lt;ns2:value&gt;{"isResponsiveData":true,"values":[{"deviceConfigID":"LargeID","value":"20px"}]}&lt;/ns2:value&gt;&lt;/ns2:configData&gt;&lt;ns2:viewUUID&gt;64.44f463cc-615b-43d0-834f-c398a82e0363&lt;/ns2:viewUUID&gt;&lt;/ns2:contributions&gt;&lt;ns2:contributions xsi:type="ns2:ViewRef" version="8550"&gt;&lt;ns2:id&gt;efd6bfc7-a6e2-4a83-8d66-17a8794e8685&lt;/ns2:id&gt;&lt;ns2:layoutItemId&gt;SplitCaseView&lt;/ns2:layoutItemId&gt;&lt;ns2:configData&gt;&lt;ns2:id&gt;f7efba27-8573-4017-89ad-085631d649da&lt;/ns2:id&gt;&lt;ns2:optionName&gt;@label&lt;/ns2:optionName&gt;&lt;ns2:value&gt;Split Case&lt;/ns2:value&gt;&lt;/ns2:configData&gt;&lt;ns2:configData&gt;&lt;ns2:id&gt;e969f702-e81a-4e61-8918-0470e18911fa&lt;/ns2:id&gt;&lt;ns2:optionName&gt;@helpText&lt;/ns2:optionName&gt;&lt;ns2:value&gt;&lt;/ns2:value&gt;&lt;/ns2:configData&gt;&lt;ns2:configData&gt;&lt;ns2:id&gt;1d00af8e-66ae-4f34-8d31-3e6d3a5e5e23&lt;/ns2:id&gt;&lt;ns2:optionName&gt;@labelVisibility&lt;/ns2:optionName&gt;&lt;ns2:value&gt;SHOW&lt;/ns2:value&gt;&lt;/ns2:configData&gt;&lt;ns2:configData&gt;&lt;ns2:id&gt;fad6205e-8692-481d-89a8-0ceb59cf65ad&lt;/ns2:id&gt;&lt;ns2:optionName&gt;caseID&lt;/ns2:optionName&gt;&lt;ns2:value&gt;tw.options.caseID&lt;/ns2:value&gt;&lt;ns2:valueType&gt;dynamic&lt;/ns2:valueType&gt;&lt;/ns2:configData&gt;&lt;ns2:configData&gt;&lt;ns2:id&gt;b82922d6-a6d6-4867-8d44-0fa7032660d1&lt;/ns2:id&gt;&lt;ns2:optionName&gt;tosName&lt;/ns2:optionName&gt;&lt;ns2:value&gt;tw.options.tosName&lt;/ns2:value&gt;&lt;ns2:valueType&gt;dynamic&lt;/ns2:valueType&gt;&lt;/ns2:configData&gt;&lt;ns2:configData&gt;&lt;ns2:id&gt;aa4d856a-180a-464e-855f-564efbe0b6ed&lt;/ns2:id&gt;&lt;ns2:optionName&gt;showSplitCaseButton&lt;/ns2:optionName&gt;&lt;ns2:value&gt;tw.options.showSplitCaseButton&lt;/ns2:value&gt;&lt;ns2:valueType&gt;dynamic&lt;/ns2:valueType&gt;&lt;/ns2:configData&gt;&lt;ns2:configData&gt;&lt;ns2:id&gt;d80184e1-fd53-4e66-887f-825a409de76b&lt;/ns2:id&gt;&lt;ns2:optionName&gt;isCaseClient&lt;/ns2:optionName&gt;&lt;ns2:value&gt;tw.options.isCaseClient&lt;/ns2:value&gt;&lt;ns2:valueType&gt;dynamic&lt;/ns2:valueType&gt;&lt;/ns2:configData&gt;&lt;ns2:configData&gt;&lt;ns2:id&gt;cd17cbb5-612f-4784-89ad-cd0b4cd20a08&lt;/ns2:id&gt;&lt;ns2:optionName&gt;hideSplitCaseButton&lt;/ns2:optionName&gt;&lt;ns2:value&gt;tw.options.hideSplitCaseButton&lt;/ns2:value&gt;&lt;ns2:valueType&gt;dynamic&lt;/ns2:valueType&gt;&lt;/ns2:configData&gt;&lt;ns2:configData&gt;&lt;ns2:id&gt;3e04d209-d756-4a0b-8c19-568a1682dcdb&lt;/ns2:id&gt;&lt;ns2:optionName&gt;colorStyle&lt;/ns2:optionName&gt;&lt;ns2:value&gt;tw.options.colorStyle&lt;/ns2:value&gt;&lt;ns2:valueType&gt;dynamic&lt;/ns2:valueType&gt;&lt;/ns2:configData&gt;&lt;ns2:configData&gt;&lt;ns2:id&gt;220ec8e1-0145-4e0e-8499-d70f98d7ca7a&lt;/ns2:id&gt;&lt;ns2:optionName&gt;shapeStyle&lt;/ns2:optionName&gt;&lt;ns2:value&gt;tw.options.shapeStyle&lt;/ns2:value&gt;&lt;ns2:valueType&gt;dynamic&lt;/ns2:valueType&gt;&lt;/ns2:configData&gt;&lt;ns2:configData&gt;&lt;ns2:id&gt;96da72d7-ce5f-4b5f-86c9-54dcfba0c606&lt;/ns2:id&gt;&lt;ns2:optionName&gt;sizeStyle&lt;/ns2:optionName&gt;&lt;ns2:value&gt;tw.options.sizeStyle&lt;/ns2:value&gt;&lt;ns2:valueType&gt;dynamic&lt;/ns2:valueType&gt;&lt;/ns2:configData&gt;&lt;ns2:configData&gt;&lt;ns2:id&gt;69de3a31-090d-406e-8f93-3f3e7b09171b&lt;/ns2:id&gt;&lt;ns2:optionName&gt;outline&lt;/ns2:optionName&gt;&lt;ns2:value&gt;tw.options.outline&lt;/ns2:value&gt;&lt;ns2:valueType&gt;dynamic&lt;/ns2:valueType&gt;&lt;/ns2:configData&gt;&lt;ns2:configData&gt;&lt;ns2:id&gt;14565e8e-8704-4db2-871b-2568fdc6a2bb&lt;/ns2:id&gt;&lt;ns2:optionName&gt;icon&lt;/ns2:optionName&gt;&lt;ns2:value&gt;tw.options.icon&lt;/ns2:value&gt;&lt;ns2:valueType&gt;dynamic&lt;/ns2:valueType&gt;&lt;/ns2:configData&gt;&lt;ns2:configData&gt;&lt;ns2:id&gt;15423062-9002-4c28-8b31-6adc13cd30d1&lt;/ns2:id&gt;&lt;ns2:optionName&gt;width&lt;/ns2:optionName&gt;&lt;ns2:value&gt;tw.options.width&lt;/ns2:value&gt;&lt;ns2:valueType&gt;dynamic&lt;/ns2:valueType&gt;&lt;/ns2:configData&gt;&lt;ns2:configData&gt;&lt;ns2:id&gt;93458851-a153-4406-83fc-87c355b9b84e&lt;/ns2:id&gt;&lt;ns2:optionName&gt;iconLocation&lt;/ns2:optionName&gt;&lt;ns2:value&gt;R&lt;/ns2:value&gt;&lt;ns2:valueType&gt;static&lt;/ns2:valueType&gt;&lt;/ns2:configData&gt;&lt;ns2:configData&gt;&lt;ns2:id&gt;d00298ba-c9fa-406c-8932-4be10b5e0057&lt;/ns2:id&gt;&lt;ns2:optionName&gt;ghostMode&lt;/ns2:optionName&gt;&lt;ns2:value&gt;tw.options.ghostMode&lt;/ns2:value&gt;&lt;ns2:valueType&gt;dynamic&lt;/ns2:valueType&gt;&lt;/ns2:configData&gt;&lt;ns2:viewUUID&gt;64.3d6fdb22-e53e-4143-95c0-d9127793af54&lt;/ns2:viewUUID&gt;&lt;/ns2:contributions&gt;&lt;ns2:contributions xsi:type="ns2:ViewRef" version="8550"&gt;&lt;ns2:id&gt;f210db2e-ba0e-420e-8dd7-17ab24de7406&lt;/ns2:id&gt;&lt;ns2:layoutItemId&gt;RolePickerView&lt;/ns2:layoutItemId&gt;&lt;ns2:configData&gt;&lt;ns2:id&gt;0e97a16f-c6be-4bd9-8b7a-eec6a37258ed&lt;/ns2:id&gt;&lt;ns2:optionName&gt;@label&lt;/ns2:optionName&gt;&lt;ns2:value&gt;Role Picker&lt;/ns2:value&gt;&lt;/ns2:configData&gt;&lt;ns2:configData&gt;&lt;ns2:id&gt;c27f4e5e-c6a9-4d4f-868f-d18482eac705&lt;/ns2:id&gt;&lt;ns2:optionName&gt;@helpText&lt;/ns2:optionName&gt;&lt;ns2:value&gt;&lt;/ns2:value&gt;&lt;/ns2:configData&gt;&lt;ns2:configData&gt;&lt;ns2:id&gt;8d64c392-81f6-4b1c-8893-510818a20223&lt;/ns2:id&gt;&lt;ns2:optionName&gt;@labelVisibility&lt;/ns2:optionName&gt;&lt;ns2:value&gt;SHOW&lt;/ns2:value&gt;&lt;/ns2:configData&gt;&lt;ns2:configData&gt;&lt;ns2:id&gt;763387f2-f6d1-4040-879d-706e5444cde4&lt;/ns2:id&gt;&lt;ns2:optionName&gt;caseID&lt;/ns2:optionName&gt;&lt;ns2:value&gt;tw.options.caseID&lt;/ns2:value&gt;&lt;ns2:valueType&gt;dynamic&lt;/ns2:valueType&gt;&lt;/ns2:configData&gt;&lt;ns2:configData&gt;&lt;ns2:id&gt;5174a374-f07c-4250-8d52-01f8f0851abb&lt;/ns2:id&gt;&lt;ns2:optionName&gt;tosName&lt;/ns2:optionName&gt;&lt;ns2:value&gt;tw.options.tosName&lt;/ns2:value&gt;&lt;ns2:valueType&gt;dynamic&lt;/ns2:valueType&gt;&lt;/ns2:configData&gt;&lt;ns2:configData&gt;&lt;ns2:id&gt;ce5f838b-6460-4f97-865b-43187fca0e7b&lt;/ns2:id&gt;&lt;ns2:optionName&gt;showRolePickerButton&lt;/ns2:optionName&gt;&lt;ns2:value&gt;tw.options.showRolePickerButton&lt;/ns2:value&gt;&lt;ns2:valueType&gt;dynamic&lt;/ns2:valueType&gt;&lt;/ns2:configData&gt;&lt;ns2:configData&gt;&lt;ns2:id&gt;2b2b532d-5909-4dfc-8b89-fd331c7a995d&lt;/ns2:id&gt;&lt;ns2:optionName&gt;isCaseClient&lt;/ns2:optionName&gt;&lt;ns2:value&gt;tw.options.isCaseClient&lt;/ns2:value&gt;&lt;ns2:valueType&gt;dynamic&lt;/ns2:valueType&gt;&lt;/ns2:configData&gt;&lt;ns2:viewUUID&gt;64.8b1326fe-f030-4d19-91e2-7587f6400869&lt;/ns2:viewUUID&gt;&lt;/ns2:contributions&gt;&lt;ns2:contributions xsi:type="ns2:ViewRef" version="8550"&gt;&lt;ns2:id&gt;ae7c3f19-d1a5-44d8-8df2-1c24b242021c&lt;/ns2:id&gt;&lt;ns2:layoutItemId&gt;CaseActionsIcon&lt;/ns2:layoutItemId&gt;&lt;ns2:configData&gt;&lt;ns2:id&gt;f4799e57-dc60-4d34-858c-931b24e69aba&lt;/ns2:id&gt;&lt;ns2:optionName&gt;@label&lt;/ns2:optionName&gt;&lt;ns2:value&gt;Icon&lt;/ns2:value&gt;&lt;/ns2:configData&gt;&lt;ns2:configData&gt;&lt;ns2:id&gt;0483710b-9c93-4579-8b64-d146e945789d&lt;/ns2:id&gt;&lt;ns2:optionName&gt;@helpText&lt;/ns2:optionName&gt;&lt;ns2:value&gt;&lt;/ns2:value&gt;&lt;/ns2:configData&gt;&lt;ns2:configData&gt;&lt;ns2:id&gt;228245e1-1801-4fa7-8829-ac85712f0022&lt;/ns2:id&gt;&lt;ns2:optionName&gt;@labelVisibility&lt;/ns2:optionName&gt;&lt;ns2:value&gt;SHOW&lt;/ns2:value&gt;&lt;/ns2:configData&gt;&lt;ns2:configData&gt;&lt;ns2:id&gt;2c1a5ee0-e62f-4eb8-8331-3352a86ec65a&lt;/ns2:id&gt;&lt;ns2:optionName&gt;iconSize&lt;/ns2:optionName&gt;&lt;ns2:value&gt;{"isResponsiveData":true,"values":[{"deviceConfigID":"LargeID","value":"16px"}]}&lt;/ns2:value&gt;&lt;/ns2:configData&gt;&lt;ns2:configData&gt;&lt;ns2:id&gt;c8219406-e644-4f0c-84ff-7055d4c7906c&lt;/ns2:id&gt;&lt;ns2:optionName&gt;icon&lt;/ns2:optionName&gt;&lt;ns2:value&gt;ci-overflow-menu-vertical&lt;/ns2:value&gt;&lt;/ns2:configData&gt;&lt;ns2:configData&gt;&lt;ns2:id&gt;cb8c88fa-0590-4efd-8111-eb9eec2b97d1&lt;/ns2:id&gt;&lt;ns2:optionName&gt;eventON_CLICK&lt;/ns2:optionName&gt;&lt;ns2:value&gt;@openActionsMenu&lt;/ns2:value&gt;&lt;/ns2:configData&gt;&lt;ns2:viewUUID&gt;64.1b440a6c-8508-4f95-bc28-728a58f2353c&lt;/ns2:viewUUID&gt;&lt;/ns2:contributions&gt;&lt;/ns2:contentBoxContrib&gt;&lt;/ns2:contributions&gt;&lt;/ns2:contentBoxContrib&gt;&lt;/ns2:contributions&gt;&lt;ns2:contributions xsi:type="ns2:ViewRef" version="8550"&gt;&lt;ns2:id&gt;125963d4-e801-40f9-8b10-d502d8a6a897&lt;/ns2:id&gt;&lt;ns2:layoutItemId&gt;Case_Actions_Menu&lt;/ns2:layoutItemId&gt;&lt;ns2:configData&gt;&lt;ns2:id&gt;ef4e1899-7034-488f-8f86-36c131634f7d&lt;/ns2:id&gt;&lt;ns2:optionName&gt;@label&lt;/ns2:optionName&gt;&lt;ns2:value&gt;Case Actions Menu&lt;/ns2:value&gt;&lt;/ns2:configData&gt;&lt;ns2:configData&gt;&lt;ns2:id&gt;d80e582d-8632-4cde-8d0d-268616ade3ef&lt;/ns2:id&gt;&lt;ns2:optionName&gt;@helpText&lt;/ns2:optionName&gt;&lt;ns2:value&gt;&lt;/ns2:value&gt;&lt;/ns2:configData&gt;&lt;ns2:configData&gt;&lt;ns2:id&gt;636e2c17-3c24-4693-803c-5d9edd1d84e2&lt;/ns2:id&gt;&lt;ns2:optionName&gt;@labelVisibility&lt;/ns2:optionName&gt;&lt;ns2:value&gt;SHOW&lt;/ns2:value&gt;&lt;/ns2:configData&gt;&lt;ns2:configData&gt;&lt;ns2:id&gt;58224a11-a5c6-45a4-8e7d-24e750e554f6&lt;/ns2:id&gt;&lt;ns2:optionName&gt;hideSplitCase&lt;/ns2:optionName&gt;&lt;ns2:value&gt;tw.options.hideSplitCaseActionsMenu&lt;/ns2:value&gt;&lt;ns2:valueType&gt;dynamic&lt;/ns2:valueType&gt;&lt;/ns2:configData&gt;&lt;ns2:configData&gt;&lt;ns2:id&gt;8c3cc373-cc32-4973-8165-40822388d7dd&lt;/ns2:id&gt;&lt;ns2:optionName&gt;hideSwitchRoles&lt;/ns2:optionName&gt;&lt;ns2:value&gt;tw.options.hideRolePickerActionMenu&lt;/ns2:value&gt;&lt;ns2:valueType&gt;dynamic&lt;/ns2:valueType&gt;&lt;/ns2:configData&gt;&lt;ns2:configData&gt;&lt;ns2:id&gt;40d15f2c-56bf-4fd4-81bf-126ffdbbd515&lt;/ns2:id&gt;&lt;ns2:optionName&gt;caseCustomActions&lt;/ns2:optionName&gt;&lt;ns2:value&gt;tw.options.caseCustomActions[]&lt;/ns2:value&gt;&lt;ns2:valueType&gt;dynamic&lt;/ns2:valueType&gt;&lt;/ns2:configData&gt;&lt;ns2:viewUUID&gt;64.f98f47ca-b641-480f-8659-b6fc30942a5b&lt;/ns2:viewUUID&gt;&lt;/ns2:contributions&gt;&lt;/ns2:contentBoxContrib&gt;&lt;/ns2:layoutItem&gt;&lt;/ns2:layout&gt;</layout>
        <paletteIcon isNull="true" />
        <previewImage isNull="true" />
        <hasLabel>true</hasLabel>
        <labelPosition>0</labelPosition>
        <nineSliceX1Coord>0</nineSliceX1Coord>
        <nineSliceX2Coord>0</nineSliceX2Coord>
        <nineSliceY1Coord>0</nineSliceY1Coord>
        <nineSliceY2Coord>0</nineSliceY2Coord>
        <emitBoundary>false</emitBoundary>
        <isPrototypeFunc>true</isPrototypeFunc>
        <enableDevMode>false</enableDevMode>
        <isMobileReady>true</isMobileReady>
        <loadJsFunction></loadJsFunction>
        <unloadJsFunction></unloadJsFunction>
        <viewJsFunction isNull="true" />
        <changeJsFunction isNull="true" />
        <collaborationJsFunction isNull="true" />
        <description></description>
        <validateJsFunction isNull="true" />
        <previewAdvHtml>d7d6f0f8-7a7b-4bea-87e7-3bb66a2ad3a3/61.71da8275-e204-4349-b1e4-5376ce9d7d0c</previewAdvHtml>
        <previewAdvJs>d7d6f0f8-7a7b-4bea-87e7-3bb66a2ad3a3/61.abcd6f7a-670c-41dd-bd74-3865ad9e9b10</previewAdvJs>
        <useUrlBinding>false</useUrlBinding>
        <guid>c1724549-3f55-4c28-bc70-7016f9b2ae32</guid>
        <versionId>32339562-b0fe-4e44-812d-4eddbd6daeb4</versionId>
        <field1 isNull="true" />
        <field2 isNull="true" />
        <field3>0</field3>
        <field4 isNull="true" />
        <field5>false</field5>
        <clobField1 isNull="true" />
        <bindingType name="caseInstance">
            <lastModified isNull="true" />
            <lastModifiedBy isNull="true" />
            <tenantId isNull="true" />
            <coachViewBindingTypeId>65.ad74cfff-8d0d-45c5-a199-d64cfe6ea835</coachViewBindingTypeId>
            <coachViewId>64.41e08fc8-a2ce-4e1d-a9f9-9dd767eff7de</coachViewId>
            <isList>false</isList>
            <classId>/12.260b373a-d1b2-4297-9dda-6fd159884549</classId>
            <seq>0</seq>
            <description isNull="true" />
            <guid>e3c8f643-1916-46db-984c-cb6ebc228212</guid>
            <versionId>392136af-1602-47a5-96b1-212f7ec481b6</versionId>
        </bindingType>
        <configOption name="eventON_LOAD">
            <lastModified isNull="true" />
            <lastModifiedBy isNull="true" />
            <tenantId isNull="true" />
            <coachViewConfigOptionId>66.678a9739-e389-42f8-b10b-eec30f449c2e</coachViewConfigOptionId>
            <coachViewId>64.41e08fc8-a2ce-4e1d-a9f9-9dd767eff7de</coachViewId>
            <isList>false</isList>
            <propertyType>EVENT</propertyType>
            <label>tw.resource.CAT.eventOnLoadLBL</label>
            <classId>56f01b11-2631-47ae-acdd-75a5c2d4e9d2/12.db884a3c-c533-44b7-bb2d-47bec8ad4022</classId>
            <processId isNull="true" />
            <actionflowId isNull="true" />
            <isAdaptive>false</isAdaptive>
            <seq>0</seq>
            <description></description>
            <groupName></groupName>
            <guid>5ee0d3fa-32dc-4b17-8728-baf00e11becd</guid>
            <versionId>f13ad6dc-9804-4ca2-9a57-24060285dac5</versionId>
        </configOption>
        <configOption name="eventON_CASEINFORMATION_LAUNCHED">
            <lastModified isNull="true" />
            <lastModifiedBy isNull="true" />
            <tenantId isNull="true" />
            <coachViewConfigOptionId>66.040ee112-6a19-407e-98a9-b29f7a2d512f</coachViewConfigOptionId>
            <coachViewId>64.41e08fc8-a2ce-4e1d-a9f9-9dd767eff7de</coachViewId>
            <isList>false</isList>
            <propertyType>EVENT</propertyType>
            <label>tw.resource.CAT.eventOnCaseInformationLaunchedLBL</label>
            <classId>56f01b11-2631-47ae-acdd-75a5c2d4e9d2/12.db884a3c-c533-44b7-bb2d-47bec8ad4022</classId>
            <processId isNull="true" />
            <actionflowId isNull="true" />
            <isAdaptive>false</isAdaptive>
            <seq>1</seq>
            <description></description>
            <groupName></groupName>
            <guid>6ff47b04-a474-47d8-b9b0-5974411cb19d</guid>
            <versionId>4b2c211b-db0b-4075-bf6d-bea9e9ead956</versionId>
        </configOption>
        <configOption name="caseID">
            <lastModified isNull="true" />
            <lastModifiedBy isNull="true" />
            <tenantId isNull="true" />
            <coachViewConfigOptionId>66.9ba22da9-d6cf-49b6-9669-f673e345a8de</coachViewConfigOptionId>
            <coachViewId>64.41e08fc8-a2ce-4e1d-a9f9-9dd767eff7de</coachViewId>
            <isList>false</isList>
            <propertyType>OBJECT</propertyType>
            <label>tw.resource.CAT.caseIdLBL</label>
            <classId>56f01b11-2631-47ae-acdd-75a5c2d4e9d2/12.db884a3c-c533-44b7-bb2d-47bec8ad4022</classId>
            <processId isNull="true" />
            <actionflowId isNull="true" />
            <isAdaptive>false</isAdaptive>
            <seq>2</seq>
            <description>tw.resource.CAT.caseIdentifierDOC</description>
            <groupName></groupName>
            <guid>538025d8-d317-4cfa-a5db-a358b724e801</guid>
            <versionId>5b1d1a56-f9de-4153-ae25-42cf039b102d</versionId>
        </configOption>
        <configOption name="tosName">
            <lastModified isNull="true" />
            <lastModifiedBy isNull="true" />
            <tenantId isNull="true" />
            <coachViewConfigOptionId>66.494fb7f6-1c02-457a-9aa6-64840162c7d0</coachViewConfigOptionId>
            <coachViewId>64.41e08fc8-a2ce-4e1d-a9f9-9dd767eff7de</coachViewId>
            <isList>false</isList>
            <propertyType>OBJECT</propertyType>
            <label>tw.resource.CAT.tosNameLBL</label>
            <classId>56f01b11-2631-47ae-acdd-75a5c2d4e9d2/12.db884a3c-c533-44b7-bb2d-47bec8ad4022</classId>
            <processId isNull="true" />
            <actionflowId isNull="true" />
            <isAdaptive>false</isAdaptive>
            <seq>3</seq>
            <description>tw.resource.CAT.tosNameDOC</description>
            <groupName></groupName>
            <guid>5ec06014-180c-49a9-887a-a66a9515e465</guid>
            <versionId>4bd29b01-3d3e-40f6-9747-a2da8c78fbe1</versionId>
        </configOption>
        <configOption name="isCaseClient">
            <lastModified isNull="true" />
            <lastModifiedBy isNull="true" />
            <tenantId isNull="true" />
            <coachViewConfigOptionId>66.4c6188a9-8729-4038-b7ad-f9af771c6241</coachViewConfigOptionId>
            <coachViewId>64.41e08fc8-a2ce-4e1d-a9f9-9dd767eff7de</coachViewId>
            <isList>false</isList>
            <propertyType>OBJECT</propertyType>
            <label>tw.resource.CAT.isCaseClientLBL</label>
            <classId>56f01b11-2631-47ae-acdd-75a5c2d4e9d2/12.83ff975e-8dbc-42e5-b738-fa8bc08274a2</classId>
            <processId isNull="true" />
            <actionflowId isNull="true" />
            <isAdaptive>false</isAdaptive>
            <seq>4</seq>
            <description>tw.resource.CAT.isCaseClientDOC</description>
            <groupName></groupName>
            <guid>508c8758-5f2d-4369-913d-5403855b6617</guid>
            <versionId>5684f2c9-dcd5-4ad4-ae4f-e2c69e2df1c8</versionId>
        </configOption>
        <configOption name="showRolePickerButton">
            <lastModified isNull="true" />
            <lastModifiedBy isNull="true" />
            <tenantId isNull="true" />
            <coachViewConfigOptionId>66.1b96e349-5212-456f-a1c3-f84cf27b3f23</coachViewConfigOptionId>
            <coachViewId>64.41e08fc8-a2ce-4e1d-a9f9-9dd767eff7de</coachViewId>
            <isList>false</isList>
            <propertyType>OBJECT</propertyType>
            <label>tw.resource.CAT.showRolePickerLBL</label>
            <classId>56f01b11-2631-47ae-acdd-75a5c2d4e9d2/12.83ff975e-8dbc-42e5-b738-fa8bc08274a2</classId>
            <processId isNull="true" />
            <actionflowId isNull="true" />
            <isAdaptive>false</isAdaptive>
            <seq>5</seq>
            <description>tw.resource.CAT.showRolePickerDOC</description>
            <groupName></groupName>
            <guid>603a3d06-5f81-439a-b6ae-b5fc9ff42ca4</guid>
            <versionId>8792ad29-1c56-443f-a09d-dd3dc49215da</versionId>
        </configOption>
        <configOption name="hideSplitCaseButton">
            <lastModified isNull="true" />
            <lastModifiedBy isNull="true" />
            <tenantId isNull="true" />
            <coachViewConfigOptionId>66.69120632-edd0-4272-bd84-7aa81bb6a714</coachViewConfigOptionId>
            <coachViewId>64.41e08fc8-a2ce-4e1d-a9f9-9dd767eff7de</coachViewId>
            <isList>false</isList>
            <propertyType>OBJECT</propertyType>
            <label>tw.resource.CAT.hideSplitCaseButtonLBL</label>
            <classId>56f01b11-2631-47ae-acdd-75a5c2d4e9d2/12.83ff975e-8dbc-42e5-b738-fa8bc08274a2</classId>
            <processId isNull="true" />
            <actionflowId isNull="true" />
            <isAdaptive>false</isAdaptive>
            <seq>6</seq>
            <description>tw.resource.CAT.hideSplitCaseButtonDOC</description>
            <groupName>tw.resource.CAT.commonSplitCaseGroupAppearance</groupName>
            <guid>guid:69120632-edd0-4272-bd84-7aa81bb6a714</guid>
            <versionId>6147a593-3377-4149-94fe-a6ba20e5aa76</versionId>
        </configOption>
        <configOption name="colorStyle">
            <lastModified isNull="true" />
            <lastModifiedBy isNull="true" />
            <tenantId isNull="true" />
            <coachViewConfigOptionId>66.76e7b1bd-bdfd-4584-90fa-63216cfd1efb</coachViewConfigOptionId>
            <coachViewId>64.41e08fc8-a2ce-4e1d-a9f9-9dd767eff7de</coachViewId>
            <isList>false</isList>
            <propertyType>OBJECT</propertyType>
            <label>tw.resource.BPMUI.ButtonLBLcolorStyle</label>
            <classId>d7d6f0f8-7a7b-4bea-87e7-3bb66a2ad3a3/12.94510c84-2ee1-4487-a1df-006aac6f1918</classId>
            <processId isNull="true" />
            <actionflowId isNull="true" />
            <isAdaptive>false</isAdaptive>
            <seq>7</seq>
            <description>tw.resource.BPMUI.ButtonDOCcolorStyle</description>
            <groupName>tw.resource.CAT.commonSplitCaseGroupAppearance</groupName>
            <guid>guid:76e7b1bd-bdfd-4584-90fa-63216cfd1efb</guid>
            <versionId>e38711c1-da0c-4bf1-b632-917b110a69c4</versionId>
        </configOption>
        <configOption name="shapeStyle">
            <lastModified isNull="true" />
            <lastModifiedBy isNull="true" />
            <tenantId isNull="true" />
            <coachViewConfigOptionId>66.17324e11-2bc8-42df-a5ad-fb3f8fed3563</coachViewConfigOptionId>
            <coachViewId>64.41e08fc8-a2ce-4e1d-a9f9-9dd767eff7de</coachViewId>
            <isList>false</isList>
            <propertyType>OBJECT</propertyType>
            <label>tw.resource.BPMUI.ButtonLBLshapeStyle</label>
            <classId>d7d6f0f8-7a7b-4bea-87e7-3bb66a2ad3a3/12.203ff638-a153-4d69-8b87-d9ea008a55a3</classId>
            <processId isNull="true" />
            <actionflowId isNull="true" />
            <isAdaptive>false</isAdaptive>
            <seq>8</seq>
            <description>tw.resource.BPMUI.ButtonDOCshapeStyle</description>
            <groupName>tw.resource.CAT.commonSplitCaseGroupAppearance</groupName>
            <guid>guid:17324e11-2bc8-42df-a5ad-fb3f8fed3563</guid>
            <versionId>85876490-c3aa-4fec-b817-fac97c240112</versionId>
        </configOption>
        <configOption name="sizeStyle">
            <lastModified isNull="true" />
            <lastModifiedBy isNull="true" />
            <tenantId isNull="true" />
            <coachViewConfigOptionId>66.77bb1971-a549-4c1d-901d-91cb5711393d</coachViewConfigOptionId>
            <coachViewId>64.41e08fc8-a2ce-4e1d-a9f9-9dd767eff7de</coachViewId>
            <isList>false</isList>
            <propertyType>OBJECT</propertyType>
            <label>tw.resource.BPMUI.ButtonLBLsizeStyle</label>
            <classId>d7d6f0f8-7a7b-4bea-87e7-3bb66a2ad3a3/12.6350f376-b985-4eb6-835e-25b425fc6936</classId>
            <processId isNull="true" />
            <actionflowId isNull="true" />
            <isAdaptive>false</isAdaptive>
            <seq>9</seq>
            <description>tw.resource.BPMUI.ButtonDOCsizeStyle</description>
            <groupName>tw.resource.CAT.commonSplitCaseGroupAppearance</groupName>
            <guid>guid:77bb1971-a549-4c1d-901d-91cb5711393d</guid>
            <versionId>c18f4a51-c793-4dda-9f0d-8aeafcdcf6be</versionId>
        </configOption>
        <configOption name="outline">
            <lastModified isNull="true" />
            <lastModifiedBy isNull="true" />
            <tenantId isNull="true" />
            <coachViewConfigOptionId>66.2db26eb8-5277-41e4-98e9-a1be30dab3b8</coachViewConfigOptionId>
            <coachViewId>64.41e08fc8-a2ce-4e1d-a9f9-9dd767eff7de</coachViewId>
            <isList>false</isList>
            <propertyType>OBJECT</propertyType>
            <label>tw.resource.BPMUI.ButtonLBLoutline</label>
            <classId>56f01b11-2631-47ae-acdd-75a5c2d4e9d2/12.83ff975e-8dbc-42e5-b738-fa8bc08274a2</classId>
            <processId isNull="true" />
            <actionflowId isNull="true" />
            <isAdaptive>false</isAdaptive>
            <seq>10</seq>
            <description>tw.resource.BPMUI.ButtonDOCoutline</description>
            <groupName>tw.resource.CAT.commonSplitCaseGroupAppearance</groupName>
            <guid>guid:2db26eb8-5277-41e4-98e9-a1be30dab3b8</guid>
            <versionId>ba88ab31-28e9-4591-a94d-6bd0c057b905</versionId>
        </configOption>
        <configOption name="icon">
            <lastModified isNull="true" />
            <lastModifiedBy isNull="true" />
            <tenantId isNull="true" />
            <coachViewConfigOptionId>66.22e2c702-bee8-402f-b31d-8767ace734bd</coachViewConfigOptionId>
            <coachViewId>64.41e08fc8-a2ce-4e1d-a9f9-9dd767eff7de</coachViewId>
            <isList>false</isList>
            <propertyType>OBJECT</propertyType>
            <label>tw.resource.BPMUI.ButtonLBLicon</label>
            <classId>56f01b11-2631-47ae-acdd-75a5c2d4e9d2/12.db884a3c-c533-44b7-bb2d-47bec8ad4022</classId>
            <processId isNull="true" />
            <actionflowId isNull="true" />
            <isAdaptive>false</isAdaptive>
            <seq>11</seq>
            <description>tw.resource.BPMUI.ButtonDOCicon</description>
            <groupName>tw.resource.CAT.commonSplitCaseGroupAppearance</groupName>
            <guid>guid:22e2c702-bee8-402f-b31d-8767ace734bd</guid>
            <versionId>c4e3d88b-506e-45b9-b837-d7363088ae2b</versionId>
        </configOption>
        <configOption name="width">
            <lastModified isNull="true" />
            <lastModifiedBy isNull="true" />
            <tenantId isNull="true" />
            <coachViewConfigOptionId>66.b1326100-3cda-45e5-9f65-2ab6fb6ad1f3</coachViewConfigOptionId>
            <coachViewId>64.41e08fc8-a2ce-4e1d-a9f9-9dd767eff7de</coachViewId>
            <isList>false</isList>
            <propertyType>OBJECT</propertyType>
            <label>tw.resource.BPMUI.ButtonLBLwidth</label>
            <classId>56f01b11-2631-47ae-acdd-75a5c2d4e9d2/12.db884a3c-c533-44b7-bb2d-47bec8ad4022</classId>
            <processId isNull="true" />
            <actionflowId isNull="true" />
            <isAdaptive>false</isAdaptive>
            <seq>12</seq>
            <description>tw.resource.BPMUI.ButtonDOCwidth</description>
            <groupName>tw.resource.CAT.commonSplitCaseGroupAppearance</groupName>
            <guid>guid:b1326100-3cda-45e5-9f65-2ab6fb6ad1f3</guid>
            <versionId>c5bd168f-9991-4971-890c-6b62294746e8</versionId>
        </configOption>
        <configOption name="ghostMode">
            <lastModified isNull="true" />
            <lastModifiedBy isNull="true" />
            <tenantId isNull="true" />
            <coachViewConfigOptionId>66.132b91d1-5350-4a07-8c87-72023e74df68</coachViewConfigOptionId>
            <coachViewId>64.41e08fc8-a2ce-4e1d-a9f9-9dd767eff7de</coachViewId>
            <isList>false</isList>
            <propertyType>OBJECT</propertyType>
            <label>tw.resource.BPMUI.ButtonLBLghostMode</label>
            <classId>56f01b11-2631-47ae-acdd-75a5c2d4e9d2/12.83ff975e-8dbc-42e5-b738-fa8bc08274a2</classId>
            <processId isNull="true" />
            <actionflowId isNull="true" />
            <isAdaptive>false</isAdaptive>
            <seq>13</seq>
            <description>tw.resource.BPMUI.ButtonDOCghostMode</description>
            <groupName>tw.resource.CAT.commonSplitCaseGroupAppearance</groupName>
            <guid>guid:132b91d1-5350-4a07-8c87-72023e74df68</guid>
            <versionId>196db5fd-26a0-48b0-9c03-49813103a9f4</versionId>
        </configOption>
        <configOption name="hideActionsMenu">
            <lastModified isNull="true" />
            <lastModifiedBy isNull="true" />
            <tenantId isNull="true" />
            <coachViewConfigOptionId>66.511f4746-4871-475e-9e8c-140f838f93cd</coachViewConfigOptionId>
            <coachViewId>64.41e08fc8-a2ce-4e1d-a9f9-9dd767eff7de</coachViewId>
            <isList>false</isList>
            <propertyType>OBJECT</propertyType>
            <label>tw.resource.CAT.hideCaseActionsMenu</label>
            <classId>56f01b11-2631-47ae-acdd-75a5c2d4e9d2/12.83ff975e-8dbc-42e5-b738-fa8bc08274a2</classId>
            <processId isNull="true" />
            <actionflowId isNull="true" />
            <isAdaptive>false</isAdaptive>
            <seq>14</seq>
            <description>tw.resource.CAT.hideCaseActionsMenuDOC</description>
            <groupName>tw.resource.CAT.commonOverflowMenuAppearance</groupName>
            <guid>92e75a72-de16-407b-831d-d51182957307</guid>
            <versionId>8b9fa900-1d38-4540-b2f2-ae1f7cf8a931</versionId>
        </configOption>
        <configOption name="hideRolePickerActionMenu">
            <lastModified isNull="true" />
            <lastModifiedBy isNull="true" />
            <tenantId isNull="true" />
            <coachViewConfigOptionId>66.8a8f001b-2e98-4fbc-b827-4f2414e35277</coachViewConfigOptionId>
            <coachViewId>64.41e08fc8-a2ce-4e1d-a9f9-9dd767eff7de</coachViewId>
            <isList>false</isList>
            <propertyType>OBJECT</propertyType>
            <label>tw.resource.CAT.hideSwitchRolesLBL</label>
            <classId>56f01b11-2631-47ae-acdd-75a5c2d4e9d2/12.83ff975e-8dbc-42e5-b738-fa8bc08274a2</classId>
            <processId isNull="true" />
            <actionflowId isNull="true" />
            <isAdaptive>false</isAdaptive>
            <seq>15</seq>
            <description>tw.resource.CAT.hideSwitchRolesDOC</description>
            <groupName>tw.resource.CAT.commonOverflowMenuAppearance</groupName>
            <guid>00b3287b-9e2b-4d8d-92ae-8b086a4eafcf</guid>
            <versionId>44718ecc-0ce9-4c26-a177-30f896c72c3f</versionId>
        </configOption>
        <configOption name="hideSplitCaseActionsMenu">
            <lastModified isNull="true" />
            <lastModifiedBy isNull="true" />
            <tenantId isNull="true" />
            <coachViewConfigOptionId>66.19c6fab7-4203-4d39-a782-8a123b1b9693</coachViewConfigOptionId>
            <coachViewId>64.41e08fc8-a2ce-4e1d-a9f9-9dd767eff7de</coachViewId>
            <isList>false</isList>
            <propertyType>OBJECT</propertyType>
            <label>tw.resource.CAT.hideSplitCaseLBL</label>
            <classId>56f01b11-2631-47ae-acdd-75a5c2d4e9d2/12.83ff975e-8dbc-42e5-b738-fa8bc08274a2</classId>
            <processId isNull="true" />
            <actionflowId isNull="true" />
            <isAdaptive>false</isAdaptive>
            <seq>16</seq>
            <description>tw.resource.CAT.hideSplitCaseDOC</description>
            <groupName>tw.resource.CAT.commonOverflowMenuAppearance</groupName>
            <guid>8dfa62f7-b6c2-476f-ae2e-482d5dba49aa</guid>
            <versionId>fd8eefce-393c-4851-9702-8eab91a38791</versionId>
        </configOption>
        <configOption name="caseCustomActions">
            <lastModified isNull="true" />
            <lastModifiedBy isNull="true" />
            <tenantId isNull="true" />
            <coachViewConfigOptionId>66.3138e96d-d72f-4e8d-a5e8-1eda2cb78d2d</coachViewConfigOptionId>
            <coachViewId>64.41e08fc8-a2ce-4e1d-a9f9-9dd767eff7de</coachViewId>
            <isList>true</isList>
            <propertyType>OBJECT</propertyType>
            <label>tw.resource.CAT.customCaseActionsLBL</label>
            <classId>/12.f5400a5b-de85-4318-bc87-ba6d199d6b2f</classId>
            <processId isNull="true" />
            <actionflowId isNull="true" />
            <isAdaptive>false</isAdaptive>
            <seq>17</seq>
            <description>tw.resource.CAT.customCaseActionsDOC</description>
            <groupName></groupName>
            <guid>45cc3e6a-6e02-45d1-982d-e6b462db8649</guid>
            <versionId>5f6c577d-6058-4969-a5da-d309decac90a</versionId>
        </configOption>
        <dynamicStyle>
            <lastModified isNull="true" />
            <lastModifiedBy isNull="true" />
            <tenantId isNull="true" />
            <coachViewDynamicStyleId>73.6504e21d-683f-46c6-b9ee-1f369e65e950</coachViewDynamicStyleId>
            <coachViewId>64.41e08fc8-a2ce-4e1d-a9f9-9dd767eff7de</coachViewId>
            <filePath>case.less</filePath>
            <assetUuid>/61.2e649208-11dd-4f58-a4c9-53c91521b179</assetUuid>
            <seq>0</seq>
            <guid>21a8bb8f-504c-4e94-93f0-351fcf876254</guid>
            <versionId>ca70a23f-989e-4284-a7c6-cc17a1520647</versionId>
        </dynamicStyle>
        <dynamicStyle>
            <lastModified isNull="true" />
            <lastModifiedBy isNull="true" />
            <tenantId isNull="true" />
            <coachViewDynamicStyleId>73.9667f8dd-80db-4571-8ec7-f2b9dd3cabc2</coachViewDynamicStyleId>
            <coachViewId>64.41e08fc8-a2ce-4e1d-a9f9-9dd767eff7de</coachViewId>
            <filePath>bpmUI.less</filePath>
            <assetUuid>d7d6f0f8-7a7b-4bea-87e7-3bb66a2ad3a3/61.26865295-8511-4538-b8f1-4cb99c203a92</assetUuid>
            <seq>1</seq>
            <guid>76eb988f-b2c9-4ddc-b10c-1a01676d71fa</guid>
            <versionId>17dd25cf-2d16-4d5c-9fa0-f9013e1a20db</versionId>
        </dynamicStyle>
        <resource>
            <lastModified isNull="true" />
            <lastModifiedBy isNull="true" />
            <tenantId isNull="true" />
            <coachViewResourceId>67.da5374db-92e8-4f46-a15e-d9d440e9d431</coachViewResourceId>
            <coachViewId>64.41e08fc8-a2ce-4e1d-a9f9-9dd767eff7de</coachViewId>
            <filePath>Core.js</filePath>
            <ieCondition isNull="true" />
            <mediaQuery isNull="true" />
            <scriptLoadStyle isNull="true" />
            <assetUuid>/61.b9f2b5d6-21e2-48a0-a41a-5149ebe9db15</assetUuid>
            <seq>0</seq>
            <guid>d8e97619-06ba-4762-891c-69b51341abe9</guid>
            <versionId>e8420f74-2b10-4667-8651-75d3610f6846</versionId>
        </resource>
        <inlineScript name="Inline CSS">
            <lastModified isNull="true" />
            <lastModifiedBy isNull="true" />
            <tenantId isNull="true" />
            <coachViewInlineScriptId>68.4c38116f-b804-4aff-8444-29d50da6d8d9</coachViewInlineScriptId>
            <coachViewId>64.41e08fc8-a2ce-4e1d-a9f9-9dd767eff7de</coachViewId>
            <scriptType>CSS</scriptType>
            <scriptBlock></scriptBlock>
            <seq>0</seq>
            <description></description>
            <guid>c0261d89-7cf0-4e81-98ea-00069c2375ae</guid>
            <versionId>08559af4-d055-4835-9fd6-ea80be1752d0</versionId>
        </inlineScript>
        <inlineScript name="Inline Javascript">
            <lastModified isNull="true" />
            <lastModifiedBy isNull="true" />
            <tenantId isNull="true" />
            <coachViewInlineScriptId>68.98c53cba-279a-4b65-9a80-0079c4b61350</coachViewInlineScriptId>
            <coachViewId>64.41e08fc8-a2ce-4e1d-a9f9-9dd767eff7de</coachViewId>
            <scriptType>JS</scriptType>
            <scriptBlock>var fileName = 'Case-Control-CaseInformation.js';&#xD;
var path = (dojoConfig.isDebug === true) ?&#xD;
 	com_ibm_bpm_coach.getManagedAssetUrl(fileName, com_ibm_bpm_coach.assetType_WEB, 'SYSCT', false) :&#xD;
 	com_ibm_bpm_coach.getManagedAssetUrl('Case-Controls.min.js', com_ibm_bpm_coach.assetType_WEB, 'SYSCT', false);&#xD;
&#xD;
 	path = (dojoConfig.isDeveloperMode === true) ? "case/files/" + fileName : path;&#xD;
var _this = this;&#xD;
require({async:false},[path], function() {&#xD;
	case_control_InitCaseInformation.call(_this, utilities, taskUtils, wpResources, domConstruct, domClass);&#xD;
});&#xD;
</scriptBlock>
            <seq>1</seq>
            <description></description>
            <guid>de2a326e-e336-4ab6-b019-35b4ca1ab5af</guid>
            <versionId>5401c5b8-1121-477b-a7e9-647440a7bc54</versionId>
        </inlineScript>
        <localization>
            <lastModified isNull="true" />
            <lastModifiedBy isNull="true" />
            <tenantId isNull="true" />
            <coachViewLocalResId>69.28c8d239-688c-425f-9346-14e542a9be4c</coachViewLocalResId>
            <coachViewId>64.41e08fc8-a2ce-4e1d-a9f9-9dd767eff7de</coachViewId>
            <resourceBundleGroupId>d7d6f0f8-7a7b-4bea-87e7-3bb66a2ad3a3/50.f9a573ef-523f-4f0e-80c8-39285c07ddd4</resourceBundleGroupId>
            <seq>0</seq>
            <guid>18e42959-0d89-4261-bd1b-c44165cdd02e</guid>
            <versionId>57fd7523-32e5-407b-a036-7ff99da9cc27</versionId>
        </localization>
        <localization>
            <lastModified isNull="true" />
            <lastModifiedBy isNull="true" />
            <tenantId isNull="true" />
            <coachViewLocalResId>69.37ddb060-5d98-42d2-9691-2393f8ad19b5</coachViewLocalResId>
            <coachViewId>64.41e08fc8-a2ce-4e1d-a9f9-9dd767eff7de</coachViewId>
            <resourceBundleGroupId>/50.c4d6cc83-a000-4ae2-b2f5-d35d89f9c6ba</resourceBundleGroupId>
            <seq>1</seq>
            <guid>97ad447d-f60e-4936-b1ab-5d3fa9e25a20</guid>
            <versionId>8c8f2d5b-6931-474b-8cfe-cdee2c0b5d6c</versionId>
        </localization>
        <amdDependency>
            <lastModified isNull="true" />
            <lastModifiedBy isNull="true" />
            <tenantId isNull="true" />
            <coachViewAmdDepId>70.f13ed590-f2bd-47c9-a3f9-ce6be29a97b8</coachViewAmdDepId>
            <coachViewId>64.41e08fc8-a2ce-4e1d-a9f9-9dd767eff7de</coachViewId>
            <moduleId>com.ibm.bpm.coach.utils/utilities</moduleId>
            <functionArgument>utilities</functionArgument>
            <seq>0</seq>
            <guid>be0401d1-76ee-4b26-841a-2dcb5390aae9</guid>
            <versionId>9e41edcb-9b98-4822-9251-c2b54a9202ff</versionId>
        </amdDependency>
        <amdDependency>
            <lastModified isNull="true" />
            <lastModifiedBy isNull="true" />
            <tenantId isNull="true" />
            <coachViewAmdDepId>70.b1b72199-503d-4537-acb0-6f67d21ee2c4</coachViewAmdDepId>
            <coachViewId>64.41e08fc8-a2ce-4e1d-a9f9-9dd767eff7de</coachViewId>
            <moduleId>dojo/_base/array</moduleId>
            <functionArgument>array</functionArgument>
            <seq>1</seq>
            <guid>e0b75fe5-159b-454f-8922-5540ed60a4e1</guid>
            <versionId>2d7865b8-7a08-4ab2-91f2-9a8c727fb792</versionId>
        </amdDependency>
        <amdDependency>
            <lastModified isNull="true" />
            <lastModifiedBy isNull="true" />
            <tenantId isNull="true" />
            <coachViewAmdDepId>70.2b8830a5-aeff-4cb0-a60b-7b40e2408e65</coachViewAmdDepId>
            <coachViewId>64.41e08fc8-a2ce-4e1d-a9f9-9dd767eff7de</coachViewId>
            <moduleId>com.ibm.bpm.case.core/taskUtils</moduleId>
            <functionArgument>taskUtils</functionArgument>
            <seq>2</seq>
            <guid>a3c7bb32-9114-49ef-a3b6-7d1a52ef3272</guid>
            <versionId>8d599290-5185-4ed9-9bd8-382bd57c0806</versionId>
        </amdDependency>
        <amdDependency>
            <lastModified isNull="true" />
            <lastModifiedBy isNull="true" />
            <tenantId isNull="true" />
            <coachViewAmdDepId>70.f7935cb5-a61f-4c6f-9a26-d6948ab535f4</coachViewAmdDepId>
            <coachViewId>64.41e08fc8-a2ce-4e1d-a9f9-9dd767eff7de</coachViewId>
            <moduleId>com.ibm.bpm.case.resources</moduleId>
            <functionArgument>wpResources</functionArgument>
            <seq>3</seq>
            <guid>d5138abf-22ac-4cfe-94f4-d6c76f14b581</guid>
            <versionId>d0db3909-dd4d-4f2c-9686-49465b26b2b3</versionId>
        </amdDependency>
        <amdDependency>
            <lastModified isNull="true" />
            <lastModifiedBy isNull="true" />
            <tenantId isNull="true" />
            <coachViewAmdDepId>70.f4096565-dc18-400a-b258-8bf898749be2</coachViewAmdDepId>
            <coachViewId>64.41e08fc8-a2ce-4e1d-a9f9-9dd767eff7de</coachViewId>
            <moduleId>dojo/dom-construct</moduleId>
            <functionArgument>domConstruct</functionArgument>
            <seq>4</seq>
            <guid>5f58ae36-81be-4877-8bd4-7901d9072cb6</guid>
            <versionId>226043a7-a20c-45f7-b8c6-56be617fb520</versionId>
        </amdDependency>
        <amdDependency>
            <lastModified isNull="true" />
            <lastModifiedBy isNull="true" />
            <tenantId isNull="true" />
            <coachViewAmdDepId>70.58aed568-7e54-4aa4-a958-ddc23124ee2c</coachViewAmdDepId>
            <coachViewId>64.41e08fc8-a2ce-4e1d-a9f9-9dd767eff7de</coachViewId>
            <moduleId>dojo/dom-class</moduleId>
            <functionArgument>domClass</functionArgument>
            <seq>5</seq>
            <guid>1e0de48b-932b-459a-a708-98c3f899179d</guid>
            <versionId>fcb917af-8f2b-4a38-b8c9-6585d6cceef3</versionId>
        </amdDependency>
    </coachView>
</teamworks>

