<?xml version="1.0" encoding="UTF-8"?>
<teamworks>
    <coachView id="64.57662e3f-e798-416b-a578-eee72cf699dd" name="Case Instance Details Tempate">
        <lastModified>1666887347631</lastModified>
        <lastModifiedBy>tw_admin</lastModifiedBy>
        <tenantId isNull="true" />
        <coachViewId>64.57662e3f-e798-416b-a578-eee72cf699dd</coachViewId>
        <isTemplate>true</isTemplate>
        <layout>&lt;?xml version="1.0" encoding="UTF-8" standalone="yes"?&gt;&lt;ns2:layout xmlns:ns2="http://www.ibm.com/bpm/CoachDesignerNG" xmlns:ns3="http://www.ibm.com/bpm/coachview"&gt;&lt;ns2:layoutItem xsi:type="ns2:ViewRef" version="8550" xmlns:xsi="http://www.w3.org/2001/XMLSchema-instance"&gt;&lt;ns2:id&gt;91d2b68d-e1ff-4b2a-8331-bd6689cee556&lt;/ns2:id&gt;&lt;ns2:layoutItemId&gt;Case_Information&lt;/ns2:layoutItemId&gt;&lt;ns2:configData&gt;&lt;ns2:id&gt;46fdc018-f2ff-447b-8e12-0494f1da83fa&lt;/ns2:id&gt;&lt;ns2:optionName&gt;@label&lt;/ns2:optionName&gt;&lt;ns2:value&gt;Case Information&lt;/ns2:value&gt;&lt;/ns2:configData&gt;&lt;ns2:configData&gt;&lt;ns2:id&gt;6f04a2c1-e0f7-4efc-873c-a1f1186d171f&lt;/ns2:id&gt;&lt;ns2:optionName&gt;@helpText&lt;/ns2:optionName&gt;&lt;ns2:value&gt;&lt;/ns2:value&gt;&lt;/ns2:configData&gt;&lt;ns2:configData&gt;&lt;ns2:id&gt;4c230a46-87a5-45a7-83ae-e39057624fa6&lt;/ns2:id&gt;&lt;ns2:optionName&gt;@labelVisibility&lt;/ns2:optionName&gt;&lt;ns2:value&gt;SHOW&lt;/ns2:value&gt;&lt;/ns2:configData&gt;&lt;ns2:configData&gt;&lt;ns2:id&gt;15dc09a0-f920-4b45-89aa-44aa359aaeea&lt;/ns2:id&gt;&lt;ns2:optionName&gt;caseID&lt;/ns2:optionName&gt;&lt;ns2:value&gt;tw.options.caseId&lt;/ns2:value&gt;&lt;ns2:valueType&gt;dynamic&lt;/ns2:valueType&gt;&lt;/ns2:configData&gt;&lt;ns2:configData&gt;&lt;ns2:id&gt;4f619d86-a6b9-4db8-8047-41d3e873549d&lt;/ns2:id&gt;&lt;ns2:optionName&gt;tosName&lt;/ns2:optionName&gt;&lt;ns2:value&gt;tw.options.tosName&lt;/ns2:value&gt;&lt;ns2:valueType&gt;dynamic&lt;/ns2:valueType&gt;&lt;/ns2:configData&gt;&lt;ns2:configData&gt;&lt;ns2:id&gt;f08ca047-d8fc-4847-8253-c1541498409c&lt;/ns2:id&gt;&lt;ns2:optionName&gt;caseProperties&lt;/ns2:optionName&gt;&lt;ns2:value&gt;tw.options.caseProperties&lt;/ns2:value&gt;&lt;ns2:valueType&gt;dynamic&lt;/ns2:valueType&gt;&lt;/ns2:configData&gt;&lt;ns2:configData&gt;&lt;ns2:id&gt;76eed72e-f524-4eb7-8c30-9fffcddb0289&lt;/ns2:id&gt;&lt;ns2:optionName&gt;hideSplitCaseActionsMenu&lt;/ns2:optionName&gt;&lt;ns2:value&gt;tw.options.hideSplitCaseActionsMenu&lt;/ns2:value&gt;&lt;ns2:valueType&gt;dynamic&lt;/ns2:valueType&gt;&lt;/ns2:configData&gt;&lt;ns2:configData&gt;&lt;ns2:id&gt;78f708df-6649-4e36-8681-fdb0ad3c301b&lt;/ns2:id&gt;&lt;ns2:optionName&gt;showSplitCaseButton&lt;/ns2:optionName&gt;&lt;ns2:value&gt;tw.options.showSplitCaseButton&lt;/ns2:value&gt;&lt;ns2:valueType&gt;dynamic&lt;/ns2:valueType&gt;&lt;/ns2:configData&gt;&lt;ns2:configData&gt;&lt;ns2:id&gt;b18ce891-9dd0-4880-83c8-94df8894aead&lt;/ns2:id&gt;&lt;ns2:optionName&gt;isCaseClient&lt;/ns2:optionName&gt;&lt;ns2:value&gt;tw.options.isCaseClient&lt;/ns2:value&gt;&lt;ns2:valueType&gt;dynamic&lt;/ns2:valueType&gt;&lt;/ns2:configData&gt;&lt;ns2:configData&gt;&lt;ns2:id&gt;00368ba9-9829-470e-8c31-7d286bf6fdff&lt;/ns2:id&gt;&lt;ns2:optionName&gt;hideActionsMenu&lt;/ns2:optionName&gt;&lt;ns2:value&gt;tw.options.hideActionsMenu&lt;/ns2:value&gt;&lt;ns2:valueType&gt;dynamic&lt;/ns2:valueType&gt;&lt;/ns2:configData&gt;&lt;ns2:configData&gt;&lt;ns2:id&gt;f5c77834-7258-40c3-8de8-045405a9b5b4&lt;/ns2:id&gt;&lt;ns2:optionName&gt;customCaseActions&lt;/ns2:optionName&gt;&lt;ns2:value&gt;tw.options.customCaseActions[]&lt;/ns2:value&gt;&lt;ns2:valueType&gt;dynamic&lt;/ns2:valueType&gt;&lt;/ns2:configData&gt;&lt;ns2:configData&gt;&lt;ns2:id&gt;6b7c4013-a13e-4f30-82ef-8531a26a84a3&lt;/ns2:id&gt;&lt;ns2:optionName&gt;caseCustomActions&lt;/ns2:optionName&gt;&lt;ns2:value&gt;tw.options.caseCustomActions[]&lt;/ns2:value&gt;&lt;ns2:valueType&gt;dynamic&lt;/ns2:valueType&gt;&lt;/ns2:configData&gt;&lt;ns2:configData&gt;&lt;ns2:id&gt;a12f2dc6-e6d5-46c2-8b29-86d9d8b6b62a&lt;/ns2:id&gt;&lt;ns2:optionName&gt;hideRolePickerActionMenu&lt;/ns2:optionName&gt;&lt;ns2:value&gt;tw.options.hideRolePickerActionMenu&lt;/ns2:value&gt;&lt;ns2:valueType&gt;dynamic&lt;/ns2:valueType&gt;&lt;/ns2:configData&gt;&lt;ns2:configData&gt;&lt;ns2:id&gt;2d5b83bd-1fd5-4fd4-8d60-a09f252e5c8f&lt;/ns2:id&gt;&lt;ns2:optionName&gt;showRolePickerButton&lt;/ns2:optionName&gt;&lt;ns2:value&gt;tw.options.showRolePickerButton&lt;/ns2:value&gt;&lt;ns2:valueType&gt;dynamic&lt;/ns2:valueType&gt;&lt;/ns2:configData&gt;&lt;ns2:configData&gt;&lt;ns2:id&gt;f026a241-0684-4860-8ecb-1350c0cac131&lt;/ns2:id&gt;&lt;ns2:optionName&gt;hideSplitCaseButton&lt;/ns2:optionName&gt;&lt;ns2:value&gt;tw.options.hideSplitCaseButton&lt;/ns2:value&gt;&lt;ns2:valueType&gt;dynamic&lt;/ns2:valueType&gt;&lt;/ns2:configData&gt;&lt;ns2:configData&gt;&lt;ns2:id&gt;4f75e43c-8690-4194-89a5-66603280ec9b&lt;/ns2:id&gt;&lt;ns2:optionName&gt;colorStyle&lt;/ns2:optionName&gt;&lt;ns2:value&gt;tw.options.colorStyle&lt;/ns2:value&gt;&lt;ns2:valueType&gt;dynamic&lt;/ns2:valueType&gt;&lt;/ns2:configData&gt;&lt;ns2:configData&gt;&lt;ns2:id&gt;fad02e3b-9550-4578-875c-c9df77cbdddb&lt;/ns2:id&gt;&lt;ns2:optionName&gt;shapeStyle&lt;/ns2:optionName&gt;&lt;ns2:value&gt;tw.options.shapeStyle&lt;/ns2:value&gt;&lt;ns2:valueType&gt;dynamic&lt;/ns2:valueType&gt;&lt;/ns2:configData&gt;&lt;ns2:configData&gt;&lt;ns2:id&gt;8dce6e53-5d0b-4e15-88de-0070fd0fa491&lt;/ns2:id&gt;&lt;ns2:optionName&gt;sizeStyle&lt;/ns2:optionName&gt;&lt;ns2:value&gt;tw.options.sizeStyle&lt;/ns2:value&gt;&lt;ns2:valueType&gt;dynamic&lt;/ns2:valueType&gt;&lt;/ns2:configData&gt;&lt;ns2:configData&gt;&lt;ns2:id&gt;345c7348-939b-439e-8bfd-36d8efd9616f&lt;/ns2:id&gt;&lt;ns2:optionName&gt;outline&lt;/ns2:optionName&gt;&lt;ns2:value&gt;tw.options.outline&lt;/ns2:value&gt;&lt;ns2:valueType&gt;dynamic&lt;/ns2:valueType&gt;&lt;/ns2:configData&gt;&lt;ns2:configData&gt;&lt;ns2:id&gt;02516072-4d5c-46b3-883d-9a8e68afbc5b&lt;/ns2:id&gt;&lt;ns2:optionName&gt;icon&lt;/ns2:optionName&gt;&lt;ns2:value&gt;tw.options.icon&lt;/ns2:value&gt;&lt;ns2:valueType&gt;dynamic&lt;/ns2:valueType&gt;&lt;/ns2:configData&gt;&lt;ns2:configData&gt;&lt;ns2:id&gt;597bcb67-8c70-4995-8f43-70344a2b7c12&lt;/ns2:id&gt;&lt;ns2:optionName&gt;width&lt;/ns2:optionName&gt;&lt;ns2:value&gt;tw.options.width&lt;/ns2:value&gt;&lt;ns2:valueType&gt;dynamic&lt;/ns2:valueType&gt;&lt;/ns2:configData&gt;&lt;ns2:configData&gt;&lt;ns2:id&gt;75871b04-8887-46c1-89ec-a38978c4c593&lt;/ns2:id&gt;&lt;ns2:optionName&gt;iconLocation&lt;/ns2:optionName&gt;&lt;ns2:value&gt;tw.options.iconLocation&lt;/ns2:value&gt;&lt;ns2:valueType&gt;dynamic&lt;/ns2:valueType&gt;&lt;/ns2:configData&gt;&lt;ns2:configData&gt;&lt;ns2:id&gt;ba7db259-0e45-46b6-83e1-5f4fa76c9175&lt;/ns2:id&gt;&lt;ns2:optionName&gt;ghostMode&lt;/ns2:optionName&gt;&lt;ns2:value&gt;tw.options.ghostMode&lt;/ns2:value&gt;&lt;ns2:valueType&gt;dynamic&lt;/ns2:valueType&gt;&lt;/ns2:configData&gt;&lt;ns2:viewUUID&gt;64.41e08fc8-a2ce-4e1d-a9f9-9dd767eff7de&lt;/ns2:viewUUID&gt;&lt;ns2:binding&gt;tw.businessData.caseInstance&lt;/ns2:binding&gt;&lt;/ns2:layoutItem&gt;&lt;ns2:layoutItem xsi:type="ns2:ContentBox" version="8550" xmlns:xsi="http://www.w3.org/2001/XMLSchema-instance"&gt;&lt;ns2:id&gt;f701fc55-2332-4fd3-8521-95422dbff0f7&lt;/ns2:id&gt;&lt;ns2:layoutItemId&gt;ContentBox1&lt;/ns2:layoutItemId&gt;&lt;/ns2:layoutItem&gt;&lt;/ns2:layout&gt;</layout>
        <paletteIcon isNull="true" />
        <previewImage isNull="true" />
        <hasLabel>false</hasLabel>
        <labelPosition>0</labelPosition>
        <nineSliceX1Coord>0</nineSliceX1Coord>
        <nineSliceX2Coord>0</nineSliceX2Coord>
        <nineSliceY1Coord>0</nineSliceY1Coord>
        <nineSliceY2Coord>0</nineSliceY2Coord>
        <emitBoundary>false</emitBoundary>
        <isPrototypeFunc>false</isPrototypeFunc>
        <enableDevMode>false</enableDevMode>
        <isMobileReady>false</isMobileReady>
        <loadJsFunction isNull="true" />
        <unloadJsFunction isNull="true" />
        <viewJsFunction isNull="true" />
        <changeJsFunction isNull="true" />
        <collaborationJsFunction isNull="true" />
        <description></description>
        <validateJsFunction isNull="true" />
        <previewAdvHtml isNull="true" />
        <previewAdvJs isNull="true" />
        <useUrlBinding>false</useUrlBinding>
        <guid>guid:56e9d00bee681a60:-576e64d9:1744328aa88:-5fbb</guid>
        <versionId>1d93f3bd-bce4-4b2f-9476-9827479be22d</versionId>
        <field1 isNull="true" />
        <field2 isNull="true" />
        <field3>0</field3>
        <field4 isNull="true" />
        <field5>false</field5>
        <clobField1 isNull="true" />
        <bindingType name="caseInstance">
            <lastModified isNull="true" />
            <lastModifiedBy isNull="true" />
            <tenantId isNull="true" />
            <coachViewBindingTypeId>65.0355e6df-7fef-4385-a059-e78b59813df5</coachViewBindingTypeId>
            <coachViewId>64.57662e3f-e798-416b-a578-eee72cf699dd</coachViewId>
            <isList>false</isList>
            <classId>/12.260b373a-d1b2-4297-9dda-6fd159884549</classId>
            <seq>0</seq>
            <description isNull="true" />
            <guid>8eb712d9-9cba-499b-9c89-ff93b7ffc6e6</guid>
            <versionId>443ef494-23dc-439e-a345-b5c84bd31860</versionId>
        </bindingType>
        <configOption name="caseId">
            <lastModified isNull="true" />
            <lastModifiedBy isNull="true" />
            <tenantId isNull="true" />
            <coachViewConfigOptionId>66.0342877a-aeac-4dd4-90aa-443e0a9b959d</coachViewConfigOptionId>
            <coachViewId>64.57662e3f-e798-416b-a578-eee72cf699dd</coachViewId>
            <isList>false</isList>
            <propertyType>OBJECT</propertyType>
            <label>tw.resource.CAT.caseIdLBL</label>
            <classId>56f01b11-2631-47ae-acdd-75a5c2d4e9d2/12.db884a3c-c533-44b7-bb2d-47bec8ad4022</classId>
            <processId isNull="true" />
            <actionflowId isNull="true" />
            <isAdaptive>false</isAdaptive>
            <seq>0</seq>
            <description>tw.resource.CAT.caseIdentifierDOC</description>
            <groupName></groupName>
            <guid>b30474ad-4e84-4d28-99b7-54405c8c3c86</guid>
            <versionId>3fc728df-74d8-42c7-a34a-8cba3d6f8b97</versionId>
        </configOption>
        <configOption name="tosName">
            <lastModified isNull="true" />
            <lastModifiedBy isNull="true" />
            <tenantId isNull="true" />
            <coachViewConfigOptionId>66.4fceced2-0593-48bc-aebc-f904588d1da6</coachViewConfigOptionId>
            <coachViewId>64.57662e3f-e798-416b-a578-eee72cf699dd</coachViewId>
            <isList>false</isList>
            <propertyType>OBJECT</propertyType>
            <label>tw.resource.CAT.tosNameLBL</label>
            <classId>56f01b11-2631-47ae-acdd-75a5c2d4e9d2/12.db884a3c-c533-44b7-bb2d-47bec8ad4022</classId>
            <processId isNull="true" />
            <actionflowId isNull="true" />
            <isAdaptive>false</isAdaptive>
            <seq>1</seq>
            <description>tw.resource.CAT.tosNameDOC</description>
            <groupName></groupName>
            <guid>ebd086af-7729-4da6-b8ad-e36a80226a36</guid>
            <versionId>759e5e73-7e0b-4c07-9a33-b0eda8906c79</versionId>
        </configOption>
        <configOption name="isCaseClient">
            <lastModified isNull="true" />
            <lastModifiedBy isNull="true" />
            <tenantId isNull="true" />
            <coachViewConfigOptionId>66.dd272590-badc-49ff-ae73-9699001a277f</coachViewConfigOptionId>
            <coachViewId>64.57662e3f-e798-416b-a578-eee72cf699dd</coachViewId>
            <isList>false</isList>
            <propertyType>OBJECT</propertyType>
            <label>tw.resource.CAT.isCaseClientLBL</label>
            <classId>56f01b11-2631-47ae-acdd-75a5c2d4e9d2/12.83ff975e-8dbc-42e5-b738-fa8bc08274a2</classId>
            <processId isNull="true" />
            <actionflowId isNull="true" />
            <isAdaptive>false</isAdaptive>
            <seq>2</seq>
            <description>tw.resource.CAT.isCaseClientDOC</description>
            <groupName></groupName>
            <guid>0db000a1-576b-4221-8373-fa061ec46fc1</guid>
            <versionId>a90da2ad-b783-4060-9028-e6c406e1689d</versionId>
        </configOption>
        <configOption name="caseProperties">
            <lastModified isNull="true" />
            <lastModifiedBy isNull="true" />
            <tenantId isNull="true" />
            <coachViewConfigOptionId>66.8131a6ff-75af-4eda-889c-0fc74a5d630b</coachViewConfigOptionId>
            <coachViewId>64.57662e3f-e798-416b-a578-eee72cf699dd</coachViewId>
            <isList>false</isList>
            <propertyType>OBJECT</propertyType>
            <label></label>
            <classId>56f01b11-2631-47ae-acdd-75a5c2d4e9d2/12.c09c9b6e-aabd-4897-bef2-ed61db106297</classId>
            <processId isNull="true" />
            <actionflowId isNull="true" />
            <isAdaptive>false</isAdaptive>
            <seq>3</seq>
            <description></description>
            <groupName></groupName>
            <guid>df67a778-fb0a-4898-98fa-47dc4b044711</guid>
            <versionId>7e5c8a27-723d-4b0f-8ae7-95e6f6bcab64</versionId>
        </configOption>
        <configOption name="showRolePickerButton">
            <lastModified isNull="true" />
            <lastModifiedBy isNull="true" />
            <tenantId isNull="true" />
            <coachViewConfigOptionId>66.985e37a9-a28a-4844-8190-382e48af2b91</coachViewConfigOptionId>
            <coachViewId>64.57662e3f-e798-416b-a578-eee72cf699dd</coachViewId>
            <isList>false</isList>
            <propertyType>OBJECT</propertyType>
            <label>tw.resource.CAT.showRolePickerLBL</label>
            <classId>56f01b11-2631-47ae-acdd-75a5c2d4e9d2/12.83ff975e-8dbc-42e5-b738-fa8bc08274a2</classId>
            <processId isNull="true" />
            <actionflowId isNull="true" />
            <isAdaptive>false</isAdaptive>
            <seq>4</seq>
            <description>tw.resource.CAT.showRolePickerDOC</description>
            <groupName></groupName>
            <guid>9b8bdc06-7c92-4a3b-9383-d3dcc36aed47</guid>
            <versionId>288f2790-d0f3-497f-b20b-ed3f40bb0688</versionId>
        </configOption>
        <configOption name="hideSplitCaseButton">
            <lastModified isNull="true" />
            <lastModifiedBy isNull="true" />
            <tenantId isNull="true" />
            <coachViewConfigOptionId>66.3666ae7b-96a9-45a0-bc89-33d312ef74a8</coachViewConfigOptionId>
            <coachViewId>64.57662e3f-e798-416b-a578-eee72cf699dd</coachViewId>
            <isList>false</isList>
            <propertyType>OBJECT</propertyType>
            <label>tw.resource.CAT.hideSplitCaseButtonLBL</label>
            <classId>56f01b11-2631-47ae-acdd-75a5c2d4e9d2/12.83ff975e-8dbc-42e5-b738-fa8bc08274a2</classId>
            <processId isNull="true" />
            <actionflowId isNull="true" />
            <isAdaptive>false</isAdaptive>
            <seq>5</seq>
            <description>tw.resource.CAT.hideSplitCaseButtonDOC</description>
            <groupName>tw.resource.CAT.commonSplitCaseGroupAppearance</groupName>
            <guid>guid:3666ae7b-96a9-45a0-bc89-33d312ef74a8</guid>
            <versionId>f874524c-18dc-45d4-98c7-e3027438485c</versionId>
        </configOption>
        <configOption name="colorStyle">
            <lastModified isNull="true" />
            <lastModifiedBy isNull="true" />
            <tenantId isNull="true" />
            <coachViewConfigOptionId>66.b7a810ff-1910-4d5f-b772-89a99c9e3327</coachViewConfigOptionId>
            <coachViewId>64.57662e3f-e798-416b-a578-eee72cf699dd</coachViewId>
            <isList>false</isList>
            <propertyType>OBJECT</propertyType>
            <label>tw.resource.BPMUI.ButtonLBLcolorStyle</label>
            <classId>d7d6f0f8-7a7b-4bea-87e7-3bb66a2ad3a3/12.94510c84-2ee1-4487-a1df-006aac6f1918</classId>
            <processId isNull="true" />
            <actionflowId isNull="true" />
            <isAdaptive>false</isAdaptive>
            <seq>6</seq>
            <description>tw.resource.BPMUI.ButtonDOCcolorStyle</description>
            <groupName>tw.resource.CAT.commonSplitCaseGroupAppearance</groupName>
            <guid>guid:b7a810ff-1910-4d5f-b772-89a99c9e3327</guid>
            <versionId>e91a945e-3c35-44f1-8dee-59d689a95b56</versionId>
        </configOption>
        <configOption name="shapeStyle">
            <lastModified isNull="true" />
            <lastModifiedBy isNull="true" />
            <tenantId isNull="true" />
            <coachViewConfigOptionId>66.054490b8-d746-4952-a17b-06aefc921ac1</coachViewConfigOptionId>
            <coachViewId>64.57662e3f-e798-416b-a578-eee72cf699dd</coachViewId>
            <isList>false</isList>
            <propertyType>OBJECT</propertyType>
            <label>tw.resource.BPMUI.ButtonLBLshapeStyle</label>
            <classId>d7d6f0f8-7a7b-4bea-87e7-3bb66a2ad3a3/12.203ff638-a153-4d69-8b87-d9ea008a55a3</classId>
            <processId isNull="true" />
            <actionflowId isNull="true" />
            <isAdaptive>false</isAdaptive>
            <seq>7</seq>
            <description>tw.resource.BPMUI.ButtonDOCshapeStyle</description>
            <groupName>tw.resource.CAT.commonSplitCaseGroupAppearance</groupName>
            <guid>guid:054490b8-d746-4952-a17b-06aefc921ac1</guid>
            <versionId>bf8c653d-ab99-4471-9db7-d777ff0a240f</versionId>
        </configOption>
        <configOption name="sizeStyle">
            <lastModified isNull="true" />
            <lastModifiedBy isNull="true" />
            <tenantId isNull="true" />
            <coachViewConfigOptionId>66.75c71fbe-4364-4afb-a3d8-699d7d64fb55</coachViewConfigOptionId>
            <coachViewId>64.57662e3f-e798-416b-a578-eee72cf699dd</coachViewId>
            <isList>false</isList>
            <propertyType>OBJECT</propertyType>
            <label>tw.resource.BPMUI.ButtonLBLsizeStyle</label>
            <classId>d7d6f0f8-7a7b-4bea-87e7-3bb66a2ad3a3/12.6350f376-b985-4eb6-835e-25b425fc6936</classId>
            <processId isNull="true" />
            <actionflowId isNull="true" />
            <isAdaptive>false</isAdaptive>
            <seq>8</seq>
            <description>tw.resource.BPMUI.ButtonDOCsizeStyle</description>
            <groupName>tw.resource.CAT.commonSplitCaseGroupAppearance</groupName>
            <guid>guid:75c71fbe-4364-4afb-a3d8-699d7d64fb55</guid>
            <versionId>18554713-8eca-4152-8680-cfddf041a5af</versionId>
        </configOption>
        <configOption name="outline">
            <lastModified isNull="true" />
            <lastModifiedBy isNull="true" />
            <tenantId isNull="true" />
            <coachViewConfigOptionId>66.7cc4bb80-b837-4c26-91d3-a75d220c785a</coachViewConfigOptionId>
            <coachViewId>64.57662e3f-e798-416b-a578-eee72cf699dd</coachViewId>
            <isList>false</isList>
            <propertyType>OBJECT</propertyType>
            <label>tw.resource.BPMUI.ButtonLBLoutline</label>
            <classId>56f01b11-2631-47ae-acdd-75a5c2d4e9d2/12.83ff975e-8dbc-42e5-b738-fa8bc08274a2</classId>
            <processId isNull="true" />
            <actionflowId isNull="true" />
            <isAdaptive>false</isAdaptive>
            <seq>9</seq>
            <description>tw.resource.BPMUI.ButtonDOCoutline</description>
            <groupName>tw.resource.CAT.commonSplitCaseGroupAppearance</groupName>
            <guid>guid:7cc4bb80-b837-4c26-91d3-a75d220c785a</guid>
            <versionId>4a1a5cdd-3a66-4416-bece-aa88716d24fe</versionId>
        </configOption>
        <configOption name="icon">
            <lastModified isNull="true" />
            <lastModifiedBy isNull="true" />
            <tenantId isNull="true" />
            <coachViewConfigOptionId>66.3e76667d-9214-4d11-a6d4-2a2da481b564</coachViewConfigOptionId>
            <coachViewId>64.57662e3f-e798-416b-a578-eee72cf699dd</coachViewId>
            <isList>false</isList>
            <propertyType>OBJECT</propertyType>
            <label>tw.resource.BPMUI.ButtonLBLicon</label>
            <classId>56f01b11-2631-47ae-acdd-75a5c2d4e9d2/12.db884a3c-c533-44b7-bb2d-47bec8ad4022</classId>
            <processId isNull="true" />
            <actionflowId isNull="true" />
            <isAdaptive>false</isAdaptive>
            <seq>10</seq>
            <description>tw.resource.BPMUI.ButtonDOCicon</description>
            <groupName>tw.resource.CAT.commonSplitCaseGroupAppearance</groupName>
            <guid>guid:3e76667d-9214-4d11-a6d4-2a2da481b564</guid>
            <versionId>53ee1300-4c13-4b99-bb54-56a6afbd29f6</versionId>
        </configOption>
        <configOption name="width">
            <lastModified isNull="true" />
            <lastModifiedBy isNull="true" />
            <tenantId isNull="true" />
            <coachViewConfigOptionId>66.b9f8189f-a152-48ce-8efc-0d07297e8845</coachViewConfigOptionId>
            <coachViewId>64.57662e3f-e798-416b-a578-eee72cf699dd</coachViewId>
            <isList>false</isList>
            <propertyType>OBJECT</propertyType>
            <label>tw.resource.BPMUI.ButtonLBLwidth</label>
            <classId>56f01b11-2631-47ae-acdd-75a5c2d4e9d2/12.db884a3c-c533-44b7-bb2d-47bec8ad4022</classId>
            <processId isNull="true" />
            <actionflowId isNull="true" />
            <isAdaptive>false</isAdaptive>
            <seq>11</seq>
            <description>tw.resource.BPMUI.ButtonDOCwidth</description>
            <groupName>tw.resource.CAT.commonSplitCaseGroupAppearance</groupName>
            <guid>guid:b9f8189f-a152-48ce-8efc-0d07297e8845</guid>
            <versionId>99fff9ba-9dfb-4f3b-9204-6612a4dbed80</versionId>
        </configOption>
        <configOption name="ghostMode">
            <lastModified isNull="true" />
            <lastModifiedBy isNull="true" />
            <tenantId isNull="true" />
            <coachViewConfigOptionId>66.0a5fc971-e87c-4e25-86cf-4cbbc0c229bf</coachViewConfigOptionId>
            <coachViewId>64.57662e3f-e798-416b-a578-eee72cf699dd</coachViewId>
            <isList>false</isList>
            <propertyType>OBJECT</propertyType>
            <label>tw.resource.BPMUI.ButtonLBLghostMode</label>
            <classId>56f01b11-2631-47ae-acdd-75a5c2d4e9d2/12.83ff975e-8dbc-42e5-b738-fa8bc08274a2</classId>
            <processId isNull="true" />
            <actionflowId isNull="true" />
            <isAdaptive>false</isAdaptive>
            <seq>12</seq>
            <description>tw.resource.BPMUI.ButtonDOCghostMode</description>
            <groupName>tw.resource.CAT.commonSplitCaseGroupAppearance</groupName>
            <guid>guid:0a5fc971-e87c-4e25-86cf-4cbbc0c229bf</guid>
            <versionId>5258e1e8-8341-435d-8ef0-59d2f166c12f</versionId>
        </configOption>
        <configOption name="hideActionsMenu">
            <lastModified isNull="true" />
            <lastModifiedBy isNull="true" />
            <tenantId isNull="true" />
            <coachViewConfigOptionId>66.aafe54d7-b14e-467a-8c33-69cc2049c93f</coachViewConfigOptionId>
            <coachViewId>64.57662e3f-e798-416b-a578-eee72cf699dd</coachViewId>
            <isList>false</isList>
            <propertyType>OBJECT</propertyType>
            <label>tw.resource.CAT.hideCaseActionsMenu</label>
            <classId>56f01b11-2631-47ae-acdd-75a5c2d4e9d2/12.83ff975e-8dbc-42e5-b738-fa8bc08274a2</classId>
            <processId isNull="true" />
            <actionflowId isNull="true" />
            <isAdaptive>false</isAdaptive>
            <seq>13</seq>
            <description>tw.resource.CAT.hideCaseActionsMenuDOC</description>
            <groupName>tw.resource.CAT.commonOverflowMenuAppearance</groupName>
            <guid>5503dca6-83b9-4f85-ad2c-44a86cc76dd3</guid>
            <versionId>4b26819a-e66d-459d-a0b2-0d322ca978a9</versionId>
        </configOption>
        <configOption name="hideRolePickerActionMenu">
            <lastModified isNull="true" />
            <lastModifiedBy isNull="true" />
            <tenantId isNull="true" />
            <coachViewConfigOptionId>66.ce3862d9-606b-4b31-88a5-4d57ddcacda5</coachViewConfigOptionId>
            <coachViewId>64.57662e3f-e798-416b-a578-eee72cf699dd</coachViewId>
            <isList>false</isList>
            <propertyType>OBJECT</propertyType>
            <label>tw.resource.CAT.hideSwitchRolesLBL</label>
            <classId>56f01b11-2631-47ae-acdd-75a5c2d4e9d2/12.83ff975e-8dbc-42e5-b738-fa8bc08274a2</classId>
            <processId isNull="true" />
            <actionflowId isNull="true" />
            <isAdaptive>false</isAdaptive>
            <seq>14</seq>
            <description>tw.resource.CAT.hideSwitchRolesDOC</description>
            <groupName>tw.resource.CAT.commonOverflowMenuAppearance</groupName>
            <guid>d8a8edb9-2724-4863-81c7-112c2ab61999</guid>
            <versionId>503ea607-d13b-4a5b-b94c-aa357123f629</versionId>
        </configOption>
        <configOption name="hideSplitCaseActionsMenu">
            <lastModified isNull="true" />
            <lastModifiedBy isNull="true" />
            <tenantId isNull="true" />
            <coachViewConfigOptionId>66.afd5b9a3-c652-4156-8dfd-6842e74f7167</coachViewConfigOptionId>
            <coachViewId>64.57662e3f-e798-416b-a578-eee72cf699dd</coachViewId>
            <isList>false</isList>
            <propertyType>OBJECT</propertyType>
            <label>tw.resource.CAT.hideSplitCaseLBL</label>
            <classId>56f01b11-2631-47ae-acdd-75a5c2d4e9d2/12.83ff975e-8dbc-42e5-b738-fa8bc08274a2</classId>
            <processId isNull="true" />
            <actionflowId isNull="true" />
            <isAdaptive>false</isAdaptive>
            <seq>15</seq>
            <description>tw.resource.CAT.hideSplitCaseDOC</description>
            <groupName>tw.resource.CAT.commonOverflowMenuAppearance</groupName>
            <guid>22469d24-8adc-482d-8269-3a31a5e6261d</guid>
            <versionId>b339ca96-e284-46cd-895f-e8fedec7db64</versionId>
        </configOption>
        <configOption name="caseCustomActions">
            <lastModified isNull="true" />
            <lastModifiedBy isNull="true" />
            <tenantId isNull="true" />
            <coachViewConfigOptionId>66.19b45df6-b271-4778-8882-9d390393b66b</coachViewConfigOptionId>
            <coachViewId>64.57662e3f-e798-416b-a578-eee72cf699dd</coachViewId>
            <isList>true</isList>
            <propertyType>OBJECT</propertyType>
            <label>tw.resource.CAT.customCaseActionsLBL</label>
            <classId>/12.f5400a5b-de85-4318-bc87-ba6d199d6b2f</classId>
            <processId isNull="true" />
            <actionflowId isNull="true" />
            <isAdaptive>false</isAdaptive>
            <seq>16</seq>
            <description>tw.resource.CAT.customCaseActionsDOC</description>
            <groupName></groupName>
            <guid>a71bf545-9759-419c-9f8c-90ae03e6a9e4</guid>
            <versionId>fd0fd489-d2d4-488a-b22e-dd54f1996fc2</versionId>
        </configOption>
        <dynamicStyle>
            <lastModified isNull="true" />
            <lastModifiedBy isNull="true" />
            <tenantId isNull="true" />
            <coachViewDynamicStyleId>73.73a0ff1b-29b4-4edb-83d2-ca20ac93d544</coachViewDynamicStyleId>
            <coachViewId>64.57662e3f-e798-416b-a578-eee72cf699dd</coachViewId>
            <filePath>case.less</filePath>
            <assetUuid>/61.2e649208-11dd-4f58-a4c9-53c91521b179</assetUuid>
            <seq>0</seq>
            <guid>6e4ea566-60fd-49ab-b241-2e79257bbeee</guid>
            <versionId>a0b97c2c-d1c2-479f-bbeb-4b8220dc0407</versionId>
        </dynamicStyle>
        <dynamicStyle>
            <lastModified isNull="true" />
            <lastModifiedBy isNull="true" />
            <tenantId isNull="true" />
            <coachViewDynamicStyleId>73.db85a025-b048-4a2c-990d-fde15c2f2453</coachViewDynamicStyleId>
            <coachViewId>64.57662e3f-e798-416b-a578-eee72cf699dd</coachViewId>
            <filePath>bpmUI.less</filePath>
            <assetUuid>d7d6f0f8-7a7b-4bea-87e7-3bb66a2ad3a3/61.26865295-8511-4538-b8f1-4cb99c203a92</assetUuid>
            <seq>1</seq>
            <guid>17851f42-4ebd-47c9-a572-c9135327e118</guid>
            <versionId>b4c415d9-d186-46d8-90f5-befa25cec7bb</versionId>
        </dynamicStyle>
        <resource>
            <lastModified isNull="true" />
            <lastModifiedBy isNull="true" />
            <tenantId isNull="true" />
            <coachViewResourceId>67.cfaf31cd-6a51-430f-a34c-a73c32192d43</coachViewResourceId>
            <coachViewId>64.57662e3f-e798-416b-a578-eee72cf699dd</coachViewId>
            <filePath>Core.js</filePath>
            <ieCondition></ieCondition>
            <mediaQuery></mediaQuery>
            <scriptLoadStyle isNull="true" />
            <assetUuid>/61.b9f2b5d6-21e2-48a0-a41a-5149ebe9db15</assetUuid>
            <seq>0</seq>
            <guid>ff6dc66d-cc1e-4afd-b7f3-777c73cecad7</guid>
            <versionId>5ed97c2e-4815-4db9-b106-3de194ae558d</versionId>
        </resource>
        <inlineScript name="Inline Javascript">
            <lastModified isNull="true" />
            <lastModifiedBy isNull="true" />
            <tenantId isNull="true" />
            <coachViewInlineScriptId>68.d64ad7d9-2896-4e7a-a487-0457162e3a8b</coachViewInlineScriptId>
            <coachViewId>64.57662e3f-e798-416b-a578-eee72cf699dd</coachViewId>
            <scriptType>JS</scriptType>
            <scriptBlock>var fileName = 'Case-Control-CaseTemplate.js';&#xD;
var path = (dojoConfig.isDebug === true) ?&#xD;
 	com_ibm_bpm_coach.getManagedAssetUrl(fileName, com_ibm_bpm_coach.assetType_WEB, 'SYSCT', false) :&#xD;
 	com_ibm_bpm_coach.getManagedAssetUrl('Case-Controls.min.js', com_ibm_bpm_coach.assetType_WEB, 'SYSCT', false);&#xD;
&#xD;
 	path = (dojoConfig.isDeveloperMode === true) ? "case/files/" + fileName : path;&#xD;
var _this = this;&#xD;
require({async:false},[path], function() {&#xD;
	case_control_InitCaseTemplate.call(_this, utilities, taskUtils, wpResources, domAttr, domClass);&#xD;
});&#xD;
</scriptBlock>
            <seq>0</seq>
            <description></description>
            <guid>4195ef0e-92a4-46eb-98ab-018a0c915fe2</guid>
            <versionId>937fbbfb-5e1f-4e64-9415-69a58f48b638</versionId>
        </inlineScript>
        <localization>
            <lastModified isNull="true" />
            <lastModifiedBy isNull="true" />
            <tenantId isNull="true" />
            <coachViewLocalResId>69.9ec4bd2b-8a4c-4e65-8817-20f874f6bcd7</coachViewLocalResId>
            <coachViewId>64.57662e3f-e798-416b-a578-eee72cf699dd</coachViewId>
            <resourceBundleGroupId>d7d6f0f8-7a7b-4bea-87e7-3bb66a2ad3a3/50.f9a573ef-523f-4f0e-80c8-39285c07ddd4</resourceBundleGroupId>
            <seq>0</seq>
            <guid>166ed57d-7f6d-464c-b790-ff87ca687f31</guid>
            <versionId>84f467c3-ae9a-492c-97dc-29c2adf0f280</versionId>
        </localization>
        <localization>
            <lastModified isNull="true" />
            <lastModifiedBy isNull="true" />
            <tenantId isNull="true" />
            <coachViewLocalResId>69.0be676c2-4b17-49c9-9a24-121a69f3a871</coachViewLocalResId>
            <coachViewId>64.57662e3f-e798-416b-a578-eee72cf699dd</coachViewId>
            <resourceBundleGroupId>/50.c4d6cc83-a000-4ae2-b2f5-d35d89f9c6ba</resourceBundleGroupId>
            <seq>1</seq>
            <guid>c10adeac-b95f-4c05-be34-1dd1fe3a455c</guid>
            <versionId>a9f0a8a5-2419-4ec2-8dc0-dfcb0717b6db</versionId>
        </localization>
        <amdDependency>
            <lastModified isNull="true" />
            <lastModifiedBy isNull="true" />
            <tenantId isNull="true" />
            <coachViewAmdDepId>70.56ccba72-98b7-4e85-885d-030bc673e26b</coachViewAmdDepId>
            <coachViewId>64.57662e3f-e798-416b-a578-eee72cf699dd</coachViewId>
            <moduleId>com.ibm.bpm.coach.utils/utilities</moduleId>
            <functionArgument>utilities</functionArgument>
            <seq>0</seq>
            <guid>0adbd907-4688-4336-a420-e347cd61677c</guid>
            <versionId>27da61f2-3ee5-4059-a09b-2f3d03938172</versionId>
        </amdDependency>
        <amdDependency>
            <lastModified isNull="true" />
            <lastModifiedBy isNull="true" />
            <tenantId isNull="true" />
            <coachViewAmdDepId>70.329549f9-6d13-4a05-be59-8f16d2e3720e</coachViewAmdDepId>
            <coachViewId>64.57662e3f-e798-416b-a578-eee72cf699dd</coachViewId>
            <moduleId>dojo/_base/array</moduleId>
            <functionArgument>array</functionArgument>
            <seq>1</seq>
            <guid>ac568028-f44b-44f8-aefa-44f4aaf657c0</guid>
            <versionId>19ebcd9f-b0da-4dd1-bdb8-7acf7d5a878f</versionId>
        </amdDependency>
        <amdDependency>
            <lastModified isNull="true" />
            <lastModifiedBy isNull="true" />
            <tenantId isNull="true" />
            <coachViewAmdDepId>70.60f226b7-b995-4787-9a17-4e81c79c8b0d</coachViewAmdDepId>
            <coachViewId>64.57662e3f-e798-416b-a578-eee72cf699dd</coachViewId>
            <moduleId>com.ibm.bpm.case.core/taskUtils</moduleId>
            <functionArgument>taskUtils</functionArgument>
            <seq>2</seq>
            <guid>9fb33238-267e-4db9-a804-3a1c67b85eca</guid>
            <versionId>4c6380b2-32aa-48fb-add4-4274e684e749</versionId>
        </amdDependency>
        <amdDependency>
            <lastModified isNull="true" />
            <lastModifiedBy isNull="true" />
            <tenantId isNull="true" />
            <coachViewAmdDepId>70.6400a95d-cb82-407d-af1b-1535cf5e7d03</coachViewAmdDepId>
            <coachViewId>64.57662e3f-e798-416b-a578-eee72cf699dd</coachViewId>
            <moduleId>com.ibm.bpm.case.resources</moduleId>
            <functionArgument>wpResources</functionArgument>
            <seq>3</seq>
            <guid>92f660bc-2d83-4512-9fcf-4eb7058133c7</guid>
            <versionId>f8336071-861e-4dad-945c-77fb81abf950</versionId>
        </amdDependency>
        <amdDependency>
            <lastModified isNull="true" />
            <lastModifiedBy isNull="true" />
            <tenantId isNull="true" />
            <coachViewAmdDepId>70.41e8936b-59c2-4295-8b3d-0b55a4d0f203</coachViewAmdDepId>
            <coachViewId>64.57662e3f-e798-416b-a578-eee72cf699dd</coachViewId>
            <moduleId>dojo/dom-attr</moduleId>
            <functionArgument>domAttr</functionArgument>
            <seq>4</seq>
            <guid>9e104301-2b05-49ac-bd14-d61653968096</guid>
            <versionId>6010d76a-ed03-4e14-a3c7-dc660460e107</versionId>
        </amdDependency>
        <amdDependency>
            <lastModified isNull="true" />
            <lastModifiedBy isNull="true" />
            <tenantId isNull="true" />
            <coachViewAmdDepId>70.1a593c82-c4a7-413e-b4a5-de5947262dbf</coachViewAmdDepId>
            <coachViewId>64.57662e3f-e798-416b-a578-eee72cf699dd</coachViewId>
            <moduleId>dojo/dom-class</moduleId>
            <functionArgument>domClass</functionArgument>
            <seq>5</seq>
            <guid>a6cd5db4-d31e-48c4-9dd9-bd14dc1f99f8</guid>
            <versionId>8fcbda91-5bad-4153-81da-ddc477236e48</versionId>
        </amdDependency>
    </coachView>
</teamworks>

