<?xml version="1.0" encoding="UTF-8"?>
<teamworks>
    <coachView id="64.86b875d6-7c2c-4da7-8e3e-ae61d6640ad2" name="Case Property">
        <lastModified>1636712176530</lastModified>
        <lastModifiedBy>tw_admin</lastModifiedBy>
        <tenantId isNull="true" />
        <coachViewId>64.86b875d6-7c2c-4da7-8e3e-ae61d6640ad2</coachViewId>
        <isTemplate>false</isTemplate>
        <layout>&lt;?xml version="1.0" encoding="UTF-8" standalone="yes"?&gt;&lt;ns2:layout xmlns:ns2="http://www.ibm.com/bpm/CoachDesignerNG" xmlns:ns3="http://www.ibm.com/bpm/coachview"&gt;&lt;ns2:layoutItem xsi:type="ns2:ViewRef" version="8550" xmlns:xsi="http://www.w3.org/2001/XMLSchema-instance"&gt;&lt;ns2:id&gt;21191042-2bb9-4ba3-8a8d-fe40d25e8da6&lt;/ns2:id&gt;&lt;ns2:layoutItemId&gt;Property_Stack&lt;/ns2:layoutItemId&gt;&lt;ns2:configData&gt;&lt;ns2:id&gt;9bce68c6-1956-40a1-8d98-8c1e2334e934&lt;/ns2:id&gt;&lt;ns2:optionName&gt;@label&lt;/ns2:optionName&gt;&lt;ns2:value&gt;Stack&lt;/ns2:value&gt;&lt;/ns2:configData&gt;&lt;ns2:configData&gt;&lt;ns2:id&gt;533397f3-4040-4460-8dab-961dc96d2329&lt;/ns2:id&gt;&lt;ns2:optionName&gt;@helpText&lt;/ns2:optionName&gt;&lt;ns2:value&gt;&lt;/ns2:value&gt;&lt;/ns2:configData&gt;&lt;ns2:configData&gt;&lt;ns2:id&gt;2553b1e3-8c32-44c0-84b4-599bd6232a7d&lt;/ns2:id&gt;&lt;ns2:optionName&gt;@labelVisibility&lt;/ns2:optionName&gt;&lt;ns2:value&gt;SHOW&lt;/ns2:value&gt;&lt;/ns2:configData&gt;&lt;ns2:configData&gt;&lt;ns2:id&gt;33ac4e96-603d-441f-8d0a-909d2dd84ea1&lt;/ns2:id&gt;&lt;ns2:optionName&gt;defaultPaneIdx&lt;/ns2:optionName&gt;&lt;ns2:value&gt;-1&lt;/ns2:value&gt;&lt;/ns2:configData&gt;&lt;ns2:configData&gt;&lt;ns2:id&gt;eceb0409-a66b-43b9-827f-50b151abf7cb&lt;/ns2:id&gt;&lt;ns2:optionName&gt;@margin&lt;/ns2:optionName&gt;&lt;ns2:value&gt;{"isResponsiveData":true,"values":[{"deviceConfigID":"LargeID","value":"0px 0px 5px 0px !important"}]}&lt;/ns2:value&gt;&lt;/ns2:configData&gt;&lt;ns2:viewUUID&gt;64.05d9d0b5-0423-4ab6-b16c-e3554dfaf4a6&lt;/ns2:viewUUID&gt;&lt;ns2:contentBoxContrib&gt;&lt;ns2:id&gt;c9d595e6-1705-4ce2-88f6-4cec585851cf&lt;/ns2:id&gt;&lt;ns2:contentBoxId&gt;ContentBox1&lt;/ns2:contentBoxId&gt;&lt;ns2:contributions xsi:type="ns2:ViewRef" version="8550"&gt;&lt;ns2:id&gt;f169d61b-7966-42ae-8fa7-d7ef6073bacd&lt;/ns2:id&gt;&lt;ns2:layoutItemId&gt;Text1&lt;/ns2:layoutItemId&gt;&lt;ns2:configData&gt;&lt;ns2:id&gt;00514a3f-df78-457e-84d4-a1976e89af69&lt;/ns2:id&gt;&lt;ns2:optionName&gt;@label&lt;/ns2:optionName&gt;&lt;ns2:value&gt;Text&lt;/ns2:value&gt;&lt;/ns2:configData&gt;&lt;ns2:configData&gt;&lt;ns2:id&gt;c50eb62d-3844-4327-8c20-2862780a9918&lt;/ns2:id&gt;&lt;ns2:optionName&gt;@helpText&lt;/ns2:optionName&gt;&lt;ns2:value&gt;&lt;/ns2:value&gt;&lt;/ns2:configData&gt;&lt;ns2:configData&gt;&lt;ns2:id&gt;7d3a8f92-1209-4a2e-852a-73f4af91a051&lt;/ns2:id&gt;&lt;ns2:optionName&gt;@labelVisibility&lt;/ns2:optionName&gt;&lt;ns2:value&gt;SHOW&lt;/ns2:value&gt;&lt;/ns2:configData&gt;&lt;ns2:configData&gt;&lt;ns2:id&gt;72804416-17cd-40f1-8639-5846ba5163d7&lt;/ns2:id&gt;&lt;ns2:optionName&gt;eventON_CHANGE&lt;/ns2:optionName&gt;&lt;ns2:value&gt;@updateValue&lt;/ns2:value&gt;&lt;/ns2:configData&gt;&lt;ns2:viewUUID&gt;64.5663dd71-ff18-4d33-bea0-468d0b869816&lt;/ns2:viewUUID&gt;&lt;ns2:binding&gt;&lt;/ns2:binding&gt;&lt;/ns2:contributions&gt;&lt;ns2:contributions xsi:type="ns2:ViewRef" version="8550"&gt;&lt;ns2:id&gt;7c8059bf-a452-4441-8ec5-b56cd8400425&lt;/ns2:id&gt;&lt;ns2:layoutItemId&gt;Integer1&lt;/ns2:layoutItemId&gt;&lt;ns2:configData&gt;&lt;ns2:id&gt;03e2316a-d321-4211-8014-af01a81d8056&lt;/ns2:id&gt;&lt;ns2:optionName&gt;@label&lt;/ns2:optionName&gt;&lt;ns2:value&gt;Integer&lt;/ns2:value&gt;&lt;/ns2:configData&gt;&lt;ns2:configData&gt;&lt;ns2:id&gt;187d25c0-1fee-4b5f-8793-a2005713e09e&lt;/ns2:id&gt;&lt;ns2:optionName&gt;@helpText&lt;/ns2:optionName&gt;&lt;ns2:value&gt;&lt;/ns2:value&gt;&lt;/ns2:configData&gt;&lt;ns2:configData&gt;&lt;ns2:id&gt;0ecdeebc-cd76-4d29-8d78-709d16da5aad&lt;/ns2:id&gt;&lt;ns2:optionName&gt;@labelVisibility&lt;/ns2:optionName&gt;&lt;ns2:value&gt;SHOW&lt;/ns2:value&gt;&lt;/ns2:configData&gt;&lt;ns2:configData&gt;&lt;ns2:id&gt;1b227b2c-6f86-4e34-8ba8-7c1ed4da1781&lt;/ns2:id&gt;&lt;ns2:optionName&gt;eventON_CHANGE&lt;/ns2:optionName&gt;&lt;ns2:value&gt;@updateValue&lt;/ns2:value&gt;&lt;/ns2:configData&gt;&lt;ns2:viewUUID&gt;64.a6946c4c-f73d-4ced-9216-90018985ca96&lt;/ns2:viewUUID&gt;&lt;ns2:binding&gt;&lt;/ns2:binding&gt;&lt;/ns2:contributions&gt;&lt;ns2:contributions xsi:type="ns2:ViewRef" version="8550"&gt;&lt;ns2:id&gt;390fe058-c78e-44dd-8403-c7954edc4d7a&lt;/ns2:id&gt;&lt;ns2:layoutItemId&gt;Decimal1&lt;/ns2:layoutItemId&gt;&lt;ns2:configData&gt;&lt;ns2:id&gt;d1f3b156-3805-474e-8e46-7f4fc036a96c&lt;/ns2:id&gt;&lt;ns2:optionName&gt;@label&lt;/ns2:optionName&gt;&lt;ns2:value&gt;Decimal&lt;/ns2:value&gt;&lt;/ns2:configData&gt;&lt;ns2:configData&gt;&lt;ns2:id&gt;0a5a9908-ccab-400d-868b-c6a0397e0cc6&lt;/ns2:id&gt;&lt;ns2:optionName&gt;@helpText&lt;/ns2:optionName&gt;&lt;ns2:value&gt;&lt;/ns2:value&gt;&lt;/ns2:configData&gt;&lt;ns2:configData&gt;&lt;ns2:id&gt;2999a30c-63ca-46e6-8910-6f2622746131&lt;/ns2:id&gt;&lt;ns2:optionName&gt;@labelVisibility&lt;/ns2:optionName&gt;&lt;ns2:value&gt;SHOW&lt;/ns2:value&gt;&lt;/ns2:configData&gt;&lt;ns2:configData&gt;&lt;ns2:id&gt;825a1398-aa5d-4183-82f9-e0d52a7dc585&lt;/ns2:id&gt;&lt;ns2:optionName&gt;decimalPlaces&lt;/ns2:optionName&gt;&lt;ns2:value&gt;2&lt;/ns2:value&gt;&lt;/ns2:configData&gt;&lt;ns2:configData&gt;&lt;ns2:id&gt;2d781f89-3fc9-4da8-877a-1a6b135ce417&lt;/ns2:id&gt;&lt;ns2:optionName&gt;eventON_CHANGE&lt;/ns2:optionName&gt;&lt;ns2:value&gt;@updateValue&lt;/ns2:value&gt;&lt;/ns2:configData&gt;&lt;ns2:viewUUID&gt;64.e0ede0f2-f3af-408c-af7b-e7a58eb5e2b4&lt;/ns2:viewUUID&gt;&lt;ns2:binding&gt;&lt;/ns2:binding&gt;&lt;/ns2:contributions&gt;&lt;ns2:contributions xsi:type="ns2:ViewRef" version="8550"&gt;&lt;ns2:id&gt;04058c6c-5c95-4391-836b-1877b61e7513&lt;/ns2:id&gt;&lt;ns2:layoutItemId&gt;Date_Time_Picker1&lt;/ns2:layoutItemId&gt;&lt;ns2:configData&gt;&lt;ns2:id&gt;7851bf5a-5748-4f32-89fc-40adb439a335&lt;/ns2:id&gt;&lt;ns2:optionName&gt;@label&lt;/ns2:optionName&gt;&lt;ns2:value&gt;Date Time picker&lt;/ns2:value&gt;&lt;/ns2:configData&gt;&lt;ns2:configData&gt;&lt;ns2:id&gt;ef853844-6f7d-4269-8b00-075703495c8e&lt;/ns2:id&gt;&lt;ns2:optionName&gt;@helpText&lt;/ns2:optionName&gt;&lt;ns2:value&gt;&lt;/ns2:value&gt;&lt;/ns2:configData&gt;&lt;ns2:configData&gt;&lt;ns2:id&gt;ef419d8e-ae9f-4285-8f24-91bd7886e292&lt;/ns2:id&gt;&lt;ns2:optionName&gt;@labelVisibility&lt;/ns2:optionName&gt;&lt;ns2:value&gt;SHOW&lt;/ns2:value&gt;&lt;/ns2:configData&gt;&lt;ns2:configData&gt;&lt;ns2:id&gt;bfaf85df-be1d-44b9-869a-b40eae6a982d&lt;/ns2:id&gt;&lt;ns2:optionName&gt;includeTimePicker&lt;/ns2:optionName&gt;&lt;ns2:value&gt;true&lt;/ns2:value&gt;&lt;/ns2:configData&gt;&lt;ns2:configData&gt;&lt;ns2:id&gt;b4a4b638-7788-48da-85f8-39cd8b92dbb3&lt;/ns2:id&gt;&lt;ns2:optionName&gt;type&lt;/ns2:optionName&gt;&lt;ns2:value&gt;{"isResponsiveData":true,"values":[{"deviceConfigID":"LargeID","value":"TI"}]}&lt;/ns2:value&gt;&lt;/ns2:configData&gt;&lt;ns2:configData&gt;&lt;ns2:id&gt;802a450d-7cd5-4f75-8444-ed71483aeee1&lt;/ns2:id&gt;&lt;ns2:optionName&gt;eventON_CHANGE&lt;/ns2:optionName&gt;&lt;ns2:value&gt;@updateValue&lt;/ns2:value&gt;&lt;/ns2:configData&gt;&lt;ns2:configData&gt;&lt;ns2:id&gt;a49a161e-68fe-4795-8852-83c841a57202&lt;/ns2:id&gt;&lt;ns2:optionName&gt;highlightToday&lt;/ns2:optionName&gt;&lt;ns2:value&gt;true&lt;/ns2:value&gt;&lt;/ns2:configData&gt;&lt;ns2:viewUUID&gt;64.54643ff2-8363-4976-bb5e-d4eb1094cca3&lt;/ns2:viewUUID&gt;&lt;ns2:binding&gt;&lt;/ns2:binding&gt;&lt;/ns2:contributions&gt;&lt;ns2:contributions xsi:type="ns2:ViewRef" version="8550"&gt;&lt;ns2:id&gt;b2356db5-141f-4799-8a2f-6cd8bd9608c7&lt;/ns2:id&gt;&lt;ns2:layoutItemId&gt;Single_Select1&lt;/ns2:layoutItemId&gt;&lt;ns2:configData&gt;&lt;ns2:id&gt;3852fc9f-6321-4bcd-8435-c95e737997c8&lt;/ns2:id&gt;&lt;ns2:optionName&gt;@label&lt;/ns2:optionName&gt;&lt;ns2:value&gt;Single select&lt;/ns2:value&gt;&lt;/ns2:configData&gt;&lt;ns2:configData&gt;&lt;ns2:id&gt;5defa9b5-21f4-4e1e-8cca-2641f2024f1e&lt;/ns2:id&gt;&lt;ns2:optionName&gt;@helpText&lt;/ns2:optionName&gt;&lt;ns2:value&gt;&lt;/ns2:value&gt;&lt;/ns2:configData&gt;&lt;ns2:configData&gt;&lt;ns2:id&gt;a75dd013-14bd-4a83-816f-e6458c836a12&lt;/ns2:id&gt;&lt;ns2:optionName&gt;@labelVisibility&lt;/ns2:optionName&gt;&lt;ns2:value&gt;SHOW&lt;/ns2:value&gt;&lt;/ns2:configData&gt;&lt;ns2:configData&gt;&lt;ns2:id&gt;5a04e8dc-1242-4a63-8c76-04a8a5af0757&lt;/ns2:id&gt;&lt;ns2:optionName&gt;eventON_CHANGE&lt;/ns2:optionName&gt;&lt;ns2:value&gt;@updateValue&lt;/ns2:value&gt;&lt;/ns2:configData&gt;&lt;ns2:viewUUID&gt;64.fd4da558-40d8-47be-92ca-c305708dc7b7&lt;/ns2:viewUUID&gt;&lt;ns2:binding&gt;&lt;/ns2:binding&gt;&lt;/ns2:contributions&gt;&lt;ns2:contributions xsi:type="ns2:ViewRef" version="8550"&gt;&lt;ns2:id&gt;0fc8cbb6-5b9e-49ae-8146-0c8ab3d1ea87&lt;/ns2:id&gt;&lt;ns2:layoutItemId&gt;Checkbox1&lt;/ns2:layoutItemId&gt;&lt;ns2:configData&gt;&lt;ns2:id&gt;5631e60c-3148-4fa9-857d-5b64228a058d&lt;/ns2:id&gt;&lt;ns2:optionName&gt;@label&lt;/ns2:optionName&gt;&lt;ns2:value&gt;Check box&lt;/ns2:value&gt;&lt;/ns2:configData&gt;&lt;ns2:configData&gt;&lt;ns2:id&gt;65a18124-c24a-490a-8d41-a015fa3e432a&lt;/ns2:id&gt;&lt;ns2:optionName&gt;@helpText&lt;/ns2:optionName&gt;&lt;ns2:value&gt;&lt;/ns2:value&gt;&lt;/ns2:configData&gt;&lt;ns2:configData&gt;&lt;ns2:id&gt;c2f0492b-5e7a-46cd-8475-35518e4321c8&lt;/ns2:id&gt;&lt;ns2:optionName&gt;@labelVisibility&lt;/ns2:optionName&gt;&lt;ns2:value&gt;SHOW&lt;/ns2:value&gt;&lt;/ns2:configData&gt;&lt;ns2:configData&gt;&lt;ns2:id&gt;103d73e2-df32-462c-8e4f-24a2e95a6d50&lt;/ns2:id&gt;&lt;ns2:optionName&gt;eventON_CHANGE&lt;/ns2:optionName&gt;&lt;ns2:value&gt;@updateValue&lt;/ns2:value&gt;&lt;/ns2:configData&gt;&lt;ns2:viewUUID&gt;64.fffd1628-baee-44e8-b7ca-5ae48644b0be&lt;/ns2:viewUUID&gt;&lt;ns2:binding&gt;&lt;/ns2:binding&gt;&lt;/ns2:contributions&gt;&lt;ns2:contributions xsi:type="ns2:ViewRef" version="8550"&gt;&lt;ns2:id&gt;86163a2e-7d43-4c54-872f-70f829f815a7&lt;/ns2:id&gt;&lt;ns2:layoutItemId&gt;Multi_Value&lt;/ns2:layoutItemId&gt;&lt;ns2:configData&gt;&lt;ns2:id&gt;b950902f-2f2f-457f-8508-1546e3a555f3&lt;/ns2:id&gt;&lt;ns2:optionName&gt;@label&lt;/ns2:optionName&gt;&lt;ns2:value&gt;Case MultiValue&lt;/ns2:value&gt;&lt;/ns2:configData&gt;&lt;ns2:configData&gt;&lt;ns2:id&gt;edd07476-349a-4e75-8de5-98e9418d1db1&lt;/ns2:id&gt;&lt;ns2:optionName&gt;@helpText&lt;/ns2:optionName&gt;&lt;ns2:value&gt;&lt;/ns2:value&gt;&lt;/ns2:configData&gt;&lt;ns2:configData&gt;&lt;ns2:id&gt;e0f80619-700e-43a2-8e77-437d90bf1b9d&lt;/ns2:id&gt;&lt;ns2:optionName&gt;@labelVisibility&lt;/ns2:optionName&gt;&lt;ns2:value&gt;SHOW&lt;/ns2:value&gt;&lt;/ns2:configData&gt;&lt;ns2:configData&gt;&lt;ns2:id&gt;610b2c5f-6121-4f8f-88e3-b9f1d34aee95&lt;/ns2:id&gt;&lt;ns2:optionName&gt;eventON_LOAD&lt;/ns2:optionName&gt;&lt;ns2:value&gt;@setMultiProperty&lt;/ns2:value&gt;&lt;/ns2:configData&gt;&lt;ns2:configData&gt;&lt;ns2:id&gt;10e597d9-7327-49f0-85e6-cdec4efda350&lt;/ns2:id&gt;&lt;ns2:optionName&gt;initialSizeForListPropertyControls&lt;/ns2:optionName&gt;&lt;ns2:value&gt;tw.options.initialSizeForListPropertyControls&lt;/ns2:value&gt;&lt;ns2:valueType&gt;dynamic&lt;/ns2:valueType&gt;&lt;/ns2:configData&gt;&lt;ns2:viewUUID&gt;64.aea330bc-d4e2-445d-95e0-78e37cfdd480&lt;/ns2:viewUUID&gt;&lt;ns2:binding&gt;&lt;/ns2:binding&gt;&lt;/ns2:contributions&gt;&lt;ns2:contributions xsi:type="ns2:ViewRef" version="8550"&gt;&lt;ns2:id&gt;f2c20af5-8884-4e24-83e9-7a939e275e4a&lt;/ns2:id&gt;&lt;ns2:layoutItemId&gt;BusinessObjectTable&lt;/ns2:layoutItemId&gt;&lt;ns2:configData&gt;&lt;ns2:id&gt;6891eb8a-49a6-4d7e-8591-a6e93aba844d&lt;/ns2:id&gt;&lt;ns2:optionName&gt;@label&lt;/ns2:optionName&gt;&lt;ns2:value&gt;Business Object Table&lt;/ns2:value&gt;&lt;/ns2:configData&gt;&lt;ns2:configData&gt;&lt;ns2:id&gt;fa587b2a-0256-4585-885f-9aa03379c932&lt;/ns2:id&gt;&lt;ns2:optionName&gt;@helpText&lt;/ns2:optionName&gt;&lt;ns2:value&gt;&lt;/ns2:value&gt;&lt;/ns2:configData&gt;&lt;ns2:configData&gt;&lt;ns2:id&gt;24393f7e-8291-412b-88a9-9efcfbf10143&lt;/ns2:id&gt;&lt;ns2:optionName&gt;@labelVisibility&lt;/ns2:optionName&gt;&lt;ns2:value&gt;SHOW&lt;/ns2:value&gt;&lt;/ns2:configData&gt;&lt;ns2:configData&gt;&lt;ns2:id&gt;a576b3bd-0934-472c-8e26-0de4ddb8c915&lt;/ns2:id&gt;&lt;ns2:optionName&gt;showDeleteButton&lt;/ns2:optionName&gt;&lt;ns2:value&gt;true&lt;/ns2:value&gt;&lt;/ns2:configData&gt;&lt;ns2:configData&gt;&lt;ns2:id&gt;9f247ef4-0084-40f8-8a60-800be82bd0e5&lt;/ns2:id&gt;&lt;ns2:optionName&gt;showAddButton&lt;/ns2:optionName&gt;&lt;ns2:value&gt;true&lt;/ns2:value&gt;&lt;/ns2:configData&gt;&lt;ns2:configData&gt;&lt;ns2:id&gt;e4f383c0-d2ae-40c0-8f70-35f299f62308&lt;/ns2:id&gt;&lt;ns2:optionName&gt;columnSpecs&lt;/ns2:optionName&gt;&lt;ns2:value&gt;[]&lt;/ns2:value&gt;&lt;/ns2:configData&gt;&lt;ns2:configData&gt;&lt;ns2:id&gt;d27af200-7192-4356-82a5-8e42354f658c&lt;/ns2:id&gt;&lt;ns2:optionName&gt;selectionMode&lt;/ns2:optionName&gt;&lt;ns2:value&gt;N&lt;/ns2:value&gt;&lt;/ns2:configData&gt;&lt;ns2:configData&gt;&lt;ns2:id&gt;f968c8f4-81b9-4321-854c-aa1bf45e3c01&lt;/ns2:id&gt;&lt;ns2:optionName&gt;eventON_ROWSEL&lt;/ns2:optionName&gt;&lt;ns2:value&gt;@openRowInModal&lt;/ns2:value&gt;&lt;/ns2:configData&gt;&lt;ns2:configData&gt;&lt;ns2:id&gt;47f59b6a-1241-4f36-8340-0f4da961c090&lt;/ns2:id&gt;&lt;ns2:optionName&gt;eventON_ADDREC&lt;/ns2:optionName&gt;&lt;ns2:value&gt;@addBusinessObjectRow&lt;/ns2:value&gt;&lt;/ns2:configData&gt;&lt;ns2:configData&gt;&lt;ns2:id&gt;1cc9628d-2f11-4735-8a8c-f8f2b9fe0fb8&lt;/ns2:id&gt;&lt;ns2:optionName&gt;eventON_DELREC&lt;/ns2:optionName&gt;&lt;ns2:value&gt;@deleteBusinessObjectRow&lt;/ns2:value&gt;&lt;/ns2:configData&gt;&lt;ns2:configData&gt;&lt;ns2:id&gt;ade62559-336f-4efb-8d6c-c827d9a572cf&lt;/ns2:id&gt;&lt;ns2:optionName&gt;eventON_NEWCELL&lt;/ns2:optionName&gt;&lt;ns2:value&gt;@createStatusCell&lt;/ns2:value&gt;&lt;/ns2:configData&gt;&lt;ns2:configData&gt;&lt;ns2:id&gt;865441d9-cdd9-4fa2-83c6-c1b0e2615b78&lt;/ns2:id&gt;&lt;ns2:optionName&gt;showFooter&lt;/ns2:optionName&gt;&lt;ns2:value&gt;{"isResponsiveData":true,"values":[{"deviceConfigID":"LargeID","value":true}]}&lt;/ns2:value&gt;&lt;/ns2:configData&gt;&lt;ns2:configData&gt;&lt;ns2:id&gt;8c6191fb-6fa1-4e03-8dbd-5f7c4ea978f9&lt;/ns2:id&gt;&lt;ns2:optionName&gt;showTableStats&lt;/ns2:optionName&gt;&lt;ns2:value&gt;{"isResponsiveData":true,"values":[{"deviceConfigID":"LargeID","value":true}]}&lt;/ns2:value&gt;&lt;/ns2:configData&gt;&lt;ns2:configData&gt;&lt;ns2:id&gt;e70747e8-6a2a-4587-804f-b71ae95e6706&lt;/ns2:id&gt;&lt;ns2:optionName&gt;showPager&lt;/ns2:optionName&gt;&lt;ns2:value&gt;{"isResponsiveData":true,"values":[{"deviceConfigID":"LargeID","value":true}]}&lt;/ns2:value&gt;&lt;/ns2:configData&gt;&lt;ns2:configData&gt;&lt;ns2:id&gt;a0c4d093-a63d-41df-8482-86c41e4a47b9&lt;/ns2:id&gt;&lt;ns2:optionName&gt;showPageSizer&lt;/ns2:optionName&gt;&lt;ns2:value&gt;{"isResponsiveData":true,"values":[{"deviceConfigID":"LargeID","value":true}]}&lt;/ns2:value&gt;&lt;/ns2:configData&gt;&lt;ns2:configData&gt;&lt;ns2:id&gt;4cfac66c-6cb7-4c7c-8e1b-aa5c9bf84bf2&lt;/ns2:id&gt;&lt;ns2:optionName&gt;pageSize&lt;/ns2:optionName&gt;&lt;ns2:value&gt;&lt;/ns2:value&gt;&lt;ns2:valueType&gt;static&lt;/ns2:valueType&gt;&lt;/ns2:configData&gt;&lt;ns2:viewUUID&gt;64.f515b79f-fe61-4bd3-8e26-72f00155d139&lt;/ns2:viewUUID&gt;&lt;/ns2:contributions&gt;&lt;/ns2:contentBoxContrib&gt;&lt;/ns2:layoutItem&gt;&lt;ns2:layoutItem xsi:type="ns2:ViewRef" version="8550" xmlns:xsi="http://www.w3.org/2001/XMLSchema-instance"&gt;&lt;ns2:id&gt;2e6618a2-6752-4460-828c-cc174af93ede&lt;/ns2:id&gt;&lt;ns2:layoutItemId&gt;BusinessObjectRow&lt;/ns2:layoutItemId&gt;&lt;ns2:configData&gt;&lt;ns2:id&gt;ba773964-1bfc-47d6-8122-c561abe17b42&lt;/ns2:id&gt;&lt;ns2:optionName&gt;@label&lt;/ns2:optionName&gt;&lt;ns2:value&gt;Business Object Row&lt;/ns2:value&gt;&lt;/ns2:configData&gt;&lt;ns2:configData&gt;&lt;ns2:id&gt;79428187-6bd8-4f72-8c0f-46ddf0ce11ce&lt;/ns2:id&gt;&lt;ns2:optionName&gt;@helpText&lt;/ns2:optionName&gt;&lt;ns2:value&gt;&lt;/ns2:value&gt;&lt;/ns2:configData&gt;&lt;ns2:configData&gt;&lt;ns2:id&gt;b6a0d274-6308-424a-85aa-69c09a89b998&lt;/ns2:id&gt;&lt;ns2:optionName&gt;@labelVisibility&lt;/ns2:optionName&gt;&lt;ns2:value&gt;HIDE&lt;/ns2:value&gt;&lt;/ns2:configData&gt;&lt;ns2:configData&gt;&lt;ns2:id&gt;620aef5f-eca4-4a09-82ce-6c78e6fe4171&lt;/ns2:id&gt;&lt;ns2:optionName&gt;@visibility&lt;/ns2:optionName&gt;&lt;ns2:value&gt;{"isResponsiveData":true,"values":[{"deviceConfigID":"LargeID","value":"NONE"}]}&lt;/ns2:value&gt;&lt;/ns2:configData&gt;&lt;ns2:configData&gt;&lt;ns2:id&gt;755dc6e5-da3e-470d-8949-542cb76467a8&lt;/ns2:id&gt;&lt;ns2:optionName&gt;showModalButtonGroup&lt;/ns2:optionName&gt;&lt;ns2:value&gt;false&lt;/ns2:value&gt;&lt;/ns2:configData&gt;&lt;ns2:configData&gt;&lt;ns2:id&gt;f6809f45-7c8b-48c1-89b4-c26715499fa0&lt;/ns2:id&gt;&lt;ns2:optionName&gt;closeOnClick&lt;/ns2:optionName&gt;&lt;ns2:value&gt;true&lt;/ns2:value&gt;&lt;/ns2:configData&gt;&lt;ns2:viewUUID&gt;64.66286dff-19bf-447a-ad5c-4fc385fea67d&lt;/ns2:viewUUID&gt;&lt;ns2:contentBoxContrib&gt;&lt;ns2:id&gt;425a4abf-3393-42e0-8f67-23fdf5f15892&lt;/ns2:id&gt;&lt;ns2:contentBoxId&gt;ContentBox1&lt;/ns2:contentBoxId&gt;&lt;ns2:contributions xsi:type="ns2:ViewRef" version="8550"&gt;&lt;ns2:id&gt;14bcb260-aa94-4c6f-8ac3-61099c8ae619&lt;/ns2:id&gt;&lt;ns2:layoutItemId&gt;Panel1&lt;/ns2:layoutItemId&gt;&lt;ns2:configData&gt;&lt;ns2:id&gt;0b854f5b-ee7d-42f2-80db-e7ea086dcded&lt;/ns2:id&gt;&lt;ns2:optionName&gt;@label&lt;/ns2:optionName&gt;&lt;ns2:value&gt;Panel&lt;/ns2:value&gt;&lt;/ns2:configData&gt;&lt;ns2:configData&gt;&lt;ns2:id&gt;a1510773-85fa-4259-8eca-edf4b341f9d0&lt;/ns2:id&gt;&lt;ns2:optionName&gt;@helpText&lt;/ns2:optionName&gt;&lt;ns2:value&gt;&lt;/ns2:value&gt;&lt;/ns2:configData&gt;&lt;ns2:configData&gt;&lt;ns2:id&gt;237d9ecb-948e-4d9d-815c-07ad563d0547&lt;/ns2:id&gt;&lt;ns2:optionName&gt;@labelVisibility&lt;/ns2:optionName&gt;&lt;ns2:value&gt;HIDE&lt;/ns2:value&gt;&lt;/ns2:configData&gt;&lt;ns2:configData&gt;&lt;ns2:id&gt;794d2e82-7215-471e-8d8e-4b6df3750c79&lt;/ns2:id&gt;&lt;ns2:optionName&gt;icon&lt;/ns2:optionName&gt;&lt;ns2:value&gt;ci-close&lt;/ns2:value&gt;&lt;/ns2:configData&gt;&lt;ns2:configData&gt;&lt;ns2:id&gt;ac7c063b-b2a5-40d9-815c-c71f63ea8c80&lt;/ns2:id&gt;&lt;ns2:optionName&gt;colorStyle&lt;/ns2:optionName&gt;&lt;ns2:value&gt;G&lt;/ns2:value&gt;&lt;/ns2:configData&gt;&lt;ns2:configData&gt;&lt;ns2:id&gt;dd49fb21-bc25-4e9e-8b16-63946186eced&lt;/ns2:id&gt;&lt;ns2:optionName&gt;eventON_ICONCLICK&lt;/ns2:optionName&gt;&lt;ns2:value&gt;@closeRowInModal&lt;/ns2:value&gt;&lt;/ns2:configData&gt;&lt;ns2:viewUUID&gt;64.455e44ab-b77b-4337-b3f9-435e234fb569&lt;/ns2:viewUUID&gt;&lt;ns2:contentBoxContrib&gt;&lt;ns2:id&gt;587509e6-1bfc-4ef3-89b9-a3343c3ae1fc&lt;/ns2:id&gt;&lt;ns2:contentBoxId&gt;ContentBox1&lt;/ns2:contentBoxId&gt;&lt;ns2:contributions xsi:type="ns2:ViewRef" version="8550"&gt;&lt;ns2:id&gt;1b5b1cf6-5e93-411e-8bcd-327c670c9e84&lt;/ns2:id&gt;&lt;ns2:layoutItemId&gt;BO_Members&lt;/ns2:layoutItemId&gt;&lt;ns2:configData&gt;&lt;ns2:id&gt;9bd7630e-7747-4117-84e7-301070cb63c6&lt;/ns2:id&gt;&lt;ns2:optionName&gt;@label&lt;/ns2:optionName&gt;&lt;ns2:value&gt;BO Members&lt;/ns2:value&gt;&lt;/ns2:configData&gt;&lt;ns2:configData&gt;&lt;ns2:id&gt;7c993dd1-65ef-48d3-8f50-504cd7bc951a&lt;/ns2:id&gt;&lt;ns2:optionName&gt;@helpText&lt;/ns2:optionName&gt;&lt;ns2:value&gt;&lt;/ns2:value&gt;&lt;/ns2:configData&gt;&lt;ns2:configData&gt;&lt;ns2:id&gt;1097aff0-f2a7-4c6b-8a65-0b10f9c606c2&lt;/ns2:id&gt;&lt;ns2:optionName&gt;@labelVisibility&lt;/ns2:optionName&gt;&lt;ns2:value&gt;SHOW&lt;/ns2:value&gt;&lt;/ns2:configData&gt;&lt;ns2:configData&gt;&lt;ns2:id&gt;c14d7c3a-bada-4612-80bd-05964f39f68a&lt;/ns2:id&gt;&lt;ns2:optionName&gt;startEmpty&lt;/ns2:optionName&gt;&lt;ns2:value&gt;true&lt;/ns2:value&gt;&lt;/ns2:configData&gt;&lt;ns2:viewUUID&gt;64.ef447b87-24a2-42a7-b2b9-cd471e9f7b67&lt;/ns2:viewUUID&gt;&lt;ns2:contentBoxContrib&gt;&lt;ns2:id&gt;a789b968-a94f-4e3f-8ec7-eac02301dbc9&lt;/ns2:id&gt;&lt;ns2:contentBoxId&gt;ContentBox1&lt;/ns2:contentBoxId&gt;&lt;ns2:contributions xsi:type="ns2:ViewRef" version="8550"&gt;&lt;ns2:id&gt;140e4d7d-bb9a-486c-8bed-7a88771bfe4e&lt;/ns2:id&gt;&lt;ns2:layoutItemId&gt;Case_BusinessObject_Member&lt;/ns2:layoutItemId&gt;&lt;ns2:configData&gt;&lt;ns2:id&gt;5203519d-2f86-4a15-8365-c41d9a32778d&lt;/ns2:id&gt;&lt;ns2:optionName&gt;@label&lt;/ns2:optionName&gt;&lt;ns2:value&gt;Case BusinessObject Member&lt;/ns2:value&gt;&lt;/ns2:configData&gt;&lt;ns2:configData&gt;&lt;ns2:id&gt;e4bd781b-e42a-4d35-8f9d-b53ee97e5325&lt;/ns2:id&gt;&lt;ns2:optionName&gt;@helpText&lt;/ns2:optionName&gt;&lt;ns2:value&gt;&lt;/ns2:value&gt;&lt;/ns2:configData&gt;&lt;ns2:configData&gt;&lt;ns2:id&gt;b22a5589-c0d3-4537-8037-c105fcd56d98&lt;/ns2:id&gt;&lt;ns2:optionName&gt;@labelVisibility&lt;/ns2:optionName&gt;&lt;ns2:value&gt;SHOW&lt;/ns2:value&gt;&lt;/ns2:configData&gt;&lt;ns2:configData&gt;&lt;ns2:id&gt;25c7e2d0-0665-46ee-823d-61a34bc7917f&lt;/ns2:id&gt;&lt;ns2:optionName&gt;eventON_LOAD&lt;/ns2:optionName&gt;&lt;ns2:value&gt;@setBOCaseProperty&lt;/ns2:value&gt;&lt;/ns2:configData&gt;&lt;ns2:viewUUID&gt;64.38e4cbc8-fd9a-41c7-a9fb-fb42cf532f5b&lt;/ns2:viewUUID&gt;&lt;ns2:binding&gt;&lt;/ns2:binding&gt;&lt;/ns2:contributions&gt;&lt;/ns2:contentBoxContrib&gt;&lt;/ns2:contributions&gt;&lt;/ns2:contentBoxContrib&gt;&lt;/ns2:contributions&gt;&lt;/ns2:contentBoxContrib&gt;&lt;/ns2:layoutItem&gt;&lt;/ns2:layout&gt;</layout>
        <paletteIcon isNull="true" />
        <previewImage isNull="true" />
        <hasLabel>true</hasLabel>
        <labelPosition>0</labelPosition>
        <nineSliceX1Coord>0</nineSliceX1Coord>
        <nineSliceX2Coord>0</nineSliceX2Coord>
        <nineSliceY1Coord>0</nineSliceY1Coord>
        <nineSliceY2Coord>0</nineSliceY2Coord>
        <emitBoundary>false</emitBoundary>
        <isPrototypeFunc>true</isPrototypeFunc>
        <enableDevMode>false</enableDevMode>
        <isMobileReady>true</isMobileReady>
        <loadJsFunction></loadJsFunction>
        <unloadJsFunction></unloadJsFunction>
        <viewJsFunction isNull="true" />
        <changeJsFunction isNull="true" />
        <collaborationJsFunction isNull="true" />
        <description></description>
        <validateJsFunction isNull="true" />
        <previewAdvHtml>d7d6f0f8-7a7b-4bea-87e7-3bb66a2ad3a3/61.71da8275-e204-4349-b1e4-5376ce9d7d0c</previewAdvHtml>
        <previewAdvJs>d7d6f0f8-7a7b-4bea-87e7-3bb66a2ad3a3/61.abcd6f7a-670c-41dd-bd74-3865ad9e9b10</previewAdvJs>
        <useUrlBinding>false</useUrlBinding>
        <guid>0f2523fb-a353-4585-aab8-6d651e142c90</guid>
        <versionId>d1f314c1-f015-4727-bfab-9b0fb3d9a5c2</versionId>
        <field1 isNull="true" />
        <field2 isNull="true" />
        <field3>0</field3>
        <field4 isNull="true" />
        <field5>false</field5>
        <clobField1 isNull="true" />
        <bindingType name="property">
            <lastModified isNull="true" />
            <lastModifiedBy isNull="true" />
            <tenantId isNull="true" />
            <coachViewBindingTypeId>65.bb49fafd-7d8c-4be8-b263-e99fe78321e2</coachViewBindingTypeId>
            <coachViewId>64.86b875d6-7c2c-4da7-8e3e-ae61d6640ad2</coachViewId>
            <isList>false</isList>
            <classId>56f01b11-2631-47ae-acdd-75a5c2d4e9d2/12.c09c9b6e-aabd-4897-bef2-ed61db106297</classId>
            <seq>0</seq>
            <description isNull="true" />
            <guid>d91e79d7-48f1-4b70-9e73-9888cba2bc9d</guid>
            <versionId>583792f6-2770-4180-b5f2-9e7003aef75a</versionId>
        </bindingType>
        <configOption name="eventON_LOAD">
            <lastModified isNull="true" />
            <lastModifiedBy isNull="true" />
            <tenantId isNull="true" />
            <coachViewConfigOptionId>66.35afa545-5e55-4df8-b051-2743c28704fa</coachViewConfigOptionId>
            <coachViewId>64.86b875d6-7c2c-4da7-8e3e-ae61d6640ad2</coachViewId>
            <isList>false</isList>
            <propertyType>EVENT</propertyType>
            <label>tw.resource.CAT.eventOnLoadLBL</label>
            <classId>56f01b11-2631-47ae-acdd-75a5c2d4e9d2/12.db884a3c-c533-44b7-bb2d-47bec8ad4022</classId>
            <processId isNull="true" />
            <actionflowId isNull="true" />
            <isAdaptive>false</isAdaptive>
            <seq>0</seq>
            <description></description>
            <groupName></groupName>
            <guid>bbb62ebd-090d-47fc-bc7d-6e3a3cad14ad</guid>
            <versionId>2a2ad0f6-8157-484d-be44-39f525390499</versionId>
        </configOption>
        <dynamicStyle>
            <lastModified isNull="true" />
            <lastModifiedBy isNull="true" />
            <tenantId isNull="true" />
            <coachViewDynamicStyleId>73.8bbc5bc4-5b90-41da-8593-ed35ab0728da</coachViewDynamicStyleId>
            <coachViewId>64.86b875d6-7c2c-4da7-8e3e-ae61d6640ad2</coachViewId>
            <filePath>case.less</filePath>
            <assetUuid>/61.2e649208-11dd-4f58-a4c9-53c91521b179</assetUuid>
            <seq>0</seq>
            <guid>2a19d55f-cd55-4d84-b29f-9938675295ab</guid>
            <versionId>95025fc7-0e5c-43b8-80c8-5eeb94be81d2</versionId>
        </dynamicStyle>
        <dynamicStyle>
            <lastModified isNull="true" />
            <lastModifiedBy isNull="true" />
            <tenantId isNull="true" />
            <coachViewDynamicStyleId>73.9777ac61-9aec-4b2a-8b95-e18c2b7bce67</coachViewDynamicStyleId>
            <coachViewId>64.86b875d6-7c2c-4da7-8e3e-ae61d6640ad2</coachViewId>
            <filePath>bpmUI.less</filePath>
            <assetUuid>d7d6f0f8-7a7b-4bea-87e7-3bb66a2ad3a3/61.26865295-8511-4538-b8f1-4cb99c203a92</assetUuid>
            <seq>1</seq>
            <guid>e6f69ad2-3cc8-4b6a-8b33-22a48a4b0b91</guid>
            <versionId>8284b46f-4684-4ac0-adaf-5719a2ef0432</versionId>
        </dynamicStyle>
        <resource>
            <lastModified isNull="true" />
            <lastModifiedBy isNull="true" />
            <tenantId isNull="true" />
            <coachViewResourceId>67.2839d901-527d-4730-9718-8b5f34334899</coachViewResourceId>
            <coachViewId>64.86b875d6-7c2c-4da7-8e3e-ae61d6640ad2</coachViewId>
            <filePath>Core.js</filePath>
            <ieCondition isNull="true" />
            <mediaQuery isNull="true" />
            <scriptLoadStyle isNull="true" />
            <assetUuid>/61.b9f2b5d6-21e2-48a0-a41a-5149ebe9db15</assetUuid>
            <seq>0</seq>
            <guid>78f72907-b573-4df7-98b7-e13e412e2792</guid>
            <versionId>76a26f19-4fa4-4eef-889d-2f6b55cf0692</versionId>
        </resource>
        <inlineScript name="Inline CSS">
            <lastModified isNull="true" />
            <lastModifiedBy isNull="true" />
            <tenantId isNull="true" />
            <coachViewInlineScriptId>68.ae4fec48-157b-4b89-adb7-92795202ca3d</coachViewInlineScriptId>
            <coachViewId>64.86b875d6-7c2c-4da7-8e3e-ae61d6640ad2</coachViewId>
            <scriptType>CSS</scriptType>
            <scriptBlock></scriptBlock>
            <seq>0</seq>
            <description></description>
            <guid>9daa5e30-5514-4e69-8058-2dd501c22be6</guid>
            <versionId>49647ce2-6cd6-48b0-9326-d1b60737ed4c</versionId>
        </inlineScript>
        <inlineScript name="Inline Javascript">
            <lastModified isNull="true" />
            <lastModifiedBy isNull="true" />
            <tenantId isNull="true" />
            <coachViewInlineScriptId>68.1ae1d204-dafb-458c-b031-e852bea5f373</coachViewInlineScriptId>
            <coachViewId>64.86b875d6-7c2c-4da7-8e3e-ae61d6640ad2</coachViewId>
            <scriptType>JS</scriptType>
            <scriptBlock>var fileName = 'Case-Control-CaseProperty.js';&#xD;
var path = (dojoConfig.isDebug === true) ?&#xD;
 	com_ibm_bpm_coach.getManagedAssetUrl(fileName, com_ibm_bpm_coach.assetType_WEB, 'SYSCT', false) :&#xD;
 	com_ibm_bpm_coach.getManagedAssetUrl('Case-Controls.min.js', com_ibm_bpm_coach.assetType_WEB, 'SYSCT', false);&#xD;
&#xD;
 	path = (dojoConfig.isDeveloperMode === true) ? "case/files/" + fileName : path;&#xD;
var _this = this;&#xD;
require({async:false},[path], function() {&#xD;
	case_control_InitCaseProperty.call(_this, utilities, taskUtils, wpResources, domAttr, domClass, domConstruct);&#xD;
});&#xD;
</scriptBlock>
            <seq>1</seq>
            <description></description>
            <guid>955fa993-5c51-4bbe-883e-19caf2f95925</guid>
            <versionId>7c54cf91-b155-49be-9401-99742c1a7560</versionId>
        </inlineScript>
        <localization>
            <lastModified isNull="true" />
            <lastModifiedBy isNull="true" />
            <tenantId isNull="true" />
            <coachViewLocalResId>69.2789f346-7a63-4575-9657-f7700ac94f25</coachViewLocalResId>
            <coachViewId>64.86b875d6-7c2c-4da7-8e3e-ae61d6640ad2</coachViewId>
            <resourceBundleGroupId>d7d6f0f8-7a7b-4bea-87e7-3bb66a2ad3a3/50.f9a573ef-523f-4f0e-80c8-39285c07ddd4</resourceBundleGroupId>
            <seq>0</seq>
            <guid>c5247d62-d792-4d5d-b0fc-5979cfa4492f</guid>
            <versionId>6a0e4c7d-5c2a-4453-826e-c2897d988495</versionId>
        </localization>
        <localization>
            <lastModified isNull="true" />
            <lastModifiedBy isNull="true" />
            <tenantId isNull="true" />
            <coachViewLocalResId>69.c05565ec-e0bf-4f88-9a7d-c2f56130e197</coachViewLocalResId>
            <coachViewId>64.86b875d6-7c2c-4da7-8e3e-ae61d6640ad2</coachViewId>
            <resourceBundleGroupId>/50.c4d6cc83-a000-4ae2-b2f5-d35d89f9c6ba</resourceBundleGroupId>
            <seq>1</seq>
            <guid>6ed7344e-d8ef-4865-8d45-b31d48c887d7</guid>
            <versionId>c9daae13-3773-4ee8-b9b9-aa1b0ba849d1</versionId>
        </localization>
        <amdDependency>
            <lastModified isNull="true" />
            <lastModifiedBy isNull="true" />
            <tenantId isNull="true" />
            <coachViewAmdDepId>70.c5094be8-58cc-4960-acfe-9ff74e10f36a</coachViewAmdDepId>
            <coachViewId>64.86b875d6-7c2c-4da7-8e3e-ae61d6640ad2</coachViewId>
            <moduleId>com.ibm.bpm.coach.utils/utilities</moduleId>
            <functionArgument>utilities</functionArgument>
            <seq>0</seq>
            <guid>de50abe4-fe29-4ca1-bd7d-f46e9a703552</guid>
            <versionId>47a651a3-117f-49f0-9e11-775d8337e7b1</versionId>
        </amdDependency>
        <amdDependency>
            <lastModified isNull="true" />
            <lastModifiedBy isNull="true" />
            <tenantId isNull="true" />
            <coachViewAmdDepId>70.cab04eaa-3cdc-4bbe-98f5-23a79f501fb2</coachViewAmdDepId>
            <coachViewId>64.86b875d6-7c2c-4da7-8e3e-ae61d6640ad2</coachViewId>
            <moduleId>dojo/_base/array</moduleId>
            <functionArgument>array</functionArgument>
            <seq>1</seq>
            <guid>2b7339fa-b5f5-43fd-81c3-c0762fc21102</guid>
            <versionId>1dd01304-a8d9-4034-9cce-9efd7a7ba7f8</versionId>
        </amdDependency>
        <amdDependency>
            <lastModified isNull="true" />
            <lastModifiedBy isNull="true" />
            <tenantId isNull="true" />
            <coachViewAmdDepId>70.e6ed5e09-8370-4fe6-827f-987a98d55f4e</coachViewAmdDepId>
            <coachViewId>64.86b875d6-7c2c-4da7-8e3e-ae61d6640ad2</coachViewId>
            <moduleId>com.ibm.bpm.case.core/taskUtils</moduleId>
            <functionArgument>taskUtils</functionArgument>
            <seq>2</seq>
            <guid>6b95cf81-e618-4e21-bde8-fc5ef90629dd</guid>
            <versionId>00c9e3d5-3846-4a5d-bb4b-d0d3f91a742e</versionId>
        </amdDependency>
        <amdDependency>
            <lastModified isNull="true" />
            <lastModifiedBy isNull="true" />
            <tenantId isNull="true" />
            <coachViewAmdDepId>70.c0ed7d32-c4d8-4333-a9ae-ceda25682d96</coachViewAmdDepId>
            <coachViewId>64.86b875d6-7c2c-4da7-8e3e-ae61d6640ad2</coachViewId>
            <moduleId>com.ibm.bpm.case.resources</moduleId>
            <functionArgument>wpResources</functionArgument>
            <seq>3</seq>
            <guid>dfd7b1f9-adb9-4f61-ac1d-534c133a5032</guid>
            <versionId>37529e87-fba1-406c-9221-b9d64c65182f</versionId>
        </amdDependency>
        <amdDependency>
            <lastModified isNull="true" />
            <lastModifiedBy isNull="true" />
            <tenantId isNull="true" />
            <coachViewAmdDepId>70.0008885c-3c41-40b5-8f15-9f7b61f33788</coachViewAmdDepId>
            <coachViewId>64.86b875d6-7c2c-4da7-8e3e-ae61d6640ad2</coachViewId>
            <moduleId>dojo/dom-attr</moduleId>
            <functionArgument>domAttr</functionArgument>
            <seq>4</seq>
            <guid>11739a6f-6646-4379-80ab-e3d62ae73acb</guid>
            <versionId>228e1a31-d2fa-444e-addc-743641eb9fc1</versionId>
        </amdDependency>
        <amdDependency>
            <lastModified isNull="true" />
            <lastModifiedBy isNull="true" />
            <tenantId isNull="true" />
            <coachViewAmdDepId>70.36577766-aa51-46bb-8650-d9b233e371a8</coachViewAmdDepId>
            <coachViewId>64.86b875d6-7c2c-4da7-8e3e-ae61d6640ad2</coachViewId>
            <moduleId>dojo/dom-class</moduleId>
            <functionArgument>domClass</functionArgument>
            <seq>5</seq>
            <guid>cc3ac82b-bb9f-4ae5-baf7-68bfa8b32541</guid>
            <versionId>c8b171e5-d816-4aca-87ab-2989942b1178</versionId>
        </amdDependency>
        <amdDependency>
            <lastModified isNull="true" />
            <lastModifiedBy isNull="true" />
            <tenantId isNull="true" />
            <coachViewAmdDepId>70.98193a18-1afa-49a5-9b7e-be1f0b3c1638</coachViewAmdDepId>
            <coachViewId>64.86b875d6-7c2c-4da7-8e3e-ae61d6640ad2</coachViewId>
            <moduleId>dojo/dom-construct</moduleId>
            <functionArgument>domConstruct</functionArgument>
            <seq>6</seq>
            <guid>d6ad8998-716c-4372-83ae-968d5c4e3aa1</guid>
            <versionId>8c1df8f2-c610-42fd-8cbd-e7f8dbe34c3d</versionId>
        </amdDependency>
    </coachView>
</teamworks>

