<?xml version="1.0" encoding="UTF-8"?>
<teamworks>
    <coachView id="64.90873a5d-a157-4337-814f-551d89eeb98d" name="Create Package">
        <lastModified>1666270805957</lastModified>
        <lastModifiedBy>tw_admin</lastModifiedBy>
        <tenantId isNull="true" />
        <coachViewId>64.90873a5d-a157-4337-814f-551d89eeb98d</coachViewId>
        <isTemplate>false</isTemplate>
        <layout>&lt;?xml version="1.0" encoding="UTF-8" standalone="yes"?&gt;&lt;ns2:layout xmlns:ns2="http://www.ibm.com/bpm/CoachDesignerNG" xmlns:ns3="http://www.ibm.com/bpm/coachview"&gt;&lt;ns2:layoutItem xsi:type="ns2:ViewRef" version="8550" xmlns:xsi="http://www.w3.org/2001/XMLSchema-instance"&gt;&lt;ns2:id&gt;2df4ed87-21a0-421c-801c-cbd8518c6720&lt;/ns2:id&gt;&lt;ns2:layoutItemId&gt;CreatePackageButton&lt;/ns2:layoutItemId&gt;&lt;ns2:configData&gt;&lt;ns2:id&gt;7d26dd99-3123-4c3b-8a90-f46d6f5d4449&lt;/ns2:id&gt;&lt;ns2:optionName&gt;@label&lt;/ns2:optionName&gt;&lt;ns2:value&gt;Create Package&lt;/ns2:value&gt;&lt;/ns2:configData&gt;&lt;ns2:configData&gt;&lt;ns2:id&gt;0eabbe36-a168-4181-83e0-b038e67209e9&lt;/ns2:id&gt;&lt;ns2:optionName&gt;@helpText&lt;/ns2:optionName&gt;&lt;ns2:value&gt;&lt;/ns2:value&gt;&lt;/ns2:configData&gt;&lt;ns2:configData&gt;&lt;ns2:id&gt;c87f733b-af49-4b02-8a05-8a7a3d7c3f90&lt;/ns2:id&gt;&lt;ns2:optionName&gt;@labelVisibility&lt;/ns2:optionName&gt;&lt;ns2:value&gt;SHOW&lt;/ns2:value&gt;&lt;/ns2:configData&gt;&lt;ns2:configData&gt;&lt;ns2:id&gt;d743dd42-3b8e-4bbf-8c74-c3a1cb568d99&lt;/ns2:id&gt;&lt;ns2:optionName&gt;tabIndex&lt;/ns2:optionName&gt;&lt;ns2:value&gt;0&lt;/ns2:value&gt;&lt;/ns2:configData&gt;&lt;ns2:configData&gt;&lt;ns2:id&gt;3f69e790-8d4d-4ef2-8eaf-03b921928984&lt;/ns2:id&gt;&lt;ns2:optionName&gt;colorStyle&lt;/ns2:optionName&gt;&lt;ns2:value&gt;tw.options.colorStyle&lt;/ns2:value&gt;&lt;ns2:valueType&gt;dynamic&lt;/ns2:valueType&gt;&lt;/ns2:configData&gt;&lt;ns2:configData&gt;&lt;ns2:id&gt;0dba9085-7a0a-40ac-8b58-f2990ae6fe97&lt;/ns2:id&gt;&lt;ns2:optionName&gt;sizeStyle&lt;/ns2:optionName&gt;&lt;ns2:value&gt;tw.options.sizeStyle&lt;/ns2:value&gt;&lt;ns2:valueType&gt;dynamic&lt;/ns2:valueType&gt;&lt;/ns2:configData&gt;&lt;ns2:configData&gt;&lt;ns2:id&gt;6e45e3a0-89a0-4a3f-8623-8963dd743205&lt;/ns2:id&gt;&lt;ns2:optionName&gt;width&lt;/ns2:optionName&gt;&lt;ns2:value&gt;tw.options.width&lt;/ns2:value&gt;&lt;ns2:valueType&gt;dynamic&lt;/ns2:valueType&gt;&lt;/ns2:configData&gt;&lt;ns2:configData&gt;&lt;ns2:id&gt;5aa0e1ec-aea2-4fb4-8687-6565d4b71c79&lt;/ns2:id&gt;&lt;ns2:optionName&gt;eventON_CLICK&lt;/ns2:optionName&gt;&lt;ns2:value&gt;@openCreatePackageClientModal&lt;/ns2:value&gt;&lt;/ns2:configData&gt;&lt;ns2:configData&gt;&lt;ns2:id&gt;315fe89a-6d1f-4344-89aa-d66b680d34d9&lt;/ns2:id&gt;&lt;ns2:optionName&gt;iconLocation&lt;/ns2:optionName&gt;&lt;ns2:value&gt;tw.options.iconLocation&lt;/ns2:value&gt;&lt;ns2:valueType&gt;dynamic&lt;/ns2:valueType&gt;&lt;/ns2:configData&gt;&lt;ns2:configData&gt;&lt;ns2:id&gt;50f8c1a7-938f-42ca-8b36-3ef0e4cba998&lt;/ns2:id&gt;&lt;ns2:optionName&gt;icon&lt;/ns2:optionName&gt;&lt;ns2:value&gt;tw.options.icon&lt;/ns2:value&gt;&lt;ns2:valueType&gt;dynamic&lt;/ns2:valueType&gt;&lt;/ns2:configData&gt;&lt;ns2:configData&gt;&lt;ns2:id&gt;ea6cafef-548d-4c32-80a3-63fcfb92f9df&lt;/ns2:id&gt;&lt;ns2:optionName&gt;shapeStyle&lt;/ns2:optionName&gt;&lt;ns2:value&gt;tw.options.shapeStyle&lt;/ns2:value&gt;&lt;ns2:valueType&gt;dynamic&lt;/ns2:valueType&gt;&lt;/ns2:configData&gt;&lt;ns2:configData&gt;&lt;ns2:id&gt;f230ba92-eaeb-49c6-8333-2db77fbb62ac&lt;/ns2:id&gt;&lt;ns2:optionName&gt;outline&lt;/ns2:optionName&gt;&lt;ns2:value&gt;tw.options.outline&lt;/ns2:value&gt;&lt;ns2:valueType&gt;dynamic&lt;/ns2:valueType&gt;&lt;/ns2:configData&gt;&lt;ns2:configData&gt;&lt;ns2:id&gt;72b96d9c-cd78-4180-80f2-f0dea1fd6178&lt;/ns2:id&gt;&lt;ns2:optionName&gt;ghostMode&lt;/ns2:optionName&gt;&lt;ns2:value&gt;tw.options.ghostMode&lt;/ns2:value&gt;&lt;ns2:valueType&gt;dynamic&lt;/ns2:valueType&gt;&lt;/ns2:configData&gt;&lt;ns2:viewUUID&gt;64.7133c7d4-1a54-45c8-89cd-a8e8fa4a8e36&lt;/ns2:viewUUID&gt;&lt;/ns2:layoutItem&gt;&lt;/ns2:layout&gt;</layout>
        <paletteIcon isNull="true" />
        <previewImage isNull="true" />
        <hasLabel>true</hasLabel>
        <labelPosition>0</labelPosition>
        <nineSliceX1Coord>0</nineSliceX1Coord>
        <nineSliceX2Coord>0</nineSliceX2Coord>
        <nineSliceY1Coord>0</nineSliceY1Coord>
        <nineSliceY2Coord>0</nineSliceY2Coord>
        <emitBoundary>false</emitBoundary>
        <isPrototypeFunc>true</isPrototypeFunc>
        <enableDevMode>false</enableDevMode>
        <isMobileReady>true</isMobileReady>
        <loadJsFunction isNull="true" />
        <unloadJsFunction isNull="true" />
        <viewJsFunction isNull="true" />
        <changeJsFunction isNull="true" />
        <collaborationJsFunction isNull="true" />
        <description></description>
        <validateJsFunction isNull="true" />
        <previewAdvHtml>d7d6f0f8-7a7b-4bea-87e7-3bb66a2ad3a3/61.71da8275-e204-4349-b1e4-5376ce9d7d0c</previewAdvHtml>
        <previewAdvJs>d7d6f0f8-7a7b-4bea-87e7-3bb66a2ad3a3/61.abcd6f7a-670c-41dd-bd74-3865ad9e9b10</previewAdvJs>
        <useUrlBinding>false</useUrlBinding>
        <guid>guid:d56c5e15da21e283:-11ee1b7a:1839c619c62:-7fd7</guid>
        <versionId>b75e5b01-3529-4116-8177-6ec144348756</versionId>
        <field1 isNull="true" />
        <field2 isNull="true" />
        <field3>0</field3>
        <field4 isNull="true" />
        <field5>false</field5>
        <clobField1 isNull="true" />
        <configOption name="tosName">
            <lastModified isNull="true" />
            <lastModifiedBy isNull="true" />
            <tenantId isNull="true" />
            <coachViewConfigOptionId>66.e319e307-0b87-43d7-9848-a1a29a946f3d</coachViewConfigOptionId>
            <coachViewId>64.90873a5d-a157-4337-814f-551d89eeb98d</coachViewId>
            <isList>false</isList>
            <propertyType>OBJECT</propertyType>
            <label>tw.resource.CAT.tosNameLBL</label>
            <classId>56f01b11-2631-47ae-acdd-75a5c2d4e9d2/12.db884a3c-c533-44b7-bb2d-47bec8ad4022</classId>
            <processId isNull="true" />
            <actionflowId isNull="true" />
            <isAdaptive>false</isAdaptive>
            <seq>0</seq>
            <description>tw.resource.CAT.tosNameDOC</description>
            <groupName></groupName>
            <guid>guid:e319e307-0b87-43d7-9848-a1a29a946f3d</guid>
            <versionId>a4bb13bf-6594-44a6-bec3-e56df05e20c3</versionId>
        </configOption>
        <configOption name="caseID">
            <lastModified isNull="true" />
            <lastModifiedBy isNull="true" />
            <tenantId isNull="true" />
            <coachViewConfigOptionId>66.eb40703a-e61a-4218-ae08-68b55fc4f757</coachViewConfigOptionId>
            <coachViewId>64.90873a5d-a157-4337-814f-551d89eeb98d</coachViewId>
            <isList>false</isList>
            <propertyType>OBJECT</propertyType>
            <label>tw.resource.CAT.caseIdLBL</label>
            <classId>56f01b11-2631-47ae-acdd-75a5c2d4e9d2/12.db884a3c-c533-44b7-bb2d-47bec8ad4022</classId>
            <processId isNull="true" />
            <actionflowId isNull="true" />
            <isAdaptive>false</isAdaptive>
            <seq>1</seq>
            <description>tw.resource.CAT.caseIdentifierDOC</description>
            <groupName></groupName>
            <guid>guid:eb40703a-e61a-4218-ae08-68b55fc4f757</guid>
            <versionId>87511c77-f7ee-4b52-8dca-9add39d1ac74</versionId>
        </configOption>
        <configOption name="isCaseClient">
            <lastModified isNull="true" />
            <lastModifiedBy isNull="true" />
            <tenantId isNull="true" />
            <coachViewConfigOptionId>66.8ed924fd-dc5e-4885-aaac-0ec0685b9472</coachViewConfigOptionId>
            <coachViewId>64.90873a5d-a157-4337-814f-551d89eeb98d</coachViewId>
            <isList>false</isList>
            <propertyType>OBJECT</propertyType>
            <label>tw.resource.CAT.isCaseClientLBL</label>
            <classId>56f01b11-2631-47ae-acdd-75a5c2d4e9d2/12.83ff975e-8dbc-42e5-b738-fa8bc08274a2</classId>
            <processId isNull="true" />
            <actionflowId isNull="true" />
            <isAdaptive>false</isAdaptive>
            <seq>2</seq>
            <description>tw.resource.CAT.isCaseClientDOC</description>
            <groupName></groupName>
            <guid>guid:8ed924fd-dc5e-4885-aaac-0ec0685b9472</guid>
            <versionId>6dc0e981-671a-4de9-b5ef-ed9d6b44d64f</versionId>
        </configOption>
        <configOption name="hideCreatePackageButton">
            <lastModified isNull="true" />
            <lastModifiedBy isNull="true" />
            <tenantId isNull="true" />
            <coachViewConfigOptionId>66.2c7765c6-e8d8-47f9-9b46-8dd11768447a</coachViewConfigOptionId>
            <coachViewId>64.90873a5d-a157-4337-814f-551d89eeb98d</coachViewId>
            <isList>false</isList>
            <propertyType>OBJECT</propertyType>
            <label>tw.resource.CAT.hideCreatePackageButton</label>
            <classId>56f01b11-2631-47ae-acdd-75a5c2d4e9d2/12.83ff975e-8dbc-42e5-b738-fa8bc08274a2</classId>
            <processId isNull="true" />
            <actionflowId isNull="true" />
            <isAdaptive>false</isAdaptive>
            <seq>3</seq>
            <description>tw.resource.CAT.hideCreatePackageButtonDoc</description>
            <groupName>tw.resource.BPMUI.zCommonGRPAppearance</groupName>
            <guid>guid:2c7765c6-e8d8-47f9-9b46-8dd11768447a</guid>
            <versionId>375884b6-1c97-4c50-9cd4-b052c92eb224</versionId>
        </configOption>
        <configOption name="colorStyle">
            <lastModified isNull="true" />
            <lastModifiedBy isNull="true" />
            <tenantId isNull="true" />
            <coachViewConfigOptionId>66.2b987e1d-c7bf-4b6f-8cd5-6f6d8c6f720c</coachViewConfigOptionId>
            <coachViewId>64.90873a5d-a157-4337-814f-551d89eeb98d</coachViewId>
            <isList>false</isList>
            <propertyType>OBJECT</propertyType>
            <label>tw.resource.BPMUI.ButtonLBLcolorStyle</label>
            <classId>d7d6f0f8-7a7b-4bea-87e7-3bb66a2ad3a3/12.94510c84-2ee1-4487-a1df-006aac6f1918</classId>
            <processId isNull="true" />
            <actionflowId isNull="true" />
            <isAdaptive>false</isAdaptive>
            <seq>4</seq>
            <description>tw.resource.BPMUI.ButtonDOCcolorStyle</description>
            <groupName>tw.resource.BPMUI.zCommonGRPAppearance</groupName>
            <guid>guid:2b987e1d-c7bf-4b6f-8cd5-6f6d8c6f720c</guid>
            <versionId>a2303b00-f05b-457b-a5e7-abc9a7090317</versionId>
        </configOption>
        <configOption name="shapeStyle">
            <lastModified isNull="true" />
            <lastModifiedBy isNull="true" />
            <tenantId isNull="true" />
            <coachViewConfigOptionId>66.b348585a-60a7-499f-a2ae-eb3f2b7fa5f8</coachViewConfigOptionId>
            <coachViewId>64.90873a5d-a157-4337-814f-551d89eeb98d</coachViewId>
            <isList>false</isList>
            <propertyType>OBJECT</propertyType>
            <label>tw.resource.BPMUI.ButtonLBLshapeStyle</label>
            <classId>d7d6f0f8-7a7b-4bea-87e7-3bb66a2ad3a3/12.203ff638-a153-4d69-8b87-d9ea008a55a3</classId>
            <processId isNull="true" />
            <actionflowId isNull="true" />
            <isAdaptive>false</isAdaptive>
            <seq>5</seq>
            <description>tw.resource.BPMUI.ButtonDOCshapeStyle</description>
            <groupName>tw.resource.BPMUI.zCommonGRPAppearance</groupName>
            <guid>guid:b348585a-60a7-499f-a2ae-eb3f2b7fa5f8</guid>
            <versionId>85936e5a-ce35-407f-bfb6-c482e5e1d282</versionId>
        </configOption>
        <configOption name="sizeStyle">
            <lastModified isNull="true" />
            <lastModifiedBy isNull="true" />
            <tenantId isNull="true" />
            <coachViewConfigOptionId>66.e0c4803c-d4ab-421e-bc28-b723012c673f</coachViewConfigOptionId>
            <coachViewId>64.90873a5d-a157-4337-814f-551d89eeb98d</coachViewId>
            <isList>false</isList>
            <propertyType>OBJECT</propertyType>
            <label>tw.resource.BPMUI.ButtonLBLsizeStyle</label>
            <classId>d7d6f0f8-7a7b-4bea-87e7-3bb66a2ad3a3/12.6350f376-b985-4eb6-835e-25b425fc6936</classId>
            <processId isNull="true" />
            <actionflowId isNull="true" />
            <isAdaptive>false</isAdaptive>
            <seq>6</seq>
            <description>tw.resource.BPMUI.ButtonDOCsizeStyle</description>
            <groupName>tw.resource.BPMUI.zCommonGRPAppearance</groupName>
            <guid>guid:e0c4803c-d4ab-421e-bc28-b723012c673f</guid>
            <versionId>4db29504-4e94-402e-9a57-acf556c4d63e</versionId>
        </configOption>
        <configOption name="outline">
            <lastModified isNull="true" />
            <lastModifiedBy isNull="true" />
            <tenantId isNull="true" />
            <coachViewConfigOptionId>66.c2f115aa-705f-45db-a3fd-2a64740e823e</coachViewConfigOptionId>
            <coachViewId>64.90873a5d-a157-4337-814f-551d89eeb98d</coachViewId>
            <isList>false</isList>
            <propertyType>OBJECT</propertyType>
            <label>tw.resource.BPMUI.ButtonLBLoutline</label>
            <classId>56f01b11-2631-47ae-acdd-75a5c2d4e9d2/12.83ff975e-8dbc-42e5-b738-fa8bc08274a2</classId>
            <processId isNull="true" />
            <actionflowId isNull="true" />
            <isAdaptive>false</isAdaptive>
            <seq>7</seq>
            <description>tw.resource.BPMUI.ButtonDOCoutline</description>
            <groupName>tw.resource.BPMUI.zCommonGRPAppearance</groupName>
            <guid>guid:c2f115aa-705f-45db-a3fd-2a64740e823e</guid>
            <versionId>fdfa76c7-b86e-4df8-b6fa-bbea56739530</versionId>
        </configOption>
        <configOption name="icon">
            <lastModified isNull="true" />
            <lastModifiedBy isNull="true" />
            <tenantId isNull="true" />
            <coachViewConfigOptionId>66.8b7138cf-b6d3-4934-ab27-e92de65efc60</coachViewConfigOptionId>
            <coachViewId>64.90873a5d-a157-4337-814f-551d89eeb98d</coachViewId>
            <isList>false</isList>
            <propertyType>OBJECT</propertyType>
            <label>tw.resource.BPMUI.ButtonLBLicon</label>
            <classId>56f01b11-2631-47ae-acdd-75a5c2d4e9d2/12.db884a3c-c533-44b7-bb2d-47bec8ad4022</classId>
            <processId isNull="true" />
            <actionflowId isNull="true" />
            <isAdaptive>false</isAdaptive>
            <seq>8</seq>
            <description>tw.resource.BPMUI.ButtonDOCicon</description>
            <groupName>tw.resource.BPMUI.zCommonGRPAppearance</groupName>
            <guid>guid:8b7138cf-b6d3-4934-ab27-e92de65efc60</guid>
            <versionId>e14e5df5-b763-42d9-b049-1c0d76f32b64</versionId>
        </configOption>
        <configOption name="width">
            <lastModified isNull="true" />
            <lastModifiedBy isNull="true" />
            <tenantId isNull="true" />
            <coachViewConfigOptionId>66.4b0bb39e-b813-409f-9d14-d2005de88508</coachViewConfigOptionId>
            <coachViewId>64.90873a5d-a157-4337-814f-551d89eeb98d</coachViewId>
            <isList>false</isList>
            <propertyType>OBJECT</propertyType>
            <label>tw.resource.BPMUI.ButtonLBLwidth</label>
            <classId>56f01b11-2631-47ae-acdd-75a5c2d4e9d2/12.db884a3c-c533-44b7-bb2d-47bec8ad4022</classId>
            <processId isNull="true" />
            <actionflowId isNull="true" />
            <isAdaptive>false</isAdaptive>
            <seq>9</seq>
            <description>tw.resource.BPMUI.ButtonDOCwidth</description>
            <groupName>tw.resource.BPMUI.zCommonGRPAppearance</groupName>
            <guid>guid:4b0bb39e-b813-409f-9d14-d2005de88508</guid>
            <versionId>34807974-546c-414f-bd3b-e141051f7bfa</versionId>
        </configOption>
        <configOption name="iconLocation">
            <lastModified isNull="true" />
            <lastModifiedBy isNull="true" />
            <tenantId isNull="true" />
            <coachViewConfigOptionId>66.22494e27-f74d-4acc-aee9-0037edcc3ec6</coachViewConfigOptionId>
            <coachViewId>64.90873a5d-a157-4337-814f-551d89eeb98d</coachViewId>
            <isList>false</isList>
            <propertyType>OBJECT</propertyType>
            <label>tw.resource.BPMUI.ButtonLBLiconLocation</label>
            <classId>d7d6f0f8-7a7b-4bea-87e7-3bb66a2ad3a3/12.1c06052f-a56b-4c88-8b02-47907baf4da2</classId>
            <processId isNull="true" />
            <actionflowId isNull="true" />
            <isAdaptive>false</isAdaptive>
            <seq>10</seq>
            <description>tw.resource.BPMUI.ButtonDOCiconLocation</description>
            <groupName>tw.resource.BPMUI.zCommonGRPAppearance</groupName>
            <guid>guid:22494e27-f74d-4acc-aee9-0037edcc3ec6</guid>
            <versionId>becb099b-cf39-4839-b391-dd224d168598</versionId>
        </configOption>
        <configOption name="ghostMode">
            <lastModified isNull="true" />
            <lastModifiedBy isNull="true" />
            <tenantId isNull="true" />
            <coachViewConfigOptionId>66.e721a58e-6d97-4408-97fe-6ff242c59334</coachViewConfigOptionId>
            <coachViewId>64.90873a5d-a157-4337-814f-551d89eeb98d</coachViewId>
            <isList>false</isList>
            <propertyType>OBJECT</propertyType>
            <label>tw.resource.BPMUI.ButtonLBLghostMode</label>
            <classId>56f01b11-2631-47ae-acdd-75a5c2d4e9d2/12.83ff975e-8dbc-42e5-b738-fa8bc08274a2</classId>
            <processId isNull="true" />
            <actionflowId isNull="true" />
            <isAdaptive>false</isAdaptive>
            <seq>11</seq>
            <description>tw.resource.BPMUI.ButtonDOCghostMode</description>
            <groupName>tw.resource.BPMUI.zCommonGRPAppearance</groupName>
            <guid>guid:e721a58e-6d97-4408-97fe-6ff242c59334</guid>
            <versionId>74206b90-6146-4547-95c2-d114f367debf</versionId>
        </configOption>
        <dynamicStyle>
            <lastModified isNull="true" />
            <lastModifiedBy isNull="true" />
            <tenantId isNull="true" />
            <coachViewDynamicStyleId>73.7dc58f42-ae9f-4a13-a85c-8cd7bc52d5f7</coachViewDynamicStyleId>
            <coachViewId>64.90873a5d-a157-4337-814f-551d89eeb98d</coachViewId>
            <filePath>case.less</filePath>
            <assetUuid>/61.2e649208-11dd-4f58-a4c9-53c91521b179</assetUuid>
            <seq>0</seq>
            <guid>guid:7dc58f42-ae9f-4a13-a85c-8cd7bc52d5f7</guid>
            <versionId>6c8d8675-18ff-4ac8-acd8-e67c15ed56d0</versionId>
        </dynamicStyle>
        <dynamicStyle>
            <lastModified isNull="true" />
            <lastModifiedBy isNull="true" />
            <tenantId isNull="true" />
            <coachViewDynamicStyleId>73.382a22f2-ec4c-4f5c-8e48-c8adb4684341</coachViewDynamicStyleId>
            <coachViewId>64.90873a5d-a157-4337-814f-551d89eeb98d</coachViewId>
            <filePath>bpmUI.less</filePath>
            <assetUuid>d7d6f0f8-7a7b-4bea-87e7-3bb66a2ad3a3/61.26865295-8511-4538-b8f1-4cb99c203a92</assetUuid>
            <seq>1</seq>
            <guid>guid:382a22f2-ec4c-4f5c-8e48-c8adb4684341</guid>
            <versionId>1efbf9f5-55c1-4fa1-9a1f-7cf267bee549</versionId>
        </dynamicStyle>
        <resource>
            <lastModified isNull="true" />
            <lastModifiedBy isNull="true" />
            <tenantId isNull="true" />
            <coachViewResourceId>67.cddc0e00-43c2-40e2-a1e5-01b3b75a706c</coachViewResourceId>
            <coachViewId>64.90873a5d-a157-4337-814f-551d89eeb98d</coachViewId>
            <filePath>Core.js</filePath>
            <ieCondition></ieCondition>
            <mediaQuery></mediaQuery>
            <scriptLoadStyle isNull="true" />
            <assetUuid>/61.b9f2b5d6-21e2-48a0-a41a-5149ebe9db15</assetUuid>
            <seq>0</seq>
            <guid>guid:cddc0e00-43c2-40e2-a1e5-01b3b75a706c</guid>
            <versionId>996b0c12-51ce-462d-978c-f7d48a48195e</versionId>
        </resource>
        <inlineScript name="Inline Javascript">
            <lastModified isNull="true" />
            <lastModifiedBy isNull="true" />
            <tenantId isNull="true" />
            <coachViewInlineScriptId>68.17851226-9506-49cf-88d5-c3f9e4099f5d</coachViewInlineScriptId>
            <coachViewId>64.90873a5d-a157-4337-814f-551d89eeb98d</coachViewId>
            <scriptType>JS</scriptType>
            <scriptBlock>var fileName = 'Case-Control-CreatePackage.js';&#xD;
var path = (dojoConfig.isDebug === true) ?&#xD;
 	com_ibm_bpm_coach.getManagedAssetUrl(fileName, com_ibm_bpm_coach.assetType_WEB, 'SYSCT', false) :&#xD;
 	com_ibm_bpm_coach.getManagedAssetUrl('Case-Controls.min.js', com_ibm_bpm_coach.assetType_WEB, 'SYSCT', false);&#xD;
&#xD;
 	path = (dojoConfig.isDeveloperMode === true) ? "case/files/" + fileName : path;&#xD;
var _this = this;&#xD;
require({async:false},[path], function() {&#xD;
	case_control_InitCreatePackage.call(_this, utilities, taskUtils, wpResources, domConstruct);&#xD;
});</scriptBlock>
            <seq>0</seq>
            <description></description>
            <guid>guid:17851226-9506-49cf-88d5-c3f9e4099f5d</guid>
            <versionId>fd0ade13-b44c-4286-98ec-16a6f88a7359</versionId>
        </inlineScript>
        <localization>
            <lastModified isNull="true" />
            <lastModifiedBy isNull="true" />
            <tenantId isNull="true" />
            <coachViewLocalResId>69.4144a22d-6293-4308-a507-50c7c4e4e98c</coachViewLocalResId>
            <coachViewId>64.90873a5d-a157-4337-814f-551d89eeb98d</coachViewId>
            <resourceBundleGroupId>/50.c4d6cc83-a000-4ae2-b2f5-d35d89f9c6ba</resourceBundleGroupId>
            <seq>0</seq>
            <guid>guid:4144a22d-6293-4308-a507-50c7c4e4e98c</guid>
            <versionId>50b182e2-0688-4b34-bbee-dcab61112496</versionId>
        </localization>
        <localization>
            <lastModified isNull="true" />
            <lastModifiedBy isNull="true" />
            <tenantId isNull="true" />
            <coachViewLocalResId>69.9915e450-1391-436d-b8cb-cf33403229a5</coachViewLocalResId>
            <coachViewId>64.90873a5d-a157-4337-814f-551d89eeb98d</coachViewId>
            <resourceBundleGroupId>d7d6f0f8-7a7b-4bea-87e7-3bb66a2ad3a3/50.f9a573ef-523f-4f0e-80c8-39285c07ddd4</resourceBundleGroupId>
            <seq>1</seq>
            <guid>guid:9915e450-1391-436d-b8cb-cf33403229a5</guid>
            <versionId>6c05ebfd-e5cc-4625-8cf0-1071ce16665d</versionId>
        </localization>
        <amdDependency>
            <lastModified isNull="true" />
            <lastModifiedBy isNull="true" />
            <tenantId isNull="true" />
            <coachViewAmdDepId>70.207de4a5-9c77-45cc-9f99-07404200e6c8</coachViewAmdDepId>
            <coachViewId>64.90873a5d-a157-4337-814f-551d89eeb98d</coachViewId>
            <moduleId>com.ibm.bpm.case.resources</moduleId>
            <functionArgument>wpResources</functionArgument>
            <seq>0</seq>
            <guid>guid:207de4a5-9c77-45cc-9f99-07404200e6c8</guid>
            <versionId>ae9450a9-3549-4f88-a3d7-99c80dcf0aa2</versionId>
        </amdDependency>
        <amdDependency>
            <lastModified isNull="true" />
            <lastModifiedBy isNull="true" />
            <tenantId isNull="true" />
            <coachViewAmdDepId>70.8118ac57-8393-4a8e-a8d5-893642ef3465</coachViewAmdDepId>
            <coachViewId>64.90873a5d-a157-4337-814f-551d89eeb98d</coachViewId>
            <moduleId>com.ibm.bpm.case.core/taskUtils</moduleId>
            <functionArgument>taskUtils</functionArgument>
            <seq>1</seq>
            <guid>guid:8118ac57-8393-4a8e-a8d5-893642ef3465</guid>
            <versionId>ce824da6-519d-4be3-8dff-f9cd52be089e</versionId>
        </amdDependency>
        <amdDependency>
            <lastModified isNull="true" />
            <lastModifiedBy isNull="true" />
            <tenantId isNull="true" />
            <coachViewAmdDepId>70.4378c916-4a06-4042-a844-4a44b71048b6</coachViewAmdDepId>
            <coachViewId>64.90873a5d-a157-4337-814f-551d89eeb98d</coachViewId>
            <moduleId>dojo/_base/array</moduleId>
            <functionArgument>array</functionArgument>
            <seq>2</seq>
            <guid>guid:4378c916-4a06-4042-a844-4a44b71048b6</guid>
            <versionId>3ca041b9-60ab-41bc-9b4f-02f9ec718be8</versionId>
        </amdDependency>
        <amdDependency>
            <lastModified isNull="true" />
            <lastModifiedBy isNull="true" />
            <tenantId isNull="true" />
            <coachViewAmdDepId>70.ceadaddf-7d8d-4c1c-a0de-4582f6da182b</coachViewAmdDepId>
            <coachViewId>64.90873a5d-a157-4337-814f-551d89eeb98d</coachViewId>
            <moduleId>com.ibm.bpm.coach.utils/utilities</moduleId>
            <functionArgument>utilities</functionArgument>
            <seq>3</seq>
            <guid>guid:ceadaddf-7d8d-4c1c-a0de-4582f6da182b</guid>
            <versionId>13cd2700-7691-43ea-b8a5-1c4b5123a67d</versionId>
        </amdDependency>
        <amdDependency>
            <lastModified isNull="true" />
            <lastModifiedBy isNull="true" />
            <tenantId isNull="true" />
            <coachViewAmdDepId>70.045a138d-a0a9-4f56-b6af-421b60e43dda</coachViewAmdDepId>
            <coachViewId>64.90873a5d-a157-4337-814f-551d89eeb98d</coachViewId>
            <moduleId>dojo/dom-construct</moduleId>
            <functionArgument>domConstruct</functionArgument>
            <seq>4</seq>
            <guid>guid:045a138d-a0a9-4f56-b6af-421b60e43dda</guid>
            <versionId>20187c70-2c1e-4481-af2c-86f795e3d7ef</versionId>
        </amdDependency>
    </coachView>
</teamworks>

