<?xml version="1.0" encoding="UTF-8"?>
<teamworks>
    <coachView id="64.a34ada3a-5d0c-4e7f-9c15-5746ec39e2f9" name="Split Case Create">
        <lastModified>1653844650731</lastModified>
        <lastModifiedBy>tw_admin</lastModifiedBy>
        <tenantId isNull="true" />
        <coachViewId>64.a34ada3a-5d0c-4e7f-9c15-5746ec39e2f9</coachViewId>
        <isTemplate>false</isTemplate>
        <layout>&lt;?xml version="1.0" encoding="UTF-8" standalone="yes"?&gt;&lt;ns2:layout xmlns:ns2="http://www.ibm.com/bpm/CoachDesignerNG" xmlns:ns3="http://www.ibm.com/bpm/coachview"&gt;&lt;ns2:layoutItem xsi:type="ns2:ViewRef" version="8550" xmlns:xsi="http://www.w3.org/2001/XMLSchema-instance"&gt;&lt;ns2:id&gt;ca1d9c45-291a-4a75-810e-a2e463a1fdb7&lt;/ns2:id&gt;&lt;ns2:layoutItemId&gt;SplitCaseButton&lt;/ns2:layoutItemId&gt;&lt;ns2:configData&gt;&lt;ns2:id&gt;8d4552ff-0860-49cd-8b4c-d73c580f5a96&lt;/ns2:id&gt;&lt;ns2:optionName&gt;@label&lt;/ns2:optionName&gt;&lt;ns2:value&gt;Split Case Button&lt;/ns2:value&gt;&lt;/ns2:configData&gt;&lt;ns2:configData&gt;&lt;ns2:id&gt;f8734376-2acb-4b15-81b1-64a686d27a5b&lt;/ns2:id&gt;&lt;ns2:optionName&gt;@helpText&lt;/ns2:optionName&gt;&lt;ns2:value&gt;&lt;/ns2:value&gt;&lt;/ns2:configData&gt;&lt;ns2:configData&gt;&lt;ns2:id&gt;481f4c9e-3c2a-45e5-802f-f1c8a6002814&lt;/ns2:id&gt;&lt;ns2:optionName&gt;@labelVisibility&lt;/ns2:optionName&gt;&lt;ns2:value&gt;SHOW&lt;/ns2:value&gt;&lt;/ns2:configData&gt;&lt;ns2:configData&gt;&lt;ns2:id&gt;dcfeec45-7876-47f9-8544-8423d5b61431&lt;/ns2:id&gt;&lt;ns2:optionName&gt;hAlignment&lt;/ns2:optionName&gt;&lt;ns2:value&gt;{"isResponsiveData":true,"values":[{"deviceConfigID":"LargeID","value":"R"}]}&lt;/ns2:value&gt;&lt;/ns2:configData&gt;&lt;ns2:viewUUID&gt;64.44f463cc-615b-43d0-834f-c398a82e0363&lt;/ns2:viewUUID&gt;&lt;ns2:contentBoxContrib&gt;&lt;ns2:id&gt;889a5fe8-efa7-4b23-810a-0bec6ff18a22&lt;/ns2:id&gt;&lt;ns2:contentBoxId&gt;ContentBox1&lt;/ns2:contentBoxId&gt;&lt;ns2:contributions xsi:type="ns2:ViewRef" version="8550"&gt;&lt;ns2:id&gt;acd701dd-ec68-419b-8e73-677d78d430d5&lt;/ns2:id&gt;&lt;ns2:layoutItemId&gt;cancelCaseBtn&lt;/ns2:layoutItemId&gt;&lt;ns2:configData&gt;&lt;ns2:id&gt;6166b3cf-bd26-4749-81ce-17bb983ce849&lt;/ns2:id&gt;&lt;ns2:optionName&gt;@label&lt;/ns2:optionName&gt;&lt;ns2:value&gt;tw.resource.CAT.closeCaseBtn&lt;/ns2:value&gt;&lt;ns2:valueType&gt;dynamic&lt;/ns2:valueType&gt;&lt;/ns2:configData&gt;&lt;ns2:configData&gt;&lt;ns2:id&gt;87c7c745-8b63-4819-8214-46ddc0cee853&lt;/ns2:id&gt;&lt;ns2:optionName&gt;@helpText&lt;/ns2:optionName&gt;&lt;ns2:value&gt;&lt;/ns2:value&gt;&lt;/ns2:configData&gt;&lt;ns2:configData&gt;&lt;ns2:id&gt;4734cbcb-9d34-4235-8caf-188de83153d3&lt;/ns2:id&gt;&lt;ns2:optionName&gt;@labelVisibility&lt;/ns2:optionName&gt;&lt;ns2:value&gt;SHOW&lt;/ns2:value&gt;&lt;/ns2:configData&gt;&lt;ns2:configData&gt;&lt;ns2:id&gt;4e055131-ee80-4841-87f5-b1ce9afa5e67&lt;/ns2:id&gt;&lt;ns2:optionName&gt;preventMultipleClicks&lt;/ns2:optionName&gt;&lt;ns2:value&gt;true&lt;/ns2:value&gt;&lt;/ns2:configData&gt;&lt;ns2:configData&gt;&lt;ns2:id&gt;8d6f7e2c-1377-416a-8cba-ff652903d62d&lt;/ns2:id&gt;&lt;ns2:optionName&gt;eventON_CLICK&lt;/ns2:optionName&gt;&lt;ns2:value&gt;@close(view)&lt;/ns2:value&gt;&lt;/ns2:configData&gt;&lt;ns2:configData&gt;&lt;ns2:id&gt;fc2c11d7-142d-4c35-8275-02341ec7e3f1&lt;/ns2:id&gt;&lt;ns2:optionName&gt;shapeStyle&lt;/ns2:optionName&gt;&lt;ns2:value&gt;D&lt;/ns2:value&gt;&lt;/ns2:configData&gt;&lt;ns2:configData&gt;&lt;ns2:id&gt;e230f81d-f931-400b-8e25-bb8ac6e7cbc3&lt;/ns2:id&gt;&lt;ns2:optionName&gt;sizeStyle&lt;/ns2:optionName&gt;&lt;ns2:value&gt;{"isResponsiveData":true,"values":[{"deviceConfigID":"LargeID","value":"S"}]}&lt;/ns2:value&gt;&lt;/ns2:configData&gt;&lt;ns2:configData&gt;&lt;ns2:id&gt;6398eef6-4ae0-4fdf-875f-ef1cc852444b&lt;/ns2:id&gt;&lt;ns2:optionName&gt;ghostMode&lt;/ns2:optionName&gt;&lt;ns2:value&gt;false&lt;/ns2:value&gt;&lt;/ns2:configData&gt;&lt;ns2:configData&gt;&lt;ns2:id&gt;4121645c-3c50-4d6a-8a8d-e72faa7760f9&lt;/ns2:id&gt;&lt;ns2:optionName&gt;colorStyle&lt;/ns2:optionName&gt;&lt;ns2:value&gt;D&lt;/ns2:value&gt;&lt;/ns2:configData&gt;&lt;ns2:configData&gt;&lt;ns2:id&gt;cc45aa8b-115b-420f-8f1d-76240f0915a2&lt;/ns2:id&gt;&lt;ns2:optionName&gt;outline&lt;/ns2:optionName&gt;&lt;ns2:value&gt;false&lt;/ns2:value&gt;&lt;/ns2:configData&gt;&lt;ns2:configData&gt;&lt;ns2:id&gt;887b0bb6-d595-43ed-8d22-38c1676d291f&lt;/ns2:id&gt;&lt;ns2:optionName&gt;iconLocation&lt;/ns2:optionName&gt;&lt;ns2:value&gt;{"isResponsiveData":true,"values":[{"deviceConfigID":"LargeID","value":"R"}]}&lt;/ns2:value&gt;&lt;/ns2:configData&gt;&lt;ns2:viewUUID&gt;64.7133c7d4-1a54-45c8-89cd-a8e8fa4a8e36&lt;/ns2:viewUUID&gt;&lt;/ns2:contributions&gt;&lt;ns2:contributions xsi:type="ns2:ViewRef" version="8550"&gt;&lt;ns2:id&gt;a1b09013-3788-4a38-8ffd-343333a1f717&lt;/ns2:id&gt;&lt;ns2:layoutItemId&gt;splitCaseBtn&lt;/ns2:layoutItemId&gt;&lt;ns2:configData&gt;&lt;ns2:id&gt;98e29249-e8be-4e87-8e92-3abd13fef9ab&lt;/ns2:id&gt;&lt;ns2:optionName&gt;@label&lt;/ns2:optionName&gt;&lt;ns2:value&gt;tw.resource.CAT.addCaseLabel&lt;/ns2:value&gt;&lt;ns2:valueType&gt;dynamic&lt;/ns2:valueType&gt;&lt;/ns2:configData&gt;&lt;ns2:configData&gt;&lt;ns2:id&gt;95369b50-9b58-443b-88bd-630deba015f0&lt;/ns2:id&gt;&lt;ns2:optionName&gt;@helpText&lt;/ns2:optionName&gt;&lt;ns2:value&gt;&lt;/ns2:value&gt;&lt;/ns2:configData&gt;&lt;ns2:configData&gt;&lt;ns2:id&gt;84ec97cf-06ab-42d3-8a6e-de10f6a80cf4&lt;/ns2:id&gt;&lt;ns2:optionName&gt;@labelVisibility&lt;/ns2:optionName&gt;&lt;ns2:value&gt;HIDE&lt;/ns2:value&gt;&lt;/ns2:configData&gt;&lt;ns2:configData&gt;&lt;ns2:id&gt;baa7c358-8f5b-47f5-89c2-0c581b9f111a&lt;/ns2:id&gt;&lt;ns2:optionName&gt;eventON_CLICK&lt;/ns2:optionName&gt;&lt;ns2:value&gt;@splitCase(view)&lt;/ns2:value&gt;&lt;/ns2:configData&gt;&lt;ns2:configData&gt;&lt;ns2:id&gt;a39fc691-9f2a-4331-8a9f-802c31cb0d08&lt;/ns2:id&gt;&lt;ns2:optionName&gt;preventMultipleClicks&lt;/ns2:optionName&gt;&lt;ns2:value&gt;true&lt;/ns2:value&gt;&lt;/ns2:configData&gt;&lt;ns2:configData&gt;&lt;ns2:id&gt;43b2ceb1-0caf-4cfd-80f9-d87fe594d733&lt;/ns2:id&gt;&lt;ns2:optionName&gt;colorStyle&lt;/ns2:optionName&gt;&lt;ns2:value&gt;P&lt;/ns2:value&gt;&lt;/ns2:configData&gt;&lt;ns2:configData&gt;&lt;ns2:id&gt;20fdca83-7e6b-4a60-8a01-fde95126e50a&lt;/ns2:id&gt;&lt;ns2:optionName&gt;icon&lt;/ns2:optionName&gt;&lt;ns2:value&gt;{"isResponsiveData":true,"values":[{"deviceConfigID":"LargeID","value":""}]}&lt;/ns2:value&gt;&lt;ns2:valueType&gt;static&lt;/ns2:valueType&gt;&lt;/ns2:configData&gt;&lt;ns2:configData&gt;&lt;ns2:id&gt;f1618a14-4def-49db-8bec-55ee4f771292&lt;/ns2:id&gt;&lt;ns2:optionName&gt;iconLocation&lt;/ns2:optionName&gt;&lt;ns2:value&gt;{"isResponsiveData":true,"values":[{"deviceConfigID":"LargeID","value":"R"}]}&lt;/ns2:value&gt;&lt;/ns2:configData&gt;&lt;ns2:configData&gt;&lt;ns2:id&gt;5b86f22c-327b-4cc8-8dcb-2208dc0da707&lt;/ns2:id&gt;&lt;ns2:optionName&gt;sizeStyle&lt;/ns2:optionName&gt;&lt;ns2:value&gt;{"isResponsiveData":true,"values":[{"deviceConfigID":"LargeID","value":"S"}]}&lt;/ns2:value&gt;&lt;/ns2:configData&gt;&lt;ns2:configData&gt;&lt;ns2:id&gt;8187a4e6-dd6e-434a-85e4-67d20cbf1ec8&lt;/ns2:id&gt;&lt;ns2:optionName&gt;outline&lt;/ns2:optionName&gt;&lt;ns2:value&gt;false&lt;/ns2:value&gt;&lt;/ns2:configData&gt;&lt;ns2:viewUUID&gt;64.7133c7d4-1a54-45c8-89cd-a8e8fa4a8e36&lt;/ns2:viewUUID&gt;&lt;/ns2:contributions&gt;&lt;/ns2:contentBoxContrib&gt;&lt;/ns2:layoutItem&gt;&lt;ns2:layoutItem xsi:type="ns2:ViewRef" version="8550" xmlns:xsi="http://www.w3.org/2001/XMLSchema-instance"&gt;&lt;ns2:id&gt;9b200d3a-2ff8-4eab-8dd6-52b2c4e1b40d&lt;/ns2:id&gt;&lt;ns2:layoutItemId&gt;requiredSplitErrorModal&lt;/ns2:layoutItemId&gt;&lt;ns2:configData&gt;&lt;ns2:id&gt;f57c43b8-379d-4e0c-8998-6f96c5e777f7&lt;/ns2:id&gt;&lt;ns2:optionName&gt;@label&lt;/ns2:optionName&gt;&lt;ns2:value&gt;Modal section&lt;/ns2:value&gt;&lt;/ns2:configData&gt;&lt;ns2:configData&gt;&lt;ns2:id&gt;6389415f-a18a-4a0f-8963-67f65cff5f88&lt;/ns2:id&gt;&lt;ns2:optionName&gt;@helpText&lt;/ns2:optionName&gt;&lt;ns2:value&gt;&lt;/ns2:value&gt;&lt;/ns2:configData&gt;&lt;ns2:configData&gt;&lt;ns2:id&gt;f6567b27-ece1-408c-8b7e-b6e3c87f2c9f&lt;/ns2:id&gt;&lt;ns2:optionName&gt;@labelVisibility&lt;/ns2:optionName&gt;&lt;ns2:value&gt;SHOW&lt;/ns2:value&gt;&lt;/ns2:configData&gt;&lt;ns2:configData&gt;&lt;ns2:id&gt;e5fd6fb3-29ac-45fb-8f5d-b7e6d7a93f82&lt;/ns2:id&gt;&lt;ns2:optionName&gt;colorStyle&lt;/ns2:optionName&gt;&lt;ns2:value&gt;G&lt;/ns2:value&gt;&lt;/ns2:configData&gt;&lt;ns2:configData&gt;&lt;ns2:id&gt;b1f6bf4b-2b6a-40a4-839d-03d2af4c15ef&lt;/ns2:id&gt;&lt;ns2:optionName&gt;closeOnClick&lt;/ns2:optionName&gt;&lt;ns2:value&gt;true&lt;/ns2:value&gt;&lt;/ns2:configData&gt;&lt;ns2:configData&gt;&lt;ns2:id&gt;5e582e60-1dd7-4705-8c26-c53f47aed50c&lt;/ns2:id&gt;&lt;ns2:optionName&gt;@visibility&lt;/ns2:optionName&gt;&lt;ns2:value&gt;{"isResponsiveData":true,"values":[{"deviceConfigID":"LargeID","value":"DEFAULT"}]}&lt;/ns2:value&gt;&lt;/ns2:configData&gt;&lt;ns2:viewUUID&gt;64.66286dff-19bf-447a-ad5c-4fc385fea67d&lt;/ns2:viewUUID&gt;&lt;ns2:contentBoxContrib&gt;&lt;ns2:id&gt;7dac591b-e797-41b4-8df0-92cf8264c530&lt;/ns2:id&gt;&lt;ns2:contentBoxId&gt;ContentBox1&lt;/ns2:contentBoxId&gt;&lt;ns2:contributions xsi:type="ns2:ViewRef" version="8550"&gt;&lt;ns2:id&gt;038ee5a1-8ecb-4354-82be-8bffad988ca3&lt;/ns2:id&gt;&lt;ns2:layoutItemId&gt;errorpanel&lt;/ns2:layoutItemId&gt;&lt;ns2:configData&gt;&lt;ns2:id&gt;3a3711ca-409a-4bae-8aec-12c04480ca3d&lt;/ns2:id&gt;&lt;ns2:optionName&gt;@label&lt;/ns2:optionName&gt;&lt;ns2:value&gt;Required&lt;/ns2:value&gt;&lt;/ns2:configData&gt;&lt;ns2:configData&gt;&lt;ns2:id&gt;904c539c-7049-4b49-83ba-fda7942e33af&lt;/ns2:id&gt;&lt;ns2:optionName&gt;@helpText&lt;/ns2:optionName&gt;&lt;ns2:value&gt;&lt;/ns2:value&gt;&lt;/ns2:configData&gt;&lt;ns2:configData&gt;&lt;ns2:id&gt;72b013aa-c56f-4e47-894a-b67dccb55701&lt;/ns2:id&gt;&lt;ns2:optionName&gt;@labelVisibility&lt;/ns2:optionName&gt;&lt;ns2:value&gt;SHOW&lt;/ns2:value&gt;&lt;/ns2:configData&gt;&lt;ns2:configData&gt;&lt;ns2:id&gt;18b7171d-465e-4f92-83e8-657a5d450df1&lt;/ns2:id&gt;&lt;ns2:optionName&gt;colorStyle&lt;/ns2:optionName&gt;&lt;ns2:value&gt;G&lt;/ns2:value&gt;&lt;/ns2:configData&gt;&lt;ns2:configData&gt;&lt;ns2:id&gt;f7d53e2b-2210-4e72-8e41-2e77c394c61f&lt;/ns2:id&gt;&lt;ns2:optionName&gt;icon&lt;/ns2:optionName&gt;&lt;ns2:value&gt;ci-close&lt;/ns2:value&gt;&lt;/ns2:configData&gt;&lt;ns2:configData&gt;&lt;ns2:id&gt;f1db8e8d-e091-42c7-8f6c-e23c024f0bdb&lt;/ns2:id&gt;&lt;ns2:optionName&gt;eventON_ICONCLICK&lt;/ns2:optionName&gt;&lt;ns2:value&gt;@requiredDialogClose&lt;/ns2:value&gt;&lt;/ns2:configData&gt;&lt;ns2:configData&gt;&lt;ns2:id&gt;712547e0-dead-42c8-8350-77f9e5bcbad0&lt;/ns2:id&gt;&lt;ns2:optionName&gt;height&lt;/ns2:optionName&gt;&lt;ns2:value&gt;{"isResponsiveData":true,"values":[{"deviceConfigID":"LargeID","value":"200px"}]}&lt;/ns2:value&gt;&lt;/ns2:configData&gt;&lt;ns2:configData&gt;&lt;ns2:id&gt;fde86ce7-685c-49ea-8c84-c312927251cd&lt;/ns2:id&gt;&lt;ns2:optionName&gt;expression&lt;/ns2:optionName&gt;&lt;ns2:value&gt;bpmext.localization.formatMsg("caseProperties", "validationLabel")&lt;/ns2:value&gt;&lt;/ns2:configData&gt;&lt;ns2:viewUUID&gt;64.455e44ab-b77b-4337-b3f9-435e234fb569&lt;/ns2:viewUUID&gt;&lt;ns2:contentBoxContrib&gt;&lt;ns2:id&gt;b38e016e-7a9a-4f3e-8908-eca0b29e94a2&lt;/ns2:id&gt;&lt;ns2:contentBoxId&gt;ContentBox1&lt;/ns2:contentBoxId&gt;&lt;ns2:contributions xsi:type="ns2:ViewRef" version="8550"&gt;&lt;ns2:id&gt;48117b4e-c33c-48a4-86bf-babbe5736be1&lt;/ns2:id&gt;&lt;ns2:layoutItemId&gt;errorLayout&lt;/ns2:layoutItemId&gt;&lt;ns2:configData&gt;&lt;ns2:id&gt;8e645b7b-6a85-4203-895b-4d1b97888d28&lt;/ns2:id&gt;&lt;ns2:optionName&gt;@label&lt;/ns2:optionName&gt;&lt;ns2:value&gt;Vertical layout&lt;/ns2:value&gt;&lt;/ns2:configData&gt;&lt;ns2:configData&gt;&lt;ns2:id&gt;c4046c03-b52e-4ef0-8dd3-d39957f9e8be&lt;/ns2:id&gt;&lt;ns2:optionName&gt;@helpText&lt;/ns2:optionName&gt;&lt;ns2:value&gt;&lt;/ns2:value&gt;&lt;/ns2:configData&gt;&lt;ns2:configData&gt;&lt;ns2:id&gt;bc2542ac-c045-4e57-889b-66e9734c2177&lt;/ns2:id&gt;&lt;ns2:optionName&gt;@labelVisibility&lt;/ns2:optionName&gt;&lt;ns2:value&gt;SHOW&lt;/ns2:value&gt;&lt;/ns2:configData&gt;&lt;ns2:configData&gt;&lt;ns2:id&gt;7f839e6c-61fb-4e84-839d-4bdbf64bfac8&lt;/ns2:id&gt;&lt;ns2:optionName&gt;vAlignment&lt;/ns2:optionName&gt;&lt;ns2:value&gt;{"isResponsiveData":true,"values":[{"deviceConfigID":"LargeID","value":"M"}]}&lt;/ns2:value&gt;&lt;/ns2:configData&gt;&lt;ns2:viewUUID&gt;64.ef447b87-24a2-42a7-b2b9-cd471e9f7b67&lt;/ns2:viewUUID&gt;&lt;ns2:contentBoxContrib&gt;&lt;ns2:id&gt;2a3a5940-bb6c-45e8-8d91-a079113ffe0f&lt;/ns2:id&gt;&lt;ns2:contentBoxId&gt;ContentBox1&lt;/ns2:contentBoxId&gt;&lt;ns2:contributions xsi:type="ns2:ViewRef" version="8550"&gt;&lt;ns2:id&gt;59e899c1-b769-4760-8544-21f7e72dc88a&lt;/ns2:id&gt;&lt;ns2:layoutItemId&gt;errorSplitText&lt;/ns2:layoutItemId&gt;&lt;ns2:configData&gt;&lt;ns2:id&gt;c94d0276-bcf0-4f25-8aad-483e0d7fd3b6&lt;/ns2:id&gt;&lt;ns2:optionName&gt;@label&lt;/ns2:optionName&gt;&lt;ns2:value&gt;&lt;/ns2:value&gt;&lt;ns2:valueType&gt;static&lt;/ns2:valueType&gt;&lt;/ns2:configData&gt;&lt;ns2:configData&gt;&lt;ns2:id&gt;22928a8a-0622-4253-8a5a-0c9d83c659df&lt;/ns2:id&gt;&lt;ns2:optionName&gt;@helpText&lt;/ns2:optionName&gt;&lt;ns2:value&gt;&lt;/ns2:value&gt;&lt;/ns2:configData&gt;&lt;ns2:configData&gt;&lt;ns2:id&gt;be0376af-38b3-460a-8574-176751d6a6b8&lt;/ns2:id&gt;&lt;ns2:optionName&gt;@labelVisibility&lt;/ns2:optionName&gt;&lt;ns2:value&gt;HIDE&lt;/ns2:value&gt;&lt;/ns2:configData&gt;&lt;ns2:configData&gt;&lt;ns2:id&gt;46792445-c590-45a4-8f67-ccd96521fa9f&lt;/ns2:id&gt;&lt;ns2:optionName&gt;expression&lt;/ns2:optionName&gt;&lt;ns2:value&gt;&lt;/ns2:value&gt;&lt;/ns2:configData&gt;&lt;ns2:viewUUID&gt;64.f634f22e-7800-4bd7-9f1e-87177acfb3bc&lt;/ns2:viewUUID&gt;&lt;/ns2:contributions&gt;&lt;/ns2:contentBoxContrib&gt;&lt;/ns2:contributions&gt;&lt;/ns2:contentBoxContrib&gt;&lt;/ns2:contributions&gt;&lt;/ns2:contentBoxContrib&gt;&lt;/ns2:layoutItem&gt;&lt;ns2:layoutItem xsi:type="ns2:ViewRef" version="8550" xmlns:xsi="http://www.w3.org/2001/XMLSchema-instance"&gt;&lt;ns2:id&gt;b7cf7a15-b8cd-454b-8961-772c1a8ee9a7&lt;/ns2:id&gt;&lt;ns2:layoutItemId&gt;saveErrorModal&lt;/ns2:layoutItemId&gt;&lt;ns2:configData&gt;&lt;ns2:id&gt;1f6f17eb-ca49-483a-8bec-f53d0108bd01&lt;/ns2:id&gt;&lt;ns2:optionName&gt;@label&lt;/ns2:optionName&gt;&lt;ns2:value&gt;Save Error Modal section&lt;/ns2:value&gt;&lt;/ns2:configData&gt;&lt;ns2:configData&gt;&lt;ns2:id&gt;af4a69cb-e1f9-4a9f-8550-73d71f87d6b6&lt;/ns2:id&gt;&lt;ns2:optionName&gt;@helpText&lt;/ns2:optionName&gt;&lt;ns2:value&gt;&lt;/ns2:value&gt;&lt;/ns2:configData&gt;&lt;ns2:configData&gt;&lt;ns2:id&gt;57337bdb-0d21-408b-8571-609eaea0616d&lt;/ns2:id&gt;&lt;ns2:optionName&gt;@labelVisibility&lt;/ns2:optionName&gt;&lt;ns2:value&gt;SHOW&lt;/ns2:value&gt;&lt;/ns2:configData&gt;&lt;ns2:configData&gt;&lt;ns2:id&gt;7981e784-9687-4e83-81fd-137d3639c7e2&lt;/ns2:id&gt;&lt;ns2:optionName&gt;colorStyle&lt;/ns2:optionName&gt;&lt;ns2:value&gt;G&lt;/ns2:value&gt;&lt;/ns2:configData&gt;&lt;ns2:configData&gt;&lt;ns2:id&gt;84daf7c6-7250-4381-8b05-669bd82d38ea&lt;/ns2:id&gt;&lt;ns2:optionName&gt;closeOnClick&lt;/ns2:optionName&gt;&lt;ns2:value&gt;true&lt;/ns2:value&gt;&lt;/ns2:configData&gt;&lt;ns2:configData&gt;&lt;ns2:id&gt;1a0fde8e-78c2-4175-8d08-0abf689ac25a&lt;/ns2:id&gt;&lt;ns2:optionName&gt;@visibility&lt;/ns2:optionName&gt;&lt;ns2:value&gt;{"isResponsiveData":true,"values":[{"deviceConfigID":"LargeID","value":"DEFAULT"}]}&lt;/ns2:value&gt;&lt;/ns2:configData&gt;&lt;ns2:viewUUID&gt;64.66286dff-19bf-447a-ad5c-4fc385fea67d&lt;/ns2:viewUUID&gt;&lt;ns2:contentBoxContrib&gt;&lt;ns2:id&gt;e6863c8e-91ff-42db-8251-9c6a5063e907&lt;/ns2:id&gt;&lt;ns2:contentBoxId&gt;ContentBox1&lt;/ns2:contentBoxId&gt;&lt;ns2:contributions xsi:type="ns2:ViewRef" version="8550"&gt;&lt;ns2:id&gt;44cc1ead-c329-49af-8720-4d41d5321a62&lt;/ns2:id&gt;&lt;ns2:layoutItemId&gt;saveerrorpanel&lt;/ns2:layoutItemId&gt;&lt;ns2:configData&gt;&lt;ns2:id&gt;a0c4876f-1f63-4afb-8a98-c98a34deb0a2&lt;/ns2:id&gt;&lt;ns2:optionName&gt;@label&lt;/ns2:optionName&gt;&lt;ns2:value&gt;Save Error&lt;/ns2:value&gt;&lt;/ns2:configData&gt;&lt;ns2:configData&gt;&lt;ns2:id&gt;ff8d5363-03ad-4591-8b2b-264e90e54c90&lt;/ns2:id&gt;&lt;ns2:optionName&gt;@helpText&lt;/ns2:optionName&gt;&lt;ns2:value&gt;&lt;/ns2:value&gt;&lt;/ns2:configData&gt;&lt;ns2:configData&gt;&lt;ns2:id&gt;7edc6c6a-cd25-4446-87c6-414831325dd7&lt;/ns2:id&gt;&lt;ns2:optionName&gt;@labelVisibility&lt;/ns2:optionName&gt;&lt;ns2:value&gt;SHOW&lt;/ns2:value&gt;&lt;/ns2:configData&gt;&lt;ns2:configData&gt;&lt;ns2:id&gt;beb13b30-20c6-455e-8b3f-660add6902cd&lt;/ns2:id&gt;&lt;ns2:optionName&gt;colorStyle&lt;/ns2:optionName&gt;&lt;ns2:value&gt;G&lt;/ns2:value&gt;&lt;/ns2:configData&gt;&lt;ns2:configData&gt;&lt;ns2:id&gt;7466ba64-9d39-4668-887b-5882837e7d6c&lt;/ns2:id&gt;&lt;ns2:optionName&gt;icon&lt;/ns2:optionName&gt;&lt;ns2:value&gt;ci-close&lt;/ns2:value&gt;&lt;/ns2:configData&gt;&lt;ns2:configData&gt;&lt;ns2:id&gt;d0e305f7-c393-4520-88bb-45d71012aa56&lt;/ns2:id&gt;&lt;ns2:optionName&gt;eventON_ICONCLICK&lt;/ns2:optionName&gt;&lt;ns2:value&gt;@saveErrorDialogClose&lt;/ns2:value&gt;&lt;/ns2:configData&gt;&lt;ns2:configData&gt;&lt;ns2:id&gt;41b14152-db2b-4715-83b0-feb2f9f04dc2&lt;/ns2:id&gt;&lt;ns2:optionName&gt;height&lt;/ns2:optionName&gt;&lt;ns2:value&gt;{"isResponsiveData":true,"values":[{"deviceConfigID":"LargeID","value":"200px"}]}&lt;/ns2:value&gt;&lt;/ns2:configData&gt;&lt;ns2:configData&gt;&lt;ns2:id&gt;cf1171ea-37f9-4402-82d9-23b4c84adbba&lt;/ns2:id&gt;&lt;ns2:optionName&gt;expression&lt;/ns2:optionName&gt;&lt;ns2:value&gt;bpmext.localization.formatMsg("splitCase", "splitCaseErrorLabel")&lt;/ns2:value&gt;&lt;/ns2:configData&gt;&lt;ns2:viewUUID&gt;64.455e44ab-b77b-4337-b3f9-435e234fb569&lt;/ns2:viewUUID&gt;&lt;ns2:contentBoxContrib&gt;&lt;ns2:id&gt;2f46dfba-cd6e-446e-8979-15b6085dcdf8&lt;/ns2:id&gt;&lt;ns2:contentBoxId&gt;ContentBox1&lt;/ns2:contentBoxId&gt;&lt;ns2:contributions xsi:type="ns2:ViewRef" version="8550"&gt;&lt;ns2:id&gt;f9c45791-0adc-4ff6-884f-3856ae123af9&lt;/ns2:id&gt;&lt;ns2:layoutItemId&gt;errorLayout1&lt;/ns2:layoutItemId&gt;&lt;ns2:configData&gt;&lt;ns2:id&gt;40fd80dd-7e2b-40f4-86fa-b29072f4e392&lt;/ns2:id&gt;&lt;ns2:optionName&gt;@label&lt;/ns2:optionName&gt;&lt;ns2:value&gt;Vertical layout&lt;/ns2:value&gt;&lt;/ns2:configData&gt;&lt;ns2:configData&gt;&lt;ns2:id&gt;fbbad78a-a4ea-465b-8866-2eae21e6611a&lt;/ns2:id&gt;&lt;ns2:optionName&gt;@helpText&lt;/ns2:optionName&gt;&lt;ns2:value&gt;&lt;/ns2:value&gt;&lt;/ns2:configData&gt;&lt;ns2:configData&gt;&lt;ns2:id&gt;b1778731-c115-4ea3-8d1c-8a1ab4be6811&lt;/ns2:id&gt;&lt;ns2:optionName&gt;@labelVisibility&lt;/ns2:optionName&gt;&lt;ns2:value&gt;SHOW&lt;/ns2:value&gt;&lt;/ns2:configData&gt;&lt;ns2:configData&gt;&lt;ns2:id&gt;51ae7f30-d717-4e64-8546-d4a7c26a2b80&lt;/ns2:id&gt;&lt;ns2:optionName&gt;vAlignment&lt;/ns2:optionName&gt;&lt;ns2:value&gt;{"isResponsiveData":true,"values":[{"deviceConfigID":"LargeID","value":"M"}]}&lt;/ns2:value&gt;&lt;/ns2:configData&gt;&lt;ns2:viewUUID&gt;64.ef447b87-24a2-42a7-b2b9-cd471e9f7b67&lt;/ns2:viewUUID&gt;&lt;ns2:contentBoxContrib&gt;&lt;ns2:id&gt;96efe9c1-54b7-4ed8-857f-3c0eec48f6fb&lt;/ns2:id&gt;&lt;ns2:contentBoxId&gt;ContentBox1&lt;/ns2:contentBoxId&gt;&lt;ns2:contributions xsi:type="ns2:ViewRef" version="8550"&gt;&lt;ns2:id&gt;b1056330-3f13-46c4-8da6-b2c7db921e12&lt;/ns2:id&gt;&lt;ns2:layoutItemId&gt;saveErrorText1&lt;/ns2:layoutItemId&gt;&lt;ns2:configData&gt;&lt;ns2:id&gt;ba5f5918-8f3e-41dd-896e-5318306cf40c&lt;/ns2:id&gt;&lt;ns2:optionName&gt;@label&lt;/ns2:optionName&gt;&lt;ns2:value&gt;save Error1&lt;/ns2:value&gt;&lt;ns2:valueType&gt;static&lt;/ns2:valueType&gt;&lt;/ns2:configData&gt;&lt;ns2:configData&gt;&lt;ns2:id&gt;6429f7da-af51-45f6-8bb7-a5a1b9c7381a&lt;/ns2:id&gt;&lt;ns2:optionName&gt;@helpText&lt;/ns2:optionName&gt;&lt;ns2:value&gt;&lt;/ns2:value&gt;&lt;/ns2:configData&gt;&lt;ns2:configData&gt;&lt;ns2:id&gt;dd73b0fe-32b8-40ac-86a6-b112dcb65b11&lt;/ns2:id&gt;&lt;ns2:optionName&gt;@labelVisibility&lt;/ns2:optionName&gt;&lt;ns2:value&gt;HIDE&lt;/ns2:value&gt;&lt;/ns2:configData&gt;&lt;ns2:configData&gt;&lt;ns2:id&gt;02a80571-b6f7-48d1-815d-d9ea31b4798c&lt;/ns2:id&gt;&lt;ns2:optionName&gt;expression&lt;/ns2:optionName&gt;&lt;ns2:value&gt;&lt;/ns2:value&gt;&lt;/ns2:configData&gt;&lt;ns2:viewUUID&gt;64.f634f22e-7800-4bd7-9f1e-87177acfb3bc&lt;/ns2:viewUUID&gt;&lt;/ns2:contributions&gt;&lt;ns2:contributions xsi:type="ns2:ViewRef" version="8550"&gt;&lt;ns2:id&gt;a97fcdb3-0256-4b35-8b2a-fe0081a73851&lt;/ns2:id&gt;&lt;ns2:layoutItemId&gt;saveErrorText2&lt;/ns2:layoutItemId&gt;&lt;ns2:configData&gt;&lt;ns2:id&gt;a3174d13-4e0b-46d9-8414-f2b2c553587e&lt;/ns2:id&gt;&lt;ns2:optionName&gt;@label&lt;/ns2:optionName&gt;&lt;ns2:value&gt;save Error2&lt;/ns2:value&gt;&lt;ns2:valueType&gt;static&lt;/ns2:valueType&gt;&lt;/ns2:configData&gt;&lt;ns2:configData&gt;&lt;ns2:id&gt;7264f006-08ce-417f-873a-8d7bf530aa75&lt;/ns2:id&gt;&lt;ns2:optionName&gt;@helpText&lt;/ns2:optionName&gt;&lt;ns2:value&gt;&lt;/ns2:value&gt;&lt;/ns2:configData&gt;&lt;ns2:configData&gt;&lt;ns2:id&gt;26d9a629-9659-408b-8ff4-843eabfef524&lt;/ns2:id&gt;&lt;ns2:optionName&gt;@labelVisibility&lt;/ns2:optionName&gt;&lt;ns2:value&gt;HIDE&lt;/ns2:value&gt;&lt;/ns2:configData&gt;&lt;ns2:configData&gt;&lt;ns2:id&gt;b7697766-68fe-42e8-8ac9-996a44e9748d&lt;/ns2:id&gt;&lt;ns2:optionName&gt;expression&lt;/ns2:optionName&gt;&lt;ns2:value&gt;&lt;/ns2:value&gt;&lt;/ns2:configData&gt;&lt;ns2:viewUUID&gt;64.f634f22e-7800-4bd7-9f1e-87177acfb3bc&lt;/ns2:viewUUID&gt;&lt;/ns2:contributions&gt;&lt;/ns2:contentBoxContrib&gt;&lt;/ns2:contributions&gt;&lt;/ns2:contentBoxContrib&gt;&lt;/ns2:contributions&gt;&lt;/ns2:contentBoxContrib&gt;&lt;/ns2:layoutItem&gt;&lt;/ns2:layout&gt;</layout>
        <paletteIcon isNull="true" />
        <previewImage isNull="true" />
        <hasLabel>true</hasLabel>
        <labelPosition>0</labelPosition>
        <nineSliceX1Coord>0</nineSliceX1Coord>
        <nineSliceX2Coord>0</nineSliceX2Coord>
        <nineSliceY1Coord>0</nineSliceY1Coord>
        <nineSliceY2Coord>0</nineSliceY2Coord>
        <emitBoundary>true</emitBoundary>
        <isPrototypeFunc>true</isPrototypeFunc>
        <enableDevMode>false</enableDevMode>
        <isMobileReady>true</isMobileReady>
        <loadJsFunction></loadJsFunction>
        <unloadJsFunction></unloadJsFunction>
        <viewJsFunction isNull="true" />
        <changeJsFunction isNull="true" />
        <collaborationJsFunction isNull="true" />
        <description></description>
        <validateJsFunction isNull="true" />
        <previewAdvHtml>d7d6f0f8-7a7b-4bea-87e7-3bb66a2ad3a3/61.71da8275-e204-4349-b1e4-5376ce9d7d0c</previewAdvHtml>
        <previewAdvJs>d7d6f0f8-7a7b-4bea-87e7-3bb66a2ad3a3/61.abcd6f7a-670c-41dd-bd74-3865ad9e9b10</previewAdvJs>
        <useUrlBinding>false</useUrlBinding>
        <guid>86198fcc-416b-4421-a578-0bb19be54a5d</guid>
        <versionId>e019f92d-e998-4221-bef6-6e68d687a062</versionId>
        <field1 isNull="true" />
        <field2 isNull="true" />
        <field3>0</field3>
        <field4 isNull="true" />
        <field5>false</field5>
        <clobField1 isNull="true" />
        <bindingType name="properties">
            <lastModified isNull="true" />
            <lastModifiedBy isNull="true" />
            <tenantId isNull="true" />
            <coachViewBindingTypeId>65.efbe9e37-6e36-42a6-bf1d-da59773b77a9</coachViewBindingTypeId>
            <coachViewId>64.a34ada3a-5d0c-4e7f-9c15-5746ec39e2f9</coachViewId>
            <isList>false</isList>
            <classId>56f01b11-2631-47ae-acdd-75a5c2d4e9d2/12.c09c9b6e-aabd-4897-bef2-ed61db106297</classId>
            <seq>0</seq>
            <description isNull="true" />
            <guid>f5d15783-1886-4452-a7eb-a4d054b8a962</guid>
            <versionId>72ccdd3b-8ea3-40d6-a43f-2b4fec5ce7a8</versionId>
        </bindingType>
        <configOption name="caseType">
            <lastModified isNull="true" />
            <lastModifiedBy isNull="true" />
            <tenantId isNull="true" />
            <coachViewConfigOptionId>66.5322560b-88e7-420d-ae5c-e99104bde56c</coachViewConfigOptionId>
            <coachViewId>64.a34ada3a-5d0c-4e7f-9c15-5746ec39e2f9</coachViewId>
            <isList>false</isList>
            <propertyType>OBJECT</propertyType>
            <label>tw.resource.CAT.caseTypeOption</label>
            <classId>56f01b11-2631-47ae-acdd-75a5c2d4e9d2/12.db884a3c-c533-44b7-bb2d-47bec8ad4022</classId>
            <processId isNull="true" />
            <actionflowId isNull="true" />
            <isAdaptive>false</isAdaptive>
            <seq>0</seq>
            <description>tw.resource.CAT.caseTypeDOC</description>
            <groupName></groupName>
            <guid>d54e0f41-a537-4be5-9c9e-9e0e98cd43c6</guid>
            <versionId>73ba983a-6cf3-4f6e-8e18-df81dd9778d3</versionId>
        </configOption>
        <configOption name="tosName">
            <lastModified isNull="true" />
            <lastModifiedBy isNull="true" />
            <tenantId isNull="true" />
            <coachViewConfigOptionId>66.3758ca9e-a1d5-49b1-a991-3c68d03186c4</coachViewConfigOptionId>
            <coachViewId>64.a34ada3a-5d0c-4e7f-9c15-5746ec39e2f9</coachViewId>
            <isList>false</isList>
            <propertyType>OBJECT</propertyType>
            <label>tw.resource.CAT.tosNameLBL</label>
            <classId>56f01b11-2631-47ae-acdd-75a5c2d4e9d2/12.db884a3c-c533-44b7-bb2d-47bec8ad4022</classId>
            <processId isNull="true" />
            <actionflowId isNull="true" />
            <isAdaptive>false</isAdaptive>
            <seq>1</seq>
            <description>tw.resource.CAT.tosNameDOC</description>
            <groupName></groupName>
            <guid>6fe6ad8a-3b1f-416c-9290-ecfdfc184c6f</guid>
            <versionId>721ed8b0-9512-4c97-889c-3082b686bd20</versionId>
        </configOption>
        <configOption name="caseId">
            <lastModified isNull="true" />
            <lastModifiedBy isNull="true" />
            <tenantId isNull="true" />
            <coachViewConfigOptionId>66.014a3e79-a23a-4854-8de7-4234f4e94f71</coachViewConfigOptionId>
            <coachViewId>64.a34ada3a-5d0c-4e7f-9c15-5746ec39e2f9</coachViewId>
            <isList>false</isList>
            <propertyType>OBJECT</propertyType>
            <label></label>
            <classId>56f01b11-2631-47ae-acdd-75a5c2d4e9d2/12.db884a3c-c533-44b7-bb2d-47bec8ad4022</classId>
            <processId isNull="true" />
            <actionflowId isNull="true" />
            <isAdaptive>false</isAdaptive>
            <seq>2</seq>
            <description>tw.resource.CAT.caseIdentifierDOC</description>
            <groupName></groupName>
            <guid>15ab32b9-0838-4d7f-a4bd-7530cbd89f32</guid>
            <versionId>4fad7491-7f34-4ca0-8d11-ca7530338442</versionId>
        </configOption>
        <configOption name="caseClientTabID">
            <lastModified isNull="true" />
            <lastModifiedBy isNull="true" />
            <tenantId isNull="true" />
            <coachViewConfigOptionId>66.004d9e98-7dc7-4e09-a41a-c42c991381fa</coachViewConfigOptionId>
            <coachViewId>64.a34ada3a-5d0c-4e7f-9c15-5746ec39e2f9</coachViewId>
            <isList>false</isList>
            <propertyType>OBJECT</propertyType>
            <label>tw.resource.CAT.caseClientTabIDLBL</label>
            <classId>56f01b11-2631-47ae-acdd-75a5c2d4e9d2/12.db884a3c-c533-44b7-bb2d-47bec8ad4022</classId>
            <processId isNull="true" />
            <actionflowId isNull="true" />
            <isAdaptive>false</isAdaptive>
            <seq>3</seq>
            <description>tw.resource.CAT.caseClientTabIDLBL</description>
            <groupName></groupName>
            <guid>73b54e78-007b-4194-a405-b11682a009e5</guid>
            <versionId>4d381dbd-3887-4c8a-94bc-1ffaf4047896</versionId>
        </configOption>
        <dynamicStyle>
            <lastModified isNull="true" />
            <lastModifiedBy isNull="true" />
            <tenantId isNull="true" />
            <coachViewDynamicStyleId>73.5ea18b89-1b55-458f-b26c-570de37d04aa</coachViewDynamicStyleId>
            <coachViewId>64.a34ada3a-5d0c-4e7f-9c15-5746ec39e2f9</coachViewId>
            <filePath>case.less</filePath>
            <assetUuid>/61.2e649208-11dd-4f58-a4c9-53c91521b179</assetUuid>
            <seq>0</seq>
            <guid>972d2ce4-3a39-45cd-8004-93a805d78985</guid>
            <versionId>c816bab1-de0c-4f8d-954a-32ffdaf1e7ed</versionId>
        </dynamicStyle>
        <dynamicStyle>
            <lastModified isNull="true" />
            <lastModifiedBy isNull="true" />
            <tenantId isNull="true" />
            <coachViewDynamicStyleId>73.2386663e-02d4-4694-aaf4-ff8b21589c38</coachViewDynamicStyleId>
            <coachViewId>64.a34ada3a-5d0c-4e7f-9c15-5746ec39e2f9</coachViewId>
            <filePath>bpmUI.less</filePath>
            <assetUuid>d7d6f0f8-7a7b-4bea-87e7-3bb66a2ad3a3/61.26865295-8511-4538-b8f1-4cb99c203a92</assetUuid>
            <seq>1</seq>
            <guid>9dfea78e-0d8a-498f-a96e-b692f46082a0</guid>
            <versionId>11f659bd-0919-4116-bfa4-4b9038c7b16c</versionId>
        </dynamicStyle>
        <resource>
            <lastModified isNull="true" />
            <lastModifiedBy isNull="true" />
            <tenantId isNull="true" />
            <coachViewResourceId>67.1bf60f2a-0059-460a-b346-6f41b9cafdc6</coachViewResourceId>
            <coachViewId>64.a34ada3a-5d0c-4e7f-9c15-5746ec39e2f9</coachViewId>
            <filePath>Core.js</filePath>
            <ieCondition isNull="true" />
            <mediaQuery isNull="true" />
            <scriptLoadStyle isNull="true" />
            <assetUuid>/61.b9f2b5d6-21e2-48a0-a41a-5149ebe9db15</assetUuid>
            <seq>0</seq>
            <guid>0e9af31a-fdbe-4abe-a53a-b5f2775ea25e</guid>
            <versionId>edd02313-177b-44be-929c-0d26228e6b28</versionId>
        </resource>
        <inlineScript name="Inline CSS">
            <lastModified isNull="true" />
            <lastModifiedBy isNull="true" />
            <tenantId isNull="true" />
            <coachViewInlineScriptId>68.fd4d4324-a5f1-425d-9f37-ee62484de867</coachViewInlineScriptId>
            <coachViewId>64.a34ada3a-5d0c-4e7f-9c15-5746ec39e2f9</coachViewId>
            <scriptType>CSS</scriptType>
            <scriptBlock></scriptBlock>
            <seq>0</seq>
            <description></description>
            <guid>473ba3c5-33e6-45b9-bbe9-2800c13c4815</guid>
            <versionId>5fe80235-77f2-4bf9-8ea2-95939a38930f</versionId>
        </inlineScript>
        <inlineScript name="Inline Javascript">
            <lastModified isNull="true" />
            <lastModifiedBy isNull="true" />
            <tenantId isNull="true" />
            <coachViewInlineScriptId>68.bc359a8f-8ad1-42bf-aeb7-54fe55e0360d</coachViewInlineScriptId>
            <coachViewId>64.a34ada3a-5d0c-4e7f-9c15-5746ec39e2f9</coachViewId>
            <scriptType>JS</scriptType>
            <scriptBlock>var fileName = 'Case-Control-CreateSplitCaseBtn.js';&#xD;
var path = (dojoConfig.isDebug === true) ?&#xD;
 	com_ibm_bpm_coach.getManagedAssetUrl(fileName, com_ibm_bpm_coach.assetType_WEB, 'SYSCT', false) :&#xD;
 	com_ibm_bpm_coach.getManagedAssetUrl('Case-Controls.min.js', com_ibm_bpm_coach.assetType_WEB, 'SYSCT', false);&#xD;
&#xD;
 	path = (dojoConfig.isDeveloperMode === true) ? "case/files/" + fileName : path;&#xD;
var _this = this;&#xD;
require({async:false},[path], function() {&#xD;
	case_control_InitCreateSplitCaseBtn.call(_this, utilities, taskUtils, wpResources, domConstruct);&#xD;
});&#xD;
</scriptBlock>
            <seq>1</seq>
            <description></description>
            <guid>2ca7c356-d7f1-45aa-88c0-2070d0eae0d7</guid>
            <versionId>437b705b-66f3-40dc-9e05-99370ad9fa24</versionId>
        </inlineScript>
        <localization>
            <lastModified isNull="true" />
            <lastModifiedBy isNull="true" />
            <tenantId isNull="true" />
            <coachViewLocalResId>69.475a9be0-eebd-45fb-8beb-01993b65b25c</coachViewLocalResId>
            <coachViewId>64.a34ada3a-5d0c-4e7f-9c15-5746ec39e2f9</coachViewId>
            <resourceBundleGroupId>d7d6f0f8-7a7b-4bea-87e7-3bb66a2ad3a3/50.f9a573ef-523f-4f0e-80c8-39285c07ddd4</resourceBundleGroupId>
            <seq>0</seq>
            <guid>b82b2999-e235-4a3a-b981-e2d7b0815728</guid>
            <versionId>ae8de77d-81dd-4e60-9558-dfc938c42b1b</versionId>
        </localization>
        <localization>
            <lastModified isNull="true" />
            <lastModifiedBy isNull="true" />
            <tenantId isNull="true" />
            <coachViewLocalResId>69.70e2fd14-43ec-4241-8285-78c2c57fd4ca</coachViewLocalResId>
            <coachViewId>64.a34ada3a-5d0c-4e7f-9c15-5746ec39e2f9</coachViewId>
            <resourceBundleGroupId>/50.c4d6cc83-a000-4ae2-b2f5-d35d89f9c6ba</resourceBundleGroupId>
            <seq>1</seq>
            <guid>09a99d8c-9b87-4c44-b8d0-ddeda9cfa6b1</guid>
            <versionId>56a648f0-f59d-47a2-8168-74b5c2806d3e</versionId>
        </localization>
        <amdDependency>
            <lastModified isNull="true" />
            <lastModifiedBy isNull="true" />
            <tenantId isNull="true" />
            <coachViewAmdDepId>70.8906f403-78eb-42ad-8437-105034d3417a</coachViewAmdDepId>
            <coachViewId>64.a34ada3a-5d0c-4e7f-9c15-5746ec39e2f9</coachViewId>
            <moduleId>com.ibm.bpm.coach.utils/utilities</moduleId>
            <functionArgument>utilities</functionArgument>
            <seq>0</seq>
            <guid>23e21f54-75b8-47c0-869a-14178e255b1b</guid>
            <versionId>d8449d52-816a-46c4-b1d6-b4fff22ddbb7</versionId>
        </amdDependency>
        <amdDependency>
            <lastModified isNull="true" />
            <lastModifiedBy isNull="true" />
            <tenantId isNull="true" />
            <coachViewAmdDepId>70.80546bf2-ae5f-4b9c-a0a6-710558c814e0</coachViewAmdDepId>
            <coachViewId>64.a34ada3a-5d0c-4e7f-9c15-5746ec39e2f9</coachViewId>
            <moduleId>dojo/_base/array</moduleId>
            <functionArgument>array</functionArgument>
            <seq>1</seq>
            <guid>7592755e-4178-472d-aa8e-2aa6c9902e75</guid>
            <versionId>3d79ffd9-5f9b-446b-ab8b-cbe301109504</versionId>
        </amdDependency>
        <amdDependency>
            <lastModified isNull="true" />
            <lastModifiedBy isNull="true" />
            <tenantId isNull="true" />
            <coachViewAmdDepId>70.02050995-be1d-4358-8b3a-8f726b94927a</coachViewAmdDepId>
            <coachViewId>64.a34ada3a-5d0c-4e7f-9c15-5746ec39e2f9</coachViewId>
            <moduleId>com.ibm.bpm.case.core/taskUtils</moduleId>
            <functionArgument>taskUtils</functionArgument>
            <seq>2</seq>
            <guid>d0db8d72-1cd0-4bbd-8e1e-62fb945ee5b7</guid>
            <versionId>2dcc81f6-6fb6-49f6-bd57-a947225c123c</versionId>
        </amdDependency>
        <amdDependency>
            <lastModified isNull="true" />
            <lastModifiedBy isNull="true" />
            <tenantId isNull="true" />
            <coachViewAmdDepId>70.4d2788b2-d367-4d37-a085-f6e496d9e7f3</coachViewAmdDepId>
            <coachViewId>64.a34ada3a-5d0c-4e7f-9c15-5746ec39e2f9</coachViewId>
            <moduleId>com.ibm.bpm.case.resources</moduleId>
            <functionArgument>wpResources</functionArgument>
            <seq>3</seq>
            <guid>f7e24e91-d838-4c09-b9a7-fbe9008da992</guid>
            <versionId>c5ace1d9-6419-448b-a99e-0c19bdea9c5e</versionId>
        </amdDependency>
        <amdDependency>
            <lastModified isNull="true" />
            <lastModifiedBy isNull="true" />
            <tenantId isNull="true" />
            <coachViewAmdDepId>70.34ee1cbb-3826-48f7-96dd-198b8a66247a</coachViewAmdDepId>
            <coachViewId>64.a34ada3a-5d0c-4e7f-9c15-5746ec39e2f9</coachViewId>
            <moduleId>dojo/dom-construct</moduleId>
            <functionArgument>domConstruct</functionArgument>
            <seq>4</seq>
            <guid>4b180357-f5a9-483f-aae5-236e38c1d948</guid>
            <versionId>d690b883-9947-4bd5-85dd-9441b15e9f22</versionId>
        </amdDependency>
    </coachView>
</teamworks>

