<?xml version="1.0" encoding="UTF-8"?>
<teamworks>
    <coachView id="64.bd675fd0-65f0-42e8-baa3-9bdb807b859f" name="QuickTask Comments">
        <lastModified>1652178021350</lastModified>
        <lastModifiedBy>tw_admin</lastModifiedBy>
        <tenantId isNull="true" />
        <coachViewId>64.bd675fd0-65f0-42e8-baa3-9bdb807b859f</coachViewId>
        <isTemplate>false</isTemplate>
        <layout>&lt;?xml version="1.0" encoding="UTF-8" standalone="yes"?&gt;&lt;ns2:layout xmlns:ns2="http://www.ibm.com/bpm/CoachDesignerNG" xmlns:ns3="http://www.ibm.com/bpm/coachview"&gt;&lt;ns2:layoutItem xsi:type="ns2:ViewRef" version="8550" xmlns:xsi="http://www.w3.org/2001/XMLSchema-instance"&gt;&lt;ns2:id&gt;0709c300-21b4-45d6-81a0-b3ee4a80a975&lt;/ns2:id&gt;&lt;ns2:layoutItemId&gt;CaseCommentsDeferredSection&lt;/ns2:layoutItemId&gt;&lt;ns2:configData&gt;&lt;ns2:id&gt;3d67054c-f421-4307-8525-e57811071120&lt;/ns2:id&gt;&lt;ns2:optionName&gt;@label&lt;/ns2:optionName&gt;&lt;ns2:value&gt;Deferred Section&lt;/ns2:value&gt;&lt;/ns2:configData&gt;&lt;ns2:configData&gt;&lt;ns2:id&gt;da56477c-e34e-4ef0-8204-d6e61f49bbfc&lt;/ns2:id&gt;&lt;ns2:optionName&gt;@helpText&lt;/ns2:optionName&gt;&lt;ns2:value&gt;&lt;/ns2:value&gt;&lt;/ns2:configData&gt;&lt;ns2:configData&gt;&lt;ns2:id&gt;899c6f29-e598-4ae6-8e36-ae44545615ff&lt;/ns2:id&gt;&lt;ns2:optionName&gt;@labelVisibility&lt;/ns2:optionName&gt;&lt;ns2:value&gt;SHOW&lt;/ns2:value&gt;&lt;/ns2:configData&gt;&lt;ns2:configData&gt;&lt;ns2:id&gt;a3a1449d-112e-4f1e-8665-77a9ca9a297b&lt;/ns2:id&gt;&lt;ns2:optionName&gt;eventON_SECLOAD&lt;/ns2:optionName&gt;&lt;ns2:value&gt;view.initTaskComments(view);&lt;/ns2:value&gt;&lt;/ns2:configData&gt;&lt;ns2:configData&gt;&lt;ns2:id&gt;05b82040-39d3-4f76-8253-c43cef95bfe8&lt;/ns2:id&gt;&lt;ns2:optionName&gt;autoLoad&lt;/ns2:optionName&gt;&lt;ns2:value&gt;true&lt;/ns2:value&gt;&lt;/ns2:configData&gt;&lt;ns2:configData&gt;&lt;ns2:id&gt;3b4aac27-1f97-4955-834d-a10f01561d7b&lt;/ns2:id&gt;&lt;ns2:optionName&gt;autoLoadDelay&lt;/ns2:optionName&gt;&lt;ns2:value&gt;0&lt;/ns2:value&gt;&lt;/ns2:configData&gt;&lt;ns2:viewUUID&gt;64.9ee7a0fd-5b25-497d-85fc-1cc09795f524&lt;/ns2:viewUUID&gt;&lt;ns2:contentBoxContrib&gt;&lt;ns2:id&gt;6aeeb65d-02be-45d3-8ef8-b54df85efa68&lt;/ns2:id&gt;&lt;ns2:contentBoxId&gt;ContentBox1&lt;/ns2:contentBoxId&gt;&lt;ns2:contributions xsi:type="ns2:ViewRef" version="8550"&gt;&lt;ns2:id&gt;815a13ad-1463-4977-87c6-c6a50deecbbc&lt;/ns2:id&gt;&lt;ns2:layoutItemId&gt;Comment_Section&lt;/ns2:layoutItemId&gt;&lt;ns2:configData&gt;&lt;ns2:id&gt;07ff099b-cc34-418c-8f80-22884bfc3010&lt;/ns2:id&gt;&lt;ns2:optionName&gt;@label&lt;/ns2:optionName&gt;&lt;ns2:value&gt;Comment Section&lt;/ns2:value&gt;&lt;/ns2:configData&gt;&lt;ns2:configData&gt;&lt;ns2:id&gt;d512e622-7190-4dde-8dac-44726e8c8b05&lt;/ns2:id&gt;&lt;ns2:optionName&gt;@helpText&lt;/ns2:optionName&gt;&lt;ns2:value&gt;&lt;/ns2:value&gt;&lt;/ns2:configData&gt;&lt;ns2:configData&gt;&lt;ns2:id&gt;047591ee-b66f-4bb9-8a3c-eef0a7280bb6&lt;/ns2:id&gt;&lt;ns2:optionName&gt;@labelVisibility&lt;/ns2:optionName&gt;&lt;ns2:value&gt;SHOW&lt;/ns2:value&gt;&lt;/ns2:configData&gt;&lt;ns2:viewUUID&gt;64.ef447b87-24a2-42a7-b2b9-cd471e9f7b67&lt;/ns2:viewUUID&gt;&lt;ns2:contentBoxContrib&gt;&lt;ns2:id&gt;a91f9888-38be-4f5c-81db-f9806f93dc0d&lt;/ns2:id&gt;&lt;ns2:contentBoxId&gt;ContentBox1&lt;/ns2:contentBoxId&gt;&lt;ns2:contributions xsi:type="ns2:ViewRef" version="8550"&gt;&lt;ns2:id&gt;10ab4796-30a4-4188-8d0d-c0fa5c6f3463&lt;/ns2:id&gt;&lt;ns2:layoutItemId&gt;CommentsSectionLayout&lt;/ns2:layoutItemId&gt;&lt;ns2:configData&gt;&lt;ns2:id&gt;3b2c4874-ff2a-4730-80d1-976975b2b9f4&lt;/ns2:id&gt;&lt;ns2:optionName&gt;@label&lt;/ns2:optionName&gt;&lt;ns2:value&gt;CommentsSectionLayout&lt;/ns2:value&gt;&lt;/ns2:configData&gt;&lt;ns2:configData&gt;&lt;ns2:id&gt;569ca0ed-b539-4ea8-8c97-77fed40698fb&lt;/ns2:id&gt;&lt;ns2:optionName&gt;@helpText&lt;/ns2:optionName&gt;&lt;ns2:value&gt;&lt;/ns2:value&gt;&lt;/ns2:configData&gt;&lt;ns2:configData&gt;&lt;ns2:id&gt;79a95b62-1020-4f7b-8282-d9763ffdb5fa&lt;/ns2:id&gt;&lt;ns2:optionName&gt;@labelVisibility&lt;/ns2:optionName&gt;&lt;ns2:value&gt;SHOW&lt;/ns2:value&gt;&lt;/ns2:configData&gt;&lt;ns2:viewUUID&gt;64.44f463cc-615b-43d0-834f-c398a82e0363&lt;/ns2:viewUUID&gt;&lt;ns2:contentBoxContrib&gt;&lt;ns2:id&gt;f1bd45e0-301a-4128-8624-b62fede02617&lt;/ns2:id&gt;&lt;ns2:contentBoxId&gt;ContentBox1&lt;/ns2:contentBoxId&gt;&lt;ns2:contributions xsi:type="ns2:ViewRef" version="8550"&gt;&lt;ns2:id&gt;bc95ff8c-e14c-4953-83d5-779cf5ff490e&lt;/ns2:id&gt;&lt;ns2:layoutItemId&gt;Comment_Section_Title&lt;/ns2:layoutItemId&gt;&lt;ns2:configData&gt;&lt;ns2:id&gt;e1202b0e-6598-40e2-85f5-89c283701306&lt;/ns2:id&gt;&lt;ns2:optionName&gt;@label&lt;/ns2:optionName&gt;&lt;ns2:value&gt;Comments&lt;/ns2:value&gt;&lt;/ns2:configData&gt;&lt;ns2:configData&gt;&lt;ns2:id&gt;e5c43806-7b45-4c3b-8f07-1bc3edca93d3&lt;/ns2:id&gt;&lt;ns2:optionName&gt;@helpText&lt;/ns2:optionName&gt;&lt;ns2:value&gt;&lt;/ns2:value&gt;&lt;/ns2:configData&gt;&lt;ns2:configData&gt;&lt;ns2:id&gt;e258a6e1-aa03-474b-8401-563855e86b57&lt;/ns2:id&gt;&lt;ns2:optionName&gt;@labelVisibility&lt;/ns2:optionName&gt;&lt;ns2:value&gt;HIDE&lt;/ns2:value&gt;&lt;/ns2:configData&gt;&lt;ns2:configData&gt;&lt;ns2:id&gt;5cfeca87-0de1-4757-8a01-8fb6f42314e7&lt;/ns2:id&gt;&lt;ns2:optionName&gt;expression&lt;/ns2:optionName&gt;&lt;ns2:value&gt;bpmext.localization.formatMsg("caseComments", "caseCommentsTitle")&lt;/ns2:value&gt;&lt;/ns2:configData&gt;&lt;ns2:configData&gt;&lt;ns2:id&gt;48c9e12a-22fa-4f83-8c79-c42c8aecd9a8&lt;/ns2:id&gt;&lt;ns2:optionName&gt;weightStyle&lt;/ns2:optionName&gt;&lt;ns2:value&gt;B&lt;/ns2:value&gt;&lt;/ns2:configData&gt;&lt;ns2:configData&gt;&lt;ns2:id&gt;f49f2404-b350-439a-8146-82ad747909ac&lt;/ns2:id&gt;&lt;ns2:optionName&gt;labelPlacement&lt;/ns2:optionName&gt;&lt;ns2:value&gt;{"isResponsiveData":true,"values":[{"deviceConfigID":"LargeID","value":"L"}]}&lt;/ns2:value&gt;&lt;/ns2:configData&gt;&lt;ns2:viewUUID&gt;64.f634f22e-7800-4bd7-9f1e-87177acfb3bc&lt;/ns2:viewUUID&gt;&lt;/ns2:contributions&gt;&lt;ns2:contributions xsi:type="ns2:ViewRef" version="8550"&gt;&lt;ns2:id&gt;bba2943d-d850-4d98-814c-98256b796184&lt;/ns2:id&gt;&lt;ns2:layoutItemId&gt;AddCommentsLink&lt;/ns2:layoutItemId&gt;&lt;ns2:configData&gt;&lt;ns2:id&gt;129b6011-c095-4d72-85ed-066f999f7d79&lt;/ns2:id&gt;&lt;ns2:optionName&gt;@label&lt;/ns2:optionName&gt;&lt;ns2:value&gt;Add Comments&lt;/ns2:value&gt;&lt;/ns2:configData&gt;&lt;ns2:configData&gt;&lt;ns2:id&gt;6b9b8e2f-03f2-47e3-8d21-c78ad2ab82f8&lt;/ns2:id&gt;&lt;ns2:optionName&gt;@helpText&lt;/ns2:optionName&gt;&lt;ns2:value&gt;&lt;/ns2:value&gt;&lt;/ns2:configData&gt;&lt;ns2:configData&gt;&lt;ns2:id&gt;bfd00580-e566-4110-8501-dc9f154945ca&lt;/ns2:id&gt;&lt;ns2:optionName&gt;@labelVisibility&lt;/ns2:optionName&gt;&lt;ns2:value&gt;HIDE&lt;/ns2:value&gt;&lt;/ns2:configData&gt;&lt;ns2:configData&gt;&lt;ns2:id&gt;32fff36a-4b16-4b63-8a43-19c70c813dbb&lt;/ns2:id&gt;&lt;ns2:optionName&gt;linkType&lt;/ns2:optionName&gt;&lt;ns2:value&gt;U&lt;/ns2:value&gt;&lt;/ns2:configData&gt;&lt;ns2:configData&gt;&lt;ns2:id&gt;42b315a8-5756-4632-831e-e16dabc4c4bf&lt;/ns2:id&gt;&lt;ns2:optionName&gt;sameWindow&lt;/ns2:optionName&gt;&lt;ns2:value&gt;true&lt;/ns2:value&gt;&lt;/ns2:configData&gt;&lt;ns2:configData&gt;&lt;ns2:id&gt;84c4bfc3-632d-479f-8e77-5a53d525e0f0&lt;/ns2:id&gt;&lt;ns2:optionName&gt;eventON_CLICK&lt;/ns2:optionName&gt;&lt;ns2:value&gt;view.addCommentClicked(view);
return false;&lt;/ns2:value&gt;&lt;/ns2:configData&gt;&lt;ns2:viewUUID&gt;64.22f864a3-15ab-48ce-9744-14f01b4b2368&lt;/ns2:viewUUID&gt;&lt;/ns2:contributions&gt;&lt;/ns2:contentBoxContrib&gt;&lt;/ns2:contributions&gt;&lt;ns2:contributions xsi:type="ns2:ViewRef" version="8550"&gt;&lt;ns2:id&gt;24c5eb4e-a8d4-4a45-8846-c3e8a04aece1&lt;/ns2:id&gt;&lt;ns2:layoutItemId&gt;CommentsBoxLayout&lt;/ns2:layoutItemId&gt;&lt;ns2:configData&gt;&lt;ns2:id&gt;8d393eaa-cac1-47cf-8d36-f635fe994ed2&lt;/ns2:id&gt;&lt;ns2:optionName&gt;@label&lt;/ns2:optionName&gt;&lt;ns2:value&gt;Comments Box Layout&lt;/ns2:value&gt;&lt;/ns2:configData&gt;&lt;ns2:configData&gt;&lt;ns2:id&gt;061a5b4b-d00f-4251-8b2e-809ac8c96107&lt;/ns2:id&gt;&lt;ns2:optionName&gt;@helpText&lt;/ns2:optionName&gt;&lt;ns2:value&gt;&lt;/ns2:value&gt;&lt;/ns2:configData&gt;&lt;ns2:configData&gt;&lt;ns2:id&gt;81ad47a4-cf40-4f0c-866e-01b106b932bf&lt;/ns2:id&gt;&lt;ns2:optionName&gt;@labelVisibility&lt;/ns2:optionName&gt;&lt;ns2:value&gt;SHOW&lt;/ns2:value&gt;&lt;/ns2:configData&gt;&lt;ns2:configData&gt;&lt;ns2:id&gt;72a1ce82-2859-4baa-87aa-f4daa8057b6f&lt;/ns2:id&gt;&lt;ns2:optionName&gt;@visibility&lt;/ns2:optionName&gt;&lt;ns2:value&gt;{"isResponsiveData":true,"values":[{"deviceConfigID":"LargeID","value":"NONE"}]}&lt;/ns2:value&gt;&lt;/ns2:configData&gt;&lt;ns2:viewUUID&gt;64.ef447b87-24a2-42a7-b2b9-cd471e9f7b67&lt;/ns2:viewUUID&gt;&lt;ns2:contentBoxContrib&gt;&lt;ns2:id&gt;5287dd10-470a-4a1f-8854-aafbb103f93c&lt;/ns2:id&gt;&lt;ns2:contentBoxId&gt;ContentBox1&lt;/ns2:contentBoxId&gt;&lt;ns2:contributions xsi:type="ns2:ViewRef" version="8550"&gt;&lt;ns2:id&gt;579ecc0e-f865-4538-8594-73348efe0c86&lt;/ns2:id&gt;&lt;ns2:layoutItemId&gt;CommentBox&lt;/ns2:layoutItemId&gt;&lt;ns2:configData&gt;&lt;ns2:id&gt;339e1b11-5a4b-45ce-8fbb-7fac5898937a&lt;/ns2:id&gt;&lt;ns2:optionName&gt;@label&lt;/ns2:optionName&gt;&lt;ns2:value&gt;Comment Box&lt;/ns2:value&gt;&lt;/ns2:configData&gt;&lt;ns2:configData&gt;&lt;ns2:id&gt;c6a62b9b-a62c-411e-8920-f2737b253708&lt;/ns2:id&gt;&lt;ns2:optionName&gt;@helpText&lt;/ns2:optionName&gt;&lt;ns2:value&gt;&lt;/ns2:value&gt;&lt;/ns2:configData&gt;&lt;ns2:configData&gt;&lt;ns2:id&gt;3224b820-499b-4201-809e-15761a6b7b26&lt;/ns2:id&gt;&lt;ns2:optionName&gt;@labelVisibility&lt;/ns2:optionName&gt;&lt;ns2:value&gt;HIDE&lt;/ns2:value&gt;&lt;/ns2:configData&gt;&lt;ns2:configData&gt;&lt;ns2:id&gt;250e3ebe-8d16-4e18-8a4b-de248bdc1379&lt;/ns2:id&gt;&lt;ns2:optionName&gt;sizeStyle&lt;/ns2:optionName&gt;&lt;ns2:value&gt;{"isResponsiveData":true,"values":[{"deviceConfigID":"LargeID","value":"S"}]}&lt;/ns2:value&gt;&lt;/ns2:configData&gt;&lt;ns2:configData&gt;&lt;ns2:id&gt;fa781f88-1d8f-47c1-838a-cda85c64b0e4&lt;/ns2:id&gt;&lt;ns2:optionName&gt;tabIndex&lt;/ns2:optionName&gt;&lt;ns2:value&gt;1&lt;/ns2:value&gt;&lt;/ns2:configData&gt;&lt;ns2:configData&gt;&lt;ns2:id&gt;9f654136-a773-4455-8521-90daf8db9815&lt;/ns2:id&gt;&lt;ns2:optionName&gt;@visibility&lt;/ns2:optionName&gt;&lt;ns2:value&gt;{"isResponsiveData":true,"values":[{"deviceConfigID":"LargeID","value":"DEFAULT"}]}&lt;/ns2:value&gt;&lt;/ns2:configData&gt;&lt;ns2:viewUUID&gt;64.0e61869e-73fd-4401-b156-8c11adaec3f8&lt;/ns2:viewUUID&gt;&lt;/ns2:contributions&gt;&lt;ns2:contributions xsi:type="ns2:ViewRef" version="8550"&gt;&lt;ns2:id&gt;996cd530-c0ab-436a-82a3-1eb6521ffd20&lt;/ns2:id&gt;&lt;ns2:layoutItemId&gt;CommentBoxButtonsLayout&lt;/ns2:layoutItemId&gt;&lt;ns2:configData&gt;&lt;ns2:id&gt;0faea6be-72ae-4c5e-8f4b-caa46c389663&lt;/ns2:id&gt;&lt;ns2:optionName&gt;@label&lt;/ns2:optionName&gt;&lt;ns2:value&gt;CommentBoxButtonsLayout&lt;/ns2:value&gt;&lt;/ns2:configData&gt;&lt;ns2:configData&gt;&lt;ns2:id&gt;78305676-27ea-4667-8d77-a3257d014b2f&lt;/ns2:id&gt;&lt;ns2:optionName&gt;@helpText&lt;/ns2:optionName&gt;&lt;ns2:value&gt;&lt;/ns2:value&gt;&lt;/ns2:configData&gt;&lt;ns2:configData&gt;&lt;ns2:id&gt;03163e1c-c24b-4ffb-8a69-b87603f92477&lt;/ns2:id&gt;&lt;ns2:optionName&gt;@labelVisibility&lt;/ns2:optionName&gt;&lt;ns2:value&gt;SHOW&lt;/ns2:value&gt;&lt;/ns2:configData&gt;&lt;ns2:viewUUID&gt;64.44f463cc-615b-43d0-834f-c398a82e0363&lt;/ns2:viewUUID&gt;&lt;ns2:contentBoxContrib&gt;&lt;ns2:id&gt;6454e84f-c9fd-4d83-8928-7e69851385ab&lt;/ns2:id&gt;&lt;ns2:contentBoxId&gt;ContentBox1&lt;/ns2:contentBoxId&gt;&lt;ns2:contributions xsi:type="ns2:ViewRef" version="8550"&gt;&lt;ns2:id&gt;78ca8277-a61d-4f7e-8a97-e4487df3d442&lt;/ns2:id&gt;&lt;ns2:layoutItemId&gt;CancelCommentButton&lt;/ns2:layoutItemId&gt;&lt;ns2:configData&gt;&lt;ns2:id&gt;705bb7ee-f736-4ff5-8c0c-acb675d384bd&lt;/ns2:id&gt;&lt;ns2:optionName&gt;@label&lt;/ns2:optionName&gt;&lt;ns2:value&gt;Cancel Comment&lt;/ns2:value&gt;&lt;/ns2:configData&gt;&lt;ns2:configData&gt;&lt;ns2:id&gt;1cc7976a-0927-4ac0-8cd5-68126c03acf3&lt;/ns2:id&gt;&lt;ns2:optionName&gt;@helpText&lt;/ns2:optionName&gt;&lt;ns2:value&gt;&lt;/ns2:value&gt;&lt;/ns2:configData&gt;&lt;ns2:configData&gt;&lt;ns2:id&gt;0321d6e7-2b3b-4888-8fa7-0e0f6c0014d1&lt;/ns2:id&gt;&lt;ns2:optionName&gt;@labelVisibility&lt;/ns2:optionName&gt;&lt;ns2:value&gt;SHOW&lt;/ns2:value&gt;&lt;/ns2:configData&gt;&lt;ns2:configData&gt;&lt;ns2:id&gt;9ad177c8-53e8-4a7e-8dc6-c62932230b78&lt;/ns2:id&gt;&lt;ns2:optionName&gt;colorStyle&lt;/ns2:optionName&gt;&lt;ns2:value&gt;B&lt;/ns2:value&gt;&lt;/ns2:configData&gt;&lt;ns2:configData&gt;&lt;ns2:id&gt;76010fa3-ccb1-44a0-86b7-2ed84388fcb3&lt;/ns2:id&gt;&lt;ns2:optionName&gt;sizeStyle&lt;/ns2:optionName&gt;&lt;ns2:value&gt;{"isResponsiveData":true,"values":[{"deviceConfigID":"LargeID","value":"S"}]}&lt;/ns2:value&gt;&lt;/ns2:configData&gt;&lt;ns2:configData&gt;&lt;ns2:id&gt;666e056d-dfde-4358-8a11-266798e8fb9a&lt;/ns2:id&gt;&lt;ns2:optionName&gt;eventON_CLICK&lt;/ns2:optionName&gt;&lt;ns2:value&gt;view.cancelComment(view);
return false;&lt;/ns2:value&gt;&lt;/ns2:configData&gt;&lt;ns2:configData&gt;&lt;ns2:id&gt;291227d8-dcd4-4da9-8feb-2eb4de5f075a&lt;/ns2:id&gt;&lt;ns2:optionName&gt;tabIndex&lt;/ns2:optionName&gt;&lt;ns2:value&gt;3&lt;/ns2:value&gt;&lt;/ns2:configData&gt;&lt;ns2:configData&gt;&lt;ns2:id&gt;c76f2975-1a81-4cc9-803d-ea9b5c3ef3ad&lt;/ns2:id&gt;&lt;ns2:optionName&gt;@visibility&lt;/ns2:optionName&gt;&lt;ns2:value&gt;{"isResponsiveData":true,"values":[{"deviceConfigID":"LargeID","value":"DEFAULT"}]}&lt;/ns2:value&gt;&lt;/ns2:configData&gt;&lt;ns2:viewUUID&gt;64.7133c7d4-1a54-45c8-89cd-a8e8fa4a8e36&lt;/ns2:viewUUID&gt;&lt;/ns2:contributions&gt;&lt;ns2:contributions xsi:type="ns2:ViewRef" version="8550"&gt;&lt;ns2:id&gt;d889a989-ad9e-43e0-84d4-778359a6aa81&lt;/ns2:id&gt;&lt;ns2:layoutItemId&gt;PostCommentButton&lt;/ns2:layoutItemId&gt;&lt;ns2:configData&gt;&lt;ns2:id&gt;96cd2027-f094-43f3-8dc0-8a1748266daa&lt;/ns2:id&gt;&lt;ns2:optionName&gt;@label&lt;/ns2:optionName&gt;&lt;ns2:value&gt;Post Comment&lt;/ns2:value&gt;&lt;/ns2:configData&gt;&lt;ns2:configData&gt;&lt;ns2:id&gt;d3b79fec-d175-4295-8e61-26f9e7a15e91&lt;/ns2:id&gt;&lt;ns2:optionName&gt;@helpText&lt;/ns2:optionName&gt;&lt;ns2:value&gt;&lt;/ns2:value&gt;&lt;/ns2:configData&gt;&lt;ns2:configData&gt;&lt;ns2:id&gt;cd6024a9-1562-4c7f-8c46-04c83ad78d27&lt;/ns2:id&gt;&lt;ns2:optionName&gt;@labelVisibility&lt;/ns2:optionName&gt;&lt;ns2:value&gt;SHOW&lt;/ns2:value&gt;&lt;/ns2:configData&gt;&lt;ns2:configData&gt;&lt;ns2:id&gt;c10b7889-eac9-4b3c-8f8e-8f6894fb6dc3&lt;/ns2:id&gt;&lt;ns2:optionName&gt;colorStyle&lt;/ns2:optionName&gt;&lt;ns2:value&gt;P&lt;/ns2:value&gt;&lt;/ns2:configData&gt;&lt;ns2:configData&gt;&lt;ns2:id&gt;c203bd92-76c6-4240-8d85-b572a24a31b2&lt;/ns2:id&gt;&lt;ns2:optionName&gt;sizeStyle&lt;/ns2:optionName&gt;&lt;ns2:value&gt;{"isResponsiveData":true,"values":[{"deviceConfigID":"LargeID","value":"S"}]}&lt;/ns2:value&gt;&lt;/ns2:configData&gt;&lt;ns2:configData&gt;&lt;ns2:id&gt;964ffb89-620d-441b-8787-21475d4212d1&lt;/ns2:id&gt;&lt;ns2:optionName&gt;eventON_CLICK&lt;/ns2:optionName&gt;&lt;ns2:value&gt;view.postComment(view);
return false;&lt;/ns2:value&gt;&lt;/ns2:configData&gt;&lt;ns2:configData&gt;&lt;ns2:id&gt;6512a5e7-2edb-4d33-8c73-eaaf38acda14&lt;/ns2:id&gt;&lt;ns2:optionName&gt;tabIndex&lt;/ns2:optionName&gt;&lt;ns2:value&gt;2&lt;/ns2:value&gt;&lt;/ns2:configData&gt;&lt;ns2:viewUUID&gt;64.7133c7d4-1a54-45c8-89cd-a8e8fa4a8e36&lt;/ns2:viewUUID&gt;&lt;/ns2:contributions&gt;&lt;/ns2:contentBoxContrib&gt;&lt;/ns2:contributions&gt;&lt;/ns2:contentBoxContrib&gt;&lt;/ns2:contributions&gt;&lt;ns2:contributions xsi:type="ns2:ViewRef" version="8550"&gt;&lt;ns2:id&gt;01091848-aea6-4a33-851f-ee15db035ba1&lt;/ns2:id&gt;&lt;ns2:layoutItemId&gt;Comments_Panel&lt;/ns2:layoutItemId&gt;&lt;ns2:configData&gt;&lt;ns2:id&gt;e01a933c-4fef-4ee9-878a-f8b075ccf99b&lt;/ns2:id&gt;&lt;ns2:optionName&gt;@label&lt;/ns2:optionName&gt;&lt;ns2:value&gt;Comments Panel&lt;/ns2:value&gt;&lt;/ns2:configData&gt;&lt;ns2:configData&gt;&lt;ns2:id&gt;0e497b18-4b6a-4861-8610-f066d7d697d5&lt;/ns2:id&gt;&lt;ns2:optionName&gt;@helpText&lt;/ns2:optionName&gt;&lt;ns2:value&gt;&lt;/ns2:value&gt;&lt;/ns2:configData&gt;&lt;ns2:configData&gt;&lt;ns2:id&gt;a32cec05-d3c8-474e-8243-cd0583a41744&lt;/ns2:id&gt;&lt;ns2:optionName&gt;@labelVisibility&lt;/ns2:optionName&gt;&lt;ns2:value&gt;SHOW&lt;/ns2:value&gt;&lt;/ns2:configData&gt;&lt;ns2:viewUUID&gt;64.ef447b87-24a2-42a7-b2b9-cd471e9f7b67&lt;/ns2:viewUUID&gt;&lt;ns2:contentBoxContrib&gt;&lt;ns2:id&gt;5f99cf3e-ad1c-479f-80fc-10046d1cfa61&lt;/ns2:id&gt;&lt;ns2:contentBoxId&gt;ContentBox1&lt;/ns2:contentBoxId&gt;&lt;ns2:contributions xsi:type="ns2:ViewRef" version="8550"&gt;&lt;ns2:id&gt;8a2e4662-3063-471c-8164-2d56ac50731a&lt;/ns2:id&gt;&lt;ns2:layoutItemId&gt;Comment_Cards&lt;/ns2:layoutItemId&gt;&lt;ns2:configData&gt;&lt;ns2:id&gt;25a80931-a431-485b-80af-720240fc3ec8&lt;/ns2:id&gt;&lt;ns2:optionName&gt;@label&lt;/ns2:optionName&gt;&lt;ns2:value&gt;Comment cards&lt;/ns2:value&gt;&lt;/ns2:configData&gt;&lt;ns2:configData&gt;&lt;ns2:id&gt;8ccfb299-fd5a-4e62-8da0-7a38a823d671&lt;/ns2:id&gt;&lt;ns2:optionName&gt;@helpText&lt;/ns2:optionName&gt;&lt;ns2:value&gt;&lt;/ns2:value&gt;&lt;/ns2:configData&gt;&lt;ns2:configData&gt;&lt;ns2:id&gt;88c6889a-bb8e-4d36-8d89-c59d3d4accf6&lt;/ns2:id&gt;&lt;ns2:optionName&gt;@labelVisibility&lt;/ns2:optionName&gt;&lt;ns2:value&gt;SHOW&lt;/ns2:value&gt;&lt;/ns2:configData&gt;&lt;ns2:configData&gt;&lt;ns2:id&gt;e66cb47e-87c4-4353-8438-390bb64001ab&lt;/ns2:id&gt;&lt;ns2:optionName&gt;layoutFlow&lt;/ns2:optionName&gt;&lt;ns2:value&gt;{"isResponsiveData":true,"values":[{"deviceConfigID":"LargeID","value":"Y"}]}&lt;/ns2:value&gt;&lt;/ns2:configData&gt;&lt;ns2:configData&gt;&lt;ns2:id&gt;83657160-e911-47b6-8e8a-8be9319dd68c&lt;/ns2:id&gt;&lt;ns2:optionName&gt;startEmpty&lt;/ns2:optionName&gt;&lt;ns2:value&gt;true&lt;/ns2:value&gt;&lt;/ns2:configData&gt;&lt;ns2:viewUUID&gt;64.ef447b87-24a2-42a7-b2b9-cd471e9f7b67&lt;/ns2:viewUUID&gt;&lt;ns2:contentBoxContrib&gt;&lt;ns2:id&gt;d2eac7b9-defe-4950-8f81-f9e7d7bb7fed&lt;/ns2:id&gt;&lt;ns2:contentBoxId&gt;ContentBox1&lt;/ns2:contentBoxId&gt;&lt;ns2:contributions xsi:type="ns2:ViewRef" version="8550"&gt;&lt;ns2:id&gt;2eac1a26-5153-47bc-8d3c-55e560c66779&lt;/ns2:id&gt;&lt;ns2:layoutItemId&gt;Comment_Card_Wrapper&lt;/ns2:layoutItemId&gt;&lt;ns2:configData&gt;&lt;ns2:id&gt;ce05fa47-20c5-4b1c-8cac-0ee4130f395e&lt;/ns2:id&gt;&lt;ns2:optionName&gt;@label&lt;/ns2:optionName&gt;&lt;ns2:value&gt;Comment card wrapper&lt;/ns2:value&gt;&lt;/ns2:configData&gt;&lt;ns2:configData&gt;&lt;ns2:id&gt;f15e66fd-3b35-4bb2-85c9-939f84c07f74&lt;/ns2:id&gt;&lt;ns2:optionName&gt;@helpText&lt;/ns2:optionName&gt;&lt;ns2:value&gt;&lt;/ns2:value&gt;&lt;/ns2:configData&gt;&lt;ns2:configData&gt;&lt;ns2:id&gt;6c8193db-d681-487d-8a59-7820a40169b1&lt;/ns2:id&gt;&lt;ns2:optionName&gt;@labelVisibility&lt;/ns2:optionName&gt;&lt;ns2:value&gt;SHOW&lt;/ns2:value&gt;&lt;/ns2:configData&gt;&lt;ns2:configData&gt;&lt;ns2:id&gt;be4db8aa-4416-4518-8cf3-fc0d4e45e5ed&lt;/ns2:id&gt;&lt;ns2:optionName&gt;layoutFlow&lt;/ns2:optionName&gt;&lt;ns2:value&gt;{"isResponsiveData":true,"values":[{"deviceConfigID":"LargeID","value":"Y"}]}&lt;/ns2:value&gt;&lt;/ns2:configData&gt;&lt;ns2:configData&gt;&lt;ns2:id&gt;4d052c6a-bcab-42f9-8d73-2119d798162c&lt;/ns2:id&gt;&lt;ns2:optionName&gt;@className&lt;/ns2:optionName&gt;&lt;ns2:value&gt;Instance-card-frame Instance-card-medium&lt;/ns2:value&gt;&lt;/ns2:configData&gt;&lt;ns2:configData&gt;&lt;ns2:id&gt;dffe0cf0-f9a1-48ab-8e9e-e5513b6eb098&lt;/ns2:id&gt;&lt;ns2:optionName&gt;eventON_LOAD&lt;/ns2:optionName&gt;&lt;ns2:value&gt;@loadCommentCard&lt;/ns2:value&gt;&lt;/ns2:configData&gt;&lt;ns2:viewUUID&gt;64.ef447b87-24a2-42a7-b2b9-cd471e9f7b67&lt;/ns2:viewUUID&gt;&lt;ns2:contentBoxContrib&gt;&lt;ns2:id&gt;3ea3de5e-5c28-4589-83ca-7f2270a9adbe&lt;/ns2:id&gt;&lt;ns2:contentBoxId&gt;ContentBox1&lt;/ns2:contentBoxId&gt;&lt;ns2:contributions xsi:type="ns2:ViewRef" version="8550"&gt;&lt;ns2:id&gt;13080670-a571-4af0-8708-ae02027b2620&lt;/ns2:id&gt;&lt;ns2:layoutItemId&gt;Comment_Card_Title&lt;/ns2:layoutItemId&gt;&lt;ns2:configData&gt;&lt;ns2:id&gt;c29b22ef-9a2a-48b5-8c10-14693911dd9e&lt;/ns2:id&gt;&lt;ns2:optionName&gt;@label&lt;/ns2:optionName&gt;&lt;ns2:value&gt;Comment Card Title&lt;/ns2:value&gt;&lt;/ns2:configData&gt;&lt;ns2:configData&gt;&lt;ns2:id&gt;00fbeeab-e92f-45a1-8212-ba5754e604ff&lt;/ns2:id&gt;&lt;ns2:optionName&gt;@helpText&lt;/ns2:optionName&gt;&lt;ns2:value&gt;&lt;/ns2:value&gt;&lt;/ns2:configData&gt;&lt;ns2:configData&gt;&lt;ns2:id&gt;40b6cfac-52ec-468d-87bc-3d4ba65ed486&lt;/ns2:id&gt;&lt;ns2:optionName&gt;@labelVisibility&lt;/ns2:optionName&gt;&lt;ns2:value&gt;SHOW&lt;/ns2:value&gt;&lt;/ns2:configData&gt;&lt;ns2:configData&gt;&lt;ns2:id&gt;d841210f-c656-48e6-864b-34f05d8ecffb&lt;/ns2:id&gt;&lt;ns2:optionName&gt;@className&lt;/ns2:optionName&gt;&lt;ns2:value&gt;Card-title-wrap&lt;/ns2:value&gt;&lt;/ns2:configData&gt;&lt;ns2:configData&gt;&lt;ns2:id&gt;c80b35d5-2697-472e-825f-0a19356765e3&lt;/ns2:id&gt;&lt;ns2:optionName&gt;layoutFlow&lt;/ns2:optionName&gt;&lt;ns2:value&gt;{"isResponsiveData":true,"values":[{"deviceConfigID":"LargeID","value":"Y"}]}&lt;/ns2:value&gt;&lt;/ns2:configData&gt;&lt;ns2:viewUUID&gt;64.ef447b87-24a2-42a7-b2b9-cd471e9f7b67&lt;/ns2:viewUUID&gt;&lt;ns2:contentBoxContrib&gt;&lt;ns2:id&gt;170e1442-01ea-4ce9-8f83-27b2568c7b31&lt;/ns2:id&gt;&lt;ns2:contentBoxId&gt;ContentBox1&lt;/ns2:contentBoxId&gt;&lt;ns2:contributions xsi:type="ns2:ViewRef" version="8550"&gt;&lt;ns2:id&gt;2063cf91-f59e-49c2-8075-9dab98ec9eda&lt;/ns2:id&gt;&lt;ns2:layoutItemId&gt;Comment_Title_Main&lt;/ns2:layoutItemId&gt;&lt;ns2:configData&gt;&lt;ns2:id&gt;362c9b5d-3695-4f30-8868-2f71808ee01c&lt;/ns2:id&gt;&lt;ns2:optionName&gt;@label&lt;/ns2:optionName&gt;&lt;ns2:value&gt;Comment Title Main&lt;/ns2:value&gt;&lt;/ns2:configData&gt;&lt;ns2:configData&gt;&lt;ns2:id&gt;47c1bcfe-5c89-4537-8ab6-4dc3de91b4f1&lt;/ns2:id&gt;&lt;ns2:optionName&gt;@helpText&lt;/ns2:optionName&gt;&lt;ns2:value&gt;&lt;/ns2:value&gt;&lt;/ns2:configData&gt;&lt;ns2:configData&gt;&lt;ns2:id&gt;70c68ea9-5dc8-4de7-840c-b0f2620f62d7&lt;/ns2:id&gt;&lt;ns2:optionName&gt;@labelVisibility&lt;/ns2:optionName&gt;&lt;ns2:value&gt;SHOW&lt;/ns2:value&gt;&lt;/ns2:configData&gt;&lt;ns2:configData&gt;&lt;ns2:id&gt;b39b4718-35f0-4ad7-85ec-f70774ab1a89&lt;/ns2:id&gt;&lt;ns2:optionName&gt;@className&lt;/ns2:optionName&gt;&lt;ns2:value&gt;Main-title&lt;/ns2:value&gt;&lt;/ns2:configData&gt;&lt;ns2:configData&gt;&lt;ns2:id&gt;f6b4ab47-6c79-449a-8bc9-ae0273429709&lt;/ns2:id&gt;&lt;ns2:optionName&gt;layoutFlow&lt;/ns2:optionName&gt;&lt;ns2:value&gt;{"isResponsiveData":true,"values":[{"deviceConfigID":"LargeID","value":"I"}]}&lt;/ns2:value&gt;&lt;/ns2:configData&gt;&lt;ns2:viewUUID&gt;64.44f463cc-615b-43d0-834f-c398a82e0363&lt;/ns2:viewUUID&gt;&lt;ns2:contentBoxContrib&gt;&lt;ns2:id&gt;385f511b-0111-46fb-8be2-e7a5fd5c842f&lt;/ns2:id&gt;&lt;ns2:contentBoxId&gt;ContentBox1&lt;/ns2:contentBoxId&gt;&lt;ns2:contributions xsi:type="ns2:ViewRef" version="8550"&gt;&lt;ns2:id&gt;8925ccf4-a6b7-4e06-8152-5bbd64f9a066&lt;/ns2:id&gt;&lt;ns2:layoutItemId&gt;Commenter&lt;/ns2:layoutItemId&gt;&lt;ns2:configData&gt;&lt;ns2:id&gt;adab9070-b12b-4cf0-8432-ed51bfdbb975&lt;/ns2:id&gt;&lt;ns2:optionName&gt;@label&lt;/ns2:optionName&gt;&lt;ns2:value&gt;Commenter&lt;/ns2:value&gt;&lt;/ns2:configData&gt;&lt;ns2:configData&gt;&lt;ns2:id&gt;7098bcf6-7f07-4d60-8504-9035f8298724&lt;/ns2:id&gt;&lt;ns2:optionName&gt;@helpText&lt;/ns2:optionName&gt;&lt;ns2:value&gt;&lt;/ns2:value&gt;&lt;/ns2:configData&gt;&lt;ns2:configData&gt;&lt;ns2:id&gt;fb8d362d-d6ad-47aa-8107-a1b844effec6&lt;/ns2:id&gt;&lt;ns2:optionName&gt;@labelVisibility&lt;/ns2:optionName&gt;&lt;ns2:value&gt;SHOW&lt;/ns2:value&gt;&lt;/ns2:configData&gt;&lt;ns2:configData&gt;&lt;ns2:id&gt;b3b915a8-7aff-49df-86b4-1c7f0c53b900&lt;/ns2:id&gt;&lt;ns2:optionName&gt;allowHTML&lt;/ns2:optionName&gt;&lt;ns2:value&gt;true&lt;/ns2:value&gt;&lt;/ns2:configData&gt;&lt;ns2:viewUUID&gt;64.f634f22e-7800-4bd7-9f1e-87177acfb3bc&lt;/ns2:viewUUID&gt;&lt;/ns2:contributions&gt;&lt;/ns2:contentBoxContrib&gt;&lt;/ns2:contributions&gt;&lt;ns2:contributions xsi:type="ns2:ViewRef" version="8550"&gt;&lt;ns2:id&gt;35d7a385-094f-4677-8e9f-4ca4b202b5ab&lt;/ns2:id&gt;&lt;ns2:layoutItemId&gt;Comment_Task_Name&lt;/ns2:layoutItemId&gt;&lt;ns2:configData&gt;&lt;ns2:id&gt;4567a133-64b5-4f27-826e-fc4749a25e5e&lt;/ns2:id&gt;&lt;ns2:optionName&gt;@label&lt;/ns2:optionName&gt;&lt;ns2:value&gt;Comment Task Name&lt;/ns2:value&gt;&lt;/ns2:configData&gt;&lt;ns2:configData&gt;&lt;ns2:id&gt;94efebbe-bb36-4ccc-8bff-fae8404d1141&lt;/ns2:id&gt;&lt;ns2:optionName&gt;@helpText&lt;/ns2:optionName&gt;&lt;ns2:value&gt;&lt;/ns2:value&gt;&lt;/ns2:configData&gt;&lt;ns2:configData&gt;&lt;ns2:id&gt;9cba810e-8026-4ab9-85dd-e7320ab4a01e&lt;/ns2:id&gt;&lt;ns2:optionName&gt;@labelVisibility&lt;/ns2:optionName&gt;&lt;ns2:value&gt;SHOW&lt;/ns2:value&gt;&lt;/ns2:configData&gt;&lt;ns2:configData&gt;&lt;ns2:id&gt;d3a0e928-0ac3-4954-8488-815b0b0f80ea&lt;/ns2:id&gt;&lt;ns2:optionName&gt;@className&lt;/ns2:optionName&gt;&lt;ns2:value&gt;no-data&lt;/ns2:value&gt;&lt;/ns2:configData&gt;&lt;ns2:viewUUID&gt;64.f634f22e-7800-4bd7-9f1e-87177acfb3bc&lt;/ns2:viewUUID&gt;&lt;/ns2:contributions&gt;&lt;/ns2:contentBoxContrib&gt;&lt;/ns2:contributions&gt;&lt;ns2:contributions xsi:type="ns2:ViewRef" version="8550"&gt;&lt;ns2:id&gt;d3ec76ff-1070-4ef1-8076-7c87f3e5b2c7&lt;/ns2:id&gt;&lt;ns2:layoutItemId&gt;Comment_Card_Body&lt;/ns2:layoutItemId&gt;&lt;ns2:configData&gt;&lt;ns2:id&gt;cfbdc178-dc50-43c0-8819-99d775eaa4a3&lt;/ns2:id&gt;&lt;ns2:optionName&gt;@label&lt;/ns2:optionName&gt;&lt;ns2:value&gt;Comment card body&lt;/ns2:value&gt;&lt;/ns2:configData&gt;&lt;ns2:configData&gt;&lt;ns2:id&gt;02d4351e-7a98-461b-82a6-f635d4cddd99&lt;/ns2:id&gt;&lt;ns2:optionName&gt;@helpText&lt;/ns2:optionName&gt;&lt;ns2:value&gt;&lt;/ns2:value&gt;&lt;/ns2:configData&gt;&lt;ns2:configData&gt;&lt;ns2:id&gt;f2d4b889-668f-4081-8f40-ffb6cf14dfcd&lt;/ns2:id&gt;&lt;ns2:optionName&gt;@labelVisibility&lt;/ns2:optionName&gt;&lt;ns2:value&gt;SHOW&lt;/ns2:value&gt;&lt;/ns2:configData&gt;&lt;ns2:configData&gt;&lt;ns2:id&gt;47e272d2-b76e-4258-83bc-c486fb4419ff&lt;/ns2:id&gt;&lt;ns2:optionName&gt;@className&lt;/ns2:optionName&gt;&lt;ns2:value&gt;Card-body-wrap&lt;/ns2:value&gt;&lt;/ns2:configData&gt;&lt;ns2:configData&gt;&lt;ns2:id&gt;0b98700d-1a5d-42da-8cc7-259a687ac35d&lt;/ns2:id&gt;&lt;ns2:optionName&gt;layoutFlow&lt;/ns2:optionName&gt;&lt;ns2:value&gt;{"isResponsiveData":true,"values":[{"deviceConfigID":"LargeID","value":"I"}]}&lt;/ns2:value&gt;&lt;/ns2:configData&gt;&lt;ns2:viewUUID&gt;64.44f463cc-615b-43d0-834f-c398a82e0363&lt;/ns2:viewUUID&gt;&lt;ns2:contentBoxContrib&gt;&lt;ns2:id&gt;5a05a1f9-e537-4756-8b36-d308a911eaee&lt;/ns2:id&gt;&lt;ns2:contentBoxId&gt;ContentBox1&lt;/ns2:contentBoxId&gt;&lt;ns2:contributions xsi:type="ns2:ViewRef" version="8550"&gt;&lt;ns2:id&gt;6c30141e-4a3d-45d3-88ac-771d66c3b908&lt;/ns2:id&gt;&lt;ns2:layoutItemId&gt;Comment_Content&lt;/ns2:layoutItemId&gt;&lt;ns2:configData&gt;&lt;ns2:id&gt;034c9f9a-031f-4ecd-883b-171007e91919&lt;/ns2:id&gt;&lt;ns2:optionName&gt;@label&lt;/ns2:optionName&gt;&lt;ns2:value&gt;Comment Content&lt;/ns2:value&gt;&lt;/ns2:configData&gt;&lt;ns2:configData&gt;&lt;ns2:id&gt;515e51bd-402c-4e2d-8d80-7139f47e8473&lt;/ns2:id&gt;&lt;ns2:optionName&gt;@helpText&lt;/ns2:optionName&gt;&lt;ns2:value&gt;&lt;/ns2:value&gt;&lt;/ns2:configData&gt;&lt;ns2:configData&gt;&lt;ns2:id&gt;34e3809a-9e9a-4abc-82a0-b63114445470&lt;/ns2:id&gt;&lt;ns2:optionName&gt;@labelVisibility&lt;/ns2:optionName&gt;&lt;ns2:value&gt;SHOW&lt;/ns2:value&gt;&lt;/ns2:configData&gt;&lt;ns2:viewUUID&gt;64.f634f22e-7800-4bd7-9f1e-87177acfb3bc&lt;/ns2:viewUUID&gt;&lt;/ns2:contributions&gt;&lt;/ns2:contentBoxContrib&gt;&lt;/ns2:contributions&gt;&lt;ns2:contributions xsi:type="ns2:ViewRef" version="8550"&gt;&lt;ns2:id&gt;8a5427c5-2363-4c4d-8373-8254d552f4ea&lt;/ns2:id&gt;&lt;ns2:layoutItemId&gt;Comment_Date&lt;/ns2:layoutItemId&gt;&lt;ns2:configData&gt;&lt;ns2:id&gt;61ffb26f-1942-4d5b-8e0a-b58d4811ddde&lt;/ns2:id&gt;&lt;ns2:optionName&gt;@label&lt;/ns2:optionName&gt;&lt;ns2:value&gt;Comment Date&lt;/ns2:value&gt;&lt;/ns2:configData&gt;&lt;ns2:configData&gt;&lt;ns2:id&gt;36d6bb81-5f58-4c43-890a-b3a1e813061c&lt;/ns2:id&gt;&lt;ns2:optionName&gt;@helpText&lt;/ns2:optionName&gt;&lt;ns2:value&gt;&lt;/ns2:value&gt;&lt;/ns2:configData&gt;&lt;ns2:configData&gt;&lt;ns2:id&gt;f812c552-a3fc-4d67-86d6-8a9ab6e2ae07&lt;/ns2:id&gt;&lt;ns2:optionName&gt;@labelVisibility&lt;/ns2:optionName&gt;&lt;ns2:value&gt;SHOW&lt;/ns2:value&gt;&lt;/ns2:configData&gt;&lt;ns2:configData&gt;&lt;ns2:id&gt;bfe2fb1b-f1ae-4b5a-881f-c22c93e3ae74&lt;/ns2:id&gt;&lt;ns2:optionName&gt;@className&lt;/ns2:optionName&gt;&lt;ns2:value&gt;instance-text-grey&lt;/ns2:value&gt;&lt;/ns2:configData&gt;&lt;ns2:viewUUID&gt;64.f634f22e-7800-4bd7-9f1e-87177acfb3bc&lt;/ns2:viewUUID&gt;&lt;/ns2:contributions&gt;&lt;/ns2:contentBoxContrib&gt;&lt;/ns2:contributions&gt;&lt;/ns2:contentBoxContrib&gt;&lt;/ns2:contributions&gt;&lt;ns2:contributions xsi:type="ns2:ViewRef" version="8550"&gt;&lt;ns2:id&gt;60d1f1b8-9de8-447b-8e83-5027e1cd5325&lt;/ns2:id&gt;&lt;ns2:layoutItemId&gt;No_Comments_Found&lt;/ns2:layoutItemId&gt;&lt;ns2:configData&gt;&lt;ns2:id&gt;0e99ac03-bc28-48a6-8f57-62db8cad85df&lt;/ns2:id&gt;&lt;ns2:optionName&gt;@label&lt;/ns2:optionName&gt;&lt;ns2:value&gt;No Comments Found&lt;/ns2:value&gt;&lt;/ns2:configData&gt;&lt;ns2:configData&gt;&lt;ns2:id&gt;b64009cb-6d50-4aaf-8f38-4e88d0080244&lt;/ns2:id&gt;&lt;ns2:optionName&gt;@helpText&lt;/ns2:optionName&gt;&lt;ns2:value&gt;&lt;/ns2:value&gt;&lt;/ns2:configData&gt;&lt;ns2:configData&gt;&lt;ns2:id&gt;485d6c0e-3d57-4b4a-8722-bd44462f7d58&lt;/ns2:id&gt;&lt;ns2:optionName&gt;@labelVisibility&lt;/ns2:optionName&gt;&lt;ns2:value&gt;SHOW&lt;/ns2:value&gt;&lt;/ns2:configData&gt;&lt;ns2:configData&gt;&lt;ns2:id&gt;fafec602-2bd2-4f14-87f0-8f8dae694124&lt;/ns2:id&gt;&lt;ns2:optionName&gt;@className&lt;/ns2:optionName&gt;&lt;ns2:value&gt;no-data&lt;/ns2:value&gt;&lt;/ns2:configData&gt;&lt;ns2:configData&gt;&lt;ns2:id&gt;9370adf2-f9c6-4cdc-8280-b7508649c17a&lt;/ns2:id&gt;&lt;ns2:optionName&gt;@visibility&lt;/ns2:optionName&gt;&lt;ns2:value&gt;{"isResponsiveData":true,"values":[{"deviceConfigID":"LargeID","value":"NONE"}]}&lt;/ns2:value&gt;&lt;/ns2:configData&gt;&lt;ns2:configData&gt;&lt;ns2:id&gt;4abd1ca7-ecef-4507-85a1-59e722e35737&lt;/ns2:id&gt;&lt;ns2:optionName&gt;layoutFlow&lt;/ns2:optionName&gt;&lt;ns2:value&gt;{"isResponsiveData":true,"values":[{"deviceConfigID":"LargeID","value":"Y"}]}&lt;/ns2:value&gt;&lt;/ns2:configData&gt;&lt;ns2:viewUUID&gt;64.ef447b87-24a2-42a7-b2b9-cd471e9f7b67&lt;/ns2:viewUUID&gt;&lt;ns2:contentBoxContrib&gt;&lt;ns2:id&gt;94269543-5987-42b5-81cd-0af82fc2738f&lt;/ns2:id&gt;&lt;ns2:contentBoxId&gt;ContentBox1&lt;/ns2:contentBoxId&gt;&lt;ns2:contributions xsi:type="ns2:ViewRef" version="8550"&gt;&lt;ns2:id&gt;33fd121e-fe34-469a-8e34-bf87b680be8d&lt;/ns2:id&gt;&lt;ns2:layoutItemId&gt;NoCommentsText&lt;/ns2:layoutItemId&gt;&lt;ns2:configData&gt;&lt;ns2:id&gt;65fea7ba-7069-4546-8def-13508f7f1285&lt;/ns2:id&gt;&lt;ns2:optionName&gt;@label&lt;/ns2:optionName&gt;&lt;ns2:value&gt;No comments text&lt;/ns2:value&gt;&lt;/ns2:configData&gt;&lt;ns2:configData&gt;&lt;ns2:id&gt;1dd78c5e-d090-4284-8467-32b2b221e1ed&lt;/ns2:id&gt;&lt;ns2:optionName&gt;@helpText&lt;/ns2:optionName&gt;&lt;ns2:value&gt;&lt;/ns2:value&gt;&lt;/ns2:configData&gt;&lt;ns2:configData&gt;&lt;ns2:id&gt;ad2f0116-2c6e-4866-82f6-9447973f8233&lt;/ns2:id&gt;&lt;ns2:optionName&gt;@labelVisibility&lt;/ns2:optionName&gt;&lt;ns2:value&gt;HIDE&lt;/ns2:value&gt;&lt;/ns2:configData&gt;&lt;ns2:configData&gt;&lt;ns2:id&gt;b8a1783f-ecef-4e1c-8d7f-cb5286d7692e&lt;/ns2:id&gt;&lt;ns2:optionName&gt;allowHTML&lt;/ns2:optionName&gt;&lt;ns2:value&gt;true&lt;/ns2:value&gt;&lt;/ns2:configData&gt;&lt;ns2:viewUUID&gt;64.f634f22e-7800-4bd7-9f1e-87177acfb3bc&lt;/ns2:viewUUID&gt;&lt;/ns2:contributions&gt;&lt;/ns2:contentBoxContrib&gt;&lt;/ns2:contributions&gt;&lt;/ns2:contentBoxContrib&gt;&lt;/ns2:contributions&gt;&lt;/ns2:contentBoxContrib&gt;&lt;/ns2:contributions&gt;&lt;/ns2:contentBoxContrib&gt;&lt;/ns2:layoutItem&gt;&lt;ns2:layoutItem xsi:type="ns2:ViewRef" version="8550" xmlns:xsi="http://www.w3.org/2001/XMLSchema-instance"&gt;&lt;ns2:id&gt;b021cdbf-5a4b-4222-80fe-32f52556b8af&lt;/ns2:id&gt;&lt;ns2:layoutItemId&gt;ErrorMessage&lt;/ns2:layoutItemId&gt;&lt;ns2:configData&gt;&lt;ns2:id&gt;85cb4e5f-e5b9-4e8a-8946-2772713c809b&lt;/ns2:id&gt;&lt;ns2:optionName&gt;@label&lt;/ns2:optionName&gt;&lt;ns2:value&gt;Error&lt;/ns2:value&gt;&lt;/ns2:configData&gt;&lt;ns2:configData&gt;&lt;ns2:id&gt;1852b160-4345-4454-80a2-d2578ce1357e&lt;/ns2:id&gt;&lt;ns2:optionName&gt;@helpText&lt;/ns2:optionName&gt;&lt;ns2:value&gt;&lt;/ns2:value&gt;&lt;/ns2:configData&gt;&lt;ns2:configData&gt;&lt;ns2:id&gt;795a050a-5ef3-4156-8ae2-0d9a2736e926&lt;/ns2:id&gt;&lt;ns2:optionName&gt;@labelVisibility&lt;/ns2:optionName&gt;&lt;ns2:value&gt;SHOW&lt;/ns2:value&gt;&lt;/ns2:configData&gt;&lt;ns2:viewUUID&gt;64.f634f22e-7800-4bd7-9f1e-87177acfb3bc&lt;/ns2:viewUUID&gt;&lt;/ns2:layoutItem&gt;&lt;/ns2:layout&gt;</layout>
        <paletteIcon isNull="true" />
        <previewImage isNull="true" />
        <hasLabel>true</hasLabel>
        <labelPosition>0</labelPosition>
        <nineSliceX1Coord>0</nineSliceX1Coord>
        <nineSliceX2Coord>0</nineSliceX2Coord>
        <nineSliceY1Coord>0</nineSliceY1Coord>
        <nineSliceY2Coord>0</nineSliceY2Coord>
        <emitBoundary>false</emitBoundary>
        <isPrototypeFunc>true</isPrototypeFunc>
        <enableDevMode>false</enableDevMode>
        <isMobileReady>true</isMobileReady>
        <loadJsFunction></loadJsFunction>
        <unloadJsFunction></unloadJsFunction>
        <viewJsFunction isNull="true" />
        <changeJsFunction isNull="true" />
        <collaborationJsFunction isNull="true" />
        <description></description>
        <validateJsFunction isNull="true" />
        <previewAdvHtml>d7d6f0f8-7a7b-4bea-87e7-3bb66a2ad3a3/61.71da8275-e204-4349-b1e4-5376ce9d7d0c</previewAdvHtml>
        <previewAdvJs>d7d6f0f8-7a7b-4bea-87e7-3bb66a2ad3a3/61.abcd6f7a-670c-41dd-bd74-3865ad9e9b10</previewAdvJs>
        <useUrlBinding>false</useUrlBinding>
        <guid>a3ab0c82-2d1a-4515-8cd8-ca7c16a6c2bc</guid>
        <versionId>504b8804-e692-454c-a843-78305b1d2b0a</versionId>
        <field1 isNull="true" />
        <field2 isNull="true" />
        <field3>0</field3>
        <field4 isNull="true" />
        <field5>false</field5>
        <clobField1 isNull="true" />
        <bindingType name="tasksList">
            <lastModified isNull="true" />
            <lastModifiedBy isNull="true" />
            <tenantId isNull="true" />
            <coachViewBindingTypeId>65.e15f29ec-6adb-4d23-8c10-336780dd2a15</coachViewBindingTypeId>
            <coachViewId>64.bd675fd0-65f0-42e8-baa3-9bdb807b859f</coachViewId>
            <isList>false</isList>
            <classId>56f01b11-2631-47ae-acdd-75a5c2d4e9d2/12.c09c9b6e-aabd-4897-bef2-ed61db106297</classId>
            <seq>0</seq>
            <description isNull="true" />
            <guid>30056fa6-6117-4d4c-bb53-35b36c406793</guid>
            <versionId>c27078eb-d24f-4574-a4cc-43c7f3f24629</versionId>
        </bindingType>
        <configOption name="caseID">
            <lastModified isNull="true" />
            <lastModifiedBy isNull="true" />
            <tenantId isNull="true" />
            <coachViewConfigOptionId>66.4231f221-3f63-4c39-9191-5a67c7e8c421</coachViewConfigOptionId>
            <coachViewId>64.bd675fd0-65f0-42e8-baa3-9bdb807b859f</coachViewId>
            <isList>false</isList>
            <propertyType>OBJECT</propertyType>
            <label>tw.resource.CAT.caseIdLBL</label>
            <classId>56f01b11-2631-47ae-acdd-75a5c2d4e9d2/12.db884a3c-c533-44b7-bb2d-47bec8ad4022</classId>
            <processId isNull="true" />
            <actionflowId isNull="true" />
            <isAdaptive>false</isAdaptive>
            <seq>0</seq>
            <description>tw.resource.CAT.caseIdentifierDOC</description>
            <groupName></groupName>
            <guid>5216e94f-5c13-46fb-98d0-4fe0ec8ca23c</guid>
            <versionId>43b9f66d-0888-47d8-a382-3032a3b2f141</versionId>
        </configOption>
        <configOption name="tosName">
            <lastModified isNull="true" />
            <lastModifiedBy isNull="true" />
            <tenantId isNull="true" />
            <coachViewConfigOptionId>66.b11c9b7d-fbaf-45ef-b432-ab56e312f25b</coachViewConfigOptionId>
            <coachViewId>64.bd675fd0-65f0-42e8-baa3-9bdb807b859f</coachViewId>
            <isList>false</isList>
            <propertyType>OBJECT</propertyType>
            <label>tw.resource.CAT.tosNameLBL</label>
            <classId>56f01b11-2631-47ae-acdd-75a5c2d4e9d2/12.db884a3c-c533-44b7-bb2d-47bec8ad4022</classId>
            <processId isNull="true" />
            <actionflowId isNull="true" />
            <isAdaptive>false</isAdaptive>
            <seq>1</seq>
            <description>tw.resource.CAT.tosNameDOC</description>
            <groupName></groupName>
            <guid>1b34868b-6c22-4ea3-bdf9-de3af10e7222</guid>
            <versionId>e6fba56b-768a-4ed6-96b4-33939c02d49e</versionId>
        </configOption>
        <configOption name="taskID">
            <lastModified isNull="true" />
            <lastModifiedBy isNull="true" />
            <tenantId isNull="true" />
            <coachViewConfigOptionId>66.913dbc8e-c83c-4bd6-8819-f18d579501dd</coachViewConfigOptionId>
            <coachViewId>64.bd675fd0-65f0-42e8-baa3-9bdb807b859f</coachViewId>
            <isList>false</isList>
            <propertyType>OBJECT</propertyType>
            <label>tw.resource.CAT.taskIdLBL</label>
            <classId>56f01b11-2631-47ae-acdd-75a5c2d4e9d2/12.db884a3c-c533-44b7-bb2d-47bec8ad4022</classId>
            <processId isNull="true" />
            <actionflowId isNull="true" />
            <isAdaptive>false</isAdaptive>
            <seq>2</seq>
            <description>tw.resource.CAT.taskIdentifierDOC</description>
            <groupName></groupName>
            <guid>ba4f5c2f-31b3-463e-84f8-cb7c7f197b8a</guid>
            <versionId>2a01bc6a-6a70-4e1d-8d70-67f3b4ac2039</versionId>
        </configOption>
        <configOption name="commentsCustomTitle">
            <lastModified isNull="true" />
            <lastModifiedBy isNull="true" />
            <tenantId isNull="true" />
            <coachViewConfigOptionId>66.c1708251-7fb4-41c1-9ff0-4b58b7a99c9d</coachViewConfigOptionId>
            <coachViewId>64.bd675fd0-65f0-42e8-baa3-9bdb807b859f</coachViewId>
            <isList>false</isList>
            <propertyType>OBJECT</propertyType>
            <label>tw.resource.CAT.commentsCustomTitle</label>
            <classId>56f01b11-2631-47ae-acdd-75a5c2d4e9d2/12.db884a3c-c533-44b7-bb2d-47bec8ad4022</classId>
            <processId isNull="true" />
            <actionflowId isNull="true" />
            <isAdaptive>false</isAdaptive>
            <seq>3</seq>
            <description>tw.resource.CAT.editTitleDOC</description>
            <groupName></groupName>
            <guid>9ed36534-5fef-4f57-be2c-0fc3ce362925</guid>
            <versionId>1059de46-f038-46e7-a63c-a3b31feba1b7</versionId>
        </configOption>
        <configOption name="commentsHideTitle">
            <lastModified isNull="true" />
            <lastModifiedBy isNull="true" />
            <tenantId isNull="true" />
            <coachViewConfigOptionId>66.d9fd984b-cb16-412e-9c79-5e091130e880</coachViewConfigOptionId>
            <coachViewId>64.bd675fd0-65f0-42e8-baa3-9bdb807b859f</coachViewId>
            <isList>false</isList>
            <propertyType>OBJECT</propertyType>
            <label>tw.resource.CAT.commentsHideTitle</label>
            <classId>56f01b11-2631-47ae-acdd-75a5c2d4e9d2/12.83ff975e-8dbc-42e5-b738-fa8bc08274a2</classId>
            <processId isNull="true" />
            <actionflowId isNull="true" />
            <isAdaptive>false</isAdaptive>
            <seq>4</seq>
            <description>tw.resource.CAT.hideTitleDOC</description>
            <groupName></groupName>
            <guid>176725c4-9947-40be-8250-a85901819ba6</guid>
            <versionId>df91d570-6bf6-4494-913f-1373af6e843a</versionId>
        </configOption>
        <configOption name="RepositoryNameService">
            <lastModified isNull="true" />
            <lastModifiedBy isNull="true" />
            <tenantId isNull="true" />
            <coachViewConfigOptionId>66.32e731a4-cb6d-4dff-b183-55cc738dfab3</coachViewConfigOptionId>
            <coachViewId>64.bd675fd0-65f0-42e8-baa3-9bdb807b859f</coachViewId>
            <isList>false</isList>
            <propertyType>SERVICE</propertyType>
            <label>tw.resource.CAT.RepositoryNameService</label>
            <classId>56f01b11-2631-47ae-acdd-75a5c2d4e9d2/12.db884a3c-c533-44b7-bb2d-47bec8ad4022</classId>
            <processId>/1.91f23606-61c3-43d7-a664-8f423244449e</processId>
            <actionflowId isNull="true" />
            <isAdaptive>false</isAdaptive>
            <seq>5</seq>
            <description>tw.resource.CAT.repositoryNameServiceDOC</description>
            <groupName></groupName>
            <guid>4340566c-6919-464b-b341-9f933730dc9f</guid>
            <versionId>c5a528dc-f237-4027-9e05-a716096dad07</versionId>
        </configOption>
        <dynamicStyle>
            <lastModified isNull="true" />
            <lastModifiedBy isNull="true" />
            <tenantId isNull="true" />
            <coachViewDynamicStyleId>73.43e24858-0955-4a4a-be78-a6c64c1ab42c</coachViewDynamicStyleId>
            <coachViewId>64.bd675fd0-65f0-42e8-baa3-9bdb807b859f</coachViewId>
            <filePath>case.less</filePath>
            <assetUuid>/61.2e649208-11dd-4f58-a4c9-53c91521b179</assetUuid>
            <seq>0</seq>
            <guid>d24572ef-f506-4390-95ab-04d6d223702b</guid>
            <versionId>75337687-a3a7-4745-a48c-9fc1fefc2381</versionId>
        </dynamicStyle>
        <dynamicStyle>
            <lastModified isNull="true" />
            <lastModifiedBy isNull="true" />
            <tenantId isNull="true" />
            <coachViewDynamicStyleId>73.a219d54c-13d1-4055-8a36-22449adc6c1f</coachViewDynamicStyleId>
            <coachViewId>64.bd675fd0-65f0-42e8-baa3-9bdb807b859f</coachViewId>
            <filePath>bpmUI.less</filePath>
            <assetUuid>d7d6f0f8-7a7b-4bea-87e7-3bb66a2ad3a3/61.26865295-8511-4538-b8f1-4cb99c203a92</assetUuid>
            <seq>1</seq>
            <guid>0d01f71d-edc2-449f-b778-85b90018243d</guid>
            <versionId>54f2082b-bbda-478c-87d8-c7eed9b9171e</versionId>
        </dynamicStyle>
        <resource>
            <lastModified isNull="true" />
            <lastModifiedBy isNull="true" />
            <tenantId isNull="true" />
            <coachViewResourceId>67.798b4e7c-0e24-493f-9310-7496893123b5</coachViewResourceId>
            <coachViewId>64.bd675fd0-65f0-42e8-baa3-9bdb807b859f</coachViewId>
            <filePath>Core.js</filePath>
            <ieCondition isNull="true" />
            <mediaQuery isNull="true" />
            <scriptLoadStyle isNull="true" />
            <assetUuid>/61.b9f2b5d6-21e2-48a0-a41a-5149ebe9db15</assetUuid>
            <seq>0</seq>
            <guid>417a3e15-f3a2-4f71-b7fb-928da2aae61a</guid>
            <versionId>abce3e71-6bdf-4b71-9da1-0660a0759882</versionId>
        </resource>
        <inlineScript name="Inline CSS">
            <lastModified isNull="true" />
            <lastModifiedBy isNull="true" />
            <tenantId isNull="true" />
            <coachViewInlineScriptId>68.0415bf10-ea8f-4fe4-ada6-9c33aada89eb</coachViewInlineScriptId>
            <coachViewId>64.bd675fd0-65f0-42e8-baa3-9bdb807b859f</coachViewId>
            <scriptType>CSS</scriptType>
            <scriptBlock></scriptBlock>
            <seq>0</seq>
            <description></description>
            <guid>899e3097-8aef-4f8a-bb05-8c74fbeee7dd</guid>
            <versionId>3bc88f41-d4b1-4351-bc00-51194b76b9da</versionId>
        </inlineScript>
        <inlineScript name="Inline Javascript">
            <lastModified isNull="true" />
            <lastModifiedBy isNull="true" />
            <tenantId isNull="true" />
            <coachViewInlineScriptId>68.782a78b8-df8c-4531-baf4-9e50c7f698fb</coachViewInlineScriptId>
            <coachViewId>64.bd675fd0-65f0-42e8-baa3-9bdb807b859f</coachViewId>
            <scriptType>JS</scriptType>
            <scriptBlock>var fileName = 'Case-Control-TaskComments.js';&#xD;
var path = (dojoConfig.isDebug === true) ?&#xD;
 	com_ibm_bpm_coach.getManagedAssetUrl(fileName, com_ibm_bpm_coach.assetType_WEB, 'SYSCT', false) :&#xD;
 	com_ibm_bpm_coach.getManagedAssetUrl('Case-Controls.min.js', com_ibm_bpm_coach.assetType_WEB, 'SYSCT', false);&#xD;
&#xD;
 	path = (dojoConfig.isDeveloperMode === true) ? "case/files/" + fileName : path;&#xD;
var _this = this;&#xD;
require({async:false},[path], function() {&#xD;
	case_control_InitTaskComments.call(_this, utilities, taskUtils, wpResources, domConstruct);&#xD;
});&#xD;
</scriptBlock>
            <seq>1</seq>
            <description></description>
            <guid>e67ba41d-8bbb-4f6c-a78d-e5f1635b37a1</guid>
            <versionId>e50c56ad-c55c-4389-a930-3da8b6184a02</versionId>
        </inlineScript>
        <localization>
            <lastModified isNull="true" />
            <lastModifiedBy isNull="true" />
            <tenantId isNull="true" />
            <coachViewLocalResId>69.73c25108-d1ca-4590-a1da-8a063a9d3240</coachViewLocalResId>
            <coachViewId>64.bd675fd0-65f0-42e8-baa3-9bdb807b859f</coachViewId>
            <resourceBundleGroupId>d7d6f0f8-7a7b-4bea-87e7-3bb66a2ad3a3/50.f9a573ef-523f-4f0e-80c8-39285c07ddd4</resourceBundleGroupId>
            <seq>0</seq>
            <guid>832015f2-758d-4adc-9169-6a2479066f78</guid>
            <versionId>8b852b55-21e6-45ac-af82-630d59668a49</versionId>
        </localization>
        <localization>
            <lastModified isNull="true" />
            <lastModifiedBy isNull="true" />
            <tenantId isNull="true" />
            <coachViewLocalResId>69.ab58aeb9-c608-43a9-a9f3-f01f713f167d</coachViewLocalResId>
            <coachViewId>64.bd675fd0-65f0-42e8-baa3-9bdb807b859f</coachViewId>
            <resourceBundleGroupId>/50.c4d6cc83-a000-4ae2-b2f5-d35d89f9c6ba</resourceBundleGroupId>
            <seq>1</seq>
            <guid>50dc1f82-e17d-4edd-a50b-90e278d6a0e8</guid>
            <versionId>2ef0366f-336b-4f64-bc01-ffeebe6ee4cc</versionId>
        </localization>
        <amdDependency>
            <lastModified isNull="true" />
            <lastModifiedBy isNull="true" />
            <tenantId isNull="true" />
            <coachViewAmdDepId>70.2426598a-a1d4-48d0-9d30-5cc579c65c5f</coachViewAmdDepId>
            <coachViewId>64.bd675fd0-65f0-42e8-baa3-9bdb807b859f</coachViewId>
            <moduleId>com.ibm.bpm.coach.utils/utilities</moduleId>
            <functionArgument>utilities</functionArgument>
            <seq>0</seq>
            <guid>506eb0d4-73bc-46b4-92b0-90ba1f41ec3b</guid>
            <versionId>89f63e35-eb8b-43e3-be1b-922849c018ff</versionId>
        </amdDependency>
        <amdDependency>
            <lastModified isNull="true" />
            <lastModifiedBy isNull="true" />
            <tenantId isNull="true" />
            <coachViewAmdDepId>70.4c473986-f588-48af-8ed3-f3a14ff1cdac</coachViewAmdDepId>
            <coachViewId>64.bd675fd0-65f0-42e8-baa3-9bdb807b859f</coachViewId>
            <moduleId>dojo/_base/array</moduleId>
            <functionArgument>array</functionArgument>
            <seq>1</seq>
            <guid>2a53c486-9500-4f82-ade3-c6e31deec0a4</guid>
            <versionId>a56c843d-d5a7-472b-8ee0-60cd1d088b90</versionId>
        </amdDependency>
        <amdDependency>
            <lastModified isNull="true" />
            <lastModifiedBy isNull="true" />
            <tenantId isNull="true" />
            <coachViewAmdDepId>70.6a74bb50-6116-43e6-b21d-40a0d4062235</coachViewAmdDepId>
            <coachViewId>64.bd675fd0-65f0-42e8-baa3-9bdb807b859f</coachViewId>
            <moduleId>com.ibm.bpm.case.core/taskUtils</moduleId>
            <functionArgument>taskUtils</functionArgument>
            <seq>2</seq>
            <guid>41a22cf0-5ef2-4752-8080-eb38e243f186</guid>
            <versionId>2cd90c12-47f8-4609-b559-9310674c4fba</versionId>
        </amdDependency>
        <amdDependency>
            <lastModified isNull="true" />
            <lastModifiedBy isNull="true" />
            <tenantId isNull="true" />
            <coachViewAmdDepId>70.90e46c98-0c89-4a88-bd12-fbf750d7a7d2</coachViewAmdDepId>
            <coachViewId>64.bd675fd0-65f0-42e8-baa3-9bdb807b859f</coachViewId>
            <moduleId>com.ibm.bpm.case.resources</moduleId>
            <functionArgument>wpResources</functionArgument>
            <seq>3</seq>
            <guid>246a1a3d-e3cd-44e6-9805-fbe86763f5e8</guid>
            <versionId>023b71a5-b99c-4844-9307-d661b72c10f6</versionId>
        </amdDependency>
        <amdDependency>
            <lastModified isNull="true" />
            <lastModifiedBy isNull="true" />
            <tenantId isNull="true" />
            <coachViewAmdDepId>70.a63c1598-a5aa-45f2-9970-434b79f05968</coachViewAmdDepId>
            <coachViewId>64.bd675fd0-65f0-42e8-baa3-9bdb807b859f</coachViewId>
            <moduleId>dojo/dom-construct</moduleId>
            <functionArgument>domConstruct</functionArgument>
            <seq>4</seq>
            <guid>4bf63fae-118d-4989-b272-2898dd299605</guid>
            <versionId>77864840-e871-4158-8b3c-a6993d203bff</versionId>
        </amdDependency>
    </coachView>
</teamworks>

