<?xml version="1.0" encoding="UTF-8"?>
<teamworks>
    <coachView id="64.d57096c7-19f1-4461-bd87-6b63c9f75040" name="Case Calendar">
        <lastModified>1669181402031</lastModified>
        <lastModifiedBy>tw_admin</lastModifiedBy>
        <tenantId isNull="true" />
        <coachViewId>64.d57096c7-19f1-4461-bd87-6b63c9f75040</coachViewId>
        <isTemplate>false</isTemplate>
        <layout>&lt;?xml version="1.0" encoding="UTF-8" standalone="yes"?&gt;&lt;ns2:layout xmlns:ns2="http://www.ibm.com/bpm/CoachDesignerNG" xmlns:ns3="http://www.ibm.com/bpm/coachview"&gt;&lt;ns2:layoutItem xsi:type="ns2:ViewRef" version="8550" xmlns:xsi="http://www.w3.org/2001/XMLSchema-instance"&gt;&lt;ns2:id&gt;638c2ff3-2fad-438b-8655-74140c059ccb&lt;/ns2:id&gt;&lt;ns2:layoutItemId&gt;CalendarDesktopVL&lt;/ns2:layoutItemId&gt;&lt;ns2:configData&gt;&lt;ns2:id&gt;1548a2be-e013-43f2-8709-878437106fc0&lt;/ns2:id&gt;&lt;ns2:optionName&gt;@label&lt;/ns2:optionName&gt;&lt;ns2:value&gt;Vertical layout&lt;/ns2:value&gt;&lt;/ns2:configData&gt;&lt;ns2:configData&gt;&lt;ns2:id&gt;5b5468b6-6caa-4c01-8840-dfbf6b07ebdf&lt;/ns2:id&gt;&lt;ns2:optionName&gt;@helpText&lt;/ns2:optionName&gt;&lt;ns2:value&gt;&lt;/ns2:value&gt;&lt;/ns2:configData&gt;&lt;ns2:configData&gt;&lt;ns2:id&gt;88c6a417-190b-43f5-8b4c-73d5f11e6926&lt;/ns2:id&gt;&lt;ns2:optionName&gt;@labelVisibility&lt;/ns2:optionName&gt;&lt;ns2:value&gt;SHOW&lt;/ns2:value&gt;&lt;/ns2:configData&gt;&lt;ns2:configData&gt;&lt;ns2:id&gt;4fe704f0-0206-4a74-8756-68154d789810&lt;/ns2:id&gt;&lt;ns2:optionName&gt;layoutFlow&lt;/ns2:optionName&gt;&lt;ns2:value&gt;{"isResponsiveData":true,"values":[{"deviceConfigID":"LargeID","value":"V"}]}&lt;/ns2:value&gt;&lt;/ns2:configData&gt;&lt;ns2:configData&gt;&lt;ns2:id&gt;7c2e7eec-6db5-40b9-8ceb-555aca036236&lt;/ns2:id&gt;&lt;ns2:optionName&gt;hAlignment&lt;/ns2:optionName&gt;&lt;ns2:value&gt;{"isResponsiveData":true,"values":[{"deviceConfigID":"LargeID","value":"J"}]}&lt;/ns2:value&gt;&lt;/ns2:configData&gt;&lt;ns2:viewUUID&gt;64.ef447b87-24a2-42a7-b2b9-cd471e9f7b67&lt;/ns2:viewUUID&gt;&lt;ns2:contentBoxContrib&gt;&lt;ns2:id&gt;17f33882-04ee-4da6-856b-5c6c879b454c&lt;/ns2:id&gt;&lt;ns2:contentBoxId&gt;ContentBox1&lt;/ns2:contentBoxId&gt;&lt;ns2:contributions xsi:type="ns2:ViewRef" version="8550"&gt;&lt;ns2:id&gt;4256ba28-a653-458e-8a7c-be9cb8e98f69&lt;/ns2:id&gt;&lt;ns2:layoutItemId&gt;LargeCalendarLayout&lt;/ns2:layoutItemId&gt;&lt;ns2:configData&gt;&lt;ns2:id&gt;3c086c5d-cd57-4893-8ddb-daf9bb0a15f7&lt;/ns2:id&gt;&lt;ns2:optionName&gt;@label&lt;/ns2:optionName&gt;&lt;ns2:value&gt;Vertical layout&lt;/ns2:value&gt;&lt;/ns2:configData&gt;&lt;ns2:configData&gt;&lt;ns2:id&gt;e1dae5ae-abec-45e2-8484-bfbdfdac0385&lt;/ns2:id&gt;&lt;ns2:optionName&gt;@helpText&lt;/ns2:optionName&gt;&lt;ns2:value&gt;&lt;/ns2:value&gt;&lt;/ns2:configData&gt;&lt;ns2:configData&gt;&lt;ns2:id&gt;2575b098-5d60-490b-81a9-995353892dbe&lt;/ns2:id&gt;&lt;ns2:optionName&gt;@labelVisibility&lt;/ns2:optionName&gt;&lt;ns2:value&gt;SHOW&lt;/ns2:value&gt;&lt;/ns2:configData&gt;&lt;ns2:configData&gt;&lt;ns2:id&gt;cf490b48-d02c-4eb7-8674-f792b1fded6f&lt;/ns2:id&gt;&lt;ns2:optionName&gt;layoutFlow&lt;/ns2:optionName&gt;&lt;ns2:value&gt;{"isResponsiveData":true,"values":[{"deviceConfigID":"LargeID","value":"V"}]}&lt;/ns2:value&gt;&lt;/ns2:configData&gt;&lt;ns2:configData&gt;&lt;ns2:id&gt;6a6b623e-da7a-4d20-874e-1c8ee6f69397&lt;/ns2:id&gt;&lt;ns2:optionName&gt;width&lt;/ns2:optionName&gt;&lt;ns2:value&gt;{"isResponsiveData":true,"values":[{"deviceConfigID":"LargeID","value":""}]}&lt;/ns2:value&gt;&lt;/ns2:configData&gt;&lt;ns2:configData&gt;&lt;ns2:id&gt;ea9d0c79-f6c4-4cc7-8aed-358da8dc7909&lt;/ns2:id&gt;&lt;ns2:optionName&gt;hAlignment&lt;/ns2:optionName&gt;&lt;ns2:value&gt;{"isResponsiveData":true,"values":[{"deviceConfigID":"LargeID","value":"J"}]}&lt;/ns2:value&gt;&lt;/ns2:configData&gt;&lt;ns2:viewUUID&gt;64.ef447b87-24a2-42a7-b2b9-cd471e9f7b67&lt;/ns2:viewUUID&gt;&lt;ns2:contentBoxContrib&gt;&lt;ns2:id&gt;20032a7b-4a23-4ab5-82a9-97d1eebbd04c&lt;/ns2:id&gt;&lt;ns2:contentBoxId&gt;ContentBox1&lt;/ns2:contentBoxId&gt;&lt;ns2:contributions xsi:type="ns2:ViewRef" version="8550"&gt;&lt;ns2:id&gt;7ecc95f2-a25c-4733-85bb-18127da90a14&lt;/ns2:id&gt;&lt;ns2:layoutItemId&gt;CaseCalendarLarge&lt;/ns2:layoutItemId&gt;&lt;ns2:configData&gt;&lt;ns2:id&gt;311fa932-bf8c-4de6-82f8-7538cf3046c4&lt;/ns2:id&gt;&lt;ns2:optionName&gt;@label&lt;/ns2:optionName&gt;&lt;ns2:value&gt;Case Calendar Large&lt;/ns2:value&gt;&lt;/ns2:configData&gt;&lt;ns2:configData&gt;&lt;ns2:id&gt;44e5e132-63b5-49d0-8a0a-0d3abf51d2cd&lt;/ns2:id&gt;&lt;ns2:optionName&gt;@helpText&lt;/ns2:optionName&gt;&lt;ns2:value&gt;&lt;/ns2:value&gt;&lt;/ns2:configData&gt;&lt;ns2:configData&gt;&lt;ns2:id&gt;667576c6-4892-4723-816f-a55faaab26c6&lt;/ns2:id&gt;&lt;ns2:optionName&gt;@labelVisibility&lt;/ns2:optionName&gt;&lt;ns2:value&gt;SHOW&lt;/ns2:value&gt;&lt;/ns2:configData&gt;&lt;ns2:configData&gt;&lt;ns2:id&gt;153bd3fb-4f4a-45f2-858e-45dfbf01e88b&lt;/ns2:id&gt;&lt;ns2:optionName&gt;inputData&lt;/ns2:optionName&gt;&lt;ns2:value&gt;&lt;/ns2:value&gt;&lt;ns2:valueType&gt;static&lt;/ns2:valueType&gt;&lt;/ns2:configData&gt;&lt;ns2:configData&gt;&lt;ns2:id&gt;d07d20f0-e7cb-4f82-80c9-00ae308f576f&lt;/ns2:id&gt;&lt;ns2:optionName&gt;GetCalendarEventService&lt;/ns2:optionName&gt;&lt;ns2:value&gt;tw.options.getCaseCalendarEvents&lt;/ns2:value&gt;&lt;ns2:valueType&gt;dynamic&lt;/ns2:valueType&gt;&lt;/ns2:configData&gt;&lt;ns2:configData&gt;&lt;ns2:id&gt;0c91ddd5-7d6d-4dc3-8d76-28b9866c9dac&lt;/ns2:id&gt;&lt;ns2:optionName&gt;eventON_CALENDAR_EVENT_LOAD&lt;/ns2:optionName&gt;&lt;ns2:value&gt;view.loadCalendarEventHandler(eventObject);
view.triggerOnEventLoad(view, eventObject);&lt;/ns2:value&gt;&lt;/ns2:configData&gt;&lt;ns2:configData&gt;&lt;ns2:id&gt;fc5ab3e4-937d-4978-819b-5e5d78ace754&lt;/ns2:id&gt;&lt;ns2:optionName&gt;displayWeekNumbers&lt;/ns2:optionName&gt;&lt;ns2:value&gt;tw.options.displayWeekNumbers&lt;/ns2:value&gt;&lt;ns2:valueType&gt;dynamic&lt;/ns2:valueType&gt;&lt;/ns2:configData&gt;&lt;ns2:configData&gt;&lt;ns2:id&gt;a1ed9142-5c17-4f0a-8fd7-15c4efe4dd58&lt;/ns2:id&gt;&lt;ns2:optionName&gt;calendarView&lt;/ns2:optionName&gt;&lt;ns2:value&gt;tw.options.calendarView&lt;/ns2:value&gt;&lt;ns2:valueType&gt;dynamic&lt;/ns2:valueType&gt;&lt;/ns2:configData&gt;&lt;ns2:configData&gt;&lt;ns2:id&gt;7621f8dc-03cb-4db4-819e-870887c4f0eb&lt;/ns2:id&gt;&lt;ns2:optionName&gt;eventON_DAY_LOAD&lt;/ns2:optionName&gt;&lt;ns2:value&gt;&lt;/ns2:value&gt;&lt;/ns2:configData&gt;&lt;ns2:configData&gt;&lt;ns2:id&gt;2147aaf9-f59a-486e-8a0a-ab9d76e66532&lt;/ns2:id&gt;&lt;ns2:optionName&gt;eventON_DAY_CLICK&lt;/ns2:optionName&gt;&lt;ns2:value&gt;view.triggerOnDayClick(view, dayObject);&lt;/ns2:value&gt;&lt;/ns2:configData&gt;&lt;ns2:configData&gt;&lt;ns2:id&gt;3bde0a9c-27a1-4c8c-8422-5ab03a639ab3&lt;/ns2:id&gt;&lt;ns2:optionName&gt;eventON_LOAD&lt;/ns2:optionName&gt;&lt;ns2:value&gt;debugger;
view.triggerLoadEvent(view);&lt;/ns2:value&gt;&lt;/ns2:configData&gt;&lt;ns2:configData&gt;&lt;ns2:id&gt;67b6d27b-683c-465f-8306-c3b9d9590cc4&lt;/ns2:id&gt;&lt;ns2:optionName&gt;caseId&lt;/ns2:optionName&gt;&lt;ns2:value&gt;tw.options.caseId&lt;/ns2:value&gt;&lt;ns2:valueType&gt;dynamic&lt;/ns2:valueType&gt;&lt;/ns2:configData&gt;&lt;ns2:configData&gt;&lt;ns2:id&gt;1d4cb62e-5e66-4f34-8606-9ceaee379f0c&lt;/ns2:id&gt;&lt;ns2:optionName&gt;tosName&lt;/ns2:optionName&gt;&lt;ns2:value&gt;tw.options.tosName&lt;/ns2:value&gt;&lt;ns2:valueType&gt;dynamic&lt;/ns2:valueType&gt;&lt;/ns2:configData&gt;&lt;ns2:configData&gt;&lt;ns2:id&gt;d1accd79-fd92-43f1-8094-eb59efea6725&lt;/ns2:id&gt;&lt;ns2:optionName&gt;getCaseCalendarEvents&lt;/ns2:optionName&gt;&lt;ns2:value&gt;1.5ee21e51-ec12-490b-b417-54ce29a419b9&lt;/ns2:value&gt;&lt;/ns2:configData&gt;&lt;ns2:viewUUID&gt;64.021e1e32-ee6f-414e-a1c7-6de711e7b6c1&lt;/ns2:viewUUID&gt;&lt;/ns2:contributions&gt;&lt;/ns2:contentBoxContrib&gt;&lt;/ns2:contributions&gt;&lt;ns2:contributions xsi:type="ns2:ViewRef" version="8550"&gt;&lt;ns2:id&gt;79694f14-1def-47c3-8545-7643c0f09636&lt;/ns2:id&gt;&lt;ns2:layoutItemId&gt;SmallCalendarLayout&lt;/ns2:layoutItemId&gt;&lt;ns2:configData&gt;&lt;ns2:id&gt;fda91f11-93a0-495d-876c-dc5252ab690c&lt;/ns2:id&gt;&lt;ns2:optionName&gt;@label&lt;/ns2:optionName&gt;&lt;ns2:value&gt;Vertical layout 2&lt;/ns2:value&gt;&lt;/ns2:configData&gt;&lt;ns2:configData&gt;&lt;ns2:id&gt;daac539e-2200-4754-8132-02b3af97d259&lt;/ns2:id&gt;&lt;ns2:optionName&gt;@helpText&lt;/ns2:optionName&gt;&lt;ns2:value&gt;&lt;/ns2:value&gt;&lt;/ns2:configData&gt;&lt;ns2:configData&gt;&lt;ns2:id&gt;9996b52e-2bd5-4a3b-8135-c606473ae7bb&lt;/ns2:id&gt;&lt;ns2:optionName&gt;@labelVisibility&lt;/ns2:optionName&gt;&lt;ns2:value&gt;SHOW&lt;/ns2:value&gt;&lt;/ns2:configData&gt;&lt;ns2:viewUUID&gt;64.ef447b87-24a2-42a7-b2b9-cd471e9f7b67&lt;/ns2:viewUUID&gt;&lt;ns2:contentBoxContrib&gt;&lt;ns2:id&gt;0729d0dc-fce1-4bca-8454-c65f4bbf3cc6&lt;/ns2:id&gt;&lt;ns2:contentBoxId&gt;ContentBox1&lt;/ns2:contentBoxId&gt;&lt;ns2:contributions xsi:type="ns2:ViewRef" version="8550"&gt;&lt;ns2:id&gt;353b10fb-2c6e-4d15-82ae-5857a5151577&lt;/ns2:id&gt;&lt;ns2:layoutItemId&gt;CaseCalendarSmall&lt;/ns2:layoutItemId&gt;&lt;ns2:configData&gt;&lt;ns2:id&gt;194cd71d-be90-4805-898a-f03cdae8dbbb&lt;/ns2:id&gt;&lt;ns2:optionName&gt;@label&lt;/ns2:optionName&gt;&lt;ns2:value&gt;Case Calendar Small&lt;/ns2:value&gt;&lt;/ns2:configData&gt;&lt;ns2:configData&gt;&lt;ns2:id&gt;a5295d8c-5220-4a5b-83c9-d6e9cbe8ae34&lt;/ns2:id&gt;&lt;ns2:optionName&gt;@helpText&lt;/ns2:optionName&gt;&lt;ns2:value&gt;&lt;/ns2:value&gt;&lt;/ns2:configData&gt;&lt;ns2:configData&gt;&lt;ns2:id&gt;50299630-5a21-4b83-8f43-e72aad676cd0&lt;/ns2:id&gt;&lt;ns2:optionName&gt;@labelVisibility&lt;/ns2:optionName&gt;&lt;ns2:value&gt;SHOW&lt;/ns2:value&gt;&lt;/ns2:configData&gt;&lt;ns2:configData&gt;&lt;ns2:id&gt;47168c45-5f23-4926-8c50-ff481fad8df9&lt;/ns2:id&gt;&lt;ns2:optionName&gt;displayWeekNumbers&lt;/ns2:optionName&gt;&lt;ns2:value&gt;tw.options.displayWeekNumbers&lt;/ns2:value&gt;&lt;ns2:valueType&gt;dynamic&lt;/ns2:valueType&gt;&lt;/ns2:configData&gt;&lt;ns2:configData&gt;&lt;ns2:id&gt;d8008f85-1a74-4706-85e6-ff8f57b86a90&lt;/ns2:id&gt;&lt;ns2:optionName&gt;caseId&lt;/ns2:optionName&gt;&lt;ns2:value&gt;tw.options.caseId&lt;/ns2:value&gt;&lt;ns2:valueType&gt;dynamic&lt;/ns2:valueType&gt;&lt;/ns2:configData&gt;&lt;ns2:configData&gt;&lt;ns2:id&gt;a11573e6-c375-4c6b-80f1-bfc599d7f9b4&lt;/ns2:id&gt;&lt;ns2:optionName&gt;tosName&lt;/ns2:optionName&gt;&lt;ns2:value&gt;tw.options.tosName&lt;/ns2:value&gt;&lt;ns2:valueType&gt;dynamic&lt;/ns2:valueType&gt;&lt;/ns2:configData&gt;&lt;ns2:viewUUID&gt;64.af101066-b90f-442c-8795-9ce4f05d4ec4&lt;/ns2:viewUUID&gt;&lt;/ns2:contributions&gt;&lt;/ns2:contentBoxContrib&gt;&lt;/ns2:contributions&gt;&lt;/ns2:contentBoxContrib&gt;&lt;/ns2:layoutItem&gt;&lt;/ns2:layout&gt;</layout>
        <paletteIcon isNull="true" />
        <previewImage isNull="true" />
        <hasLabel>true</hasLabel>
        <labelPosition>0</labelPosition>
        <nineSliceX1Coord>0</nineSliceX1Coord>
        <nineSliceX2Coord>0</nineSliceX2Coord>
        <nineSliceY1Coord>0</nineSliceY1Coord>
        <nineSliceY2Coord>0</nineSliceY2Coord>
        <emitBoundary>false</emitBoundary>
        <isPrototypeFunc>true</isPrototypeFunc>
        <enableDevMode>false</enableDevMode>
        <isMobileReady>true</isMobileReady>
        <loadJsFunction></loadJsFunction>
        <unloadJsFunction></unloadJsFunction>
        <viewJsFunction isNull="true" />
        <changeJsFunction isNull="true" />
        <collaborationJsFunction isNull="true" />
        <description></description>
        <validateJsFunction isNull="true" />
        <previewAdvHtml>d7d6f0f8-7a7b-4bea-87e7-3bb66a2ad3a3/61.71da8275-e204-4349-b1e4-5376ce9d7d0c</previewAdvHtml>
        <previewAdvJs>d7d6f0f8-7a7b-4bea-87e7-3bb66a2ad3a3/61.abcd6f7a-670c-41dd-bd74-3865ad9e9b10</previewAdvJs>
        <useUrlBinding>false</useUrlBinding>
        <guid>a0bc5ec3-a7d1-4cc9-9d94-b3198a162402</guid>
        <versionId>97bdadff-67fd-4d93-b7f5-8f0c20b27e41</versionId>
        <field1 isNull="true" />
        <field2 isNull="true" />
        <field3>0</field3>
        <field4 isNull="true" />
        <field5>false</field5>
        <clobField1 isNull="true" />
        <configOption name="caseId">
            <lastModified isNull="true" />
            <lastModifiedBy isNull="true" />
            <tenantId isNull="true" />
            <coachViewConfigOptionId>66.48c79e06-91e6-4b81-a704-8c59135ca9c5</coachViewConfigOptionId>
            <coachViewId>64.d57096c7-19f1-4461-bd87-6b63c9f75040</coachViewId>
            <isList>false</isList>
            <propertyType>OBJECT</propertyType>
            <label>tw.resource.CAT.caseIdLBL</label>
            <classId>56f01b11-2631-47ae-acdd-75a5c2d4e9d2/12.db884a3c-c533-44b7-bb2d-47bec8ad4022</classId>
            <processId isNull="true" />
            <actionflowId isNull="true" />
            <isAdaptive>false</isAdaptive>
            <seq>0</seq>
            <description>tw.resource.CAT.caseIdentifierDOC</description>
            <groupName></groupName>
            <guid>914287ee-113b-4bac-b1cc-c6291d410858</guid>
            <versionId>ca87c01d-d0d5-4309-a7e9-c9b69cde4171</versionId>
        </configOption>
        <configOption name="tosName">
            <lastModified isNull="true" />
            <lastModifiedBy isNull="true" />
            <tenantId isNull="true" />
            <coachViewConfigOptionId>66.f8acec6f-b50d-4133-9c82-437eba333072</coachViewConfigOptionId>
            <coachViewId>64.d57096c7-19f1-4461-bd87-6b63c9f75040</coachViewId>
            <isList>false</isList>
            <propertyType>OBJECT</propertyType>
            <label>tw.resource.CAT.tosNameLBL</label>
            <classId>56f01b11-2631-47ae-acdd-75a5c2d4e9d2/12.db884a3c-c533-44b7-bb2d-47bec8ad4022</classId>
            <processId isNull="true" />
            <actionflowId isNull="true" />
            <isAdaptive>false</isAdaptive>
            <seq>1</seq>
            <description>tw.resource.CAT.tosNameDOC</description>
            <groupName></groupName>
            <guid>103b8745-a99c-4b50-84a3-ad69d7a20da8</guid>
            <versionId>dbda66e3-cede-4622-862c-88b60e54757c</versionId>
        </configOption>
        <configOption name="calendarSize">
            <lastModified isNull="true" />
            <lastModifiedBy isNull="true" />
            <tenantId isNull="true" />
            <coachViewConfigOptionId>66.b188e03a-6566-4f40-920f-abb1384a46b5</coachViewConfigOptionId>
            <coachViewId>64.d57096c7-19f1-4461-bd87-6b63c9f75040</coachViewId>
            <isList>false</isList>
            <propertyType>OBJECT</propertyType>
            <label>tw.resource.CAT.calendarSize</label>
            <classId>/12.84c6845e-ce1c-4056-a472-a90cb9aea29b</classId>
            <processId isNull="true" />
            <actionflowId isNull="true" />
            <isAdaptive>false</isAdaptive>
            <seq>2</seq>
            <description>tw.resource.CAT.calendarSizeDOC</description>
            <groupName></groupName>
            <guid>2b2b0135-22bd-4206-a5ec-f0664bb7cac1</guid>
            <versionId>5a8999cd-0945-4057-8bcd-36b57829ac28</versionId>
        </configOption>
        <configOption name="calendarView">
            <lastModified isNull="true" />
            <lastModifiedBy isNull="true" />
            <tenantId isNull="true" />
            <coachViewConfigOptionId>66.74d1e6fb-b45b-42d6-90b4-dbb5ad2d97a7</coachViewConfigOptionId>
            <coachViewId>64.d57096c7-19f1-4461-bd87-6b63c9f75040</coachViewId>
            <isList>false</isList>
            <propertyType>OBJECT</propertyType>
            <label>tw.resource.CAT.calendarView</label>
            <classId>/12.91508b39-7403-40bb-ab3f-f18ad5be13a7</classId>
            <processId isNull="true" />
            <actionflowId isNull="true" />
            <isAdaptive>false</isAdaptive>
            <seq>3</seq>
            <description>tw.resource.CAT.calendarViewDOC</description>
            <groupName></groupName>
            <guid>ffd99e32-25b6-4315-80af-e12d91c3541d</guid>
            <versionId>1d5baad0-acf5-4fac-adb3-d689181d38c6</versionId>
        </configOption>
        <configOption name="displayWeekNumbers">
            <lastModified isNull="true" />
            <lastModifiedBy isNull="true" />
            <tenantId isNull="true" />
            <coachViewConfigOptionId>66.accd645a-e506-4947-bca2-5a8c9810c379</coachViewConfigOptionId>
            <coachViewId>64.d57096c7-19f1-4461-bd87-6b63c9f75040</coachViewId>
            <isList>false</isList>
            <propertyType>OBJECT</propertyType>
            <label>tw.resource.CAT.displayWeekNumbers</label>
            <classId>56f01b11-2631-47ae-acdd-75a5c2d4e9d2/12.83ff975e-8dbc-42e5-b738-fa8bc08274a2</classId>
            <processId isNull="true" />
            <actionflowId isNull="true" />
            <isAdaptive>false</isAdaptive>
            <seq>4</seq>
            <description>tw.resource.CAT.displayWeekNumbersDOC</description>
            <groupName></groupName>
            <guid>37e64fc5-5ff9-45c6-8f56-f3e70282c6a5</guid>
            <versionId>0b0b214f-d11d-4a31-87ff-fc40180ce8f6</versionId>
        </configOption>
        <configOption name="getCaseCalendarEvents">
            <lastModified isNull="true" />
            <lastModifiedBy isNull="true" />
            <tenantId isNull="true" />
            <coachViewConfigOptionId>66.ad040f02-2853-4cbc-91a4-b2a03e4511ac</coachViewConfigOptionId>
            <coachViewId>64.d57096c7-19f1-4461-bd87-6b63c9f75040</coachViewId>
            <isList>false</isList>
            <propertyType>SERVICE</propertyType>
            <label>tw.resource.CAT.getCalendarEventService</label>
            <classId>56f01b11-2631-47ae-acdd-75a5c2d4e9d2/12.db884a3c-c533-44b7-bb2d-47bec8ad4022</classId>
            <processId>/1.702c53b1-6104-4caf-b312-f2fda3f7e1d8</processId>
            <actionflowId isNull="true" />
            <isAdaptive>false</isAdaptive>
            <seq>5</seq>
            <description>tw.resource.CAT.getCalendarEventServiceDoc</description>
            <groupName>tw.resource.CAT.calendarEventServiceGrpName</groupName>
            <guid>991011a4-b349-4f6d-b2f8-9da5036078a4</guid>
            <versionId>14cb24c0-128b-4284-b248-a717fda46893</versionId>
        </configOption>
        <configOption name="inputData">
            <lastModified isNull="true" />
            <lastModifiedBy isNull="true" />
            <tenantId isNull="true" />
            <coachViewConfigOptionId>66.b456c44b-87ae-4602-afc6-7a1bd42dfa52</coachViewConfigOptionId>
            <coachViewId>64.d57096c7-19f1-4461-bd87-6b63c9f75040</coachViewId>
            <isList>false</isList>
            <propertyType>OBJECT</propertyType>
            <label>tw.resource.CAT.serviceInputData</label>
            <classId>56f01b11-2631-47ae-acdd-75a5c2d4e9d2/12.c09c9b6e-aabd-4897-bef2-ed61db106297</classId>
            <processId isNull="true" />
            <actionflowId isNull="true" />
            <isAdaptive>false</isAdaptive>
            <seq>6</seq>
            <description></description>
            <groupName>tw.resource.CAT.calendarEventServiceGrpName</groupName>
            <guid>d3c59f2d-3045-4ccb-9287-36d3e2068508</guid>
            <versionId>0fca9b7a-73da-44cc-9a5f-cc7eab5aa9fb</versionId>
        </configOption>
        <configOption name="eventON_CASE_CALENDAR_DAY_CLICK">
            <lastModified isNull="true" />
            <lastModifiedBy isNull="true" />
            <tenantId isNull="true" />
            <coachViewConfigOptionId>66.501687b8-c5f4-4fee-abca-110a139b8ad1</coachViewConfigOptionId>
            <coachViewId>64.d57096c7-19f1-4461-bd87-6b63c9f75040</coachViewId>
            <isList>false</isList>
            <propertyType>EVENT</propertyType>
            <label>tw.resource.CAT.eventOnDayClickLBL</label>
            <classId>56f01b11-2631-47ae-acdd-75a5c2d4e9d2/12.db884a3c-c533-44b7-bb2d-47bec8ad4022</classId>
            <processId isNull="true" />
            <actionflowId isNull="true" />
            <isAdaptive>false</isAdaptive>
            <seq>7</seq>
            <description>tw.resource.CAT.eventOnDayClickDoc</description>
            <groupName></groupName>
            <guid>297df7d7-6068-4f90-ae3b-3aa50d97fb34</guid>
            <versionId>79930bd6-8675-4a9b-acb8-533e724b4170</versionId>
        </configOption>
        <configOption name="eventON_CASE_CALENDAR_EVENT_LOAD">
            <lastModified isNull="true" />
            <lastModifiedBy isNull="true" />
            <tenantId isNull="true" />
            <coachViewConfigOptionId>66.4fd6e265-6b00-4ded-a423-25ab6e08f188</coachViewConfigOptionId>
            <coachViewId>64.d57096c7-19f1-4461-bd87-6b63c9f75040</coachViewId>
            <isList>false</isList>
            <propertyType>EVENT</propertyType>
            <label>tw.resource.CAT.eventOnCalendarEventLoadLBL</label>
            <classId>56f01b11-2631-47ae-acdd-75a5c2d4e9d2/12.db884a3c-c533-44b7-bb2d-47bec8ad4022</classId>
            <processId isNull="true" />
            <actionflowId isNull="true" />
            <isAdaptive>false</isAdaptive>
            <seq>8</seq>
            <description>tw.resource.CAT.eventOnCalendarEventLoadDoc</description>
            <groupName></groupName>
            <guid>5b5e375e-a8c2-4026-a45f-aa4abd19a92f</guid>
            <versionId>f29b7299-13f2-4dde-9c84-f38a43c14c7a</versionId>
        </configOption>
        <configOption name="RepositoryNameService">
            <lastModified isNull="true" />
            <lastModifiedBy isNull="true" />
            <tenantId isNull="true" />
            <coachViewConfigOptionId>66.b2f6b2bd-b9c9-4f41-aeef-07fde152420e</coachViewConfigOptionId>
            <coachViewId>64.d57096c7-19f1-4461-bd87-6b63c9f75040</coachViewId>
            <isList>false</isList>
            <propertyType>SERVICE</propertyType>
            <label>tw.resource.CAT.RepositoryNameService</label>
            <classId>56f01b11-2631-47ae-acdd-75a5c2d4e9d2/12.db884a3c-c533-44b7-bb2d-47bec8ad4022</classId>
            <processId>/1.91f23606-61c3-43d7-a664-8f423244449e</processId>
            <actionflowId isNull="true" />
            <isAdaptive>false</isAdaptive>
            <seq>9</seq>
            <description>tw.resource.CAT.repositoryNameServiceDOC</description>
            <groupName></groupName>
            <guid>guid:b2f6b2bd-b9c9-4f41-aeef-07fde152420e</guid>
            <versionId>a42f190a-8235-4d29-a5b7-36bb82232448</versionId>
        </configOption>
        <dynamicStyle>
            <lastModified isNull="true" />
            <lastModifiedBy isNull="true" />
            <tenantId isNull="true" />
            <coachViewDynamicStyleId>73.4ee247ab-2f41-4210-8349-fd0f8d6b2d4d</coachViewDynamicStyleId>
            <coachViewId>64.d57096c7-19f1-4461-bd87-6b63c9f75040</coachViewId>
            <filePath>case.less</filePath>
            <assetUuid>/61.2e649208-11dd-4f58-a4c9-53c91521b179</assetUuid>
            <seq>0</seq>
            <guid>47938c66-4a8d-49d6-97c4-f052224851ad</guid>
            <versionId>fabb7a56-d5f9-4dd6-a18e-1e0a994bd4ab</versionId>
        </dynamicStyle>
        <dynamicStyle>
            <lastModified isNull="true" />
            <lastModifiedBy isNull="true" />
            <tenantId isNull="true" />
            <coachViewDynamicStyleId>73.92498f28-ad2b-4462-89a1-870f942c787f</coachViewDynamicStyleId>
            <coachViewId>64.d57096c7-19f1-4461-bd87-6b63c9f75040</coachViewId>
            <filePath>bpmUI.less</filePath>
            <assetUuid>d7d6f0f8-7a7b-4bea-87e7-3bb66a2ad3a3/61.26865295-8511-4538-b8f1-4cb99c203a92</assetUuid>
            <seq>1</seq>
            <guid>e73cecd2-6419-40a1-b508-81d6869928d8</guid>
            <versionId>e725f633-87e5-46dc-aef3-d15d6385ed27</versionId>
        </dynamicStyle>
        <resource>
            <lastModified isNull="true" />
            <lastModifiedBy isNull="true" />
            <tenantId isNull="true" />
            <coachViewResourceId>67.8db50ffc-fba7-4da3-a410-1c830555dd7d</coachViewResourceId>
            <coachViewId>64.d57096c7-19f1-4461-bd87-6b63c9f75040</coachViewId>
            <filePath>Core.js</filePath>
            <ieCondition isNull="true" />
            <mediaQuery isNull="true" />
            <scriptLoadStyle isNull="true" />
            <assetUuid>/61.b9f2b5d6-21e2-48a0-a41a-5149ebe9db15</assetUuid>
            <seq>0</seq>
            <guid>8ce52b1a-92d1-48ad-9631-19b82a3ae626</guid>
            <versionId>f91bcaf5-f011-4ffe-ac44-8bcc8a0c2c73</versionId>
        </resource>
        <inlineScript name="Inline CSS">
            <lastModified isNull="true" />
            <lastModifiedBy isNull="true" />
            <tenantId isNull="true" />
            <coachViewInlineScriptId>68.29f34e7a-faec-462f-800b-e80993ba681f</coachViewInlineScriptId>
            <coachViewId>64.d57096c7-19f1-4461-bd87-6b63c9f75040</coachViewId>
            <scriptType>CSS</scriptType>
            <scriptBlock> </scriptBlock>
            <seq>0</seq>
            <description></description>
            <guid>f673e050-e1d7-4e40-9da7-ea78d18a8b1d</guid>
            <versionId>ec80021a-5382-44f1-a06a-9e8fa680b04d</versionId>
        </inlineScript>
        <inlineScript name="Inline Javascript">
            <lastModified isNull="true" />
            <lastModifiedBy isNull="true" />
            <tenantId isNull="true" />
            <coachViewInlineScriptId>68.68350848-4c3e-4537-a585-da2f89d0cd80</coachViewInlineScriptId>
            <coachViewId>64.d57096c7-19f1-4461-bd87-6b63c9f75040</coachViewId>
            <scriptType>JS</scriptType>
            <scriptBlock>var fileName = 'Case-Control-CaseCalendar.js';&#xD;
var path = (dojoConfig.isDebug === true) ?&#xD;
 	com_ibm_bpm_coach.getManagedAssetUrl(fileName, com_ibm_bpm_coach.assetType_WEB, 'SYSCT', false) :&#xD;
 	com_ibm_bpm_coach.getManagedAssetUrl('Case-Controls.min.js', com_ibm_bpm_coach.assetType_WEB, 'SYSCT', false);&#xD;
&#xD;
 	path = (dojoConfig.isDeveloperMode === true) ? "case/files/" + fileName : path;&#xD;
var _this = this;&#xD;
require({async:false},[path], function() {&#xD;
	case_control_InitCaseCalendarView.call(_this, utilities, taskUtils, wpResources, domAttr, json);&#xD;
});</scriptBlock>
            <seq>1</seq>
            <description></description>
            <guid>683ddeba-9f82-4f8d-9f79-40302f58346b</guid>
            <versionId>9451b9d7-d184-42e3-90f9-9844d411d480</versionId>
        </inlineScript>
        <localization>
            <lastModified isNull="true" />
            <lastModifiedBy isNull="true" />
            <tenantId isNull="true" />
            <coachViewLocalResId>69.0aea18bd-0dcf-4732-9444-a5b27585bf41</coachViewLocalResId>
            <coachViewId>64.d57096c7-19f1-4461-bd87-6b63c9f75040</coachViewId>
            <resourceBundleGroupId>d7d6f0f8-7a7b-4bea-87e7-3bb66a2ad3a3/50.f9a573ef-523f-4f0e-80c8-39285c07ddd4</resourceBundleGroupId>
            <seq>0</seq>
            <guid>49ef0be4-5b9c-4de0-9d7b-f5beb99ec095</guid>
            <versionId>eae12028-b9d8-406f-b8c3-cb04cca0a23e</versionId>
        </localization>
        <localization>
            <lastModified isNull="true" />
            <lastModifiedBy isNull="true" />
            <tenantId isNull="true" />
            <coachViewLocalResId>69.6d5822b2-5e09-453b-9f05-0a5e236a3084</coachViewLocalResId>
            <coachViewId>64.d57096c7-19f1-4461-bd87-6b63c9f75040</coachViewId>
            <resourceBundleGroupId>/50.c4d6cc83-a000-4ae2-b2f5-d35d89f9c6ba</resourceBundleGroupId>
            <seq>1</seq>
            <guid>75d33265-9695-4273-8e83-3ebc84c7def8</guid>
            <versionId>617acb17-319e-49ff-87d2-794147aeaeb0</versionId>
        </localization>
        <amdDependency>
            <lastModified isNull="true" />
            <lastModifiedBy isNull="true" />
            <tenantId isNull="true" />
            <coachViewAmdDepId>70.6734a0a5-3cea-442f-b1d5-58fe7f0e378c</coachViewAmdDepId>
            <coachViewId>64.d57096c7-19f1-4461-bd87-6b63c9f75040</coachViewId>
            <moduleId>com.ibm.bpm.coach.utils/utilities</moduleId>
            <functionArgument>utilities</functionArgument>
            <seq>0</seq>
            <guid>4fe23205-3605-4ef7-bda8-7308bb4114c7</guid>
            <versionId>45161a17-1915-461c-a2a6-00cc42d06833</versionId>
        </amdDependency>
        <amdDependency>
            <lastModified isNull="true" />
            <lastModifiedBy isNull="true" />
            <tenantId isNull="true" />
            <coachViewAmdDepId>70.c99d16de-f2fc-461a-9844-535b4ad24b21</coachViewAmdDepId>
            <coachViewId>64.d57096c7-19f1-4461-bd87-6b63c9f75040</coachViewId>
            <moduleId>dojo/_base/array</moduleId>
            <functionArgument>array</functionArgument>
            <seq>1</seq>
            <guid>5b3ef5c5-a79b-4935-8b17-86710e832db2</guid>
            <versionId>bfa06b68-fe1c-448b-ac96-088290d17f31</versionId>
        </amdDependency>
        <amdDependency>
            <lastModified isNull="true" />
            <lastModifiedBy isNull="true" />
            <tenantId isNull="true" />
            <coachViewAmdDepId>70.75ff7847-86c9-4478-9712-9c3940f000e5</coachViewAmdDepId>
            <coachViewId>64.d57096c7-19f1-4461-bd87-6b63c9f75040</coachViewId>
            <moduleId>com.ibm.bpm.case.core/taskUtils</moduleId>
            <functionArgument>taskUtils</functionArgument>
            <seq>2</seq>
            <guid>7ebdcfe2-ee2a-4a21-b1c7-2ee5f540c217</guid>
            <versionId>de36e4cf-8c2e-4fa0-954e-4bb6ff894f15</versionId>
        </amdDependency>
        <amdDependency>
            <lastModified isNull="true" />
            <lastModifiedBy isNull="true" />
            <tenantId isNull="true" />
            <coachViewAmdDepId>70.83724d5c-7801-45c8-a3fb-19880350793a</coachViewAmdDepId>
            <coachViewId>64.d57096c7-19f1-4461-bd87-6b63c9f75040</coachViewId>
            <moduleId>com.ibm.bpm.case.resources</moduleId>
            <functionArgument>wpResources</functionArgument>
            <seq>3</seq>
            <guid>35c182ac-0e51-4fea-bcab-e926e0737300</guid>
            <versionId>204bc6a1-2cb8-403c-9ca8-03890b84c595</versionId>
        </amdDependency>
        <amdDependency>
            <lastModified isNull="true" />
            <lastModifiedBy isNull="true" />
            <tenantId isNull="true" />
            <coachViewAmdDepId>70.4c809dba-a9c6-41bc-b385-55b51c2dd0a6</coachViewAmdDepId>
            <coachViewId>64.d57096c7-19f1-4461-bd87-6b63c9f75040</coachViewId>
            <moduleId>dojo/dom-attr</moduleId>
            <functionArgument>domAttr</functionArgument>
            <seq>4</seq>
            <guid>3aa2aa84-b0aa-4f6a-8761-e081979ea2bb</guid>
            <versionId>3fe36cb4-52e6-4c17-873f-c7569dd5ad46</versionId>
        </amdDependency>
        <amdDependency>
            <lastModified isNull="true" />
            <lastModifiedBy isNull="true" />
            <tenantId isNull="true" />
            <coachViewAmdDepId>70.0564392b-0dbe-4f78-ac34-1f626610815f</coachViewAmdDepId>
            <coachViewId>64.d57096c7-19f1-4461-bd87-6b63c9f75040</coachViewId>
            <moduleId>dojo/json</moduleId>
            <functionArgument>json</functionArgument>
            <seq>5</seq>
            <guid>d5dc8a56-622b-4559-a278-27b962041af6</guid>
            <versionId>97684e53-5153-4ab9-8bea-71ca5477e9b6</versionId>
        </amdDependency>
    </coachView>
</teamworks>

