<?xml version="1.0" encoding="UTF-8"?>
<teamworks>
    <coachView id="64.dae5b422-3410-4159-90e2-ba8d53ec96b1" name="Calendar">
        <lastModified>1636632527069</lastModified>
        <lastModifiedBy>tw_admin</lastModifiedBy>
        <tenantId isNull="true" />
        <coachViewId>64.dae5b422-3410-4159-90e2-ba8d53ec96b1</coachViewId>
        <isTemplate>false</isTemplate>
        <layout>&lt;?xml version="1.0" encoding="UTF-8" standalone="yes"?&gt;&lt;ns2:layout xmlns:ns2="http://www.ibm.com/bpm/CoachDesignerNG" xmlns:ns3="http://www.ibm.com/bpm/coachview"&gt;&lt;ns2:layoutItem xsi:type="ns2:CustomHTML" version="8550" xmlns:xsi="http://www.w3.org/2001/XMLSchema-instance"&gt;&lt;ns2:id&gt;152c20cc-273b-47d8-871a-74ca3d46849a&lt;/ns2:id&gt;&lt;ns2:layoutItemId&gt;CustomHTML1&lt;/ns2:layoutItemId&gt;&lt;ns2:configData&gt;&lt;ns2:id&gt;b572c654-02c1-4417-8c12-4dd752fd7418&lt;/ns2:id&gt;&lt;ns2:optionName&gt;@customHTML.contentType&lt;/ns2:optionName&gt;&lt;ns2:value&gt;TEXT&lt;/ns2:value&gt;&lt;/ns2:configData&gt;&lt;ns2:configData&gt;&lt;ns2:id&gt;91d49c57-d26e-4c75-8ba9-0af03317508b&lt;/ns2:id&gt;&lt;ns2:optionName&gt;@customHTML.textContent&lt;/ns2:optionName&gt;&lt;ns2:value&gt;&amp;lt;div id='fullcalendar' class='fullcalendar'&amp;gt;&amp;lt;/div&amp;gt;&lt;/ns2:value&gt;&lt;/ns2:configData&gt;&lt;/ns2:layoutItem&gt;&lt;/ns2:layout&gt;</layout>
        <paletteIcon isNull="true" />
        <previewImage isNull="true" />
        <hasLabel>true</hasLabel>
        <labelPosition>0</labelPosition>
        <nineSliceX1Coord>0</nineSliceX1Coord>
        <nineSliceX2Coord>0</nineSliceX2Coord>
        <nineSliceY1Coord>0</nineSliceY1Coord>
        <nineSliceY2Coord>0</nineSliceY2Coord>
        <emitBoundary>false</emitBoundary>
        <isPrototypeFunc>true</isPrototypeFunc>
        <enableDevMode>false</enableDevMode>
        <isMobileReady>true</isMobileReady>
        <loadJsFunction></loadJsFunction>
        <unloadJsFunction></unloadJsFunction>
        <viewJsFunction isNull="true" />
        <changeJsFunction isNull="true" />
        <collaborationJsFunction isNull="true" />
        <description></description>
        <validateJsFunction isNull="true" />
        <previewAdvHtml>d7d6f0f8-7a7b-4bea-87e7-3bb66a2ad3a3/61.71da8275-e204-4349-b1e4-5376ce9d7d0c</previewAdvHtml>
        <previewAdvJs>d7d6f0f8-7a7b-4bea-87e7-3bb66a2ad3a3/61.abcd6f7a-670c-41dd-bd74-3865ad9e9b10</previewAdvJs>
        <useUrlBinding>false</useUrlBinding>
        <guid>9f630e03-b72f-4be8-80d6-b4d041e465b4</guid>
        <versionId>d768188e-296f-446b-8747-2a7e3f6aac10</versionId>
        <field1 isNull="true" />
        <field2 isNull="true" />
        <field3>0</field3>
        <field4 isNull="true" />
        <field5>false</field5>
        <clobField1 isNull="true" />
        <configOption name="calendarView">
            <lastModified isNull="true" />
            <lastModifiedBy isNull="true" />
            <tenantId isNull="true" />
            <coachViewConfigOptionId>66.19963ce9-9922-41e9-8555-a5d67147df29</coachViewConfigOptionId>
            <coachViewId>64.dae5b422-3410-4159-90e2-ba8d53ec96b1</coachViewId>
            <isList>false</isList>
            <propertyType>OBJECT</propertyType>
            <label>tw.resource.CAT.calendarView</label>
            <classId>/12.91508b39-7403-40bb-ab3f-f18ad5be13a7</classId>
            <processId isNull="true" />
            <actionflowId isNull="true" />
            <isAdaptive>false</isAdaptive>
            <seq>0</seq>
            <description>tw.resource.CAT.calendarViewDOC</description>
            <groupName></groupName>
            <guid>7defc49e-fb7c-4775-97d8-fe87dc2a562c</guid>
            <versionId>155e4a36-3838-4c5e-b4c6-7e1efe22d166</versionId>
        </configOption>
        <configOption name="displayWeekNumbers">
            <lastModified isNull="true" />
            <lastModifiedBy isNull="true" />
            <tenantId isNull="true" />
            <coachViewConfigOptionId>66.56cb0ed7-47dc-4a06-8228-356940616bca</coachViewConfigOptionId>
            <coachViewId>64.dae5b422-3410-4159-90e2-ba8d53ec96b1</coachViewId>
            <isList>false</isList>
            <propertyType>OBJECT</propertyType>
            <label>tw.resource.CAT.displayWeekNumbers</label>
            <classId>56f01b11-2631-47ae-acdd-75a5c2d4e9d2/12.83ff975e-8dbc-42e5-b738-fa8bc08274a2</classId>
            <processId isNull="true" />
            <actionflowId isNull="true" />
            <isAdaptive>false</isAdaptive>
            <seq>1</seq>
            <description>tw.resource.CAT.displayWeekNumbersDOC</description>
            <groupName></groupName>
            <guid>fee04629-f32e-4a8f-b86e-b01f608b47e8</guid>
            <versionId>63195d5a-7851-4da7-8c63-b26c8d89e262</versionId>
        </configOption>
        <configOption name="getCalendarEventService">
            <lastModified isNull="true" />
            <lastModifiedBy isNull="true" />
            <tenantId isNull="true" />
            <coachViewConfigOptionId>66.b0a81aca-d803-4932-831a-97c308ce5a1c</coachViewConfigOptionId>
            <coachViewId>64.dae5b422-3410-4159-90e2-ba8d53ec96b1</coachViewId>
            <isList>false</isList>
            <propertyType>SERVICE</propertyType>
            <label>tw.resource.CAT.getCalendarEventService</label>
            <classId>56f01b11-2631-47ae-acdd-75a5c2d4e9d2/12.db884a3c-c533-44b7-bb2d-47bec8ad4022</classId>
            <processId>/1.5ee21e51-ec12-490b-b417-54ce29a419b9</processId>
            <actionflowId isNull="true" />
            <isAdaptive>false</isAdaptive>
            <seq>2</seq>
            <description>tw.resource.CAT.getCalendarEventServiceDoc</description>
            <groupName>tw.resource.CAT.calendarEventServiceGrpName</groupName>
            <guid>ffe03c70-f51a-4f78-9396-1ffbc16b56e8</guid>
            <versionId>696a47cf-ef4a-43de-ac8c-b202cadcc8cf</versionId>
        </configOption>
        <configOption name="inputData">
            <lastModified isNull="true" />
            <lastModifiedBy isNull="true" />
            <tenantId isNull="true" />
            <coachViewConfigOptionId>66.da506e39-8274-4639-a8d5-cef4d369e5d8</coachViewConfigOptionId>
            <coachViewId>64.dae5b422-3410-4159-90e2-ba8d53ec96b1</coachViewId>
            <isList>false</isList>
            <propertyType>OBJECT</propertyType>
            <label>tw.resource.CAT.serviceInputData</label>
            <classId>56f01b11-2631-47ae-acdd-75a5c2d4e9d2/12.c09c9b6e-aabd-4897-bef2-ed61db106297</classId>
            <processId isNull="true" />
            <actionflowId isNull="true" />
            <isAdaptive>false</isAdaptive>
            <seq>3</seq>
            <description></description>
            <groupName>tw.resource.CAT.calendarEventServiceGrpName</groupName>
            <guid>f6bd3a29-3b23-4fad-96fd-2e19a278137d</guid>
            <versionId>db75dd0d-223f-4a77-bbc9-578006b3d8b9</versionId>
        </configOption>
        <configOption name="eventON_DAY_CLICK">
            <lastModified isNull="true" />
            <lastModifiedBy isNull="true" />
            <tenantId isNull="true" />
            <coachViewConfigOptionId>66.8f843a53-85ee-4f55-b370-00e2ba53f509</coachViewConfigOptionId>
            <coachViewId>64.dae5b422-3410-4159-90e2-ba8d53ec96b1</coachViewId>
            <isList>false</isList>
            <propertyType>EVENT</propertyType>
            <label>tw.resource.CAT.eventOnDayClickLBL</label>
            <classId>56f01b11-2631-47ae-acdd-75a5c2d4e9d2/12.db884a3c-c533-44b7-bb2d-47bec8ad4022</classId>
            <processId isNull="true" />
            <actionflowId isNull="true" />
            <isAdaptive>false</isAdaptive>
            <seq>4</seq>
            <description>tw.resource.CAT.eventOnDayClickDoc</description>
            <groupName></groupName>
            <guid>59f07be6-33b9-4f5b-9538-8bc12126f128</guid>
            <versionId>d46d95b3-ad90-4468-822f-7cd7253c3b63</versionId>
        </configOption>
        <configOption name="eventON_DAY_LOAD">
            <lastModified isNull="true" />
            <lastModifiedBy isNull="true" />
            <tenantId isNull="true" />
            <coachViewConfigOptionId>66.6ff69f21-874e-4e5a-a218-c497d7fb7f63</coachViewConfigOptionId>
            <coachViewId>64.dae5b422-3410-4159-90e2-ba8d53ec96b1</coachViewId>
            <isList>false</isList>
            <propertyType>EVENT</propertyType>
            <label>tw.resource.CAT.eventOnDayLoadLBL</label>
            <classId>56f01b11-2631-47ae-acdd-75a5c2d4e9d2/12.db884a3c-c533-44b7-bb2d-47bec8ad4022</classId>
            <processId isNull="true" />
            <actionflowId isNull="true" />
            <isAdaptive>false</isAdaptive>
            <seq>5</seq>
            <description>tw.resource.CAT.eventOnDayLoadDoc</description>
            <groupName></groupName>
            <guid>b7fb4fbb-8d1f-4a03-8791-d832a453758a</guid>
            <versionId>902caec8-158f-4dae-9df9-48ff7f268814</versionId>
        </configOption>
        <configOption name="eventON_CALENDAR_EVENT_LOAD">
            <lastModified isNull="true" />
            <lastModifiedBy isNull="true" />
            <tenantId isNull="true" />
            <coachViewConfigOptionId>66.3b51a31e-a65a-466d-b9c6-ce0d156b379d</coachViewConfigOptionId>
            <coachViewId>64.dae5b422-3410-4159-90e2-ba8d53ec96b1</coachViewId>
            <isList>false</isList>
            <propertyType>EVENT</propertyType>
            <label>tw.resource.CAT.eventOnCalendarEventLoadLBL</label>
            <classId>56f01b11-2631-47ae-acdd-75a5c2d4e9d2/12.db884a3c-c533-44b7-bb2d-47bec8ad4022</classId>
            <processId isNull="true" />
            <actionflowId isNull="true" />
            <isAdaptive>false</isAdaptive>
            <seq>6</seq>
            <description>tw.resource.CAT.eventOnCalendarEventLoadDoc</description>
            <groupName></groupName>
            <guid>922e2d7b-8df4-463e-ae56-a6113686f1cb</guid>
            <versionId>27986e33-c38b-4ffc-a559-00b8aa3652d5</versionId>
        </configOption>
        <dynamicStyle>
            <lastModified isNull="true" />
            <lastModifiedBy isNull="true" />
            <tenantId isNull="true" />
            <coachViewDynamicStyleId>73.a4eabdb0-4644-43a4-9b0a-0bae39071c8a</coachViewDynamicStyleId>
            <coachViewId>64.dae5b422-3410-4159-90e2-ba8d53ec96b1</coachViewId>
            <filePath>case.less</filePath>
            <assetUuid>/61.2e649208-11dd-4f58-a4c9-53c91521b179</assetUuid>
            <seq>0</seq>
            <guid>f6681769-3315-4e41-835b-1e8b19f89a32</guid>
            <versionId>0788584b-20a3-407a-9cfd-6eb82be0318f</versionId>
        </dynamicStyle>
        <dynamicStyle>
            <lastModified isNull="true" />
            <lastModifiedBy isNull="true" />
            <tenantId isNull="true" />
            <coachViewDynamicStyleId>73.53af54b6-72ec-497b-b00c-1ddc25a45c81</coachViewDynamicStyleId>
            <coachViewId>64.dae5b422-3410-4159-90e2-ba8d53ec96b1</coachViewId>
            <filePath>bpmUI.less</filePath>
            <assetUuid>d7d6f0f8-7a7b-4bea-87e7-3bb66a2ad3a3/61.26865295-8511-4538-b8f1-4cb99c203a92</assetUuid>
            <seq>1</seq>
            <guid>60c109b9-7a68-4232-9e00-f2c2de0de956</guid>
            <versionId>c22f1e42-da54-4702-8727-5916e9842e0d</versionId>
        </dynamicStyle>
        <resource>
            <lastModified isNull="true" />
            <lastModifiedBy isNull="true" />
            <tenantId isNull="true" />
            <coachViewResourceId>67.3bf263d8-cbae-4771-ae7e-f7eaea2c127b</coachViewResourceId>
            <coachViewId>64.dae5b422-3410-4159-90e2-ba8d53ec96b1</coachViewId>
            <filePath isNull="true" />
            <ieCondition></ieCondition>
            <mediaQuery></mediaQuery>
            <scriptLoadStyle>SCRIPT_TAG_IN_HTML</scriptLoadStyle>
            <assetUuid>/61.db099a84-92d7-423d-a4bf-4e2c375843c5</assetUuid>
            <seq>0</seq>
            <guid>82ffa54d-7533-4054-ad79-c5be4bc9f5d5</guid>
            <versionId>84af08f5-6faa-42f4-9b6c-7a01ec6294a0</versionId>
        </resource>
        <resource>
            <lastModified isNull="true" />
            <lastModifiedBy isNull="true" />
            <tenantId isNull="true" />
            <coachViewResourceId>67.f52cc63c-9e47-4a55-aa55-4df12be05581</coachViewResourceId>
            <coachViewId>64.dae5b422-3410-4159-90e2-ba8d53ec96b1</coachViewId>
            <filePath isNull="true" />
            <ieCondition></ieCondition>
            <mediaQuery></mediaQuery>
            <scriptLoadStyle isNull="true" />
            <assetUuid>/61.8dd9e0cf-bd86-4ded-8167-2a26731322d2</assetUuid>
            <seq>1</seq>
            <guid>2c18df4b-3369-4fab-8c41-7ede493dc8e8</guid>
            <versionId>b2521cfb-b0da-4bf3-9d81-6a7d45caa593</versionId>
        </resource>
        <resource>
            <lastModified isNull="true" />
            <lastModifiedBy isNull="true" />
            <tenantId isNull="true" />
            <coachViewResourceId>67.dc2d17f3-d217-4631-9e25-2cc465db7a14</coachViewResourceId>
            <coachViewId>64.dae5b422-3410-4159-90e2-ba8d53ec96b1</coachViewId>
            <filePath>Core.js</filePath>
            <ieCondition></ieCondition>
            <mediaQuery></mediaQuery>
            <scriptLoadStyle isNull="true" />
            <assetUuid>/61.b9f2b5d6-21e2-48a0-a41a-5149ebe9db15</assetUuid>
            <seq>2</seq>
            <guid>46500957-b9a9-490f-a3f8-0e93a6e0ba2a</guid>
            <versionId>3e3558a9-dae5-41dc-84b7-31b467eb6ee0</versionId>
        </resource>
        <inlineScript name="Inline CSS">
            <lastModified isNull="true" />
            <lastModifiedBy isNull="true" />
            <tenantId isNull="true" />
            <coachViewInlineScriptId>68.56fe86dd-ceab-4db5-ac4a-d1dd8434f8e0</coachViewInlineScriptId>
            <coachViewId>64.dae5b422-3410-4159-90e2-ba8d53ec96b1</coachViewId>
            <scriptType>CSS</scriptType>
            <scriptBlock></scriptBlock>
            <seq>0</seq>
            <description></description>
            <guid>b0c41ecb-89b3-4d1a-9f6a-4fca1114414b</guid>
            <versionId>21882faa-eadf-4156-ad8f-4fdc0e5ab227</versionId>
        </inlineScript>
        <inlineScript name="Inline Javascript">
            <lastModified isNull="true" />
            <lastModifiedBy isNull="true" />
            <tenantId isNull="true" />
            <coachViewInlineScriptId>68.9d0b19de-d9ed-4949-b100-70457db732c2</coachViewInlineScriptId>
            <coachViewId>64.dae5b422-3410-4159-90e2-ba8d53ec96b1</coachViewId>
            <scriptType>JS</scriptType>
            <scriptBlock> var fileName = 'Case-Control-Calendar.js';&#xD;
var path = (dojoConfig.isDebug === true) ?&#xD;
 	com_ibm_bpm_coach.getManagedAssetUrl(fileName, com_ibm_bpm_coach.assetType_WEB, 'SYSCT', false) :&#xD;
 	com_ibm_bpm_coach.getManagedAssetUrl('Case-Controls.min.js', com_ibm_bpm_coach.assetType_WEB, 'SYSCT', false);&#xD;
&#xD;
 	path = (dojoConfig.isDeveloperMode === true) ? "case/files/" + fileName : path;&#xD;
var _this = this;&#xD;
require({async:false},[path], function() {&#xD;
	case_control_InitCalendar.call(_this, utilities, taskUtils, wpResources, domAttr);&#xD;
});</scriptBlock>
            <seq>1</seq>
            <description></description>
            <guid>3968e2d0-b89f-417f-852e-6915b9f621ec</guid>
            <versionId>ead4945c-7c3a-472e-9baf-fcc69c6b4e23</versionId>
        </inlineScript>
        <localization>
            <lastModified isNull="true" />
            <lastModifiedBy isNull="true" />
            <tenantId isNull="true" />
            <coachViewLocalResId>69.dff1d67e-e6b0-45cf-9254-6f478030cef5</coachViewLocalResId>
            <coachViewId>64.dae5b422-3410-4159-90e2-ba8d53ec96b1</coachViewId>
            <resourceBundleGroupId>d7d6f0f8-7a7b-4bea-87e7-3bb66a2ad3a3/50.f9a573ef-523f-4f0e-80c8-39285c07ddd4</resourceBundleGroupId>
            <seq>0</seq>
            <guid>285aa70b-faab-4053-84e4-e237ea484641</guid>
            <versionId>d9c49166-6613-47d2-8256-91d0faa4b056</versionId>
        </localization>
        <localization>
            <lastModified isNull="true" />
            <lastModifiedBy isNull="true" />
            <tenantId isNull="true" />
            <coachViewLocalResId>69.9d846d0d-f758-46d9-a6a3-d8d6d6771101</coachViewLocalResId>
            <coachViewId>64.dae5b422-3410-4159-90e2-ba8d53ec96b1</coachViewId>
            <resourceBundleGroupId>/50.c4d6cc83-a000-4ae2-b2f5-d35d89f9c6ba</resourceBundleGroupId>
            <seq>1</seq>
            <guid>cef5b713-429a-45e4-ae24-6a7c82773d9b</guid>
            <versionId>7340714e-151b-4635-8993-3971ec62d359</versionId>
        </localization>
        <amdDependency>
            <lastModified isNull="true" />
            <lastModifiedBy isNull="true" />
            <tenantId isNull="true" />
            <coachViewAmdDepId>70.9d407af1-8c87-4014-a2c1-47f9d8f07ec7</coachViewAmdDepId>
            <coachViewId>64.dae5b422-3410-4159-90e2-ba8d53ec96b1</coachViewId>
            <moduleId>com.ibm.bpm.coach.utils/utilities</moduleId>
            <functionArgument>utilities</functionArgument>
            <seq>0</seq>
            <guid>f200ab41-772e-47f9-9748-ecc190a18953</guid>
            <versionId>bf415e0f-a2b5-45b5-a39e-4267fa33777e</versionId>
        </amdDependency>
        <amdDependency>
            <lastModified isNull="true" />
            <lastModifiedBy isNull="true" />
            <tenantId isNull="true" />
            <coachViewAmdDepId>70.82de3ee3-077e-4f95-bbd1-bc243edacbb0</coachViewAmdDepId>
            <coachViewId>64.dae5b422-3410-4159-90e2-ba8d53ec96b1</coachViewId>
            <moduleId>dojo/_base/array</moduleId>
            <functionArgument>array</functionArgument>
            <seq>1</seq>
            <guid>a426d3e2-95e1-4d8c-98e9-06e798df414c</guid>
            <versionId>b0e44df2-32c9-4d4c-b172-eb582542552e</versionId>
        </amdDependency>
        <amdDependency>
            <lastModified isNull="true" />
            <lastModifiedBy isNull="true" />
            <tenantId isNull="true" />
            <coachViewAmdDepId>70.f8a8d76a-f78d-4a74-9145-b446213a2ed5</coachViewAmdDepId>
            <coachViewId>64.dae5b422-3410-4159-90e2-ba8d53ec96b1</coachViewId>
            <moduleId>com.ibm.bpm.case.core/taskUtils</moduleId>
            <functionArgument>taskUtils</functionArgument>
            <seq>2</seq>
            <guid>73c7229b-36e6-4bdc-a443-8e59f37ff619</guid>
            <versionId>06278c7e-555b-4e82-9bfb-8dc4dacb24cc</versionId>
        </amdDependency>
        <amdDependency>
            <lastModified isNull="true" />
            <lastModifiedBy isNull="true" />
            <tenantId isNull="true" />
            <coachViewAmdDepId>70.77f97f84-e42c-4d73-a512-38ff955e22aa</coachViewAmdDepId>
            <coachViewId>64.dae5b422-3410-4159-90e2-ba8d53ec96b1</coachViewId>
            <moduleId>com.ibm.bpm.case.resources</moduleId>
            <functionArgument>wpResources</functionArgument>
            <seq>3</seq>
            <guid>911f92f9-d644-4d73-a033-cd4300296bf1</guid>
            <versionId>fc64c22e-66b4-4fa8-9bb0-0502ebe0132b</versionId>
        </amdDependency>
        <amdDependency>
            <lastModified isNull="true" />
            <lastModifiedBy isNull="true" />
            <tenantId isNull="true" />
            <coachViewAmdDepId>70.f9cdf534-403f-46ae-ac9c-c3fc3cb7b455</coachViewAmdDepId>
            <coachViewId>64.dae5b422-3410-4159-90e2-ba8d53ec96b1</coachViewId>
            <moduleId>dojo/dom-attr</moduleId>
            <functionArgument>domAttr</functionArgument>
            <seq>4</seq>
            <guid>55c44eee-266a-4b6c-9105-ddd2f38d952e</guid>
            <versionId>e0e8d9a2-3095-407a-a9ae-7bc33869b0b6</versionId>
        </amdDependency>
    </coachView>
</teamworks>

