<?xml version="1.0" encoding="UTF-8"?>
<teamworks>
    <coachView id="64.f1f588c5-fdde-4f56-a937-83ff35215bde" name="Create Quick Task Modal">
        <lastModified>1669179949363</lastModified>
        <lastModifiedBy>tw_admin</lastModifiedBy>
        <tenantId isNull="true" />
        <coachViewId>64.f1f588c5-fdde-4f56-a937-83ff35215bde</coachViewId>
        <isTemplate>false</isTemplate>
        <layout>&lt;?xml version="1.0" encoding="UTF-8" standalone="yes"?&gt;&lt;ns2:layout xmlns:ns2="http://www.ibm.com/bpm/CoachDesignerNG" xmlns:ns3="http://www.ibm.com/bpm/coachview"&gt;&lt;ns2:layoutItem xsi:type="ns2:ViewRef" version="8550" xmlns:xsi="http://www.w3.org/2001/XMLSchema-instance"&gt;&lt;ns2:id&gt;bfb3469f-c9fd-49c8-8caf-e1f1c960f2dc&lt;/ns2:id&gt;&lt;ns2:layoutItemId&gt;createQuickTaskDialog&lt;/ns2:layoutItemId&gt;&lt;ns2:configData&gt;&lt;ns2:id&gt;79dedd2d-48d0-4c09-89de-7ab195ae2f69&lt;/ns2:id&gt;&lt;ns2:optionName&gt;@label&lt;/ns2:optionName&gt;&lt;ns2:value&gt;Create Quick Task Dialog&lt;/ns2:value&gt;&lt;/ns2:configData&gt;&lt;ns2:configData&gt;&lt;ns2:id&gt;7daa2503-b2ce-40b5-8326-3618615b6821&lt;/ns2:id&gt;&lt;ns2:optionName&gt;@helpText&lt;/ns2:optionName&gt;&lt;ns2:value&gt;&lt;/ns2:value&gt;&lt;/ns2:configData&gt;&lt;ns2:configData&gt;&lt;ns2:id&gt;75dbf7af-9979-411b-8f9a-ea66b0f555ec&lt;/ns2:id&gt;&lt;ns2:optionName&gt;@labelVisibility&lt;/ns2:optionName&gt;&lt;ns2:value&gt;HIDE&lt;/ns2:value&gt;&lt;/ns2:configData&gt;&lt;ns2:configData&gt;&lt;ns2:id&gt;b4d7d1b7-f115-41ea-87cc-b6843a430999&lt;/ns2:id&gt;&lt;ns2:optionName&gt;closeOnClick&lt;/ns2:optionName&gt;&lt;ns2:value&gt;true&lt;/ns2:value&gt;&lt;/ns2:configData&gt;&lt;ns2:configData&gt;&lt;ns2:id&gt;0c3bf463-a060-492c-8c45-9680451a1812&lt;/ns2:id&gt;&lt;ns2:optionName&gt;@visibility&lt;/ns2:optionName&gt;&lt;ns2:value&gt;{"isResponsiveData":true,"values":[{"deviceConfigID":"LargeID","value":"DEFAULT"}]}&lt;/ns2:value&gt;&lt;/ns2:configData&gt;&lt;ns2:configData&gt;&lt;ns2:id&gt;8d920e49-5c05-4929-8988-1af058f2095a&lt;/ns2:id&gt;&lt;ns2:optionName&gt;@className&lt;/ns2:optionName&gt;&lt;ns2:value&gt;&lt;/ns2:value&gt;&lt;/ns2:configData&gt;&lt;ns2:viewUUID&gt;64.66286dff-19bf-447a-ad5c-4fc385fea67d&lt;/ns2:viewUUID&gt;&lt;ns2:contentBoxContrib&gt;&lt;ns2:id&gt;537ae1cd-55ab-459f-85ee-e3c64b568df6&lt;/ns2:id&gt;&lt;ns2:contentBoxId&gt;ContentBox1&lt;/ns2:contentBoxId&gt;&lt;ns2:contributions xsi:type="ns2:ViewRef" version="8550"&gt;&lt;ns2:id&gt;b2040039-72db-4917-8f09-1e3fe10a5099&lt;/ns2:id&gt;&lt;ns2:layoutItemId&gt;createQuickTaskPanel&lt;/ns2:layoutItemId&gt;&lt;ns2:configData&gt;&lt;ns2:id&gt;e144e923-f4d3-46c3-87e8-4f8431d34425&lt;/ns2:id&gt;&lt;ns2:optionName&gt;@label&lt;/ns2:optionName&gt;&lt;ns2:value&gt;tw.resource.CAT.add&lt;/ns2:value&gt;&lt;ns2:valueType&gt;dynamic&lt;/ns2:valueType&gt;&lt;/ns2:configData&gt;&lt;ns2:configData&gt;&lt;ns2:id&gt;ccbc8a55-b088-429b-8def-04034d0aad00&lt;/ns2:id&gt;&lt;ns2:optionName&gt;@helpText&lt;/ns2:optionName&gt;&lt;ns2:value&gt;&lt;/ns2:value&gt;&lt;/ns2:configData&gt;&lt;ns2:configData&gt;&lt;ns2:id&gt;e8fcc3b0-6c49-4793-894e-6b1bbd4aa7b0&lt;/ns2:id&gt;&lt;ns2:optionName&gt;@labelVisibility&lt;/ns2:optionName&gt;&lt;ns2:value&gt;SHOW&lt;/ns2:value&gt;&lt;/ns2:configData&gt;&lt;ns2:configData&gt;&lt;ns2:id&gt;22cd372d-85fa-4434-84cb-b007de10e9fe&lt;/ns2:id&gt;&lt;ns2:optionName&gt;icon&lt;/ns2:optionName&gt;&lt;ns2:value&gt;fa-close&lt;/ns2:value&gt;&lt;/ns2:configData&gt;&lt;ns2:configData&gt;&lt;ns2:id&gt;292c0ca7-52f2-494b-8ac9-094235cfdb7b&lt;/ns2:id&gt;&lt;ns2:optionName&gt;eventON_ICONCLICK&lt;/ns2:optionName&gt;&lt;ns2:value&gt;@closeModal&lt;/ns2:value&gt;&lt;/ns2:configData&gt;&lt;ns2:viewUUID&gt;64.455e44ab-b77b-4337-b3f9-435e234fb569&lt;/ns2:viewUUID&gt;&lt;ns2:contentBoxContrib&gt;&lt;ns2:id&gt;00259a7c-7ce9-4f3b-88cc-abc8062ec7c4&lt;/ns2:id&gt;&lt;ns2:contentBoxId&gt;ContentBox1&lt;/ns2:contentBoxId&gt;&lt;ns2:contributions xsi:type="ns2:ViewRef" version="8550"&gt;&lt;ns2:id&gt;37967552-3864-4213-89ab-7d0c2a286b37&lt;/ns2:id&gt;&lt;ns2:layoutItemId&gt;quickTaskVerticalLayout&lt;/ns2:layoutItemId&gt;&lt;ns2:configData&gt;&lt;ns2:id&gt;025b3c1d-ed9e-4695-8aa9-cf8ab9aa0afd&lt;/ns2:id&gt;&lt;ns2:optionName&gt;@label&lt;/ns2:optionName&gt;&lt;ns2:value&gt;Vertical layout&lt;/ns2:value&gt;&lt;/ns2:configData&gt;&lt;ns2:configData&gt;&lt;ns2:id&gt;0d1b993c-7496-4980-8086-f95218a75379&lt;/ns2:id&gt;&lt;ns2:optionName&gt;@helpText&lt;/ns2:optionName&gt;&lt;ns2:value&gt;&lt;/ns2:value&gt;&lt;/ns2:configData&gt;&lt;ns2:configData&gt;&lt;ns2:id&gt;06f20f9d-e06a-41fc-84dd-29c4746cf121&lt;/ns2:id&gt;&lt;ns2:optionName&gt;@labelVisibility&lt;/ns2:optionName&gt;&lt;ns2:value&gt;SHOW&lt;/ns2:value&gt;&lt;/ns2:configData&gt;&lt;ns2:viewUUID&gt;64.ef447b87-24a2-42a7-b2b9-cd471e9f7b67&lt;/ns2:viewUUID&gt;&lt;ns2:contentBoxContrib&gt;&lt;ns2:id&gt;4986f7d4-377c-46a9-8aae-c828669d3876&lt;/ns2:id&gt;&lt;ns2:contentBoxId&gt;ContentBox1&lt;/ns2:contentBoxId&gt;&lt;ns2:contributions xsi:type="ns2:ViewRef" version="8550"&gt;&lt;ns2:id&gt;79ef18eb-1d67-4404-80d8-b88874025e93&lt;/ns2:id&gt;&lt;ns2:layoutItemId&gt;Horizontal_Layout1&lt;/ns2:layoutItemId&gt;&lt;ns2:configData&gt;&lt;ns2:id&gt;98987f70-b175-421b-85c6-07d81bbaecde&lt;/ns2:id&gt;&lt;ns2:optionName&gt;@label&lt;/ns2:optionName&gt;&lt;ns2:value&gt;Horizontal layout&lt;/ns2:value&gt;&lt;/ns2:configData&gt;&lt;ns2:configData&gt;&lt;ns2:id&gt;5fe0eb03-dbe8-4d3f-843e-bc972c69b195&lt;/ns2:id&gt;&lt;ns2:optionName&gt;@helpText&lt;/ns2:optionName&gt;&lt;ns2:value&gt;&lt;/ns2:value&gt;&lt;/ns2:configData&gt;&lt;ns2:configData&gt;&lt;ns2:id&gt;cd08e56a-f52a-4e28-898c-0123a52c31f3&lt;/ns2:id&gt;&lt;ns2:optionName&gt;@labelVisibility&lt;/ns2:optionName&gt;&lt;ns2:value&gt;SHOW&lt;/ns2:value&gt;&lt;/ns2:configData&gt;&lt;ns2:viewUUID&gt;64.44f463cc-615b-43d0-834f-c398a82e0363&lt;/ns2:viewUUID&gt;&lt;ns2:contentBoxContrib&gt;&lt;ns2:id&gt;8988b7ba-3304-459d-8e4a-4b0937adc875&lt;/ns2:id&gt;&lt;ns2:contentBoxId&gt;ContentBox1&lt;/ns2:contentBoxId&gt;&lt;ns2:contributions xsi:type="ns2:ViewRef" version="8550"&gt;&lt;ns2:id&gt;1564ba39-4bb7-42d2-815d-c9bfba6356e1&lt;/ns2:id&gt;&lt;ns2:layoutItemId&gt;quickTaskNameText&lt;/ns2:layoutItemId&gt;&lt;ns2:configData&gt;&lt;ns2:id&gt;a300f530-6264-4cf6-8d7a-95b83427fa96&lt;/ns2:id&gt;&lt;ns2:optionName&gt;showOverflowTooltip&lt;/ns2:optionName&gt;&lt;ns2:value&gt;true&lt;/ns2:value&gt;&lt;/ns2:configData&gt;&lt;ns2:configData&gt;&lt;ns2:id&gt;bbff3725-88a9-400e-894f-a6d4582ac713&lt;/ns2:id&gt;&lt;ns2:optionName&gt;@label&lt;/ns2:optionName&gt;&lt;ns2:value&gt;Plain text 2&lt;/ns2:value&gt;&lt;/ns2:configData&gt;&lt;ns2:configData&gt;&lt;ns2:id&gt;0e9ea01f-e833-457d-88a8-737cd7606acf&lt;/ns2:id&gt;&lt;ns2:optionName&gt;@helpText&lt;/ns2:optionName&gt;&lt;ns2:value&gt;&lt;/ns2:value&gt;&lt;/ns2:configData&gt;&lt;ns2:configData&gt;&lt;ns2:id&gt;a0c2ea5e-2371-4ca9-8853-9af7ae32ceea&lt;/ns2:id&gt;&lt;ns2:optionName&gt;@labelVisibility&lt;/ns2:optionName&gt;&lt;ns2:value&gt;HIDE&lt;/ns2:value&gt;&lt;/ns2:configData&gt;&lt;ns2:configData&gt;&lt;ns2:id&gt;84e7afa5-9b6e-4563-8eca-5f42bad42f3e&lt;/ns2:id&gt;&lt;ns2:optionName&gt;placeHolder&lt;/ns2:optionName&gt;&lt;ns2:value&gt;&lt;/ns2:value&gt;&lt;/ns2:configData&gt;&lt;ns2:configData&gt;&lt;ns2:id&gt;a65ffd44-7d7d-4ec3-8735-ba58ef6a40ca&lt;/ns2:id&gt;&lt;ns2:optionName&gt;width&lt;/ns2:optionName&gt;&lt;ns2:value&gt;{"isResponsiveData":true,"values":[{"deviceConfigID":"LargeID","value":"75%"}]}&lt;/ns2:value&gt;&lt;/ns2:configData&gt;&lt;ns2:configData&gt;&lt;ns2:id&gt;1230ca14-6750-4d34-844f-5fa20f662f98&lt;/ns2:id&gt;&lt;ns2:optionName&gt;@className&lt;/ns2:optionName&gt;&lt;ns2:value&gt;quickTaskNameText&lt;/ns2:value&gt;&lt;/ns2:configData&gt;&lt;ns2:configData&gt;&lt;ns2:id&gt;791775a4-bea6-4591-8487-4885dba00dab&lt;/ns2:id&gt;&lt;ns2:optionName&gt;tabIndex&lt;/ns2:optionName&gt;&lt;ns2:value&gt;0&lt;/ns2:value&gt;&lt;/ns2:configData&gt;&lt;ns2:configData&gt;&lt;ns2:id&gt;a8905f2f-fa4c-4512-8ec5-5b18b6deff24&lt;/ns2:id&gt;&lt;ns2:optionName&gt;sizeStyle&lt;/ns2:optionName&gt;&lt;ns2:value&gt;{"isResponsiveData":true,"values":[{"deviceConfigID":"LargeID","value":"D"}]}&lt;/ns2:value&gt;&lt;/ns2:configData&gt;&lt;ns2:configData&gt;&lt;ns2:id&gt;9c4e53e8-f856-4ba5-824a-d12c1f21422a&lt;/ns2:id&gt;&lt;ns2:optionName&gt;eventON_INPUT&lt;/ns2:optionName&gt;&lt;ns2:value&gt;view._proto._quickTaskInputChange(potential, view);&lt;/ns2:value&gt;&lt;/ns2:configData&gt;&lt;ns2:viewUUID&gt;64.5663dd71-ff18-4d33-bea0-468d0b869816&lt;/ns2:viewUUID&gt;&lt;/ns2:contributions&gt;&lt;ns2:contributions xsi:type="ns2:ViewRef" version="8550"&gt;&lt;ns2:id&gt;e820c60a-0e1b-4ff2-874c-6362521a7e16&lt;/ns2:id&gt;&lt;ns2:layoutItemId&gt;quickTaskCreateButton&lt;/ns2:layoutItemId&gt;&lt;ns2:configData&gt;&lt;ns2:id&gt;a045854a-ba1f-4090-8f4c-94ca0a4c119e&lt;/ns2:id&gt;&lt;ns2:optionName&gt;@label&lt;/ns2:optionName&gt;&lt;ns2:value&gt;Add&lt;/ns2:value&gt;&lt;/ns2:configData&gt;&lt;ns2:configData&gt;&lt;ns2:id&gt;ec96f333-8c31-4ad5-813a-1a8315577b70&lt;/ns2:id&gt;&lt;ns2:optionName&gt;@helpText&lt;/ns2:optionName&gt;&lt;ns2:value&gt;&lt;/ns2:value&gt;&lt;/ns2:configData&gt;&lt;ns2:configData&gt;&lt;ns2:id&gt;31678a0a-d389-45ef-81c5-a8e6cf4ccb1a&lt;/ns2:id&gt;&lt;ns2:optionName&gt;@labelVisibility&lt;/ns2:optionName&gt;&lt;ns2:value&gt;SHOW&lt;/ns2:value&gt;&lt;/ns2:configData&gt;&lt;ns2:configData&gt;&lt;ns2:id&gt;660da671-901d-4472-89df-371fde03c66f&lt;/ns2:id&gt;&lt;ns2:optionName&gt;iconLocation&lt;/ns2:optionName&gt;&lt;ns2:value&gt;{"isResponsiveData":true,"values":[{"deviceConfigID":"LargeID","value":"R"}]}&lt;/ns2:value&gt;&lt;/ns2:configData&gt;&lt;ns2:configData&gt;&lt;ns2:id&gt;4ab75fda-62be-4bec-855d-f29afd6ea9f5&lt;/ns2:id&gt;&lt;ns2:optionName&gt;icon&lt;/ns2:optionName&gt;&lt;ns2:value&gt;{"isResponsiveData":true,"values":[{"deviceConfigID":"LargeID","value":"ci-add"}]}&lt;/ns2:value&gt;&lt;/ns2:configData&gt;&lt;ns2:configData&gt;&lt;ns2:id&gt;621e71f4-8a6d-442a-8a60-29249fd34edf&lt;/ns2:id&gt;&lt;ns2:optionName&gt;colorStyle&lt;/ns2:optionName&gt;&lt;ns2:value&gt;P&lt;/ns2:value&gt;&lt;/ns2:configData&gt;&lt;ns2:configData&gt;&lt;ns2:id&gt;a25b8e8f-387b-400b-862a-8c383e0c7d00&lt;/ns2:id&gt;&lt;ns2:optionName&gt;outline&lt;/ns2:optionName&gt;&lt;ns2:value&gt;false&lt;/ns2:value&gt;&lt;/ns2:configData&gt;&lt;ns2:configData&gt;&lt;ns2:id&gt;b9628a02-828d-4a0b-8514-8ebd3be933b8&lt;/ns2:id&gt;&lt;ns2:optionName&gt;sizeStyle&lt;/ns2:optionName&gt;&lt;ns2:value&gt;{"isResponsiveData":true,"values":[{"deviceConfigID":"LargeID","value":"S"}]}&lt;/ns2:value&gt;&lt;/ns2:configData&gt;&lt;ns2:configData&gt;&lt;ns2:id&gt;27277ef3-f857-4dc9-8938-744c45d57289&lt;/ns2:id&gt;&lt;ns2:optionName&gt;eventON_CLICK&lt;/ns2:optionName&gt;&lt;ns2:value&gt;view._proto._createQuickTask(view);&lt;/ns2:value&gt;&lt;/ns2:configData&gt;&lt;ns2:configData&gt;&lt;ns2:id&gt;3849fd09-14eb-40d2-8eaf-6e44edca87ef&lt;/ns2:id&gt;&lt;ns2:optionName&gt;tabIndex&lt;/ns2:optionName&gt;&lt;ns2:value&gt;0&lt;/ns2:value&gt;&lt;/ns2:configData&gt;&lt;ns2:configData&gt;&lt;ns2:id&gt;120661e2-3887-438e-84a7-205c24074430&lt;/ns2:id&gt;&lt;ns2:optionName&gt;@className&lt;/ns2:optionName&gt;&lt;ns2:value&gt;createQuickTaskButton&lt;/ns2:value&gt;&lt;/ns2:configData&gt;&lt;ns2:viewUUID&gt;64.7133c7d4-1a54-45c8-89cd-a8e8fa4a8e36&lt;/ns2:viewUUID&gt;&lt;/ns2:contributions&gt;&lt;/ns2:contentBoxContrib&gt;&lt;/ns2:contributions&gt;&lt;/ns2:contentBoxContrib&gt;&lt;/ns2:contributions&gt;&lt;/ns2:contentBoxContrib&gt;&lt;/ns2:contributions&gt;&lt;/ns2:contentBoxContrib&gt;&lt;/ns2:layoutItem&gt;&lt;/ns2:layout&gt;</layout>
        <paletteIcon isNull="true" />
        <previewImage isNull="true" />
        <hasLabel>true</hasLabel>
        <labelPosition>0</labelPosition>
        <nineSliceX1Coord>0</nineSliceX1Coord>
        <nineSliceX2Coord>0</nineSliceX2Coord>
        <nineSliceY1Coord>0</nineSliceY1Coord>
        <nineSliceY2Coord>0</nineSliceY2Coord>
        <emitBoundary>true</emitBoundary>
        <isPrototypeFunc>true</isPrototypeFunc>
        <enableDevMode>false</enableDevMode>
        <isMobileReady>true</isMobileReady>
        <loadJsFunction></loadJsFunction>
        <unloadJsFunction></unloadJsFunction>
        <viewJsFunction isNull="true" />
        <changeJsFunction isNull="true" />
        <collaborationJsFunction isNull="true" />
        <description></description>
        <validateJsFunction isNull="true" />
        <previewAdvHtml>d7d6f0f8-7a7b-4bea-87e7-3bb66a2ad3a3/61.71da8275-e204-4349-b1e4-5376ce9d7d0c</previewAdvHtml>
        <previewAdvJs>d7d6f0f8-7a7b-4bea-87e7-3bb66a2ad3a3/61.abcd6f7a-670c-41dd-bd74-3865ad9e9b10</previewAdvJs>
        <useUrlBinding>false</useUrlBinding>
        <guid>bdb434af-4b15-41fd-91dc-a705ab82e715</guid>
        <versionId>273fadbb-ae62-42f6-8426-54df9911b82c</versionId>
        <field1 isNull="true" />
        <field2 isNull="true" />
        <field3>0</field3>
        <field4 isNull="true" />
        <field5>false</field5>
        <clobField1 isNull="true" />
        <configOption name="caseId">
            <lastModified isNull="true" />
            <lastModifiedBy isNull="true" />
            <tenantId isNull="true" />
            <coachViewConfigOptionId>66.a7a94e1a-1f5b-405d-a067-7de67a947fe3</coachViewConfigOptionId>
            <coachViewId>64.f1f588c5-fdde-4f56-a937-83ff35215bde</coachViewId>
            <isList>false</isList>
            <propertyType>OBJECT</propertyType>
            <label>tw.resource.CAT.caseIdLBL</label>
            <classId>56f01b11-2631-47ae-acdd-75a5c2d4e9d2/12.db884a3c-c533-44b7-bb2d-47bec8ad4022</classId>
            <processId isNull="true" />
            <actionflowId isNull="true" />
            <isAdaptive>false</isAdaptive>
            <seq>0</seq>
            <description>tw.resource.CAT.caseIdentifierDOC</description>
            <groupName></groupName>
            <guid>5300f4d0-22b5-4b2a-8376-7c83302e0074</guid>
            <versionId>46c58751-3b3c-4b3a-8c63-cf6932f8ba8c</versionId>
        </configOption>
        <configOption name="tosName">
            <lastModified isNull="true" />
            <lastModifiedBy isNull="true" />
            <tenantId isNull="true" />
            <coachViewConfigOptionId>66.402ed4f2-6c7a-4a41-b5fb-8f74fd11ced9</coachViewConfigOptionId>
            <coachViewId>64.f1f588c5-fdde-4f56-a937-83ff35215bde</coachViewId>
            <isList>false</isList>
            <propertyType>OBJECT</propertyType>
            <label>tw.resource.CAT.tosNameLBL</label>
            <classId>56f01b11-2631-47ae-acdd-75a5c2d4e9d2/12.db884a3c-c533-44b7-bb2d-47bec8ad4022</classId>
            <processId isNull="true" />
            <actionflowId isNull="true" />
            <isAdaptive>false</isAdaptive>
            <seq>1</seq>
            <description>tw.resource.CAT.tosNameDOC</description>
            <groupName></groupName>
            <guid>a4f3e8c4-b8cc-4791-b4d3-431502bfba84</guid>
            <versionId>0557b344-328c-45b0-93e7-8350ba1b6c93</versionId>
        </configOption>
        <configOption name="RepositoryNameService">
            <lastModified isNull="true" />
            <lastModifiedBy isNull="true" />
            <tenantId isNull="true" />
            <coachViewConfigOptionId>66.6855b9ed-a28e-48f5-acb7-c229ddad95a7</coachViewConfigOptionId>
            <coachViewId>64.f1f588c5-fdde-4f56-a937-83ff35215bde</coachViewId>
            <isList>false</isList>
            <propertyType>SERVICE</propertyType>
            <label>tw.resource.CAT.RepositoryNameService</label>
            <classId>56f01b11-2631-47ae-acdd-75a5c2d4e9d2/12.db884a3c-c533-44b7-bb2d-47bec8ad4022</classId>
            <processId>/1.91f23606-61c3-43d7-a664-8f423244449e</processId>
            <actionflowId isNull="true" />
            <isAdaptive>false</isAdaptive>
            <seq>2</seq>
            <description>tw.resource.CAT.repositoryNameServiceDOC</description>
            <groupName></groupName>
            <guid>guid:6855b9ed-a28e-48f5-acb7-c229ddad95a7</guid>
            <versionId>544d1ee6-cfc7-4ab9-8b37-dfb13853fe78</versionId>
        </configOption>
        <dynamicStyle>
            <lastModified isNull="true" />
            <lastModifiedBy isNull="true" />
            <tenantId isNull="true" />
            <coachViewDynamicStyleId>73.76574e6a-caf6-4b52-a417-a2652926599f</coachViewDynamicStyleId>
            <coachViewId>64.f1f588c5-fdde-4f56-a937-83ff35215bde</coachViewId>
            <filePath>case.less</filePath>
            <assetUuid>/61.2e649208-11dd-4f58-a4c9-53c91521b179</assetUuid>
            <seq>0</seq>
            <guid>5c9f98c0-2887-4d19-9e84-dd51de0dc855</guid>
            <versionId>bef79ed6-7677-4403-9ce8-b3947dc5fdac</versionId>
        </dynamicStyle>
        <dynamicStyle>
            <lastModified isNull="true" />
            <lastModifiedBy isNull="true" />
            <tenantId isNull="true" />
            <coachViewDynamicStyleId>73.d9bbc59a-8d63-47d1-9b84-d6e264edb6f4</coachViewDynamicStyleId>
            <coachViewId>64.f1f588c5-fdde-4f56-a937-83ff35215bde</coachViewId>
            <filePath>bpmUI.less</filePath>
            <assetUuid>d7d6f0f8-7a7b-4bea-87e7-3bb66a2ad3a3/61.26865295-8511-4538-b8f1-4cb99c203a92</assetUuid>
            <seq>1</seq>
            <guid>3d9d86cf-5a4a-49be-987b-229b50448c44</guid>
            <versionId>aaa716a8-0a23-4169-92fa-334fdf7c3122</versionId>
        </dynamicStyle>
        <resource>
            <lastModified isNull="true" />
            <lastModifiedBy isNull="true" />
            <tenantId isNull="true" />
            <coachViewResourceId>67.4b2e3127-0dfb-4b73-8b39-040b4947aaaa</coachViewResourceId>
            <coachViewId>64.f1f588c5-fdde-4f56-a937-83ff35215bde</coachViewId>
            <filePath>Core.js</filePath>
            <ieCondition isNull="true" />
            <mediaQuery isNull="true" />
            <scriptLoadStyle isNull="true" />
            <assetUuid>/61.b9f2b5d6-21e2-48a0-a41a-5149ebe9db15</assetUuid>
            <seq>0</seq>
            <guid>cc49e16b-cff4-46e6-a187-c03be7f72547</guid>
            <versionId>f1fff467-1039-4c19-9642-ba73a7979a2b</versionId>
        </resource>
        <inlineScript name="Inline CSS">
            <lastModified isNull="true" />
            <lastModifiedBy isNull="true" />
            <tenantId isNull="true" />
            <coachViewInlineScriptId>68.4f28e636-d289-492f-9831-e570445ed7cc</coachViewInlineScriptId>
            <coachViewId>64.f1f588c5-fdde-4f56-a937-83ff35215bde</coachViewId>
            <scriptType>CSS</scriptType>
            <scriptBlock></scriptBlock>
            <seq>0</seq>
            <description></description>
            <guid>a6d664be-0751-4d3d-a188-812d0c48b86d</guid>
            <versionId>2d6fc51c-88ac-4cff-a853-6bbd0ba21cad</versionId>
        </inlineScript>
        <inlineScript name="Inline Javascript">
            <lastModified isNull="true" />
            <lastModifiedBy isNull="true" />
            <tenantId isNull="true" />
            <coachViewInlineScriptId>68.f37d3918-1f92-4644-bab6-7fec8ddef41e</coachViewInlineScriptId>
            <coachViewId>64.f1f588c5-fdde-4f56-a937-83ff35215bde</coachViewId>
            <scriptType>JS</scriptType>
            <scriptBlock>var fileName = 'Case-Control-AddQuickTaskModal.js';&#xD;
var path = (dojoConfig.isDebug === true) ?&#xD;
 	com_ibm_bpm_coach.getManagedAssetUrl(fileName, com_ibm_bpm_coach.assetType_WEB, 'SYSCT', false) :&#xD;
 	com_ibm_bpm_coach.getManagedAssetUrl('Case-Controls.min.js', com_ibm_bpm_coach.assetType_WEB, 'SYSCT', false);&#xD;
&#xD;
 	path = (dojoConfig.isDeveloperMode === true) ? "case/files/" + fileName : path;&#xD;
var _this = this;&#xD;
require({async:false},[path], function() {&#xD;
	case_control_InitAddQuickTaskModal.call(_this, utilities, taskUtils, wpResources, domAttr, stamp);&#xD;
});&#xD;
</scriptBlock>
            <seq>1</seq>
            <description></description>
            <guid>1559531e-1a49-4fa8-953a-be6977c4ef4a</guid>
            <versionId>e0078c5d-8130-4727-a15b-794f4c0547b8</versionId>
        </inlineScript>
        <localization>
            <lastModified isNull="true" />
            <lastModifiedBy isNull="true" />
            <tenantId isNull="true" />
            <coachViewLocalResId>69.5748c62e-3d54-4c31-b9f1-547face4d037</coachViewLocalResId>
            <coachViewId>64.f1f588c5-fdde-4f56-a937-83ff35215bde</coachViewId>
            <resourceBundleGroupId>d7d6f0f8-7a7b-4bea-87e7-3bb66a2ad3a3/50.f9a573ef-523f-4f0e-80c8-39285c07ddd4</resourceBundleGroupId>
            <seq>0</seq>
            <guid>46779268-2bbe-4d10-a7d3-3ca36d60c8aa</guid>
            <versionId>52fbe5d8-e49f-44d0-9767-8d840c8303e3</versionId>
        </localization>
        <localization>
            <lastModified isNull="true" />
            <lastModifiedBy isNull="true" />
            <tenantId isNull="true" />
            <coachViewLocalResId>69.8f671a4b-7a89-4a9a-9baa-a5b50187d797</coachViewLocalResId>
            <coachViewId>64.f1f588c5-fdde-4f56-a937-83ff35215bde</coachViewId>
            <resourceBundleGroupId>/50.c4d6cc83-a000-4ae2-b2f5-d35d89f9c6ba</resourceBundleGroupId>
            <seq>1</seq>
            <guid>279aabea-d97c-4882-825c-05087bbb8132</guid>
            <versionId>b2089498-2099-4740-bb5e-53e9b1b75dd5</versionId>
        </localization>
        <amdDependency>
            <lastModified isNull="true" />
            <lastModifiedBy isNull="true" />
            <tenantId isNull="true" />
            <coachViewAmdDepId>70.10981b6f-70c8-46b0-979d-1cadb21043c4</coachViewAmdDepId>
            <coachViewId>64.f1f588c5-fdde-4f56-a937-83ff35215bde</coachViewId>
            <moduleId>com.ibm.bpm.coach.utils/utilities</moduleId>
            <functionArgument>utilities</functionArgument>
            <seq>0</seq>
            <guid>e9bd7948-3260-4f98-b865-34ba2dcc61fb</guid>
            <versionId>01507ece-820c-4fb0-a03d-e8f6912a253e</versionId>
        </amdDependency>
        <amdDependency>
            <lastModified isNull="true" />
            <lastModifiedBy isNull="true" />
            <tenantId isNull="true" />
            <coachViewAmdDepId>70.c9954db2-f3ee-4219-9b9b-44699ee56afc</coachViewAmdDepId>
            <coachViewId>64.f1f588c5-fdde-4f56-a937-83ff35215bde</coachViewId>
            <moduleId>com.ibm.bpm.case.core/taskUtils</moduleId>
            <functionArgument>taskUtils</functionArgument>
            <seq>1</seq>
            <guid>558fb000-e0c4-426f-97e0-5e89f539dc92</guid>
            <versionId>1a0f2b5f-122e-48a2-b2f0-d6bbc0b6649c</versionId>
        </amdDependency>
        <amdDependency>
            <lastModified isNull="true" />
            <lastModifiedBy isNull="true" />
            <tenantId isNull="true" />
            <coachViewAmdDepId>70.fe0c6bc8-3d92-4131-97c7-0c4385461e70</coachViewAmdDepId>
            <coachViewId>64.f1f588c5-fdde-4f56-a937-83ff35215bde</coachViewId>
            <moduleId>com.ibm.bpm.case.resources</moduleId>
            <functionArgument>wpResources</functionArgument>
            <seq>2</seq>
            <guid>4cb9ba00-6333-4019-8a86-693d98e32105</guid>
            <versionId>1b06a5ce-0097-4e8a-a179-dd2c07149098</versionId>
        </amdDependency>
        <amdDependency>
            <lastModified isNull="true" />
            <lastModifiedBy isNull="true" />
            <tenantId isNull="true" />
            <coachViewAmdDepId>70.8ab8afe0-e047-45d8-a6a9-3f23c155697e</coachViewAmdDepId>
            <coachViewId>64.f1f588c5-fdde-4f56-a937-83ff35215bde</coachViewId>
            <moduleId>dojo/dom-attr</moduleId>
            <functionArgument>domAttr</functionArgument>
            <seq>3</seq>
            <guid>32fcdb24-3954-4ef0-a7f4-41b005863db1</guid>
            <versionId>ac7bc84a-39df-4407-8a42-56918fa55a9b</versionId>
        </amdDependency>
        <amdDependency>
            <lastModified isNull="true" />
            <lastModifiedBy isNull="true" />
            <tenantId isNull="true" />
            <coachViewAmdDepId>70.f48a183d-184d-4c90-b6ad-40e5a060ca64</coachViewAmdDepId>
            <coachViewId>64.f1f588c5-fdde-4f56-a937-83ff35215bde</coachViewId>
            <moduleId>dojo/date/stamp</moduleId>
            <functionArgument>stamp</functionArgument>
            <seq>4</seq>
            <guid>guid:f48a183d-184d-4c90-b6ad-40e5a060ca64</guid>
            <versionId>76f9f5b0-4a2c-4870-8a56-a7a9008818db</versionId>
        </amdDependency>
    </coachView>
</teamworks>

