<?xml version="1.0" encoding="UTF-8"?>
<teamworks>
    <coachView id="64.f98f47ca-b641-480f-8659-b6fc30942a5b" name="Case Actions Menu">
        <lastModified>1606344709471</lastModified>
        <lastModifiedBy>tw_admin</lastModifiedBy>
        <tenantId isNull="true" />
        <coachViewId>64.f98f47ca-b641-480f-8659-b6fc30942a5b</coachViewId>
        <isTemplate>false</isTemplate>
        <layout>&lt;?xml version="1.0" encoding="UTF-8" standalone="yes"?&gt;&lt;ns2:layout xmlns:ns2="http://www.ibm.com/bpm/CoachDesignerNG" xmlns:ns3="http://www.ibm.com/bpm/coachview"&gt;&lt;ns2:layoutItem xsi:type="ns2:ViewRef" version="8550" xmlns:xsi="http://www.w3.org/2001/XMLSchema-instance"&gt;&lt;ns2:id&gt;388500dc-4e7e-4fbd-88ce-fbdc9d9fc096&lt;/ns2:id&gt;&lt;ns2:layoutItemId&gt;CaseActionsPopUpMenu&lt;/ns2:layoutItemId&gt;&lt;ns2:configData&gt;&lt;ns2:id&gt;7a0ea0fe-b332-4ea9-8575-e65876503440&lt;/ns2:id&gt;&lt;ns2:optionName&gt;@label&lt;/ns2:optionName&gt;&lt;ns2:value&gt;Pop-up menu&lt;/ns2:value&gt;&lt;/ns2:configData&gt;&lt;ns2:configData&gt;&lt;ns2:id&gt;6b1923f0-80a7-413b-8498-4c7e70780648&lt;/ns2:id&gt;&lt;ns2:optionName&gt;@helpText&lt;/ns2:optionName&gt;&lt;ns2:value&gt;&lt;/ns2:value&gt;&lt;/ns2:configData&gt;&lt;ns2:configData&gt;&lt;ns2:id&gt;81ab344a-3191-4380-8235-58240cea0bb2&lt;/ns2:id&gt;&lt;ns2:optionName&gt;@labelVisibility&lt;/ns2:optionName&gt;&lt;ns2:value&gt;SHOW&lt;/ns2:value&gt;&lt;/ns2:configData&gt;&lt;ns2:configData&gt;&lt;ns2:id&gt;d39dd981-8788-4763-8410-a7a0303aec67&lt;/ns2:id&gt;&lt;ns2:optionName&gt;horizAlign&lt;/ns2:optionName&gt;&lt;ns2:value&gt;{"isResponsiveData":true,"values":[{"deviceConfigID":"LargeID","value":"R"}]}&lt;/ns2:value&gt;&lt;/ns2:configData&gt;&lt;ns2:configData&gt;&lt;ns2:id&gt;9c293aa5-6a4e-45d3-82bf-b08947dee93e&lt;/ns2:id&gt;&lt;ns2:optionName&gt;vertAlign&lt;/ns2:optionName&gt;&lt;ns2:value&gt;{"isResponsiveData":true,"values":[{"deviceConfigID":"LargeID","value":"A"}]}&lt;/ns2:value&gt;&lt;/ns2:configData&gt;&lt;ns2:configData&gt;&lt;ns2:id&gt;30ba3d49-7a4b-4c85-87e5-d37a76ba67f6&lt;/ns2:id&gt;&lt;ns2:optionName&gt;eventON_ICLICK&lt;/ns2:optionName&gt;&lt;ns2:value&gt;@onActionClick&lt;/ns2:value&gt;&lt;/ns2:configData&gt;&lt;ns2:configData&gt;&lt;ns2:id&gt;6d3f51a9-1265-48b5-8abc-f62b0f7820ef&lt;/ns2:id&gt;&lt;ns2:optionName&gt;eventON_CLOSE&lt;/ns2:optionName&gt;&lt;ns2:value&gt;@onPopupClosed&lt;/ns2:value&gt;&lt;/ns2:configData&gt;&lt;ns2:viewUUID&gt;64.c0514f65-f0be-441c-88b7-efcd91e36389&lt;/ns2:viewUUID&gt;&lt;/ns2:layoutItem&gt;&lt;/ns2:layout&gt;</layout>
        <paletteIcon isNull="true" />
        <previewImage isNull="true" />
        <hasLabel>false</hasLabel>
        <labelPosition>0</labelPosition>
        <nineSliceX1Coord>0</nineSliceX1Coord>
        <nineSliceX2Coord>0</nineSliceX2Coord>
        <nineSliceY1Coord>0</nineSliceY1Coord>
        <nineSliceY2Coord>0</nineSliceY2Coord>
        <emitBoundary>false</emitBoundary>
        <isPrototypeFunc>true</isPrototypeFunc>
        <enableDevMode>false</enableDevMode>
        <isMobileReady>true</isMobileReady>
        <loadJsFunction></loadJsFunction>
        <unloadJsFunction></unloadJsFunction>
        <viewJsFunction isNull="true" />
        <changeJsFunction isNull="true" />
        <collaborationJsFunction isNull="true" />
        <description></description>
        <validateJsFunction isNull="true" />
        <previewAdvHtml>d7d6f0f8-7a7b-4bea-87e7-3bb66a2ad3a3/61.71da8275-e204-4349-b1e4-5376ce9d7d0c</previewAdvHtml>
        <previewAdvJs>d7d6f0f8-7a7b-4bea-87e7-3bb66a2ad3a3/61.abcd6f7a-670c-41dd-bd74-3865ad9e9b10</previewAdvJs>
        <useUrlBinding>false</useUrlBinding>
        <guid>4f10b4bf-006c-47ac-8053-3438db8f296f</guid>
        <versionId>dd0be8f9-d65f-4f88-8e4c-ac735bebd3cc</versionId>
        <field1 isNull="true" />
        <field2 isNull="true" />
        <field3>0</field3>
        <field4 isNull="true" />
        <field5>false</field5>
        <clobField1 isNull="true" />
        <configOption name="eventON_HIDE">
            <lastModified isNull="true" />
            <lastModifiedBy isNull="true" />
            <tenantId isNull="true" />
            <coachViewConfigOptionId>66.04b776dd-3d4f-41a9-945a-f27459632085</coachViewConfigOptionId>
            <coachViewId>64.f98f47ca-b641-480f-8659-b6fc30942a5b</coachViewId>
            <isList>false</isList>
            <propertyType>EVENT</propertyType>
            <label>tw.resource.CAT.eventOnHideLBL</label>
            <classId>56f01b11-2631-47ae-acdd-75a5c2d4e9d2/12.db884a3c-c533-44b7-bb2d-47bec8ad4022</classId>
            <processId isNull="true" />
            <actionflowId isNull="true" />
            <isAdaptive>false</isAdaptive>
            <seq>0</seq>
            <description></description>
            <groupName></groupName>
            <guid>8a81aac3-dc77-4029-9277-941fafb0f304</guid>
            <versionId>60650e39-4a59-4021-ae55-65b4460a1e8a</versionId>
        </configOption>
        <configOption name="eventON_SHOW">
            <lastModified isNull="true" />
            <lastModifiedBy isNull="true" />
            <tenantId isNull="true" />
            <coachViewConfigOptionId>66.c33895dc-de4a-418b-a235-775d4e4f138f</coachViewConfigOptionId>
            <coachViewId>64.f98f47ca-b641-480f-8659-b6fc30942a5b</coachViewId>
            <isList>false</isList>
            <propertyType>EVENT</propertyType>
            <label>tw.resource.CAT.eventOnShowLBL</label>
            <classId>56f01b11-2631-47ae-acdd-75a5c2d4e9d2/12.db884a3c-c533-44b7-bb2d-47bec8ad4022</classId>
            <processId isNull="true" />
            <actionflowId isNull="true" />
            <isAdaptive>false</isAdaptive>
            <seq>1</seq>
            <description></description>
            <groupName></groupName>
            <guid>2e95b553-3f0b-4361-9152-e27c06f0d3ec</guid>
            <versionId>51e1ab32-c95d-4a40-9b99-d6f6a6129d7b</versionId>
        </configOption>
        <configOption name="hideSplitCase">
            <lastModified isNull="true" />
            <lastModifiedBy isNull="true" />
            <tenantId isNull="true" />
            <coachViewConfigOptionId>66.e913dee0-d7ec-4af8-bd0a-79452084924e</coachViewConfigOptionId>
            <coachViewId>64.f98f47ca-b641-480f-8659-b6fc30942a5b</coachViewId>
            <isList>false</isList>
            <propertyType>OBJECT</propertyType>
            <label>tw.resource.CAT.hideSplitCaseLBL</label>
            <classId>56f01b11-2631-47ae-acdd-75a5c2d4e9d2/12.83ff975e-8dbc-42e5-b738-fa8bc08274a2</classId>
            <processId isNull="true" />
            <actionflowId isNull="true" />
            <isAdaptive>false</isAdaptive>
            <seq>2</seq>
            <description>tw.resource.CAT.hideSplitCaseDOC</description>
            <groupName></groupName>
            <guid>85626f80-58d3-409e-aa6c-843638cb1590</guid>
            <versionId>64915dcd-e38e-45c3-9dad-873a2e97fec1</versionId>
        </configOption>
        <configOption name="hideSwitchRoles">
            <lastModified isNull="true" />
            <lastModifiedBy isNull="true" />
            <tenantId isNull="true" />
            <coachViewConfigOptionId>66.4b9798a6-014a-41cd-94f9-f71c36318dc8</coachViewConfigOptionId>
            <coachViewId>64.f98f47ca-b641-480f-8659-b6fc30942a5b</coachViewId>
            <isList>false</isList>
            <propertyType>OBJECT</propertyType>
            <label>tw.resource.CAT.hideSwitchRolesLBL</label>
            <classId>56f01b11-2631-47ae-acdd-75a5c2d4e9d2/12.83ff975e-8dbc-42e5-b738-fa8bc08274a2</classId>
            <processId isNull="true" />
            <actionflowId isNull="true" />
            <isAdaptive>false</isAdaptive>
            <seq>3</seq>
            <description>tw.resource.CAT.hideSwitchRolesDOC</description>
            <groupName></groupName>
            <guid>82ed87c6-126a-4119-bfd0-b89922e0c867</guid>
            <versionId>5ca6f055-1dbf-4570-a874-58c30b07bfd5</versionId>
        </configOption>
        <configOption name="caseCustomActions">
            <lastModified isNull="true" />
            <lastModifiedBy isNull="true" />
            <tenantId isNull="true" />
            <coachViewConfigOptionId>66.f71141b1-e05a-4f9a-82f2-2a763fd235f1</coachViewConfigOptionId>
            <coachViewId>64.f98f47ca-b641-480f-8659-b6fc30942a5b</coachViewId>
            <isList>true</isList>
            <propertyType>OBJECT</propertyType>
            <label>tw.resource.CAT.customCaseActionsLBL</label>
            <classId>/12.f5400a5b-de85-4318-bc87-ba6d199d6b2f</classId>
            <processId isNull="true" />
            <actionflowId isNull="true" />
            <isAdaptive>false</isAdaptive>
            <seq>4</seq>
            <description>tw.resource.CAT.customCaseActionsDOC</description>
            <groupName></groupName>
            <guid>2e1e0eec-20c0-4b45-98bb-f613a56a6a9e</guid>
            <versionId>b216c096-fe40-456a-8c66-767653bd2d48</versionId>
        </configOption>
        <dynamicStyle>
            <lastModified isNull="true" />
            <lastModifiedBy isNull="true" />
            <tenantId isNull="true" />
            <coachViewDynamicStyleId>73.d842b75b-57c0-4dad-bea7-a42fadcfd160</coachViewDynamicStyleId>
            <coachViewId>64.f98f47ca-b641-480f-8659-b6fc30942a5b</coachViewId>
            <filePath>case.less</filePath>
            <assetUuid>/61.2e649208-11dd-4f58-a4c9-53c91521b179</assetUuid>
            <seq>0</seq>
            <guid>5f01fd4b-334d-4e31-aed5-ea97da285325</guid>
            <versionId>c86a7679-e429-4ce8-9465-d16881d55654</versionId>
        </dynamicStyle>
        <dynamicStyle>
            <lastModified isNull="true" />
            <lastModifiedBy isNull="true" />
            <tenantId isNull="true" />
            <coachViewDynamicStyleId>73.c7c1e268-7b3f-46c0-ad26-1be4c90b70dc</coachViewDynamicStyleId>
            <coachViewId>64.f98f47ca-b641-480f-8659-b6fc30942a5b</coachViewId>
            <filePath>bpmUI.less</filePath>
            <assetUuid>d7d6f0f8-7a7b-4bea-87e7-3bb66a2ad3a3/61.26865295-8511-4538-b8f1-4cb99c203a92</assetUuid>
            <seq>1</seq>
            <guid>1ad60017-6e0f-4135-8234-f23e18d88ae5</guid>
            <versionId>123d6dd3-92c2-4a59-96c0-c242e8513819</versionId>
        </dynamicStyle>
        <resource>
            <lastModified isNull="true" />
            <lastModifiedBy isNull="true" />
            <tenantId isNull="true" />
            <coachViewResourceId>67.cebfa240-1c7b-44c4-9f22-7a30fed7c3d4</coachViewResourceId>
            <coachViewId>64.f98f47ca-b641-480f-8659-b6fc30942a5b</coachViewId>
            <filePath>Core.js</filePath>
            <ieCondition isNull="true" />
            <mediaQuery isNull="true" />
            <scriptLoadStyle isNull="true" />
            <assetUuid>/61.b9f2b5d6-21e2-48a0-a41a-5149ebe9db15</assetUuid>
            <seq>0</seq>
            <guid>90bef133-38d8-4729-b2f5-c21e129a182d</guid>
            <versionId>26e6b77d-7911-461b-944a-004f9995e147</versionId>
        </resource>
        <inlineScript name="Inline CSS">
            <lastModified isNull="true" />
            <lastModifiedBy isNull="true" />
            <tenantId isNull="true" />
            <coachViewInlineScriptId>68.365ef76e-38d6-410a-b2d7-d1e0b2b771c0</coachViewInlineScriptId>
            <coachViewId>64.f98f47ca-b641-480f-8659-b6fc30942a5b</coachViewId>
            <scriptType>CSS</scriptType>
            <scriptBlock></scriptBlock>
            <seq>0</seq>
            <description></description>
            <guid>50022834-5de1-423c-b51f-64c71588d1e1</guid>
            <versionId>5edeeab9-9a41-48d3-a0f3-319ccf00087f</versionId>
        </inlineScript>
        <inlineScript name="Inline Javascript">
            <lastModified isNull="true" />
            <lastModifiedBy isNull="true" />
            <tenantId isNull="true" />
            <coachViewInlineScriptId>68.b7088261-90b5-4c41-8673-bc43a4abfdc2</coachViewInlineScriptId>
            <coachViewId>64.f98f47ca-b641-480f-8659-b6fc30942a5b</coachViewId>
            <scriptType>JS</scriptType>
            <scriptBlock>var fileName = 'Case-Control-CaseActionsMenu.js';&#xD;
var path = (dojoConfig.isDebug === true) ?&#xD;
 	com_ibm_bpm_coach.getManagedAssetUrl(fileName, com_ibm_bpm_coach.assetType_WEB, 'SYSCT', false) :&#xD;
 	com_ibm_bpm_coach.getManagedAssetUrl('Case-Controls.min.js', com_ibm_bpm_coach.assetType_WEB, 'SYSCT', false);&#xD;
&#xD;
 	path = (dojoConfig.isDeveloperMode === true) ? "case/files/" + fileName : path;&#xD;
var _this = this;&#xD;
require({async:false},[path], function() {&#xD;
	case_control_InitActionsMenu.call(_this, caseUtilities, caseUtils, caseResources, domConstruct);&#xD;
});</scriptBlock>
            <seq>1</seq>
            <description></description>
            <guid>0e64f476-854c-4621-9078-83cfb749fcb4</guid>
            <versionId>d590bb73-44c5-4bb2-990a-ae7273eb1310</versionId>
        </inlineScript>
        <localization>
            <lastModified isNull="true" />
            <lastModifiedBy isNull="true" />
            <tenantId isNull="true" />
            <coachViewLocalResId>69.0526c72b-8b30-4117-a05f-7643ae7313fe</coachViewLocalResId>
            <coachViewId>64.f98f47ca-b641-480f-8659-b6fc30942a5b</coachViewId>
            <resourceBundleGroupId>d7d6f0f8-7a7b-4bea-87e7-3bb66a2ad3a3/50.f9a573ef-523f-4f0e-80c8-39285c07ddd4</resourceBundleGroupId>
            <seq>0</seq>
            <guid>564b93df-76dd-4b02-a9b1-c3179ad84c1a</guid>
            <versionId>7166fb2e-90f9-4d96-b9cc-d67ee1caf124</versionId>
        </localization>
        <localization>
            <lastModified isNull="true" />
            <lastModifiedBy isNull="true" />
            <tenantId isNull="true" />
            <coachViewLocalResId>69.078c5994-0d12-443e-b9ca-30f9fff57901</coachViewLocalResId>
            <coachViewId>64.f98f47ca-b641-480f-8659-b6fc30942a5b</coachViewId>
            <resourceBundleGroupId>/50.c4d6cc83-a000-4ae2-b2f5-d35d89f9c6ba</resourceBundleGroupId>
            <seq>1</seq>
            <guid>79d3b992-49e0-4a09-8689-7361d1393d80</guid>
            <versionId>ed8ecee3-9b3a-4571-a364-990a78227355</versionId>
        </localization>
        <amdDependency>
            <lastModified isNull="true" />
            <lastModifiedBy isNull="true" />
            <tenantId isNull="true" />
            <coachViewAmdDepId>70.89b83901-9b21-4395-b447-d3537dcd8391</coachViewAmdDepId>
            <coachViewId>64.f98f47ca-b641-480f-8659-b6fc30942a5b</coachViewId>
            <moduleId>com.ibm.bpm.coach.utils/utilities</moduleId>
            <functionArgument>caseUtilities</functionArgument>
            <seq>0</seq>
            <guid>28099216-d449-48c9-b447-e6c4a117661d</guid>
            <versionId>29945512-cbd7-4bef-9ca8-c38967ee21d2</versionId>
        </amdDependency>
        <amdDependency>
            <lastModified isNull="true" />
            <lastModifiedBy isNull="true" />
            <tenantId isNull="true" />
            <coachViewAmdDepId>70.ca9a7a2e-142a-48d1-832a-ff53d436d988</coachViewAmdDepId>
            <coachViewId>64.f98f47ca-b641-480f-8659-b6fc30942a5b</coachViewId>
            <moduleId>dojo/_base/array</moduleId>
            <functionArgument>array</functionArgument>
            <seq>1</seq>
            <guid>fe6da1ea-f4b2-4ae4-af65-b59ccb70af94</guid>
            <versionId>d66e1d21-9aa4-40fa-b9ef-f60edde24235</versionId>
        </amdDependency>
        <amdDependency>
            <lastModified isNull="true" />
            <lastModifiedBy isNull="true" />
            <tenantId isNull="true" />
            <coachViewAmdDepId>70.eead9fbb-68b7-4e32-8975-7aa49de5920c</coachViewAmdDepId>
            <coachViewId>64.f98f47ca-b641-480f-8659-b6fc30942a5b</coachViewId>
            <moduleId>com.ibm.bpm.case.core/taskUtils</moduleId>
            <functionArgument>caseUtils</functionArgument>
            <seq>2</seq>
            <guid>6547d459-17e1-48d2-9e6d-9b181eb67e53</guid>
            <versionId>8baecd6b-b342-4224-a75e-aeaedfeb3c06</versionId>
        </amdDependency>
        <amdDependency>
            <lastModified isNull="true" />
            <lastModifiedBy isNull="true" />
            <tenantId isNull="true" />
            <coachViewAmdDepId>70.030d3053-45ed-4121-beb7-c57a5714e173</coachViewAmdDepId>
            <coachViewId>64.f98f47ca-b641-480f-8659-b6fc30942a5b</coachViewId>
            <moduleId>com.ibm.bpm.case.resources</moduleId>
            <functionArgument>caseResources</functionArgument>
            <seq>3</seq>
            <guid>f554783a-4b43-4040-bf1e-3a8d84e1cd79</guid>
            <versionId>4ba1d3e2-320e-480a-9b24-0f03154a4f8d</versionId>
        </amdDependency>
        <amdDependency>
            <lastModified isNull="true" />
            <lastModifiedBy isNull="true" />
            <tenantId isNull="true" />
            <coachViewAmdDepId>70.f72a501f-6d22-4259-97dc-000b6bb4ea6f</coachViewAmdDepId>
            <coachViewId>64.f98f47ca-b641-480f-8659-b6fc30942a5b</coachViewId>
            <moduleId>dojo/dom-construct</moduleId>
            <functionArgument>domConstruct</functionArgument>
            <seq>4</seq>
            <guid>f7c89fc0-716f-4df2-be20-4cbf728ebc46</guid>
            <versionId>81d00535-7c88-47aa-b198-941f0d717d0c</versionId>
        </amdDependency>
    </coachView>
</teamworks>

