{"id":"50.adeae4bd-e860-48f8-8f12-9436f7840773/2064.a1bcbc2e-f5e3-4b9f-96a1-552a4502b26a","localeLanguage":"zh","localeCountry":"TW","localeVariant":"","localeDisplayName":"CSResource","resourceBundleKey":[{"id":null,"key":"CS_Add","value":"新增"},{"id":null,"key":"CS_BatchContent_AutomationDocType","value":"自動化文件類型"},{"id":null,"key":"CS_BatchContent_AutomationDocType_Help","value":"新增或修改批次文件時要使用的文件類型。若未指定，則此值會預設為 DbaCaptureBase。"},{"id":null,"key":"CS_BatchContent_OnDocumentCheckedOut","value":"文件移出時"},{"id":null,"key":"CS_BatchContent_OnDocumentCheckedOut_Help","value":"在已移出文件時，所激發的事件。"},{"id":null,"key":"CS_BatchContent_OnGetProperties","value":"取得內容時"},{"id":null,"key":"CS_BatchContent_OnGetProperties_Help","value":"在內容已擷取時，所激發的事件。"},{"id":null,"key":"CS_BatchContent_OnResubmitBatch","value":"重新提交批次時"},{"id":null,"key":"CS_BatchContent_OnResubmitBatch_Help","value":"重新提交批次以順利進行處理時所激發的事件。"},{"id":null,"key":"CS_BatchContent_OnRollbackBatch","value":"回復批次時"},{"id":null,"key":"CS_BatchContent_OnRollbackBatch_Help","value":"批次已順利回復時所激發的事件。"},{"id":null,"key":"CS_BatchContent_OnSaveBatch","value":"儲存批次時"},{"id":null,"key":"CS_BatchContent_OnSaveBatch_Help","value":"儲存批次時，所激發的事件。"},{"id":null,"key":"CS_BatchContent_OnSearchResults","value":"搜尋結果時"},{"id":null,"key":"CS_BatchContent_OnSearchResults_Help","value":"搜尋結果已順利傳回時所激發的事件。"},{"id":null,"key":"CS_BatchContent_OnUpdateBatch","value":"更新批次時"},{"id":null,"key":"CS_BatchContent_OnUpdateBatch_Help","value":"更新批次時激發的事件。"},{"id":null,"key":"CS_BatchContent_OnUpdateProperties","value":"更新內容時"},{"id":null,"key":"CS_BatchContent_OnUpdateProperties_Help","value":"在內容已更新時，所激發的事件。"},{"id":null,"key":"CS_Cancel","value":"取消"},{"id":null,"key":"CS_Class_Selector_Svc_Error","value":"服務錯誤"},{"id":null,"key":"CS_Class_Selector_Svc_Error_Help","value":"從呼叫服務傳回錯誤時激發。"},{"id":null,"key":"CS_ContentListFilter_Cancel","value":"取消"},{"id":null,"key":"CS_ContentListFilter_Filter","value":"過濾"},{"id":null,"key":"CS_ContentListFilter_OnCanceFilter","value":"取消時"},{"id":null,"key":"CS_ContentListFilter_OnCancelFilter_Help","value":"在按一下取消按鈕時，所激發的事件。"},{"id":null,"key":"CS_ContentListFilter_OnFilter","value":"過濾時"},{"id":null,"key":"CS_ContentListFilter_OnFilter_Help","value":"在按一下過濾按鈕時，所激發的事件。"},{"id":null,"key":"CS_ContentListFilter_TypeName","value":"類型名稱"},{"id":null,"key":"CS_ContentListFilter_TypeName_Help","value":"搜尋物件類型。"},{"id":null,"key":"CS_ContentList_AcceptFileTypes","value":"接受的檔案類型"},{"id":null,"key":"CS_ContentList_AcceptFileTypes_Help","value":"指定新增文件時所允許的檔案類型的副檔名（例如 .dotx、.pdf 等等）。若未指定，則會接受所有檔案類型。"},{"id":null,"key":"CS_ContentList_Actions","value":"動作"},{"id":null,"key":"CS_ContentList_AddButton","value":"新增"},{"id":null,"key":"CS_ContentList_Advanced","value":"進階"},{"id":null,"key":"CS_ContentList_Behavior","value":"行為"},{"id":null,"key":"CS_ContentList_Columns","value":"直欄"},{"id":null,"key":"CS_ContentList_Columns_Help","value":"要在清單中顯示的直欄。如果您要擁有自訂直欄內容，則設定這些項，否則，使用預設集。"},{"id":null,"key":"CS_ContentList_ConfigurationProperty","value":"配置內容"},{"id":null,"key":"CS_ContentList_ConfigurationProperty_Help","value":"將在其中以 JSON 格式儲存配置資料的內容名稱。"},{"id":null,"key":"CS_ContentList_ConfigurationValues","value":"配置值"},{"id":null,"key":"CS_ContentList_ContentItems","value":"內容項目"},{"id":null,"key":"CS_ContentList_ContentItems_Help","value":"要顯示的 CSDocument 物件清單。ID 內容是文件物件的唯一必要內容。"},{"id":null,"key":"CS_ContentList_ControllerProperty","value":"控制器文件內容"},{"id":null,"key":"CS_ContentList_ControllerProperty_Help","value":"文件類別中物件值內容的名稱，將會鏈結至批次控制器。"},{"id":null,"key":"CS_ContentList_DisableDnDAdd_Help","value":"勾選此設定可停用使用拖放來新增文件。"},{"id":null,"key":"CS_ContentList_DisabledValues","value":"已停用的值"},{"id":null,"key":"CS_ContentList_DisabledValues_Help","value":"指定將對其停用項目動作的內容值。"},{"id":null,"key":"CS_ContentList_DisplayProgressIndicator","value":"在新增文件時顯示進度指示器"},{"id":null,"key":"CS_ContentList_DisplayProgressIndicator_Help","value":"勾選這個選項，可在新增文件時顯示進度指示器。"},{"id":null,"key":"CS_ContentList_EnableSearchFilter","value":"啟用搜尋過濾器"},{"id":null,"key":"CS_ContentList_EnableSearchFilter_Help","value":"顯示搜尋過濾器元件，用於指定多個搜尋參數以對其進行查詢並顯示清單視圖中的結果。"},{"id":null,"key":"CS_ContentList_Enable_Polling","value":"容許輪詢文件狀態"},{"id":null,"key":"CS_ContentList_Enable_Polling_Help","value":"當設定時，輪詢用於更新已新增文件的狀態。"},{"id":null,"key":"CS_ContentList_ExtraProperties","value":"額外內容"},{"id":null,"key":"CS_ContentList_ExtraProperties_Help","value":"指定您要與結果集中的項目一起傳回的其他內容。"},{"id":null,"key":"CS_ContentList_Filter_Help","value":"=內容值在搜尋過濾器中與 AND 運算子結合在一起。"},{"id":null,"key":"CS_ContentList_Folder","value":"資料夾"},{"id":null,"key":"CS_ContentList_FolderId","value":"資料夾 ID"},{"id":null,"key":"CS_ContentList_FolderId_Help","value":"設定資料夾 ID 或路徑，使用指定的資料夾內容起始設定內容清單。設定資料夾 ID 的優先順序高於搜尋設定。"},{"id":null,"key":"CS_ContentList_Height_Help","value":"內容清單視圖視窗的高度。"},{"id":null,"key":"CS_ContentList_HideAction_Help","value":"如果您要從下拉功能表中移除此動作，則勾選該動作設定。"},{"id":null,"key":"CS_ContentList_HideAddDialog","value":"在新增文件時隱藏新增對話框"},{"id":null,"key":"CS_ContentList_HideAddDialog_Help","value":"當選取這個選項且配置了單一文件類型時，會新增文件，但不顯示「新增文件」對話框。"},{"id":null,"key":"CS_ContentList_HideAddDocument","value":"隱藏新增文件"},{"id":null,"key":"CS_ContentList_HideAddFolder","value":"隱藏新增資料夾"},{"id":null,"key":"CS_ContentList_HideCancelCheckoutDoc","value":"隱藏取消移出文件"},{"id":null,"key":"CS_ContentList_HideCheckoutDocument","value":"隱藏移出文件"},{"id":null,"key":"CS_ContentList_HideCheckoutState","value":"隱藏移出狀態"},{"id":null,"key":"CS_ContentList_HideCheckoutState_Help","value":"選取這個選項可啟用或停用顯示移出狀態圖示。"},{"id":null,"key":"CS_ContentList_HideDeleteDocument","value":"隱藏刪除文件"},{"id":null,"key":"CS_ContentList_HideDeleteFolder","value":"隱藏刪除資料夾"},{"id":null,"key":"CS_ContentList_HideDownloadDocument","value":"隱藏下載文件"},{"id":null,"key":"CS_ContentList_HideEditDocument","value":"隱藏編輯文件"},{"id":null,"key":"CS_ContentList_HideEditDocumentProps","value":"隱藏編輯文件內容"},{"id":null,"key":"CS_ContentList_HideEditFolderProps","value":"隱藏編輯資料夾內容"},{"id":null,"key":"CS_ContentList_HideRefresh","value":"隱藏重新整理"},{"id":null,"key":"CS_ContentList_HideRenameFolder","value":"隱藏重新命名資料夾"},{"id":null,"key":"CS_ContentList_HideSearchField","value":"隱藏搜尋欄位"},{"id":null,"key":"CS_ContentList_HideSearchField_Help","value":"不要顯示搜尋欄位。搜尋參數是在配置設定中進行定義。"},{"id":null,"key":"CS_ContentList_HideUploadNewVersionDoc","value":"隱藏上傳新版本文件"},{"id":null,"key":"CS_ContentList_HideViewDocument","value":"隱藏檢視文件"},{"id":null,"key":"CS_ContentList_IncludeTimeInDates","value":"在日期內容中包括時間"},{"id":null,"key":"CS_ContentList_IncludeTimeInDates_Help","value":"在直欄內容中顯示日期值的時間部分。"},{"id":null,"key":"CS_ContentList_InitialPageSize","value":"起始頁面大小"},{"id":null,"key":"CS_ContentList_InitialPageSize_Help","value":"傳回要在內容清單中呈現的結果集大小。預設頁面大小為 20 個項目。"},{"id":null,"key":"CS_ContentList_OnActionMenuOpen","value":"動作功能表開啟時"},{"id":null,"key":"CS_ContentList_OnActionMenuOpen_Help","value":"即將要開啟動作功能表時，所激發的事件。傳遞具有內容的資料夾物件。"},{"id":null,"key":"CS_ContentList_OnAdd","value":"新增內容時"},{"id":null,"key":"CS_ContentList_OnAdd_Help","value":"在新增文件或資料夾時，所激發的事件。傳遞 contentItem 物件。"},{"id":null,"key":"CS_ContentList_OnAllRowsSelected","value":"選取所有列時"},{"id":null,"key":"CS_ContentList_OnAllRowsSelected_Help","value":"當使用者按一下「全選」勾選框且內容清單處於「複選」模式時，會呼叫此事件。傳遞的參數 \"selected\" 可指出選取所有列或是未選取任何列。"},{"id":null,"key":"CS_ContentList_OnContextMenuOpen","value":"快速功能表開啟時"},{"id":null,"key":"CS_ContentList_OnContextMenuOpen_Help","value":"當即將要開啟快速功能表時，所激發的事件。傳遞具有內容的內容物件。"},{"id":null,"key":"CS_ContentList_OnError","value":"發生錯誤時"},{"id":null,"key":"CS_ContentList_OnError_Help","value":"發生服務錯誤時傳送出的事件。"},{"id":null,"key":"CS_ContentList_OnFileClicked","value":"按一下檔案時"},{"id":null,"key":"CS_ContentList_OnFileClicked_Help","value":"在主要直欄中選取文件時，所激發的事件。傳遞具有內容的文件物件。"},{"id":null,"key":"CS_ContentList_OnFolderClicked","value":"按一下資料夾時"},{"id":null,"key":"CS_ContentList_OnFolderClicked_Help","value":"在主要直欄中選取資料夾時，所激發的事件。傳遞具有內容的資料夾物件。"},{"id":null,"key":"CS_ContentList_OnPollResults","value":"輪詢結果時"},{"id":null,"key":"CS_ContentList_OnPollResults_Help","value":"接收包含文件狀態的輪詢結果時激發。"},{"id":null,"key":"CS_ContentList_OnResults","value":"已載入結果時"},{"id":null,"key":"CS_ContentList_OnResults_Help","value":"從服務傳回結果時傳送出的事件。傳遞已呈現在內容清單中的項目清單。"},{"id":null,"key":"CS_ContentList_OnRowSelected","value":"選取列時"},{"id":null,"key":"CS_ContentList_OnRowSelected_Help","value":"在使用圓鈕或勾選框來選取列時，所激發的事件。傳遞其他參數：row（row.data.contentItem 保留包含內容的文件或資料夾物件）。"},{"id":null,"key":"CS_ContentList_Polling_Exit_Values","value":"正在輪詢結束內容值"},{"id":null,"key":"CS_ContentList_Polling_Exit_Values_Help","value":"當從輪詢傳回的文件內容值是其中一個已配置的值時，輪詢將停止。"},{"id":null,"key":"CS_ContentList_Polling_Neg_Exit_Values","value":"輪詢結束內容負值"},{"id":null,"key":"CS_ContentList_Polling_Neg_Exit_Values_Help","value":"當從輪詢傳回的文件內容值不是其中一個已配置的值時，輪詢將停止。"},{"id":null,"key":"CS_ContentList_Resources","value":"資源"},{"id":null,"key":"CS_ContentList_Resources_Help","value":"設定為外部資源組合，以取回直欄標頭及內容清單過濾器標籤的本地化字串資源。"},{"id":null,"key":"CS_ContentList_RootFolderName","value":"根資料夾名稱"},{"id":null,"key":"CS_ContentList_RootFolderName_Help","value":"要在「內容服務」儲存庫中使用根資料夾顯示名稱，而不是使用資料夾名稱。"},{"id":null,"key":"CS_ContentList_Search","value":"搜尋"},{"id":null,"key":"CS_ContentList_SearchFilterProperties","value":"搜尋過濾器內容"},{"id":null,"key":"CS_ContentList_SearchFilterProperties_Help","value":"指定您想要對其進行查詢以移入清單視圖的內容集。內容值在搜尋過濾器中與 AND 運算子結合在一起。"},{"id":null,"key":"CS_ContentList_SearchFolderId","value":"在資料夾 ID 中搜尋"},{"id":null,"key":"CS_ContentList_SearchFolderId_Help","value":"要開始在其中進行搜尋之資料夾的資料夾 ID。這是選用設定，可將搜尋限制為指定的資料夾。如果未設定，則會搜尋整個物件儲存庫。"},{"id":null,"key":"CS_ContentList_SearchFor","value":"搜尋目標"},{"id":null,"key":"CS_ContentList_SearchFor_Help","value":"搜尋文件或資料夾項目。"},{"id":null,"key":"CS_ContentList_SearchOnlyFolder","value":"僅搜尋此資料夾"},{"id":null,"key":"CS_ContentList_SearchOnlyFolder_Help","value":"不要包括搜尋子資料夾。"},{"id":null,"key":"CS_ContentList_SearchOperator","value":"運算子"},{"id":null,"key":"CS_ContentList_SearchOperator_Help","value":"您要使用的查詢運算子，例如 Starts with、Ends with、Like、Not like、\\=、<、>、<>、>\\=、<\\= 等。"},{"id":null,"key":"CS_ContentList_SearchProperty","value":"搜尋內容"},{"id":null,"key":"CS_ContentList_SearchPropertyCardinality","value":"搜尋內容基數"},{"id":null,"key":"CS_ContentList_SearchPropertyCardinality_Help","value":"指定搜尋內容是單值型，還是多值型。"},{"id":null,"key":"CS_ContentList_SearchPropertyType","value":"搜尋內容類型"},{"id":null,"key":"CS_ContentList_SearchPropertyType_Help","value":"所指定搜尋內容的資料類型。"},{"id":null,"key":"CS_ContentList_SearchProperty_Help","value":"您要搜尋所在之內容的符號內容名稱。"},{"id":null,"key":"CS_ContentList_SearchRootName","value":"根搜尋名稱"},{"id":null,"key":"CS_ContentList_SearchRootName_Help","value":"要在瀏覽途徑上使用的根搜尋顯示名稱。"},{"id":null,"key":"CS_ContentList_SearchTextOptions","value":"文字選項"},{"id":null,"key":"CS_ContentList_SearchTextOptions_Help","value":"將搜尋配置為除了指定的內容搜尋之外，還包括內容基本查詢。"},{"id":null,"key":"CS_ContentList_SearchType","value":"搜尋類型"},{"id":null,"key":"CS_ContentList_SearchType_Help","value":"搜尋特定類型的物件。"},{"id":null,"key":"CS_ContentList_SearchValue","value":"預設值"},{"id":null,"key":"CS_ContentList_SearchValue_Help","value":"要搜尋的值。如果保留空白，使用者可以輸入值，以在執行時期呼叫搜尋。"},{"id":null,"key":"CS_ContentList_SecondaryProperty","value":"狀態次要內容"},{"id":null,"key":"CS_ContentList_SecondaryProperty_Help","value":"選取要用作自訂次要狀態內容的內容。"},{"id":null,"key":"CS_ContentList_SelectionMode","value":"選取模式"},{"id":null,"key":"CS_ContentList_SelectionMode_Help","value":"單選、複選或無。"},{"id":null,"key":"CS_ContentList_ShowCustomState","value":"顯示自訂狀態"},{"id":null,"key":"CS_ContentList_ShowCustomState_Help","value":"選取此選項以啟用或停用自訂狀態圖示顯示。"},{"id":null,"key":"CS_ContentList_SortOrder","value":"排序"},{"id":null,"key":"CS_ContentList_SortOrder_Help","value":"預設排序方向，遞增或遞減。"},{"id":null,"key":"CS_ContentList_SortProperty","value":"依內容排序"},{"id":null,"key":"CS_ContentList_SortProperty_Help","value":"選取要用於將結果集進行排序的內容。"},{"id":null,"key":"CS_ContentList_StateProperty","value":"狀態內容"},{"id":null,"key":"CS_ContentList_StateProperty_Help","value":"選取要用作自訂狀態內容的內容。"},{"id":null,"key":"CS_ContentList_Status_Polling_Interval","value":"狀態輪詢間隔"},{"id":null,"key":"CS_ContentList_Status_Polling_Interval_Help","value":"用於輪詢已新增文件狀態的要求之間的秒數。"},{"id":null,"key":"CS_ContentList_Status_Polling_Property","value":"輪詢狀態內容"},{"id":null,"key":"CS_ContentList_Status_Polling_Property_Help","value":"已輪詢以取得所新增文件之狀態的內容。"},{"id":null,"key":"CS_ContentList_Status_Polling_Timeout","value":"每一個文件的輪詢逾時"},{"id":null,"key":"CS_ContentList_Status_Polling_Timeout_Help","value":"如果未符合結束條件，每一個文件輪詢停止的秒數。"},{"id":null,"key":"CS_ContentList_TableRowHeight","value":"表格列高度"},{"id":null,"key":"CS_ContentList_TableRowHeight_Help","value":"此設定用於指定內容清單表格列高度。"},{"id":null,"key":"CS_ContentList_Width_Help","value":"內容清單視圖視窗的寬度。"},{"id":null,"key":"CS_ContentLlist_DisableDnDAdd","value":"停用拖放新增"},{"id":null,"key":"CS_ContentLlist_Polling_Neg_Exit_Values_Help","value":"當從輪詢傳回的文件內容值不是其中一個已配置的值時，輪詢將停止。"},{"id":null,"key":"CS_ContentViewer_FitHeight","value":"符合高度"},{"id":null,"key":"CS_ContentViewer_FitWidth","value":"符合寬度"},{"id":null,"key":"CS_ContentViewer_Height","value":"高度"},{"id":null,"key":"CS_ContentViewer_OnLoad","value":"載入時"},{"id":null,"key":"CS_ContentViewer_Width","value":"寬度"},{"id":null,"key":"CS_ContestList_MaxAddDocs_Help","value":"指定使用者一次可以新增的文件數目上限。預設上限為 50，但您可以設定上限最高為 300。"},{"id":null,"key":"CS_DeleteObject_OnDeleteObject","value":"刪除物件時"},{"id":null,"key":"CS_DeleteObject_OnDeleteObjectHelp","value":"刪除物件後所激發的事件。"},{"id":null,"key":"CS_DepDocPropertiesProperty","value":"相依文件內容"},{"id":null,"key":"CS_DepDocPropertiesProperty_Help","value":"物件值內容的符號名稱，該內容指向包含要顯示之 JSON 值的文件。"},{"id":null,"key":"CS_DepDocumentProperties_OnError","value":"發生錯誤時"},{"id":null,"key":"CS_DepDocumentProperties_OnError_Help","value":"在擷取內容值發生錯誤時，所激發的事件。"},{"id":null,"key":"CS_DocumentReference_AddDocMode","value":"新增文件模式"},{"id":null,"key":"CS_DocumentReference_AddDocMode_Help","value":"控制新增文件處理程序的設定。選取「無」表示無新增支援、「不新增使用者介面」則不會顯示任何使用者介面，而「新增內容」則會顯示新增文件對話框。"},{"id":null,"key":"CS_DocumentReference_AllowsActions","value":"容許動作"},{"id":null,"key":"CS_DocumentReference_AllowsActions_Help","value":"在視圖元件中啟用內容管理動作的下拉快速功能表。"},{"id":null,"key":"CS_DocumentReference_AllowsRemoveDoc","value":"容許清除文件"},{"id":null,"key":"CS_DocumentReference_AllowsRemoveDoc_Help","value":"在視圖元件中啟用清除文件動作。此動作只會從視圖中清除文件，而不會從儲存庫中將其刪除。"},{"id":null,"key":"CS_DocumentReference_DocumentId","value":"文件 Id"},{"id":null,"key":"CS_DocumentReference_DocumentId_Help","value":"您想要載入到此視圖中的文件 ID。"},{"id":null,"key":"CS_DocumentReference_EnableTitleAction","value":"Enable title click action"},{"id":null,"key":"CS_DocumentReference_EnableTitleAction_Help","value":"Enables the document title text to be clickable and will execute the first action in the context menu."},{"id":null,"key":"CS_DocumentReference_HelperText","value":"說明文字"},{"id":null,"key":"CS_DocumentReference_HelperText_Help","value":"說明文件顯示在輸入欄位下方。"},{"id":null,"key":"CS_DocumentReference_HintText","value":"提示文字"},{"id":null,"key":"CS_DocumentReference_HintText_Help","value":"未指定任何文件時要在欄位中顯示的提示文字。"},{"id":null,"key":"CS_DocumentReference_OnClear","value":"清除時"},{"id":null,"key":"CS_DocumentReference_OnClear_Help","value":"使用者呼叫清除動作時所激發的事件。"},{"id":null,"key":"CS_DocumentReference_ViewMode","value":"檢視模式"},{"id":null,"key":"CS_DocumentReference_ViewMode_Help","value":"設為「正常」以查看文件 MIME 類型及標題，或設為「縮圖」以查看文件縮圖及標題。"},{"id":null,"key":"CS_Document_Classes","value":"文件類別"},{"id":null,"key":"CS_Document_Classes_Help","value":"新增文件時，會顯示的一組文件類別。未設定時，會從伺服器擷取文件類別。這裡輸入的名稱會顯示給使用者，值對應於每一個文件類別的符號名稱。"},{"id":null,"key":"CS_FileDropZone_AcceptFileTypes","value":"接受的檔案類型"},{"id":null,"key":"CS_FileDropZone_AcceptFileTypes_Help","value":"指定檔案放下區域將接受的檔案類型。檔案類型必須指定為檔案具有點副檔名的字串。"},{"id":null,"key":"CS_FileDropZone_DetailMessage","value":"詳細訊息"},{"id":null,"key":"CS_FileDropZone_DetailMessage_Help","value":"在檔案放下區域上方顯示的訊息字串。"},{"id":null,"key":"CS_FileDropZone_DocumentType","value":"文件類型"},{"id":null,"key":"CS_FileDropZone_DocumentType_Help","value":"新增文件時要使用的文件類型。如果未設定，則會使用預設文件類型。"},{"id":null,"key":"CS_FileDropZone_FolderId_Help","value":"將新增文件的資料夾的資料夾 ID。如果未指定，則將取消存檔文件。"},{"id":null,"key":"CS_FileDropZone_Height_Help","value":"檔案放下區域的高度。"},{"id":null,"key":"CS_FileDropZone_MaxAddDoc","value":"所能新增的文件數上限"},{"id":null,"key":"CS_FileDropZone_MaxAddDoc_Help","value":"指定使用者一次可以新增的文件數目上限。預設上限為 50。"},{"id":null,"key":"CS_FileDropZone_MaxDocumentSize","value":"文件大小上限"},{"id":null,"key":"CS_FileDropZone_MaxDocumentSize_Help","value":"允許新增的文件大小上限 (KB)。大小為 0 時是無限制的。"},{"id":null,"key":"CS_FileDropZone_Width_Help","value":"檔案放下區域的寬度。"},{"id":null,"key":"CS_Folder_Classes","value":"資料夾類別"},{"id":null,"key":"CS_Folder_Classes_Help","value":"新增資料夾時，將顯示的一組資料夾類別。未設定時，會從伺服器擷取資料夾類別。這裡輸入的名稱會顯示給使用者，值對應於每一個資料夾類別的符號名稱。"},{"id":null,"key":"CS_GetContent_OnContentReceived","value":"接收到內容時"},{"id":null,"key":"CS_GetContent_OnContentReceived_Help","value":"在回應中傳回文件內容時，所激發的事件。"},{"id":null,"key":"CS_GetContent_OnGetClassAccess","value":"取得類別存取權時"},{"id":null,"key":"CS_GetContent_OnGetClassAccess_Help","value":"取得類別存取權回應時所激發的事件。"},{"id":null,"key":"CS_GetContent_OnPropertiesUpdated","value":"更新內容時"},{"id":null,"key":"CS_GetContent_OnPropertiesUpdated_Help","value":"已在內容項目物件中擷取及更新內容時所激發的事件。"},{"id":null,"key":"CS_Height","value":"高度"},{"id":null,"key":"CS_Hide_Time_Picker","value":"編輯日期和時間值時隱藏時間選取器"},{"id":null,"key":"CS_Hide_Time_Picker_Help","value":"設定時，會隱藏用於編輯日期和時間值的時間部分的介面。"},{"id":null,"key":"CS_Modal_OnCancel","value":"取消時"},{"id":null,"key":"CS_Modal_OnCancel_Help","value":"使用者從限制模式的視圖中取消時所激發的事件。"},{"id":null,"key":"CS_OK","value":"確定"},{"id":null,"key":"CS_ObjectStoreName","value":"儲存庫名稱"},{"id":null,"key":"CS_ObjectStoreName_Help","value":"Content Platform Engine 的管理主控台的物件儲存庫名稱。"},{"id":null,"key":"CS_On_Class_Selected","value":"選取類別時"},{"id":null,"key":"CS_On_Class_Selected_Help","value":"在使用者選取類別時，所激發的事件。"},{"id":null,"key":"CS_ProgressIndicator_OnClose","value":"關閉時"},{"id":null,"key":"CS_ProgressIndicator_OnClose_Help","value":"在進度指示器關閉時激發。"},{"id":null,"key":"CS_ProgressIndicator_OnFileRemoved","value":"移除檔案時"},{"id":null,"key":"CS_ProgressIndicator_OnFileRemoved_Help","value":"在擱置檔案從進度指示器移除時激發"},{"id":null,"key":"CS_PropertyList_Display_Edit","value":"顯示用來編輯內容值的按鈕"},{"id":null,"key":"CS_PropertyList_Display_Edit_Help","value":"顯示工具列中的按鈕，可讓使用者編輯內容值。"},{"id":null,"key":"CS_PropertyPoller_OnError","value":"發生錯誤時"},{"id":null,"key":"CS_PropertyPoller_OnError_Help","value":"在輪詢內容期間發生錯誤時激發。"},{"id":null,"key":"CS_PropertyPoller_OnResults","value":"傳回結果時"},{"id":null,"key":"CS_PropertyPoller_OnResults_Help","value":"從輪詢要求接收結果時激發。"},{"id":null,"key":"CS_PropertyPoller_OnStatus","value":"傳回內容資訊時"},{"id":null,"key":"CS_PropertyPoller_OnStatus_Help","value":"從輪詢用於內容資訊的伺服器期間傳回資料時，予以激發。"},{"id":null,"key":"CS_Query_ExecuteOnChange","value":"在變更時執行搜尋"},{"id":null,"key":"CS_Query_ExecuteOnChange_Help","value":"當元件中發生視圖變更事件時，執行已配置的搜尋。"},{"id":null,"key":"CS_Query_ExecuteOnView","value":"在視圖上執行搜尋"},{"id":null,"key":"CS_Query_ExecuteOnView_Help","value":"當元件中發生 Coach 視圖事件時，執行已配置的搜尋。"},{"id":null,"key":"CS_Query_MaxResults","value":"結果數上限"},{"id":null,"key":"CS_Query_MaxResults_Help","value":"從查詢傳回的結果數上限。"},{"id":null,"key":"CS_Query_OnError","value":"發生錯誤時"},{"id":null,"key":"CS_Query_OnError_Help","value":"在發生錯誤時激發。"},{"id":null,"key":"CS_Query_OnSearchResults","value":"搜尋結果時"},{"id":null,"key":"CS_Query_OnSearchResults_Help","value":"在從伺服器傳回搜尋結果時激發。"},{"id":null,"key":"CS_Query_ResultProperties","value":"結果內容"},{"id":null,"key":"CS_Query_ResultProperties_Help","value":"傳回搜尋結果中內容的符號名稱。"},{"id":null,"key":"CS_Query_SearchValue","value":"搜尋值"},{"id":null,"key":"CS_Query_SearchValue_Help","value":"要搜尋的值。"},{"id":null,"key":"CS_RepositoryId","value":"儲存庫 ID"},{"id":null,"key":"CS_RepositoryId_Help","value":"來自 IBM Navigator 的儲存庫 ID。由文件檢視器使用此值。"},{"id":null,"key":"CS_Save","value":"儲存"},{"id":null,"key":"CS_SummaryCard_Details","value":"詳細資料"},{"id":null,"key":"CS_SummaryCard_Details_Help","value":"顯示於摘要卡的詳細資料區段。"},{"id":null,"key":"CS_SummaryCard_DisplayHelpIcon","value":"顯示說明圖示"},{"id":null,"key":"CS_SummaryCard_DisplayHelpIcon_Help","value":"勾選時，會在卡片中顯示說明圖示。"},{"id":null,"key":"CS_SummaryCard_HelpLearnMoreUrl","value":"說明進一步瞭解 URL"},{"id":null,"key":"CS_SummaryCard_HelpLearnMoreUrl_Help","value":"進一步瞭解資訊的鏈結。設定後，在說明工具提示中會顯示一個按鈕，按一下該按鈕時，將顯示鏈結中指定的頁面。"},{"id":null,"key":"CS_SummaryCard_HelpText","value":"說明文字"},{"id":null,"key":"CS_SummaryCard_HelpText_Help","value":"當使用者按一下說明圖示時，工具提示中顯示的訊息 ID 或文字。"},{"id":null,"key":"CS_SummaryCard_OnClick","value":"按一下時"},{"id":null,"key":"CS_SummaryCard_OnClick_Help","value":"在按一下摘要卡時激發。"},{"id":null,"key":"CS_SummaryCard_Title","value":"標題"},{"id":null,"key":"CS_SummaryCard_Title_Help","value":"顯示為摘要卡的標題。"},{"id":null,"key":"CS_Upload","value":"上傳"},{"id":null,"key":"CS_UploadContent_OnContentAdded","value":"新增內容時"},{"id":null,"key":"CS_UploadContent_OnContentAdded_Help","value":"在順利上傳內容時，所激發的事件。"},{"id":null,"key":"CS_UploadContent_OnError","value":"發生錯誤時"},{"id":null,"key":"CS_UploadContent_OnError_Help","value":"在上傳內容發生錯誤時，所激發的事件。"},{"id":null,"key":"CS_UploadVersion_OnUploadVersion","value":"上傳版本時"},{"id":null,"key":"CS_UploadVersion_OnUploadVersionHelp","value":"上載文件的新版本時所激發的事件。"},{"id":null,"key":"CS_Width","value":"寬度"}]}