{"id":"50.adeae4bd-e860-48f8-8f12-9436f7840773/2064.a1bcbc2e-f5e3-4b9f-96a1-552a4502b26a","localeLanguage":"kk","localeCountry":"","localeVariant":"","localeDisplayName":"CSResource","resourceBundleKey":[{"id":null,"key":"CS_Add","value":"Add"},{"id":null,"key":"CS_BatchContent_AutomationDocType","value":"Automation document type"},{"id":null,"key":"CS_BatchContent_AutomationDocType_Help","value":"The document type to be used when adding or modifying batch documents. If not specified, the value defaults to DbaCaptureBase."},{"id":null,"key":"CS_BatchContent_OnDocumentCheckedOut","value":"On document checked out"},{"id":null,"key":"CS_BatchContent_OnDocumentCheckedOut_Help","value":"An event that is fired when the document has been checked out."},{"id":null,"key":"CS_BatchContent_OnGetProperties","value":"On get properties"},{"id":null,"key":"CS_BatchContent_OnGetProperties_Help","value":"An event that is fired when the properties have been retrieved."},{"id":null,"key":"CS_BatchContent_OnResubmitBatch","value":"On resubmit batch"},{"id":null,"key":"CS_BatchContent_OnResubmitBatch_Help","value":"An event that is fired when the batch has been resubmitted for processing successfully."},{"id":null,"key":"CS_BatchContent_OnRollbackBatch","value":"On rollback batch"},{"id":null,"key":"CS_BatchContent_OnRollbackBatch_Help","value":"An event that is fired when the batch has been rolled back successfully."},{"id":null,"key":"CS_BatchContent_OnSaveBatch","value":"On save batch"},{"id":null,"key":"CS_BatchContent_OnSaveBatch_Help","value":"An event that is fired when the batch has been saved."},{"id":null,"key":"CS_BatchContent_OnSearchResults","value":"On search results"},{"id":null,"key":"CS_BatchContent_OnSearchResults_Help","value":"An event that is fired when the search results have returned successfully."},{"id":null,"key":"CS_BatchContent_OnUpdateBatch","value":"On update batch"},{"id":null,"key":"CS_BatchContent_OnUpdateBatch_Help","value":"An event that is fired when the batch has been updated."},{"id":null,"key":"CS_BatchContent_OnUpdateProperties","value":"On update properties"},{"id":null,"key":"CS_BatchContent_OnUpdateProperties_Help","value":"An event that is fired when the properties have been updated."},{"id":null,"key":"CS_Cancel","value":"Cancel"},{"id":null,"key":"CS_Class_Selector_Svc_Error","value":"Қызмет қатесі"},{"id":null,"key":"CS_Class_Selector_Svc_Error_Help","value":"Қызметті шақыру кезінде қате қайтарылған кезде шығарылды."},{"id":null,"key":"CS_ContentListFilter_Cancel","value":"Cancel"},{"id":null,"key":"CS_ContentListFilter_Filter","value":"Filter"},{"id":null,"key":"CS_ContentListFilter_OnCanceFilter","value":"On cancel"},{"id":null,"key":"CS_ContentListFilter_OnCancelFilter_Help","value":"An event that is fired when the cancel button is clicked."},{"id":null,"key":"CS_ContentListFilter_OnFilter","value":"On filter"},{"id":null,"key":"CS_ContentListFilter_OnFilter_Help","value":"An event that is fired when the filter button is clicked."},{"id":null,"key":"CS_ContentListFilter_TypeName","value":"Type name"},{"id":null,"key":"CS_ContentListFilter_TypeName_Help","value":"Search object type."},{"id":null,"key":"CS_ContentList_AcceptFileTypes","value":"Accepted file types"},{"id":null,"key":"CS_ContentList_AcceptFileTypes_Help","value":"Specify the file type extensions that are allowed when adding new documents (for example, .dotx, .pdf, etc). When not specified, all file types are accepted."},{"id":null,"key":"CS_ContentList_Actions","value":"Әрекеттер"},{"id":null,"key":"CS_ContentList_AddButton","value":"Қосу"},{"id":null,"key":"CS_ContentList_Advanced","value":"Кеңейтілген"},{"id":null,"key":"CS_ContentList_Behavior","value":"Тәртіп"},{"id":null,"key":"CS_ContentList_Columns","value":"Бағандар"},{"id":null,"key":"CS_ContentList_Columns_Help","value":"Тізімде көрсетілетін бағандар. Егер сіз өзіңіздің жеке баған сипаттарыңызды қаласаңыз, оларды орнатыңыз, әйтпесе әдепкі жиын пайдаланылады."},{"id":null,"key":"CS_ContentList_ConfigurationProperty","value":"Теңшеу сипаты"},{"id":null,"key":"CS_ContentList_ConfigurationProperty_Help","value":"Теңшелім деректері JSON форматында сақталатын сипаттың атауы."},{"id":null,"key":"CS_ContentList_ConfigurationValues","value":"Теңшеу мәндері"},{"id":null,"key":"CS_ContentList_ContentItems","value":"Мазмұн элементтері"},{"id":null,"key":"CS_ContentList_ContentItems_Help","value":"Көрсетілетін CSDocument нысандарының тізімі. Идентификатор - бұл құжат нысандарының талап етілетін меншігі."},{"id":null,"key":"CS_ContentList_ControllerProperty","value":"Controller document property"},{"id":null,"key":"CS_ContentList_ControllerProperty_Help","value":"Name of the object value property in the document class that links to the batch controller."},{"id":null,"key":"CS_ContentList_DisableDnDAdd_Help","value":"Апарып тастау арқылы құжаттарды қосуды өшіру үшін осы параметрді тексеріңіз."},{"id":null,"key":"CS_ContentList_DisabledValues","value":"Ажыратылған мәндер"},{"id":null,"key":"CS_ContentList_DisabledValues_Help","value":"Элементтер әрекеттері ажыратылатын сипат мәндерін көрсетіңіз."},{"id":null,"key":"CS_ContentList_DisplayProgressIndicator","value":"Құжаттарды қосқанда прогресс индикаторын көрсету"},{"id":null,"key":"CS_ContentList_DisplayProgressIndicator_Help","value":"Құжаттарды қосқанда прогресстің индикаторын көрсету үшін осы құсбелгіні қойыңыз."},{"id":null,"key":"CS_ContentList_EnableSearchFilter","value":"Enable search filter"},{"id":null,"key":"CS_ContentList_EnableSearchFilter_Help","value":"Displays the search filter component for specifying multiple search parameters to query against and display the results in the list view."},{"id":null,"key":"CS_ContentList_Enable_Polling","value":"Құжат күйіне қатысты сауалнаманы қосыңыз"},{"id":null,"key":"CS_ContentList_Enable_Polling_Help","value":"Орнатылған кезде, қосымша құжаттардың мәртебесін жаңарту үшін сауалнама қолданылады."},{"id":null,"key":"CS_ContentList_ExtraProperties","value":"Extra properties"},{"id":null,"key":"CS_ContentList_ExtraProperties_Help","value":"Specify additional properties that you want returned with the items in the results set."},{"id":null,"key":"CS_ContentList_Filter_Help","value":"=The property values are combined with an AND operator in the search filter."},{"id":null,"key":"CS_ContentList_Folder","value":"Қалта"},{"id":null,"key":"CS_ContentList_FolderId","value":"Қалта идентификаторы"},{"id":null,"key":"CS_ContentList_FolderId_Help","value":"Мазмұн тізімін көрсетілген қалта мазмұнымен баптандыруы үшін қалта идентификаторын немесе жолын орнатыңыз. Қалта идентификаторын орнату іздеу параметрлеріне қарағанда басым болады."},{"id":null,"key":"CS_ContentList_Height_Help","value":"The height of the content list view window."},{"id":null,"key":"CS_ContentList_HideAction_Help","value":"Егер сіз бұл әрекетті ашылмалы мәзірден жойғыңыз келсе, әрекет параметрін тексеріңіз."},{"id":null,"key":"CS_ContentList_HideAddDialog","value":"Құжаттарды қосу кезінде қосу тілқатысуын жасыру"},{"id":null,"key":"CS_ContentList_HideAddDialog_Help","value":"Осы параметр таңдалғанда және құжаттың жалғыз түрі теңшелген кезде  Құжатты қосу тілқатысу терезесін көрсетпей құжаттар қосылады."},{"id":null,"key":"CS_ContentList_HideAddDocument","value":"Қосу құжатын жасыру"},{"id":null,"key":"CS_ContentList_HideAddFolder","value":"Қалтаны қосуды жасыру"},{"id":null,"key":"CS_ContentList_HideCancelCheckoutDoc","value":"Құжатты тексеруін болдырмауды жасыру"},{"id":null,"key":"CS_ContentList_HideCheckoutDocument","value":"Құжатты тексеруді жасыру"},{"id":null,"key":"CS_ContentList_HideCheckoutState","value":"Шығу күйін жасыру"},{"id":null,"key":"CS_ContentList_HideCheckoutState_Help","value":"Көрсету үшін төлем күйінің белгішесін қосу/өшіру үшін осы параметрді таңдаңыз."},{"id":null,"key":"CS_ContentList_HideDeleteDocument","value":"Жою құжатын жасыру"},{"id":null,"key":"CS_ContentList_HideDeleteFolder","value":"Жою қалтасын жасыру"},{"id":null,"key":"CS_ContentList_HideDownloadDocument","value":"Жүктеу құжатын жасыру"},{"id":null,"key":"CS_ContentList_HideEditDocument","value":"Өңдеу құжатын жасыру"},{"id":null,"key":"CS_ContentList_HideEditDocumentProps","value":"Құжаттың өңдеу сипаттарын жасыру"},{"id":null,"key":"CS_ContentList_HideEditFolderProps","value":"Қалта сипаттарын өңдеуін жасыру"},{"id":null,"key":"CS_ContentList_HideRefresh","value":"Hide refresh"},{"id":null,"key":"CS_ContentList_HideRenameFolder","value":"Атау қалтасын жасыру"},{"id":null,"key":"CS_ContentList_HideSearchField","value":"Іздеу өрісін жасыру"},{"id":null,"key":"CS_ContentList_HideSearchField_Help","value":"Іздеу өрісін көрсетпеңіз. Іздеу параметрлері теңшелім параметрлерінде анықталған."},{"id":null,"key":"CS_ContentList_HideUploadNewVersionDoc","value":"Жаңа нұсқа құжатының жүктелуін жасыру"},{"id":null,"key":"CS_ContentList_HideViewDocument","value":"Көру құжатын жасыру"},{"id":null,"key":"CS_ContentList_IncludeTimeInDates","value":"Уақытты күн сипатына қосыңыз"},{"id":null,"key":"CS_ContentList_IncludeTimeInDates_Help","value":"Баған сипаттарында күн мәнінің уақыт бөлігін көрсету."},{"id":null,"key":"CS_ContentList_InitialPageSize","value":"Бастапқы бет өлшемі"},{"id":null,"key":"CS_ContentList_InitialPageSize_Help","value":"Мазмұн тізімінде көрсету үшін қайтарылған нәтиже мөлшері. Әдепкі бет өлшемі - 20 элемент."},{"id":null,"key":"CS_ContentList_OnActionMenuOpen","value":"On action menu open"},{"id":null,"key":"CS_ContentList_OnActionMenuOpen_Help","value":"An event that is fired when the action menu is about to be opened. Passes a folder object with properties."},{"id":null,"key":"CS_ContentList_OnAdd","value":"Қосылған мазмұн бойынша"},{"id":null,"key":"CS_ContentList_OnAdd_Help","value":"Құжат немесе қалта қосылған кезде басталатын оқиға. ContentItem нысанын жібереді."},{"id":null,"key":"CS_ContentList_OnAllRowsSelected","value":"On all rows selected"},{"id":null,"key":"CS_ContentList_OnAllRowsSelected_Help","value":"This event is called when the user clicks on the Select All checkbox and the content list is in Multiselect mode. The passed parameter \"selected\" indicates whether all or none of the rows are selected."},{"id":null,"key":"CS_ContentList_OnContextMenuOpen","value":"Мәтінмәндік мәзір ашылған"},{"id":null,"key":"CS_ContentList_OnContextMenuOpen_Help","value":"Мәтінмән мәзір ашылатын кезде басталатын оқиға. Мазмұн нысанын сипаттарымен өткізеді."},{"id":null,"key":"CS_ContentList_OnError","value":"Қате туралы"},{"id":null,"key":"CS_ContentList_OnError_Help","value":"Қызмет қатесі болған кезде жіберілетін оқиға."},{"id":null,"key":"CS_ContentList_OnFileClicked","value":"Файлда басылған"},{"id":null,"key":"CS_ContentList_OnFileClicked_Help","value":"Негізгі бағанда құжат таңдалған кезде басталған оқиға. Сипаттар бар құжат нысанын өткізеді."},{"id":null,"key":"CS_ContentList_OnFolderClicked","value":"Қалтада басылды"},{"id":null,"key":"CS_ContentList_OnFolderClicked_Help","value":"Негізгі бағанда папка таңдалғанда басталатын оқиға. Сипаттары бар қалта нысанын өткізеді."},{"id":null,"key":"CS_ContentList_OnPollResults","value":"On poll results"},{"id":null,"key":"CS_ContentList_OnPollResults_Help","value":"Fired when a poll result containing document status is received."},{"id":null,"key":"CS_ContentList_OnResults","value":"Жүктелген нәтижелер бойынша"},{"id":null,"key":"CS_ContentList_OnResults_Help","value":"Нәтижелер қызметтен қайтарылған кезде жіберілетін оқиға. Мазмұн тізімінде көрсетілген элементтер тізімін береді."},{"id":null,"key":"CS_ContentList_OnRowSelected","value":"Таңдалған жолда"},{"id":null,"key":"CS_ContentList_OnRowSelected_Help","value":"Қосқыш батырмасын немесе құсбелгіні пайдаланып жол таңдалғанда басталған оқиға. Қосымша параметрді өткізеді: жол (row.data.contentItem сипаттары бар құжат немесе қалта нысанын сақтайды)."},{"id":null,"key":"CS_ContentList_Polling_Exit_Values","value":"Сауалнамалық шығу мәндері"},{"id":null,"key":"CS_ContentList_Polling_Exit_Values_Help","value":"Дауыс беруден қайтарылған құжат сипатының мәні теңшелген мәндердің бірі болған кезде, дауыс беру тоқтатылады."},{"id":null,"key":"CS_ContentList_Polling_Neg_Exit_Values","value":"Мүліктің теріс шығу мәндерін сұрау"},{"id":null,"key":"CS_ContentList_Polling_Neg_Exit_Values_Help","value":"Дауыс беруден қайтарылған құжаттың меншігінің мәні конфигурацияланған мәндердің бірі болып табылмаса, дауыс беру тоқтатылады."},{"id":null,"key":"CS_ContentList_Resources","value":"Resources"},{"id":null,"key":"CS_ContentList_Resources_Help","value":"Set to an external resource bundle to pull in localized string resources for the column headers and the property list filter labels."},{"id":null,"key":"CS_ContentList_RootFolderName","value":"Түбірлік қалта атауы"},{"id":null,"key":"CS_ContentList_RootFolderName_Help","value":"Content Services қызметтері репозиторийіндегі қалта атауының орнына қолданылатын түбірлік қалтаны көрсету атауы."},{"id":null,"key":"CS_ContentList_Search","value":"Іздеу"},{"id":null,"key":"CS_ContentList_SearchFilterProperties","value":"Search filter properties"},{"id":null,"key":"CS_ContentList_SearchFilterProperties_Help","value":"Specify the set of properties you want to query against to populate the list view. The property values are combined with an AND operator in the search filter."},{"id":null,"key":"CS_ContentList_SearchFolderId","value":"ID қалтасынан іздеу"},{"id":null,"key":"CS_ContentList_SearchFolderId_Help","value":"Іздеуді бастау үшін қалтаның идентификаторы. Бұл іздеуді көрсетілген қалтаға шектейтін қосымша параметр. Орнатылмаса, бүкіл нысан қоймасы ізделеді."},{"id":null,"key":"CS_ContentList_SearchFor","value":"Search for"},{"id":null,"key":"CS_ContentList_SearchFor_Help","value":"Search for document or folder items."},{"id":null,"key":"CS_ContentList_SearchOnlyFolder","value":"Тек осы қалтаны іздеңіз"},{"id":null,"key":"CS_ContentList_SearchOnlyFolder_Help","value":"Ішкі қалталарды іздеуді қоспаңыз."},{"id":null,"key":"CS_ContentList_SearchOperator","value":"Оператор"},{"id":null,"key":"CS_ContentList_SearchOperator_Help","value":"Сіз пайдаланғыңыз келетін сұрау операторыБасталады, Аяқталады, Ұнайды, Ұнамайды, =, <, >, <>, >=, <=, т.б. сияқты)."},{"id":null,"key":"CS_ContentList_SearchProperty","value":"Іздеу сипаты"},{"id":null,"key":"CS_ContentList_SearchPropertyCardinality","value":"Сипаттың сәйкестігін іздеу"},{"id":null,"key":"CS_ContentList_SearchPropertyCardinality_Help","value":"Іздеу сипатының жалғыз немесе көп мәнді екенін анықтайды."},{"id":null,"key":"CS_ContentList_SearchPropertyType","value":"Сипат түрін іздеу"},{"id":null,"key":"CS_ContentList_SearchPropertyType_Help","value":"Көрсетілген іздеу сипатының деректер түрі."},{"id":null,"key":"CS_ContentList_SearchProperty_Help","value":"Іздегіңіз келетін нысан сипатының символдық атауы."},{"id":null,"key":"CS_ContentList_SearchRootName","value":"Root search name"},{"id":null,"key":"CS_ContentList_SearchRootName_Help","value":"The root search display name to use on the breadcrumb."},{"id":null,"key":"CS_ContentList_SearchTextOptions","value":"Мәтін параметрлері"},{"id":null,"key":"CS_ContentList_SearchTextOptions_Help","value":"Көрсетілген сипат іздеуіне қосымша мазмұн негізінің сұрауын қосу үшін іздеуді теңшеңіз."},{"id":null,"key":"CS_ContentList_SearchType","value":"Search type"},{"id":null,"key":"CS_ContentList_SearchType_Help","value":"Search for objects of a particular type."},{"id":null,"key":"CS_ContentList_SearchValue","value":"Әдепкі мән"},{"id":null,"key":"CS_ContentList_SearchValue_Help","value":"Іздеу мәні. Егер бос болса, пайдаланушылар жұмыс уақытында іздеу үшін мән енгізе алады."},{"id":null,"key":"CS_ContentList_SecondaryProperty","value":"State secondary property"},{"id":null,"key":"CS_ContentList_SecondaryProperty_Help","value":"Select a property to be used as a custom secondary state property."},{"id":null,"key":"CS_ContentList_SelectionMode","value":"Таңдау режимі"},{"id":null,"key":"CS_ContentList_SelectionMode_Help","value":"Бір таңдау, көп таңдау немесе ештеңе жоқ."},{"id":null,"key":"CS_ContentList_ShowCustomState","value":"Теңшелетін күйді көрсету"},{"id":null,"key":"CS_ContentList_ShowCustomState_Help","value":"Теңшелетін күй белгішесін көрсетуді қосу/өшіру үшін осы параметрді таңдаңыз."},{"id":null,"key":"CS_ContentList_SortOrder","value":"Сұрыптау реті"},{"id":null,"key":"CS_ContentList_SortOrder_Help","value":"Әдепкі сұрыптау бағыты, өсу немесе кему."},{"id":null,"key":"CS_ContentList_SortProperty","value":"Сипат бойынша сұрыпта"},{"id":null,"key":"CS_ContentList_SortProperty_Help","value":"Нәтижені орнатылған сұрыптау үшін пайдаланылатын сипатты таңдаңыз."},{"id":null,"key":"CS_ContentList_StateProperty","value":"Күй сипаты"},{"id":null,"key":"CS_ContentList_StateProperty_Help","value":"Жеке меншік ретінде пайдаланылатын мүлікті таңдаңыз."},{"id":null,"key":"CS_ContentList_Status_Polling_Interval","value":"Күйді сұрау аралығы"},{"id":null,"key":"CS_ContentList_Status_Polling_Interval_Help","value":"Қосылған құжаттардың күйі туралы сауалнамалар арасындағы секундтар саны."},{"id":null,"key":"CS_ContentList_Status_Polling_Property","value":"Сурау күйінің сипаты"},{"id":null,"key":"CS_ContentList_Status_Polling_Property_Help","value":"Қосымша құжаттар мәртебесін алу үшін сұралатын сипат."},{"id":null,"key":"CS_ContentList_Status_Polling_Timeout","value":"Polling timeout per document"},{"id":null,"key":"CS_ContentList_Status_Polling_Timeout_Help","value":"Number of seconds per document after which polling stops if an exit condition is not met."},{"id":null,"key":"CS_ContentList_TableRowHeight","value":"Кесте жолдарының биіктігі"},{"id":null,"key":"CS_ContentList_TableRowHeight_Help","value":"Мазмұн тізімінің кесте жолының биіктігін көрсетуге арналған параметр."},{"id":null,"key":"CS_ContentList_Width_Help","value":"The width of the content list view window."},{"id":null,"key":"CS_ContentLlist_DisableDnDAdd","value":"Қосуды сүйреп апаруды өшіріңіз"},{"id":null,"key":"CS_ContentLlist_Polling_Neg_Exit_Values_Help","value":"Дауыс беруден қайтарылған құжаттың меншігінің мәні конфигурацияланған мәндердің бірі болып табылмаса, дауыс беру тоқтатылады."},{"id":null,"key":"CS_ContentViewer_FitHeight","value":"Биіктігін сәйкестендіру"},{"id":null,"key":"CS_ContentViewer_FitWidth","value":"Енін сәйкестендіру"},{"id":null,"key":"CS_ContentViewer_Height","value":"Биіктік"},{"id":null,"key":"CS_ContentViewer_OnLoad","value":"Жүктемеде"},{"id":null,"key":"CS_ContentViewer_Width","value":"Ені"},{"id":null,"key":"CS_ContestList_MaxAddDocs_Help","value":"Пайдаланушылар бір уақытта қоса алатын құжаттардың ең үлкен санын көрсетіңіз. Әдепкі ең үлкен сан 50. Алайда, ең үлкен санды 300 санына дейін көтере аласыз."},{"id":null,"key":"CS_DeleteObject_OnDeleteObject","value":"On delete object"},{"id":null,"key":"CS_DeleteObject_OnDeleteObjectHelp","value":"An event that is fired after the object is deleted."},{"id":null,"key":"CS_DepDocPropertiesProperty","value":"Тәуелді құжаттың меншігі"},{"id":null,"key":"CS_DepDocPropertiesProperty_Help","value":"Көрсетілетін JSON мәндері бар құжатқа нұсқайтын объект мәні сипатының символдық атауы."},{"id":null,"key":"CS_DepDocumentProperties_OnError","value":"Қате туралы"},{"id":null,"key":"CS_DepDocumentProperties_OnError_Help","value":"Сипат мәндерін алу кезінде қате орын алғанда оқиға орын алды."},{"id":null,"key":"CS_DocumentReference_AddDocMode","value":"Add document mode"},{"id":null,"key":"CS_DocumentReference_AddDocMode_Help","value":"Setting that controls the add document process. Select None for no add support, Add no UI will not display any ui and Add with properties will display the add document dialog."},{"id":null,"key":"CS_DocumentReference_AllowsActions","value":"Enable actions"},{"id":null,"key":"CS_DocumentReference_AllowsActions_Help","value":"Enables the drop down context menu of content management actions in the view component."},{"id":null,"key":"CS_DocumentReference_AllowsRemoveDoc","value":"Enable clear document"},{"id":null,"key":"CS_DocumentReference_AllowsRemoveDoc_Help","value":"Enables the clear document action in the view component. This action only clears the document from the view and does not delete it from the repository."},{"id":null,"key":"CS_DocumentReference_DocumentId","value":"Document Id"},{"id":null,"key":"CS_DocumentReference_DocumentId_Help","value":"The Id of the document you would like to load into this view."},{"id":null,"key":"CS_DocumentReference_EnableTitleAction","value":"Enable title click action"},{"id":null,"key":"CS_DocumentReference_EnableTitleAction_Help","value":"Enables the document title text to be clickable and will execute the first action in the context menu."},{"id":null,"key":"CS_DocumentReference_HelperText","value":"Helper text"},{"id":null,"key":"CS_DocumentReference_HelperText_Help","value":"Helper text displayed below the input field."},{"id":null,"key":"CS_DocumentReference_HintText","value":"Hint text"},{"id":null,"key":"CS_DocumentReference_HintText_Help","value":"Hint text to display in the field when no document is specified."},{"id":null,"key":"CS_DocumentReference_OnClear","value":"On clear"},{"id":null,"key":"CS_DocumentReference_OnClear_Help","value":"An event that is fired when the user invokes the clear action."},{"id":null,"key":"CS_DocumentReference_ViewMode","value":"View mode"},{"id":null,"key":"CS_DocumentReference_ViewMode_Help","value":"Set to Normal to see the document mime type and title, or set to Thumbnail to see the document thumbnail and title."},{"id":null,"key":"CS_Document_Classes","value":"Құжат сыныптары"},{"id":null,"key":"CS_Document_Classes_Help","value":"Жаңа құжаттарды қосу кезінде көрсетілетін құжаттар сыныпының жиынтығы. Орнатылмаған кезде құжат сыныптары серверден шығарылады. Мұнда енгізілген атаулар пайдаланушыға көрсетіледі, мәндер әр құжат сыныпының символдық атауына сәйкес келеді."},{"id":null,"key":"CS_FileDropZone_AcceptFileTypes","value":"Accepted file types"},{"id":null,"key":"CS_FileDropZone_AcceptFileTypes_Help","value":"Specify the file types that the file drop zone will accept. The files types must be specified as file dot extension strings."},{"id":null,"key":"CS_FileDropZone_DetailMessage","value":"Detail message"},{"id":null,"key":"CS_FileDropZone_DetailMessage_Help","value":"Message string displayed above the file drop zone."},{"id":null,"key":"CS_FileDropZone_DocumentType","value":"Құжат Түрі"},{"id":null,"key":"CS_FileDropZone_DocumentType_Help","value":"Құжаттарды қосқанда қолданылатын құжат түрі. Орнатылмаса, стандартты құжат түрін қолданады."},{"id":null,"key":"CS_FileDropZone_FolderId_Help","value":"Құжаттар қосылатын қалта идентификаторы. Егер көрсетілмеген болса, құжаттар толтырылмайды."},{"id":null,"key":"CS_FileDropZone_Height_Help","value":"The height of the file drop zone area."},{"id":null,"key":"CS_FileDropZone_MaxAddDoc","value":"Maximum number of documents to add"},{"id":null,"key":"CS_FileDropZone_MaxAddDoc_Help","value":"Specify the maximum number of documents that users can add at a time. The default maximum is 50."},{"id":null,"key":"CS_FileDropZone_MaxDocumentSize","value":"Max document size"},{"id":null,"key":"CS_FileDropZone_MaxDocumentSize_Help","value":"The maximum document size in KB allowed to be added. The size of 0 is unlimited."},{"id":null,"key":"CS_FileDropZone_Width_Help","value":"The width of the file drop zone area."},{"id":null,"key":"CS_Folder_Classes","value":"Қалта сыныптары"},{"id":null,"key":"CS_Folder_Classes_Help","value":"Жаңа қалталар қосқан кезде көрсетілетін қалта сыныптарының жиынтығы. Орнатылмаған кезде қалта сыныптары серверден шығарылады. Мұнда енгізілген атаулар пайдаланушыға көрсетіледі, мәндер әр қалта сыныпының символдық атауларына сәйкес келеді."},{"id":null,"key":"CS_GetContent_OnContentReceived","value":"Алынған мазмұн бойынша"},{"id":null,"key":"CS_GetContent_OnContentReceived_Help","value":"Жауап ретінде құжат мазмұны қайтарылған кезде басталған оқиға."},{"id":null,"key":"CS_GetContent_OnGetClassAccess","value":"On get class access"},{"id":null,"key":"CS_GetContent_OnGetClassAccess_Help","value":"An event that is fired when the get class access response has returned."},{"id":null,"key":"CS_GetContent_OnPropertiesUpdated","value":"On properties updated"},{"id":null,"key":"CS_GetContent_OnPropertiesUpdated_Help","value":"An event that is fired when the properties have been retrieved and updated in the content item object."},{"id":null,"key":"CS_Height","value":"Биіктік"},{"id":null,"key":"CS_Hide_Time_Picker","value":"Hide time picker when editing date and time values"},{"id":null,"key":"CS_Hide_Time_Picker_Help","value":"When set, hides the interface for editing the time portion of date and time values."},{"id":null,"key":"CS_Modal_OnCancel","value":"On cancel"},{"id":null,"key":"CS_Modal_OnCancel_Help","value":"An event that is fired when the user cancels out of a modal view."},{"id":null,"key":"CS_OK","value":"Ok"},{"id":null,"key":"CS_ObjectStoreName","value":"Нысан қоймасының атауы"},{"id":null,"key":"CS_ObjectStoreName_Help","value":"Acce әкімшілік құралынан нысан қоймасының атауы."},{"id":null,"key":"CS_On_Class_Selected","value":"Таңдалған сыныпта"},{"id":null,"key":"CS_On_Class_Selected_Help","value":"Пайдаланушы сыныпты таңдаған кезде басталатын оқиға."},{"id":null,"key":"CS_ProgressIndicator_OnClose","value":"On close"},{"id":null,"key":"CS_ProgressIndicator_OnClose_Help","value":"Fired when the progress indicator is closed."},{"id":null,"key":"CS_ProgressIndicator_OnFileRemoved","value":"On file removed"},{"id":null,"key":"CS_ProgressIndicator_OnFileRemoved_Help","value":"Fired when a pending file is removed from the progress indicator"},{"id":null,"key":"CS_PropertyList_Display_Edit","value":"Сипат мәндерін өңдеуге арналған батырмаларды көрсету"},{"id":null,"key":"CS_PropertyList_Display_Edit_Help","value":"Пайдаланушыларға меншік мәндерін өңдеуге мүмкіндік беретін құралдар тақтасында батырмаларды көрсетіңіз."},{"id":null,"key":"CS_PropertyPoller_OnError","value":"Қате туралы"},{"id":null,"key":"CS_PropertyPoller_OnError_Help","value":"Сипатты сұрау кезінде қате пайда болған кезде жұмыстан шығарылды."},{"id":null,"key":"CS_PropertyPoller_OnResults","value":"On results"},{"id":null,"key":"CS_PropertyPoller_OnResults_Help","value":"Fired when results are received from a poll requests."},{"id":null,"key":"CS_PropertyPoller_OnStatus","value":"Меншік туралы ақпарат қайтарылды"},{"id":null,"key":"CS_PropertyPoller_OnStatus_Help","value":"Меншік туралы ақпарат алу үшін серверге сұрау салудан деректер қайтарылған кезде босатылды."},{"id":null,"key":"CS_Query_ExecuteOnChange","value":"Run search on change"},{"id":null,"key":"CS_Query_ExecuteOnChange_Help","value":"Runs the configured search when the view change event occurs in the component."},{"id":null,"key":"CS_Query_ExecuteOnView","value":"Execute search on view"},{"id":null,"key":"CS_Query_ExecuteOnView_Help","value":"Runs the configured search when the coach view event occurs in the component."},{"id":null,"key":"CS_Query_MaxResults","value":"Maximum results"},{"id":null,"key":"CS_Query_MaxResults_Help","value":"The maximum number of results to return from the query."},{"id":null,"key":"CS_Query_OnError","value":"On error"},{"id":null,"key":"CS_Query_OnError_Help","value":"Fired when an error occurs."},{"id":null,"key":"CS_Query_OnSearchResults","value":"On search results"},{"id":null,"key":"CS_Query_OnSearchResults_Help","value":"Fired when search results are returned from the server."},{"id":null,"key":"CS_Query_ResultProperties","value":"Result properties"},{"id":null,"key":"CS_Query_ResultProperties_Help","value":"Symbolic names of properties returned in the search results."},{"id":null,"key":"CS_Query_SearchValue","value":"Search values"},{"id":null,"key":"CS_Query_SearchValue_Help","value":"The values to search for."},{"id":null,"key":"CS_RepositoryId","value":"Репозиторий идентификаторы"},{"id":null,"key":"CS_RepositoryId_Help","value":"IBM Navigator бағдарламасынан репозиторий идентификаторы. Бұл мәнді құжаттарды қарау құралы қолданады."},{"id":null,"key":"CS_Save","value":"Save"},{"id":null,"key":"CS_SummaryCard_Details","value":"Details"},{"id":null,"key":"CS_SummaryCard_Details_Help","value":"Displayed in the details section of the summary card."},{"id":null,"key":"CS_SummaryCard_DisplayHelpIcon","value":"Display help icon"},{"id":null,"key":"CS_SummaryCard_DisplayHelpIcon_Help","value":"When checked, displays a help icon in the card."},{"id":null,"key":"CS_SummaryCard_HelpLearnMoreUrl","value":"Help learn more URL"},{"id":null,"key":"CS_SummaryCard_HelpLearnMoreUrl_Help","value":"A link to Learn More information. When set, a button is displayed in the help tooltip that when clicked, displays the page specified in the link."},{"id":null,"key":"CS_SummaryCard_HelpText","value":"Help text"},{"id":null,"key":"CS_SummaryCard_HelpText_Help","value":"Either a message ID or text that is displayed in a tooltip when the user clicks the help icon."},{"id":null,"key":"CS_SummaryCard_OnClick","value":"On click"},{"id":null,"key":"CS_SummaryCard_OnClick_Help","value":"Fired when the summary card is clicked."},{"id":null,"key":"CS_SummaryCard_Title","value":"Title"},{"id":null,"key":"CS_SummaryCard_Title_Help","value":"Displayed as the title of the summary card."},{"id":null,"key":"CS_Upload","value":"Upload"},{"id":null,"key":"CS_UploadContent_OnContentAdded","value":"Қосылған мазмұн бойынша"},{"id":null,"key":"CS_UploadContent_OnContentAdded_Help","value":"Мазмұн сәтті жүктелген кезде оқиға басталды."},{"id":null,"key":"CS_UploadContent_OnError","value":"Қате туралы"},{"id":null,"key":"CS_UploadContent_OnError_Help","value":"Мазмұнды жүктеу кезінде қате орын алғанда оқиға орын алды."},{"id":null,"key":"CS_UploadVersion_OnUploadVersion","value":"On upload version"},{"id":null,"key":"CS_UploadVersion_OnUploadVersionHelp","value":"An event that is fired when a new version of the document has been uploaded."},{"id":null,"key":"CS_Width","value":"Ені"}]}