{"2064.304ac881-16c3-47d2-97d5-6e4c4a893177":{"Services":[],"Action Flow":["1.4c0836a3-9a00-4cf5-bb21-ba483eeacc48","1.619262c8-142d-40e7-b00f-e4fbc1da6f3f","1.8d8b02fa-b239-4f3c-9296-20b1546985e5","1.8f51f5d9-84bb-4a9c-8e73-bb7df3b4b412","1.bacfbbb3-7c56-42d8-a721-0c141db51c9c","1.ef1ed168-6a53-4ca0-99a7-155e43503e6a","1.f07b958a-454c-49d8-a7f7-5c185cbc0264"],"Application Flow":[],"REST SERVICE":[]},"2064.e52cef8f-d34c-44b4-b191-732eada59020":{"Services":[],"Action Flow":["1.35923ac7-c12f-47ed-8070-717c7b99287c"],"Application Flow":[],"REST SERVICE":[],"Webasset":"T"},"2064.e15655f3-128d-4ded-b1f1-f49ed8083973":{"ActionRefs":{"1.2b16c93c-2ad3-41a4-b65d-cfceac21e1f6":["1.7fac8f02-fe33-44d7-81c4-24477b684552","1.65a68894-5f18-4b2b-b813-4cd1f66d97df","1.53231696-f249-4d1b-9c92-a421f1425f12"]},"EnvRefs":{"1.2b16c93c-2ad3-41a4-b65d-cfceac21e1f6":[]},"isToolkit":false,"description":"Application that allows clients to upload documents associated with their onboarding request","type":"app","version":"v1.6","Services":[{"asName":"Client_Onboarding_Workflows","asVersion":null,"swaggerModelRef":"6023.8cd69144-0c43-4b2d-a58a-b6d0de173c9a","asProject":"CO","id":"1.64deb3f6-e749-4452-8168-8ed519549037","type":"AS","asType":"workflow"}],"projectAcronym":"CODU","ApplicationDataPersistenceRefs":{"1.2b16c93c-2ad3-41a4-b65d-cfceac21e1f6":{"GetApplicationDataRefs":{"actionId":"1.7fac8f02-fe33-44d7-81c4-24477b684552","inputParamsId":"2055.bb94be13-b6bf-4653-8030-cdcfce425274","outputParamsId":"2055.343143da-76f3-4c09-8733-cf9ec9c58b2d"},"SetApplicationDataRefs":{"actionId":"1.65a68894-5f18-4b2b-b813-4cd1f66d97df","inputParamsId":"2055.9092177b-eb9a-4b43-880f-1bde5d2768af"},"DeleteApplicationDataRefs":{"actionId":"1.53231696-f249-4d1b-9c92-a421f1425f12","inputParamsId":"2055.e775eab7-528d-4e49-85d6-6d3e89f8badd"}}},"lastModified":"2024-01-04T16:33:44.933Z","Action Flow":[],"projectName":"Client Onboarding Document Upload","projectID":"2066.8c514247-14a0-4530-be9f-d178076fbee4","Application Flow":["1.2b16c93c-2ad3-41a4-b65d-cfceac21e1f6"],"snapshotAcronym":"V1.6","Coach":"T","Webasset":"T"},"2064.1080ded6-d153-4654-947c-2d16fce170db":{"Services":[],"Action Flow":["1.65a68894-5f18-4b2b-b813-4cd1f66d97df","1.7fac8f02-fe33-44d7-81c4-24477b684552","1.53231696-f249-4d1b-9c92-a421f1425f12"],"Application Flow":[],"REST SERVICE":[]}}