{"data":{"boModels":{"12.19bff93c-8a9d-4b7a-a027-61b15d95a5f4":"{\"attributeFormDefault\":\"unqualified\",\"elementFormDefault\":\"unqualified\",\"targetNamespace\":\"http:\\/\\/COWE\",\"complexType\":[{\"annotation\":{\"documentation\":[{}],\"appinfo\":[{\"shared\":[false],\"shadow\":[false]}]},\"sequence\":{\"element\":[{\"annotation\":{\"documentation\":[{}],\"appinfo\":[{\"propertyName\":[\"defaultedPayment\"],\"propertyRequired\":[false],\"propertyHidden\":[false]}]},\"name\":\"defaultedPayment\",\"type\":\"{http:\\/\\/lombardi.ibm.com\\/schema\\/}Boolean\",\"otherAttributes\":{\"{http:\\/\\/www.ibm.com\\/bpmsdk}refid\":\"12.83ff975e-8dbc-42e5-b738-fa8bc08274a2\"}},{\"annotation\":{\"documentation\":[{}],\"appinfo\":[{\"propertyName\":[\"companyAge\"],\"propertyRequired\":[false],\"propertyHidden\":[false]}]},\"name\":\"companyAge\",\"type\":\"{http:\\/\\/lombardi.ibm.com\\/schema\\/}Integer\",\"otherAttributes\":{\"{http:\\/\\/www.ibm.com\\/bpmsdk}refid\":\"12.3fa0d7a0-828a-4d60-99cc-db5ed143fc2d\"}},{\"annotation\":{\"documentation\":[{}],\"appinfo\":[{\"propertyName\":[\"annualRevenue\"],\"propertyRequired\":[false],\"propertyHidden\":[false]}]},\"name\":\"annualRevenue\",\"type\":\"{http:\\/\\/lombardi.ibm.com\\/schema\\/}Integer\",\"otherAttributes\":{\"{http:\\/\\/www.ibm.com\\/bpmsdk}refid\":\"12.3fa0d7a0-828a-4d60-99cc-db5ed143fc2d\"}},{\"annotation\":{\"documentation\":[{}],\"appinfo\":[{\"propertyName\":[\"numberOfEmployees\"],\"propertyRequired\":[false],\"propertyHidden\":[false]}]},\"name\":\"numberOfEmployees\",\"type\":\"{http:\\/\\/lombardi.ibm.com\\/schema\\/}Integer\",\"otherAttributes\":{\"{http:\\/\\/www.ibm.com\\/bpmsdk}refid\":\"12.3fa0d7a0-828a-4d60-99cc-db5ed143fc2d\"}}]},\"name\":\"ClientInformation\"}],\"id\":\"_12.19bff93c-8a9d-4b7a-a027-61b15d95a5f4\"}","2055.2e5c6d0c-681f-4714-9cc0-76b1f1ca8a5b":"12.db884a3c-c533-44b7-bb2d-47bec8ad4022","2055.8d7fd140-e5d7-49f3-a577-c7ad67edff37":"12.3fa0d7a0-828a-4d60-99cc-db5ed143fc2d","12.a8e944dc-d471-42fe-b3f7-15f55ad61d28":"{\"simpleType\":[{\"annotation\":{\"documentation\":[{}]},\"name\":\"DocumentStatus\",\"restriction\":{\"annotation\":{\"appinfo\":[{\"simpleBaseType\":[\"Selection\"]}]},\"enumeration\":[{\"annotation\":{\"appinfo\":[{\"displayName\":[\"Pending\"]}]},\"value\":\"Pending\"},{\"annotation\":{\"appinfo\":[{\"displayName\":[\"Verified\"]}]},\"value\":\"Verified\"},{\"annotation\":{\"appinfo\":[{\"displayName\":[\"Not Required\"]}]},\"value\":\"Not Required\"}],\"base\":\"{http:\\/\\/www.w3.org\\/2001\\/XMLSchema}string\"}}],\"attributeFormDefault\":\"unqualified\",\"elementFormDefault\":\"unqualified\",\"targetNamespace\":\"http:\\/\\/COWE\",\"id\":\"_12.a8e944dc-d471-42fe-b3f7-15f55ad61d28\"}","12.dc756a8d-52ed-4f49-9072-05ba01d62e57":"{\"attributeFormDefault\":\"unqualified\",\"elementFormDefault\":\"unqualified\",\"targetNamespace\":\"http:\\/\\/COWE\",\"complexType\":[{\"annotation\":{\"documentation\":[{}],\"appinfo\":[{\"shared\":[false],\"shadow\":[false]}]},\"sequence\":{\"element\":[{\"annotation\":{\"documentation\":[{}],\"appinfo\":[{\"propertyName\":[\"firstName\"],\"propertyRequired\":[false],\"propertyHidden\":[false]}]},\"name\":\"firstName\",\"type\":\"{http:\\/\\/lombardi.ibm.com\\/schema\\/}String\",\"otherAttributes\":{\"{http:\\/\\/www.ibm.com\\/bpmsdk}refid\":\"12.db884a3c-c533-44b7-bb2d-47bec8ad4022\"}},{\"annotation\":{\"documentation\":[{}],\"appinfo\":[{\"propertyName\":[\"lastName\"],\"propertyRequired\":[false],\"propertyHidden\":[false]}]},\"name\":\"lastName\",\"type\":\"{http:\\/\\/lombardi.ibm.com\\/schema\\/}String\",\"otherAttributes\":{\"{http:\\/\\/www.ibm.com\\/bpmsdk}refid\":\"12.db884a3c-c533-44b7-bb2d-47bec8ad4022\"}},{\"annotation\":{\"documentation\":[{}],\"appinfo\":[{\"propertyName\":[\"phoneNumber\"],\"propertyRequired\":[false],\"propertyHidden\":[false]}]},\"name\":\"phoneNumber\",\"type\":\"{http:\\/\\/lombardi.ibm.com\\/schema\\/}String\",\"otherAttributes\":{\"{http:\\/\\/www.ibm.com\\/bpmsdk}refid\":\"12.db884a3c-c533-44b7-bb2d-47bec8ad4022\"}},{\"annotation\":{\"documentation\":[{}],\"appinfo\":[{\"propertyName\":[\"email\"],\"propertyRequired\":[false],\"propertyHidden\":[false]}]},\"name\":\"email\",\"type\":\"{http:\\/\\/lombardi.ibm.com\\/schema\\/}String\",\"otherAttributes\":{\"{http:\\/\\/www.ibm.com\\/bpmsdk}refid\":\"12.db884a3c-c533-44b7-bb2d-47bec8ad4022\"}}]},\"name\":\"PrimaryContact\"}],\"id\":\"_12.dc756a8d-52ed-4f49-9072-05ba01d62e57\"}","2055.2201504e-6899-44fa-9064-60916588d276":"12.db884a3c-c533-44b7-bb2d-47bec8ad4022","2055.c6f2233a-4614-43b1-bca3-be5d4eda0fd9":"12.db884a3c-c533-44b7-bb2d-47bec8ad4022","12.52114e1e-125b-415d-a8e6-9898e91e0f84":"{\"attributeFormDefault\":\"unqualified\",\"elementFormDefault\":\"unqualified\",\"targetNamespace\":\"http:\\/\\/COWE\",\"complexType\":[{\"annotation\":{\"documentation\":[{}],\"appinfo\":[{\"shared\":[false],\"shadow\":[false]}]},\"sequence\":{\"element\":[{\"annotation\":{\"documentation\":[{}],\"appinfo\":[{\"propertyName\":[\"additionalInformation\"],\"propertyRequired\":[false],\"propertyHidden\":[false]}]},\"name\":\"additionalInformation\",\"type\":\"{http:\\/\\/COWE}ClientInformation\",\"otherAttributes\":{\"{http:\\/\\/www.ibm.com\\/bpmsdk}refid\":\"12.19bff93c-8a9d-4b7a-a027-61b15d95a5f4\"}},{\"annotation\":{\"documentation\":[{}],\"appinfo\":[{\"propertyName\":[\"address\"],\"propertyRequired\":[false],\"propertyHidden\":[false]}]},\"name\":\"address\",\"type\":\"{http:\\/\\/COWE}Address\",\"otherAttributes\":{\"{http:\\/\\/www.ibm.com\\/bpmsdk}refid\":\"12.87582555-590f-426b-b31e-3004a66597d0\"}},{\"annotation\":{\"documentation\":[{}],\"appinfo\":[{\"propertyName\":[\"primaryContact\"],\"propertyRequired\":[false],\"propertyHidden\":[false]}]},\"name\":\"primaryContact\",\"type\":\"{http:\\/\\/COWE}PrimaryContact\",\"otherAttributes\":{\"{http:\\/\\/www.ibm.com\\/bpmsdk}refid\":\"12.dc756a8d-52ed-4f49-9072-05ba01d62e57\"}},{\"annotation\":{\"documentation\":[{}],\"appinfo\":[{\"propertyName\":[\"name\"],\"propertyRequired\":[false],\"propertyHidden\":[false]}]},\"name\":\"name\",\"type\":\"{http:\\/\\/lombardi.ibm.com\\/schema\\/}String\",\"otherAttributes\":{\"{http:\\/\\/www.ibm.com\\/bpmsdk}refid\":\"12.db884a3c-c533-44b7-bb2d-47bec8ad4022\"}}]},\"name\":\"Client\"}],\"id\":\"_12.52114e1e-125b-415d-a8e6-9898e91e0f84\"}","12.83ff975e-8dbc-42e5-b738-fa8bc08274a2":"{\"simpleType\":[{\"annotation\":{\"documentation\":[{\"content\":[\"Boolean Type\"]}],\"appinfo\":[{\"simpleErrorMessage\":[\"Please enter 'true' or 'false'\"]}]},\"name\":\"Boolean\",\"restriction\":{\"annotation\":{\"appinfo\":[{\"simpleBaseType\":[\"Boolean\"]}]},\"base\":\"{http:\\/\\/www.w3.org\\/2001\\/XMLSchema}boolean\"}}],\"attributeFormDefault\":\"unqualified\",\"elementFormDefault\":\"unqualified\",\"targetNamespace\":\"http:\\/\\/COWE\",\"id\":\"_12.83ff975e-8dbc-42e5-b738-fa8bc08274a2\"}","2055.8e51f3d1-8392-4e5f-980b-55e07a7e1e34":"12.52114e1e-125b-415d-a8e6-9898e91e0f84","12.2d922d03-b98e-46fc-b168-99c13f0e528e":"{\"attributeFormDefault\":\"unqualified\",\"elementFormDefault\":\"unqualified\",\"targetNamespace\":\"http:\\/\\/COWE\",\"complexType\":[{\"annotation\":{\"documentation\":[{}],\"appinfo\":[{\"shared\":[false],\"shadow\":[false]}]},\"sequence\":{\"element\":[{\"annotation\":{\"documentation\":[{}],\"appinfo\":[{\"propertyName\":[\"documentStatus\"],\"propertyRequired\":[false],\"propertyHidden\":[false]}]},\"name\":\"documentStatus\",\"type\":\"{http:\\/\\/COWE}DocumentStatus\",\"otherAttributes\":{\"{http:\\/\\/www.ibm.com\\/bpmsdk}refid\":\"12.a8e944dc-d471-42fe-b3f7-15f55ad61d28\"}},{\"annotation\":{\"documentation\":[{}],\"appinfo\":[{\"propertyName\":[\"documentName\"],\"propertyRequired\":[false],\"propertyHidden\":[false]}]},\"name\":\"documentName\",\"type\":\"{http:\\/\\/COWE}SupportingDocument\",\"otherAttributes\":{\"{http:\\/\\/www.ibm.com\\/bpmsdk}refid\":\"12.bfa86ef0-e80f-4315-8e42-7a6873f07e30\"}}]},\"name\":\"DocumentReview\"}],\"id\":\"_12.2d922d03-b98e-46fc-b168-99c13f0e528e\"}","2055.46887625-3c84-4100-bf35-1f95c8da19b2":"12.db884a3c-c533-44b7-bb2d-47bec8ad4022","12.3fa0d7a0-828a-4d60-99cc-db5ed143fc2d":"{\"simpleType\":[{\"annotation\":{\"documentation\":[{\"content\":[\"Integer Type\"]}],\"appinfo\":[{\"simpleErrorMessage\":[\"Please enter a number without a decimal point\"]}]},\"name\":\"Integer\",\"restriction\":{\"annotation\":{\"appinfo\":[{\"simpleBaseType\":[\"Integer\"]}]},\"base\":\"{http:\\/\\/www.w3.org\\/2001\\/XMLSchema}int\"}}],\"attributeFormDefault\":\"unqualified\",\"elementFormDefault\":\"unqualified\",\"targetNamespace\":\"http:\\/\\/COWE\",\"id\":\"_12.3fa0d7a0-828a-4d60-99cc-db5ed143fc2d\"}","12.87582555-590f-426b-b31e-3004a66597d0":"{\"attributeFormDefault\":\"unqualified\",\"elementFormDefault\":\"unqualified\",\"targetNamespace\":\"http:\\/\\/COWE\",\"complexType\":[{\"annotation\":{\"documentation\":[{}],\"appinfo\":[{\"shared\":[false],\"shadow\":[false]}]},\"sequence\":{\"element\":[{\"annotation\":{\"documentation\":[{}],\"appinfo\":[{\"propertyName\":[\"zipCode\"],\"propertyRequired\":[false],\"propertyHidden\":[false]}]},\"name\":\"zipCode\",\"type\":\"{http:\\/\\/lombardi.ibm.com\\/schema\\/}String\",\"otherAttributes\":{\"{http:\\/\\/www.ibm.com\\/bpmsdk}refid\":\"12.db884a3c-c533-44b7-bb2d-47bec8ad4022\"}},{\"annotation\":{\"documentation\":[{}],\"appinfo\":[{\"propertyName\":[\"country\"],\"propertyRequired\":[false],\"propertyHidden\":[false]}]},\"name\":\"country\",\"type\":\"{http:\\/\\/lombardi.ibm.com\\/schema\\/}String\",\"otherAttributes\":{\"{http:\\/\\/www.ibm.com\\/bpmsdk}refid\":\"12.db884a3c-c533-44b7-bb2d-47bec8ad4022\"}},{\"annotation\":{\"documentation\":[{}],\"appinfo\":[{\"propertyName\":[\"unit\"],\"propertyRequired\":[false],\"propertyHidden\":[false]}]},\"name\":\"unit\",\"type\":\"{http:\\/\\/lombardi.ibm.com\\/schema\\/}String\",\"otherAttributes\":{\"{http:\\/\\/www.ibm.com\\/bpmsdk}refid\":\"12.db884a3c-c533-44b7-bb2d-47bec8ad4022\"}},{\"annotation\":{\"documentation\":[{}],\"appinfo\":[{\"propertyName\":[\"city\"],\"propertyRequired\":[false],\"propertyHidden\":[false]}]},\"name\":\"city\",\"type\":\"{http:\\/\\/lombardi.ibm.com\\/schema\\/}String\",\"otherAttributes\":{\"{http:\\/\\/www.ibm.com\\/bpmsdk}refid\":\"12.db884a3c-c533-44b7-bb2d-47bec8ad4022\"}},{\"annotation\":{\"documentation\":[{}],\"appinfo\":[{\"propertyName\":[\"street\"],\"propertyRequired\":[false],\"propertyHidden\":[false]}]},\"name\":\"street\",\"type\":\"{http:\\/\\/lombardi.ibm.com\\/schema\\/}String\",\"otherAttributes\":{\"{http:\\/\\/www.ibm.com\\/bpmsdk}refid\":\"12.db884a3c-c533-44b7-bb2d-47bec8ad4022\"}},{\"annotation\":{\"documentation\":[{}],\"appinfo\":[{\"propertyName\":[\"state\"],\"propertyRequired\":[false],\"propertyHidden\":[false]}]},\"name\":\"state\",\"type\":\"{http:\\/\\/lombardi.ibm.com\\/schema\\/}String\",\"otherAttributes\":{\"{http:\\/\\/www.ibm.com\\/bpmsdk}refid\":\"12.db884a3c-c533-44b7-bb2d-47bec8ad4022\"}}]},\"name\":\"Address\"}],\"id\":\"_12.87582555-590f-426b-b31e-3004a66597d0\"}","12.db884a3c-c533-44b7-bb2d-47bec8ad4022":"{\"simpleType\":[{\"annotation\":{\"documentation\":[{\"content\":[\"String Type\"]}],\"appinfo\":[{\"simpleErrorMessage\":[\"Please enter a character string\"]}]},\"name\":\"String\",\"restriction\":{\"annotation\":{\"appinfo\":[{\"stringLengthType\":[\"0\"],\"simpleBaseType\":[\"String\"]}]},\"base\":\"{http:\\/\\/www.w3.org\\/2001\\/XMLSchema}string\"}}],\"attributeFormDefault\":\"unqualified\",\"elementFormDefault\":\"unqualified\",\"targetNamespace\":\"http:\\/\\/COWE\",\"id\":\"_12.db884a3c-c533-44b7-bb2d-47bec8ad4022\"}","12.bfa86ef0-e80f-4315-8e42-7a6873f07e30":"{\"simpleType\":[{\"annotation\":{\"documentation\":[{}]},\"name\":\"SupportingDocument\",\"restriction\":{\"annotation\":{\"appinfo\":[{\"simpleBaseType\":[\"Selection\"]}]},\"enumeration\":[{\"annotation\":{\"appinfo\":[{\"displayName\":[\"Banking Information\"]}]},\"value\":\"Banking Information\"},{\"annotation\":{\"appinfo\":[{\"displayName\":[\"Certificate of Incorporation\"]}]},\"value\":\"Certificate of Incorporation\"},{\"annotation\":{\"appinfo\":[{\"displayName\":[\"Primary Contact ID\"]}]},\"value\":\"Primary Contact ID\"}],\"base\":\"{http:\\/\\/www.w3.org\\/2001\\/XMLSchema}string\"}}],\"attributeFormDefault\":\"unqualified\",\"elementFormDefault\":\"unqualified\",\"targetNamespace\":\"http:\\/\\/COWE\",\"id\":\"_12.bfa86ef0-e80f-4315-8e42-7a6873f07e30\"}","2055.9a9f5a37-a168-41f7-9222-3add5cdaac7e":"12.2d922d03-b98e-46fc-b168-99c13f0e528e","2055.a77d46c4-c5ce-44bc-8b72-d3fec38efc38":"12.db884a3c-c533-44b7-bb2d-47bec8ad4022"},"metadata":{"paId":"2066.0ab3dfdf-a0a9-42d8-8eb4-eb769f2ea235","paShortName":"COWE","snapshotId":"2064.ecd9e4f4-e659-41fa-a3a6-b62b241f98f4","snapshotName":"v1.0","name":"Client_Onboarding_Workflows_External"},"defaults":{"entry":[{"type":"S","value":""},{"type":"B","value":false},{"type":"I","value":0},{"type":"D","value":0.0},{"type":"DT","value":null},{"type":"DT","value":null}]},"templates":{"variableTemplates":[{"modelId":"1.fa06e808-0601-487a-a71f-67a0d07b27b1","parentId":"1.fa06e808-0601-487a-a71f-67a0d07b27b1","variableTemplate":[{"id":"2055.8e51f3d1-8392-4e5f-980b-55e07a7e1e34","name":"client","boTemplateName":"Cli"},{"id":"2055.9a9f5a37-a168-41f7-9222-3add5cdaac7e","name":"reviewedDocuments","boTemplateName":"Doc"},{"id":"2055.46887625-3c84-4100-bf35-1f95c8da19b2","name":"industry","boTemplateName":"S"},{"id":"2055.2e5c6d0c-681f-4714-9cc0-76b1f1ca8a5b","name":"servicesRequested","boTemplateName":"S"},{"id":"2055.8d7fd140-e5d7-49f3-a577-c7ad67edff37","name":"servicesFee","boTemplateName":"I"},{"id":"2055.2201504e-6899-44fa-9064-60916588d276","name":"selectedDocumentIDs","boTemplateName":"S"},{"id":"2055.a77d46c4-c5ce-44bc-8b72-d3fec38efc38","name":"referenceID","boTemplateName":"S"},{"id":"2055.c6f2233a-4614-43b1-bca3-be5d4eda0fd9","name":"userID","boTemplateName":"S"}]},{"modelId":"1.1cb3f8fe-9c24-4c1c-b063-90a47804ba83","parentId":"1.1cb3f8fe-9c24-4c1c-b063-90a47804ba83","variableTemplate":[{"id":"2055.0ce848c8-3965-4ec6-88d0-629a9e8609be","name":"processApp","boTemplateName":"S"},{"id":"2055.87565e58-4f13-40ad-8e99-da8d5f8eab3c","name":"processAppID","boTemplateName":"S"},{"id":"2055.9cd70e81-50e9-46ad-8c22-d580a17571fb","name":"processID","boTemplateName":"S"},{"id":"2055.c9e74fed-0b77-4486-8b48-59d37c2050b8","name":"snapshotID","boTemplateName":"S"},{"id":"2055.9b71db0c-b378-4986-89f2-42435760ebdb","name":"branchID","boTemplateName":"S"},{"id":"2055.ac7256e6-72af-4b88-8fef-c9e2dc783902","name":"inputParameters","boTemplateName":"A"},{"id":"2055.7773ba65-0225-46c5-8c04-673278536f2c","name":"success","boTemplateName":"B"},{"id":"2055.14f99ee4-be6d-4505-8d0d-3a0f3c063a5e","name":"responseMessage","boTemplateName":"S"}]}],"boTemplate":[{"id":"12.52114e1e-125b-415d-a8e6-9898e91e0f84","name":"Cli","property":[{"name":"additionalInformation","type":"Cli1","isList":false},{"name":"address","type":"Add","isList":false},{"name":"primaryContact","type":"Pri","isList":false},{"name":"name","type":"S","isList":false}]},{"id":"12.19bff93c-8a9d-4b7a-a027-61b15d95a5f4","name":"Cli1","property":[{"name":"defaultedPayment","type":"B","isList":false},{"name":"companyAge","type":"I","isList":false},{"name":"annualRevenue","type":"I","isList":false},{"name":"numberOfEmployees","type":"I","isList":false}]},{"id":"12.87582555-590f-426b-b31e-3004a66597d0","name":"Add","property":[{"name":"zipCode","type":"S","isList":false},{"name":"country","type":"S","isList":false},{"name":"unit","type":"S","isList":false},{"name":"city","type":"S","isList":false},{"name":"street","type":"S","isList":false},{"name":"state","type":"S","isList":false}]},{"id":"12.dc756a8d-52ed-4f49-9072-05ba01d62e57","name":"Pri","property":[{"name":"firstName","type":"S","isList":false},{"name":"lastName","type":"S","isList":false},{"name":"phoneNumber","type":"S","isList":false},{"name":"email","type":"S","isList":false}]},{"id":"12.2d922d03-b98e-46fc-b168-99c13f0e528e","name":"Doc","property":[{"name":"documentStatus","type":"S","isList":false},{"name":"documentName","type":"S","isList":false}]}]},"model":{"rootElement":[{"extensionElements":{"userTaskImplementation":[{"flowElement":[{"parallelMultiple":false,"outgoing":["2027.74de6232-413c-4e45-9757-9dc3d082a88d"],"isInterrupting":true,"extensionElements":{"nodeVisualInfo":[{"color":"#F8F8F8","width":24,"x":50,"y":200,"declaredType":"TNodeVisualInfo","height":24}]},"name":"Start","declaredType":"startEvent","id":"748de61b-4f49-46c8-a0f2-9dd82b5164c7"},{"incoming":["2027.ecea3777-7ba0-4b6e-9d1e-08e534372ff6"],"extensionElements":{"nodeVisualInfo":[{"color":"#F8F8F8","width":24,"x":700,"y":200,"declaredType":"TNodeVisualInfo","height":24}],"navigationInstructions":[{"targetType":"Default","declaredType":"com.ibm.bpmsdk.model.bpmn20.ibmext.TNavigationInstructions"}]},"name":"End","declaredType":"endEvent","id":"ef47d0bd-54af-48fd-aef3-1f4554038058"},{"startQuantity":1,"outgoing":["2027.ecea3777-7ba0-4b6e-9d1e-08e534372ff6"],"incoming":["2027.74de6232-413c-4e45-9757-9dc3d082a88d"],"default":"2027.ecea3777-7ba0-4b6e-9d1e-08e534372ff6","extensionElements":{"nodeVisualInfo":[{"width":95,"x":330,"y":177,"declaredType":"TNodeVisualInfo","height":70}],"activityType":["CalledProcess"]},"name":"Nested Action","dataInputAssociation":[{"targetRef":"2055.0ce848c8-3965-4ec6-88d0-629a9e8609be","assignment":[{"from":{"evaluatesToTypeRef":"itm.12.d34bed30-8320-40b1-a92c-e5f6e411c52e","declaredType":"TFormalExpression","content":["\"REMOTE_SERVICES_SERVER\""]}}]},{"targetRef":"2055.87565e58-4f13-40ad-8e99-da8d5f8eab3c","assignment":[{"from":{"evaluatesToTypeRef":"itm.12.db884a3c-c533-44b7-bb2d-47bec8ad4022","declaredType":"TFormalExpression","content":["\"2066.07806c00-d241-4232-8d80-cb23b748caf5\""]}}]},{"targetRef":"2055.9cd70e81-50e9-46ad-8c22-d580a17571fb","assignment":[{"from":{"evaluatesToTypeRef":"itm.12.db884a3c-c533-44b7-bb2d-47bec8ad4022","declaredType":"TFormalExpression","content":["\"25.1e51c45b-b136-4d30-87af-77c2d6323cea\""]}}]},{"targetRef":"2055.ac7256e6-72af-4b88-8fef-c9e2dc783902","assignment":[{"from":{"evaluatesToTypeRef":"itm.12.c09c9b6e-aabd-4897-bef2-ed61db106297","declaredType":"TFormalExpression","content":["{\"client\" : tw.local.client, \"reviewedDocuments\" : tw.local.reviewedDocuments, \"industry\" : tw.local.industry, \"servicesRequested\" : tw.local.servicesRequested, \"servicesFee\" : tw.local.servicesFee, \"selectedDocumentIDs\" : tw.local.selectedDocumentIDs, \"referenceID\" : tw.local.referenceID, \"userID\" : tw.local.userID}"]}}]}],"isForCompensation":false,"completionQuantity":1,"declaredType":"callActivity","id":"2025.2b08fd56-7689-4aa1-b17a-5bf5682850b0","calledElement":"1.1cb3f8fe-9c24-4c1c-b063-90a47804ba83"},{"targetRef":"2025.2b08fd56-7689-4aa1-b17a-5bf5682850b0","extensionElements":{"linkVisualInfo":[{"sourcePortLocation":"rightCenter","showCoachControlLabel":false,"labelPosition":0.0,"targetPortLocation":"leftCenter","declaredType":"TLinkVisualInfo","saveExecutionContext":false,"showLabel":false}]},"name":"Start to Nested Action","declaredType":"sequenceFlow","id":"2027.74de6232-413c-4e45-9757-9dc3d082a88d","sourceRef":"748de61b-4f49-46c8-a0f2-9dd82b5164c7"},{"targetRef":"ef47d0bd-54af-48fd-aef3-1f4554038058","extensionElements":{"sequenceFlowImplementation":[{"fireValidation":"Never","sboSyncEnabled":true,"declaredType":"com.ibm.bpmsdk.model.bpmn20.ibmext.TSequenceFlowImplementation"}],"linkVisualInfo":[{"sourcePortLocation":"rightCenter","showCoachControlLabel":false,"labelPosition":0.0,"targetPortLocation":"leftCenter","declaredType":"TLinkVisualInfo","saveExecutionContext":false,"showLabel":false}]},"name":"Nested Action to End","declaredType":"sequenceFlow","id":"2027.ecea3777-7ba0-4b6e-9d1e-08e534372ff6","sourceRef":"2025.2b08fd56-7689-4aa1-b17a-5bf5682850b0"}],"isClosed":false,"declaredType":"com.ibm.bpmsdk.model.bpmn20.ibmext.TUserTaskImplementation","id":"3f6d659e-c4e0-474b-8493-a1e17f03e455","processType":"None"}]},"implementation":"##unspecified","documentation":[{"content":["Process that starts a new Client Onboarding Request Case"],"textFormat":"text/plain"}],"name":"call New Client Onboarding Request","declaredType":"globalUserTask","id":"1.fa06e808-0601-487a-a71f-67a0d07b27b1","ioSpecification":{"inputSet":[{"id":"_e19a6da2-7822-4eea-b298-e781f05c9e1d"}],"outputSet":[{"id":"_94b99ff5-7042-45a0-8079-5e530c903f01"}],"dataInput":[{"itemSubjectRef":"itm.12.52114e1e-125b-415d-a8e6-9898e91e0f84","name":"client","isCollection":false,"id":"2055.8e51f3d1-8392-4e5f-980b-55e07a7e1e34"},{"itemSubjectRef":"itm.12.2d922d03-b98e-46fc-b168-99c13f0e528e","name":"reviewedDocuments","isCollection":true,"id":"2055.9a9f5a37-a168-41f7-9222-3add5cdaac7e"},{"itemSubjectRef":"itm.12.db884a3c-c533-44b7-bb2d-47bec8ad4022","name":"industry","isCollection":false,"id":"2055.46887625-3c84-4100-bf35-1f95c8da19b2"},{"itemSubjectRef":"itm.12.db884a3c-c533-44b7-bb2d-47bec8ad4022","name":"servicesRequested","isCollection":true,"id":"2055.2e5c6d0c-681f-4714-9cc0-76b1f1ca8a5b"},{"itemSubjectRef":"itm.12.3fa0d7a0-828a-4d60-99cc-db5ed143fc2d","name":"servicesFee","isCollection":false,"id":"2055.8d7fd140-e5d7-49f3-a577-c7ad67edff37"},{"itemSubjectRef":"itm.12.db884a3c-c533-44b7-bb2d-47bec8ad4022","name":"selectedDocumentIDs","isCollection":true,"id":"2055.2201504e-6899-44fa-9064-60916588d276"},{"itemSubjectRef":"itm.12.db884a3c-c533-44b7-bb2d-47bec8ad4022","name":"referenceID","isCollection":false,"id":"2055.a77d46c4-c5ce-44bc-8b72-d3fec38efc38"},{"itemSubjectRef":"itm.12.db884a3c-c533-44b7-bb2d-47bec8ad4022","name":"userID","isCollection":false,"id":"2055.c6f2233a-4614-43b1-bca3-be5d4eda0fd9"}]}},{"extensionElements":{"userTaskImplementation":[{"flowElement":[{"parallelMultiple":false,"outgoing":["2027.6cfdff0f-90f4-43a1-8dd0-8ea3d3fb59dd"],"isInterrupting":true,"extensionElements":{"default":["2027.6cfdff0f-90f4-43a1-8dd0-8ea3d3fb59dd"],"nodeVisualInfo":[{"color":"#F8F8F8","width":24,"x":50,"y":200,"declaredType":"TNodeVisualInfo","height":24}]},"name":"Start","declaredType":"startEvent","id":"756cc19e-cd12-43d2-8f1a-d5ae69909397"},{"incoming":["2027.091f52ee-ca34-4c21-898f-68158992e314"],"extensionElements":{"nodeVisualInfo":[{"color":"#F8F8F8","width":24,"x":700,"y":200,"declaredType":"TNodeVisualInfo","height":24}],"navigationInstructions":[{"targetType":"Default","declaredType":"com.ibm.bpmsdk.model.bpmn20.ibmext.TNavigationInstructions"}]},"name":"End","declaredType":"endEvent","id":"d67ad1a1-8f4e-4a61-8aac-e92746a9e406"},{"startQuantity":1,"outgoing":["2027.091f52ee-ca34-4c21-898f-68158992e314"],"incoming":["2027.6cfdff0f-90f4-43a1-8dd0-8ea3d3fb59dd"],"default":"2027.091f52ee-ca34-4c21-898f-68158992e314","extensionElements":{"nodeVisualInfo":[{"width":95,"x":330,"y":177,"declaredType":"TNodeVisualInfo","height":70}]},"name":"Start Process Script","isForCompensation":false,"completionQuantity":1,"declaredType":"scriptTask","id":"2025.7e533c30-2d86-478b-8173-16058ea2cbe4","scriptFormat":"text/x-javascript","script":{"content":["/*\r\nLicensed Materials - Property of IBM\r\n5737-H41\r\n(C) Copyright IBM Corporation 2019-2020. All Rights Reserved.\r\nUS Government Users Restricted Rights- Use, duplication or disclosure\r\nrestricted by GSA ADP Schedule Contract with IBM Corp.\r\n*/\r\n\r\nconsole.log(\"****BEGIN START PROCESS****\");\r\n\r\ntw.system.waitForContinueFlow();\r\n\r\nvar name = tw.local.processApp;\r\nvar processAppId = tw.env[name].key ? tw.env[name].key : tw.local.processAppID;\r\nvar bpdId = tw.local.processID;\r\nvar params = tw.local.inputParameters;\r\n\r\nvar snapshotID = tw.local.snapshotID;\r\nvar branchID = tw.local.branchID;\r\n\r\nvar payloadObj = {};\r\n\r\npayloadObj.action = \"start\";\r\npayloadObj.bpdId = bpdId;\r\npayloadObj.processAppId = processAppId;\r\npayloadObj.parts = \"header|excludeTaskData|excludeDocs\";\r\npayloadObj.params = JSON.stringify(params);\r\n\r\nif (snapshotID && snapshotID != \"\") { payloadObj.snapshotId = snapshotID; }\r\nif (branchID && branchID != \"\") { payloadObj.branchId = branchID; }\r\n\r\n\r\nvar options = {\r\n      ctxRoot: \"/rest/bpm/wle\",\r\n     \tpath: \"/v1/process\",\r\n\tmethod: \"POST\",\r\n\theaders: {\r\n\t\t\"Content-Type\": \"application/x-www-form-urlencoded\",\r\n\t\t\"Accept\": \"application/json\"\r\n\t},\r\n\tpayload: payloadObj\r\n};\r\n\r\n\r\nconsole.log(\"****CALLING performRequest****\");\r\n\r\ntw.system.waitForContinueFlow();\r\n\r\ntw.system.performRequest(name, options, function(data, metadata) {\r\n      processConnection(data, metadata);  \r\n\t// Signal to engine that flow can continue past this Script‌\r\n\ttw.system.continueFlow();\r\n}, function (err) {\r\n        tw.local.responseMessage = \"Error occured : \" + JSON.stringify(err);\r\n        tw.system.continueFlow();\r\n});\r\n\r\nfunction processConnection (data, metadata) {\r\n    console.log(\"performRequest completed: \", data);\r\n    \r\n    if (data && data.status && data.status==\"error\") {\r\n        tw.local.success = false;\r\n        tw.local.responseMessage = JSON.stringify(data) + \" \" + metadata ? JSON.stringify(metadata) : \"\";\r\n    } else if (metadata && metadata.statusCode!=\"200\") {\r\n        tw.local.responseMessage = data ? JSON.stringify(data) : JSON.stringify(metadata);\r\n    } else {\r\n        tw.local.success = true;\r\n        tw.local.responseMessage = \"Connection Successful : \" + JSON.stringify(data);\r\n    }\r\n}"]}},{"targetRef":"2025.7e533c30-2d86-478b-8173-16058ea2cbe4","extensionElements":{"linkVisualInfo":[{"sourcePortLocation":"rightCenter","showCoachControlLabel":false,"labelPosition":0.0,"targetPortLocation":"leftCenter","declaredType":"TLinkVisualInfo","saveExecutionContext":false,"showLabel":false}]},"name":"To Start Process Script","declaredType":"sequenceFlow","id":"2027.6cfdff0f-90f4-43a1-8dd0-8ea3d3fb59dd","sourceRef":"756cc19e-cd12-43d2-8f1a-d5ae69909397"},{"targetRef":"d67ad1a1-8f4e-4a61-8aac-e92746a9e406","extensionElements":{"sequenceFlowImplementation":[{"fireValidation":"Never","sboSyncEnabled":true,"declaredType":"com.ibm.bpmsdk.model.bpmn20.ibmext.TSequenceFlowImplementation"}],"linkVisualInfo":[{"sourcePortLocation":"rightCenter","showCoachControlLabel":false,"labelPosition":0.0,"targetPortLocation":"leftCenter","declaredType":"TLinkVisualInfo","saveExecutionContext":true,"showLabel":false}]},"name":"To End","declaredType":"sequenceFlow","id":"2027.091f52ee-ca34-4c21-898f-68158992e314","sourceRef":"2025.7e533c30-2d86-478b-8173-16058ea2cbe4"}],"isClosed":false,"declaredType":"com.ibm.bpmsdk.model.bpmn20.ibmext.TUserTaskImplementation","id":"7a16df3b-2224-47b3-8b76-0366515ced30","processType":"None"}]},"implementation":"##unspecified","documentation":[{"textFormat":"text/plain"}],"name":"Start Process","declaredType":"globalUserTask","id":"1.1cb3f8fe-9c24-4c1c-b063-90a47804ba83","otherAttributes":{"snapshotID":"2064.54630fdc-d36d-4356-80ee-ea57de0d7a32"},"ioSpecification":{"dataOutput":[{"itemSubjectRef":"itm.12.83ff975e-8dbc-42e5-b738-fa8bc08274a2","name":"success","isCollection":false,"id":"2055.7773ba65-0225-46c5-8c04-673278536f2c"},{"itemSubjectRef":"itm.12.db884a3c-c533-44b7-bb2d-47bec8ad4022","name":"responseMessage","isCollection":false,"id":"2055.14f99ee4-be6d-4505-8d0d-3a0f3c063a5e"}],"inputSet":[{}],"outputSet":[{}],"dataInput":[{"itemSubjectRef":"itm.12.d34bed30-8320-40b1-a92c-e5f6e411c52e","name":"processApp","isCollection":false,"id":"2055.0ce848c8-3965-4ec6-88d0-629a9e8609be"},{"itemSubjectRef":"itm.12.db884a3c-c533-44b7-bb2d-47bec8ad4022","name":"processAppID","isCollection":false,"id":"2055.87565e58-4f13-40ad-8e99-da8d5f8eab3c"},{"itemSubjectRef":"itm.12.db884a3c-c533-44b7-bb2d-47bec8ad4022","name":"processID","isCollection":false,"id":"2055.9cd70e81-50e9-46ad-8c22-d580a17571fb"},{"itemSubjectRef":"itm.12.db884a3c-c533-44b7-bb2d-47bec8ad4022","name":"snapshotID","isCollection":false,"id":"2055.c9e74fed-0b77-4486-8b48-59d37c2050b8"},{"itemSubjectRef":"itm.12.db884a3c-c533-44b7-bb2d-47bec8ad4022","name":"branchID","isCollection":false,"id":"2055.9b71db0c-b378-4986-89f2-42435760ebdb"},{"itemSubjectRef":"itm.12.c09c9b6e-aabd-4897-bef2-ed61db106297","name":"inputParameters","isCollection":false,"id":"2055.ac7256e6-72af-4b88-8fef-c9e2dc783902"}]}}],"targetNamespace":"","typeLanguage":"http://www.w3.org/2001/XMLSchema","expressionLanguage":"http://www.ibm.com/xmlns/prod/bpm/expression-lang/javascript","id":"cfe36d45-e58c-4519-8341-f466e89c139f"}},"status":"200"}